,obs_id,c,t,centroid_y,centroid_x,fwhm_y,fwhm_x,amplitude,theta,centroid_y_err,centroid_x_err,fwhm_y_err,fwhm_x_err,amplitude_err,theta_err
0,2MASS_J00172353-6645124__2015-10-01__05-06-04,0,0,31.977895201536,31.99187245150508,4.384103179643102,5.231940762980932,14092.396755589787,39.037836416312864,0.07856237123160428,0.0821290128446984,0.1789797489791332,0.22393890437594074,553.6434136831999,0.17115572710241578
1,2MASS_J00172353-6645124__2015-10-01__05-06-04,0,1,31.98209236261529,31.983630106090352,4.40070232592053,5.27822456256864,13199.654769174715,36.32159063517707,0.07635030521022788,0.08150643594767767,0.17545780574273126,0.2220720920729686,505.83062162179266,0.162273305353493
2,2MASS_J00172353-6645124__2015-10-01__05-06-04,1,0,31.980421248105003,31.992570278472854,4.464914881725278,5.310515484773565,15523.571905889168,38.766277746622876,0.05667365605749594,0.059345400426859735,0.12997728010043272,0.16258115833246561,432.6855618495097,0.1248333106517817
3,2MASS_J00172353-6645124__2015-10-01__05-06-04,1,1,31.983239224543087,31.98594322771385,4.471976671870658,5.345809917442403,14624.766162214213,36.81287778557365,0.05563862924747251,0.059162103474631654,0.12828684272135377,0.16209780795475703,401.4174384113965,0.11939003970138322
4,2MASS_J00172353-6645124__2016-09-17__05-06-54,0,0,31.781062656487276,32.03346079885191,5.172038487853059,4.84273094976002,12465.684131199343,-9.051047621818388,0.21424194710898553,0.20053398975146658,0.5739187186494378,0.5206765631497564,1221.1770011299952,1.0904553144228704
5,2MASS_J00172353-6645124__2016-09-17__05-06-54,0,1,32.03227529253148,31.997492201176513,4.992190286539624,4.400810992387309,16243.458878233092,-400.5629572111932,0.1530861628074865,0.1493549996210697,0.4059838472902123,0.3472949054710057,1232.9464469120858,0.46125582290504535
6,2MASS_J00172353-6645124__2016-09-17__05-06-54,1,0,31.806182227430455,32.031426595285836,5.1245649938339275,4.836869041354338,13870.421978511795,-15.416813934185823,0.15641545833131845,0.1486302432677014,0.41480602786557713,0.3824606231315277,1004.4216743083398,0.9304820058023675
7,2MASS_J00172353-6645124__2016-09-17__05-06-54,1,1,32.036734588446656,32.00993753363143,5.093173973497179,4.448598898710337,17564.624479827147,-222.37376674313998,0.10628780020515848,0.10457813123988366,0.28588663011773036,0.24144045338859235,913.4829010677936,0.2970802715533393
8,2MASS_J00172353-6645124__2017-11-06__02-01-55,0,0,31.991053332443805,32.0022431764088,4.026673087076425,4.204787800548676,21104.886962744615,38.73836314232809,0.05636228870631881,0.05695515673110679,0.13364383171580319,0.14027517366238937,688.2078582074394,0.5510155173477008
9,2MASS_J00172353-6645124__2017-11-06__02-01-55,0,1,32.001101709623384,32.000951784961856,3.933540492596558,4.150533480147604,26006.050131697273,39.133718543662745,0.05659550122772797,0.05726637120733563,0.13313234555664083,0.1412407940001937,867.3126863001974,0.45237804707273505
10,2MASS_J00172353-6645124__2017-11-06__02-01-55,1,0,31.99298309399942,32.00357768193814,4.156696839359177,4.349739188478535,22385.922668838077,38.76753278818901,0.04364325580957725,0.04413318527666581,0.10399007210888947,0.10953971866732079,547.2614819847896,0.3974682267886125
11,2MASS_J00172353-6645124__2017-11-06__02-01-55,1,1,32.00362043394533,32.00225815377856,4.068267435091845,4.304281219757929,27153.359269859593,38.33113373246757,0.046545271557596204,0.047215300979732866,0.11008221044097552,0.11732831622451574,720.2277007031697,0.345502475086281
12,2MASS_J06255610-6003273__2015-02-07__01-33-14,0,0,31.98442639269251,31.99176052096988,4.010092539653407,4.128915960694765,39817.28039488105,15.251648308113374,0.047189641270384566,0.04849945984524414,0.11443515452065046,0.1188377838227988,1108.9598585310619,0.6811326074406124
13,2MASS_J06255610-6003273__2015-02-07__01-33-14,0,1,31.984117864246976,32.00508903076125,3.961603218247826,4.060529345738218,40692.01192379377,28.635446030720157,0.04290895057728911,0.043544700919410144,0.10287921705281568,0.10592641713407286,1038.590262779911,0.7473858696415442
14,2MASS_J06255610-6003273__2015-02-07__01-33-14,1,0,31.988211833415455,31.993944565901224,4.1512092098331355,4.271410762804762,40705.27437624347,17.15062540796311,0.03758627690621233,0.03858326940099651,0.09178814834324402,0.09533117276598825,872.3389506109708,0.5395438767477755
15,2MASS_J06255610-6003273__2015-02-07__01-33-14,1,1,31.98641456423206,32.006145833619264,4.103682685226143,4.2119543838120475,41525.14262498653,29.86881432127557,0.03730920658123384,0.03786676929740647,0.08993358245538172,0.09280541944391672,889.4647790447683,0.5990227086216613
16,2MASS_J07065772-5353463__2017-02-11__02-46-03,0,0,31.99455362853174,31.99305890291403,3.8991720683903988,3.9431538917660864,28718.587735995996,29.247745839563173,0.05151860765261673,0.05183943605441399,0.12351730147918119,0.12508718864695145,896.0871160495656,2.003074517483968
17,2MASS_J07065772-5353463__2017-02-11__02-46-03,0,1,31.998853540407655,32.00989778257565,3.9182249462074474,3.8884037854103317,29783.310578526914,-8.617858208969386,0.05285439165165052,0.05245484274324517,0.12811497211008777,0.12696470057950368,951.1115181477516,2.963218734950899
18,2MASS_J07065772-5353463__2017-02-11__02-46-03,1,0,31.995354874260627,31.993212601107068,4.034425193233084,4.104492226096274,29715.311876607786,33.719095979086205,0.04513925992401096,0.045461616246213594,0.10839726789146835,0.11052485165533098,783.6143675945059,1.113899294806875
19,2MASS_J07065772-5353463__2017-02-11__02-46-03,1,1,31.99891838383305,32.011079699669025,4.078063480565488,4.03479130628891,30690.732727430575,-33.28428355988141,0.045486586793938986,0.045289115842641545,0.1103107410372962,0.10902008970186518,813.4551371396626,1.8063898910076526
20,2MASS_J14081015-4123525__2018-05-18__03-24-26,0,0,31.993493427726133,31.992554081788374,5.470591674580733,5.118971599769641,6170.369483383057,672.7360591675522,0.03048411457717261,0.03069240923905211,0.08300514647356344,0.07571225840868605,83.38623899042632,0.16734442612120135
21,2MASS_J14081015-4123525__2018-05-18__03-24-26,0,1,31.987813149172677,32.00353175754759,5.218046845976154,5.092251038118434,7653.986350790357,312.24838491757635,0.03655236292853497,0.036698730781573534,0.09564458129677553,0.09253675803332535,127.71520929748569,0.552964136654047
22,2MASS_J14081015-4123525__2018-05-18__03-24-26,1,0,31.993986082657752,31.99804883668773,5.39132483696528,5.721843663208301,3647.6959024365383,401.7072440862722,0.03387120780422173,0.03419910655863566,0.0862400779399879,0.0940931473251145,51.86709028844129,0.2036889438715381
23,2MASS_J14081015-4123525__2018-05-18__03-24-26,1,1,31.991701072225805,32.006219995876215,5.367090502469858,5.504239313974,4386.4335772541135,3283.8464566142443,0.041011926816598814,0.04111340634218963,0.10576907049198604,0.10964369213050033,77.25174715446494,0.5861703639594157
24,2MASS_J20013718-3313139__2015-09-30__00-10-10,0,0,31.998604104361753,31.99849110892409,4.025021316886339,4.246020895010826,14040.828855784828,-17.50333836169566,0.06194955099686957,0.06498745041541316,0.14991813393159206,0.16058711802266815,510.4772069574636,0.4877735335755557
25,2MASS_J20013718-3313139__2015-09-30__00-10-10,0,1,31.995764990051008,31.996866126634032,4.030847991462604,4.331912820136592,16122.220769146297,403.20921273291304,0.07111752608052699,0.07147178606653831,0.16572748585956518,0.17958474173756253,650.9360462276061,0.41203158686952224
26,2MASS_J20013718-3313139__2015-09-30__00-10-10,1,0,32.00105296275638,31.999882881360097,4.185902735675752,4.346205040409956,14759.609680270169,-11.685186194709752,0.04357427663958721,0.04528122564550283,0.10708107857409464,0.11278628003584018,364.2300084260611,0.4698450815322
27,2MASS_J20013718-3313139__2015-09-30__00-10-10,1,1,32.002650820602184,31.99937833159591,4.470161721622269,4.124966798207375,16923.7183889088,-584.0319950410658,0.0407774517146711,0.04065038235086856,0.10365794467564467,0.09461104726361842,379.58427746227756,0.20689415894575125
28,2MASS_J22021626-4210329__2016-06-11__09-29-34,0,0,31.961623683349494,32.01133227568324,4.204382152630352,4.523234488832466,14444.3684048217,36.76821391234558,0.0941122351324178,0.09647415601313857,0.22305486667786042,0.24331110016791782,746.9501144755221,0.5250037779948932
29,2MASS_J22021626-4210329__2016-06-11__09-29-34,0,1,31.967636118072043,31.99500003585012,4.1617292670575905,4.566259386319914,11291.632226189955,38.379254260368576,0.07655406097696534,0.07846721801375389,0.17920726732532036,0.19973903561609088,474.76067232418694,0.33647537898603946
30,2MASS_J22021626-4210329__2016-06-11__09-29-34,0,2,31.95124152196193,32.0137160240486,4.76232074567516,4.395703343782834,8751.405759002619,-220.90711843563588,0.10862088886000164,0.10743198739513117,0.27979334656751575,0.2543090171163822,488.50911467713024,0.5278277812084882
31,2MASS_J22021626-4210329__2016-06-11__09-29-34,1,0,31.972555436904656,32.00371053438491,4.283037816996806,4.596444264011164,15558.917899565029,38.46219450790914,0.050490163199142596,0.05146988920347095,0.11992023987856826,0.1304289330552047,423.0226068392873,0.2878298231948646
32,2MASS_J22021626-4210329__2016-06-11__09-29-34,1,1,31.971196301802816,31.997390129210956,4.262709604345175,4.683607989961322,12082.109207268575,38.8910469277309,0.0573845387897698,0.05875882780994661,0.1347842929915164,0.15077827744040603,371.161311553857,0.24442237801718872
33,2MASS_J22021626-4210329__2016-06-11__09-29-34,1,2,31.96153292713607,32.01319856590103,4.8390072415621415,4.467465788766305,9587.76511998028,-220.72952826627585,0.07379204694095104,0.07291631985678317,0.19099363582677148,0.17336322613241983,357.3847968990458,0.35594753274055213
34,HD_100453__2016-01-16__07-17-51,0,0,32.04530938640715,31.97858704913081,5.423862988585444,5.241915599719589,67025.57795337852,310.3551564117243,0.04870907140695989,0.048825855326112104,0.13005660535389102,0.1240658108465724,1431.2431560587781,0.5176050219444069
35,HD_100453__2016-01-16__07-17-51,1,0,32.04365117769373,31.985847029854412,5.6548840955714805,5.48710922830354,40859.468540784226,491.24288831712676,0.04975115793337284,0.04977489016122026,0.13490244571384433,0.12912877933806965,845.8716138402785,0.5881327541701844
36,HD_100453__2016-01-21__05-34-59,0,0,31.980989936986568,31.9946636127055,4.267028114491848,4.538955627445712,69467.62408975729,30.25264743473732,0.1171615083560319,0.12132770232815047,0.2823126603111988,0.3049352965708916,4456.193762904668,0.7673096208142862
37,HD_100453__2016-01-21__05-34-59,1,0,31.98282322569491,31.997954861472632,4.367782400683109,4.676784338587948,72652.36710337762,30.050789003642407,0.09129575134348927,0.09501701030196408,0.22099488199908976,0.24127092084173285,3542.5962457804867,0.531541313557225
38,HD_100546__2015-05-04__01-08-29,0,0,32.007164321213146,32.00505360244078,5.26282045480212,5.4020414071995635,121171.24282125139,32.73576139748508,0.027014665389483702,0.027400983566063387,0.07006839984751691,0.0728417221983928,1444.6954097838334,0.3720094342918164
39,HD_100546__2015-05-04__01-08-29,1,0,32.00849849865503,32.00767723093662,5.669271549791986,5.52810787612331,70526.70231684789,125.57746483571786,0.029881304844562334,0.03021619992719751,0.08190192412806283,0.07879831511367316,877.1806781479813,0.41926981808985747
40,HD_100546__2015-05-29__23-49-24,0,0,31.999424475709326,32.00625764654469,3.8475915734820716,3.9097495807942075,170155.21886683942,-19.16323684556334,0.05695405654488348,0.057723194825926645,0.13690832739897257,0.13958817358703487,5953.9161575322505,1.5581189605205674
41,HD_100546__2015-05-29__23-49-24,0,1,31.99528401740804,32.007214621815926,3.834756567339288,3.901406279994504,169520.33219554753,-24.730806878503767,0.05711481550938209,0.057805243376509365,0.13677783154307888,0.13957475063985147,5960.129328643588,1.4614923543942029
42,HD_100546__2015-05-29__23-49-24,0,2,31.99826063380928,32.003588295952454,3.8913860522263923,4.032619068567088,88025.47281495575,16.537765072237253,0.05270898491158152,0.05442498183607095,0.12694352987932575,0.13269278218549055,2817.926767104004,0.6404704665152475
43,HD_100546__2015-05-29__23-49-24,1,0,31.9972504576337,32.00642001755721,4.016963086109992,4.070156826407834,172434.3547563688,-9.883616301118552,0.04814456722721649,0.048801575412590135,0.1172461492909196,0.11934420724934727,4896.414495806232,1.5343968494666511
44,HD_100546__2015-05-29__23-49-24,1,1,31.993556414633314,32.00840940849048,4.004499010667797,4.057951345468556,171630.3906495168,-18.34694968378987,0.048913775569189105,0.04949171083999492,0.11853915873162468,0.12060249893856734,4961.8499436732845,1.560714244527995
45,HD_100546__2015-05-29__23-49-24,1,2,31.999925200531038,32.00199769451336,4.034923088747546,4.19312165320752,90151.2752272266,17.153304562240056,0.042538081023304156,0.04403961174315674,0.10315331318887293,0.10837864313200099,2247.2185107360583,0.4644825729851341
46,HD_100546__2016-03-27__04-00-49,0,0,32.00851111971381,32.0153518432716,5.276190617516433,5.532159913335156,95382.87748725664,23.11153114708232,0.03485189313591138,0.03643505726848855,0.09195274556233608,0.09958679822054654,1465.7691508973287,0.25794679115499336
47,HD_100546__2016-03-27__04-00-49,0,1,31.98487582998753,32.017766730953994,5.375474494423608,5.424693349999106,98066.69399073477,139.0247139800018,0.05307264569181017,0.053294716436109044,0.1383674148768606,0.14023151618383617,2254.1198668493807,2.1046929727365673
48,HD_100546__2016-03-27__04-00-49,1,0,32.010767012706616,32.020019807794476,5.571574710750926,5.788102217290489,56294.774352727116,23.372431809317813,0.024277772509535465,0.02519947062285239,0.06585834641187305,0.0704787191272848,566.0027450679917,0.2166847992409347
49,HD_100546__2016-03-27__04-00-49,1,1,31.987412239079724,32.028813693265626,5.641998608186081,5.741675768307501,58042.730648417746,-4185.345232763542,0.04064589756000217,0.0407854544553093,0.10760165630806315,0.11045925222818483,959.3392277685036,0.8230044687822344
50,HD_100546__2016-05-31__23-41-26,0,0,32.005198005304976,32.00982463042018,5.052563601694407,5.095878206492075,120051.77479316773,24.787373579574112,0.03860034991135162,0.03888407268700828,0.10013512719447454,0.10147823906708106,2155.152332852235,1.6265159880601376
51,HD_100546__2016-05-31__23-41-26,0,1,31.99250764465858,32.01861753334479,5.207361035136608,5.368862441132032,88983.30227963961,30.336612271501878,0.025661859155134175,0.026219829392162594,0.06651028663470195,0.06972870667683957,1021.1108355381307,0.3023692193890987
52,HD_100546__2016-05-31__23-41-26,1,0,32.004119347169464,32.01778069495978,5.343795191363812,5.409719021861705,68865.69084050895,26.650941862922412,0.039877502551685616,0.040310928579680175,0.10566615521676904,0.10783741774461676,1198.2068332863366,1.1405782545334242
53,HD_100546__2016-05-31__23-41-26,1,1,31.998701343115126,32.02035465063038,5.664086483959629,5.4861218552615565,53087.93475536534,122.62938060016158,0.031305995810088964,0.03194388190978176,0.08691227962767743,0.08261031252299617,698.1947254841083,0.3462303952755893
54,HD_100546__2018-03-29__04-14-54,0,0,32.01564071549106,32.01291461847266,5.4002519574057555,5.04923452803657,174780.39058906332,125.13097202070183,0.030243426115731754,0.031144706796028175,0.08347615055266701,0.075857494055196,2402.3652531179664,0.1653344756077088
55,HD_100546__2018-03-29__04-14-54,0,1,32.00503719564159,32.00646097901625,5.011682603819252,5.486457843749006,182620.68131819656,220.3342687555865,0.032005403300864155,0.032626162772280545,0.07839482197080554,0.08885220540015276,2628.3479938274736,0.12982959395719185
56,HD_100546__2018-03-29__04-14-54,1,0,32.015270267838105,32.01835135354407,5.673663340086965,5.346790305591888,104249.70446927508,125.52586788106494,0.03371215526119146,0.03461613198724278,0.09471303547068306,0.08660552350501567,1499.7338222028538,0.20359687205122814
57,HD_100546__2018-03-29__04-14-54,1,1,32.00549241244511,32.013226165590844,5.307712995339941,5.760103962210096,108067.99753930855,220.26575477240945,0.03501066892958324,0.03568008769510514,0.08790055483330085,0.09911195026982314,1600.1124543801052,0.15363475971668672
58,HD_101615__2016-06-02__00-32-53,0,0,32.00558364418065,31.991095861417005,3.956468495737024,3.7572948652555738,249299.9914838864,24.02822237061889,0.06054199956819194,0.05836295318111158,0.14722600674072048,0.1386511595420457,9092.993802363342,0.5051594614331492
59,HD_101615__2016-06-02__00-32-53,0,1,32.00196634968012,31.993066256862065,3.9469851319278657,3.7652899682460825,248929.56868945796,18.73698578181076,0.056108126929134174,0.053928671680654086,0.1362656339345787,0.12880598910952612,8404.541078244774,0.5105237541275562
60,HD_101615__2016-06-02__00-32-53,1,0,32.00627824572548,31.991799135337516,4.069904113532626,3.938023762858335,231088.23053725762,23.31282222224741,0.05251354929405059,0.05123891646202121,0.1281011672942764,0.1230773829266396,7090.434560586071,0.6692646737443853
61,HD_101615__2016-06-02__00-32-53,1,1,32.00259635394351,31.99473324136727,4.069060798433632,3.947448237184537,230039.6626001721,16.724671510336808,0.04995009970926437,0.04860189058169061,0.12198027638193948,0.11739766159452916,6697.6387190264595,0.6853138020869678
62,HD_102647__2015-05-31__02-07-12,0,0,31.99598820955661,31.996761281005192,3.881357876729447,3.899493888548341,3621843.691257359,-221.25959665446405,0.05231361061902804,0.05234785451507998,0.12504926818605946,0.1256762115246506,115322.3556787741,4.940152042387186
63,HD_102647__2015-05-31__02-07-12,1,0,31.999799566689994,31.99684469907706,4.031345926600515,4.051850528912743,3507187.3648689426,11.893999856323385,0.04552761225706923,0.04575393242319987,0.11091722723896062,0.11162831775906949,93817.2443495065,3.7532088388357496
64,HD_102647__2015-05-31__23-39-09,0,0,31.985806485770805,31.997822907129404,3.8801268796531807,3.9668788891721016,6014159.411006815,-1.1622741952825313,0.05164918763013248,0.052887058907161666,0.1249751739719223,0.12865546762334146,189682.7166677063,1.0090399142653892
65,HD_102647__2015-05-31__23-39-09,0,1,32.00962370736008,32.00153140650551,4.026873278133392,3.8274919677861283,6561155.429114056,-7.867766924768465,0.05404887155022835,0.051298993112118677,0.13198326895610568,0.12367583853183725,208329.466390357,0.4431283772261159
66,HD_102647__2015-05-31__23-39-09,1,0,31.989980931910363,31.99792153677988,4.039181005140384,4.124091585650296,5809139.473914547,9.01799100372992,0.044118715776097536,0.045083138345000356,0.10756603720508832,0.1106247333671726,150383.38472003795,0.8844883969131901
67,HD_102647__2015-05-31__23-39-09,1,1,32.01202572428488,32.00236091067337,4.180335867570833,3.9920866450050214,6268396.242902984,-11.004143402532993,0.048190526744194745,0.045993658708403044,0.11876961078227916,0.1117074213670158,171115.76632245426,0.4217924233730299
68,HD_103599__2015-06-02__23-29-37,0,0,31.994170777739647,31.97193031189788,3.970042389259844,3.88420673736026,44643.41566342628,8.005122445377646,0.07998615283777015,0.07819340022646225,0.19446207094634121,0.18892918014695942,2128.616934352175,1.5459534136296906
69,HD_103599__2015-06-02__23-29-37,1,0,31.995007318046575,31.97431543431614,4.088365459529705,4.048810590044178,42588.28078104483,11.765947712902545,0.05749671901724501,0.05692253032339521,0.1405986937159408,0.13866460613430082,1418.7238953921483,2.4394789995974246
70,HD_104125__2015-06-03__23-27-24,0,0,31.992884462559385,32.003460197965275,3.8541089918404543,3.926731891714934,118050.50725685775,3.846871504849509,0.05287636521144857,0.0539321842892457,0.12777664501076164,0.1309110447864432,3835.8854582247013,1.2315348606085406
71,HD_104125__2015-06-03__23-27-24,0,1,31.993009915902284,31.992495546177746,3.910451993545606,4.063326365135142,119272.98296125296,-34.64125921878981,0.0528015480652662,0.05357427204269749,0.12529891535674856,0.1307500192141687,3767.742271776345,0.5967717030858242
72,HD_104125__2015-06-03__23-27-24,1,0,31.9918077787221,32.001475299743625,3.99045208801397,4.0797529974502496,111511.10592166516,14.593917986479282,0.04478562718075877,0.04573718084575881,0.10860614557782594,0.11176894708154225,2962.712096359953,0.8562642078743457
73,HD_104125__2015-06-03__23-27-24,1,1,31.9916340245149,31.991553861200764,4.045721299437689,4.1941373131832895,113452.6995054993,-26.9292077309895,0.043047589847776124,0.04405639715376072,0.10354250457257921,0.10809962241704824,2841.370201345329,0.5035734435824321
74,HD_104125__2016-03-30__04-41-34,0,0,32.00203441945835,31.992957140080726,3.9049162873580756,4.105620082760393,108066.6705808258,33.80538127592087,0.06292749228793902,0.06422137869439301,0.14891113173378026,0.15746816429923707,4061.381257649964,0.543482969391245
75,HD_104125__2016-03-30__04-41-34,0,1,32.01037434309771,31.996767862296032,4.158803386100379,3.9928126509684385,112911.575098649,-42.99488688368363,0.07122297743781546,0.07098382440021202,0.17534493525104425,0.16766588554963577,4665.295827572853,0.7413632183096664
76,HD_104125__2016-03-30__04-41-34,1,0,32.00451591785347,31.996248796534097,4.0357247821599245,4.249831354188927,102453.17024882874,36.706658963401445,0.0497065409953485,0.050506558773187854,0.11781305378467705,0.12487919313143685,2935.10379006795,0.40556000491815153
77,HD_104125__2016-03-30__04-41-34,1,1,32.01097550164744,31.99691875178764,4.304711924897797,4.1154653161523225,106877.36441459101,-944.2016727700159,0.05434554651291417,0.05425162462615643,0.13504175220872425,0.1284053660434599,3265.4144599474794,0.5010747115684758
78,HD_105__2015-09-26__03-36-17,0,0,31.993610117842497,32.003428519416026,3.806867308675817,3.930203917778726,144029.21793967043,-25.20631268137245,0.054221076611779766,0.05540662439923883,0.1293522230735418,0.13421411454075205,4829.826231134892,0.7534621035435899
79,HD_105__2015-09-26__03-36-17,0,1,31.982656574698595,31.995725665409037,4.007122820937344,3.9137464580447685,140791.6471878466,-5.100924232721681,0.05246014891923031,0.05118632396935491,0.12780535603809257,0.12406906025976398,4362.4615135516915,0.9305534285971375
80,HD_105__2015-09-26__03-36-17,1,0,31.994121829877223,32.00467293271104,3.9721343293728486,4.079798344199279,138694.552335539,-16.93990860309306,0.045857439088863486,0.04697717952126263,0.11092189453262198,0.11476555932052347,3787.4254782514677,0.7297679016178739
81,HD_105__2015-09-26__03-36-17,1,1,31.984526229939803,31.99865326776888,4.15189558865781,4.057699726991766,136128.12566426242,-15.367291072877718,0.042190138451485615,0.041306074011802946,0.10345902876637461,0.10051767679307631,3280.256522805385,0.7507297785556843
82,HD_106048__2016-06-13__23-30-15,0,0,32.0026959229116,31.999546989251964,3.9756865163689787,4.186112678285489,26276.36150922274,29.81684050660623,0.06460719547916101,0.06645728785165826,0.15397545004362503,0.1634765169374534,999.3278070520275,0.5348131777824582
83,HD_106048__2016-06-13__23-30-15,0,1,31.998998587999836,31.998872401101742,4.133367269045996,4.480196720885174,17523.04655743562,35.44567060902497,0.08188407266019536,0.08433682153664071,0.19337567584594498,0.21252511885587888,800.6303733427694,0.4187775195270327
84,HD_106048__2016-06-13__23-30-15,1,0,32.00679024094874,32.00256800254837,4.098366554723124,4.33222041841985,25256.87071515384,37.49938360698668,0.04418764501030508,0.044890573486325136,0.10479015160063392,0.11162970365181588,632.1070612898945,0.3318053106638394
85,HD_106048__2016-06-13__23-30-15,1,1,32.00277824603995,32.00125736123939,4.235502492399019,4.604892697340673,17179.13735489199,39.184668938982824,0.05367459953229041,0.054712415693912504,0.12639827955068297,0.1394468780817673,498.48049786275755,0.25926782483019095
86,HD_106048__2017-05-07__01-28-26,0,0,32.00012803534148,31.987417789250205,4.538279492581059,4.369849563129359,17747.188903910537,16.534091650864763,0.08763501918626479,0.08447285694775611,0.22093666221848168,0.2092632784751777,812.281052726172,0.8775101117105015
87,HD_106048__2017-05-07__01-28-26,0,1,32.002347823644556,31.993560015499536,4.188364846025985,4.0878216328618695,29718.737333689485,7.939466502581184,0.05522761585606727,0.05382301391101913,0.13616478144242644,0.1316851607172037,927.8213564601039,0.9136664654079695
88,HD_106048__2017-05-07__01-28-26,1,0,32.00118047075787,31.991552485208775,4.611465771384021,4.508134554921438,17612.808958414505,14.78913792373893,0.06518548892262846,0.06368092836299881,0.16536018982337283,0.1598177624048433,589.3307241046723,1.0728167316246844
89,HD_106048__2017-05-07__01-28-26,1,1,32.00276216489172,31.992887386787277,4.327776184302807,4.232489233029306,28232.35949579466,-3.4656467767965338,0.04198054462330364,0.04094628358997543,0.10464090709198029,0.10128867834132145,648.1321272469622,0.733581201642067
90,HD_106048__2018-03-30__03-48-28,0,0,31.978107459973725,32.007227279960446,4.189767803481412,3.9286724229300787,30535.511133654793,-42.625398564111784,0.08336135001443308,0.08292914855361085,0.20734863483446928,0.19328274758241934,1480.859874136308,0.5497638583016091
91,HD_106048__2018-03-30__03-48-28,0,1,31.986719251915794,32.00187088171911,4.164795037187578,3.909610568372559,33063.31151346413,-37.404483895116385,0.08728864687574467,0.08576819814388029,0.215757553495621,0.20123424343995916,1677.7367721608282,0.5836357646655544
92,HD_106048__2018-03-30__03-48-28,1,0,32.00326767779714,32.008174870775214,4.294213314839026,4.017383553387393,29538.565011457053,-400.71598830638027,0.04180406782161342,0.04135619221014783,0.10439091537231011,0.09691052823338767,699.8382200928037,0.26091094017236716
93,HD_106048__2018-03-30__03-48-28,1,1,32.01207127800025,32.00534435878549,4.26737933040748,3.9896204872195526,31811.76346478003,-37.70891450360275,0.045466605800185855,0.04462603223828445,0.11312793368329993,0.10487756182228906,821.8653271187741,0.2808586991247126
94,HD_107301__2015-06-05__23-37-34,0,0,32.009056582716184,32.00712838766448,3.7557308881081455,3.9305984057805126,131172.24113890633,-23.46906933164657,0.06477560649316283,0.06693359384903476,0.15416856090976677,0.16246557791421293,5318.515582209046,0.6370550418506817
95,HD_107301__2015-06-05__23-37-34,0,1,32.00929933969124,32.00241670811061,3.753397750583902,3.8777246197898094,139901.73910765676,-20.555637022534434,0.05868238586805893,0.060213094621097314,0.14019259671781423,0.14557671258145743,5157.307082194936,0.806693819333019
96,HD_107301__2015-06-05__23-37-34,1,0,32.009985149535176,32.00872416149268,3.93018533605715,4.07939003433729,120160.73685442415,-18.850788698796375,0.055255024598522315,0.05703491667467876,0.1331502800659131,0.13940309955652883,3989.3630166457347,0.6376405323483527
97,HD_107301__2015-06-05__23-37-34,1,1,32.01018959332291,32.002239440570705,3.923877852284487,4.032249431094988,127229.66217793926,-12.868681040568523,0.05219212008140062,0.05357649533252296,0.12629059678092994,0.13066339875600672,4005.3067373972626,0.822198417144774
98,HD_107301__2016-01-19__06-40-27,0,0,31.996504503049362,32.00401589926315,4.367857188029531,4.506429343355117,65790.55550909166,4.960586590047766,0.12551664509190402,0.13004691425176942,0.3135480813971598,0.32873082201835524,4488.300243071436,1.561302402967522
99,HD_107301__2016-01-19__06-40-27,0,1,31.999169059656243,31.98730775669757,4.611102557233175,4.905071032999863,46152.28760592825,-1.744112670899987,0.14564841462655348,0.1568005997243541,0.37155143773822297,0.41103199391988837,3466.8042748552616,0.8763534973530034
100,HD_107301__2016-01-19__06-40-27,1,0,31.99878758164747,32.004488344016735,4.450037539123803,4.6174050253372005,64888.64261235948,16.00645752039133,0.0974082241965709,0.1010397018277651,0.24294482215349375,0.2564181101865387,3362.3743917816437,1.0208514922429954
101,HD_107301__2016-01-19__06-40-27,1,1,31.998843228143667,31.98917462880878,4.6597703506747274,4.975128024094606,46487.67856759047,4.8411209520204865,0.11569454619771363,0.12508872667186688,0.29607933454735597,0.32996481600112254,2743.4515853823623,0.6526374202366
102,HD_107821__2015-02-04__08-27-21,0,0,32.00831758856146,31.999410126177086,3.7672464121275606,3.8119943031129817,77282.47416608215,-18.389167307712114,0.05155742811474443,0.052065923697232626,0.12363187973489506,0.1253068908767754,2499.7445520722085,1.9500497221138668
103,HD_107821__2015-02-04__08-27-21,1,0,32.01133311331658,32.002208823434366,3.949319553470422,3.979260770048647,68801.95659386732,-16.255682845803708,0.05163783206737534,0.05198311273991884,0.12504523341347187,0.12616147056239863,2129.2827641693493,2.9228970249330573
104,HD_108767B__2016-06-11__23-43-59,0,0,32.008218137692225,31.994333336248907,3.873354195372743,3.983135569827757,115864.72638587569,-20.690549455257816,0.05513345224702801,0.0563667830836662,0.13243581086491865,0.1368491494639499,3893.02627748778,0.8597781351248245
105,HD_108767B__2016-06-11__23-43-59,0,1,32.00640748227018,31.994844480739367,3.9242804443954045,4.021568728286974,106563.46046861135,-19.22940516471405,0.05450275213081057,0.05562285553980822,0.13139963708051933,0.1353064960613334,3497.372964009096,0.9584261104247983
106,HD_108767B__2016-06-11__23-43-59,1,0,32.00916136740576,31.9953840368216,4.020807455529032,4.119645012027013,116149.94421918046,-13.046120326571742,0.04473150960388226,0.04578970588074461,0.10881333633171751,0.11220572979278362,3059.6549455474724,0.7733752168794903
107,HD_108767B__2016-06-11__23-43-59,1,1,32.00718662054892,31.99576249626609,4.069910689759953,4.155211099033864,107461.93163724526,-6.4932097769737736,0.043845680595955894,0.04481247478617232,0.1072739261844812,0.1102378780475935,2744.3675678897416,0.8742111679974813
108,HD_108767__2018-01-25__08-46-24,0,0,32.00942692811559,31.988842237446953,3.8554427789348953,3.9724678315250315,126599.94505636323,28.1208165740205,0.0511539392635984,0.05204941855610404,0.12208126574450189,0.12621968274844117,3951.1431076428353,0.7506141771475177
109,HD_108767__2018-01-25__08-46-24,0,1,32.00807988007659,32.006914170573125,3.8848948349925085,3.9819144238315456,128512.40117639779,24.694293667553218,0.056455505026853765,0.05742971726175934,0.13537263337543845,0.13932117174516115,4404.617789546782,0.9974328792659956
110,HD_108767__2018-01-25__08-46-24,1,0,32.010775948880394,31.990926531789924,4.003471537310394,4.1336436062268245,125148.98822305149,30.760451829993166,0.04495147227791898,0.04568323528691988,0.10766415016685053,0.1116403040549652,3301.8904705640534,0.598316148098163
111,HD_108767__2018-01-25__08-46-24,1,1,32.011047973865885,32.008218357381196,4.022550667691782,4.148612432906249,127007.48134750039,27.08250420507344,0.04843999859812787,0.049398265907784566,0.1165475605123993,0.12088460831122758,3602.262020047341,0.6653817837250412
112,HD_109536__2016-04-21__03-19-59,0,0,31.99230375492908,31.987767503477535,4.4280612509943325,4.349316382524223,386437.11766437214,30.597308749546446,0.1031160338393946,0.10209594642066054,0.25522457176391683,0.24959966583805515,21411.02328734874,2.2826132638309438
113,HD_109536__2016-04-21__03-19-59,0,1,31.994112949527796,31.98753200319945,4.380608787798822,4.218696237092713,442360.2028443524,41.342009790366625,0.10017015749060106,0.09961656767326217,0.24862210701560045,0.23814846354671032,24353.974409541093,1.0835772939220132
114,HD_109536__2016-04-21__03-19-59,1,0,31.993515196695547,31.99902826242254,4.474648841917478,4.515450376966645,377334.55782868864,-25.929241295779175,0.06876243644827819,0.06922216708784507,0.17047185198467119,0.17256882208047877,13719.226208279228,2.9613585887883502
115,HD_109536__2016-04-21__03-19-59,1,1,31.996341972644082,32.0068282225699,4.331930935072627,4.441763736718688,433092.2701208281,-37.98202543267756,0.06285952224507024,0.06331489147160307,0.1523154300103637,0.15689517044739923,14756.80717518417,1.0144246705932534
116,HD_109536__2018-06-18__23-28-19,0,0,31.99584504423798,31.991957652231086,4.070492801922967,4.620913428071394,273408.0337951858,-4.6734857255862625,0.09944392790326465,0.1144978566560696,0.24313500875610672,0.29228140954106635,15930.320698302781,0.3270345423825674
117,HD_109536__2018-06-18__23-28-19,0,1,32.00693359298435,32.00326487652285,3.808964221222765,3.90463247682797,586342.4578168009,-32.200060385181565,0.06067839901083436,0.06136660679077121,0.14432488981942693,0.14830999023487915,21955.248675201434,1.0863586001917163
118,HD_109536__2018-06-18__23-28-19,1,0,31.997468701310677,31.99985750076397,4.198816860820854,4.7590471384649184,268479.9197310052,-4.178317460573169,0.07660151155316157,0.08835992014292272,0.1889468570974003,0.22846936133104978,11694.956734554366,0.24849500476412661
119,HD_109536__2018-06-18__23-28-19,1,1,32.0081868011555,32.00379274272078,3.9818413374165162,4.0428371583574805,550931.5879627026,-19.514188248745665,0.05256480284289146,0.05323335396306567,0.12719169118449103,0.1295640579763233,17203.225486357263,1.471258037168226
120,HD_109573__2015-02-03__08-45-39,0,0,31.9940794038054,32.00843273863067,3.732270003611376,3.8311944400052065,203799.46645711557,-31.49834059504399,0.05777638179755839,0.05851009708398996,0.13705327381981608,0.14106906222658933,7412.118685400358,0.9972746684607093
121,HD_109573__2015-02-03__08-45-39,1,0,31.994279860758958,32.01042499928984,3.892793694090645,3.976161439791263,183777.0155090215,-26.2680816237981,0.05202873366299173,0.0527620732966522,0.12469958935759877,0.12786440276770245,5794.293298380718,1.0694830539530047
122,HD_110411__2016-06-11__00-13-20,0,0,32.0005493948714,32.00210405091582,4.047189298629027,4.186055706803287,160302.59767103518,-29.926336996592465,0.06219343354176925,0.06335568684505896,0.14929907085839877,0.15532199788526457,5791.014673113723,0.7784812317464961
123,HD_110411__2016-06-11__00-13-20,0,1,31.98920395075751,32.001875960094765,4.039622948830497,4.114895014905193,281310.2710182556,-25.628130833853596,0.05358986069719944,0.054279371756749566,0.12939292250124132,0.1323503787369748,8815.643436902981,1.226031077557787
124,HD_110411__2016-06-11__00-13-20,1,0,32.003044654533255,32.00514788865964,4.210154768383648,4.305105261665535,152362.25614284654,-13.540383253833282,0.04330898281014382,0.04428005962285373,0.10654191653218464,0.10985288874098217,3713.745507664838,0.7836027612750908
125,HD_110411__2016-06-11__00-13-20,1,1,31.990172292974805,32.00286884304007,4.191484745839498,4.246853995394318,264025.43384043075,-8.93945964537602,0.041834025974314897,0.04242956518412154,0.10301200042165888,0.10498678175519154,6248.022302869032,1.284958260776014
126,HD_113457__2016-04-17__04-19-01,0,0,31.996261553252577,31.998611744661233,3.9473075191334646,4.088673649608724,82493.90661062543,6.977490170222926,0.08681514861501084,0.09007034395318841,0.21069698450721308,0.22065518685271984,4300.645905557028,1.05083748351565
127,HD_113457__2016-04-17__04-19-01,0,1,31.99738763060813,31.995823159452147,3.9544673661611247,4.094954672096006,89229.84230222953,19.63530002208892,0.07382593979841097,0.07600502458053954,0.17796157530925855,0.18576311934457007,3933.7054566504908,0.9046258403646484
128,HD_113457__2016-04-17__04-19-01,1,0,32.01164535185304,32.003287104291836,4.065989979260081,4.196357007244184,77462.6713776289,23.716424859953772,0.05124857617734137,0.05245028943428861,0.12392699445590925,0.12878141826378825,2303.249867162395,0.6807727142782247
129,HD_113457__2016-04-17__04-19-01,1,1,32.00978141642316,32.00049224303231,4.067805683729526,4.235227777878199,83163.8696777749,34.068569436682345,0.051301884648966276,0.052142893490498006,0.12257463450886158,0.1283534278308386,2454.480837068314,0.5349613838333983
130,HD_115383__2015-05-06__03-19-20,0,0,31.962180517822055,32.0327680226821,4.024608207949639,4.244090899899511,951062.2784675974,-38.33314935160027,0.13494590939784873,0.1369725384784324,0.31902245843788163,0.3389729504059747,74078.13985107554,1.0739058015542113
131,HD_115383__2015-05-06__03-19-20,0,1,31.97782747403807,31.999760853451754,3.982406027078589,3.846437737189843,1170101.775335993,28.940901694573792,0.06204385804288957,0.06085828852543755,0.15061160409326438,0.14490767709446414,43482.76935243428,0.7694915920048658
132,HD_115383__2015-05-06__03-19-20,1,0,31.963283123860467,32.03225993094837,4.179286132749398,4.340829951471888,945156.9828084686,-37.324035673402804,0.10223313390916329,0.10356692236740671,0.2449330981710884,0.2562102135084221,54092.16151719556,1.113570364019653
133,HD_115383__2015-05-06__03-19-20,1,1,31.979931591290942,32.00327692363366,4.11582749639692,4.015341370937327,1141990.7463182665,27.220724906567273,0.052672627290728295,0.051882599062203015,0.12844594222684624,0.1248666285569036,34786.26619272124,0.8909134650487887
134,HD_115383__2015-06-03__01-11-22,0,0,31.989950486011345,32.01038869801974,3.7384024774791684,3.840041892584364,1221680.4801021982,-25.06284885416562,0.0627939688797933,0.06395261959860458,0.1495509484323053,0.15425172140616916,48335.57781960522,1.0542000637125197
135,HD_115383__2015-06-03__01-11-22,1,0,31.986790836365905,32.01037871992371,3.904244457448718,4.025504106366311,1169348.828574842,-14.62128626611379,0.05437566786523731,0.05597209784871172,0.13118647591062876,0.13646028833888277,38530.293109761216,0.7672732338416975
136,HD_115383__2015-06-05__01-31-11,0,0,32.009872177636595,32.01092614722953,4.96583590487148,5.011517436170157,627533.3943452388,311.2578291758226,0.049399911462583185,0.049328976505746455,0.12466818811120356,0.12617058455585134,14622.407551887562,2.0179731885224896
137,HD_115383__2015-06-05__01-31-11,0,1,32.01619489319669,32.010734846207924,4.912881315193884,5.037851007332112,577480.996731556,-18.77671740554184,0.05044586957586489,0.051704599601287114,0.13034037485148345,0.1355994402067686,13959.93787914192,0.7250210334885254
138,HD_115383__2015-06-05__01-31-11,1,0,32.00565375879879,32.00896765463578,5.269298222781899,5.317839247937979,319611.296100564,-220.93752386009103,0.05210985941406864,0.05221116263640158,0.13463535925899733,0.1363750094687624,7367.992605689903,2.0693660590363105
139,HD_115383__2015-06-05__01-31-11,1,1,32.01290512633114,32.00873314353902,5.226096656679343,5.338595027495994,296622.7086065179,-18.780798555618112,0.05249747475594793,0.05366059656085079,0.1395502433919999,0.1446751893144181,6973.1123426763625,0.8532326206123526
140,HD_115383__2015-06-07__01-38-47,0,0,32.012279416713845,31.98500948847975,3.4524771348951497,3.935030038276253,848108.991923798,-216.03071728931263,0.2461042586686194,0.25650882701603744,0.5567706617584296,0.6393561429641473,136167.82475631044,0.8769329057752145
141,HD_115383__2015-06-07__01-38-47,1,0,32.01471722281264,31.990451597326167,3.545947523568632,3.9306739801027852,897757.565256497,-34.21890171267244,0.2082600945466161,0.21657359675463705,0.47883485885944355,0.5345615515717516,120508.26509509711,0.9330871237151094
142,HD_115383__2016-03-29__05-49-19,0,0,32.01028715851623,31.995624681444212,3.860211095443822,3.9387621423947117,904832.6081197818,2.65673914358282,0.06382005803707404,0.06518009650601896,0.1543991425371712,0.15828090412263443,35429.506881291054,1.3750605816760864
143,HD_115383__2016-03-29__05-49-19,0,1,31.99376357638113,31.99282199102777,3.858323392936515,3.920028086913059,1244200.92939285,8.684274209920062,0.06350544389063172,0.06453185427389654,0.15335060873054923,0.15641802510615616,48479.28026549063,1.7404917197402334
144,HD_115383__2016-03-29__05-49-19,1,0,32.00927345236262,31.996323045272508,4.0098699637134425,4.096536510483188,885691.5496250555,16.52425043430808,0.052374272696087625,0.053386539333408305,0.12708731274591564,0.13048280166383258,27371.74186135025,1.0334962314121419
145,HD_115383__2016-03-29__05-49-19,1,1,31.993425023222677,31.992268703784074,4.002416239997707,4.070210130267608,1218668.7971963002,21.329536690570436,0.052005380235719934,0.05270183180644827,0.12573750344029513,0.1283344344511482,37441.949016635765,1.3130324024201863
146,HD_115383__2017-02-10__08-50-22,0,0,31.996622463465506,31.99766568172855,3.737046945738814,3.7696671784925324,1373914.241327245,2.908163618074055,0.06325578814986278,0.06383068245936598,0.15203790019273192,0.15366188703014236,55016.25558184949,3.2569716383281784
147,HD_115383__2017-02-10__08-50-22,0,1,32.00487479556469,31.990602126751973,3.82313571333792,3.864439245324472,1134001.3194104678,-12.204310521977678,0.05609566386647771,0.05666704064870517,0.13515418700240475,0.13684414608900355,39364.41547857726,2.2924762264102645
148,HD_115383__2017-02-10__08-50-22,1,0,32.00035631077016,32.00232320194595,3.882248734948697,3.9558907738538216,1263283.6346627781,16.023343653001707,0.054401643095662575,0.05533316915945271,0.13116293791817926,0.1342284036949483,41870.80383812966,1.2565372881804056
149,HD_115383__2017-02-10__08-50-22,1,1,32.00060096403796,31.99400598811147,3.9618946352187416,4.037606427520419,1063483.2279196756,15.884309236040394,0.050204837230435714,0.05107424613007666,0.12153672522175392,0.12440749502784132,31888.23559355168,1.1302569482730742
150,HD_115383__2018-04-13__04-58-18,0,0,31.995889738342424,32.00142572047732,3.742926679450767,3.8061682975224636,1332448.8888757513,-4.263741723023788,0.054199498032512936,0.055151991809504176,0.13028111583615581,0.13301404482991422,45658.36352458628,1.4458610499700442
151,HD_115383__2018-04-13__04-58-18,0,1,31.99320647820349,32.00247412923774,3.7606690485096474,3.811553590990546,1354386.107698245,8.706120459504588,0.054212233860181126,0.05495210175051115,0.1303051554960274,0.13250882895324742,46191.92420851025,1.7967707380566509
152,HD_115383__2018-04-13__04-58-18,1,0,31.99690659405632,32.00119326830538,3.9096552158891953,3.982028715709536,1285244.6252616805,9.355627258485075,0.053062562643331326,0.054059353821741464,0.12845735366369485,0.13151825494855665,41307.90522880023,1.2432232344191523
153,HD_115383__2018-04-13__04-58-18,1,1,31.99365284203639,32.00338541472239,3.914570650420407,3.9863059561780294,1306266.1008725383,21.292541433865278,0.0530111413287721,0.053781845628073414,0.1276161203331777,0.13047382230260032,41806.27095164204,1.2618677821636393
154,HD_115470__2016-04-01__05-36-30,0,0,31.989028174715592,32.00474984519558,3.900024292533466,4.109685322098016,82386.95534701938,34.32149613990698,0.06726994782790058,0.06868076432387078,0.1589476257250357,0.16857316278789786,3310.8071040297764,0.5564176131211397
155,HD_115470__2016-04-01__05-36-30,0,1,31.998348133519777,31.999839233117942,3.8841901568770707,4.139973409112382,80287.57614440254,37.68704061321085,0.06542772705472998,0.06657178544959312,0.15330189749349724,0.16445891325285922,3126.544111105306,0.44361524799765883
156,HD_115470__2016-04-01__05-36-30,1,0,31.989739801556546,32.00503236815186,4.043671869782008,4.262042252288684,74662.03542943804,38.75204199330982,0.05277693876320236,0.05345714657597349,0.12479541538740221,0.13241176846144703,2261.9603890636313,0.422217773327942
157,HD_115470__2016-04-01__05-36-30,1,1,31.999549671825772,31.999720288981067,4.031041654894282,4.285244286108718,73229.41428054038,42.5823902096692,0.049549227717071764,0.049830021514325626,0.11615696064544814,0.1243304077529137,2072.4713871261883,0.3397864052795263
158,HD_115470__2017-02-08__08-45-15,0,0,32.00341296975011,31.998431268895327,4.899540582907316,4.947703565762679,42050.67970860055,19.051209450413467,0.05748044883266577,0.058016313294179556,0.14841852386087317,0.15065847568245927,1163.1885954418055,2.1220207523345715
159,HD_115470__2017-02-08__08-45-15,0,1,31.997469904922994,31.998617360141054,4.883231563253265,4.931091013427006,43709.620741636274,30.881747223010883,0.05806296750585753,0.058398505515426205,0.14727878774472913,0.14928533467133562,1223.7291640571332,2.2178294700919516
160,HD_115470__2017-02-08__08-45-15,1,0,32.00958503206522,32.00014611332193,5.205938537801238,5.243531687918522,21531.21314640646,23.1296944760418,0.05825741611534957,0.05859878994745582,0.1535784924590688,0.15528506010318302,564.3661315212767,2.8427709493736995
161,HD_115470__2017-02-08__08-45-15,1,1,31.999570825064936,32.000891563157374,5.192485770443089,5.236403146708242,22238.735802237825,759.9550335697409,0.05839153602828881,0.05850875905585207,0.15012367180000014,0.15187807671493903,584.6040288650055,2.539924743858388
162,HD_115600__2015-06-04__01-05-14,0,0,32.01345080465356,32.010225022826646,3.8346405444408744,4.03454793665487,46532.67402886502,-22.980995421738783,0.07858300420290713,0.08159704295334332,0.1875931672706328,0.19917305208658317,2242.1736449053783,0.6796047993104632
163,HD_115600__2015-06-04__01-05-14,1,0,32.01532814367241,32.011760703804754,3.9981984272914546,4.163612130529489,43561.77713730139,-17.233904939296803,0.06171534310330916,0.06399468243646059,0.14941786698669776,0.15729285370053672,1589.2610536267894,0.6445697152890251
164,HD_115600__2017-05-08__02-57-36,0,0,32.00418188040381,31.993178179999603,3.350305757708879,3.3934042813653407,52022.99026855151,1.7924032377858536,0.14816136323546883,0.15008687014074645,0.3514996833278269,0.356378411493234,5429.253850681773,5.770873220585133
165,HD_115600__2017-05-08__02-57-36,1,0,32.00602950017661,31.987793347549026,3.410201881371978,3.481405866577923,53219.68458992951,-328.34877733572955,0.12141191603113702,0.12255577842799358,0.28604678281216334,0.2922058046388727,4447.5310831683155,2.876036467921592
166,HD_116434__2016-05-31__01-33-30,0,0,31.988778130144862,31.967468686407468,4.232406444914098,4.016222609693967,18988.22336160586,-401.0373083371277,0.0856781452792058,0.08496968468580716,0.21210058086323438,0.20010580250158172,930.5053772515341,0.6838832579393482
167,HD_116434__2016-05-31__01-33-30,0,1,32.00024221138554,31.97762952961606,4.003452897310187,4.044065210613591,68091.8696031503,-11.114332739108038,0.07353725841198121,0.07425079859253833,0.17889361506775966,0.18100479347128548,2961.94980852415,3.0645164152882267
168,HD_116434__2016-05-31__01-33-30,1,0,31.995723003056284,31.99309729056518,4.080626899379257,4.336230899854427,18102.710846912487,223.8669480144095,0.04404241595307159,0.04415658439578523,0.1032970818789402,0.11056147881875858,449.3107841950886,0.30093529404268277
169,HD_116434__2016-05-31__01-33-30,1,1,32.0118816581235,31.99348052446203,4.099100860848279,4.17948913787892,64886.043643394776,26.537188219468273,0.04594739046781763,0.04651921901418216,0.11123530606527449,0.11378312281764785,1717.1384180485948,0.9881367992606258
170,HD_116434__2016-06-26__23-59-43,0,0,32.01109269406636,31.99895283498145,3.8351384037905034,3.8947837063251396,78597.64189706843,24.250065768403456,0.0571904393437544,0.05780273047913992,0.13708574913919014,0.1394843820893844,2767.3724797892814,1.633636296594022
171,HD_116434__2016-06-26__23-59-43,0,1,31.991914914331094,32.013004490533504,3.950993782531588,4.010502267373342,73792.93057924128,-39.776241056413625,0.08546616197023701,0.0857460749080889,0.20412079469903538,0.20752165809726664,3758.005827718949,2.474910473679709
172,HD_116434__2016-06-26__23-59-43,1,0,32.00836877365848,31.998715980779973,3.9879383206855317,4.057071171455247,72847.36962849922,43.108609596086104,0.04570946756788939,0.04575729022634118,0.10906102155798128,0.11111717896251731,1961.634887841891,1.1418120840981174
173,HD_116434__2016-06-26__23-59-43,1,1,31.97470305187866,32.010085040080355,4.100644182610614,4.080582308775236,69999.96668503611,18.702044039799794,0.05070912106647772,0.05053056901381332,0.1236197662670968,0.12308425839384095,2052.288595685438,4.287153819623358
174,HD_116434__2017-02-07__08-36-46,0,0,32.0047806518037,31.99493819699913,3.815339151785277,3.7974373439199507,89998.07217067573,36.48520361129624,0.052862841467548424,0.052780023292190725,0.12661650062954405,0.12596020458804086,2954.965226311546,5.024541836917089
175,HD_116434__2017-02-07__08-36-46,0,1,32.005208737959535,31.997277604047525,3.746867770694067,3.79906624148613,94520.92553683817,-17.582810295763174,0.053341538549195607,0.05397192694152321,0.12781145066277802,0.12985487956302783,3179.8506570282184,1.7297627911145272
176,HD_116434__2017-02-07__08-36-46,1,0,32.00567918652892,31.99443541350917,3.9598053525174097,3.9755853565255337,81892.61550890966,48.51918502299359,0.05100982516630974,0.050973633192088925,0.12223215207090607,0.12276988616008168,2492.27206161353,5.55963223028897
177,HD_116434__2017-02-07__08-36-46,1,1,32.00370313859323,31.997109192237083,3.927445383769393,3.9538583588502805,85633.65567223135,11.60185141953056,0.053331857092462805,0.05367788741955752,0.1292089799051148,0.13025690667943474,2752.989434289183,3.407455774193679
178,HD_116434__2017-02-09__08-53-33,0,0,32.00127037962407,32.00283726030594,4.8886044179561425,4.961406389010237,40002.23604537313,46.21936800302102,0.056752333361621735,0.056712811884095965,0.14202443075954693,0.14474363742620788,1086.616350977519,1.4474420302599187
179,HD_116434__2017-02-09__08-53-33,0,1,31.99977876046611,31.99770778530102,4.968739815382355,4.887843669371729,27568.593756671773,126.62154321511356,0.056536837293244116,0.05686341144999502,0.14535424440160646,0.1422397156943092,748.0191237443343,1.2941011572279257
180,HD_116434__2017-02-09__08-53-33,1,0,31.999752522142842,32.01035049702277,5.262939628614843,5.189167051220015,20566.020555907275,-402.6497553159247,0.05887693234404514,0.05883033894561562,0.1534488491979532,0.1505239203796984,542.7920418371293,1.526683450014899
181,HD_116434__2017-02-09__08-53-33,1,1,32.0035435938826,32.00266360897764,5.260293142873004,5.176913694985046,14199.780353476977,126.34237742927078,0.05849368434658815,0.05885311231566294,0.15376903330946287,0.15034743555871916,374.269333471875,1.3358369833848853
182,HD_116434__2018-05-13__03-08-58,0,0,32.00686778893564,32.004821961717695,4.853867361145767,4.96774708720833,46889.62366878465,32.09046665042125,0.05705197724013356,0.05776360356330605,0.143736094397262,0.1483579118744779,1292.5511580471339,0.9220022004667496
183,HD_116434__2018-05-13__03-08-58,0,1,32.01145497805138,32.005648258556235,4.854497358593618,4.967390881071978,47395.37614636821,-146.6795766176322,0.057527951049507614,0.05816312279011135,0.1447085117142121,0.14925168778242384,1316.2443421819055,0.9394435629575092
184,HD_116434__2018-05-13__03-08-58,1,0,32.012349319840716,32.00558734682982,5.1704195022027335,5.260659042866205,23972.168162185117,34.06286379370033,0.05839035873036081,0.058854957489429406,0.1503975513276304,0.15414764590956465,631.4448465861359,1.2269515090312662
185,HD_116434__2018-05-13__03-08-58,1,1,32.015167301228594,32.00600068787416,5.264456510377459,5.1688042505882565,24242.169408080787,125.30364211890706,0.05859285054253216,0.05902241551247053,0.1545184383189079,0.15058333523393422,640.3386712173174,1.164580190710805
186,HD_118100__2016-06-27__23-49-18,0,0,32.01111208505844,31.98690989590974,3.8970423053997374,3.9814167183023823,113212.93240713375,13.785459264851212,0.062354704090275354,0.06360588937579201,0.15064540071069224,0.1545224292943006,4285.634398249158,1.2573293446491476
187,HD_118100__2016-06-27__23-49-18,0,1,32.01252100395641,31.98559317323112,4.052279472975121,4.103433174559161,85031.10513547527,11.901715213010245,0.068533288729859,0.06935515063439453,0.16721146257105213,0.16970310156149293,3405.8105590523655,2.274617566138783
188,HD_118100__2016-06-27__23-49-18,1,0,32.004915628123776,31.989187659254092,4.0539118426731635,4.117101199879227,117939.72663451375,24.94410280347171,0.04155606628043324,0.04199521334889351,0.1005383369427911,0.1023600801012589,2857.0619036220132,1.1306997022020149
189,HD_118100__2016-06-27__23-49-18,1,1,32.00899888877962,31.986145493860665,4.182820585201052,4.243807854212319,90193.65011785502,33.664882456607856,0.04433410128804614,0.04458371773054682,0.10729184007513927,0.10904469869938684,2255.3376788140595,1.2671077363094312
190,HD_118588__2015-05-15__02-41-39,0,0,31.989263114064805,32.00128062311169,3.7753704218805177,3.869214286847511,59256.42438598678,0.025149708116340035,0.053455004317451815,0.0548625005277843,0.1286877718527356,0.13276008737468137,1986.7083701741876,0.9652158654512486
191,HD_118588__2015-05-15__02-41-39,0,1,32.00718114026179,32.000638456834864,3.8007363920656765,3.8590271428254717,58637.41843426738,-8.154783764759756,0.0488766346751002,0.04963069170887787,0.11777006455181727,0.11996302896257886,1784.477410157196,1.4160502026972097
192,HD_118588__2015-05-15__02-41-39,1,0,31.990205323291676,32.00457770718179,3.931212392449441,4.035089882275257,54049.47732882189,6.40311137882969,0.049301337038938214,0.05067631932204091,0.11954955377802949,0.12376583942443649,1606.3547824467555,0.8077053329753849
193,HD_118588__2015-05-15__02-41-39,1,1,32.008155663643365,32.00328060116628,3.963730328181942,4.035482729880728,53201.13108607904,2.319034975193516,0.04810746377735753,0.04903713363635457,0.11704742322055721,0.11980424029952946,1530.1458948679597,1.135288551251304
194,HD_118697__2016-06-02__02-08-17,0,0,32.00034028221671,32.00162220213409,4.026463677864497,3.9012071773090082,27973.577045336446,-2.8912067941882,0.05521539345676267,0.05338990303948852,0.13480481976531933,0.1293961373511101,907.4410429906443,0.7266116127531647
195,HD_118697__2016-06-02__02-08-17,0,1,31.973794623235698,31.987304375439454,4.509326880514922,4.250836972446436,4814.640490900977,-39.9278633772707,0.08324743966110557,0.08230746022777313,0.2093754093432694,0.1955484982493497,215.55919899487802,0.5647146137387641
196,HD_118697__2016-06-02__02-08-17,1,0,32.00243641378675,32.00003063746126,4.1497572308564665,4.061844971526992,26092.808524152155,-10.877900932196965,0.045124292765195334,0.044154708390408554,0.11087629099768662,0.10775898474130272,672.1057749992378,0.8567496790358687
197,HD_118697__2016-06-02__02-08-17,1,1,31.975124675307722,31.99166215576865,4.609717148536253,4.344363020887327,4587.706693893775,-763.2811933411093,0.0628138434056999,0.0625919875888489,0.15941101895000992,0.14872296527331627,152.16995119720596,0.42054184719530635
198,HD_122705__2015-03-31__05-47-53,0,0,31.99378682677125,32.00906866244891,3.900357557035966,3.968223484238082,50647.065289139064,-22.32730456864092,0.07811122950813756,0.07915888663441999,0.18783273375408444,0.19183237081925913,2396.705665895891,1.965094423890855
199,HD_122705__2015-03-31__05-47-53,0,1,31.99974124899878,32.00116660058912,3.810725399491536,3.878817728215071,53673.92812202077,-26.72530199641375,0.05224879704643244,0.0528345183044812,0.12486839966438364,0.12740089148324563,1735.8170032908954,1.3088547684496306
200,HD_122705__2015-03-31__05-47-53,1,0,31.99368044778252,32.00494198460708,4.027212716520483,4.092831659479802,46461.80214788972,-16.61625090087031,0.0554963679580395,0.05632690480360275,0.13475882681556203,0.13763123453210277,1515.6966223033955,1.4434938044684422
201,HD_122705__2015-03-31__05-47-53,1,1,32.000197178816485,32.002035136955236,3.971078496355752,4.025134281034071,48557.07065029699,-20.658814868377075,0.04710921082059655,0.04762755589364712,0.11384005961798996,0.11573641887135357,1362.4744570896403,1.4873071869127454
202,HD_122705__2016-03-30__06-08-16,0,0,31.998327712295485,31.99937065882678,3.9392747293215464,4.244896043714784,45874.17835238549,-134.10262136688866,0.06640135696055173,0.06623430890426825,0.1534197814923819,0.16654737210973938,1760.013239219941,0.37533869051788077
203,HD_122705__2016-03-30__06-08-16,1,0,31.999194763939833,31.99822947637716,4.388821349672425,4.067859369723187,42104.34166148748,-403.68945028335867,0.05104898140351622,0.050852130452248415,0.12892183434627866,0.1183816126327232,1201.3178864728038,0.2770995762440334
204,HD_125451__2016-06-12__01-39-47,0,0,32.00521111718629,31.995367562363704,3.860476315360827,3.9848406591572787,609895.0718477189,-16.289545732428067,0.055015385733723464,0.05659381104487544,0.13239091124094185,0.13756195599629126,20540.983995550483,0.7568793182593583
205,HD_125451__2016-06-12__01-39-47,0,1,32.00494428080644,32.00447861528921,3.9256215221130506,4.0732185202632225,536033.6210517463,-30.961521455425512,0.06402225531886288,0.06522815742172625,0.15263222140750168,0.1591728226234493,20510.773088569164,0.7499912457515293
206,HD_125451__2016-06-12__01-39-47,1,0,32.00554762461356,31.996673164603145,4.016392107363899,4.122744928837086,585272.1387661819,-7.455240672113386,0.044856473711738405,0.046093845419546184,0.10934000899609393,0.11313845467205438,15492.98922237307,0.7191938528555942
207,HD_125451__2016-06-12__01-39-47,1,1,32.004923932168126,32.00695817748012,4.086870267403136,4.2007173656569545,518024.5828041008,-25.49615872832669,0.04913899331394756,0.05008165590030597,0.11882406492449608,0.12287580413425947,14693.755444272567,0.7479776823789439
208,HD_128819__2016-04-17__06-04-03,0,0,32.00047085265158,31.991846388406348,3.9007109149859858,4.0657212054855965,77415.20631462347,-4.358784166155681,0.07546202712574601,0.07883700187771854,0.18282542454793496,0.19286117857490256,3550.779341554586,0.7839785944542459
209,HD_128819__2016-04-17__06-04-03,0,1,31.988325559028446,32.004128637148554,3.963057712821485,4.071458056400888,65917.43552025061,12.308098297782935,0.07061544794008595,0.07252562839391513,0.17113259097339073,0.17731168063948896,2781.4139775322483,1.1127410618661377
210,HD_128819__2016-04-17__06-04-03,1,0,32.0088595662493,31.997227253651257,4.04663778109961,4.184872239138872,71399.88515164713,12.137605166878068,0.05553035915598473,0.05740310157780876,0.1353006709685865,0.14133834386569402,2320.752070827699,0.6900357492879196
211,HD_128819__2016-04-17__06-04-03,1,1,31.99612196511304,32.00647854069079,4.099409274014959,4.213536399849267,60881.00773122083,34.69469304813719,0.050509260523629945,0.051059903270336104,0.12122525968403249,0.12512846478148282,1762.3915956189433,0.7713596199852496
212,HD_128819__2017-03-19__07-35-26,0,0,31.98919560487141,32.00053020202647,3.827780968796896,3.9414807900685096,88507.83799378197,-21.288716170480708,0.0621138360023881,0.0635584549269595,0.14874336649703435,0.15402809767207593,3388.6291589808643,0.9346328076636441
213,HD_128819__2017-03-19__07-35-26,0,1,31.976351955342388,32.00666595147754,3.858462715582728,3.949520488585351,83397.86470252945,-1.0686595212096766,0.055296370567554196,0.05670647738341105,0.1336000682578183,0.13786130882234535,2831.9557700579903,1.0296835832634155
214,HD_128819__2017-03-19__07-35-26,1,0,31.991001705838105,32.000793542504205,3.9875550975573777,4.088466524664671,79906.48572913128,-14.165444985432401,0.05267948495696866,0.05395487192154121,0.12773732320162756,0.13195099584474743,2499.103861132015,0.892329644511146
215,HD_128819__2017-03-19__07-35-26,1,1,31.977011179334685,32.00853181616053,4.009691532427749,4.103758549343765,75663.6297102894,7.600906395778197,0.04719176227936933,0.04837672364032075,0.11484916586186687,0.11864878365512242,2111.1953356217964,0.854190469059816
216,HD_128987__2016-06-01__02-51-53,0,0,32.01081304195138,31.988824471880047,3.89880145840795,3.9656515472139957,122595.90265840391,-6704.102658481831,0.06058550627956547,0.06059913546068293,0.1440248178210339,0.14667414164033868,4472.583062897333,1.556045411442864
217,HD_128987__2016-06-01__02-51-53,0,1,32.00172036600137,31.983434369358214,3.9818736447573144,3.9061066835551745,214578.65209578682,35.29687735834407,0.055923614678818054,0.05552831244411257,0.13532660131627305,0.13245081425965569,7178.509081243159,1.2598215993204152
218,HD_128987__2016-06-01__02-51-53,1,0,32.011171076904944,31.992679834089934,4.0618657177173425,4.1031135742149365,121430.89400808033,-27.218844964112762,0.04890186573505427,0.04919666656699863,0.11830481837700267,0.1196433039505094,3456.3189527783684,2.0390423927529064
219,HD_128987__2016-06-01__02-51-53,1,1,32.00279512679554,31.985049770200064,4.1092440438063536,4.07120058431787,212316.96335197863,945.7943432877184,0.04547090343676043,0.04546745620634808,0.11027732891365995,0.10916026166596153,5591.858132467316,2.071350715393084
220,HD_131399__2016-05-07__04-28-37,0,0,31.99893474661596,32.01424532486751,4.933263454771719,5.039649118072484,39793.72570442225,13.774309677653395,0.047973524465250356,0.04916771129951621,0.12500577703992855,0.1296673734474309,912.8320411676158,0.799051284218247
221,HD_131399__2016-05-07__04-28-37,1,0,32.001453378749275,32.01056166177429,5.168462458301927,5.3057083091015835,20174.134834995333,14.34515610454535,0.07607924141868937,0.07844516269076962,0.202496708755389,0.21217264339178585,697.21231210164,0.9996142457287918
222,HD_131835__2015-05-14__04-10-05,0,0,31.99922493180588,31.990377696403566,3.823094573020777,4.080173829812706,46090.106231311525,-41.605710873972626,0.05432103238666341,0.05476056531519623,0.12629477496617317,0.13548294730313706,1505.5106806681504,0.3638785198163691
223,HD_131835__2015-05-14__04-10-05,0,1,31.999942406301727,31.98827795843414,3.7618082802900137,3.823727397418113,50008.747116321574,-19.49970873635828,0.05319959862061182,0.05390493056919865,0.12739096037816788,0.12977447004367765,1670.492767430683,1.4571428559372261
224,HD_131835__2015-05-14__04-10-05,1,0,32.002406647049035,31.98926336925398,3.999825054825801,4.220378160623168,42232.66402572245,-221.33813196796726,0.04638170789085466,0.04671572685552931,0.10910270153586892,0.11576470826613247,1132.858051316527,0.36567704322718686
225,HD_131835__2015-05-14__04-10-05,1,1,32.00132305933128,31.989152303823502,3.938554848597422,3.9843760376285893,45489.12836121491,-5.953977014201205,0.05217762074717336,0.05280250430440278,0.1266646223234164,0.1284779674793293,1427.2798925889686,1.9211514349404966
226,HD_133803__2016-04-21__05-24-48,0,0,32.000555697085176,31.980802214094403,4.626846248606598,4.899378923921561,22184.042907656385,-38.36186907609682,0.1122653556658415,0.11395478982041705,0.273176474722854,0.29355615966783405,1245.1428154156254,0.7554965660682574
227,HD_133803__2016-04-21__05-24-48,0,1,31.995052943958466,31.991097795038627,4.656500600690007,4.768564213133146,23472.082917652566,-18.665674621833247,0.10014097712148295,0.10241344257051845,0.2532098719214169,0.2622653881923398,1193.1989713197956,1.5784974889316874
228,HD_133803__2016-04-21__05-24-48,1,0,32.003538501649345,31.988398061211125,4.738949049913834,4.971623363432244,21680.913933349537,144.92871894425346,0.09113250688266732,0.09289725385669134,0.22523615156943688,0.23981366022219608,970.0153619613885,0.7231753318409248
229,HD_133803__2016-04-21__05-24-48,1,1,31.997548591749656,31.99090355163402,4.763672061638245,4.863504612697941,22757.82962718933,-14.102344423259394,0.07911464055768674,0.08086725043697221,0.2029743381213605,0.2096652010971201,893.5491799798297,1.3922499548727154
230,HD_133803__2016-06-28__01-37-21,0,0,32.000304794920154,32.00485201131506,5.0667883460871055,5.274660720091047,20507.592375113894,28.507434171229097,0.03255356307615086,0.03349574169600763,0.08351767922976276,0.08873526117796986,307.3042457531934,0.2942749338688129
231,HD_133803__2016-06-28__01-37-21,0,1,31.990133761961406,32.010627999972534,5.1666202600533175,5.280891526819324,18314.003055533347,-124.92594604395441,0.03234866110105008,0.032076930523720106,0.08235835366252849,0.0849182804935903,264.7594278550701,0.5337987777663629
232,HD_133803__2016-06-28__01-37-21,1,0,31.999433381652274,32.00711976556993,5.35578471540774,5.563723944966967,10764.294445594278,29.21457363669147,0.03704267979569456,0.038075054576151415,0.09722390000217784,0.10330938190412663,172.4072986925492,0.34410663552959203
233,HD_133803__2016-06-28__01-37-21,1,1,31.995813264006586,32.010090517609314,5.559404487698871,5.448876403814737,9713.103179918931,-396.8031127819084,0.0349768221250173,0.03474847536646088,0.09373610819822055,0.09100385670892008,143.09282629875017,0.6169994326825369
234,HD_138204__2016-03-29__07-23-28,0,0,32.00767833356194,31.99322353407146,3.943821145672913,4.070200763218457,187114.0294300036,8.549289424995361,0.06737740987181876,0.06958009099517745,0.16348571787412544,0.17017385483832187,7573.363350706747,0.9107433192376115
235,HD_138204__2016-03-29__07-23-28,0,1,32.00639375812551,31.998575965060773,3.905716630991739,4.003381758144849,221846.89304709597,15.134290345935623,0.06315686056568559,0.06460487989015626,0.15249367215252593,0.15718107612025395,8485.460462736024,1.1033555819521752
236,HD_138204__2016-03-29__07-23-28,1,0,32.00750062086494,31.996158936887834,4.083984215864769,4.217824006948608,175413.99569330303,15.42257807798826,0.05231156358108878,0.053910127948547,0.1274646779392191,0.1328734546598302,5317.746555016817,0.6732083766098088
237,HD_138204__2016-03-29__07-23-28,1,1,32.00715646506171,31.998056735536238,4.037999051673783,4.150590781723945,206853.5894995244,21.94137188927724,0.05016718252318646,0.05125138443271038,0.12136381217971202,0.1254987322710023,6069.24183474797,0.7680944757189846
238,HD_140840__2016-04-21__07-08-29,0,0,31.970818098891943,32.00943305010709,4.87833055011781,5.538528327851573,14040.912566703257,-18.131347952063223,0.13068475467462526,0.14952270289703132,0.3337095228999566,0.41435398518338307,883.8820110257313,0.3789567125932988
239,HD_140840__2016-04-21__07-08-29,0,1,31.979634538471796,32.00185580003958,4.930965249826098,4.4989365123801,26176.9179141601,402.453251119955,0.11394147744486581,0.11294869301332677,0.2988111456995568,0.2669190734263724,1488.2495662513375,0.476322357980904
240,HD_140840__2016-04-21__07-08-29,1,0,31.97799422365434,32.007563812216574,4.942242095669855,5.5715225479216315,13867.186173211794,-17.067390037441747,0.10782409978381617,0.12293965735170341,0.27779342686857833,0.3420974728851182,711.6152568863963,0.327458588640553
241,HD_140840__2016-04-21__07-08-29,1,1,31.994597061779555,31.99757494806068,4.558999027847997,4.941334039946236,25589.091900791238,1214.0882354690461,0.07594599499041602,0.07572278280165223,0.18004687148943538,0.19894014989738162,965.0306020153009,0.36143052614861465
242,HD_141190__2015-03-31__08-08-20,0,0,32.00147489835263,32.000899604438985,3.821411513791022,3.9427074299714775,56457.86355922639,-16.79018081870137,0.05363200696073584,0.05513135377237065,0.12878078514852911,0.13372880701623932,1871.9712189235063,0.755771532776407
243,HD_141190__2015-03-31__08-08-20,1,0,32.00104976527873,31.99974719594984,3.983239231205213,4.086377478874047,51263.8237035065,-13.292292738414332,0.047806481510995175,0.048999550266120864,0.11598999996304786,0.11984663088922434,1456.652228086269,0.7919975256989595
244,HD_141378__2015-06-05__03-13-45,0,0,31.980492557495467,32.00695207318931,3.7743766347348187,3.8667120602237786,324017.318591538,-403.56634186677,0.0521356156596326,0.05221909715679996,0.1230782315670798,0.12627867818223804,10470.020255311638,0.9639615271881158
245,HD_141378__2015-06-05__03-13-45,0,1,31.973010813145308,31.99185672610638,4.283810637547682,4.538773043744707,132392.8749792931,22.611002656315183,0.10828166560207879,0.11347478336117882,0.2641587802922985,0.28550816868757994,7883.384723464149,0.752357180822187
246,HD_141378__2015-06-05__03-13-45,1,0,31.982091737973036,32.0100145812984,3.9538346345847186,4.013206018502424,301760.40100056306,-38.580402500854866,0.047911943834861824,0.04810502476491203,0.11448043452906018,0.11640520460580511,8612.408730517038,1.3901475818668856
247,HD_141378__2015-06-05__03-13-45,1,1,31.9715552817474,31.994187943262432,4.3904385183684145,4.655756927349538,130579.66500755349,26.388325446391768,0.08354188558207064,0.0871103095011019,0.20404250803062451,0.22068746930961342,5833.00182132615,0.5636450834923619
248,HD_141943__2016-05-25__03-43-09,0,0,32.01913510176364,31.93969486375506,4.353036639433878,5.319076398701545,303408.1503199572,-4.124946019543241,0.12044311899401515,0.15269890346856185,0.3006068347706094,0.41765298956213814,20176.293452390506,0.23956705370273976
249,HD_141943__2016-05-25__03-43-09,0,1,32.02652957108186,32.02467547140396,4.267430269051836,4.794304931998258,335826.98285942286,-2.5181056705931035,0.1556596833785252,0.17819316443893596,0.3866023948068704,0.4627340831817382,29242.107915929268,0.5354970870542466
250,HD_141943__2016-05-25__03-43-09,1,0,32.017899854235,31.941264438684307,4.359909911115307,5.330937237830706,303192.1236364855,-2.9244823399591082,0.1193183842036898,0.151657854634683,0.2981464425217632,0.41543407328714604,19959.17705207012,0.2363128732327602
251,HD_141943__2016-05-25__03-43-09,1,1,32.02666525437944,32.02551797602077,4.271694004758479,4.81633852965211,334665.46994533116,-1.436207581092015,0.15374366646651028,0.17685928644210766,0.3820471832438866,0.46026646424763745,28767.387433199674,0.512873272661796
252,HD_141943__2016-05-31__03-34-49,0,0,32.00678405641842,31.982545707179785,4.021774298193949,3.9899690724446994,76104.96601752378,26.004705162091366,0.06996173635089331,0.06956572160634035,0.16952246349275954,0.16779453698986102,3139.122527483107,3.7427709300939496
253,HD_141943__2016-05-31__03-34-49,0,1,32.00384056992847,31.98598414782016,3.9016917400773927,3.8535663550276977,112631.6921597927,-7.643971219062742,0.06228723482998964,0.06148758534035913,0.15091222110718433,0.14844756363934355,4254.871669156811,2.1560369256596954
254,HD_141943__2016-05-31__03-34-49,1,0,32.006901289543094,31.98880621949546,4.1201150483088975,4.164946419043193,76490.16082507408,1.1308927101430135,0.04515360595870669,0.0456732597835297,0.11093912296295205,0.11246371801325208,1986.9300469138552,1.7025388267306012
255,HD_141943__2016-05-31__03-34-49,1,1,32.00569164292161,31.990102425941174,4.0095710208307,4.054458140826389,110537.50421574237,33.2392265586044,0.04677959341250821,0.04699091399305622,0.11245312818683828,0.11382859369403642,3044.571853289105,1.7956972221601102
256,HD_141943__2017-04-30__05-57-20,0,0,32.00800346502736,31.989021777785574,3.8097550054227995,3.870186642351384,127831.95006811926,-6.64025649320817,0.053236954747671615,0.05409071024093573,0.12837871992615274,0.13078493933179003,4227.644185605975,1.486949264626076
257,HD_141943__2017-04-30__05-57-20,0,1,32.009581764563244,31.996127940932872,3.8124933784266055,3.877979529224178,129335.398694895,-16.69163868981941,0.05189529371929972,0.05267053965650127,0.12472931200161302,0.12722093058190478,4161.708514190635,1.3448160285573318
258,HD_141943__2017-04-30__05-57-20,0,2,31.999726626370375,31.999404116949854,3.8535399277741984,3.8419460078205376,131287.83339956534,-0.44524977958498274,0.051712808472805745,0.051548363447604786,0.12502717148246884,0.1245533143058219,4169.185989197445,7.450799837294989
259,HD_141943__2017-04-30__05-57-20,1,0,32.00726337293192,31.989642660010063,3.9605609445468737,4.024724551865813,124512.96581176545,6.188998798416406,0.04766746110818498,0.04846290308401958,0.1158774872159376,0.1182031784776063,3549.9431127170533,1.2571572583391635
260,HD_141943__2017-04-30__05-57-20,1,1,32.01000435444774,31.99725337671838,3.9645285617238595,4.030190113593378,126006.57578373399,-1.2927441368935924,0.046985221387293566,0.047810399553877884,0.11434027989851751,0.11674342634780328,3538.5041179415794,1.210444296774791
261,HD_141943__2017-04-30__05-57-20,1,2,32.00069651803351,31.99923480566396,4.011697007197893,3.9861554490080833,127565.52611987958,675.2811076579832,0.046608910764979736,0.046604593794692784,0.11246278859048331,0.11168656672691271,3521.1553850675846,3.1448219998785762
262,HD_14228__2015-09-26__07-10-54,0,0,32.01205176572831,31.99061295441192,3.7743722066881804,3.8316639216698123,1491391.7575502666,131.11177310059168,0.05576710934051955,0.05563358290459158,0.13200068384225622,0.1341464738502134,51680.194612504034,1.657690997267289
263,HD_14228__2015-09-26__07-10-54,0,1,32.01235444507361,31.992339797214576,3.835950443007857,3.777255998354564,1460441.93040361,26.790691005487226,0.053970452587397,0.05344030162783137,0.12990010555019252,0.12759209732282306,48750.753170334596,1.5499382611222983
264,HD_14228__2015-09-26__07-10-54,0,2,31.984572089813206,31.99619314513764,3.7642088598202603,3.811691823039975,1460842.8367127285,-19.8873612897459,0.052021147627147386,0.05255574234313007,0.12455486325593255,0.12643180445734922,47705.38380831638,1.856241075303783
265,HD_14228__2015-09-26__07-10-54,1,0,32.012865194810175,31.992244381006984,3.9940485866881086,3.957572356263335,1351085.2658198397,584.2571470755466,0.05501303656057302,0.054979768378354436,0.13280388240935898,0.13148879329765015,44258.00360837266,2.595559140440749
266,HD_14228__2015-09-26__07-10-54,1,1,32.01205209977809,31.99252497919455,3.9821537841473065,3.9528886034802,1363543.332335352,23.583301380100263,0.052539295765142394,0.05224092695066884,0.12720659546624402,0.1259986278072887,42636.85360326875,3.0435314954039128
267,HD_14228__2015-09-26__07-10-54,1,2,31.98531324039903,31.99659631691652,3.930636236367104,3.969919856412853,1364062.9871856028,-4.853504247940312,0.05100632168351402,0.05155184601875903,0.12371183459355702,0.12538590655805554,41927.92414160523,2.188149653319414
268,HD_14228__2016-09-17__07-03-47,0,0,31.930958242324508,32.03060316889667,4.224268809844313,4.469070980500564,837650.3877867172,-25.502033894851493,0.138102266470645,0.14412118753664718,0.33430038110792043,0.3608354994206688,64421.103830419604,0.9983863578967138
269,HD_14228__2016-09-17__07-03-47,0,1,32.024275800761174,31.99355502859081,4.03111951226633,4.116398071249831,1123694.693420982,319.83214476840044,0.14135394843429558,0.14180551172412054,0.3378102258004059,0.3455880553079424,92509.25763066014,2.8743093282291317
270,HD_14228__2016-09-17__07-03-47,1,0,31.948040267786755,32.032673430390346,4.339622008925298,4.506975907328664,833263.3307340386,-15.497445985454274,0.10142631060506281,0.10552848579440792,0.25064558516366353,0.26586642221590195,46177.38198472774,1.0589214931639428
271,HD_14228__2016-09-17__07-03-47,1,1,32.036675945571794,32.004441518175774,4.171768242461056,4.196272554393813,1094468.8601579347,-2.535037136339549,0.10454032337240357,0.10513198813620393,0.2580822270725424,0.25959117335512,64973.297303782994,7.205231279821351
272,HD_14228__2017-09-01__08-08-21,0,0,31.99634766562264,32.01265363257671,4.916907324950902,4.951986939731995,690562.2980393262,4.070547992407004,0.05684944218468235,0.057399455033044486,0.14911361346321245,0.15115182283217637,18847.781325857562,2.7958394717545216
273,HD_14228__2017-09-01__08-08-21,1,0,32.00170889365087,32.015081627614414,5.214903832540138,5.276276521623779,344252.5305371139,-21.912000097646224,0.05793671305783951,0.05863372722350611,0.1531347964860094,0.15622820211338972,8958.884810373673,1.732630718215648
274,HD_14228__2017-09-01__08-36-51,0,0,31.99634766562264,32.01265363257671,4.916907324950902,4.951986939731995,690562.2980393262,4.070547992407004,0.05684944218468235,0.057399455033044486,0.14911361346321245,0.15115182283217637,18847.781325857562,2.7958394717545216
275,HD_14228__2017-09-01__08-36-51,1,0,32.00170889365087,32.015081627614414,5.214903832540138,5.276276521623779,344252.5305371139,-21.912000097646224,0.05793671305783951,0.05863372722350611,0.1531347964860094,0.15622820211338972,8958.884810373673,1.732630718215648
276,HD_142705__2015-05-09__04-57-46,0,0,32.002011003220645,31.98576912107442,3.907341879423666,4.105856809621293,50672.48221843473,-23.979195695345506,0.06331307562789495,0.06559241629163633,0.15143524820790183,0.16052912430549376,1930.2850801850682,0.5525003350222614
277,HD_142705__2015-05-09__04-57-46,0,1,32.00352231008063,31.99720983081719,3.8772462223176336,3.9771176956490626,56603.84744319264,-11.06235890466359,0.05436361982005945,0.05573959327596824,0.1313116027567965,0.1355281061433406,1878.5880800980717,0.9265239692134326
278,HD_142705__2015-05-09__04-57-46,1,0,32.00323740973579,31.987302208064644,4.063981123084634,4.238407996307593,47762.55213733046,-22.01099391093048,0.050493468104391155,0.05217469600720981,0.12207633067577982,0.1285606152151992,1399.3850381183363,0.5029045723715847
279,HD_142705__2015-05-09__04-57-46,1,1,32.008777818457936,31.998117232934625,4.02948962099445,4.1151635532633986,52807.073777845384,-10.385090401032187,0.04654258615990407,0.047536611715670495,0.11343613630576138,0.11654223569320389,1445.0031884187324,0.9253884734545241
280,HD_142851__2015-06-03__04-11-46,0,0,31.99117497219736,31.978736511283994,3.927485361258012,3.9226704797529153,64695.24200113051,-122.29469916117431,0.1027787668181297,0.10281790361878601,0.24710918919202424,0.2468458151945954,4011.5542551939407,36.278221599027724
281,HD_142851__2015-06-03__04-11-46,1,0,31.986520162041554,31.99960693490481,3.98153783686066,4.004429734428306,61693.32258514682,28.309568219310336,0.04979978963530278,0.049979638105939105,0.11998361674341541,0.12083242946798974,1825.5451534173087,3.723773335251916
282,HD_143488__2015-05-09__06-23-56,0,0,31.992011119925436,32.006616022062296,3.888801341603641,3.9675050219458683,66918.18367046765,-24.151739640001683,0.05754105587967338,0.058376941587213536,0.13808571628742186,0.14143787971586966,2337.5991412158432,1.2504963044221948
283,HD_143488__2015-05-09__06-23-56,1,0,31.99310390387035,32.00480085264193,4.045435205299874,4.115853754150487,61888.278099800955,-21.02564194348664,0.04829940136245806,0.048987503668407366,0.11706070754518813,0.11965606589644395,1747.72987127367,1.1763463743821312
284,HD_143488__2016-06-11__03-31-24,0,0,32.012810220538846,31.984004272385672,3.9640843503058454,3.9240263301770755,32146.526503585872,-2023.8097695851823,0.06852992205687869,0.06846770229139257,0.16528533158175462,0.16347694383086367,1321.932306119667,2.9376790059687345
285,HD_143488__2016-06-11__03-31-24,0,1,31.98567951716279,31.988762210249458,3.9780575310190534,4.058652055161398,40860.006838397894,-34.325527575542715,0.10796735450529149,0.10882426148668216,0.2583043795936631,0.2641779750581415,2610.6004146817327,2.310895369522976
286,HD_143488__2016-06-11__03-31-24,1,0,32.01073391708352,31.993841938719793,4.052906422012815,4.108597499672755,29912.213751846648,15.91723625108296,0.04537687596865502,0.04593622233551881,0.110473695944446,0.11231449699619814,792.8358005347338,1.3889180842740245
287,HD_143488__2016-06-11__03-31-24,1,1,31.999912471631287,32.002685312941715,4.044321437898992,4.093643917045987,39263.416953378175,-11.804547916192934,0.045715368026438226,0.04627180945967908,0.1114380155577382,0.11323349560232202,1051.3752341550417,1.573323948639923
288,HD_143567__2015-05-04__06-05-18,0,0,31.995694740481785,31.989403062764328,4.285498886796269,4.029703465653575,67981.23895350588,4544.868954210314,0.05055844719035355,0.05053584661423756,0.1264654061644737,0.1181144768425936,1957.5895254007653,0.34347024366289997
289,HD_143567__2015-05-04__06-05-18,0,1,31.984120813057867,31.986397634735926,3.7818298768073553,3.8434915120537165,85784.5832461363,-29.03795233300162,0.048329747495588174,0.04876699435500784,0.1152232844019961,0.11731406520647368,2584.4667539700677,1.335332192504263
290,HD_143567__2015-05-04__06-05-18,1,0,31.996668114158403,31.992069058684255,4.186339951075816,4.417564117025141,63083.31281006846,-2924.7234984022566,0.04008831986730299,0.0401065334402031,0.09469177010613494,0.1006611339361332,1393.0042164095407,0.3046913020033202
291,HD_143567__2015-05-04__06-05-18,1,1,31.986174767733292,31.993606215161297,3.947087888666612,3.9962071590927852,78245.99109412079,-21.42215668958822,0.046905404495007116,0.04736832292839344,0.11312715582504096,0.11485558873316565,2199.1234924870128,1.6279471929276759
292,HD_143637__2015-06-01__04-01-40,0,0,31.967685465806124,31.959249655077773,4.88687343472544,4.721299280950987,10149.795390154246,28.264871919026636,0.15511891281247633,0.15154212098827127,0.3977209636665122,0.379076789312408,766.3173616391829,1.6631058120766873
293,HD_143637__2015-06-01__04-01-40,0,1,31.954930398334476,32.01737037566392,4.119873066229563,4.345272951465358,16919.13369379515,-6.242227463144245,0.11482564504938177,0.12181778026938524,0.2811350961542238,0.30415941278509695,1120.6091586363493,0.8846525511964434
294,HD_143637__2015-06-01__04-01-40,1,0,31.965091514852404,31.967555397267567,4.930670247338504,4.786444204029019,10714.746681598357,24.271685963497916,0.11551909082095466,0.11279650645999585,0.2981309167227305,0.28552361925609215,595.161474936421,1.4136054244736989
295,HD_143637__2015-06-01__04-01-40,1,1,31.947591726492977,32.010161823674274,4.249251407386839,4.453453540074599,17128.609731584715,6.204980938029691,0.07865661258061528,0.08296827624053013,0.1942386678818067,0.20883238279657443,753.777663349865,0.6687094408077572
296,HD_143637__2015-06-04__03-02-47,0,0,31.972680731269183,31.95587338493328,4.105921913854607,4.350272646257947,11770.043876776928,-33.55344030004845,0.07876974773512237,0.08071626990818624,0.18748147039547827,0.20044114462468934,526.0310538578615,0.5663413305470631
297,HD_143637__2015-06-04__03-02-47,0,1,31.995498408480458,31.987120724567955,3.89086122975452,4.099043705641547,32669.74732266586,-29.293152598706676,0.05755577067688571,0.05924848652724832,0.13671035863149442,0.14508752986962647,1130.8231763400152,0.4793198955755992
298,HD_143637__2015-06-04__03-02-47,0,2,31.99397339222392,32.04915229121964,5.118529658897482,5.572821907049047,17661.747606388268,-1477.3587915649914,0.6248213278578387,0.6463731442648818,1.5605525067995352,1.7662449024979925,4894.101189889017,2.6882074119775963
299,HD_143637__2015-06-04__03-02-47,0,3,32.003978623405494,32.00079408978708,3.9667678902930112,3.774686919407349,39322.81646749847,7424.597444456293,0.05772862131288569,0.05768346936432689,0.1417712074654442,0.13446218425518403,1387.1437104106005,0.5136502982653566
300,HD_143637__2015-06-04__03-02-47,0,4,32.00140078885096,32.00729991925128,3.9242188932999653,3.811193488435944,38961.75927668739,4.531726565848387,0.05377352744442054,0.0521600784412875,0.13049639173977612,0.12582467378204437,1262.8641845672205,0.7846625168173965
301,HD_143637__2015-06-04__03-02-47,1,0,31.969894412886276,31.952894589764224,4.260640279114634,4.480909591075229,11403.727501690899,-28.236123179679232,0.06474282427789138,0.0667736241871647,0.15669572824112832,0.1667617821616021,406.6827759868937,0.5196523703567657
302,HD_143637__2015-06-04__03-02-47,1,1,31.997131973479092,31.987527789570173,4.052085930538799,4.242704763665599,31396.064837972655,-26.12739668165087,0.047905082041506876,0.04939287221763674,0.1151643647133393,0.12170469797620997,872.5048240383347,0.43807378031431427
303,HD_143637__2015-06-04__03-02-47,1,2,31.997219325677623,32.03377100972895,4.9757821257342,4.708822395932464,23596.80682589643,-489.28452605868745,0.3712100033117973,0.37691978249958763,0.9757219897678895,0.9085087604706612,4299.632220985518,2.5737005696223676
304,HD_143637__2015-06-04__03-02-47,1,3,32.0033992526581,31.999468684384247,4.113211216128181,3.944782367929223,37056.98147010373,223.3558865259716,0.05266503602495697,0.052525245495136395,0.1295062172601136,0.12373413339132187,1145.5787947186805,0.5388353535820177
305,HD_143637__2015-06-04__03-02-47,1,4,32.00238866515711,32.00903561810338,4.083546739586167,3.9873264555916172,36618.972735102005,-8.405063791506384,0.04993019425636238,0.04872034955863848,0.12225276797947679,0.1185382983182846,1060.177849294926,0.8621972484315169
306,HD_143637__2015-06-04__05-01-24,0,0,31.996057439163764,31.989249527053637,4.972703436600965,5.080241258377648,19767.869019274705,-1.6851216054612714,0.07437715518300139,0.07637495271864896,0.1962843229485365,0.20375093078811216,698.2153713034058,1.205098630315967
307,HD_143637__2015-06-04__05-01-24,1,0,32.001048044007696,32.00175545102435,5.225896956215408,5.351594433769754,10372.77734491231,2.9107052099600783,0.05334795355567527,0.05503489877004482,0.14443454051898735,0.15103867167780294,248.7692646545979,0.7487353633370392
308,HD_143637__2017-03-20__08-45-00,0,0,31.98158276414404,32.00389528614534,3.904904186991988,4.020478702479764,31671.10161182561,32.92232615956464,0.06465957637168072,0.06551315109337254,0.15401117959566638,0.15919163772553205,1231.6795124803307,0.963913123535359
309,HD_143637__2017-03-20__08-45-00,0,1,31.978714582994964,32.00000441905919,4.061512867968673,3.884049194603619,33188.07117979343,30.28119535118238,0.06494192390718609,0.06345701855823552,0.15853178429067316,0.15079398135556057,1269.8156534993586,0.6180501592909358
310,HD_143637__2017-03-20__08-45-00,1,0,31.980364915862996,32.004133168649595,4.041365992050601,4.20662074436689,30179.429373903415,41.0886122339971,0.05276469232426026,0.053106141492870455,0.12507440055320207,0.1307838826718843,917.6755465121217,0.5556176860196141
311,HD_143637__2017-03-20__08-45-00,1,1,31.98048908424971,32.00121704550379,4.218267222637637,4.0549610502661695,31493.559638323608,22.53530286024337,0.05366250841546427,0.05207510635404493,0.1319867940944071,0.12580404510666202,953.6724196014715,0.5531990670753278
312,HD_1466__2015-10-26__03-01-44,0,0,32.00196256844145,31.99092286042095,4.066441714860084,4.193809109595427,103268.9838451141,-33.02258141942114,0.08049606070477025,0.08158541901923615,0.19298241656036794,0.19988769309199084,4800.842339104939,1.0994342127114793
313,HD_1466__2015-10-26__03-01-44,0,1,31.96703810978596,32.024278107423044,4.339254072278514,4.795314258996517,69990.10200955004,-34.375835280283745,0.14613074102813328,0.152750379536579,0.3474015714900067,0.3941383507321646,5414.730310688004,0.5824774798081751
314,HD_1466__2015-10-26__03-01-44,1,0,32.00424428487484,31.99498004382353,4.203881852597043,4.30319927836526,102359.49329686779,-29.38994739641412,0.05975728603301902,0.06055279167511534,0.1449716054901478,0.14907142547377916,3430.4313373962677,1.050656443582401
315,HD_1466__2015-10-26__03-01-44,1,1,31.97149318227901,32.02676753980493,4.4412878335608585,4.826613941338176,71609.0803783257,-32.37181175470335,0.11406847000528003,0.11921007218966194,0.2752890449924448,0.30693993831630784,4261.141762596035,0.5400207804898041
316,HD_1466__2016-09-18__05-32-12,0,0,32.01921947448071,32.0021840203642,3.943470379278894,3.9256269097583987,127302.8406521608,219.24906079867748,0.07255056493463237,0.07246121627849147,0.17452565241387374,0.17363475870473047,5554.40800155943,6.982173216820309
317,HD_1466__2016-09-18__05-32-12,0,1,32.018154968831524,32.0020318736219,3.886660968027404,3.9014201991699538,132693.54068451916,-0.15885180547044878,0.06387364292587298,0.06411580256398856,0.1548186693430735,0.1554252367636838,5162.14945240647,7.261217577203104
318,HD_1466__2016-09-18__05-32-12,1,0,32.02024465191526,32.00298347942029,4.07206461150172,4.088687774526979,124030.10161497683,35.5502762700172,0.05696662957692002,0.05702812177185509,0.13748929681597424,0.13806827599341054,4104.2907037352015,5.923683736356935
319,HD_1466__2016-09-18__05-32-12,1,1,32.01876460229663,32.00282717219558,4.025922881810157,4.067114628331678,128567.13958485167,25.210781547890182,0.05255212560390671,0.05290602479929086,0.12711071691694426,0.12857801893573845,3968.338860273631,2.187229351601809
320,HD_147553__2015-05-30__05-02-09,0,0,31.99164490964562,31.999499014038154,3.7546989129784616,3.8946876952892593,62441.4140468288,-15.065850558668187,0.05634902401540506,0.05826386283850025,0.1349515072442668,0.14105407369290723,2213.6803035891257,0.6881569100015177
321,HD_147553__2015-05-30__05-02-09,0,1,32.003205497282636,32.00108548959345,3.770121744523192,3.8670602318028373,70994.68193234381,-11.1348328200458,0.05333174157930262,0.0546653894862844,0.1281555353571798,0.1321658942059253,2375.4786966179936,0.9344838413382099
322,HD_147553__2015-05-30__05-02-09,1,0,31.995612392528773,31.99572642891693,3.927255730257397,4.040850346497129,57349.94849315331,-9.93803543966967,0.050594188501523724,0.05206967082426805,0.1225345574381502,0.12709721937088414,1749.8613836420984,0.7598085895859717
323,HD_147553__2015-05-30__05-02-09,1,1,32.006204855928566,32.00483079398356,3.940131074723476,3.9989166177892677,65436.32364003784,-4.840206593569055,0.046704715652704426,0.047439827126191894,0.11343386097896765,0.1156254063543546,1837.5282761611452,1.3429223829998518
324,HD_147553__2016-03-28__08-37-36,0,0,31.99175357340938,31.99467345264804,4.519778555541004,4.939241675144953,22048.18909713206,37.67820332515831,0.12179714190594182,0.12512400495528994,0.29134743704626337,0.3257779320919859,1359.3186289959237,0.532580372564744
325,HD_147553__2016-03-28__08-37-36,1,0,31.997565652792503,31.99974869896635,4.604586174112421,5.060497944620722,21589.145626726364,38.24401738749785,0.09881364604064753,0.10151183116171701,0.2367297212674313,0.26718657321364836,1055.062117850754,0.40135479357777515
326,HD_147553__2018-06-18__03-58-47,0,0,31.964647391022435,32.006583481555886,6.518127752718144,7.781751415870171,2726.1714391417504,8.361858683052006,0.20669755200182038,0.27290548833761846,0.639675148079641,0.9807848227553655,195.3814299191025,0.3639997370960897
327,HD_147553__2018-06-18__03-58-47,0,1,31.981298472677015,31.995365047606825,6.185576629677846,6.956628132205137,3298.9253705892156,124.2570119695991,0.23511462532850286,0.22055805487792274,0.5978468617132374,0.7411068310805888,254.24874944912858,0.6409634765672195
328,HD_147553__2018-06-18__03-58-47,1,0,31.969486024924347,32.02296756106573,6.443136050006126,7.726034507957746,2890.8429975455974,10.68449393958772,0.18356168141862061,0.24223530033998528,0.5587372477016568,0.8601229589791527,185.7281065886762,0.3201467362217938
329,HD_147553__2018-06-18__03-58-47,1,1,31.97353357507344,32.005190701121556,6.138316925411626,6.86178324394216,3505.4111233616873,125.97913054234012,0.20056147191254942,0.191063394123373,0.5129513664053409,0.6256284754777901,235.6322694650074,0.5865262976770022
330,HD_148055__2015-04-05__07-36-58,0,0,31.998235368567993,32.00355565365201,4.930519044142468,5.060783893993016,17500.36420375504,-1.1079577792493722,0.049051033527020685,0.05069630983378464,0.12892386927521507,0.13502762714351843,411.52564183525357,0.6574445879615528
331,HD_148055__2015-04-05__07-36-58,1,0,32.00197492726879,32.006359059491515,5.182620009555643,5.333213936488614,8935.167162818183,-7.020388619197125,0.05361865265983208,0.0556215913613433,0.14416834931470546,0.15203744771353606,217.3727536917699,0.6326642824100953
332,HD_148055__2016-03-29__08-59-17,0,0,32.00764846814777,31.989193122611397,4.0292483947424085,4.1732348630070595,26061.15535865314,16.574199694279372,0.07481538696381826,0.0772188680260645,0.18153861889180697,0.18970145525513749,1144.3663926902047,0.8951578546761754
333,HD_148055__2016-03-29__08-59-17,0,1,32.000543386793375,31.990205060470355,4.179387167538901,4.347485721021152,20848.016974643742,-4274.807892432383,0.08276207060949699,0.08271555437875514,0.1966920403809111,0.20564589825125387,958.6266040842204,0.8627885523583623
334,HD_148055__2016-03-29__08-59-17,1,0,32.006344101517655,31.98999386987657,4.151306960563094,4.316545281017709,24408.270982507638,27.446719546091305,0.05410326997716316,0.05544402669369601,0.1307293005132329,0.1370235523419255,748.185572139655,0.5726914222941424
335,HD_148055__2016-03-29__08-59-17,1,1,32.00157239676262,31.991899073630947,4.293025825838964,4.484014989916036,19675.741187823907,2744.466068595272,0.06282632506749804,0.06286568122127689,0.14989746077925695,0.15761673713322294,667.484969705184,0.5822337368450005
336,HD_15115__2015-10-26__04-40-45,0,0,32.014385369606494,31.983534403896474,4.004475858804463,4.120497902143454,136683.61264516934,15.65196287662328,0.06958998719471801,0.07141088071865978,0.1688539625856148,0.17481958397127803,5618.957789990008,1.0284242803817047
337,HD_15115__2015-10-26__04-40-45,0,1,31.9951938561414,31.99832203004426,3.8456280892973744,3.873686454000501,213543.85024822387,-9.124106050710747,0.05013370109907045,0.05050288816798486,0.12099867598375447,0.1221134012223952,6588.946489319477,3.007889620714401
338,HD_15115__2015-10-26__04-40-45,1,0,32.01639204322665,31.98687083430552,4.131478524618041,4.2618172657898,133578.17272513086,18.28225697479284,0.052884206025824644,0.054322041144468695,0.1289811667015479,0.13407441155268265,4042.821352484997,0.7010953236953127
339,HD_15115__2015-10-26__04-40-45,1,1,31.99631127788402,31.99830155804291,3.9969266987991388,4.029540136759304,200919.66429014155,10.796414800904726,0.04723482763706764,0.047622129235096344,0.11486922477094456,0.11609197785575248,5623.966684018094,2.448536913531445
340,HD_151726__2016-04-01__09-11-13,0,0,32.0117458271282,31.990007673482857,3.967449002294569,4.097672603147631,54175.78501986813,30.827544161289865,0.07671782028324757,0.07796612746076265,0.18344085420290837,0.19022113096220258,2460.9092590825926,1.0189446317558175
341,HD_151726__2016-04-01__09-11-13,0,1,32.00227560089869,32.00429255090286,3.896469930492324,4.076917076318485,56617.46881573586,25.240156472097492,0.06975712713993276,0.0719489681277204,0.16668937013790608,0.17581983295929504,2382.497994799433,0.6686729964194298
342,HD_151726__2016-04-01__09-11-13,1,0,32.01438315543009,31.990625730165082,4.08068689402347,4.24916385590984,49941.26518318998,41.97644419977723,0.05618695082121467,0.05641979717664161,0.13327255206878016,0.13939603126527483,1599.368273019318,0.5816575227262686
343,HD_151726__2016-04-01__09-11-13,1,1,32.00496611466173,32.00224762058863,4.0355888131021205,4.218079684016976,51970.655478335044,34.850624390892555,0.05117716384791253,0.05203916814338854,0.12185515004830698,0.12813601799014596,1539.4797941296388,0.48917229219392633
344,HD_151726__2017-05-18__06-18-50,0,0,32.00581665187731,31.98923297624129,3.9279541315826196,3.88104380050495,52503.46244590314,-4.964211771566951,0.050814476657448114,0.05016761549011431,0.12334677737484596,0.12136789648353824,1607.2708829968315,1.803780441354333
345,HD_151726__2017-05-18__06-18-50,1,0,32.00650577730901,31.990626939724553,4.078811944355264,4.0276864256541405,48547.0233877427,-23.619906364170447,0.044355017526557156,0.043932671629983835,0.10795836332277277,0.10625308969502512,1252.455000383361,1.4728065948537032
346,HD_151798__2016-06-12__03-47-07,0,0,31.997848816991674,31.997399290097384,3.887195011311424,4.090016147723563,90436.01713436127,-9.571955988125161,0.05675249994811035,0.059753965673731514,0.13711576484196586,0.14637870214734777,3127.6645577541303,0.48266339379408785
347,HD_151798__2016-06-12__03-47-07,0,1,31.98801570404633,32.00493550561407,3.914828572674118,4.047427818383041,86054.46668497934,5.160044605363289,0.05673298787156335,0.058777644135659335,0.13746782596492096,0.1436916490894518,2956.311747790045,0.7306100603291478
348,HD_151798__2016-06-12__03-47-07,1,0,32.005634062891524,31.99862889355374,4.058646668800314,4.198690827979181,87566.13327540079,-1.142791325845143,0.041210294484031816,0.042759617508920884,0.10084140778509224,0.10558435150389828,2109.7441630728845,0.503672616018313
349,HD_151798__2016-06-12__03-47-07,1,1,31.994989504286977,32.005704013988705,4.0741766065484555,4.18245026474166,83122.03825716833,19.113198040715233,0.03989510032151199,0.04081309234953659,0.09689186969946638,0.10023107215037473,1925.0247864936969,0.6344087361089074
350,HD_152391__2015-06-05__05-03-34,0,0,31.98396769693457,32.00552895326018,3.8618052984517175,3.964749019990235,386730.14900093415,-36.5563762969496,0.05513037950022149,0.05559771065750892,0.13090426639823058,0.13475762784239387,12951.965212413255,0.9201808389971324
351,HD_152391__2015-06-05__05-03-34,0,1,32.00142401455308,32.00210794955485,3.8539868068701324,3.785604438244621,463884.68890335667,-492.90840072224626,0.054359457983625285,0.05443468818197211,0.13124526526801922,0.12877664531894642,15631.033919585845,1.3573965352797772
352,HD_152391__2015-06-05__05-03-34,1,0,31.98764766128343,32.008259849931335,4.038556527754904,4.104495652197606,381485.50547272526,-30.871333387384382,0.0451562913190565,0.04555168851935644,0.10868700818875722,0.11080633817263934,10066.84923519922,1.1826399136071717
353,HD_152391__2015-06-05__05-03-34,1,1,31.999534216629023,32.00449302913724,3.9642260446966344,4.005665048941284,451701.55582142744,-32.06913051134427,0.05164406256170794,0.051900407073627065,0.12401761252297124,0.12549600771639907,13897.741047468488,2.1405228780365566
354,HD_156097__2016-06-28__03-39-05,0,0,31.99124397177881,32.01083560774278,4.008017806625972,4.1256463595876465,21871.21505965808,11.509060658126565,0.07827394542890233,0.08059679952810625,0.1902535269022844,0.1978092713370818,1011.9457795672956,1.1388075596892138
355,HD_156097__2016-06-28__03-39-05,0,1,31.999950272245528,31.985599501172793,4.433476749592851,4.215458806530109,17641.056810993723,19.52996038741641,0.09581334672392197,0.09165444636237462,0.23954389059251951,0.2237893432905669,905.9925556789049,0.7375658747755659
356,HD_156097__2016-06-28__03-39-05,1,0,31.995315346683217,32.01373263068826,4.152814463499515,4.278098158531581,21781.705419029262,17.810981279643528,0.055239044830366034,0.056762189087785304,0.1348719506735109,0.1403887395549098,685.613556665595,0.76229319494349
357,HD_156097__2016-06-28__03-39-05,1,1,32.00004868064354,31.98912851820352,4.519184821761879,4.342423681131413,17905.934027545834,17.41317567526125,0.07141149138818488,0.0687651267280581,0.17970539014547204,0.16985834788488088,671.0309718882759,0.6813157948048973
358,HD_159492__2016-06-11__05-40-25,0,0,31.98311629765623,32.009946721674986,3.9268640414002673,4.0882649854714455,311938.12236789276,-35.746335868377564,0.09473548493962705,0.09609158488750145,0.22461119355139053,0.23500097463303865,17586.505833179002,1.0159377340081526
359,HD_159492__2016-06-11__05-40-25,0,1,31.987429754763625,31.997999651393002,3.8806857082247435,4.004400088977528,405357.88857554796,-32.993937272472536,0.06114192686418656,0.06198985200578224,0.1454114537248058,0.15060991608208088,14986.39076208802,0.8510890557784344
360,HD_159492__2016-06-11__05-40-25,1,0,31.996128065798693,32.020451294009135,4.082069197799674,4.1550279175520854,301203.0192640205,-17.488036439333236,0.061617928068178895,0.06263580921420284,0.15000886979365918,0.15366452873123568,10764.334892193687,1.4470920374620444
361,HD_159492__2016-06-11__05-40-25,1,1,31.992151667925597,32.0025797647723,4.049734977192125,4.120210061175041,386288.3692630178,-9.24933038339974,0.04847048555560765,0.049349848628762905,0.11826145176199068,0.12107426641783187,10957.292434161292,1.1690014023030042
362,HD_159911__2015-05-12__07-17-59,0,0,32.00027290428638,31.98990773867395,3.84149075101548,3.809614339214253,74134.40582614335,26.39313921527778,0.0572173623991159,0.056907182685664436,0.1375444025527492,0.13621293854955902,2616.613878783711,3.033095617513219
363,HD_159911__2015-05-12__07-17-59,0,1,32.003064234141675,31.99751836964785,3.8575592176291416,3.7940616088838524,72277.89664310605,19.154225075160046,0.05917379862970098,0.058363898377758634,0.1427457141980671,0.13995639245650854,2627.2069316646466,1.5608780717929214
364,HD_159911__2015-05-12__07-17-59,0,2,31.981502923276466,31.991418097287298,3.9613583036068043,3.886981479520737,69451.30532408216,-18.64173851174485,0.04595976172911647,0.04523541985856852,0.11136587077748325,0.10889843574971798,1910.5759174567315,1.0359063047419166
365,HD_159911__2015-05-12__07-17-59,1,0,32.003643132520544,31.98997438146706,3.9959857823763283,3.9871592758781063,75562.50593817992,5.3603792215249575,0.055210731014943955,0.05506923050176437,0.1345135537920894,0.13401734349854202,2472.105434029751,10.482013476002425
366,HD_159911__2015-05-12__07-17-59,1,1,32.004817108178656,32.00106649737599,4.01451891501617,3.9801322934172534,73491.21027938863,18.32813011902005,0.05484410838120644,0.05443550388327797,0.13326920331042896,0.1318379124395847,2379.125569391239,2.6917540020194792
367,HD_159911__2015-05-12__07-17-59,1,2,31.982742532362877,31.99543670066556,4.112283110396964,4.028361092768057,71413.922988732,-26.253460442705403,0.038937439587938064,0.038421184329891694,0.09489263477686247,0.09264316448309383,1607.672910117959,0.7886262771054035
368,HD_159911__2016-04-16__09-34-10,0,0,31.984975108662,31.985823901869928,3.937886763634429,4.056173399257712,68958.59185959671,-2.7109868992482014,0.07454367793159661,0.07693832238270634,0.18091233779167037,0.1880677327165114,3094.7270326665493,1.0733997255874574
369,HD_159911__2016-04-16__09-34-10,0,1,31.98019149485181,31.984689794462632,3.9325844976644047,4.001734750071703,68535.2296980832,4.362161636297867,0.08536069137568511,0.0869530826747014,0.20702311208054447,0.2117977532657085,3524.6174539470385,2.088308806504232
370,HD_159911__2016-04-16__09-34-10,1,0,32.00278800944082,31.992858225058193,4.067586585888414,4.162597355945342,71283.48880801555,20.615797564905257,0.0478286122176822,0.04873283438701294,0.11604686712023345,0.1193899526433271,1981.489344587124,0.8660047806899923
371,HD_159911__2016-04-16__09-34-10,1,1,32.001855688244206,31.99408965937539,4.023227243005167,4.113606972913241,71530.24207699954,33.50851586318018,0.04806300741265955,0.048509606421637305,0.11523443712726557,0.1181497495715376,2011.0682745425727,0.920336052274125
372,HD_159911__2016-05-22__06-07-40,0,0,32.026342211267824,31.98147620181323,3.82766198984612,3.9560374945930863,70941.65792322379,7.664199828824821,0.09063541426053617,0.09368592406057445,0.21880247472156997,0.22752336353266356,3976.6419857492992,1.2037593802829007
373,HD_159911__2016-05-22__06-07-40,0,1,32.00049486829769,31.99431582761327,3.810900688957094,3.88957795749706,71477.19914931688,-18.562568400154596,0.049257161608422535,0.050107513497286274,0.11820423592356166,0.12107171420827657,2182.741415673735,1.0648808369562761
374,HD_159911__2016-05-22__06-07-40,1,0,32.005559804287,31.992914984464818,3.9576719963811957,4.052578249901249,73780.3088985146,7.350817087523125,0.04616771562296866,0.04730904481631491,0.11215993433996788,0.11558804801063179,2039.1591378652286,0.8272764775304856
375,HD_159911__2016-05-22__06-07-40,1,1,32.001930448719975,31.993052636148597,3.9852390687453627,4.031546794235509,72592.27966704473,7.584725278649722,0.047593832919904204,0.04816039824545716,0.11580166147018696,0.11749508370733483,2053.596468103511,1.737236587187139
376,HD_159911__2018-04-12__09-18-25,0,0,31.988748204841798,31.994497384467806,4.063638566818941,3.8939893089092124,66784.726879048,4.900907446286799,0.06601596086014584,0.06311723028216029,0.16144839867634792,0.15280490803017532,2566.3771289683964,0.638177647645236
377,HD_159911__2018-04-12__09-18-25,0,1,31.96971478049279,31.988154427055395,4.024235417180789,3.871330036101147,69805.76755267242,4.944726334726737,0.08495173950841034,0.08158984987766721,0.207084612202853,0.1972433805591308,3486.3431475012844,0.91268398929657
378,HD_159911__2018-04-12__09-18-25,1,0,31.99932382586463,31.998051247344147,4.204401003971926,4.0190421978770035,68442.20994419752,-4.6210366142328825,0.04276675178073304,0.04074010273911719,0.1056229188211866,0.09935555042442512,1646.5140951826922,0.37853788440590247
379,HD_159911__2018-04-12__09-18-25,1,1,31.98750590501931,31.996506821528587,4.152761445892412,3.9849127417965025,71797.6786074282,-4.412037189197095,0.04421787934186438,0.04231499703681054,0.10876360593208302,0.10298760860612075,1808.5765616613398,0.4328113557505028
380,HD_160305__2015-05-13__07-26-52,0,0,31.99585746567177,32.00584769601937,3.8080058161779875,3.8966898422748426,76010.59060581072,37.553200215785346,0.054518143163379246,0.05486721590279927,0.12930069653219065,0.13256358373234595,2553.7899509040185,1.0526451217864212
381,HD_160305__2015-05-13__07-26-52,0,1,31.9830094018521,31.996345214001018,3.9912652905542525,3.910250334349652,70101.36601301827,-403.7171976910687,0.047624315703834456,0.047587624912119035,0.11549821870040795,0.11298122101665121,2000.0497632805311,1.0093099836390802
382,HD_160305__2015-05-13__07-26-52,1,0,31.995580704411413,32.00705231627049,3.9683883209121844,4.063204580854624,72044.21400465601,34.856696636830826,0.05004538483178429,0.05049898716207347,0.1195622631943809,0.12278502504100668,2135.99214703808,0.9116821581308026
383,HD_160305__2015-05-13__07-26-52,1,1,31.98663236385083,31.997810429712928,4.056919736957293,4.154895737248412,66868.88832632132,-1935.0283217987837,0.041534323336302914,0.04154478510832301,0.09897228819423658,0.10160545431119568,1602.761244917501,0.7352375855268061
384,HD_164249__2015-06-01__05-54-21,0,0,31.989795878638887,32.00788558700408,4.403922838294094,4.220050670261281,66466.23183120998,-28.60366931467155,0.141610494827189,0.13805792435774816,0.35191014564634143,0.3341412223100757,5106.958001003509,1.3219751737640972
385,HD_164249__2015-06-01__05-54-21,0,1,31.961901033217686,32.0049365650615,3.8762749305164643,4.018938807354068,134713.99620539928,29.91100791515782,0.08821979111821886,0.09000364018790075,0.2099421948909748,0.21896748424228937,7199.351545907574,1.0657136225632307
386,HD_164249__2015-06-01__05-54-21,1,0,31.978142382448954,32.0209301953514,4.4770511980510435,4.314892421753115,69320.43104916823,-27.668023538115623,0.1020738868336659,0.09980023638003756,0.25459723608886314,0.2434401445776095,3770.9278624656567,1.0860925977434586
387,HD_164249__2015-06-01__05-54-21,1,1,31.962577402235404,32.01160097407242,4.035337306363438,4.147695186162417,131231.68540473154,28.60682336013524,0.0630534919782649,0.06414163497801142,0.15153195023287191,0.15676571416429247,4832.372745304721,0.9716705749384789
388,HD_164249__2016-04-17__09-37-17,0,0,31.99864023284395,31.9928010276648,4.153053559986376,4.415441608511983,98054.03479014813,-22.59984726740167,0.08862624532662103,0.09298774705849726,0.21462282919275205,0.23215952475378948,4923.7687939059615,0.5950872508899362
389,HD_164249__2016-04-17__09-37-17,0,1,32.00818856277037,32.007279897190074,3.9582550836974706,4.025864242355801,140404.71280505465,-12.725152793892805,0.07686750035669858,0.07813961095468297,0.1864195505620258,0.1904685807857308,6455.5249350106,1.9321605517033291
390,HD_164249__2016-04-17__09-37-17,1,0,31.996227145400027,31.994230523268563,4.291777544434777,4.51818823612504,96541.16508483906,-21.220669614796776,0.06943028046619998,0.0724877197253435,0.17004223344746752,0.18217487132058288,3684.2265022800157,0.5411657706699914
391,HD_164249__2016-04-17__09-37-17,1,1,32.00694552725882,32.008185856237084,4.094198661291496,4.17402451637597,135193.69682324756,18.9780077010749,0.055874332017354165,0.0568150365189762,0.1360100156531995,0.13940757188329495,4365.5117893768875,1.2018908544690448
392,HD_164249__2018-04-11__09-42-29,0,0,31.984179704133087,31.98587874863623,4.462300207765538,4.334085499280077,75311.57763798168,-15.385238431604451,0.1072479604162011,0.10424707023199613,0.2687096813907864,0.25797325281447414,4291.190572625138,1.4107051034256755
393,HD_164249__2018-04-11__09-42-29,0,1,32.000464860933924,31.985066717022537,4.286506733122453,4.215206703941722,117978.20385884873,-30.651957494601536,0.0897575535467361,0.08892365535059367,0.22034238911255935,0.21585054254820482,5876.239881759439,2.1769884111532622
394,HD_164249__2018-04-11__09-42-29,1,0,31.987176970748983,31.990243994593705,4.571684083167079,4.426340874065807,74863.53942267125,-22.210549704021886,0.07540386838045053,0.07343064098455131,0.18970944361239261,0.18156868744266513,2933.3567185957327,0.8902452402323334
395,HD_164249__2018-04-11__09-42-29,1,1,31.996237720718785,31.987577316347032,4.404531033671435,4.308340535877652,115845.93174686044,-27.851643106838598,0.054192481057405865,0.05342336470844923,0.13423127455272607,0.13052264743159844,3390.8056389050907,0.974004762016956
396,HD_168210__2016-06-14__05-47-41,0,0,32.00223668478606,31.993968670387613,3.857340988268393,3.96663646021823,55932.08653704977,-0.9128214305849436,0.049832128609467216,0.05132728772270248,0.12051412425542858,0.12483961328409968,1712.0072970696547,0.7749351614090352
397,HD_168210__2016-06-14__05-47-41,0,1,31.992236305422153,31.99374806433807,4.161981236248284,4.287245772004006,31759.615427464683,-401.5599359874117,0.07309409853704806,0.0733847767334621,0.17484044152708209,0.18077899448021528,1304.7479390474066,1.0217880485139335
398,HD_168210__2016-06-14__05-47-41,1,0,32.003916924110975,31.994851257348277,4.000760086469692,4.11604454452435,54622.768699053806,3.1136734102076042,0.04284040368737053,0.044162754879425996,0.10442867366429706,0.1084064003828265,1386.9436973473805,0.63339138384532
399,HD_168210__2016-06-14__05-47-41,1,1,31.991712017263737,31.994395597907637,4.320098328243996,4.390684837093124,32424.642576886337,-222.18983280995928,0.05294334017839951,0.05304240306610115,0.12826268489349035,0.13067927971734622,934.9550319621122,1.3251307966645465
400,HD_168210__2017-06-03__05-47-51,0,0,32.00474779933543,31.995564501089195,3.774335524656313,3.8689349476002155,63876.78706552785,-26.61682570715868,0.055177161192168846,0.05603777721385331,0.13153785196117798,0.13521909175035943,2199.2158670582235,0.9960642590348002
401,HD_168210__2017-06-03__05-47-51,0,1,32.006071958116905,31.992741676278786,3.8805640591783663,3.811899314209915,59011.23862509731,2.944104565323199,0.052760350541138076,0.05177155997177607,0.12776532823156939,0.12485388426563958,1897.7391118085395,1.2739351352505712
402,HD_168210__2017-06-03__05-47-51,1,0,32.005564616513595,31.99574716434136,3.9569101556354718,4.009630762237021,61608.796260935924,-37.214828689693995,0.04977463811161175,0.04995626204896894,0.11909630646088222,0.12082053936760898,1826.4751488929055,1.6260385828052777
403,HD_168210__2017-06-03__05-47-51,1,1,32.00741701381923,31.99266814967067,4.048103922978013,3.9579773549768436,56886.246980996366,-6.444690259946104,0.04813134833867836,0.04699677492048094,0.1176539221113556,0.11414638459353395,1600.803568957246,0.8861657590190304
404,HD_16978__2015-10-01__06-39-32,0,0,32.00086796659787,32.00395085983263,3.8101674411133106,3.970622223051061,842557.8124724296,-11.514398261645285,0.07151564947517362,0.07445763427263405,0.17203235359303617,0.18109660260199564,37414.86755099199,0.7640768879931938
405,HD_16978__2015-10-01__06-39-32,0,1,31.996991135901293,32.00145626599486,4.0293007580506845,3.971083815876477,711721.4961558982,18.029336819781516,0.08235754714120738,0.08132935938207643,0.20034414509366047,0.19681563397467072,34487.41004438016,2.3804333406708436
406,HD_16978__2015-10-01__06-39-32,0,2,31.965506610369204,32.00821416165795,3.8972038237454205,3.9993733599992893,725466.3825180087,-6.938105119234938,0.09459320732807813,0.0972261253011686,0.22870814821357105,0.23696543148076704,41725.44948805614,1.5748422734525735
407,HD_16978__2015-10-01__06-39-32,1,0,32.001156280309615,32.003143978883585,3.9690111445679563,4.10342888716821,811331.2164518312,-12.003534210490756,0.05081202465038805,0.05251094383198944,0.12323232008906806,0.1286633412358927,24596.519689334764,0.6478998900105358
408,HD_16978__2015-10-01__06-39-32,1,1,32.00158150004222,31.98109243380131,4.079305756180711,4.095150969357656,710593.7940970496,-22.014001294932818,0.04847652150025999,0.04860376730296533,0.11782396341155028,0.11827324157251573,19993.968689793266,5.222754812915893
409,HD_16978__2015-10-01__06-39-32,1,2,31.979756613477157,32.0045139482526,4.0390553728855885,4.111390552877047,711810.876367394,-9.61273142168666,0.0469402288490305,0.04782395554463586,0.11437957242415726,0.11726334290716643,19606.48013305088,1.1033059968398822
410,HD_16978__2016-09-16__07-30-31,0,0,32.012419350176835,31.985121106589368,3.8549775076538433,3.7801855542921494,953635.7422293095,14.028793630146206,0.07679172533946911,0.07538192541125134,0.18550318817266265,0.180958811845018,44972.19326046345,1.7094095354793912
411,HD_16978__2016-09-16__07-30-31,0,1,32.010500551738026,31.98693983163768,3.862762431967523,3.789904811233581,976911.3068773275,21.971675231728664,0.08552720280376554,0.08427570810401061,0.20634339774109436,0.2016660079692675,51291.50769541641,1.9684729488426715
412,HD_16978__2016-09-16__07-30-31,1,0,32.01359080060218,31.998216539459733,3.962440022392564,3.970661932110084,893857.0335064486,-26.3661965226466,0.055087112771763855,0.05514683381956629,0.13291104408289273,0.1331561163700187,29412.116633956033,11.412025950682562
413,HD_16978__2016-09-16__07-30-31,1,1,32.01312433388911,32.005269509486475,3.954408317219184,3.97545054707954,917642.2219193763,-25.748395149157385,0.054852051004721174,0.05503931599339935,0.13227399413274576,0.1330563356605682,30112.85599121987,4.447273414524375
414,HD_16978__2017-10-01__05-03-22,0,0,31.997929226430923,32.00295022720553,4.958435235417115,5.058633525692262,378481.58077289356,11.889158467477248,0.04594504602515435,0.04702814296044133,0.12026688840950153,0.12446004777003541,8272.733627071815,0.8090554911303915
415,HD_16978__2017-10-01__05-03-22,1,0,32.00081941476079,32.00333447146068,5.268331889873258,5.372197677303211,195436.04000210718,10.48069767601883,0.05504888119042547,0.056400898529440635,0.14880650035293505,0.15426985572528368,4787.069717450947,0.9459639171516161
416,HD_172555__2015-05-11__07-17-56,0,0,31.99934494958985,31.989217714874602,4.007714744066066,3.9077381557315727,766878.2928088926,40.62912954204541,0.046223116223555245,0.046026440311257195,0.11227783964255057,0.10923845820885444,21161.87256054495,0.7924275577826451
417,HD_172555__2015-05-11__07-17-56,1,0,31.99883694044627,31.99171035801441,4.151213168887332,4.079212075964264,724786.3359766912,220.8349459312003,0.04363266608154545,0.043505778996563195,0.1063066346777763,0.10425795821871124,18180.984701345253,1.0495966410464193
418,HD_172555__2015-05-11__07-51-19,0,0,31.99934494958985,31.989217714874602,4.007714744066066,3.9077381557315727,766878.2928088926,40.62912954204541,0.046223116223555245,0.046026440311257195,0.11227783964255057,0.10923845820885444,21161.87256054495,0.7924275577826451
419,HD_172555__2015-05-11__07-51-19,1,0,31.99883694044627,31.99171035801441,4.151213168887332,4.079212075964264,724786.3359766912,220.8349459312003,0.04363266608154545,0.043505778996563195,0.1063066346777763,0.10425795821871124,18180.984701345253,1.0495966410464193
420,HD_174429__2015-05-06__09-49-25,0,0,31.968953839493157,32.00825333073681,4.166383532378937,4.0375582833934756,95027.5818731845,13.463316343615423,0.06637536876769626,0.06443556704462683,0.16298065547792537,0.15679606147615127,3589.9956658414917,0.8582705803057752
421,HD_174429__2015-05-06__09-49-25,0,1,32.009561098913665,31.98373570805601,4.0754852641976065,4.4834330772071675,52321.13355431152,-38.95557194738492,0.09841442911440326,0.10055889243573847,0.22906483467864344,0.255458063392488,2879.31280256624,0.4260677735307316
422,HD_174429__2015-05-06__09-49-25,1,0,31.972191254012262,32.00898424555679,4.273795824646624,4.191039802564562,95325.70778306526,13.958659799451917,0.047629261764238026,0.046768445555351264,0.11771705845042575,0.11491191333281674,2519.441009486182,0.9685412939946755
423,HD_174429__2015-05-06__09-49-25,1,1,32.008180193873685,31.987902155908564,4.212288177986962,4.5496028681576215,53497.82811801082,-39.06072098393118,0.07481611173076703,0.07612465604454115,0.1764948310218047,0.19305407274043576,2182.2537932091586,0.39439402230858145
424,HD_174429__2015-05-31__06-34-52,0,0,32.0038635729976,31.997587852394258,3.840842878258839,3.9023196204939556,106762.59522548216,-11.015438370830497,0.052018632124714255,0.05283074726782412,0.12546169659082299,0.1279084820082708,3421.733703870223,1.4319425195693678
425,HD_174429__2015-05-31__06-34-52,1,0,32.001963133762274,31.998736203748358,3.9970524045221807,4.045888433048114,106315.02941204935,4.420158128657227,0.04605187292771884,0.046648521497245125,0.112206371135073,0.11399478012455962,2902.3316014991165,1.592870918783419
426,HD_174429__2016-09-16__23-53-41,0,0,31.988664615435468,32.009891227654556,4.232258935103151,4.013922151005553,100169.77952342044,-28.435580966440504,0.10629949446480001,0.10304084016084243,0.2620756491305736,0.24633735852584235,6023.356562025736,0.8238942598579886
427,HD_174429__2016-09-16__23-53-41,0,1,31.912694277848498,32.01486352466006,4.538218883607399,4.406669313290794,78132.07544388321,-30.54022457402225,0.11071453989731221,0.10927171799015455,0.27623224545717434,0.2672268245243942,4554.616806045968,1.4712492485700184
428,HD_174429__2016-09-16__23-53-41,1,0,31.983974481358725,32.010535856003756,4.285933607688278,4.0676471755082275,102779.20827833744,-31.60207188192926,0.04229049348647785,0.04123406581916489,0.10457935132127516,0.0984536051387838,2434.4231569279787,0.33081477684286403
429,HD_174429__2016-09-16__23-53-41,1,1,31.94159710143463,32.01566731551994,4.583030874784586,4.423321257341027,81018.84021174503,-36.06135350923969,0.06381257966781098,0.06317256000102496,0.15985353482261858,0.1534042901516059,2706.3771794591016,0.7063230589374209
430,HD_174429__2017-05-18__08-01-51,0,0,32.002500875867895,31.993781211850614,4.032282260153421,3.9877439314220924,89053.2537320791,30.48614330964749,0.06461572604688404,0.0642324117484319,0.15649390422958198,0.15448144294448324,3388.584263081316,2.4792760396778792
431,HD_174429__2017-05-18__08-01-51,0,1,31.994128007104322,31.99716984690349,3.986622037544692,3.8790225112867156,106938.74443071827,-3.562668046172446,0.05283790032122294,0.05133384802775621,0.1286509679948708,0.12423247277115372,3353.1976815192784,0.8110475904683285
432,HD_174429__2017-05-18__08-01-51,1,0,32.004362944940205,31.994449389278216,4.159064912753137,4.14558913658625,89391.09808966435,-0.8557334847849859,0.04991748566297597,0.04972927255034055,0.12295325117700244,0.12232168975660028,2541.549243760349,6.216135867725968
433,HD_174429__2017-05-18__08-01-51,1,1,31.99639416073094,31.99773382994355,4.137320349291613,4.032787375448344,105461.35969164861,-14.190939761619662,0.04532724158345716,0.044233531306296855,0.11116159900930445,0.107548836400569,2738.760580633725,0.7244022735124488
434,HD_175726__2016-06-12__06-29-45,0,0,31.99654210028899,31.996721672859728,3.900533135466849,3.952776509753922,270114.765230206,-5.4926229812808485,0.05250718041482436,0.053242742924370215,0.12718434588098762,0.12936550086709292,8611.511076993394,1.6964711919055255
435,HD_175726__2016-06-12__06-29-45,0,1,32.01147019827022,31.99621207955382,3.927854915075526,4.018150919742777,244736.58014480243,-221.22663553821397,0.06262720848530888,0.06281148064365347,0.14887304933444157,0.15256989997559514,9148.610464306834,1.1949285286541564
436,HD_175726__2016-06-12__06-29-45,1,0,31.99679708798006,31.998417819776535,4.037565370076672,4.095370383510095,261629.5248778014,4.382917506145121,0.04337744313385736,0.04404424916231132,0.105924750508407,0.10796764382429241,6662.187078737765,1.2700302980286264
437,HD_175726__2016-06-12__06-29-45,1,1,32.01034279672783,31.996240207060538,4.103660356417597,4.129469824008787,239440.12185614818,-21.404896029984048,0.048844907918597746,0.04907598946901725,0.11893100504862529,0.1197791490246786,6747.223847244703,3.2370697432000233
438,HD_175726__2016-09-16__00-00-07,0,0,31.98621043599352,31.98305958974115,3.9037660478265868,3.7952933491386585,308726.28396270564,-27.69380349542243,0.06567971098775548,0.06457826136990498,0.15873458139913108,0.15377260719933442,12360.215752280239,1.01867663631801
439,HD_175726__2016-09-16__00-00-07,0,1,31.99412606402241,31.98525386753335,4.04659194050681,3.8669470710074894,298535.54968147154,-7.469681716852501,0.0929834688988986,0.08871545464915219,0.22716719999564414,0.21422408162804482,16229.588052614177,0.848448330356629
440,HD_175726__2016-09-16__00-00-07,1,0,31.986306913215866,31.994488470203994,3.9601180236076625,4.02858608868142,298998.5867364799,-673.6774319507449,0.044894254432624195,0.044862381789223145,0.10687086031164436,0.10887075686703492,7955.887768473714,1.128578985382372
441,HD_175726__2016-09-16__00-00-07,1,1,31.996094966530364,32.00882829515587,4.117716858283412,3.988541255625705,294927.1437999795,-12.570144383940512,0.04315991764393872,0.04184337097449618,0.10579374145867007,0.10159372039509314,7325.592082212795,0.5551290884259171
442,HD_175726__2017-09-30__00-20-27,0,0,31.99992420105669,32.003831299269024,3.085130852919364,3.250415209259365,449711.4618649452,-14.920894661668985,0.11325234704068735,0.11853795788979923,0.26639692265273596,0.28134082621819656,38785.32343865663,1.168399370620883
443,HD_175726__2017-09-30__00-20-27,0,1,31.993184476724522,31.99731766175875,3.217870732925137,3.162262277011086,420322.3351492872,10.4068281181519,0.11768651454754438,0.11576959284315105,0.2784755934071537,0.2734241212530917,36261.03755417205,3.4982327066570926
444,HD_175726__2017-09-30__00-20-27,0,2,32.00448115277017,31.99258675953532,3.1088189805355486,3.060059845984413,492269.08126985247,-3.672571676141464,0.1118802047669082,0.11012853956986168,0.2642710871684034,0.25992068723994266,41752.44326375538,3.79196345076963
445,HD_175726__2017-09-30__00-20-27,1,0,31.997884033930273,31.999816928504398,3.2202562896525326,3.3523343710493294,449144.1780024204,-5.566482206124817,0.0926605618341156,0.0964346623375112,0.21912107349446128,0.22882986971308625,30479.71510867481,1.1927795992045178
446,HD_175726__2017-09-30__00-20-27,1,1,31.99585514636115,31.999251084890737,3.296002613001643,3.3528513028547478,423939.34370521584,-9.537210961962531,0.09212784615132569,0.09365054137741186,0.21811213225948106,0.2221952730028496,27945.50659082792,2.7256312602522357
447,HD_175726__2017-09-30__00-20-27,1,2,32.00416874675527,31.997927642211618,3.2022544160173334,3.268917736669257,487215.27766418486,12.706251539579384,0.08896744536661853,0.09065413028995127,0.21015720683132666,0.21477111940431873,31891.334930453213,2.2464886216034334
448,HD_176367__2015-06-07__07-25-32,0,0,31.99039553159597,31.988907249367003,3.9068345906969744,4.054171045703272,48322.24874227756,-27.4012703436391,0.05478971152882623,0.05605416437416488,0.1308693646116859,0.13658552117140932,1593.149672466309,0.641528312573551
449,HD_176367__2015-06-07__07-25-32,0,1,31.9859428528961,31.99713110665064,4.095172671104304,4.02273746097993,46201.31416397022,27.395665809313748,0.059521405367281344,0.058875134361871216,0.14483864368482066,0.14189010691224724,1596.2481930947313,1.399462898431398
450,HD_176367__2015-06-07__07-25-32,1,0,31.99327909944509,31.991232682666908,4.067033748102949,4.183257326964738,46185.06852404269,-21.82741318220762,0.04339504779832108,0.04436938971729788,0.10509474878006654,0.1088306464667182,1164.0658475145763,0.6444757071146184
451,HD_176367__2015-06-07__07-25-32,1,1,31.986502768539104,32.0006842357599,4.215437851849117,4.179706155223862,44498.07483335706,23.970830306609994,0.043846778882641976,0.04358637888172498,0.10738369738409893,0.10632258481298094,1098.267164609687,2.1012577496966007
452,HD_177724__2015-06-28__05-32-37,0,0,31.999072415156007,32.00244045602365,3.805393768492038,3.95778998145373,1083783.300199101,-23.383351670984077,0.05818271568577407,0.05986727806017996,0.1388465522498849,0.14535064861403746,39005.11708333281,0.6559616068291305
453,HD_177724__2015-06-28__05-32-37,0,1,32.00024664250951,31.99603544001715,3.9453978915972847,3.8890360788488567,290147.16011931555,-854.202200374556,0.05557079215869812,0.05559100673877837,0.13427889110877889,0.13222439634006905,9746.323079378126,1.6916518861596899
454,HD_177724__2015-06-28__05-32-37,1,0,32.000314967129626,32.00531432528246,3.9713464491450474,4.099854914202252,1037320.0045566947,-15.404789069605432,0.05173200976816,0.053287502169139946,0.1252344222836403,0.13043280478572106,31968.63827735987,0.6908260172249984
455,HD_177724__2015-06-28__05-32-37,1,1,32.0060760880775,32.00114044322891,4.049384559332953,4.080575715776034,280769.14928583783,-11.262549672028872,0.04569452582247886,0.04604249010446647,0.11149023724754885,0.11258058057974797,7505.114398671662,2.4799750616808827
456,HD_177724__2016-05-31__07-06-55,0,0,32.007543982323405,31.988604077393834,3.8361972993932896,3.893880066123751,2346463.090117767,-12.760221128539825,0.07624038667087175,0.0773137701410315,0.18375446819730998,0.18697132122073137,110320.38785720183,2.2369767738515627
457,HD_177724__2016-05-31__07-06-55,0,1,31.999265439338902,31.979217930343676,3.964844565780458,4.105250942465739,1137382.1327647474,-17.57061130097621,0.10722125779912561,0.11052114515060482,0.25901196089532447,0.2702487842738706,72688.42417616601,1.3131692689673797
458,HD_177724__2016-05-31__07-06-55,1,0,32.0082909784234,31.99970997215869,3.950911191858286,4.066129117889199,2297407.771697555,1.4173619260499557,0.04987020139055519,0.05142726767691229,0.12125430887128155,0.1258713937422572,68750.12212025542,0.7371607362690947
459,HD_177724__2016-05-31__07-06-55,1,1,31.996002642058976,32.001102351375465,4.037461061091859,4.167265417561265,1148491.7006319107,-8.728840425254218,0.04385997014051352,0.04533030424369656,0.10694134301048241,0.11159131467261252,29577.841254387644,0.5786206873763099
460,HD_178253__2015-06-06__07-40-23,0,0,32.00793735235399,31.99833266949366,3.752089301553682,3.868057108161697,1201301.8646256484,1034.5713954640041,0.05894021652706697,0.05890498779868306,0.13850715457724588,0.14304285691643392,43952.588979130735,0.8666860197192188
461,HD_178253__2015-06-06__07-40-23,0,1,31.990245492793836,31.992540501869428,3.7722942978596055,3.861089142875312,1149873.509596226,-25.611937158141384,0.050224331188560935,0.051001313887913624,0.11978491126526127,0.12298717714404536,36078.32047933208,0.964636654375334
462,HD_178253__2015-06-06__07-40-23,1,0,32.00513545206246,31.99860333601942,3.9312342860154867,4.011523092585363,1109014.0556735788,-38.0398729151544,0.05203821434789004,0.052304144805147806,0.12404661146135715,0.12680685456383503,34498.61647431154,1.1166712936387386
463,HD_178253__2015-06-06__07-40-23,1,1,31.98835671260956,31.99252182852338,3.946681578673228,4.01231633217383,1066791.88467824,-15.416011193743579,0.04787395535672747,0.04860873830379834,0.11579783849860967,0.11822870604410904,30625.443248923126,1.2406703364645684
464,HD_181296__2015-05-05__09-22-43,0,0,31.99523059919222,31.992899162440494,3.7249520229071167,3.8526892479309582,486996.05847738363,-14.307110226777707,0.055332068902956694,0.05707448453477437,0.1324399759116976,0.13785309765240156,17089.68194763831,0.7387840649978623
465,HD_181296__2015-05-05__09-22-43,0,1,31.993347055027126,31.991194132058375,3.823150782594141,3.907711737566878,402003.52566413453,-12.901162981564417,0.05153763318273951,0.05262006140852954,0.12403332903894343,0.12738392326368336,12818.841373093783,1.034983664407928
466,HD_181296__2015-05-05__09-22-43,1,0,31.99546308743436,31.99844161000934,3.89765638083657,4.012756832979053,444429.2727295664,-7.861859315159945,0.05283372068493595,0.05444143732969474,0.12785100266206176,0.1327270331757917,14270.956083655497,0.7822596043544857
467,HD_181296__2015-05-05__09-22-43,1,1,31.994149833565082,31.993968506173932,3.9835007356766696,4.06049474899667,373815.38890086993,-3.0079084706579873,0.04846807649891021,0.04947193437130558,0.11798096705871997,0.1209997740675286,10780.397314330172,1.0669824903768923
468,HD_181296__2018-05-08__09-58-19,0,0,32.00636089033957,31.990381496916527,3.848800096687069,3.805732053969662,400650.1534383312,-223.81198489512911,0.05695254248724128,0.05691298411901948,0.13690242634957006,0.1352739058696666,14102.805390307301,2.2566026323079904
469,HD_181296__2018-05-08__09-58-19,0,1,32.007998124536655,31.999031369901136,3.8190488853244338,3.868688452158678,359229.99315317697,27.890446445424438,0.055998103330484536,0.056421891388766916,0.13393233191829468,0.13585288455673752,12431.674930430518,1.922802489190393
470,HD_181296__2018-05-08__09-58-19,1,0,32.00838218606024,31.9923841231756,3.975501068380692,4.034031864911222,365055.2665079646,220.65855431477638,0.05811483789417567,0.0582363581133179,0.1388637581955095,0.14107313036120012,12559.388849125357,1.7125208386024748
471,HD_181296__2018-05-08__09-58-19,1,1,32.01182042146732,31.99800458466604,3.9684159325134334,4.0244136003082085,335418.9158210751,25.522498836467143,0.050714029930406336,0.05118423962174906,0.12220544369045025,0.12416980246775611,10127.134460733945,1.5512569727895975
472,HD_181327__2015-05-10__09-12-24,0,0,31.989048476429907,32.01116751030351,3.8973378767220352,3.936203684719814,166133.46667825704,-13.639764668850956,0.0597611811176042,0.060344819660917745,0.14435972641157363,0.14630934720251124,6030.372531332475,2.6011248622010843
473,HD_181327__2015-05-10__09-12-24,0,1,31.990090976212564,31.98384546979372,3.9662291895051083,4.195812830827004,137953.25123868775,-21.196561326388863,0.06540008477985398,0.06840492058066187,0.15711153539889583,0.1683625666454672,5356.759295359383,0.4957672628750609
474,HD_181327__2015-05-10__09-12-24,1,0,31.990155948555092,32.011142499988935,4.054159358727307,4.0906341425683586,161688.31766701725,-6.711350454589734,0.0537628593399733,0.05429591645302566,0.13132118046388547,0.1330738678887918,5081.84353807708,2.4909726235373637
475,HD_181327__2015-05-10__09-12-24,1,1,31.98972481537915,31.988985737194692,4.100387736666595,4.326128655319994,136176.0807121886,-17.88210301382782,0.04979545333218142,0.052244112803703356,0.12093145616591272,0.12971392442525886,3907.1981214053685,0.3850204767995157
476,HD_181869__2015-05-13__09-10-43,0,0,31.97786642749265,31.992029747256044,3.8116351602506615,3.8500336304007576,1068423.4059900665,-6.051254933435088,0.05055291989315555,0.05108589393397374,0.12180157633841424,0.12340715685262188,33538.970927128044,2.2159691735620566
477,HD_181869__2015-05-13__09-10-43,0,1,32.03250098421346,31.971781927442667,3.9888797630677355,4.176509878929416,816872.5517817505,-28.86306307142692,0.11939939074377276,0.12247442776334831,0.2855378967264161,0.3006816964318083,57315.419443207786,1.106401410549758
478,HD_181869__2015-05-13__09-10-43,1,0,31.98034555569067,31.993221572045197,3.972611221212169,4.001565878308956,990873.3155886357,12.818230468402499,0.04577232594709255,0.04610433786034404,0.11101202015932056,0.11211407090902091,27037.749846623643,2.6731839183707775
479,HD_181869__2015-05-13__09-10-43,1,1,32.03254254244206,31.9744263154407,4.134677689996169,4.286653532184085,779005.9572673069,-19.880867799320733,0.08887225282191132,0.0915118235223761,0.2165071041869217,0.22610849378770623,39539.21901412256,1.0143720933889602
480,HD_181869__2016-05-21__07-53-18,0,0,32.007402161147674,31.99643409098839,3.8748985079190583,3.7815257885400597,1004003.269664037,36.46912297653836,0.057285070247019065,0.05684713128760969,0.13834254592151116,0.13473327266796087,35413.2334598461,1.0417546416039425
481,HD_181869__2016-05-21__07-53-18,0,1,32.002659019109025,31.9888859986812,3.979181287835466,3.8415798701506203,868138.7905802878,222.18427307436315,0.058263884062975516,0.05803865121908218,0.14201277311139884,0.13673986867988178,30558.595885961022,0.7241244748821924
482,HD_181869__2016-05-21__07-53-18,1,0,32.00849815349582,31.997283653977306,3.962481209763604,4.016241771004687,922886.5423963056,310.73117592544475,0.051291044634571695,0.05117088712329203,0.12228772237044581,0.12410713424954704,28067.15945849393,1.640985112252887
483,HD_181869__2016-05-21__07-53-18,1,1,32.0055090801471,31.99078280891264,4.013216486333064,4.112165151444129,809027.0648621271,-943.5142505421408,0.04893168586881636,0.04898479544872486,0.1164494069412682,0.11959045848951783,23094.140460497874,0.8558623842790551
484,HD_181869__2018-05-08__09-04-47,0,0,32.00185309443512,31.989667656246795,3.9145325878868045,3.8371904311615954,271414.75637546385,-33.52561209114279,0.05371384283022284,0.05326435834795359,0.1296807927683173,0.12684012251365515,8865.415660506731,1.1794691704094566
485,HD_181869__2018-05-08__09-04-47,0,1,32.00521763902919,31.99209246564954,3.823097765657612,3.902139042839443,832152.3960881913,27.759141950464553,0.051017284312946706,0.05163647807669389,0.12185323571979224,0.12464806547835675,26170.3537195426,1.1029512707755176
486,HD_181869__2018-05-08__09-04-47,1,0,32.004645413988655,31.99098898853503,4.066586333557079,3.9872753696673815,250542.11337120333,-37.705439409976464,0.04873604369630163,0.048464071382288046,0.118375367312869,0.11580474785618933,7161.740192733327,1.0559408865077005
487,HD_181869__2018-05-08__09-04-47,1,1,32.006994178395104,31.992659936902303,3.9743467952108276,4.067866961871994,762775.6419438218,27.930536860313573,0.04835859470547747,0.049030545906929575,0.1161554835342621,0.11928006148144761,21877.427564365113,0.890591105051494
488,HD_188228__2015-05-12__09-04-54,0,0,32.008398511627064,31.992163604011868,3.8242199175028513,3.881035382555497,1140544.1151406623,-33.37627505735969,0.05328216596759031,0.053599015118170196,0.12704949321915784,0.12907099948348597,37441.673765597654,1.6026635677203755
489,HD_188228__2015-05-12__09-04-54,1,0,32.00804534670675,31.994266062895093,3.9948427458896787,4.037032392638744,1071088.096994216,-18.465517667411827,0.046331395452422305,0.046740472136118934,0.11229418895360413,0.11368554531388049,29397.094092133062,1.869807773051295
490,HD_188228__2015-06-01__07-40-44,0,0,31.97268766973268,32.00657855713506,4.139157945749931,4.050338040564777,640658.3848590003,21.842409343934555,0.09140989238459579,0.0899256481609804,0.22337880144552305,0.21783099699005912,33609.665766190505,1.7405314137054557
491,HD_188228__2015-06-01__07-40-44,1,0,31.975939971891457,32.008208064017786,4.271274855412405,4.179197019610124,640532.5881172569,10.287024382001224,0.06366356867111042,0.06229072324279965,0.15757633293800372,0.15324864629406681,22626.272397138957,1.1567127533628778
492,HD_188228__2015-07-01__05-14-12,0,0,31.948549496217066,32.01393242840591,4.132140002539135,3.927446421164325,157527.10561473158,-30.415394339311295,0.09837946643049855,0.0959029409715374,0.24109734998891028,0.2279291220153331,8992.649739192715,0.8128238748593996
493,HD_188228__2015-07-01__05-14-12,0,1,31.95845255115197,32.03115215150132,4.009761895260783,4.082032341804282,323433.32319805265,-0.7008820607271607,0.11557499043882939,0.11798829777182329,0.2814004822060987,0.2895050828569839,22112.952828700945,2.709795661217344
494,HD_188228__2015-07-01__05-14-12,1,0,31.95745868238195,32.014323620861894,4.237484231490555,4.06585275931649,154836.3654616502,-35.52222987449163,0.07690277110198432,0.07587372616005772,0.18930643950281187,0.1808439165693993,6749.702736639796,0.7709666534375885
495,HD_188228__2015-07-01__05-14-12,1,1,31.962672619839736,32.02895727564085,4.125291646124623,4.199044399642126,316055.60380544624,3.114663259025447,0.09004259312939404,0.09193735016794642,0.22082692959701597,0.22730964778512336,16371.298915440158,2.074940270922854
496,HD_188228__2016-05-25__09-18-36,0,0,31.985150169562406,32.00288781916548,3.8703005707650413,4.1969898451425465,681170.9935241257,-9.513744332992003,0.10647116989827678,0.11567899196172161,0.2567013566356713,0.28557911202750447,44414.7431652032,0.5712727963211011
497,HD_188228__2016-05-25__09-18-36,0,1,31.961457254316734,32.0375587195309,4.0570444527315725,4.224344128648039,396821.90406883205,31.264100884288887,0.1314832081471287,0.13441757210548927,0.31473913568077916,0.33072419398366865,30181.311439801277,1.3717098435507435
498,HD_188228__2016-05-25__09-18-36,1,0,31.985768112618082,32.007184440990336,4.031370470723041,4.31426993914099,654115.9206572293,-5.972688467889176,0.08506867226466298,0.0915506177172895,0.2073825333889018,0.22798704500389605,32792.71596076361,0.5251967540402802
499,HD_188228__2016-05-25__09-18-36,1,1,31.96603143968029,32.038437579686665,4.1685235402413525,4.365783242748937,385803.11237947864,31.1338235242103,0.10206207395050866,0.10473963642494839,0.24535005019608605,0.2599730070904853,22145.45025481458,0.9115207504860288
500,HD_189245__2015-05-14__08-55-56,0,0,31.99718284398625,32.00585867648469,4.861758030498419,4.953444590500795,440632.6781957977,10.46788824387997,0.051286368891931604,0.05242903369943164,0.1332369861910686,0.13754225678129806,10982.7778968644,0.9790669185738318
501,HD_189245__2015-05-14__08-55-56,0,1,31.997847491271944,31.996997731802313,4.876738105359906,4.932856078578382,443680.49105836346,18.662631675121208,0.052735994770570636,0.0533296837439212,0.1359376176471323,0.138383237228341,11319.031416430877,1.6686051579787295
502,HD_189245__2015-05-14__08-55-56,1,0,32.00194061569125,32.0111996713919,5.148979471164588,5.226424578653886,232423.57683795074,16.52918850575027,0.06104993663200138,0.06208526613780258,0.16176563493534374,0.16604376625278428,6469.821400173792,1.4179827153575537
503,HD_189245__2015-05-14__08-55-56,1,1,31.997733272699527,32.002142862907135,5.197150124974854,5.165391414596964,234043.13722789692,123.92728964793758,0.06011887775426003,0.06031570377152405,0.15671958802239166,0.15533405856544372,6384.115929740119,3.5722527196903058
504,HD_189285__2015-06-03__07-33-54,0,0,31.97623947755024,31.989151483450687,3.7654390543474787,3.9474211188139616,30277.34540276189,-33.00652625225892,0.07341042554576663,0.07492308704375401,0.17305788034568625,0.18228413005975577,1377.7563020552939,0.6934905601173706
505,HD_189285__2015-06-03__07-33-54,0,1,31.944800174264472,31.98051667751228,3.9713111460103447,4.04397027786873,26261.85407293525,-29.387552856837754,0.11680303035479456,0.11805367529099497,0.2801180051042698,0.2862966526734112,1822.5831961406807,2.7633610281928327
506,HD_189285__2015-06-03__07-33-54,1,0,31.97802669471604,31.993086420146724,3.9287847061763794,4.072252050185657,29385.6728943691,-19.903645386441152,0.05749123480422104,0.05923106434110168,0.13828672028107244,0.14457113474783023,1015.2222077255074,0.6895174441720164
507,HD_189285__2015-06-03__07-33-54,1,1,31.954599670213618,32.005403164229264,4.059881993739096,4.1276558955935565,26288.53582914368,-4.704773504040959,0.05888663035404076,0.05999896327615214,0.14373023486762868,0.14742935733757948,904.3931526636582,1.4736661402105091
508,HD_189285__2016-05-29__08-29-20,0,0,31.979644163033264,31.98059404940751,3.906292614465965,4.012121313438936,26919.31592724351,-36.43458908725346,0.10172884805136635,0.1025878742034244,0.24183089206698455,0.24901946158737231,1644.644139044319,1.6549705255289184
509,HD_189285__2016-05-29__08-29-20,0,1,31.979047147688657,31.98779232685309,3.937313755660791,3.966692454523959,18016.798163807187,-225.3413988977749,0.07555268103736819,0.07555629712588893,0.18056580716771253,0.1820129076771023,815.6028685292781,4.420653216497001
510,HD_189285__2016-05-29__08-29-20,1,0,31.996185693938244,31.99388335434577,4.024848909124733,4.059943198691629,27024.923774404306,-24.339475907107012,0.047045371840047485,0.04733552801718409,0.11379012469809972,0.11496801881358445,747.3221208441579,2.2939562929434065
511,HD_189285__2016-05-29__08-29-20,1,1,32.00385498064097,31.99416423951903,4.0776609004475945,4.031208186183068,17879.03100637999,-28.113966500251866,0.04358840699092325,0.043281044395444584,0.10587797191251734,0.10443164741468286,453.7181221148433,1.6023411063700561
512,HD_189285__2018-05-07__09-40-24,0,0,31.981196460483268,31.983033994221003,3.8031390486897396,3.9058851055320742,31563.175357107317,-1.1223454177585337,0.08790480300160522,0.09041138143458693,0.21183616215176448,0.2190512817538872,1727.8036850191775,1.4518224071542924
513,HD_189285__2018-05-07__09-40-24,0,1,31.991646166982438,31.991271044601504,3.8181183795204143,3.892603800111924,30648.39214924262,11.255441744585536,0.05217123789469044,0.05316319023870071,0.1256115636931373,0.1286243559999256,990.8664909057115,1.1869329565215219
514,HD_189285__2018-05-07__09-40-24,1,0,31.99275098072017,31.993927496152025,3.9389105549354824,4.039632840841338,30587.140012150936,21.706502475717542,0.04841936971003353,0.0493820936755028,0.11655868923491661,0.12016081788846646,887.9162474938996,0.8242769996567407
515,HD_189285__2018-05-07__09-40-24,1,1,31.995243489740076,31.99443149736017,3.9676991760033933,4.061981018385844,29385.857709956876,33.24845163614963,0.04511309803170671,0.04556928120081501,0.10788007487040742,0.11076344438270562,785.9867621784839,0.8257158800006776
516,HD_192425__2015-06-22__06-08-20,0,0,32.007964118224756,32.00239658137558,4.87816313796087,4.967543038515798,213629.4084593827,1.3601330663336877,0.07377025673308973,0.07542646014984224,0.1929629241301953,0.19901012443260563,7633.158717031305,1.430147300663277
517,HD_192425__2015-06-22__06-08-20,1,0,32.00422561822997,32.00745002515737,5.178306917781875,5.257617824468212,109896.1146734519,5.968459939348338,0.059703376076131735,0.06088317481624101,0.1606073128582125,0.16519065262016583,2976.5410871523977,1.3216290894004177
518,HD_192425__2015-09-28__00-51-15,0,0,32.019264180980606,32.00681664660407,4.04764750539432,3.9955775100915654,470182.34883441485,13.110224422532509,0.08907169870331022,0.08794229634367241,0.21743582196446973,0.21370656374702426,24508.203994778163,2.8696057870311447
519,HD_192425__2015-09-28__00-51-15,0,1,31.895750042724117,32.007187882480636,4.4073500735284945,4.354736330774668,299355.38476111554,-215.07069475977679,0.17073486789159548,0.17046205494409059,0.4202856151645511,0.41545995978784533,27639.856877784732,5.699963851342502
520,HD_192425__2015-09-28__00-51-15,1,0,32.021370144696284,32.00694927392393,4.170702350562658,4.135868023612495,454135.9903343565,-8.747193209466847,0.06786699493063292,0.06725036336650436,0.16719292981506859,0.16513816607613852,17502.13531856347,3.2709743422959514
521,HD_192425__2015-09-28__00-51-15,1,1,31.902419509924293,32.00673957354155,4.51812662127139,4.4217147576841125,297821.5736957119,-36.93666627486548,0.12367149892916977,0.12321509447773255,0.30720018965484197,0.3000320791997336,19498.46640132509,2.269762291217269
522,HD_192425__2016-06-11__07-27-45,0,0,31.97204412954737,32.00512388436792,3.956250111941348,4.297525555320624,230433.03722773737,1.6768597688657587,0.10188111970038959,0.11157110453131122,0.24739329682214156,0.27756564866371186,14114.093599573767,0.5246115941678854
523,HD_192425__2016-06-11__07-27-45,0,1,31.99733852211705,32.007398443325805,3.819096270191761,3.966841512451645,457272.4868642141,-29.108555214808085,0.06439572678464461,0.06578549551094597,0.15306710496029965,0.1598023646129891,18095.988028420812,0.7497884122900799
524,HD_192425__2016-06-11__07-27-45,1,0,31.977957885672648,32.01468586643794,4.090024586083367,4.4377754376570415,222558.14245728514,9.448659417720933,0.06866070486541673,0.07489741413173455,0.1675646284968524,0.18826080424000913,8873.197967242895,0.3486118010308795
525,HD_192425__2016-06-11__07-27-45,1,1,31.99921694823484,32.00945526732567,4.002792961014018,4.087639053258148,429702.64364050573,-14.247545379930358,0.04958331786377516,0.05059147853408442,0.1203892995302393,0.12373829859929066,12602.68014494636,0.997461978732026
526,HD_19545__2016-10-13__05-55-29,0,0,31.996133312469798,31.992168154007917,3.808659909616394,3.924324230546856,194699.92422466862,-15.088002606248603,0.04981013339529568,0.05118784234985532,0.11963561882629602,0.12402896496360805,6018.395578065634,0.734687649888557
527,HD_19545__2016-10-13__05-55-29,0,1,31.99695527190287,31.990215253919267,3.8540862703443697,3.942407566478058,198789.91766067618,-16.117265226776205,0.04868521496563492,0.04968027425998234,0.11717230490684939,0.1204060719109692,5937.032006485237,0.9385319027827229
528,HD_19545__2016-10-13__05-55-29,1,0,31.9970386284863,31.992645175932704,3.9742453200838965,4.081196500792824,183284.7084007839,-13.131939682932968,0.045600192102220646,0.046781869342391154,0.11056860472679159,0.11436300305012012,4978.684213355718,0.7285411125859091
529,HD_19545__2016-10-13__05-55-29,1,1,31.99887262703064,31.991759449087247,4.011718171721539,4.09917325197496,186502.24113125444,-10.222603493228156,0.044238551132630505,0.045210002461063596,0.10766947872088566,0.1107026333985181,4872.270056312893,0.8613720797008322
530,HD_197481__2015-05-16__09-14-50,0,0,32.00062062283325,31.99288666920028,3.7615874778900493,3.8267894081493394,608042.3599849893,-2.0900516261132145,0.05537802808332301,0.0563778085839059,0.13327815938047233,0.13607904121363967,21185.686645885064,1.4332937071999048
531,HD_197481__2015-05-16__09-14-50,1,0,32.000621375156925,31.99723446262968,3.9211040067695753,3.9820412313979396,634732.8164564244,5.31597387539679,0.05175451260308012,0.05259627145329328,0.12552439693841758,0.12801693076384077,19844.560833839754,1.4359631838741127
532,HD_197481__2015-05-30__09-11-51,0,0,32.006570627081175,31.995727645135144,3.744836314432423,3.9009310273739723,557071.7478025167,-17.268851318586883,0.05672732221373381,0.05876358459534711,0.1356438382751851,0.14231030599736358,19909.803408263193,0.622796247157292
533,HD_197481__2015-05-30__09-11-51,0,1,32.00450034749314,31.996984568473017,3.764639372527656,3.8478474928748505,594898.4648109829,-33.95066857585592,0.05142689138659596,0.051868478314108166,0.12209373917032958,0.1250027828029771,19098.508166704698,1.0556094330165338
534,HD_197481__2015-05-30__09-11-51,1,0,32.00671163413247,31.994671975883655,3.9124420551187242,4.0571261493315,575658.0446321033,-10.500219478165477,0.05105319181350975,0.05293278925597794,0.12354552412329514,0.12933660261573007,17787.08438162571,0.6044132185663598
535,HD_197481__2015-05-30__09-11-51,1,1,32.004427018528105,31.99580563665938,3.9421437850198617,4.002604101586776,610412.8026970265,-20.12820933124495,0.050565548778171536,0.051191072806811906,0.12204925706968789,0.12427155337985397,18514.002421759968,1.4262800522733146
536,HD_197481__2015-06-27__06-38-09,0,0,31.996928524185357,32.01629121951624,4.89204043899191,4.976644128561595,306213.8927415275,-14.546686384714686,0.05697935102636651,0.0581118342687048,0.14781375103343025,0.15222395079961873,8418.223173782733,1.189972169263277
537,HD_197481__2015-06-27__06-38-09,0,1,32.00663248222579,32.005264759741735,4.851188009894632,4.999946240207818,204646.72364940325,-20.253950482444193,0.052482843095042524,0.05399640748797063,0.13450472022881121,0.1409306848206204,5215.0756232361155,0.6355509758950177
538,HD_197481__2015-06-27__06-38-09,0,2,31.996902951166653,32.01576561071548,4.91687483104285,4.984862835943085,273460.9284307364,-31.1676999179397,0.05178835264980887,0.05225581631480655,0.13157502509878866,0.13421989440518436,6772.066196950324,1.4014986348897127
539,HD_197481__2015-06-27__06-38-09,1,0,32.00108809519085,32.01255524665251,5.2004501096457965,5.272645700209464,162971.37672776997,-12.8663947745446,0.05796527814156306,0.05895880264050406,0.15519902743212066,0.15917861465292973,4262.755079268851,1.4318485570069965
540,HD_197481__2015-06-27__06-38-09,1,1,32.00215747064947,32.00755015387318,5.181536527824679,5.289760217505704,108157.44303555888,-19.329469825933906,0.055650074173144694,0.05685523571524067,0.1471784659010273,0.1524318699201311,2723.0120153172174,0.938897125228683
541,HD_197481__2015-06-27__06-38-09,1,2,31.997643105384412,32.011300711582486,5.283215177186177,5.2445413985375575,145428.01729885838,223.08463338253907,0.053713221182551604,0.053729293025412406,0.13983170257510358,0.13843367319143404,3475.69393432277,2.670063107415141
542,HD_197481__2015-06-27__07-46-40,0,0,31.996928524185357,32.01629121951624,4.89204043899191,4.976644128561595,306213.8927415275,-14.546686384714686,0.05697935102636651,0.0581118342687048,0.14781375103343025,0.15222395079961873,8418.223173782733,1.189972169263277
543,HD_197481__2015-06-27__07-46-40,0,1,32.00663248222579,32.005264759741735,4.851188009894632,4.999946240207818,204646.72364940325,-20.253950482444193,0.052482843095042524,0.05399640748797063,0.13450472022881121,0.1409306848206204,5215.0756232361155,0.6355509758950177
544,HD_197481__2015-06-27__07-46-40,0,2,31.996902951166653,32.01576561071548,4.91687483104285,4.984862835943085,273460.9284307364,-31.1676999179397,0.05178835264980887,0.05225581631480655,0.13157502509878866,0.13421989440518436,6772.066196950324,1.4014986348897127
545,HD_197481__2015-06-27__07-46-40,1,0,32.00108809519085,32.01255524665251,5.2004501096457965,5.272645700209464,162971.37672776997,-12.8663947745446,0.05796527814156306,0.05895880264050406,0.15519902743212066,0.15917861465292973,4262.755079268851,1.4318485570069965
546,HD_197481__2015-06-27__07-46-40,1,1,32.00215747064947,32.00755015387318,5.181536527824679,5.289760217505704,108157.44303555888,-19.329469825933906,0.055650074173144694,0.05685523571524067,0.1471784659010273,0.1524318699201311,2723.0120153172174,0.938897125228683
547,HD_197481__2015-06-27__07-46-40,1,2,31.997643105384412,32.011300711582486,5.283215177186177,5.2445413985375575,145428.01729885838,223.08463338253907,0.053713221182551604,0.053729293025412406,0.13983170257510358,0.13843367319143404,3475.69393432277,2.670063107415141
548,HD_197481__2015-09-25__01-28-20,0,0,31.997479539846513,31.997621065078793,4.979519752813461,4.895283358652924,315091.85220971936,8.578242250652936,0.055592970761364914,0.05447913193228304,0.14639251932660677,0.14221856219195078,8283.030556680953,1.1283889512821519
549,HD_197481__2015-09-25__01-28-20,0,1,32.005226170168065,32.002068973953776,5.0014196510498925,5.093558980426215,294608.3590820594,31.33975450220076,0.06814358687994444,0.06885723513090192,0.17393790350354288,0.17848394327018954,9407.047384072697,1.37358448145971
550,HD_197481__2015-09-25__01-28-20,1,0,31.998259113359307,32.000072695450456,5.278298549728718,5.19725363355902,168371.40529201156,6.661126599548904,0.056233415106067906,0.05514703639482127,0.15283111280329856,0.14856563788801908,4196.4305592168475,1.1970425822727502
551,HD_197481__2015-09-25__01-28-20,1,1,32.01532380551014,32.005195099260085,5.367208801642452,5.264175061012001,161007.05802492867,125.67745651217601,0.048683687857711634,0.04904812442052328,0.1294606171756547,0.12591548428346644,3459.309011488321,0.9077428957902334
552,HD_197481__2015-10-01__00-20-11,0,0,31.99948828890668,31.995678429431372,4.933878075098682,4.9794277358216315,352845.0264538095,3.947289314338932,0.0771637005404517,0.0780276483570736,0.2027578958829021,0.20594971015271785,13022.96848935391,2.9266573515743546
553,HD_197481__2015-10-01__00-20-11,0,1,31.99395153778867,32.00070160032009,4.922478252220238,4.965550834956198,349873.7125291608,22.068201324116327,0.08563821748113915,0.0863377275852779,0.22060672523063402,0.2236520563334519,14349.16989702392,3.5670321627392707
554,HD_197481__2015-10-01__00-20-11,1,0,32.00944187018269,32.00191545056037,5.214956057128014,5.251608067830184,189327.50338198923,28.98734149948314,0.05627013007619332,0.05651444848025128,0.14697630737717024,0.1484941882556136,4780.541779747987,2.871661277694961
555,HD_197481__2015-10-01__00-20-11,1,1,32.00256196054874,32.0132388962678,5.188483215427822,5.253060194352967,187445.7674085759,-149.54492358844288,0.057353929361458576,0.05784665022963428,0.14899001629742603,0.15182707793398215,4846.43055720624,1.6699935986900483
556,HD_197481__2016-05-21__09-43-27,0,0,31.993035386912965,32.00100861409991,4.95352959581347,5.1097629080287215,311736.9594341866,-0.5028954718191915,0.0781813718737215,0.08134045779883205,0.20593440692625314,0.21773441357893134,11633.975837008904,0.8775028488449341
557,HD_197481__2016-05-21__09-43-27,0,1,32.00783576179738,32.00906629837965,4.93319303302283,5.03832340347902,312143.25029078947,-1.4561259475210622,0.050130823045100206,0.051476300015120824,0.1318262382207196,0.13680240614330877,7490.413357242265,0.8297191949561972
558,HD_197481__2016-05-21__09-43-27,0,2,31.99972564415077,32.00311176778306,4.946109303988321,5.112206408737822,303485.3788773462,-6.75643167221679,0.046586491355122626,0.048522190633732275,0.12235278323729312,0.12966456424731873,6754.783350129518,0.4946513777325972
559,HD_197481__2016-05-21__09-43-27,1,0,32.0033573148282,32.01352924762265,5.222491277632413,5.383397351941554,169252.8511381875,5.848912868140578,0.051258129397492996,0.05334597919718854,0.13849826958899797,0.14670074878917477,3903.130622978462,0.5667518078615834
560,HD_197481__2016-05-21__09-43-27,1,1,32.00478050768636,32.012419406408206,5.25360838332878,5.337314587097666,167023.80753741623,0.11366409468506206,0.05103532074704199,0.05213790500120836,0.13865636799992,0.14293835705930352,3805.7677828618325,1.0693464581498309
561,HD_197481__2016-05-21__09-43-27,1,2,32.0052784615843,32.00216008832998,5.248694068536246,5.392535053235524,163788.09614629459,-1.499152213762553,0.05025530210893946,0.05206914322752023,0.13644595255953357,0.14358383677822179,3682.6247702175074,0.6179064296324224
562,HD_197890__2015-06-04__08-15-32,0,0,32.00765951007655,31.99169765916433,3.802286277846255,3.9468323003636123,74332.91096927933,-3284.7569485330073,0.0589327765525209,0.05893933172581675,0.1382753286852706,0.14388744735520256,2675.804241474148,0.6974652361532483
563,HD_197890__2015-06-04__08-15-32,0,1,32.002489596194586,31.9929733063695,3.98823948869341,3.80974421792846,73912.72980818036,28.394085943242096,0.08206524436492635,0.07989963226117147,0.19977220857780884,0.1896265969202989,3633.4046722111166,0.7716739833427863
564,HD_197890__2015-06-04__08-15-32,1,0,32.00689900319926,31.995864934046484,3.980763046515421,4.066714237307713,75100.71360323559,-29.100852193571427,0.04669692094530741,0.047257235435888674,0.1121479665486929,0.11490731954239702,2076.706549508688,0.9360945464695569
565,HD_197890__2015-06-04__08-15-32,1,1,32.00290999823966,32.00056103825439,4.0927713042638665,3.987595965170755,74983.09146313094,34.95797007757509,0.06034172161272602,0.05975921202185489,0.1470071750587751,0.14277462240536146,2639.7559335284914,0.9830824203947872
566,HD_201184__2015-09-29__00-46-20,0,0,32.00558806315477,31.990599850771314,3.8797580394398072,4.001735731112085,244088.41067080724,13.151207769802273,0.04934701482759741,0.05081732528572204,0.11907586176607086,0.12367303711548558,7344.620186643876,0.6911751783422205
567,HD_201184__2015-09-29__00-46-20,0,1,31.990997905439944,31.993272567265517,3.846022538435665,3.8938846430525227,306500.3852891267,-2.749543507451375,0.04880107163793046,0.04944203259887124,0.11788725850459995,0.1197526027845978,9208.11639036228,1.7179989997366991
568,HD_201184__2015-09-29__00-46-20,1,0,32.0058447377776,31.9917570175208,4.0198006372485,4.154728434844767,231020.56821302665,16.127148976504742,0.04088280325559757,0.0421299332134128,0.09919040516906473,0.10339243341488925,5557.669292337975,0.5211821694452847
569,HD_201184__2015-09-29__00-46-20,1,1,31.992912670835935,31.993364278114335,3.9869311267031686,4.053085755256552,283987.6189787987,5.952241399773656,0.04577837400317656,0.04657919386178727,0.1113930315240792,0.11382742480798828,7726.856075433647,1.1721688780636208
570,HD_201919__2015-06-03__09-04-45,0,0,31.97247510984396,31.99537241541857,3.9682444422143295,3.899367633390761,31161.49434107438,-48555.847273433945,0.06544470031409418,0.06543108453521743,0.15838571299319112,0.15544380353579287,1227.2724240389696,1.6300730001277568
571,HD_201919__2015-06-03__09-04-45,0,1,31.99428525961431,32.00171393971343,3.9165642329400074,3.807809168093319,36286.28743702031,35.95371104487625,0.06384974289649041,0.06326876445802185,0.15456093742511753,0.14993399195075846,1413.217514670267,0.9971887151256486
572,HD_201919__2015-06-03__09-04-45,1,0,31.975232982979076,31.997628254448628,4.064062402066781,4.099323368196748,31788.0426754676,-7.181821107452324,0.05132784866003588,0.05181831086212027,0.12535558269749508,0.126980941999737,951.583656903834,2.459428889847322
573,HD_201919__2015-06-03__09-04-45,1,1,31.996658546886707,32.00363577849148,3.9966425936786507,4.031887297392476,36657.72309827359,-220.1341287771645,0.05359819312740331,0.05369063083314696,0.12850259469388858,0.12975206035001655,1160.2652676802322,2.6236076050665997
574,HD_202917__2015-05-31__09-36-58,0,0,32.00507326445327,32.00114234883552,3.982028205855992,3.884045870501354,59618.565474317504,18.498554396588162,0.06399280853615859,0.06264602053851971,0.15543487130704722,0.1507837449222332,2272.4388379732445,1.092620631943981
575,HD_202917__2015-05-31__09-36-58,0,1,31.991017037959093,32.00776245299908,3.860411734734248,3.9106022595576237,66712.58601394529,312.44615529562225,0.05308641734241821,0.05303446221205388,0.12621324035995254,0.12795811614974367,2156.440045975803,1.809965087140724
576,HD_202917__2015-05-31__09-36-58,1,0,32.00486923993853,32.000175247875205,4.105030049142825,4.041842590918974,59743.87872115508,14.504084481104904,0.05064872614063818,0.04990394426545911,0.12394075676569732,0.12145531171557904,1746.8472557896368,1.3458054496427305
577,HD_202917__2015-05-31__09-36-58,1,1,31.99114833058333,32.00759672569511,4.0251883036869796,4.0517324623178315,65809.23450318875,-27.276751984848154,0.04467168216373787,0.0448698180744537,0.1079029532708109,0.10880494089677971,1728.1490017601716,2.8853006223423088
578,HD_202917__2016-05-31__09-18-22,0,0,32.00739398068812,31.989296964774617,4.024516650744922,4.308471485138261,27533.111369277263,223.73988302223137,0.061321992303680975,0.06149868149436104,0.14300392146501031,0.15425651131094453,960.9878499847857,0.3760509606748624
579,HD_202917__2016-05-31__09-18-22,0,1,32.005248041185084,31.989591594607226,4.025203450308704,4.309061647402402,35137.74576689292,40.03095542761571,0.06248426785816022,0.06327300749265215,0.1464729197371113,0.158056339165277,1255.5747289365997,0.384812513800573
580,HD_202917__2016-05-31__09-18-22,1,0,32.0076649280503,31.98779968573268,4.148709564800162,4.441817253342823,27497.530873060026,222.0688973325562,0.045319062121012055,0.04564894053208496,0.10647073315586403,0.1150573049611684,689.5900804875455,0.2722151817760211
581,HD_202917__2016-05-31__09-18-22,1,1,32.00791722200346,31.989392507856426,4.146952164119247,4.443176068939304,34914.1125370949,39.592958024420945,0.04677953474928218,0.04743750739191177,0.11026350263199478,0.11930752172665947,906.8890460608674,0.278695367813217
582,HD_20630__2015-12-27__01-22-43,0,0,31.98937547512597,31.997303813710605,3.8827127527970857,3.9812179618014296,1901187.1511010954,-31.521301216813747,0.0673774925580513,0.06820562755139213,0.160694910476115,0.16529463968501037,77603.27905788885,1.1752236217655345
583,HD_20630__2015-12-27__01-22-43,0,1,31.987526314382038,32.00370551512187,3.8199045941957515,3.9857976410320153,2023942.85861177,-35.793766588747175,0.0723488114643216,0.07340395072753135,0.1707292156878076,0.17888333318740204,89447.0437236827,0.7508299773215529
584,HD_20630__2015-12-27__01-22-43,1,0,31.99048494809632,31.99702324836628,4.046574860112739,4.099786114300501,1905620.4405416078,-23.206080289121086,0.053094649840933934,0.05362247410269292,0.1285541625328568,0.13065012460667277,59139.97606476666,1.7109084762975006
585,HD_20630__2015-12-27__01-22-43,1,1,31.987992731138952,32.00341862162122,3.9895874492607946,4.098704113600415,2015042.6398637395,-32.569608903883505,0.05667577559230748,0.05739087106284842,0.1355927076892868,0.13986653814149055,67310.37704206917,0.8984164630822937
586,HD_206860__2015-09-30__01-47-41,0,0,31.97466061381925,31.997812725810146,3.771919380512484,3.8929330256214634,672856.0397199391,4.221658514770928,0.07501441836499353,0.07754456405256425,0.18040627127507336,0.18783948797878217,31689.502568947926,1.0546161133576293
587,HD_206860__2015-09-30__01-47-41,0,1,31.9800820291894,31.99759400060884,3.8313257747499647,3.958222918992074,649483.418495193,11.753957958061784,0.07212807879680817,0.07446727503964719,0.17358497627365638,0.18089266113120886,28932.22144518449,0.9704195615909416
588,HD_206860__2015-09-30__01-47-41,1,0,31.98897621510994,31.99296259707225,3.943207504107747,4.011376276826012,666065.1273248527,10.315255662164047,0.04889750525591435,0.049747662284326095,0.11851393183164781,0.12116241651296301,19560.557634978806,1.2167362930375945
589,HD_206860__2015-09-30__01-47-41,1,1,31.99686155199697,31.995727113835486,3.9825218915887923,4.071694391779636,645520.5082706925,19.800022481502065,0.048344777710370296,0.0492410062838595,0.11683494063612476,0.12005579911319099,18524.985197292848,0.9286612867233875
590,HD_210049__2015-07-01__08-29-23,0,0,31.992176191950417,31.99505330968913,3.7442281684698573,4.026240451854235,437830.16270096134,-9.398231880194983,0.06377794829954955,0.06859837285032273,0.15293217204214118,0.1674537591237213,17651.94930218866,0.3933547759795472
591,HD_210049__2015-07-01__08-29-23,0,1,31.96711139407481,32.033041850144244,3.8673716134105844,4.041840641062952,312346.952487355,-18.517525317134158,0.10449481671246064,0.10861944338592189,0.25063236782131554,0.26530759320845787,19924.774995637814,1.0326404408860093
592,HD_210049__2015-07-01__08-29-23,1,0,31.99402615507911,32.00058203919065,3.9144776658013116,4.153476271666599,406110.32884783443,-5.097269438596173,0.05133683475016871,0.05467823244346883,0.1243996391343677,0.1345838218095071,12638.254420582285,0.37213885042005296
593,HD_210049__2015-07-01__08-29-23,1,1,31.97183924844802,32.034339946869665,4.025927348226368,4.161979201791665,294727.13480703667,-13.166487106941021,0.08059002118540126,0.08335282379146645,0.1957394062157601,0.20518496858416946,13978.660683852975,1.0181887712836433
594,HD_210049__2016-09-17__03-22-07,0,0,31.884041401692027,32.004269334008015,3.947403102840539,3.9961983478303313,573664.4503800626,-38.68127995190956,0.15707142699025076,0.15779358716814368,0.3751186680602891,0.38069239443215086,53846.97471477028,5.535395248515299
595,HD_210049__2016-09-17__03-22-07,0,1,32.03475703058619,32.09197945327789,5.711924274369873,6.090115378536252,337392.12552392797,-30.874483097757267,0.5010495851874764,0.5268614348376391,1.3422210348693633,1.500069028058962,66803.28097787719,2.7118356219666104
596,HD_210049__2016-09-17__03-22-07,1,0,31.90410713664618,32.00458441476284,4.072526425763026,4.111928918077741,557955.6029079362,34.072450877893885,0.10691201306291431,0.10752236162987436,0.25731080422525887,0.2607190042104033,34638.28158597538,4.689645743291039
597,HD_210049__2016-09-17__03-22-07,1,1,32.04570321925225,32.08814076304364,5.337128721519584,5.768955224984477,351905.2634683861,-24.008066582219776,0.37584906238785976,0.4054934878678127,0.9909747531252803,1.13489809247884,57054.35175776551,1.6994692040373431
598,HD_210049__2016-10-14__01-15-39,0,0,31.992333702964327,31.99438204271384,3.798237721617155,3.897210204240867,832935.0592645688,10.075469584353387,0.05487894174732857,0.05629643229465748,0.13204003951298127,0.13630084485976565,28477.10769732137,0.9420664635001369
599,HD_210049__2016-10-14__01-15-39,0,1,32.00666875773412,31.993243825484257,3.8228459335640825,3.9060466706110537,805126.5839148958,17.199335638899377,0.05405084081729577,0.05506559801001391,0.1298801126469323,0.13319668134681495,26902.453374680077,1.1052382281780242
600,HD_210049__2016-10-14__01-15-39,1,0,31.993675230816045,31.994259028235508,3.951113549098216,4.074310926575017,774587.2568270712,6.027638650538923,0.04827756130789489,0.0498627298942824,0.11721919483032704,0.12203057215386236,22434.178437532413,0.6686791428329846
601,HD_210049__2016-10-14__01-15-39,1,1,32.00834329768435,31.994256210483712,3.967884976889248,4.092526796542141,750713.7873744989,13.326763776677591,0.04770971586678372,0.049141023435177705,0.11565764451005131,0.12023494688484898,21364.872242468453,0.6555442190559443
602,HD_216803__2015-06-27__09-36-00,0,0,32.00141636840046,32.02171422332661,3.7268645754946013,3.9333488203754925,841863.185586645,-28.35219962136972,0.09065365758726658,0.09355191061532397,0.214203081533705,0.22767157567484134,47892.82492207185,0.756636344762677
603,HD_216803__2015-06-27__09-36-00,0,1,31.942041442961006,32.015507307068724,3.8663074244378697,4.211268649672393,789463.2608034593,-17.403696893075757,0.11784630293327283,0.1272638237264769,0.28166350021313125,0.3145902869027989,56710.18865113907,0.6004344093997305
604,HD_216803__2015-06-27__09-36-00,1,0,31.999919517905827,32.02079215892933,3.8925802133510157,4.069826630190963,865466.0099310803,-22.141864423913656,0.07379370772176282,0.07638945028699679,0.17683731298304706,0.18672220373788043,38650.859997736894,0.7194279860926038
605,HD_216803__2015-06-27__09-36-00,1,1,31.945711281029176,32.01706945602011,3.9944183455145326,4.275054386056023,833098.4655595234,-19.998591990802694,0.0858161175793095,0.09096214116104655,0.20619478517793347,0.22544153547973744,42179.840461210806,0.5359381858000808
606,HD_216956__2015-06-30__08-01-31,0,0,32.00933232976539,31.99885553675665,3.821203330554135,4.092545361290319,13427846.66425703,-12.323200849560974,0.061675311135202526,0.06591547616602939,0.1482503135174475,0.16155104973738274,512525.47988963494,0.3953766350290973
607,HD_216956__2015-06-30__08-01-31,1,0,32.010706371537836,32.00360826854593,3.9694071002373224,4.246273699824518,12785977.032906588,-8.93935962648037,0.04959800111557381,0.05318581922735438,0.12042392735190868,0.1317281138517608,378884.23466046056,0.31247246667446016
608,HD_216956__2015-06-30__08-04-16,0,0,32.00933232976539,31.99885553675665,3.821203330554135,4.092545361290319,13427846.66425703,-12.323200849560974,0.061675311135202526,0.06591547616602939,0.1482503135174475,0.16155104973738274,512525.47988963494,0.3953766350290973
609,HD_216956__2015-06-30__08-04-16,1,0,32.010706371537836,32.00360826854593,3.9694071002373224,4.246273699824518,12785977.032906588,-8.93935962648037,0.04959800111557381,0.05318581922735438,0.12042392735190868,0.1317281138517608,378884.23466046056,0.31247246667446016
610,HD_216956__2015-06-30__08-15-59,0,0,32.00933232976539,31.99885553675665,3.821203330554135,4.092545361290319,13427846.66425703,-12.323200849560974,0.061675311135202526,0.06591547616602939,0.1482503135174475,0.16155104973738274,512525.47988963494,0.3953766350290973
611,HD_216956__2015-06-30__08-15-59,1,0,32.010706371537836,32.00360826854593,3.9694071002373224,4.246273699824518,12785977.032906588,-8.93935962648037,0.04959800111557381,0.05318581922735438,0.12042392735190868,0.1317281138517608,378884.23466046056,0.31247246667446016
612,HD_216956__2015-09-24__02-37-03,0,0,32.01071261327958,31.989071905782886,3.7822035246995642,3.9327263389116776,11419762.040084096,-3.632933546594028,0.05185155128462151,0.054000965801296555,0.12493326676860553,0.13105440380506914,370821.8142645639,0.5884315240816719
613,HD_216956__2015-09-24__02-37-03,0,1,32.0004145938031,32.00739091790878,4.141449705462911,4.113624493410377,6392667.388746427,-27.102108764045305,0.0702345915318271,0.0699431040867661,0.17107665782352,0.16974923145547946,257196.5224081157,4.329668189445764
614,HD_216956__2015-09-24__02-37-03,1,0,32.00694600688482,31.99047765981093,3.926987703311911,4.095940910855149,11073088.70031677,3.7127143198281463,0.047591758111105074,0.04976515663347355,0.11551463365130396,0.12197427656973034,318237.23329041054,0.48319502825128163
615,HD_216956__2015-09-24__02-37-03,1,1,32.00002248796578,32.00800778686188,4.221614333480229,4.285054902403944,6449489.854359236,33.891227517236864,0.05110619281266346,0.05143868470873226,0.12390349197134917,0.12611669099505704,184230.15717528868,1.409362448534459
616,HD_218396__2015-07-04__09-55-52,0,0,31.995267101554614,32.008362281201045,5.1091292157090695,5.297059589488935,106923.28760143032,23.163479130660672,0.02859673635840681,0.02956236981761346,0.07445967409296339,0.0789579654854881,1401.1750798966566,0.28244881370075053
617,HD_218396__2015-07-04__09-55-52,0,1,32.01532132681425,32.00760389380477,4.960388706932131,5.0753024138917695,166330.84096344266,21.225477512226046,0.08483259225252318,0.08662105172597906,0.21923855541050633,0.2271424704858731,6686.585709513568,1.3363703303895063
618,HD_218396__2015-07-04__09-55-52,1,0,31.996537135375533,32.01033464508126,5.38676658062331,5.567171300909029,56352.76293854169,20.165169056990617,0.03593063874542616,0.03721218575219472,0.09658329635364857,0.10241361718466686,875.7169786002311,0.373352344400173
619,HD_218396__2015-07-04__09-55-52,1,1,32.00433696629327,32.013100733658504,5.207450002705411,5.319799516383812,86079.50585826043,391.0705173561781,0.05730034551678395,0.058090083612259855,0.14860924036665937,0.15347425454281854,2208.4197881120085,0.9670287767628024
620,HD_218396__2016-11-18__01-21-08,0,0,31.982543650777686,31.989990476484074,3.928574853687569,3.8184384845840724,299999.8154809958,19.094210532731395,0.05196466006816049,0.05075646818739641,0.12581053986993276,0.12167210246106631,9414.70707773563,0.786941826713465
621,HD_218396__2016-11-18__01-21-08,0,1,31.977428266119954,31.999371505158816,4.203378070305786,3.9731400992402475,197867.7420737795,31.47756344629495,0.07231498160156283,0.07036409150741432,0.1781890044518927,0.16711249249049187,8177.798591217395,0.5328020277325484
622,HD_218396__2016-11-18__01-21-08,1,0,31.983663403009146,31.990418339990526,4.05893697805303,3.9811614604739574,286651.1763996174,16.60236424973338,0.04632547954079197,0.0455312975849895,0.11290781380365805,0.11024499103738276,7757.018839181341,0.9989264256040609
623,HD_218396__2016-11-18__01-21-08,1,1,31.979646080997625,31.99982808521158,4.302711291763132,4.125339794762919,194000.90812946693,32.32941329726718,0.05389567347964486,0.052859523969505696,0.1330948589689128,0.12675933735479286,5822.802027462075,0.5220456147614605
624,HD_218396__2017-06-15__10-12-26,0,0,32.00198576312409,31.997245213623444,4.200778614993016,4.102877779039698,185513.9293960073,36.87245097671261,0.08919421311311206,0.08854176401065621,0.21821036546564346,0.21244675314407047,9408.45765609372,1.5755240335110567
625,HD_218396__2017-06-15__10-12-26,0,1,32.00122083956131,31.992633092639036,3.968355578945193,3.862459697023969,313092.59234439256,20.443314989564406,0.05599031053038198,0.054779114784394706,0.1358540688445924,0.13149504936179465,10484.402933002186,0.8848581987728491
626,HD_218396__2017-06-15__10-12-26,1,0,32.0033875975644,31.997095054672354,4.2600836732263945,4.321184588005731,180931.2233401081,128.73561255986942,0.06634218713237228,0.06610199009625162,0.16010196424716,0.1627628601202818,6617.640288096434,1.9014573906957002
627,HD_218396__2017-06-15__10-12-26,1,1,32.0019329096165,31.99189948211874,4.100958110066263,4.027923976153516,297863.120050633,17.094690835215243,0.045771970712703045,0.045032322343582655,0.11187331957371048,0.10930121649145665,7882.129433177639,1.0537461217053643
628,HD_218396__2017-10-08__02-12-08,0,0,31.997554761982663,31.99729519433398,3.9647956464940934,3.977483679928815,1777944.1771283334,405.8892887510065,0.04689733968320998,0.04689215705027327,0.11244945709791664,0.11283817647526448,49719.263082111574,6.358797232673937
629,HD_218396__2017-10-08__02-12-08,0,1,32.00483186780457,31.993146363505993,4.018522005806481,3.981562209122859,1680673.281946826,5.5977355518067,0.044285030402396015,0.043846763702710956,0.10804727265451511,0.10667580010403263,43850.106534356215,2.0009918191082265
630,HD_218396__2017-10-08__02-12-08,0,2,32.00312551831828,31.992782902905343,3.9595180348049395,4.008253279841694,1697459.455278306,16.57593038594529,0.04548567257436589,0.04597980258425938,0.11011784883968548,0.11174409402182112,46146.50603384223,1.5860229571908822
631,HD_218396__2017-10-08__02-12-08,0,3,31.997959952578718,32.010247144843646,3.96279290129501,4.068077995919118,1651822.8468908141,11.082123063121667,0.045301985672552766,0.04651301724015732,0.10989370763627329,0.11375409128200506,44726.714781811905,0.7342892528661489
632,HD_218396__2017-10-08__02-12-08,0,4,32.00100131716083,32.010609489938645,3.9947997320988486,4.065553526298303,1645232.1442032966,14.608764353273186,0.045363206606376515,0.04612801473225876,0.11009951454625211,0.1126479193808955,44232.053069486734,1.0924074737089289
633,HD_218396__2017-10-08__02-12-08,0,5,32.004127779407725,31.996388466458473,3.9778871674769665,4.047492694425811,1681340.4542492395,12.886942195883838,0.04424320396937461,0.04498708813420848,0.10738457908519783,0.10974199389959916,44276.07969324832,1.080833820558314
634,HD_218396__2017-10-08__02-12-08,0,6,32.00493896807639,31.99890154502256,3.9731371377925786,4.244383251885163,1588860.25178132,19.828373159781584,0.037016386726275344,0.03912003232281715,0.08903120723131011,0.09671002703970855,34864.645918142385,0.23864769946858128
635,HD_218396__2017-10-08__02-12-08,0,7,31.991542555378484,31.99391073799873,3.9648208015845086,4.203696858369332,1729787.2256487801,18.5629915907493,0.03985201341741514,0.04192294572700848,0.09596629005953657,0.10331287239410424,41015.09799929421,0.2904228989608089
636,HD_218396__2017-10-08__02-12-08,0,8,32.00482920018799,31.993275443582025,3.970563493057181,4.204884406357542,1698388.1824121738,18.63607634821536,0.0383588288733492,0.04029874796171072,0.09244261868250335,0.09931015626069364,38703.112551825085,0.2848949086177933
637,HD_218396__2017-10-08__02-12-08,1,0,31.997325247241434,31.997623633289802,3.9849179778476658,4.004729412597497,1761622.0720136014,24.94252235716769,0.04752982406806882,0.047693386659623846,0.11477295777761153,0.11544776829553562,49724.48861375526,4.095255003030365
638,HD_218396__2017-10-08__02-12-08,1,1,32.004481673249906,31.994493175601534,4.0362809499466366,4.011049403312454,1667234.9797532584,3.0516337458395477,0.04414425097678022,0.043840599324751525,0.1078529768194054,0.1068962298660411,43176.19718365599,2.925643748737326
639,HD_218396__2017-10-08__02-12-08,1,2,32.00446775759228,31.99435517128932,3.976757908560993,4.0329260901785675,1685471.5738979706,16.76042237627273,0.04586092146032191,0.04643275085434479,0.11110727803251368,0.11300900534919867,45997.39116462693,1.389699321165101
640,HD_218396__2017-10-08__02-12-08,1,3,31.999516282360112,32.011230378788255,3.9660510256934454,4.080804609799737,1669276.9676494123,12.652412251532603,0.04590470360789032,0.04720935572427752,0.1112882400729291,0.11551483857975167,45748.472263118725,0.6841556337113237
641,HD_218396__2017-10-08__02-12-08,1,4,32.000471481602034,32.01097500518952,3.9990118900841742,4.084299677561825,1660506.7835820827,15.937110763467148,0.045355106335666175,0.04625152530895035,0.1099991194635368,0.11304550900778057,44573.28486637968,0.9087496585376481
642,HD_218396__2017-10-08__02-12-08,1,5,32.0044923906298,31.996759606376052,3.9807930402259966,4.064215147024395,1697879.2337878197,11.36470349232255,0.04508616681214268,0.04601875956437438,0.10951219278839733,0.11243079542631386,45541.039837454875,0.9198959338627664
643,HD_218396__2017-10-08__02-12-08,1,6,32.00638106316567,31.996488116036446,3.980129314920817,4.263735696891187,1604047.2799589755,21.39739021164875,0.03823179652928807,0.040389882996899135,0.09179230418413757,0.09997353973346915,36230.130446494535,0.23620011206389013
644,HD_218396__2017-10-08__02-12-08,1,7,31.991910881373478,31.996385033713594,3.966576408425018,4.22309356916306,1745998.582357464,19.3370638753295,0.039489073239243784,0.04164904405577189,0.0949895618951073,0.10279111303607683,40969.73891525152,0.26862941262334267
645,HD_218396__2017-10-08__02-12-08,1,8,32.00548218535054,31.994064912651126,3.9785860100317767,4.220795936109341,1713224.1433886667,17.989829009116015,0.03918677928868043,0.04127040505822935,0.09452447343841024,0.10182885757414964,39818.62268421687,0.281832282449792
646,HD_218396__2017-10-12__00-22-17,0,0,32.00605717792537,32.0044210608286,3.9173764009953214,4.129826478974728,1641757.325371371,3.0506671255645856,0.06319758979853271,0.06687854954238032,0.15331805652832478,0.16439741184163736,62848.732976683445,0.5133550744372358
647,HD_218396__2017-10-12__00-22-17,0,1,32.000699505172214,32.00410907837048,3.9121943205677554,4.1580506125819685,1642851.007661724,2.766456239929882,0.061811192250262825,0.06600040340704098,0.14988204106442216,0.1625493871978585,61619.05433023621,0.4358192820654046
648,HD_218396__2017-10-12__00-22-17,0,2,31.996566874723893,32.00678809328619,3.90951067286268,4.216253315503499,1583253.6769806305,-1.0137646931438795,0.06289810085658444,0.06827414283330777,0.15249855965667788,0.16886274117483768,60527.54099219101,0.35841606711655216
649,HD_218396__2017-10-12__00-22-17,0,3,31.98874499991453,31.994888007787093,3.935344402374864,4.021295664581224,1731667.459305343,2.622693375869909,0.04350956071445353,0.044528150526928795,0.10559845910794473,0.10865198226151242,45374.27152012183,0.858483354234073
650,HD_218396__2017-10-12__00-22-17,0,4,31.996680746768046,31.993772759094014,3.933405625253223,4.026020074107227,1704282.9038353444,-1.8093801138912549,0.044912221206505475,0.046041573998000795,0.10903462690780784,0.11237679077870887,46120.043996249304,0.82308483014452
651,HD_218396__2017-10-12__00-22-17,0,5,32.00334960460026,31.997015695995458,3.9435173893667335,4.033668628978014,1733283.0232047138,-4.71638066070522,0.04490097697368391,0.04598341606274772,0.10905813261599692,0.11227891270997102,46766.26416151628,0.8455167436385421
652,HD_218396__2017-10-12__00-22-17,1,0,32.00688184067636,32.0066226034868,3.937598481309279,4.159071363407351,1630788.1142254444,5.0949842585042475,0.06369209915606053,0.0675141721749434,0.15462280973028233,0.16628087310316092,62589.89048807864,0.49724685035146415
653,HD_218396__2017-10-12__00-22-17,1,1,32.00166830933311,32.00588482207696,3.9292543113941494,4.189002705408858,1630443.261420437,3.9444102732052784,0.06164803525239138,0.06603713614860218,0.14959594290382694,0.16299073161074945,60734.45682745932,0.41239180465972375
654,HD_218396__2017-10-12__00-22-17,1,2,31.99696713023612,32.0082613967193,3.9246528934687377,4.24300814034216,1573593.5394743085,0.5500308059557169,0.06338879965305372,0.06901202259453654,0.15382279357318984,0.17102801593181613,60411.5109295675,0.3486504125607119
655,HD_218396__2017-10-12__00-22-17,1,3,31.988287803919153,31.99355106765006,3.9431866037514838,4.040460631353993,1747203.4353828914,0.5444040063694486,0.04396303904550522,0.0451309686906374,0.10675818863629949,0.11025497623986046,46176.58469803288,0.7676582011871381
656,HD_218396__2017-10-12__00-22-17,1,4,31.996691298849164,31.99302258935807,3.9455097895951896,4.034964587318072,1721607.2250475413,1.8749961270513795,0.04406123232454529,0.04512857357508199,0.10704138672334683,0.11020478769596177,45566.93883639512,0.8357666405674011
657,HD_218396__2017-10-12__00-22-17,1,5,32.004117784526464,31.997117649181394,3.9628216984638045,4.044969371061283,1744712.6358256245,2.3048472373150597,0.04515738222143537,0.046155651896894793,0.10984444410993571,0.11280036435285053,47118.961366390526,0.932093645935848
658,HD_218396__2017-10-12__02-58-12,0,0,32.00605717792537,32.0044210608286,3.9173764009953214,4.129826478974728,1641757.325371371,3.0506671255645856,0.06319758979853271,0.06687854954238032,0.15331805652832478,0.16439741184163736,62848.732976683445,0.5133550744372358
659,HD_218396__2017-10-12__02-58-12,0,1,32.000699505172214,32.00410907837048,3.9121943205677554,4.1580506125819685,1642851.007661724,2.766456239929882,0.061811192250262825,0.06600040340704098,0.14988204106442216,0.1625493871978585,61619.05433023621,0.4358192820654046
660,HD_218396__2017-10-12__02-58-12,0,2,31.996566874723893,32.00678809328619,3.90951067286268,4.216253315503499,1583253.6769806305,-1.0137646931438795,0.06289810085658444,0.06827414283330777,0.15249855965667788,0.16886274117483768,60527.54099219101,0.35841606711655216
661,HD_218396__2017-10-12__02-58-12,0,3,31.98874499991453,31.994888007787093,3.935344402374864,4.021295664581224,1731667.459305343,2.622693375869909,0.04350956071445353,0.044528150526928795,0.10559845910794473,0.10865198226151242,45374.27152012183,0.858483354234073
662,HD_218396__2017-10-12__02-58-12,0,4,31.996680746768046,31.993772759094014,3.933405625253223,4.026020074107227,1704282.9038353444,-1.8093801138912549,0.044912221206505475,0.046041573998000795,0.10903462690780784,0.11237679077870887,46120.043996249304,0.82308483014452
663,HD_218396__2017-10-12__02-58-12,0,5,32.00334960460026,31.997015695995458,3.9435173893667335,4.033668628978014,1733283.0232047138,-4.71638066070522,0.04490097697368391,0.04598341606274772,0.10905813261599692,0.11227891270997102,46766.26416151628,0.8455167436385421
664,HD_218396__2017-10-12__02-58-12,1,0,32.00688184067636,32.0066226034868,3.937598481309279,4.159071363407351,1630788.1142254444,5.0949842585042475,0.06369209915606053,0.0675141721749434,0.15462280973028233,0.16628087310316092,62589.89048807864,0.49724685035146415
665,HD_218396__2017-10-12__02-58-12,1,1,32.00166830933311,32.00588482207696,3.9292543113941494,4.189002705408858,1630443.261420437,3.9444102732052784,0.06164803525239138,0.06603713614860218,0.14959594290382694,0.16299073161074945,60734.45682745932,0.41239180465972375
666,HD_218396__2017-10-12__02-58-12,1,2,31.99696713023612,32.0082613967193,3.9246528934687377,4.24300814034216,1573593.5394743085,0.5500308059557169,0.06338879965305372,0.06901202259453654,0.15382279357318984,0.17102801593181613,60411.5109295675,0.3486504125607119
667,HD_218396__2017-10-12__02-58-12,1,3,31.988287803919153,31.99355106765006,3.9431866037514838,4.040460631353993,1747203.4353828914,0.5444040063694486,0.04396303904550522,0.0451309686906374,0.10675818863629949,0.11025497623986046,46176.58469803288,0.7676582011871381
668,HD_218396__2017-10-12__02-58-12,1,4,31.996691298849164,31.99302258935807,3.9455097895951896,4.034964587318072,1721607.2250475413,1.8749961270513795,0.04406123232454529,0.04512857357508199,0.10704138672334683,0.11020478769596177,45566.93883639512,0.8357666405674011
669,HD_218396__2017-10-12__02-58-12,1,5,32.004117784526464,31.997117649181394,3.9628216984638045,4.044969371061283,1744712.6358256245,2.3048472373150597,0.04515738222143537,0.046155651896894793,0.10984444410993571,0.11280036435285053,47118.961366390526,0.932093645935848
670,HD_218396__2017-10-13__02-18-21,0,0,31.99357535120355,32.00122820911837,4.060341228152791,4.035845414487055,1530588.63164593,23.511174876695698,0.04368924255849056,0.0435011556953762,0.10611593769886137,0.10537962449860207,39046.52935669182,3.0348602047291213
671,HD_218396__2017-10-13__02-18-21,0,1,31.980360366074017,31.995783453433578,3.968846142079301,4.08993548736613,1625786.2472725934,5.414178468618526,0.05073582922094084,0.05238944144015045,0.12326476037654664,0.1283586704810944,49277.67684921383,0.7148599418514224
672,HD_218396__2017-10-13__02-18-21,0,2,31.99938102236113,32.00074343538508,4.07687573244577,4.19912709599688,1461389.515178527,-15.22129804289449,0.05219850014733792,0.053675479184576554,0.1271390336825873,0.13215210695853694,44295.27027192561,0.7341953693776944
673,HD_218396__2017-10-13__02-18-21,0,3,32.00557278475682,32.00290705297608,3.9975695776353994,3.9546653097542546,1760053.4849323828,7.678241243540021,0.04316974568944147,0.04268889474240937,0.10516082530711364,0.10368988923125261,45001.12407285277,1.6800647329858056
674,HD_218396__2017-10-13__02-18-21,0,4,32.003882639125266,32.004207964729474,4.027893186657481,3.9354133532326747,1743714.7923901766,2.72144812157632,0.04376517525465694,0.04269329116392128,0.10687544758888082,0.10368356794080717,44832.816914202594,0.7837578871841633
675,HD_218396__2017-10-13__02-18-21,0,5,32.0053376938659,31.996905383700273,4.017906785789216,3.945643622974985,1768500.5724749535,7.505629311281932,0.04336384652904855,0.04255024378224049,0.10577348471302066,0.10326947714474115,45182.68226206444,0.9983456579642542
676,HD_218396__2017-10-13__02-18-21,1,0,31.991987819832193,32.00033175242967,4.0733250138434975,4.045382828798501,1545230.7506182177,28.806841022962097,0.04360576146472389,0.04343878460524506,0.10575537551624142,0.10494080119583699,39246.72672903421,2.67082816960832
677,HD_218396__2017-10-13__02-18-21,1,1,31.980527563556272,31.993873491623443,3.9725345323610854,4.1050206997833385,1646569.6398927877,7.521201591430741,0.05430436914042186,0.056205295727488606,0.13187809417656218,0.13779084046039586,53358.571471435556,0.7008925903519597
678,HD_218396__2017-10-13__02-18-21,1,2,31.999731106294394,31.998177265410632,4.072608730163829,4.1928338007360715,1490350.64736046,-11.936779459580789,0.04952165875842251,0.0509815967763943,0.1208387102968454,0.12558754000633185,42936.511812491546,0.7062699650829248
679,HD_218396__2017-10-13__02-18-21,1,3,32.00503559058693,32.00197994843278,4.0177362568451604,3.9757981116944174,1746688.9209138406,2.0740375814380982,0.044741680920694665,0.04423894800976631,0.1092000955814626,0.10768556010768507,46048.18744625076,1.7791123006003398
680,HD_218396__2017-10-13__02-18-21,1,4,32.0032472360899,32.00306477846037,4.045186829231841,3.957215341312478,1732337.0430350646,1.1067552100468205,0.04468483216378666,0.04364153992321776,0.10924289590383311,0.10612686888253953,45284.0077517409,0.8418116886447079
681,HD_218396__2017-10-13__02-18-21,1,5,32.00542839128741,31.99705033817502,4.039584918589412,3.9701759978359767,1753583.2003926788,5.709575246823763,0.045066490759086766,0.04424396670928242,0.11010249666905252,0.10757914367621811,46308.62514704595,1.0799092766220404
682,HD_218396__2018-06-19__09-15-26,0,0,32.007559614105325,32.00475532270232,3.77960551777405,3.9329235250364905,303399.00917784806,-18.748853279402667,0.05987576405436128,0.06190319995083186,0.1432580706309108,0.15016836127216276,11336.996491304451,0.6699414656882975
683,HD_218396__2018-06-19__09-15-26,0,1,31.994898038788843,31.993259726958662,3.731756759788576,3.9052057932838986,353499.1733820037,-22.680920138275674,0.06210161167436701,0.06421997032659985,0.1477062429708275,0.1556202703042692,13833.408848287363,0.6149305046629479
684,HD_218396__2018-06-19__09-15-26,1,0,32.008755343116725,32.005336188732294,3.963785682451562,4.072683274923416,285712.840469962,-7.848430285233687,0.05224327387911134,0.053730056194665365,0.1269556150999013,0.13150568717405386,8923.260821160438,0.8178430769080058
685,HD_218396__2018-06-19__09-15-26,1,1,31.9983589576951,31.99755992222934,3.909946548037428,4.041946703430272,330556.39451418526,-7.870102010635122,0.053326152504314606,0.05518240600127159,0.1291330019553302,0.1347711462496856,10681.354879732153,0.6901732873645441
686,HD_219482__2015-10-01__03-40-26,0,0,31.99000966651039,32.00131655298548,3.754619556095748,3.8884098252380097,756195.794818653,0.06803267563715366,0.048204666882408806,0.05002088577103281,0.11593905962768357,0.1211684433034923,22995.197961891346,0.6139216178569324
687,HD_219482__2015-10-01__03-40-26,0,1,31.98315280053869,31.99951713027396,3.786379698590347,3.8655489299874235,764854.3232641075,-5.900384526864457,0.05242560061640113,0.05356598547108856,0.12617705400525395,0.12955331547226492,25069.00040818332,1.1206962434798675
688,HD_219482__2015-10-01__03-40-26,1,0,31.992344160719796,32.00061673703737,3.919132119731167,4.035087992740975,735538.0396819323,10.411465519372152,0.04791669267582813,0.04934286424267122,0.11595953656074981,0.1204146668209962,21297.48178357941,0.7052542197406857
689,HD_219482__2015-10-01__03-40-26,1,1,31.985256642378484,31.998984515365997,3.9266757989035943,4.011643705422973,742814.0237616487,6.615182699011397,0.04604024309135862,0.047088539504673795,0.11159149707739503,0.11480479511127162,20635.737046197857,0.9196619859099029
690,HD_220825__2015-09-25__03-36-55,0,0,31.99942345769665,31.98839549317623,3.96153968882305,4.008413888783129,390604.3257752601,35.461871526573425,0.05961273030859619,0.05984759510908932,0.14281651173196508,0.14465422534354216,13865.135794590102,2.188279427418477
691,HD_220825__2015-09-25__03-36-55,0,1,31.99859331472078,31.977084355932107,3.840372227283773,3.990703202417361,447689.357725396,34.778244465586745,0.05487634734143821,0.05564594694363857,0.12985431139790632,0.13537980557305165,14955.855803536422,0.6281680533141843
692,HD_220825__2015-09-25__03-36-55,1,0,32.00075394762617,31.989124407609737,4.098624530111182,4.156739862657749,368093.5876573716,37.86315351433069,0.04691986266394695,0.047086451245833945,0.11282689733108586,0.11459904828989952,9931.529268117354,1.4022284738302675
693,HD_220825__2015-09-25__03-36-55,1,1,32.00089220356619,31.978214333971863,3.9881096478343716,4.135917978602256,417700.8023282957,35.29551398979851,0.04689831165478664,0.047495326695693604,0.11162371503389552,0.11621322784136273,11495.66889462753,0.5501891232136521
694,HD_224228__2015-10-25__02-26-04,0,0,32.00012155182312,31.988664710964837,3.9023427757282994,4.064106508831807,142265.15189857644,-5.100064819051493,0.0477403168764961,0.04982061631214916,0.11565209679731393,0.12184109116683299,4125.837748753329,0.5057082711756821
695,HD_224228__2015-10-25__02-26-04,1,0,32.0008643300992,31.991943583367842,4.0490820947187265,4.211557369043253,143844.99252441849,-1.0649118912738567,0.039892614466856866,0.04163590361593561,0.09753764968943453,0.10287199674869091,3363.643216218642,0.42144625623847504
696,HD_224392__2015-10-27__02-35-57,0,0,32.0091795135148,32.000118488170806,3.771508352096669,3.936183819089471,498222.32028077473,-16.546640543186516,0.05641569687857961,0.05858329172474236,0.1351062000344372,0.14216215431471896,17591.226709166895,0.5879550929461954
697,HD_224392__2015-10-27__02-35-57,1,0,32.01023549980797,32.000720438538806,3.93476888233852,4.096750724495948,474417.2404057476,-11.57113537580487,0.04883630773290495,0.05081865731705019,0.11825936013434565,0.12449271809384985,13941.271142866233,0.5181077507424032
698,HD_224392__2016-06-28__10-06-24,0,0,31.995299112798524,31.99029568579918,3.8895024521305617,3.799400061493772,476200.37074268435,33.15386616736944,0.057547328303977754,0.05697501464320704,0.1389186256225258,0.13539084241859864,16784.297211345627,1.0818886929534388
699,HD_224392__2016-06-28__10-06-24,0,1,32.00747647803984,31.99969090578747,3.979651493466338,3.8432899761959973,423693.5816962729,37.950358745312826,0.060547453039243304,0.05999609186455558,0.1473238923667042,0.1418412049146049,15453.848299597748,0.7567439392911615
700,HD_224392__2016-06-28__10-06-24,1,0,31.99597458727986,31.992096366480343,4.0388648261355256,3.979224391254352,445780.44108142843,35.162314624543704,0.050177467388542646,0.04990466319450837,0.12155114123735956,0.11954691550995301,13178.61619580197,1.442078395328553
701,HD_224392__2016-06-28__10-06-24,1,1,32.008675323378945,31.99935580230645,4.136768804258329,4.012563104834789,398161.2543948864,38.99825282561092,0.050365504145355795,0.050011122112347296,0.12319402636258227,0.11908702218307782,11616.793839726355,0.698775635908743
702,HD_24636__2016-01-03__01-01-11,0,0,32.00346676879993,31.999611674312803,4.018889776883231,4.098060032779922,127033.30423716058,-25.518138669408707,0.07841924768745341,0.07946224128001142,0.1892091293564087,0.19363199637225278,5853.159975217105,1.7049228960937741
703,HD_24636__2016-01-03__01-01-11,0,1,32.00752290702273,31.99646107857485,4.022256734831923,4.1020571297798725,133212.09951514864,-17.332762621214602,0.07890962039915761,0.08028554486768599,0.19152304553730756,0.19621633901380775,6183.451383478272,1.6915200973151736
704,HD_24636__2016-01-03__01-01-11,1,0,32.004349130640236,32.000415250610885,4.160436751865149,4.213574316376779,122725.38290793708,-6.329201497008075,0.059051129282100025,0.059857431316013524,0.14532879553983075,0.14786053032239146,4129.466783659302,1.8848168812397719
705,HD_24636__2016-01-03__01-01-11,1,1,32.006443428374624,31.997294794434126,4.162583361791632,4.228662483039242,127714.08072656137,-0.0356801293905525,0.05942162613446,0.06045032894643542,0.1464136680745484,0.1495775339404238,4323.285356681719,1.5258055404475759
706,HD_25284__2015-09-30__07-14-00,0,0,31.99900399197226,31.998592715296887,3.806859582185701,3.9738004445544437,37776.83452296317,3.905439906785519,0.05475011974380874,0.057275355847828696,0.13200757097541974,0.13938199392892323,1287.4363767762195,0.5617218769575159
707,HD_25284__2015-09-30__07-14-00,0,1,31.996656482600333,32.00254802152193,4.107884733709202,4.367070322968956,21733.085576616166,39.14118316518128,0.07626379355603013,0.07733308082806893,0.1801518056188161,0.19314494447760164,932.9227105369712,0.5172873202785525
708,HD_25284__2015-09-30__07-14-00,1,0,31.997113854935943,31.997935729283796,3.957016322575259,4.109470720069082,38425.19333405417,7.115226115034374,0.04593425434213884,0.0477872527734865,0.11153626416274892,0.11722266951219665,1057.4282485077817,0.5164262142655726
709,HD_25284__2015-09-30__07-14-00,1,1,31.99811355555714,32.00512926400017,4.209259260854448,4.529149553368974,22802.322524001993,38.36073602224828,0.06230701823299997,0.06351685934299324,0.14735663684727524,0.16054145506559314,777.3620737917573,0.34624562342270043
710,HD_29391__2015-09-25__08-56-28,0,0,32.009547238373315,31.98564993135051,4.929464116568075,4.974452687521547,348983.14911653183,-1214.2018178308501,0.0720255629090877,0.07191003509155816,0.1811334248183533,0.18327962186241648,11957.907164060283,2.9779271736961355
711,HD_29391__2015-09-25__08-56-28,0,1,32.00174860953244,31.99164253434532,4.928281334356585,4.99990762917443,360881.09289241757,26.004717316666145,0.07017091397728525,0.07091350531229874,0.1796595147142261,0.1834193664626295,12089.066482037737,1.7821421586385084
712,HD_29391__2015-09-25__08-56-28,1,0,32.01164008719658,31.9964212969909,5.201968150521857,5.268219021292197,177172.36279498631,31.554547274445202,0.05824446628029319,0.05862045805550627,0.15113856877936946,0.15389702463250537,4634.023431074141,1.659222015283627
713,HD_29391__2015-09-25__08-56-28,1,1,32.00691137227349,32.00126308518079,5.193012065152397,5.277984618879308,183101.95212182403,30.48418012242188,0.059114203823945034,0.05970175059549856,0.15344164565546553,0.1571671520059127,4868.464867164993,1.3108355879038223
714,HD_29391__2015-12-26__02-28-43,0,0,31.99796996393285,32.018031124906955,4.034917854049891,4.26168259127685,439577.3830639007,-40.36127770841085,0.10536181900429333,0.10643293809542255,0.24849424461317737,0.2642122443666164,26577.927262637837,0.8113483041940416
715,HD_29391__2015-12-26__02-28-43,0,1,32.00336527640481,32.00129285285805,3.861306582579032,4.005113263883944,590610.2095761017,-20.838896082802716,0.06780886840428967,0.06980971018840257,0.16260001520755196,0.16984872884550503,24461.313189986704,0.8102178826908208
716,HD_29391__2015-12-26__02-28-43,1,0,31.99970139941915,32.021076896317815,4.189655416944115,4.364451681855822,425392.24616864667,-36.88578064441994,0.08087748991955651,0.08196453604121313,0.19379359120812664,0.2032870525265006,19184.708696032394,0.8153343710638773
717,HD_29391__2015-12-26__02-28-43,1,1,32.002812206723824,32.00114572223088,4.019901388310904,4.14305120321212,557327.1553883604,-12.304735263682945,0.05561190829979515,0.05729203518070064,0.13526315035092862,0.14068850587806084,18261.12178368238,0.7738538808049248
718,HD_29391__2016-01-16__01-44-58,0,0,31.989340225177205,31.9980504441888,3.9527285782854173,3.997920034681858,547710.7644728035,0.330534307177576,0.06785578075915734,0.06869650831081918,0.1648762230025867,0.1674240679752732,22276.796673639856,2.532294988194139
719,HD_29391__2016-01-16__01-44-58,0,1,31.99140317711757,31.999270178978563,4.015580653690379,4.1086348393252665,510371.5098587448,-9.065151584878045,0.06719335085095732,0.06880628136830287,0.1635963947422397,0.16868615259757622,20239.04168247233,1.23006815931897
720,HD_29391__2016-01-16__01-44-58,1,0,31.988636248443164,31.99886211131957,4.081787405666951,4.147526458430997,523329.1031552288,16.864500555000276,0.05174182949911382,0.05250749120599812,0.1259837384975106,0.12866550588895403,15707.57453126277,1.3461694469198828
721,HD_29391__2016-01-16__01-44-58,1,1,31.994732080550726,31.99982150091496,4.150960235141301,4.242718541647064,490164.17488778534,3.0859865463388,0.05078505166424275,0.05202388569417126,0.1249363320781262,0.12885050448568855,14226.870125969655,0.9427695620277328
722,HD_29391__2016-12-12__04-52-59,0,0,31.932235042600915,32.05501863843634,4.5533488789282455,4.863644898023884,43045.31150188491,-27.47027334766972,0.19243954774859096,0.20241012624987284,0.4737419413501962,0.5214338044395097,4264.775920467527,1.1319267528889376
723,HD_29391__2016-12-12__04-52-59,1,0,31.936064661561545,32.0600843370681,4.638434952093347,4.938497477773259,44713.58587230849,-27.027831566698854,0.17042693899265488,0.17923481590028056,0.4227121008115264,0.46429259391225364,3853.647762003942,1.0418622893854155
724,HD_29391__2016-12-13__03-48-07,0,0,31.999623761067703,31.978157618520815,4.055292101418821,3.8809236976342723,546347.4729384434,7.496904748825047,0.08096890358060511,0.07734921953244639,0.19796320466143186,0.18686634139988242,25806.98800031094,0.761841094415746
725,HD_29391__2016-12-13__03-48-07,0,1,32.01825569913668,31.96239989013803,4.014220272407845,3.823149136824295,623661.9662035195,12.755928054944908,0.11119341840047245,0.10602268710123465,0.27128638175014735,0.2546200152344423,40914.94218152395,0.9557679380608546
726,HD_29391__2016-12-13__03-48-07,1,0,31.989065617694234,31.99017107863472,4.159967085756228,4.013660942669815,528033.2612352553,11.57188427943997,0.046148143699670095,0.04452925587678117,0.11342787820496504,0.10823331594715371,13877.841955368942,0.5227204534653505
727,HD_29391__2016-12-13__03-48-07,1,1,32.00956400711232,31.990975152706838,4.077369830733054,3.944252426493257,604844.9753387951,15.453057951669145,0.05463340792846383,0.05296717876195323,0.13357956145594924,0.12798522633819043,19214.516939729816,0.682832963458088
728,HD_29391__2017-09-28__08-46-50,0,0,32.01392261818469,31.999152924750803,4.872407869304161,4.982199999578368,381066.0513822906,25.333210577492533,0.05856383475886209,0.05955240413112436,0.14928051524850594,0.1541289475859989,10767.391029971463,0.9687486153145705
729,HD_29391__2017-09-28__08-46-50,0,1,32.00164057842704,31.994154850040957,4.872171488704941,5.050802188422358,206058.31722172012,30.22350512065334,0.05514107358429649,0.056352231970109405,0.1390496792483687,0.14623452461820552,5456.40201061961,0.5704585141660845
730,HD_29391__2017-09-28__08-46-50,1,0,32.01291955980338,32.00046956086853,5.189608358386095,5.288243635935859,191508.36507543735,29.86901427837307,0.058339600430349574,0.05901655368455299,0.15144980011998835,0.1557136640597532,5024.652409707089,1.1137945968811813
731,HD_29391__2017-09-28__08-46-50,1,1,32.00518848197243,31.99854725418791,5.182386226996291,5.346187275765495,103562.83819200989,31.902260734298448,0.05498858620971818,0.05596082519737651,0.14173435722476055,0.14837636951729244,2555.36047438825,0.638992740713908
732,HD_3003__2015-09-28__04-39-33,0,0,31.952473318173304,32.015814190518036,4.195844640910598,4.089449775818553,301197.13697345543,-17.782706724319755,0.11621932174501852,0.11374770367790311,0.2852545632962745,0.2769457212378646,19810.38272841161,1.8372826791056873
733,HD_3003__2015-09-28__04-39-33,0,1,31.997081895874256,32.009656816048945,4.028822715378515,3.9930627341300085,383515.95921250735,36.758870501090044,0.06258583425964542,0.0624297791469751,0.15129163531290873,0.1498417385623873,14155.865007141289,3.008926630122549
734,HD_3003__2015-09-28__04-39-33,1,0,31.95577728987641,32.01526417834445,4.309980666837546,4.218262905615492,296122.44775089395,-28.96944894566755,0.08505062000850622,0.08410344196162847,0.20923959840752793,0.20431107134217186,13920.59122708754,1.5989034222255107
735,HD_3003__2015-09-28__04-39-33,1,1,31.998944112287806,32.011235019039795,4.1476996697594535,4.153909252236369,368975.79438655596,-25.05918303949768,0.04885608814199544,0.04892090885889084,0.11901395908362518,0.11929724898516396,10297.186358048275,13.55657083265011
736,HD_3003__2016-09-16__05-31-23,0,0,31.999540476842693,31.98268991081594,3.888139107856823,3.799207126809924,438555.39118190145,8.001243605210297,0.08020673560158853,0.07833090886934092,0.1941775966077139,0.1885408401658742,21403.275899882487,1.4936695584593922
737,HD_3003__2016-09-16__05-31-23,0,1,32.000960886016124,31.983077861768194,3.86640911079461,3.779813574901953,459331.70964960364,11.193363663920323,0.07549531594473596,0.07383372952003049,0.1825007156745694,0.17738906622116812,21226.201249957718,1.4465072187585881
738,HD_3003__2016-09-16__05-31-23,1,0,31.99806555643431,32.00038619194785,3.9972090611724633,3.9672579543445243,414969.4396819777,21.84427316516283,0.05353820152008903,0.05322903225400813,0.12975832493099188,0.12860452092156743,13173.92430017408,3.026787440501726
739,HD_3003__2016-09-16__05-31-23,1,1,32.00046939133595,31.995556146450838,3.9872399716136773,3.9543617026417173,431054.52697591553,33.01051194261569,0.05653895533000183,0.056331298769656896,0.13648828781328248,0.13521557524134672,14507.668398295009,2.942234534090213
740,HD_30447__2015-12-01__03-58-58,0,0,32.01180908398114,31.980808860763354,4.549970160735521,4.791630486323235,25704.10124891578,-12.973474199238517,0.1488337199326956,0.15708900866841188,0.3752007341136408,0.40540247487215864,1991.367515993735,1.0899010824181792
741,HD_30447__2015-12-01__03-58-58,0,1,31.981597167030944,32.02919872636769,4.190186971673159,4.30310409305491,51141.937086417565,30.08783467529052,0.09772700991975194,0.09929764196442055,0.23656357447078738,0.24468052121194678,2810.9360904392697,1.5140736504270955
742,HD_30447__2015-12-01__03-58-58,1,0,32.0186091511372,31.986383484233034,4.553607840891426,4.772159563094849,26966.157518712687,-5.98879992304238,0.09938408187160583,0.10480565405882755,0.2521273026534522,0.27097172003676406,1396.6800652367638,0.7962653517103224
743,HD_30447__2015-12-01__03-58-58,1,1,31.97991250360329,32.001182011919134,4.222108130853708,4.3764506208332135,50631.5238299119,29.979359666319947,0.05965448746599191,0.06090061384627396,0.14430888899707175,0.15086082141362028,1682.1300222364373,0.6793041436792321
744,HD_30447__2015-12-29__01-40-09,0,0,32.00445435593849,31.993116298437652,3.9698273853039505,4.023669741884167,68048.73042065995,-28.48687011897365,0.07181960295942559,0.07237381761508482,0.17273564242976513,0.17537251474622226,2907.164065502364,2.289321273268249
745,HD_30447__2015-12-29__01-40-09,0,1,32.012814469618135,31.993050944576765,3.9979930837819855,4.053216226447673,62635.97264345459,-5.5147023412693486,0.07330353256922897,0.07434891425539696,0.1786614505317227,0.18169844788596345,2720.7996740531325,2.2445012470078853
746,HD_30447__2015-12-29__01-40-09,0,2,32.004024605690496,31.99885512732065,4.244183952696127,4.408144960391256,41316.618066452625,34.69143885828776,0.0981885960111182,0.09965869121099324,0.2365697116288903,0.24737693767951383,2238.3455328820673,1.0574143551705126
747,HD_30447__2015-12-29__01-40-09,1,0,32.003354116810755,31.99612219427314,4.121569905483001,4.153765566015444,63900.21735164175,-4.172113867446754,0.05643799773431819,0.056906568690533794,0.1386071723981179,0.14002208399636465,2073.7958911487976,2.959983948331442
748,HD_30447__2015-12-29__01-40-09,1,1,32.01271819508395,31.99313443205938,4.1325011608400075,4.193616083164466,59336.28357151026,13.288949002494308,0.056488873987884936,0.05728385561264919,0.13839239243051893,0.14095131661384383,1921.2084397072963,1.576561033005705
749,HD_30447__2015-12-29__01-40-09,1,2,32.00570780499371,31.999278754243328,4.352054255028121,4.553417801406516,39843.848294897034,35.857285623716535,0.07585580779330142,0.0770840964662833,0.18313108984481097,0.1933465491591813,1620.4655696631912,0.6723197983260017
750,HD_30447__2016-12-06__05-15-26,0,0,31.99121643393614,31.998945403328072,4.884198713708449,4.956236832530424,41637.74697869294,24.63708706397135,0.058458236148476304,0.059177531335702326,0.14943903469803327,0.15277330333087402,1174.2487879890382,1.4669107673698683
751,HD_30447__2016-12-06__05-15-26,0,1,31.994710665426894,32.015940275779954,4.940582260593845,4.989770563882406,40712.52389459592,-318.92770154695233,0.06832903208858224,0.06852510573263396,0.1724053583054187,0.17469033094245548,1322.023437213559,2.59052815415366
752,HD_30447__2016-12-06__05-15-26,0,2,31.989683827348884,32.01324204062915,4.9519831846455045,5.015711429649944,39856.85406827816,217.0324026512776,0.07033844716893681,0.0707414508966252,0.17797014142440473,0.18113773901322702,1329.0147535378956,2.055696917809819
753,HD_30447__2016-12-06__05-15-26,1,0,32.00051486566194,31.999744445373565,5.182597830339608,5.242536870028168,21313.97860103803,30.631029604845818,0.05781440723322789,0.058228086163987176,0.1500750934767928,0.15265107915910092,556.401792872667,1.8118509529489306
754,HD_30447__2016-12-06__05-15-26,1,1,31.998660870489033,32.004085398293604,5.219805119667992,5.260004678146919,21052.911271658933,33.48327765641,0.056021152686132815,0.05626160519284584,0.14539094696849011,0.14704466614819464,528.6283674245109,2.6408731369510163
755,HD_30447__2016-12-06__05-15-26,1,2,31.995500392951165,32.00165637290437,5.221198907877804,5.2772634332933785,20721.51429822052,35.00337799584545,0.05472768729298844,0.055012171424444006,0.14164028658862216,0.14385181630707497,507.59607457707557,1.8586720749681933
756,HD_317617__2015-05-31__05-25-05,0,0,32.0025367101314,32.01036989315559,3.8486236888154313,3.937607233907536,22233.676700317967,-17.872973836044117,0.05510838538265695,0.056210692846674536,0.132502688742426,0.13625125709828026,752.4418990538575,1.0558892427509403
757,HD_317617__2015-05-31__05-25-05,0,1,31.99693707251568,31.993442705773884,3.9001273583282474,3.845665109631563,23931.837779724567,20.988940610012857,0.04763450263224145,0.04710828129587568,0.11502822810236621,0.11312584879216304,692.8414345224721,1.4704085441883392
758,HD_317617__2015-05-31__05-25-05,1,0,32.0001781735343,32.00884212543557,3.9977908920772713,4.089576109971918,22476.424196572294,-7.521773518739347,0.04696650518665319,0.048100893658879214,0.11433524955281305,0.11787065057748775,625.8318443079511,0.8707421592417585
759,HD_317617__2015-05-31__05-25-05,1,1,31.995701534565637,31.993247988758576,4.039691086223334,4.002723937777727,24090.715346064782,4.795469605170825,0.04406414647106039,0.04363416921444906,0.10761695366318265,0.10630663175828227,622.2237192391041,1.9908694499549442
760,HD_32195__2015-09-30__09-05-02,0,0,31.990717533435273,31.999909054091784,4.389206580957171,4.805611520987784,15501.671559434883,7.337009999353796,0.12073779630297549,0.13386734216932952,0.3014517397274779,0.34729106363755624,1015.2510074527647,0.5198251958620616
761,HD_32195__2015-09-30__09-05-02,0,1,32.01224480851513,31.977360290032646,3.9978221641951617,4.15252138869664,48946.18214236075,-6.396397825552044,0.06801482646721543,0.07075295338903555,0.1656882642884781,0.17391151732409754,1974.2436413676564,0.7538067881478127
762,HD_32195__2015-09-30__09-05-02,1,0,31.988684194632768,32.00554013871213,4.471430612239447,4.941228153776005,16055.728157337682,10.54908530649114,0.09858529200669167,0.11027473207494769,0.24692413456830678,0.28943739371335186,841.475864931437,0.38071876962451023
763,HD_32195__2015-09-30__09-05-02,1,1,32.01389035724499,31.97976978188701,4.137231369609392,4.287325228786832,48821.59205810185,-1.620840738573852,0.05200740879056686,0.05404929365343388,0.12795918906779152,0.1342024232207165,1456.48929347359,0.5944263779121657
764,HD_326277__2016-03-30__09-20-08,0,0,31.97340370676485,31.98455967743442,4.027203798813964,4.253697566931709,19212.484999226144,30.619756631539957,0.08542130247924763,0.08793111123618359,0.2035507919938051,0.21705734819666442,952.7464609389244,0.6591980435492313
765,HD_326277__2016-03-30__09-20-08,0,1,31.990820688441566,31.996869920316545,3.949859261438804,4.064582066646362,20066.60410896712,20.45327704368637,0.07637531685865047,0.0781805959228065,0.18403555075333633,0.1906242918169139,916.4817368278185,1.1429950615175044
766,HD_326277__2016-03-30__09-20-08,1,0,31.99101426486331,31.9967160135854,4.106719904804019,4.376747535345556,19240.317911498743,36.21441193036578,0.048140334193114656,0.04918432061747603,0.11404318869018142,0.12274000797370675,522.8217301061795,0.3139768230196005
767,HD_326277__2016-03-30__09-20-08,1,1,32.00050615777385,32.000467019216615,4.049377056794236,4.20802622144935,19903.378869660304,34.22042217226422,0.04687133596087939,0.04760017674906375,0.11192555090475963,0.1169461875589291,539.4306456593638,0.5148521465418664
768,HD_35114__2017-02-12__01-09-44,0,0,32.00352981002026,31.993346855247253,4.0136799541898665,3.863254656966833,118448.81380745527,401.10577096224876,0.07946851631300303,0.07901871188569334,0.19407794384061802,0.18622409754627353,5641.84324396956,0.9038378066096797
769,HD_35114__2017-02-12__01-09-44,0,1,31.991003344808494,32.005022810200835,3.8067818168677405,3.8979612185414068,138252.63164695818,-35.51377261286945,0.053188560352121404,0.05363209040561283,0.12625272804078772,0.12956551836122482,4536.05925178939,0.9990627331454455
770,HD_35114__2017-02-12__01-09-44,1,0,32.01116307315997,32.00506485837083,4.033942569578063,4.090845134768832,116482.01281055283,-219.996386150187,0.047485791920404766,0.04760551823543329,0.11381606325730652,0.11557991659942193,3229.386521608682,1.4449331478163245
771,HD_35114__2017-02-12__01-09-44,1,1,31.993648354259136,32.00741666599408,3.995710791227253,4.034390812025295,132285.93855483763,-16.556493497763814,0.04784516321398993,0.04827459835782109,0.11603730258399449,0.11753088862393907,3750.414306801763,2.102065341792367
772,HD_35650__2015-12-28__03-24-06,0,0,31.996319224484335,31.998934344264466,3.9361929739404893,4.103587330589517,150240.1070089818,-19.030389530671624,0.07624272405590639,0.0789866757957625,0.1835880401928438,0.19330056283528838,6869.892197837914,0.785921948188487
773,HD_35650__2015-12-28__03-24-06,0,1,31.974975564741435,31.993571682085037,4.022548312116752,4.150495342815748,139100.36937680928,-24.378307690100073,0.0809766367454746,0.0828398417724246,0.19506516293199586,0.20274268713003155,6605.0425021764295,1.0937295098680628
774,HD_35650__2015-12-28__03-24-06,1,0,31.99637210504693,31.99913899782646,4.090775785927781,4.2250103361550595,154128.85423528252,-8.998693262632568,0.06224766450511389,0.06438442526565966,0.1522547021365924,0.15909688527505744,5561.215712483704,0.7955260410975262
775,HD_35650__2015-12-28__03-24-06,1,1,31.977561794730278,31.99335394422882,4.1683487806221535,4.259318265518675,143837.8660153614,-13.803503923621381,0.060369605207183825,0.061681175008606405,0.147935866701185,0.15243827703447382,4936.8134111472755,1.1381372949600375
776,HD_377__2016-10-14__02-57-13,0,0,32.01324580815595,31.98514796270426,3.868246190050936,3.8319996443332967,145469.27295307996,-1.071847628649066,0.0698610139062403,0.0691445359058042,0.169126778636416,0.1668905373171064,6214.782637926643,3.2088675384245806
777,HD_377__2016-10-14__02-57-13,0,1,32.00412780942486,31.982828232034002,3.9545591263075037,3.8913040379621826,128252.52871010473,2.096875699638758,0.05720034068599492,0.05621185825902694,0.13908153884784116,0.13607365142652425,4389.093768375013,1.501488795701439
778,HD_377__2016-10-14__02-57-13,1,0,32.01402230981424,31.990744147713546,3.99245201749709,4.017417045517501,142245.72226295737,18.589336892440585,0.05198085216381692,0.05223746636153504,0.1260330780348802,0.12685885198666202,4383.442639201615,3.5377056897729338
779,HD_377__2016-10-14__02-57-13,1,1,32.0069446750041,31.98751983419932,4.089749847447786,4.055501859125185,126538.08572791146,-35.55379897324335,0.04485141266436251,0.04470212668912888,0.10868548148775796,0.10761966851018895,3295.8464776467026,2.2562805451287473
780,HD_38678__2017-02-11__00-52-32,0,0,32.006487376278706,32.00737697270583,3.815109324808696,3.737748557299239,2259133.5498439115,33.23535897712221,0.05558071267105308,0.05510683576215133,0.13377071430389056,0.13083803779980216,78318.67054912822,1.2149609923538307
781,HD_38678__2017-02-11__00-52-32,0,1,32.017160520426415,31.98892086597529,3.947727020170097,3.837049210311333,1917954.016246073,27.57159658797214,0.07502589973237951,0.07371277739762147,0.1818124779666082,0.17586840206350823,86738.52238420898,1.1425689537926256
782,HD_38678__2017-02-11__00-52-32,1,0,32.00661217241767,32.008210007451815,3.9215958113614873,3.953794901858471,2129212.7888337686,130.93054409136528,0.05351288592648661,0.0534481676614668,0.1278073596507387,0.12893959330817759,68469.6331747967,2.852325619698933
783,HD_38678__2017-02-11__00-52-32,1,1,32.01609820271574,31.98707247214083,4.069150102463199,4.002171878987968,1840450.409312505,27.081322169951974,0.06189289872389286,0.06121364260400195,0.15051267890429962,0.14744665178845592,66490.21122156788,1.5720165210297126
784,HD_39060__2014-12-08__05-27-37,0,0,31.995414634734367,32.00242788518276,4.868017919708517,4.924275968220326,1070312.4441762124,3.351225602684955,0.055824072231190916,0.056636169448341225,0.14576255546797998,0.1487364437335601,29004.852322884333,1.7129300973217332
785,HD_39060__2014-12-08__05-27-37,0,1,31.997458666851855,32.00713846324464,4.863638506697712,4.926497699332434,1068264.4265351372,-9.687069553635443,0.05498659551496602,0.05584313519858199,0.14300093559593136,0.14620777002077007,28531.82358154326,1.5232061904220335
786,HD_39060__2014-12-08__05-27-37,1,0,31.998096321310214,32.004652140273194,5.177457502604645,5.2297648422713126,566872.9603970833,-0.22922757888572923,0.059040250137268706,0.059841054900458,0.1591245693852819,0.16219251700399373,15188.803958150469,1.9653585662212447
787,HD_39060__2014-12-08__05-27-37,1,1,32.00018221875738,32.00878961944246,5.179820612507513,5.234437435249477,565319.9506065927,-8.03715550649471,0.058381874534627204,0.05918502303267651,0.15683473210112753,0.1599552337371596,14965.226378710933,1.8774535704203346
788,HD_39060__2015-02-05__02-12-39,0,0,32.00164406465233,32.00268485917927,3.738306586850235,3.8396516331336996,2021649.8229205331,-28.802956135254302,0.06277472756695787,0.06372632461577844,0.14918799902189855,0.1536768722157775,79836.30133741941,1.0577405800321404
789,HD_39060__2015-02-05__02-12-39,0,1,32.00306395361992,31.993199267459755,3.736466237295613,3.842828055445034,2046451.8519707792,-17.85013331976548,0.05764094857798355,0.05902831635051817,0.13786537326703324,0.14242083062463637,74523.16242233936,0.9231154587045616
790,HD_39060__2015-02-05__02-12-39,0,2,32.015986791704954,31.981418941251363,3.9005958271008634,3.846452269349539,1737920.167812302,39.16719752219234,0.07266443218012596,0.07241272179929735,0.1750679724490555,0.1723918595181745,77031.37168276783,2.290987409954287
791,HD_39060__2015-02-05__02-12-39,0,3,32.02887392293039,31.98359119422831,4.0868619447100505,3.9014217089474355,1648571.8201071662,39.813774181700445,0.09933579119468955,0.09836930199483031,0.2438843583748241,0.23170355446668767,96602.36055358614,0.9173149846316078
792,HD_39060__2015-02-05__02-12-39,0,4,32.02751556393379,31.952714578977883,4.45189028041239,4.11780609797008,1284790.3333317155,8.319340477962971,0.12681261176664396,0.1164283870645605,0.3193536345037896,0.2846042049789975,86365.6047315,0.6146515290605336
793,HD_39060__2015-02-05__02-12-39,0,5,31.970525636658152,32.01327454023017,4.2711347946392495,3.9051929562922525,1569048.1559741765,36.42918621888692,0.08754054188680482,0.08514463589438608,0.21889337305254275,0.1981500106577225,78438.7622894471,0.4065283941094229
794,HD_39060__2015-02-05__02-12-39,1,0,32.00124470081863,32.00605475380425,3.89765102243078,4.002069999691204,1878734.1116951073,-22.20128946200485,0.06009127902821413,0.06132096870924597,0.14435703220263554,0.14900157807970263,68366.88840151225,0.9863566817254988
795,HD_39060__2015-02-05__02-12-39,1,1,31.99945654004631,31.99530734362365,3.8981289893248974,4.001059454430321,1903970.379008838,-11.100932627997805,0.05415828593173653,0.055567914315721764,0.13093048658093473,0.13528309586593093,62622.500128184714,0.8962978369658581
796,HD_39060__2015-02-05__02-12-39,1,2,32.02559641400421,31.985295887050434,4.07226877125328,4.036036865817881,1620712.3782688899,39.35346016457489,0.05958487800011249,0.059425390860240415,0.14425446301979167,0.14276393548787464,56349.22881762302,2.8377284346929246
797,HD_39060__2015-02-05__02-12-39,1,3,32.023543793391426,31.98261948400166,4.221854849133351,4.077344480505948,1553424.1527951804,39.55518747568518,0.07346084024206408,0.07286633618572495,0.1806459126071452,0.17364288609215814,64887.6461494723,0.87987426021622
798,HD_39060__2015-02-05__02-12-39,1,4,32.02607218434455,31.954906730930844,4.541757718642136,4.231566899326021,1249092.942798777,7.727938543806265,0.0910930091940329,0.08413435603898307,0.2310699496503009,0.20735624152778712,59080.69412226514,0.4780370346296369
799,HD_39060__2015-02-05__02-12-39,1,5,31.971923824468664,32.013947252425744,4.369920206781729,4.063800027297048,1494267.9962098275,37.518297737787414,0.06864292065672072,0.06730470212742162,0.17187236577719608,0.1583324472549659,57048.30103490887,0.38642954391369183
800,HD_39060__2015-10-01__08-44-47,0,0,31.973029985683755,31.998482138993875,3.828254981375034,4.066251578611368,1585134.0970906317,-31.956399652672257,0.07310088467968087,0.07522482681465545,0.17227981282802096,0.18441407037403573,70490.92438349829,0.5320013782257721
801,HD_39060__2015-10-01__08-44-47,0,1,31.996714616124645,32.00237488049238,3.839162176058475,3.923757134294831,1630501.5625286072,-24.066414070749765,0.05188954420266528,0.05269963522119662,0.12425024549126945,0.12745157895218043,51996.20791492522,1.0478494056135204
802,HD_39060__2015-10-01__08-44-47,0,2,31.98993074839204,32.005364932185955,4.063358130126647,4.323904883266213,999703.3174419008,-1.9679050635138526,0.10026684013548569,0.10740176969950989,0.24522750813347788,0.2677220096270659,58641.25231201245,0.6699279295365888
803,HD_39060__2015-10-01__08-44-47,1,0,31.97483502735312,32.001457978318065,3.9979187220509464,4.174859312797761,1526350.1322595256,-29.955745216088904,0.05668428895550772,0.058065367482103065,0.13539327904992368,0.14250364211924527,50763.405017728364,0.5570051603756235
804,HD_39060__2015-10-01__08-44-47,1,1,31.997634390149006,32.005708660566356,4.00839976440668,4.064947216311135,1558546.6090315245,-2.0085305782328207,0.04484357636662615,0.045532276585088405,0.1093485484983542,0.11146061191609588,41326.14538665519,1.3409365905791375
805,HD_39060__2015-10-01__08-44-47,1,2,31.99072678472153,32.008089851157294,4.185669705667509,4.441192407211125,997484.7547470762,5.477366590472926,0.07444621009402566,0.07950940071353756,0.18339099139693868,0.19996202928412435,42171.478512541915,0.5083551998392134
806,HD_39060__2015-11-30__06-08-56,0,0,31.984372202624343,32.006975101429646,3.899141813580529,4.078922483789921,1622713.2498876126,-36.95955733392466,0.08527046932317675,0.08645267327744764,0.20140431466057987,0.21172754598366259,82698.8086823038,0.8202829850226573
807,HD_39060__2015-11-30__06-08-56,0,1,32.006456503960095,32.00050806315293,4.016770686974982,4.335092392011959,1376126.4661346872,-40.14852410953627,0.1022820836100465,0.1037222719849015,0.23891855715696514,0.2602625630107422,80371.70238920223,0.5624555392655483
808,HD_39060__2015-11-30__06-08-56,1,0,31.98584746053009,32.00834300690925,4.074285879906678,4.193229868715777,1556269.7695837386,-33.960077792275996,0.06617292481622056,0.06699227810914037,0.1586557069910347,0.16406283390018564,59389.502885634145,0.968355281781558
809,HD_39060__2015-11-30__06-08-56,1,1,32.00799879180894,32.00129813225035,4.167606557153218,4.416860307081385,1344503.7406511586,-37.13755418606014,0.07766232108733749,0.07902763702263343,0.18469767310267565,0.1975436149764795,58130.655934334434,0.5503874280799901
810,HD_39060__2015-12-26__04-20-09,0,0,31.991754342240746,31.992967231465208,3.844421181660888,4.009274525097222,1681965.5094504093,-29.571859319749517,0.06567716381629037,0.06720032029770492,0.1560232391810642,0.16360582222399206,67363.49892501037,0.6868179144897871
811,HD_39060__2015-12-26__04-20-09,0,1,31.992744770110225,31.996448130749165,3.8853195011938806,4.026204781556203,1664133.293483325,-32.155284724541026,0.06842176814314896,0.0695631518180296,0.16269103613370275,0.16932325147540883,68717.84653992302,0.8375068307248296
812,HD_39060__2015-12-26__04-20-09,0,2,31.975599765995746,31.99762013661153,3.8739493688867213,4.078791839369469,1560397.268793724,-23.508563888665392,0.07241362696619226,0.0752129122583697,0.17286228174294058,0.18390615346049743,68579.04271097646,0.6120371407355251
813,HD_39060__2015-12-26__04-20-09,1,0,31.9936856432003,31.993647609720934,4.009071149741473,4.129180942612521,1609366.0654895836,-26.782495524829535,0.05277421522226552,0.05378593184299762,0.12689109782092683,0.13140335514333223,49918.08276806189,0.7594193692697413
814,HD_39060__2015-12-26__04-20-09,1,1,31.994209488047503,31.99674375543148,4.046471090809002,4.143447513822219,1597269.0721846074,-25.371103050677846,0.05441046219137867,0.05530713785798064,0.13134676882605956,0.13515708489745792,50694.539505129695,0.9683388951905396
815,HD_39060__2015-12-26__04-20-09,1,2,31.97557274660772,31.9985229638666,4.035671030452718,4.190449340816498,1504857.4454500412,-19.75874307438066,0.05585833825324563,0.05767926491179181,0.1350723743919142,0.1417812903941728,49207.45468922578,0.6240932646893818
816,HD_39060__2016-03-27__00-36-28,0,0,31.998112615022976,32.00502165695816,3.903412354426903,3.9646718060041435,1556965.6408561745,-25.211706821499476,0.07660459199365306,0.07742763677992695,0.18398822745416082,0.1873987788567133,72166.30339621501,2.137567815361416
817,HD_39060__2016-03-27__00-36-28,0,1,31.993859317204624,32.006839836461225,3.8877837018761467,3.981084684249225,1622032.9186108818,9.82103838831693,0.07555100481183266,0.07738710420436624,0.1826160726852501,0.18830997884339343,74639.62917626649,1.3769200836505966
818,HD_39060__2016-03-27__00-36-28,0,2,31.997466087935223,31.9995272810502,3.881555267447216,3.9449832469020185,1660284.3474331382,-1.6677132803845256,0.07246017861509856,0.07372012285726046,0.17542292016964028,0.17911889213298826,73413.37199402122,1.9296310049414265
819,HD_39060__2016-03-27__00-36-28,0,3,32.01193060337724,31.99543073552018,4.126871188844301,4.161153047219502,1025341.8617940455,-16.790212342800732,0.08518777263924213,0.08580198316923099,0.2082711065049928,0.21031584258686883,50122.45681650616,4.238250133546339
820,HD_39060__2016-03-27__00-36-28,1,0,31.99870286943978,32.00579020820609,4.050878314640835,4.102729750448112,1499201.429427356,-4.243896217036116,0.059586548705813175,0.06041458110220342,0.1456433460911415,0.148218885580935,52271.19448904577,1.9437785148294342
821,HD_39060__2016-03-27__00-36-28,1,1,31.99712064329818,32.0074807674975,4.0219386182820385,4.122183991745822,1567109.4191364532,17.107289910477462,0.0592991499728616,0.06063566503699552,0.14383842026525898,0.1484826450810365,54668.727954931055,1.0143365480465854
822,HD_39060__2016-03-27__00-36-28,1,2,31.99825682763317,32.00049642519208,4.025122041288089,4.097451168071608,1588403.1153348084,17.448021091882023,0.05761080362815998,0.05853169595846467,0.1398115441844788,0.1430037294397216,53802.10930577818,1.361506774007245
823,HD_39060__2016-03-27__00-36-28,1,3,32.01172026971283,31.99804549768723,4.252378873710583,4.275070138004614,1021392.0791343354,13.407040616460227,0.0647057541345279,0.06502574225917043,0.15981394601196042,0.16083797189298565,36822.29027895078,4.858851951073025
824,HD_39060__2016-04-16__00-04-10,0,0,32.005631490065326,32.00154636215109,4.167838242649958,4.055928016018302,1599066.3793510157,34.091530350796475,0.07319580974364297,0.07238607767466898,0.17899617106800142,0.17351043569718325,67062.5869382558,1.1241973176627171
825,HD_39060__2016-04-16__00-04-10,0,1,31.98917774666095,31.99096218073924,4.069993572898484,4.18133623464724,1500937.5761214762,-41.013549530027966,0.06854810059841336,0.06883138622957671,0.16353953424287543,0.16851037677332364,59208.42780228629,1.0705905724787244
826,HD_39060__2016-04-16__00-04-10,0,2,32.00207418729763,32.00325149581999,4.283229083661387,4.43788678733223,1163720.6081789932,-37.416492558969985,0.08244890266055671,0.08332172641196159,0.1986688608889383,0.2071126692325265,52407.21121110759,0.9440061718266248
827,HD_39060__2016-04-16__00-04-10,1,0,32.00476352527359,32.00262821719921,4.285419331695845,4.214642902166085,1536350.7842677922,27.49169008524979,0.05654355264128007,0.05594251509409647,0.13903042157753362,0.13620517883908587,48178.86106004449,1.3751640435964305
828,HD_39060__2016-04-16__00-04-10,1,1,31.990951461407274,31.994421414512953,4.295190177445546,4.225654284998553,1457496.3833752037,-1214.6418300619566,0.05082054757719745,0.050836547706389,0.12471432729830419,0.12243810509646984,41210.07085338679,1.2816158113731848
829,HD_39060__2016-04-16__00-04-10,1,2,32.00292690807707,32.00544199632553,4.417940022010813,4.524978103699433,1145807.2339280553,-31.552378059080155,0.06366078286538379,0.06446527983128525,0.15597270156044166,0.16071574580096493,38882.69727893516,1.0563915426735426
830,HD_39060__2016-09-16__09-22-07,0,0,32.004942373364855,31.967780433174912,3.832305007900604,3.883607517871981,1837844.4456869203,311.3589100744383,0.12397912868329636,0.1236979822755926,0.29413001640659164,0.29840282761670106,139617.0895020298,4.1253476041376205
831,HD_39060__2016-09-16__09-22-07,0,1,31.996775040441836,31.980643771996377,3.8252614628360817,3.8648907340660683,1944253.761082438,1.8751267684234811,0.12110144038416479,0.12239597900351752,0.29231829893862954,0.2958622150284239,145686.46133515635,5.141325002750375
832,HD_39060__2016-09-16__09-22-07,1,0,32.005845927522486,31.99262712421504,3.9182641694437153,3.950235332328043,1824360.706484017,-29.467956541647798,0.05638234066947528,0.05662285301647887,0.13539068285365263,0.13658720631883542,62035.21476673026,3.015458990387674
833,HD_39060__2016-09-16__09-22-07,1,1,31.997860097126694,32.00017352435732,3.886804250315,3.94807002328579,1919235.2664797693,10.371800744944197,0.05581660979456666,0.05669378025023804,0.13493175356864825,0.13762461884537724,65248.3139953874,1.5426006961740628
834,HD_39060__2016-10-14__08-40-21,0,0,31.99877017569097,31.98630865487834,3.9094254720721566,3.8224757844078545,1617339.1033408446,37.55124301616489,0.05753104202800598,0.05717097248733205,0.13900830169905745,0.13565573731124858,56783.97775147399,1.1262614279086702
835,HD_39060__2016-10-14__08-40-21,0,1,31.99679830553019,31.98967434952933,3.820003250544367,3.8920466927690893,1726617.911054116,-39.162215075502644,0.05430041626707223,0.05451246787131039,0.12890716508510744,0.13150316659337535,57654.22516472492,1.289634497568245
836,HD_39060__2016-10-14__08-40-21,0,2,32.01119541899501,31.99033805423362,3.8764363167209517,4.031215201880275,1461445.999234795,-220.55488551653036,0.05760952793988651,0.05796337613356759,0.13583016566757358,0.14168629728547277,50567.78385116486,0.6410777607607923
837,HD_39060__2016-10-14__08-40-21,1,0,31.999589645050385,31.988705034209275,4.049492316000521,3.989244518565223,1557108.8870879998,400.8898206308068,0.04967392948244818,0.04954983846056958,0.12039230297060204,0.11842662749709613,45522.61404239628,1.4197941682976989
838,HD_39060__2016-10-14__08-40-21,1,1,31.997786982331633,31.99051299655561,3.990967429148017,4.033493033008982,1650085.7853486878,-32.64075939873609,0.0488224354289351,0.04904942095009881,0.11730985668388176,0.11869734908580312,47667.59800056652,1.9748938350731564
839,HD_39060__2016-10-14__08-40-21,1,2,32.011024361869076,31.991012948036513,4.037504777056227,4.166740122842676,1415649.3189659438,-36.51306021735421,0.046442114367458535,0.04689009394120735,0.1108619442536102,0.11481139011059645,38151.17088200725,0.6245471909709651
840,HD_39060__2016-11-18__06-43-17,0,0,31.995425751877335,31.99116372051308,3.801336017913798,3.7865211455266965,1814050.519345216,-1.4170793918533748,0.05397052627617926,0.05374743119237457,0.13011850582134918,0.1294665814485633,60926.33911502895,6.078540444838951
841,HD_39060__2016-11-18__06-43-17,1,0,31.997361165223396,31.999442033831926,3.9479228916665825,3.9694712705268356,1726156.3481409159,401.29215776879715,0.05007727324611572,0.05011658017817791,0.11995253375360504,0.12066312812590291,51726.100194654035,3.994038237343344
842,HD_39060__2018-09-12__07-23-09,0,0,32.005156473066805,31.999847453019505,3.8136820628432826,3.7729939777154367,1780501.813950807,131.4475066902453,0.054607200947826194,0.05467978228551421,0.13124843168878753,0.12977051444403134,60679.99876739531,2.288656537886362
843,HD_39060__2018-09-12__07-23-09,0,1,31.996664226317716,32.001669561142634,3.7382755036558395,3.829923759867394,1823357.3582226564,22.7998764273009,0.05347551786643915,0.054437285199609095,0.12759264606988074,0.13119256346438593,61503.197587907634,0.9937748032442937
844,HD_39060__2018-09-12__07-23-09,0,2,31.987958483045013,31.98929320627382,4.023486468530489,3.900752837279901,1575392.8849488928,-22.723680494550056,0.0495908563689195,0.048453897123431275,0.12059993820534548,0.11625237328020296,46153.29880414984,0.6779353239790576
845,HD_39060__2018-09-12__07-23-09,1,0,32.00725109705172,31.998301750527,3.935107200507205,3.9823776809625318,1692203.4814786674,37.162357738465246,0.050693957994881064,0.050861643627221405,0.12125630322348965,0.12283401448436035,51396.37043284711,1.8436280508470264
846,HD_39060__2018-09-12__07-23-09,1,1,31.998435369619095,32.00234957740378,3.901588296541288,4.004844799408711,1720825.942623404,27.216401153001947,0.05220818888568034,0.05306584548355957,0.12498727442884142,0.1288248624550699,54250.91004444897,0.868694847743309
847,HD_39060__2018-09-12__07-23-09,1,2,31.990250100043756,31.995200257826593,4.160480098381799,4.04761610053104,1514255.5729110807,-28.983527792877524,0.040258065270282514,0.03962810383537016,0.09842357249557916,0.09531314238951019,34915.26451711555,0.6082546302429427
848,HD_39060__2018-09-12__07-39-45,0,0,32.005156473066805,31.999847453019505,3.8136820628432826,3.7729939777154367,1780501.813950807,131.4475066902453,0.054607200947826194,0.05467978228551421,0.13124843168878753,0.12977051444403134,60679.99876739531,2.288656537886362
849,HD_39060__2018-09-12__07-39-45,0,1,31.996664226317716,32.001669561142634,3.7382755036558395,3.829923759867394,1823357.3582226564,22.7998764273009,0.05347551786643915,0.054437285199609095,0.12759264606988074,0.13119256346438593,61503.197587907634,0.9937748032442937
850,HD_39060__2018-09-12__07-39-45,0,2,31.987958483045013,31.98929320627382,4.023486468530489,3.900752837279901,1575392.8849488928,-22.723680494550056,0.0495908563689195,0.048453897123431275,0.12059993820534548,0.11625237328020296,46153.29880414984,0.6779353239790576
851,HD_39060__2018-09-12__07-39-45,1,0,32.00725109705172,31.998301750527,3.935107200507205,3.9823776809625318,1692203.4814786674,37.162357738465246,0.050693957994881064,0.050861643627221405,0.12125630322348965,0.12283401448436035,51396.37043284711,1.8436280508470264
852,HD_39060__2018-09-12__07-39-45,1,1,31.998435369619095,32.00234957740378,3.901588296541288,4.004844799408711,1720825.942623404,27.216401153001947,0.05220818888568034,0.05306584548355957,0.12498727442884142,0.1288248624550699,54250.91004444897,0.868694847743309
853,HD_39060__2018-09-12__07-39-45,1,2,31.990250100043756,31.995200257826593,4.160480098381799,4.04761610053104,1514255.5729110807,-28.983527792877524,0.040258065270282514,0.03962810383537016,0.09842357249557916,0.09531314238951019,34915.26451711555,0.6082546302429427
854,HD_39060__2018-09-14__07-08-53,0,0,31.99724450943294,31.995376526849505,3.833058293422424,3.9213086694918977,1296164.851527579,18.0514235221219,0.052322297594901084,0.053349293298383484,0.12567678830372572,0.12913683575349016,41807.266840564174,1.0100666799464268
855,HD_39060__2018-09-14__07-08-53,0,1,31.995025297960197,31.99323799097381,3.853664814663385,4.004506045743919,1288456.1969894827,13.677766968548017,0.05209982466196164,0.05402457517479051,0.12542958042233415,0.13153935714019516,41194.59642976405,0.5921122299663677
856,HD_39060__2018-09-14__07-08-53,0,2,31.996891404779767,31.999566752941664,3.9810524680430497,4.233744609112472,1057010.8355120907,-2.7079173205711453,0.06550255785493117,0.07002865391594171,0.15943305039367842,0.1733499404123876,41309.82870496339,0.45019007096497254
857,HD_39060__2018-09-14__07-08-53,0,3,31.997010900064062,31.998791796007882,3.8043827250865725,3.910566416273053,1517004.074569615,10.27513019339107,0.05333047171943719,0.05480403357446897,0.12835752074652812,0.13280547803822587,50321.34144435613,0.8543258291625054
858,HD_39060__2018-09-14__07-08-53,0,4,31.996443654562817,31.99425367377366,4.006740042854522,4.33994374635204,1076721.859031308,-22.8742685079834,0.06492832770758465,0.06902316497955567,0.15552891965485985,0.17183049274528936,40923.828247296326,0.3436832887028645
859,HD_39060__2018-09-14__07-08-53,1,0,31.998049456956323,31.995649593694854,3.987749622501189,4.083212061456745,1262010.6360817936,22.581455010542868,0.04600661770377271,0.046840060502270506,0.11098302162074965,0.11419418733243256,34387.250669977606,0.8278834834737945
860,HD_39060__2018-09-14__07-08-53,1,1,31.996059314866415,31.991014896125613,3.9974223911957596,4.153093292094673,1254091.4401432222,16.163892772255146,0.04471256147343707,0.04630040425519908,0.10826925781171208,0.11364276606018935,33173.01144573961,0.494981053342189
861,HD_39060__2018-09-14__07-08-53,1,2,31.996953171732592,32.000405894900545,4.127105310190274,4.386757626808985,1029323.0978832549,-0.5609674752310452,0.05042502030375686,0.053973009038273824,0.12389102469365025,0.13517153425886055,29903.772854819345,0.33828694959483385
862,HD_39060__2018-09-14__07-08-53,1,3,31.996924297780154,31.997573455440335,3.956804063919053,4.076351192679063,1456293.2616843563,13.905303288376317,0.04905839480108346,0.050469140102494855,0.11877233087620845,0.1233568437509251,42733.04445722783,0.702419527922426
863,HD_39060__2018-09-14__07-08-53,1,4,31.996357477176026,31.994108248872724,4.158562992548797,4.473442126151609,1051866.3633992122,-21.78781101985625,0.05165985704331309,0.05481258037844688,0.12507896823114628,0.1375729244543457,30732.65294086144,0.29066637872020623
864,HD_39060__2018-09-14__08-18-07,0,0,31.99724450943294,31.995376526849505,3.833058293422424,3.9213086694918977,1296164.851527579,18.0514235221219,0.052322297594901084,0.053349293298383484,0.12567678830372572,0.12913683575349016,41807.266840564174,1.0100666799464268
865,HD_39060__2018-09-14__08-18-07,0,1,31.995025297960197,31.99323799097381,3.853664814663385,4.004506045743919,1288456.1969894827,13.677766968548017,0.05209982466196164,0.05402457517479051,0.12542958042233415,0.13153935714019516,41194.59642976405,0.5921122299663677
866,HD_39060__2018-09-14__08-18-07,0,2,31.996891404779767,31.999566752941664,3.9810524680430497,4.233744609112472,1057010.8355120907,-2.7079173205711453,0.06550255785493117,0.07002865391594171,0.15943305039367842,0.1733499404123876,41309.82870496339,0.45019007096497254
867,HD_39060__2018-09-14__08-18-07,0,3,31.997010900064062,31.998791796007882,3.8043827250865725,3.910566416273053,1517004.074569615,10.27513019339107,0.05333047171943719,0.05480403357446897,0.12835752074652812,0.13280547803822587,50321.34144435613,0.8543258291625054
868,HD_39060__2018-09-14__08-18-07,0,4,31.996443654562817,31.99425367377366,4.006740042854522,4.33994374635204,1076721.859031308,-22.8742685079834,0.06492832770758465,0.06902316497955567,0.15552891965485985,0.17183049274528936,40923.828247296326,0.3436832887028645
869,HD_39060__2018-09-14__08-18-07,1,0,31.998049456956323,31.995649593694854,3.987749622501189,4.083212061456745,1262010.6360817936,22.581455010542868,0.04600661770377271,0.046840060502270506,0.11098302162074965,0.11419418733243256,34387.250669977606,0.8278834834737945
870,HD_39060__2018-09-14__08-18-07,1,1,31.996059314866415,31.991014896125613,3.9974223911957596,4.153093292094673,1254091.4401432222,16.163892772255146,0.04471256147343707,0.04630040425519908,0.10826925781171208,0.11364276606018935,33173.01144573961,0.494981053342189
871,HD_39060__2018-09-14__08-18-07,1,2,31.996953171732592,32.000405894900545,4.127105310190274,4.386757626808985,1029323.0978832549,-0.5609674752310452,0.05042502030375686,0.053973009038273824,0.12389102469365025,0.13517153425886055,29903.772854819345,0.33828694959483385
872,HD_39060__2018-09-14__08-18-07,1,3,31.996924297780154,31.997573455440335,3.956804063919053,4.076351192679063,1456293.2616843563,13.905303288376317,0.04905839480108346,0.050469140102494855,0.11877233087620845,0.1233568437509251,42733.04445722783,0.702419527922426
873,HD_39060__2018-09-14__08-18-07,1,4,31.996357477176026,31.994108248872724,4.158562992548797,4.473442126151609,1051866.3633992122,-21.78781101985625,0.05165985704331309,0.05481258037844688,0.12507896823114628,0.1375729244543457,30732.65294086144,0.29066637872020623
874,HD_39060__2018-09-17__09-17-08,0,0,32.01150949389754,31.993121262304207,3.737641606608041,3.7922623318944244,1864304.886436003,17.06403165684544,0.05682930868147326,0.057535805867639754,0.13616380197559683,0.13839262101011957,66978.73685922868,1.7606839597200945
875,HD_39060__2018-09-17__09-17-08,0,1,31.99648788207841,31.996292114736796,3.736581150402996,3.8466930050758297,1838335.7195440773,20.384605084863406,0.05317110757973789,0.05441197544536987,0.1269574718798608,0.13129810730328317,61697.770710361954,0.8233958810375318
876,HD_39060__2018-09-17__09-17-08,1,0,32.00956899846633,31.993842094055665,3.8933448267733186,3.9672536981458837,1752515.871393343,21.628230703556795,0.05462237908167282,0.05541184590995169,0.13138991536765746,0.13426912874710598,58081.37246493195,1.2615049150942654
877,HD_39060__2018-09-17__09-17-08,1,1,31.997704303886923,31.996574920426454,3.8977151328608874,4.020288060979532,1723989.4727148942,19.2536584640492,0.05298511144300719,0.054374056845767293,0.12745986615772395,0.1323341818587654,55347.83730874024,0.7411354086061999
878,HD_39060__2018-10-18__08-15-58,0,0,32.00993037546147,31.997726767515427,3.7446409044939215,3.8166949691375724,1858487.5462348564,6.708465462351639,0.053571355082881744,0.054615018910445706,0.12879249518586325,0.13174632472141226,62906.13797922365,1.2565948554348083
879,HD_39060__2018-10-18__08-15-58,0,1,31.99545082366061,31.999697999134327,3.767740174621719,3.8588056913006117,1776211.8671770096,7.13060294486538,0.05477927534221414,0.05613177390455437,0.1317464132174334,0.1357020802886393,61118.44084807196,1.0197553958787735
880,HD_39060__2018-10-18__08-15-58,1,0,32.012206857939496,31.99483851405722,3.9002592839900507,3.9895349882905964,1751264.8801045243,16.989111607930333,0.05081980536163634,0.0518336425170208,0.1225862619621496,0.125929125598075,53949.962103009835,0.9710045809416231
881,HD_39060__2018-10-18__08-15-58,1,1,31.996465856339626,31.99717495647981,3.9090464803331213,4.022911387723886,1683516.0967679804,11.334475181173053,0.049166049125629094,0.050579925081971455,0.11889206567106912,0.12330567531560883,50130.411287394665,0.7368366626436743
882,HD_44627__2015-02-06__02-21-02,0,0,31.997610621764665,31.997073474422496,3.8763978291868666,3.938471511506807,67356.75810126771,-32.51987890806939,0.06251804527122971,0.06296417181749502,0.1493514103974136,0.15200105631762167,2560.3277260097516,1.7259994002256713
883,HD_44627__2015-02-06__02-21-02,1,0,31.998588760408968,32.00037251628307,4.033424773566028,4.088852713360207,65487.96739511542,-18.697434638133874,0.0522279737500861,0.05284652252593561,0.12675474225233613,0.12894887180533474,2006.9190760928866,1.6095609898947205
884,HD_45270__2016-01-16__03-24-43,0,0,32.005047341676345,31.98901618885455,4.23306200425837,4.136283852354299,236043.22099890158,403.598236597456,0.0904687189889361,0.09032253488646548,0.22187312040943216,0.21620956421844142,12082.270810414568,1.6288738344443916
885,HD_45270__2016-01-16__03-24-43,0,1,32.028551957843504,31.995281591324858,4.0958636208238,4.035522283574321,323953.5603316642,-670.5736617375666,0.10000771937048158,0.10018908677498517,0.2434457003191396,0.23957983836810373,18893.15983675539,2.8712887078399576
886,HD_45270__2016-01-16__03-24-43,1,0,32.00383522934601,31.99212489224176,4.3423626984140915,4.285682170408337,236750.81129704483,42.78565333913645,0.06775812708738611,0.0676589358764581,0.16633532929589037,0.16384798491521485,8805.81227111726,2.1028220637932233
887,HD_45270__2016-01-16__03-24-43,1,1,32.03002124346416,31.995832630993668,4.183050594730869,4.207648794893001,318699.84035729564,-14.966888273894769,0.07622236677839195,0.07658716320278923,0.18736831961960188,0.18843155960910465,13752.528520873386,5.277875628655666
888,HD_51797__2016-01-03__04-28-49,0,0,31.92642319618167,32.01389206723522,4.119776484695916,4.018024746497416,27041.21130526623,2381.777751553473,0.12637231105632288,0.12618996123146758,0.3083818332613286,0.30023488647822877,1988.2003077939587,2.1448030892259764
889,HD_51797__2016-01-03__04-28-49,0,1,31.930321606246892,32.024633350355494,4.543457742288056,4.253193806886366,22412.96057683519,-219.82640510258173,0.17176018678619315,0.16993937616851448,0.43404628385228733,0.40244486638690485,2062.2950641998814,1.0390265878675975
890,HD_51797__2016-01-03__04-28-49,1,0,31.931942369778092,32.012725255326636,4.2189379647305305,4.167557114373022,27001.1099966133,217.8009916105804,0.09473745006957328,0.09458927001155665,0.23099449958894186,0.22812679230206284,1444.7274398721281,3.2053696596463426
891,HD_51797__2016-01-03__04-28-49,1,1,31.936426093125068,32.021709386846624,4.6417700714586765,4.318071107377081,22774.650457299464,-220.60771268571102,0.12956531873979152,0.12829022506339724,0.3302866935603184,0.3036045164657862,1551.9814324071554,0.7077399153096424
892,HD_55279__2015-12-27__05-19-54,0,0,31.92855385952545,32.033783729302684,4.440420965301959,4.293791259261687,21122.276640777865,27.781879936085502,0.13920029288686314,0.13665771311453154,0.3458834910840486,0.333090081520014,1581.1670121463972,1.6381466185825122
893,HD_55279__2015-12-27__05-19-54,0,1,31.85306268547693,32.09477949011162,4.5288597025490445,4.345212253839201,18314.475985266,-22.25272788122905,0.22520464990189984,0.2193607707452003,0.563827805266917,0.540323112860288,2174.3151623244626,2.097732310482965
894,HD_55279__2015-12-27__05-19-54,1,0,31.935142528306315,32.03283286115641,4.494149156244408,4.4189035609150356,22114.53592146251,13.43640804867636,0.10757379223275974,0.10606530096363195,0.26991380738648957,0.2651579685985823,1256.1546515548685,2.427624197544249
895,HD_55279__2015-12-27__05-19-54,1,1,31.882049520028843,32.07446947356365,4.63164740445163,4.378181917117161,19471.427253201604,-29.744335612113733,0.16689024438702152,0.16252256942462515,0.4212980735872446,0.39516455677984297,1686.279246711444,1.1446174107878042
896,HD_55279__2017-02-08__02-59-38,0,0,31.987091257783696,31.99710847298442,4.137947347488897,3.932714182695815,27254.003867420328,10.974592116883157,0.0661755923205118,0.06290432119343826,0.1624991033990718,0.15222481317556047,1032.4046290329225,0.5294346331414725
897,HD_55279__2017-02-08__02-59-38,0,1,31.99178934363407,31.988444122879955,3.972004362229544,3.876525778090845,28681.38528284282,25.175323868796855,0.05890546077296714,0.05793781306781887,0.1427430169718062,0.13875747174932077,1010.8709084230293,1.0394893326002377
898,HD_55279__2017-02-08__02-59-38,1,0,31.99027582034745,31.997140913502257,4.25683310636263,4.084789243591119,27657.646995669547,9.250334023536565,0.0506961754951519,0.048571090259480316,0.12551554496113035,0.11872398397506949,779.8800662095621,0.48669216225344525
899,HD_55279__2017-02-08__02-59-38,1,1,31.992706591941516,31.98849093189478,4.09888790911243,4.040162839129632,28948.77314984599,16.830803478428223,0.04925252826608875,0.048612160712303704,0.12030654483243096,0.11809989931676927,824.624629889859,1.4121365344707315
900,HD_56022__2015-12-29__06-30-09,0,0,31.99383979063831,32.00653460180413,3.92403296060298,4.206065276299614,359288.36344365985,-35.38807664016552,0.07951847688646702,0.08152962412943636,0.18683272109969534,0.20202975910210474,16850.366555809942,0.49169971314471267
901,HD_56022__2015-12-29__06-30-09,0,1,32.00805399385477,32.00355855080941,4.04979459975136,4.52585185676257,274133.1279623302,-32.63625486411394,0.09567288312887147,0.10075196509125112,0.22421324076029137,0.25592584701149684,14856.899244963719,0.35849034002566954
902,HD_56022__2015-12-29__06-30-09,0,2,31.918264307409007,31.938808288580834,6.29518616906055,5.218800896365718,23177.815185659405,29.803260144576097,0.21003106575617458,0.18475440739787238,0.6287028782782779,0.46047615383665724,1835.2742178836563,0.35590508830296747
903,HD_56022__2015-12-29__06-30-09,1,0,31.994051271068656,32.00831470642171,4.086614227949862,4.32336650556189,341404.48185810045,-32.23575022191366,0.060935768039669505,0.0626122350540149,0.14536286858654615,0.1553651584394225,11880.677237546082,0.45226237636898126
904,HD_56022__2015-12-29__06-30-09,1,1,32.00736465823713,32.0051970787924,4.200102655774574,4.630353116695892,263335.62835551566,-29.860027589115518,0.07555875573617066,0.07990490300710697,0.18012268096817602,0.2034674735035751,10970.866539255374,0.3158395092349488
905,HD_56022__2015-12-29__06-30-09,1,2,31.91389860946343,31.933157733797714,6.25151983594752,5.283695449371534,23893.43419228076,30.539208081949013,0.17584580921899567,0.15750238563160973,0.5225510949378848,0.39580721705804073,1596.8881395704395,0.3365686490260653
906,HD_56022__2016-03-30__00-11-02,0,0,31.997976580112933,31.99515895677413,3.904952555483896,4.006167652004278,490930.55566363095,39.90532348767893,0.07683328602305868,0.07720218783744211,0.18238841153725324,0.1875137926923575,22632.45530855079,1.306664361055681
907,HD_56022__2016-03-30__00-11-02,0,1,32.010829309374685,31.990764651052427,3.880418297557763,3.950452809475249,481287.93414976686,17.60823386814321,0.06336221261445475,0.06433523471231094,0.15269037933498464,0.15589124393403253,18580.273183121593,1.539189833708722
908,HD_56022__2016-03-30__00-11-02,1,0,31.998762222663334,31.99639454501428,4.03108174469985,4.167848086855812,454584.9451349505,401.27013040423685,0.06070796550184887,0.060991684963710394,0.14422147609397395,0.14963100586696662,15984.083763106242,0.7708771155251936
909,HD_56022__2016-03-30__00-11-02,1,1,32.01141433303742,31.993306542084568,4.014069769239705,4.103747366544173,447038.65388643666,25.945334260542733,0.052015467011117,0.05277065126701275,0.1253986127753098,0.1286427599180791,13668.932667603865,0.9992580625295212
910,HD_61005__2015-02-03__03-17-59,0,0,32.011608490058,31.984736656980044,3.9860847119589398,4.075861669096502,55307.57593827765,-30.295559300938386,0.06897087242777496,0.06975483583527937,0.16550441075724817,0.16964639236025256,2254.1959775413134,1.3249573178632934
911,HD_61005__2015-02-03__03-17-59,1,0,32.01355041484649,31.99046981024824,4.115540137246458,4.198986252708086,54413.187106849975,-18.618795508147983,0.0535281501440233,0.05444688486006348,0.13050871799730845,0.13374629554379627,1674.3420605531971,1.1019954756578905
912,HD_61005__2015-03-30__00-49-51,0,0,32.001536715493934,32.00680372418546,5.283894100422852,5.1938174392626815,47142.477732468826,33.41636831903126,0.029095288741458322,0.028849884534588678,0.07640849751571115,0.07453801346233674,610.9319578173356,0.6080670665454295
913,HD_61005__2015-03-30__00-49-51,1,0,32.00038635082418,32.00993370096324,5.488292389034303,5.561559959085399,24860.643407537245,127.01726075711414,0.034289101734358375,0.03414568999178916,0.08992976267758362,0.0917101957940961,357.89253950740397,0.9161649284516885
914,HD_71155__2016-01-19__05-00-11,0,0,31.991431696274155,31.984193721671105,4.333969297818663,4.43677744252038,817168.1241932497,-403.12906388960147,0.15134752653259184,0.15157794604473432,0.3655122315809377,0.37552291868183074,66886.27566598215,2.60659819742616
915,HD_71155__2016-01-19__05-00-11,0,1,31.975927385070733,31.9885556785612,4.5457942330313905,4.687014907228075,612657.6829147569,-17.22946872372045,0.16649274164937503,0.17158305058702325,0.4175904759060562,0.4371307944957212,53119.12648942032,2.0738242821183794
916,HD_71155__2016-01-19__05-00-11,1,0,31.991606144297798,31.98406582448704,4.438047272529902,4.47591786410569,809332.7162940901,-25.180393969677954,0.11638356418389668,0.11708072373591066,0.28802184214472204,0.29114273822278064,50228.88179935079,5.377416441064596
917,HD_71155__2016-01-19__05-00-11,1,1,31.976730322505745,31.991507374199966,4.59291190993912,4.7601588386150215,615977.4752601212,1.5178032640993837,0.13277487972502125,0.13860773491249911,0.33789583650446425,0.35837148284454384,42295.566858822094,1.379600048646185
918,HD_74576__2016-01-03__05-37-08,0,0,31.864091403311857,32.0215018935993,4.17261885874634,4.499366959548779,458591.86656520877,-35.04127834868999,0.21430037800584673,0.22140229537980297,0.5077260454433123,0.5568429642616562,54584.7304253451,1.165380744909333
919,HD_74576__2016-01-03__05-37-08,0,1,31.92743655047825,32.10877459828824,4.166970281762237,4.895154958204638,433118.93031089014,-38.14053156318215,0.23453099183549692,0.2468031855340561,0.5357330722555776,0.653798636314514,54213.60661953414,0.5849557957046235
920,HD_74576__2016-01-03__05-37-08,1,0,31.875705453798034,32.0211850781143,4.292291262259177,4.527854011691195,476419.17750765174,-32.534974987242,0.15784419982199002,0.16257185654757988,0.3800549853197655,0.4073292667456812,41015.4029578989,1.1932421224719876
921,HD_74576__2016-01-03__05-37-08,1,1,31.93695319131234,32.09946538226996,4.292280806897714,4.8653642415126335,451460.28704480774,-36.24759506168686,0.18153586900261454,0.19094975363312988,0.4254454954762574,0.49893706406599697,43326.69551047408,0.5786703706237869
922,HD_74576__2016-01-03__06-20-39,0,0,31.864091403311857,32.0215018935993,4.17261885874634,4.499366959548779,458591.86656520877,-35.04127834868999,0.21430037800584673,0.22140229537980297,0.5077260454433123,0.5568429642616562,54584.7304253451,1.165380744909333
923,HD_74576__2016-01-03__06-20-39,0,1,31.92743655047825,32.10877459828824,4.166970281762237,4.895154958204638,433118.93031089014,-38.14053156318215,0.23453099183549692,0.2468031855340561,0.5357330722555776,0.653798636314514,54213.60661953414,0.5849557957046235
924,HD_74576__2016-01-03__06-20-39,1,0,31.875705453798034,32.0211850781143,4.292291262259177,4.527854011691195,476419.17750765174,-32.534974987242,0.15784419982199002,0.16257185654757988,0.3800549853197655,0.4073292667456812,41015.4029578989,1.1932421224719876
925,HD_74576__2016-01-03__06-20-39,1,1,31.93695319131234,32.09946538226996,4.292280806897714,4.8653642415126335,451460.28704480774,-36.24759506168686,0.18153586900261454,0.19094975363312988,0.4254454954762574,0.49893706406599697,43326.69551047408,0.5786703706237869
926,HD_74576__2016-03-28__00-10-22,0,0,32.00573409334987,31.992496141997634,3.9063459503487925,3.9523189218688324,706566.5137882566,6.404556503329956,0.07020799385834828,0.07105226931551276,0.1701482615223255,0.1725796648543204,30070.06132064931,2.5759130973080153
927,HD_74576__2016-03-28__00-10-22,0,1,32.005585584867696,31.996085045667723,3.9005501913079472,3.957182516561154,737355.4130564202,19.122368772196804,0.06782485063873094,0.06863771323083287,0.16349110754604845,0.16628596037026122,30317.81777429327,2.0374594648477258
928,HD_74576__2016-03-28__00-10-22,1,0,32.00480456722568,31.993923126530337,4.044960273542688,4.1193208209598735,700400.5159958615,28.438316024213737,0.0567308144054401,0.05733475556391922,0.1367856663783175,0.13968707103647876,23181.953381415588,1.3165963152575964
929,HD_74576__2016-03-28__00-10-22,1,1,32.00659530873013,31.996794082949595,4.034658845149335,4.119001570125582,727030.6688492342,30.29453103215852,0.05517386095921164,0.05577474775140661,0.13272714390654458,0.13590312675881563,23435.35570763256,1.1306993446340197
930,HD_74576__2016-12-12__07-55-28,0,0,31.981517505097653,32.00509290685476,4.377011794261995,4.634855524845627,206579.5395305115,22.421367810525496,0.10906344420005869,0.11439263807740392,0.26783784532757327,0.28995635953252347,12127.897552847271,0.7534770958751273
931,HD_74576__2016-12-12__07-55-28,0,1,31.998962111823694,32.00713106599557,4.111350302708441,4.289084851930027,336372.0838505005,-20.25717987159211,0.08459053739626995,0.08766729185870405,0.20538172551581435,0.21694696687442797,16342.263809374408,0.8281752915714755
932,HD_74576__2016-12-12__07-55-28,1,0,31.981585467107465,32.0098207565345,4.47690088987089,4.764672611653343,223603.8405309769,24.319618462990757,0.0823228435423326,0.08650718231665247,0.20280836440826513,0.22133196879212094,9662.831781321354,0.5153266639344574
933,HD_74576__2016-12-12__07-55-28,1,1,32.00092219789863,32.01076380120959,4.237663713582642,4.422123388626167,355142.9434875648,-14.704645322119333,0.06366453328187864,0.06640144533544587,0.15659611680205865,0.16621985070966744,12637.33348652515,0.6011129076206357
934,HD_75416__2016-01-02__07-07-51,0,0,32.048289070878084,31.99044588948768,4.117479823024984,4.058509154044822,180853.76438275902,34.73276409981511,0.1687904215855541,0.167655786528959,0.41063301348888964,0.4034013079727983,17629.31657828321,4.930445372371034
935,HD_75416__2016-01-02__07-07-51,0,1,32.004572236562694,31.998380832320642,3.8169202039000902,3.974778719574336,251085.26242261336,-22.539848863792812,0.06955278978773974,0.07169080802957742,0.16616365028416677,0.17420570766823532,10773.196861370083,0.7575565365543907
936,HD_75416__2016-01-02__07-07-51,1,0,32.04697398200048,31.992597135243134,4.205187108236745,4.194537777499666,173642.95432549217,65.91311060247625,0.12389955264347102,0.12396024906452206,0.3032861176767792,0.3031464046742625,12139.898543942181,20.073226380954342
937,HD_75416__2016-01-02__07-07-51,1,1,32.00400222736795,31.998664692653733,3.980655421166814,4.109863532749596,232608.944029026,-15.960049887576107,0.057033517625872734,0.05872345759045991,0.13810308456713524,0.14376694371622128,7883.103588343512,0.7579926172836542
938,HD_75416__2016-12-13__07-47-26,0,0,32.008656975256294,31.983247948527726,4.031880725140605,3.8917901579091416,217907.16547005367,-6.343337508777066,0.12304417830448987,0.11853936025386884,0.3005314587938316,0.2867298729418477,15731.10192871244,1.4464656348718317
939,HD_75416__2016-12-13__07-47-26,0,1,32.015251667260685,31.972529336741424,4.176796445509509,3.9491185920632494,190282.9100825528,3.819042798332808,0.08595863472807973,0.08087396610894812,0.21207124432610394,0.1962488002534436,9252.76298944648,0.6148247510158183
940,HD_75416__2016-12-13__07-47-26,1,0,32.003151567462126,32.005925413010566,4.084731131473762,3.965970911369727,211970.69298450794,-13.678998970471657,0.04781529331745979,0.04648522511144756,0.11696142775335844,0.11265358794760043,5880.606947540661,0.6700580256941129
941,HD_75416__2016-12-13__07-47-26,1,1,32.000554042592526,31.99333323034055,4.2463543246656545,4.067707149352891,184107.94755324125,5.322337242053188,0.04545019210701148,0.043385287238881354,0.11258011500311138,0.10608428196332648,4660.89808380025,0.41831586875491417
942,HD_75505__2015-02-06__04-17-12,0,0,32.01413709636502,31.988885239886553,4.067589804175678,4.171851366873927,55369.78066879135,33.06029202592309,0.07696971099480356,0.0777935142009859,0.18483839185192633,0.19015157277463998,2463.9604226886236,1.282292582490039
943,HD_75505__2015-02-06__04-17-12,1,0,32.01642750182047,31.99090190315399,4.195684679895825,4.309895986264752,51441.09533756587,31.11091235699108,0.05847525865621997,0.05925617005182051,0.14148716807653683,0.14596888704400274,1687.1715111783146,0.8957825428129139
944,HD_75505__2018-01-06__05-11-44,0,0,32.00338494030972,32.00296806706715,3.818387612712226,3.8850888278104776,70036.12687854162,6.266705627833753,0.06892687200974061,0.07016835624650679,0.16626545008354832,0.16989332688343717,2992.8222122783104,1.7467230333932533
945,HD_75505__2018-01-06__05-11-44,0,1,32.005648056579716,31.99331219940668,3.7717855840310155,3.844916475532451,79106.49951837747,-17.66305091136117,0.05726964858791958,0.05821170876745511,0.13730111887572918,0.1403740263726529,2837.7748835805924,1.3292948644141305
946,HD_75505__2018-01-06__05-11-44,1,0,32.01131756983504,32.004933102096814,3.9717839469732152,4.036028984731764,65193.98018101826,39.657352774064805,0.049838580941625694,0.049992626201208694,0.11908720431548216,0.12118695116127341,1924.8421370817025,1.3386523348835635
947,HD_75505__2018-01-06__05-11-44,1,1,32.010039859289414,31.99406160874687,3.951925296366554,3.978799171945034,72724.32195935286,23.32911282993176,0.050400289854567765,0.05063839710023813,0.12163107755636832,0.122530524660173,2194.006848464694,3.1947735693357724
948,HD_77825__2016-04-17__00-37-21,0,0,32.00349741677184,31.987530626302465,4.0114662978330555,4.188730773559503,30258.094442696747,17.96175685338995,0.08071876576964254,0.08382576176100988,0.1953013626560732,0.20614670919326533,1438.3230417178186,0.7878508773697663
949,HD_77825__2016-04-17__00-37-21,0,1,31.998156728674033,31.99327738747922,3.8665802419240403,3.9451659586171113,37486.34625166402,1.1867343995687285,0.055856456951564264,0.057057774069695186,0.1351254714465349,0.1386012022155329,1282.7113855527662,1.2029458422758377
950,HD_77825__2016-04-17__00-37-21,0,2,31.995869029878772,32.0017082936738,3.8778431263366926,4.015206301882934,55671.081778199085,-16.799713821490094,0.07091709324928229,0.07315281291131669,0.17065383014596855,0.17815621037474613,2405.872461088514,0.8853078308446014
951,HD_77825__2016-04-17__00-37-21,1,0,32.016268134368254,31.993497780977208,4.117706977750558,4.305336826289937,30556.42775325782,29.459281345448748,0.053529656587451846,0.05487825069334724,0.12871691874579977,0.13566148902919578,931.703697271658,0.49969549424959664
952,HD_77825__2016-04-17__00-37-21,1,1,31.998927944841224,31.994040643877096,4.021746489894524,4.098390564654965,36641.56330531743,15.64545309169403,0.0476610686846278,0.04849592302960675,0.11576038683906209,0.11854658246315473,1027.8660374385693,1.0616752058640788
953,HD_77825__2016-04-17__00-37-21,1,2,32.00411390001686,32.00494597696336,4.060381884471121,4.114775915000392,55207.48590172171,-5.749822978944595,0.055148892804766286,0.055937689257024886,0.13486630842380343,0.13730539504270525,1777.2192023415666,1.7164287969028016
954,HD_77825__2017-02-13__04-41-12,0,0,32.00901936677948,31.992633708648366,3.842982271468303,3.826045566346955,107242.95034630176,17.327868372556747,0.05368723099297897,0.05347055023227488,0.129382914971689,0.1286133623515979,3546.0547241650725,5.331728356989723
955,HD_77825__2017-02-13__04-41-12,0,1,32.00358068350073,31.992536775515955,3.9929820589091047,4.198653131468838,69671.61395863623,-5.6389020742108915,0.06023284653143539,0.06353399824663415,0.14665322504549475,0.15679082749258114,2493.711022380062,0.5056349125622769
956,HD_77825__2017-02-13__04-41-12,1,0,32.00945708909253,31.993291246059893,4.001545159723981,3.9824539712253406,104708.29281202538,-36.040597456093096,0.05059266904211823,0.05049856058462143,0.12201718749376483,0.12133591960204787,3139.8420676743212,4.54987459738295
957,HD_77825__2017-02-13__04-41-12,1,1,32.00407049142718,31.994600918703025,4.140673329719254,4.314994665485557,70089.46479574137,1.3924800179375076,0.04379071832899104,0.04582551710996712,0.10771958415158824,0.11409706856381736,1760.2086531698117,0.4325571304707318
958,HD_84075__2015-02-05__04-36-52,0,0,32.008674787374034,31.988990065692782,4.066721982318314,4.109149690643019,43677.065069782286,9.492982417645578,0.0846721063630417,0.08554594529447877,0.2069560647309855,0.20956608820568376,2154.349305709157,3.3802903730360407
959,HD_84075__2015-02-05__04-36-52,1,0,32.006472831602125,31.988641926610125,4.18889037484902,4.24870890921204,42390.70143620006,20.836309540200595,0.06077998778576145,0.06146977573268306,0.1486182412287957,0.15120343900290184,1455.4883669316462,1.7495542985480257
960,HD_84075__2016-01-18__06-13-16,0,0,31.92166095145259,32.046026747181436,5.019281271355058,4.605743399893452,29436.209871503957,38.68956833752778,0.20389155550337495,0.20045334045030017,0.5352726041465783,0.48080683080056985,2920.1669183890717,0.8929228131236747
961,HD_84075__2016-01-18__06-13-16,1,0,31.9291136308169,32.04276004379383,4.981749001805626,4.694757931774572,29898.671446425225,36.96465689720153,0.1597484785922889,0.15743206927209658,0.4144609301046321,0.384846252204352,2314.6793726220735,1.011332807103378
962,HD_84075__2017-02-11__04-54-44,0,0,31.998122444610736,32.00354881029967,3.8468236032685064,3.8759961459450842,52728.80580568131,219.03466901956867,0.05511995163969297,0.055215173659042945,0.13154157242404133,0.13262061297829572,1782.9579415477933,3.2314756124363724
963,HD_84075__2017-02-11__04-54-44,0,1,32.005410903761216,32.008694757047266,3.8199070314960917,3.856401417487304,54226.87060898832,220.89513036629512,0.05488321868850717,0.05496432069336637,0.1307183163787241,0.13205366724167222,1836.3458210957965,2.5704617306965742
964,HD_84075__2017-02-11__04-54-44,1,0,31.99892032421028,32.00330237629755,3.988875272203532,4.042726154907929,50649.50248893137,39.063355476699016,0.04905329847800072,0.04920316961758185,0.1174138417544355,0.11916075480455872,1467.5763417156982,1.5722015495311228
965,HD_84075__2017-02-11__04-54-44,1,1,32.00581302015598,32.01029976432713,3.9619065168967462,4.029756225965203,51898.83705489004,35.67562546875082,0.04935842984786941,0.049651305662128276,0.11809510531068049,0.12035053359619892,1522.7137914689727,1.254152469928987
966,HD_8558__2015-09-24__06-06-43,0,0,31.99066352779258,31.991673003573954,4.573004622214435,4.50092664283478,22849.603315499917,24.068755129461547,0.12024438051295791,0.11877710762877947,0.3016270777244874,0.2952283804387342,1425.6580336073575,2.900554947440716
967,HD_8558__2015-09-24__06-06-43,0,1,31.99648336317994,32.006006531218155,4.615734390599456,4.45186412836676,22475.715160981388,-27.676896524847702,0.12210501856036227,0.11926472928708216,0.307406038584245,0.29334403134838627,1416.5162244510748,1.296949631744317
968,HD_8558__2015-09-24__06-06-43,1,0,31.994057298728144,31.99248932004002,4.64334018724842,4.595441938476282,24765.544603518236,25.03526119681927,0.09031670646256329,0.08960628987702976,0.22736397091197025,0.2241435653916936,1141.7650048906983,3.31109609413147
969,HD_8558__2015-09-24__06-06-43,1,1,31.99933975534163,32.0105486187407,4.7016343996144965,4.540988286477287,24237.508633614292,145.66046109956787,0.0934076469373208,0.09206685073595881,0.23586054103865214,0.22583090261429933,1150.7587027482,1.034301747119982
970,HD_8558__2015-10-28__03-08-29,0,0,31.992796236994952,31.992082721132743,3.829668211312151,4.015624087826602,71643.24024905748,-13.039923635308808,0.04792483035001695,0.05014499640599136,0.11523116764688231,0.12221780837635776,2120.077205200299,0.4435003984967476
971,HD_8558__2015-10-28__03-08-29,0,1,31.958930292510384,32.04040389899565,4.107960244748414,4.686952446102402,41049.78075978925,5.800263772886577,0.17107666749926487,0.19866428295720168,0.41830188898386367,0.510986091197225,4080.0440737408117,0.5379965396415036
972,HD_8558__2015-10-28__03-08-29,1,0,31.99359615411772,31.99321426973,3.9967478300795536,4.159598403568691,70437.7960204091,-10.105307460038627,0.04479581522241669,0.04665394200886585,0.10886120922244742,0.11473795682318931,1870.8690314266828,0.4729810324350844
973,HD_8558__2015-10-28__03-08-29,1,1,31.96197871485338,32.043118192463886,4.210678143541419,4.7409162220514665,42457.84667626752,8.459084426597215,0.1329464061228654,0.15193586748203858,0.3267664890846837,0.3924324119702729,3193.9724737546794,0.4549675117121779
974,HD_8558__2016-10-14__05-09-10,0,0,31.999631222254003,32.00016009805622,4.100336723151263,3.947024511505787,55423.98733950531,-5.831226859434731,0.06342150413729583,0.06092163217324846,0.15552010382961334,0.1479227661529981,2028.2862901486315,0.6808367998582191
975,HD_8558__2016-10-14__05-09-10,0,1,31.999420478312366,31.98085869898388,4.124370214684219,4.009013637312407,56459.549427492275,-11.302272903979679,0.0932045646681151,0.0905670876041867,0.2286291488746632,0.2200798162936911,3021.9757070130718,1.3428297842785202
976,HD_8558__2016-10-14__05-09-10,1,0,32.00102479267347,32.005269354434134,4.220705042028075,4.1149333189204205,55216.749074313644,-16.179005542698494,0.04556462321616823,0.044507753574280065,0.11227193595359897,0.10862871073647437,1413.7254503708232,0.7234623330542796
977,HD_8558__2016-10-14__05-09-10,1,1,32.00409378719357,32.00437430618183,4.209937054322621,4.107361698218434,57512.746194513296,-26.71113375846392,0.04471268091685605,0.043997123678958916,0.10965464418916085,0.1064325635655387,1453.3689545300126,0.7437878983790915
978,HD_88955__2015-03-30__01-49-28,0,0,31.98982627380737,32.00595287343446,3.914403638036509,4.066444539432853,1067662.0059539387,14.1285697326366,0.055062517939461465,0.05709754074374432,0.13290668368349504,0.13956712604032565,35531.34289567869,0.6220033246310537
979,HD_88955__2015-03-30__01-49-28,1,0,31.99041737947018,32.00853289344629,4.063229217380559,4.223216084638653,1026502.9707225115,13.706369533168147,0.04357817785295415,0.04526324795990572,0.10607780797764628,0.11174735335419873,26073.562492934634,0.4699740796880913
980,HD_88955__2016-03-27__02-19-10,0,0,32.01176589747227,32.00263757272932,3.9719728246871213,4.177062146107384,1021209.860884917,3.0314543433034067,0.07458426651437806,0.0787369061094879,0.18155241670700442,0.19415027087128267,45511.496893144096,0.6274378216248524
981,HD_88955__2016-03-27__02-19-10,0,1,31.991625640154343,32.00820159215586,4.521119014735144,5.769494660080917,359492.0629601564,-37.26536973918605,0.16222770849859489,0.17618775064558043,0.36376132176580334,0.5096246518861545,27493.23871493117,0.24954567438156003
982,HD_88955__2016-03-27__02-19-10,1,0,32.01333600502061,32.002510044409796,4.105374175563133,4.3146483341105,994260.2289507833,9.067713001804934,0.056978862866630765,0.06002147498593416,0.13953860211239158,0.14932823072091897,32732.278141372615,0.4719494313097728
983,HD_88955__2016-03-27__02-19-10,1,1,31.989341224277283,32.01767743731929,4.6240350803103425,5.888299542852081,362509.93719949294,-36.48986650089552,0.14225564180764447,0.155996646467942,0.32245117826870906,0.4549344507988993,23845.086277967253,0.21930122510237968
984,HD_88955__2018-01-05__08-09-37,0,0,31.938746324871808,31.99676157041668,4.248061503912114,4.04022676424615,1083340.8401704964,30.537534788912083,0.07847221663672665,0.07651336568374252,0.193339959177003,0.1826699783244497,47998.90618940397,0.6423374929019302
985,HD_88955__2018-01-05__08-09-37,0,1,31.9912801615632,31.995912838175514,4.035374789343049,3.8988898154463274,1320287.0736421284,-0.3683490777083214,0.05564174109807525,0.0536354423169152,0.13587697617863995,0.12996765118427586,43059.23023504201,0.6707008921670069
986,HD_88955__2018-01-05__08-09-37,1,0,31.94525053725539,31.996992481934335,4.325643219704318,4.178676970091297,1060909.8642123968,30.33534325296426,0.0557997778911464,0.05483046221190036,0.13764996421419473,0.13230508169763996,32712.40818137831,0.6527127828786086
987,HD_88955__2018-01-05__08-09-37,1,1,31.989175928943055,31.995661904026925,4.158761256776511,4.049992282417216,1266040.5761243533,-5.720565217712747,0.04410468272091055,0.0428809475073925,0.1085098898445995,0.10474708546255244,31785.61242420073,0.6723318963035514
988,HD_88955__2018-02-27__04-08-45,0,0,31.998995050938507,31.990158507780208,3.8404842441385947,3.755332743058931,1486245.602578136,32.092002968831416,0.0605297083114537,0.05990640282207272,0.14582886824322952,0.142279046599071,55750.30210357171,1.2008856751374275
989,HD_88955__2018-02-27__04-08-45,0,1,32.00236198125843,31.99158466737762,3.80723360134311,3.77967923568543,1566019.3202065602,-16.206055835154398,0.05311396404697252,0.052766614141769745,0.1278327069112234,0.12668165966635805,51705.26939404128,3.231761406938432
990,HD_88955__2018-02-27__04-08-45,1,0,32.00077874492284,31.99304622076683,3.985413529756856,3.936079336221193,1401072.1297810408,26.72985642517898,0.05477140092670323,0.05433207334035082,0.13254591821181425,0.13061265176302322,45694.468910784315,1.8843079698030214
991,HD_88955__2018-02-27__04-08-45,1,1,32.00075914463931,31.991335474472155,3.967729750463214,3.9280424313028672,1473134.391107499,-33.50487485793736,0.05195155515410386,0.05172658036618911,0.1253550115379242,0.12393690146327113,45801.517459058094,2.235480078021189
992,HD_9054__2015-09-30__05-10-46,0,0,32.016124700964845,31.992925454070683,4.390738181841035,5.387011373111114,42847.41220065409,3.6862228391740044,0.14219390283357664,0.18227891407605265,0.35585747604877443,0.5023556450065578,3336.9282938265524,0.2759972613290737
993,HD_9054__2015-09-30__05-10-46,0,1,31.973982788697676,32.020291674162394,4.0443675892954785,4.234234341397325,62850.86028346249,30.587366492765835,0.07904389476400749,0.0810608735656964,0.18898677374350273,0.1997165915754847,2879.248467659875,0.7270215899002206
994,HD_9054__2015-09-30__05-10-46,0,2,31.999904255986838,31.99402642876174,3.8730504506077503,4.089276178276096,72059.34713638076,23.592360541750928,0.044874174443463706,0.04668002121015401,0.10712839250196596,0.11423539698381846,1961.6995267022987,0.35971495264187003
995,HD_9054__2015-09-30__05-10-46,1,0,32.016951219730046,31.997493483427913,4.462884352199849,5.398639795620188,45140.07194187053,5.132559002505555,0.11568688392606394,0.14576707289950674,0.2908967401899044,0.40206636696880543,2807.7077545603115,0.2376969208056123
996,HD_9054__2015-09-30__05-10-46,1,1,31.97545708218075,32.02151560389244,4.169055718007307,4.383672127506232,63705.50138114936,32.72102555205346,0.060507578494287104,0.06200787253076669,0.14503471673101823,0.1541502431294676,2161.7716205277306,0.4972393603468181
997,HD_9054__2015-09-30__05-10-46,1,2,32.00014443081783,31.99413354679564,4.011363289517102,4.232251689537617,72589.0682557933,26.5968198758403,0.03916685792235978,0.04055810590063932,0.09379788145288837,0.10000298958667271,1662.8400463245696,0.3094799620246238
998,HD_9054__2017-09-29__05-43-40,0,0,32.0070041829546,31.9936232520958,3.8843342910612595,3.9718143934414134,68048.11698518287,27.18523840066872,0.05183375680066576,0.052544068681409685,0.12411348311395042,0.1272661151313967,2140.441016293226,1.0156107864909343
999,HD_9054__2017-09-29__05-43-40,0,1,32.01303094064092,32.001158427125056,3.9176162641980095,3.9877186590393805,67350.77222531733,220.68700741368446,0.05481055562548455,0.054955864985556054,0.13055219387357647,0.1330696169964766,2214.271942722806,1.3452419460938225
1000,HD_9054__2017-09-29__05-43-40,1,0,32.005820667807974,31.994575883754415,4.0303104885709296,4.133371454010842,68316.44924890704,39.28860625701399,0.043083930398598216,0.04330874464030396,0.10282325373033552,0.105723229731055,1712.609504934994,0.7250882253469317
1001,HD_9054__2017-09-29__05-43-40,1,1,32.01370450886757,32.0021212577725,4.059083154941939,4.150819130993878,67617.97148812894,-853.445057022351,0.04602474240706737,0.045952669146319,0.10971258193178286,0.11245527648319964,1794.592562776455,0.8698915159863952
1002,HD_90712__2016-01-03__08-04-45,0,0,31.895352764350925,32.04224034355321,4.662104281046308,4.191761062985245,94940.9411633217,221.96104166899667,0.2101186845181398,0.20836045634455536,0.5440364542608314,0.4812227169970066,10621.087630219916,0.7857049083547785
1003,HD_90712__2016-01-03__08-04-45,1,0,31.90538035580435,32.03694201681979,4.671055241263363,4.3198039957309025,95385.70638408123,39.4335427145523,0.15704630695470287,0.15500709232760365,0.4015628827436403,0.3666345341418366,7840.204788895729,0.789586152580152
1004,HD_95086__2015-05-05__00-00-28,0,0,32.00882871733309,31.997898541861655,3.9220156210840553,4.0301246187343205,32307.99855941389,0.7190823240699934,0.05626486890133768,0.05791750245958788,0.13658613769258782,0.14142886548864142,1098.5530416398208,0.8851111250022307
1005,HD_95086__2015-05-05__00-00-28,0,1,31.99514070533778,31.990681947661578,3.8371783459859192,4.000790639131301,62511.22164789914,-4.4940069300645575,0.05139754307255812,0.053698315216501584,0.12407982075591042,0.1308362391793773,1984.3030824159434,0.5379846189223567
1006,HD_95086__2015-05-05__00-00-28,0,2,31.99414809941242,32.00108843614184,3.867642702559518,4.025244678022994,75082.44775613015,-3.744642376085883,0.05439550761499217,0.05675013571250668,0.13153780353348052,0.138542670596751,2503.3153206329703,0.5908719057445659
1007,HD_95086__2015-05-05__00-00-28,1,0,32.01004476400708,32.00571650566111,4.079688143410228,4.189612143399254,30638.00172740157,3.665887183216868,0.04428420720117981,0.04557723811311061,0.10849736626323292,0.11248526393037084,788.8109416144617,0.6871934305456315
1008,HD_95086__2015-05-05__00-00-28,1,1,31.99528984582117,31.991906733696105,4.002246373921564,4.145399711047221,59227.986611265405,-2.757266003291697,0.04486653349241473,0.046597685760938715,0.10934035477894041,0.11459671236056569,1575.0872678886176,0.5362455020621046
1009,HD_95086__2015-05-05__00-00-28,1,2,32.000276095129294,31.999426368208816,4.029456736478467,4.170677703903401,70414.06939490853,-0.33847912047234174,0.04509922384493974,0.04682177656827637,0.11013386153917774,0.11539607768021126,1869.9642863232693,0.5464495538065617
1010,HD_95086__2015-05-05__01-27-44,0,0,31.99873867966048,32.006338274365575,4.956806149613989,5.091926887307458,39519.804043633456,10.684032620543038,0.04615801672161193,0.04765975864271973,0.12093689903284521,0.12671481692561326,868.5021422860373,0.6040956051667022
1011,HD_95086__2015-05-05__01-27-44,0,1,32.011643983990766,32.00699604749323,4.919745895910054,5.031912747542058,43838.219768183844,8.766301526121577,0.050184273097177295,0.05154016143261152,0.13131841383741327,0.1364322824754212,1055.4022933262959,0.7845133686980216
1012,HD_95086__2015-05-05__01-27-44,1,0,32.00416514377479,32.01339573193792,5.237973383873113,5.372920049891215,20606.325597102837,10.542759539443301,0.05099907739315408,0.05265653496443519,0.13740038187024461,0.14404830938589874,470.6471902947574,0.6766950429061482
1013,HD_95086__2015-05-05__01-27-44,1,1,32.00896480556018,32.00613416784587,5.212153851270034,5.317786763876213,22545.83453787381,10.320810692822652,0.05222547629212655,0.05351660964432112,0.1404054139472204,0.14558623862600828,530.0024775441507,0.8797976561409404
1014,HD_95086__2015-05-11__23-44-00,0,0,31.98576287163177,32.000260258355404,3.839494403101499,3.944431593927308,79772.75074489598,8.857412961002147,0.04846768247997868,0.04981576179875348,0.11686162212964893,0.12096485187664208,2384.2260541032765,0.7855981973728866
1015,HD_95086__2015-05-11__23-44-00,0,1,31.879611177651427,32.04202446412133,4.231597170410652,4.970272664542468,45123.18147384033,-11.335759759486749,0.21021788601736316,0.2514737817408308,0.5136355833261549,0.6630824535470818,5339.7895301576955,0.5311314133135676
1016,HD_95086__2015-05-11__23-44-00,1,0,31.98567609923978,32.00334756399434,4.003865411467698,4.114562632359221,73878.21805840226,13.327169817043371,0.04182629195511039,0.04295857265956492,0.10152626035152916,0.10526813782687786,1827.6442781121489,0.6465963535579793
1017,HD_95086__2015-05-11__23-44-00,1,1,31.889962063147305,32.043535213413286,4.294786560423276,4.976169266591596,44342.48367786941,-7.477765047764825,0.15969995242450363,0.18988721169387843,0.39394830021726945,0.5015216697307225,3944.364376577509,0.4349268499982425
1018,HD_95086__2016-01-18__08-08-49,0,0,31.94989423308946,32.03854752111373,5.116457602506903,5.551032482142479,32777.073091158636,28.421386703608327,0.06305746359239003,0.06729662227430015,0.16109254421791996,0.18360617779118063,934.8722126235066,0.2809151833105674
1019,HD_95086__2016-01-18__08-08-49,0,1,31.905790514851947,32.11389189588859,5.377880975172915,6.064039087551725,26864.671315992728,-9.264982507410847,0.08360298628617632,0.09994178048432062,0.22822499624769219,0.2941941025199067,986.9707516810886,0.23797418393066666
1020,HD_95086__2016-01-18__08-08-49,1,0,31.961615928016393,32.03689370348002,5.357404378161919,5.770385251913017,17656.316977199538,30.051767861960016,0.04848764786369939,0.05131696181429394,0.12603808017484525,0.14240107593169715,367.0567769649584,0.23258423191476246
1021,HD_95086__2016-01-18__08-08-49,1,1,31.919757424233264,32.10246240089617,5.587801886000981,6.222716616942622,14745.36108228145,-10.011670333381343,0.05883525098555853,0.06927553962816821,0.1642418769380409,0.20728282539791276,364.11321585041145,0.18197375675142943
1022,HD_95086__2016-04-16__01-47-40,0,0,32.011370518095404,32.003852305844454,4.264200955718572,4.293484422149757,66997.56836835021,14.91745381077142,0.07384573628007768,0.07432229757182268,0.18234909972198446,0.1839682703687143,2748.748234418662,4.309346115028033
1023,HD_95086__2016-04-16__01-47-40,0,1,31.98569842614904,32.005054658258985,4.216440930168503,4.2948054718230475,69978.60467584104,14.0894408795151,0.06277951720903023,0.06395498150112608,0.15436583350502633,0.1584739244570649,2469.3539298800333,1.3743188518840859
1024,HD_95086__2016-04-16__01-47-40,1,0,32.01147847957797,32.00488140064344,4.369989908561578,4.438396120238446,62920.871273614925,32.328405264601265,0.054788295701458115,0.055193382300538045,0.13404690840701933,0.1365847952278398,1861.156753885121,1.4139695173028601
1025,HD_95086__2016-04-16__01-47-40,1,1,31.987480749375997,32.00584019866221,4.335501181955541,4.436462913611526,65268.151224958056,26.752225507760475,0.046724351204463443,0.047482372556459235,0.11445441360442327,0.11795910846957544,1660.858231093384,0.8125484675781245
1026,HD_95086__2016-05-30__23-51-02,0,0,32.01410925281385,32.003495463002906,5.105533971766496,4.9117247629541865,42467.6442963759,125.34861415961983,0.04794149817332819,0.04868955580894102,0.1266030494200327,0.12015405181368317,964.0347496645883,0.4626486890332587
1027,HD_95086__2016-05-30__23-51-02,0,1,32.01526727102784,31.995338506410278,5.121705731175402,4.903942668297541,35472.372837215604,127.27015593424959,0.04788860956418789,0.04853570933099143,0.1264881204298027,0.11938572945431124,802.8737146912467,0.4122028934300526
1028,HD_95086__2016-05-30__23-51-02,1,0,32.01550961126325,32.00431412167982,5.229127843238697,5.402148250048811,22116.12688663016,218.34379129776266,0.05039812061503735,0.05085851876740503,0.12889831005466,0.13496348400751412,492.2336132879813,0.5625902986638012
1029,HD_95086__2016-05-30__23-51-02,1,1,32.01740807692006,31.996915240617493,5.2073170423530915,5.407984807500208,18537.756189116928,219.33393692317645,0.050735495439238866,0.05115999098215682,0.12906761434077282,0.1360807078249083,415.9579404469451,0.48834399582867466
1030,HD_95086__2017-05-09__23-56-34,0,0,32.008549392252874,32.011007281437266,4.98172876293328,5.06119006369765,35608.37094076787,214.75388809030792,0.10434900638488585,0.10509616209788118,0.26494442137195207,0.2707708953699407,1747.5121042350515,2.4477813660230794
1031,HD_95086__2017-05-09__23-56-34,0,1,32.00650153531977,31.991765345593187,4.9937710700049145,5.057949608642018,41104.066922234866,29.166618435067313,0.08839653141036818,0.08907111030786148,0.22647737949541946,0.23053961108438498,1708.6955738351976,2.536342888290132
1032,HD_95086__2017-05-09__23-56-34,1,0,32.01195234076701,32.01163842083401,5.318798790496089,5.2221974284424535,18927.469493753255,672.441763163503,0.05271617153156696,0.05282828543824427,0.13846965650757376,0.13500496856514566,443.4154973430122,1.0501533591794425
1033,HD_95086__2017-05-09__23-56-34,1,1,32.005888628905524,32.0028967967233,5.310757175915267,5.236536139609803,21951.879417493845,308.1612731672562,0.05254198325670194,0.05276092157323569,0.13815486116433062,0.13545098610638126,513.0589351386752,1.358211009306382
1034,HD_95086__2018-01-06__08-12-47,0,0,32.01246201386774,31.999754185434387,4.981475455152102,4.860846449591377,48499.656255164824,673.3589464862212,0.05652684118114114,0.056586737515735605,0.1451556408376569,0.14066861926047133,1314.0754809086807,0.8702405103332098
1035,HD_95086__2018-01-06__08-12-47,0,1,32.013754700776005,32.00769385487567,4.884594482005922,5.033151018748681,46948.17145832764,402.34462424552316,0.053269622010568056,0.05343630404747101,0.13257237196963015,0.13781595982335088,1189.7435999342244,0.6688608241114969
1036,HD_95086__2018-01-06__08-12-47,1,0,32.01673563980672,32.00225319213401,5.293825410832654,5.169988500061709,24876.26439331275,1393.9963509077854,0.06023064444840766,0.06023611675733071,0.15807591567648005,0.15304813796473143,670.8014733403904,0.9318497194189137
1037,HD_95086__2018-01-06__08-12-47,1,1,32.01550258152286,32.00813128094815,5.333494334984386,5.1911713267861,24156.429869261443,493.32068947918026,0.05583406942170439,0.05592127559394684,0.1473412754985849,0.14195862813577254,600.2006146881778,0.7543437018111571
1038,HD_95086__2018-02-24__05-29-47,0,0,31.999180731846387,31.99952793589899,5.009201125322662,4.877504467169852,45775.73047893169,-41.15677278350408,0.05292438629013779,0.052691440337431505,0.1360090043100207,0.1313955764437859,1152.8144801821709,0.7449390050046965
1039,HD_95086__2018-02-24__05-29-47,0,1,32.011203595747446,32.00798275270506,4.850038851918056,4.98418889344878,47574.7256241675,763.4955424182613,0.05655388691125551,0.05664457971023985,0.14048264434974228,0.14548413908670352,1290.8633449576732,0.7828079443841717
1040,HD_95086__2018-02-24__05-29-47,1,0,32.002060498834965,32.00067250812907,5.3087113900680665,5.17952308954627,23721.112008034495,-402.2594266798239,0.056479103967174524,0.05630062042569256,0.14829118326391066,0.1433536608879553,597.6123654479458,0.8366403655458099
1041,HD_95086__2018-02-24__05-29-47,1,1,32.01100172922776,32.0077292274955,5.160536651709027,5.2872257245678975,24550.777247227736,43.46361415825537,0.0585860337261066,0.0586722949591222,0.1488357021491518,0.15384697868389852,645.5132069636251,0.8857080836771317
1042,HD_95086__2018-03-28__03-45-05,0,0,32.00534006447853,31.99927574274254,4.979442561573197,4.890285816935531,46170.4333526695,308.762375121886,0.054347769894426565,0.05459418567118205,0.1396322203918176,0.13638802509465264,1201.5336285108501,1.1319509758450803
1043,HD_95086__2018-03-28__03-45-05,0,1,31.999802240050883,32.009334955176215,4.886345696283796,4.988568115285436,44646.590280408745,-146.81103362811362,0.05363483971967381,0.05421894256994052,0.13533440315766176,0.13925408101372294,1149.4521594198911,0.9689723714690635
1044,HD_95086__2018-03-28__03-45-05,1,0,32.003015224294906,32.001149020047464,5.199144192411513,5.285884379773119,23772.653655071583,7424.117341843116,0.05700266750730287,0.05703338251448403,0.1457088894419321,0.14904732459251852,605.8202705864597,1.260999111893655
1045,HD_95086__2018-03-28__03-45-05,1,1,32.00854424590086,32.00907814387685,5.195806405313664,5.287993519407502,23159.528040744957,217.09273579474248,0.05536804534433936,0.05571793274538683,0.142312001867909,0.14588630517650908,574.7144060964724,1.1478767693029477
1046,HD_96064__2016-04-21__01-42-09,0,0,32.01010382599366,31.968368163985538,4.395313156746713,4.3254263913126145,127375.6990205188,6.503194629992832,0.09461019749859585,0.09284437755881314,0.23696252711095953,0.2308099151522909,6488.698530192115,2.268720221030458
1047,HD_96064__2016-04-21__01-42-09,0,1,31.99504175737093,31.971393715501,4.313576614615893,4.330959758151567,133600.6010638444,20.944207518900445,0.08020021890232229,0.08041854550414401,0.19772406828525588,0.19851592344275268,5883.928659350962,7.956040396301118
1048,HD_96064__2016-04-21__01-42-09,1,0,32.013980202710385,31.986520067444413,4.4572241578012495,4.422120344148687,131460.68920460864,-26.985940768228676,0.05911081247372628,0.05874384191410936,0.14669553451743256,0.14502231157071493,4133.77566450173,2.9355971044254794
1049,HD_96064__2016-04-21__01-42-09,1,1,31.998742363218305,31.985076542228235,4.3805466373201645,4.457190626001526,136485.57879926465,20.85147931393368,0.046514024168334944,0.04718556460684015,0.11504827119500498,0.1176842780933095,3428.9360397674195,1.0561347486272885
1050,HD_96064__2017-02-09__07-00-09,0,0,32.006214298971535,31.994240259610137,3.7845737266933677,3.8351174923192746,175518.3746729846,0.22319504614381933,0.05192718223381108,0.05264867230136685,0.12514414575997437,0.12714218618136613,5699.6766619887,1.7304596534803511
1051,HD_96064__2017-02-09__07-00-09,0,1,32.005639773408696,31.994106611755864,3.8229517062901213,3.80498407485865,203789.45821370848,20.740966857911467,0.05226836920329801,0.052067217425268264,0.1257117986818323,0.12496996879653302,6595.514341469142,4.903319320231972
1052,HD_96064__2017-02-09__07-00-09,0,2,32.0085410498586,31.9984222447961,3.8050847779901185,3.820726665829884,195463.82996183162,-22.896098584265733,0.05780103249226643,0.0579678463462313,0.13868025528210975,0.13928406380927336,7021.262365250914,6.254386472073873
1053,HD_96064__2017-02-09__07-00-09,1,0,32.00915057510335,31.99577790033927,3.94035734672532,4.004886183029669,170078.24443221657,11.82035745650336,0.05087191462242205,0.051677619244933234,0.1233093240217338,0.12578412216730203,5198.399630347233,1.3376892509179348
1054,HD_96064__2017-02-09__07-00-09,1,1,32.007943173082936,31.995580910876164,3.968046712727557,3.981492886894699,197486.04130181414,-674.3303556217232,0.05076533387887456,0.050750468051146864,0.12172967863909517,0.1221780584726135,5972.139267362509,6.492844116088664
1055,HD_96064__2017-02-09__07-00-09,1,2,32.010720440112856,32.00096788960808,3.9598641476710013,3.9856533895457193,190572.5645561566,19.41272502935317,0.05243014971089154,0.05270631843464208,0.12684527658718556,0.12779278796733967,5971.55757060313,3.4532990044647525
1056,HD_96338__2015-02-06__06-28-32,0,0,32.00987238151996,31.994296310116376,3.843941586527311,3.9750479362370763,87415.08415462943,-2.286871437803214,0.053049455066391235,0.05495608504723633,0.12823290292243697,0.13372895579687752,2858.5212335658584,0.6897490471616634
1057,HD_96338__2015-02-06__06-28-32,1,0,32.01034250275556,31.998629325260012,4.000963242110526,4.1321538442279815,78539.37090252743,2.128913102473576,0.04630374192454498,0.04793676392192059,0.11291755878113799,0.1178246103198942,2155.7770789517986,0.6028812515922746
1058,HD_987__2016-10-15__03-30-20,0,0,31.991733354941605,32.0238368186607,4.173740137224799,4.024942969056419,41602.0974294948,-31.48879135443544,0.08379505756894169,0.08235870230875536,0.20540048551663526,0.19716071314827843,1997.1196199369106,0.9619600488733928
1059,HD_987__2016-10-15__03-30-20,0,1,32.00582269970671,32.012439872626295,3.8903970005869946,3.983197101918436,48445.46636501158,37.149773282639764,0.0738531469456854,0.0743655343385154,0.17570282881318372,0.18030408565436631,2159.117363984698,1.3693317148760247
1060,HD_987__2016-10-15__03-30-20,1,0,32.000941414886846,31.999845630321403,4.2598420983215,4.124797415420245,43404.11816901011,-400.9246980446592,0.04697850095756801,0.04674118210880156,0.11567879311196089,0.11157051102340686,1149.478723257482,0.6050019660151794
1061,HD_987__2016-10-15__03-30-20,1,1,32.012605640636664,32.00313535488032,4.025871796280753,4.112616758647887,49261.919618119704,28.015867781961013,0.04740792247947345,0.04801547917717891,0.11420210642354593,0.11705864200598255,1368.2046393912312,0.9433360058445799
1062,HIP_107345__2015-07-05__07-01-35,0,0,32.01852787623143,32.01038343599997,3.940385953395753,4.205791112512377,19559.615893944396,16.296167459107473,0.07579875743272789,0.08044475972867496,0.18277689370616682,0.19855073919494604,888.4161583056309,0.498241831882007
1063,HIP_107345__2015-07-05__07-01-35,0,1,32.02051401467514,32.017623569904885,3.967392544500435,4.101446600264518,21699.45189961391,8.20065000356711,0.07652616005315177,0.07920647950264863,0.18605274807562414,0.1943220459103289,991.922083287994,0.976883257191243
1064,HIP_107345__2015-07-05__07-01-35,1,0,32.007671509045124,32.00289142035939,4.0583680446367865,4.32390731209827,20841.307959635036,21.181669361893128,0.04583313253812105,0.04825658527201692,0.11060341121564048,0.1198608331118864,554.1230275125772,0.30279545405658426
1065,HIP_107345__2015-07-05__07-01-35,1,1,32.01148133069191,32.00936630538885,4.081941587416204,4.2360689511791865,22872.944331612827,19.619658751733517,0.046326771417932906,0.047809035061567993,0.11246419769775123,0.11790233113036151,613.2482392309447,0.5207563849044459
1066,HIP_112312__2015-10-01__02-04-36,0,0,31.995856933768497,31.99754545739558,4.3549060725879745,4.029569664743636,50254.7899036262,-221.04226759432004,0.0508734757386929,0.050280606586790004,0.12790484029630358,0.1172438499665594,1435.5515396444666,0.27046833436120354
1067,HIP_112312__2015-10-01__02-04-36,0,1,31.988748442830502,31.99201572933339,4.283318729350359,4.004493141310857,46561.81184272697,-1124.1912380478418,0.048309603910177586,0.04821294238530459,0.1210033180881383,0.11231938032739557,1284.1657008627064,0.3004372649061902
1068,HIP_112312__2015-10-01__02-04-36,1,0,31.997414465191927,31.998444167047715,4.495335662671745,4.153023638304223,53284.82510916658,-41.78046536767982,0.03919389136259578,0.03880633563855099,0.09941300381523971,0.09079648402761276,1137.831845472755,0.2001475147759267
1069,HIP_112312__2015-10-01__02-04-36,1,1,31.989294089011413,31.99135743449034,4.128132235881289,4.425596663625081,49607.44300243761,-674.6873694142071,0.03874433021564897,0.03871366146891994,0.09048349347230351,0.09788858389888946,1063.9272406495536,0.2280788283426806
1070,HIP_113201__2016-09-18__03-41-55,0,0,32.01059451077871,32.006044611233754,4.118559857561613,3.9175493927751717,32419.143459227525,-33.879905902477525,0.05592249105891934,0.0547884125731185,0.13725491830175537,0.12974280101659671,1057.509001111263,0.4730278590023513
1071,HIP_113201__2016-09-18__03-41-55,0,1,32.02291563818749,32.0041464415124,4.293100326980121,4.013770531831708,28985.956705335084,-31.989324022218057,0.07980564890870218,0.07722890479714599,0.19823245987632743,0.18318258429682988,1297.4950388081613,0.4855501872883176
1072,HIP_113201__2016-09-18__03-41-55,1,0,32.01153889281335,32.006122187254476,4.273159275200307,4.0542020520538955,33143.349252586675,-36.47931814826718,0.04536355258556171,0.044596166518245446,0.11233847871162718,0.10580749436994928,848.0343978074911,0.35653342256454246
1073,HIP_113201__2016-09-18__03-41-55,1,1,32.023096765539606,32.00708535893331,4.437691373519736,4.142695848207748,29874.37448985931,-34.4667278947893,0.06089205093322539,0.059203001698176036,0.15263837939376287,0.14069917464228937,990.0340678570439,0.3554885922660145
1074,HIP_113201__2016-10-15__01-29-53,0,0,31.991450147224874,32.02104697774804,5.14293958680935,5.268351862386871,16244.247182256002,-127.4876502733743,0.05888647414740121,0.05852627949765529,0.14932607328629816,0.15432547263651133,429.4598463043473,0.8891205520501405
1075,HIP_113201__2016-10-15__01-29-53,0,1,31.990206291865462,32.005902880618876,5.504507844303274,5.201284625669205,12716.578702624265,-221.4385023951017,0.052803122783515066,0.052373361801070994,0.14257485228220101,0.13167144688622848,291.76462053975274,0.33559508517899594
1076,HIP_113201__2016-10-15__01-29-53,1,0,32.0039623862028,32.01361552080084,5.388118172251533,5.498426066628752,9217.758838278662,-125.93993052761805,0.03849175727239873,0.03819518430705091,0.09967989324547852,0.10269268542823641,151.22493522428255,0.6743902033547229
1077,HIP_113201__2016-10-15__01-29-53,1,1,31.996834104454486,31.99897331977907,5.701902209900149,5.443104697251748,7385.241773562915,-402.3933689579341,0.03675118869584761,0.036546016418931446,0.10050292566788158,0.09388691254525111,112.71560783861263,0.28097686098031405
1078,HIP_1993__2015-11-29__01-10-02,0,0,32.00757015397841,31.99477721066717,4.203653316321353,4.311384128641836,19875.504025476523,-16.7857510402288,0.0764002962123257,0.07818907130058943,0.18742086663341528,0.1937192899403269,855.0829201346722,1.2237146769729266
1079,HIP_1993__2015-11-29__01-10-02,0,1,32.0169743467757,31.996364621196452,4.256620422718682,4.4782638615384736,20899.55009447998,-33.29263564725235,0.09801557052194257,0.10021749946219696,0.23589665671161053,0.2506110021582747,1123.4961467462406,0.7848009301895279
1080,HIP_1993__2015-11-29__01-10-02,1,0,32.0095382682555,31.99592815668474,4.338211987841495,4.424659180159734,21034.015181363815,-6.175313156004603,0.05732349273503207,0.058567148624092104,0.14291097480446577,0.14695728681740725,659.1226844349718,1.1342366243810933
1081,HIP_1993__2015-11-29__01-10-02,1,1,32.017983409905725,32.001374009858104,4.388333028406451,4.569271405505957,22166.958122532258,-28.3622316630502,0.0743535346393639,0.07623480741156786,0.18193061354428025,0.19148090862485742,882.4379945137263,0.7310973321707649
1082,HIP_23200__2015-09-28__08-50-29,0,0,31.976811782003974,32.001508305379275,3.818043588498603,3.9937610115390094,118570.78918035893,19.930509614546366,0.05401619391058938,0.05605258227305804,0.1291473604190455,0.1364045658187298,3954.36105543102,0.5291940548942028
1083,HIP_23200__2015-09-28__08-50-29,1,0,31.97757756794285,32.00102998558047,3.9653270979226027,4.143528845462106,123196.60082089427,24.606655889669238,0.04769005124380962,0.04921441146030215,0.11432925088625703,0.12062590039106731,3486.951067374403,0.4638873346755237
1084,HIP_23309__2016-01-03__02-49-24,0,0,31.97718981042621,32.01270945550626,4.03492555626598,4.332703187315367,57382.604763903284,-222.2908727846179,0.09303347323014817,0.09380022698846614,0.21728513925736637,0.23534057705212497,3034.2315022689827,0.5459014936481378
1085,HIP_23309__2016-01-03__02-49-24,0,1,31.839546407081425,32.081002036111634,5.298802906358422,4.373451933602154,57787.92743765998,25.264614986694546,0.23619002529577074,0.20610824140808373,0.6406669536654603,0.491951461718494,6229.3449002929565,0.4224734279051685
1086,HIP_23309__2016-01-03__02-49-24,1,0,31.98040770292156,32.0127674671142,4.182945685432452,4.410989317052572,61171.52140732958,-40.501170559509,0.06935692206067423,0.07006529305224474,0.1646882686306878,0.17506948761277608,2351.05281462429,0.5364339839253911
1087,HIP_23309__2016-01-03__02-49-24,1,1,31.861168188051156,32.07223178522767,5.255615099884944,4.478413747705643,63265.10275236202,22.67013582178699,0.1855559689958401,0.16343460616113356,0.4999100149226214,0.3985856892926622,5350.954238313912,0.39670050520227207
1088,HIP_31878__2016-01-02__04-48-37,0,0,32.02586253105108,31.99528351734053,4.05774811563068,4.212431677771885,75946.31555029727,-402.73235359919374,0.0946127337471898,0.0948546618930896,0.22441542518146218,0.2338874073375507,4121.651150952221,1.0647515375947056
1089,HIP_31878__2016-01-02__04-48-37,0,1,32.035416351910484,32.01053707111701,4.192873948331717,4.4489490423914555,62532.89490851913,-28.501048012048418,0.15739747815923358,0.163107428937523,0.3794994200333665,0.4080085139412061,5492.325442380669,1.0884914833932138
1090,HIP_31878__2016-01-02__04-48-37,1,0,32.02779152380073,31.99927392905944,4.209551336232657,4.318579402096416,77792.33785221931,-38.659528777431106,0.07240309670049885,0.07280203164151913,0.17428221232962335,0.179382468274563,3138.2588170263366,1.166608100606373
1091,HIP_31878__2016-01-02__04-48-37,1,1,32.03810942469585,32.012989680706156,4.312010543644972,4.5398552122945155,65178.33921732332,-24.599095023788756,0.12090162850983115,0.12554808743747878,0.2955778423928798,0.3158460962218401,4296.37542705693,0.9411784756109828
1092,HIP_37288__2015-12-01__08-03-25,0,0,32.01332953534841,31.984866784094567,3.887190837569326,3.990612630423981,148148.68802977746,-2.1064387551861055,0.06785138566569941,0.06974178572022409,0.1644158961958487,0.169795026023812,6126.60007577265,1.1144614393747434
1093,HIP_37288__2015-12-01__08-03-25,0,1,32.01315554467269,31.971062575672008,4.191451975759426,4.066234911969514,128871.35003941495,-19.201741279322242,0.09468558862292209,0.09217808599318877,0.23277338690863586,0.22349760628746038,6909.14605245686,1.2701181708482603
1094,HIP_37288__2015-12-01__08-03-25,1,0,32.011721563119316,31.985916501515213,4.033357465419213,4.135496077860094,153484.05452962551,6.797102241669957,0.05501050190676879,0.056453073739478936,0.13429336426506863,0.1386299272902805,4961.539161921521,0.9176919251510688
1095,HIP_37288__2015-12-01__08-03-25,1,1,32.013690592586414,31.973662320798,4.314810058071382,4.181642445982654,135438.46269325467,-25.92994284704179,0.07155766855021281,0.06996466218407779,0.1767670660289301,0.16971784049582786,5345.641024564535,0.9169333089841647
1096,HIP_37288__2017-02-13__03-24-12,0,0,31.987831464701166,32.00549734991844,3.948495206738887,3.885976425802155,132836.21812157112,220.26230929448997,0.05207599650325852,0.05194451039600366,0.12578732593388778,0.12366311766045346,4175.408898761127,1.4259057698221875
1097,HIP_37288__2017-02-13__03-24-12,0,1,32.00358039650354,31.995742177951158,3.847956695473271,3.8111449171837446,152478.3424138838,33.81317666449787,0.04858268408979318,0.04839108014630147,0.11669765299076712,0.11546572934112886,4568.362779423304,2.243311219125253
1098,HIP_37288__2017-02-13__03-24-12,1,0,31.98814214586654,32.00793848625116,4.06044697062172,4.090794796809098,137087.23584926315,676.5298132862926,0.04245006723229456,0.042485170017266406,0.10200860960930755,0.1028522308990944,3384.0380957774446,2.4238426406119995
1099,HIP_37288__2017-02-13__03-24-12,1,1,32.00513008348447,31.99785428303544,3.986316447031276,3.9891204088075867,156648.81691652146,-25.10468938833351,0.04655961062095322,0.04657624398499636,0.11252481663593952,0.1125856749321407,4332.290567862743,28.263334855997016
1100,HIP_37766__2015-12-26__06-00-18,0,0,32.00865895551982,31.996082985447302,4.276869905859705,4.1423770429610265,139694.60212077014,-36.76210899201876,0.09261569965881974,0.09166464820203858,0.2279886782765763,0.2197531623532823,7244.521937588214,1.1935433863153084
1101,HIP_37766__2015-12-26__06-00-18,0,1,31.998287772812816,31.98930955793247,4.052116263628676,4.138624580149379,159289.9235552976,28.251969216928494,0.0683719473663172,0.06923128246637276,0.1648044953472558,0.1689009907103788,6339.912202675049,1.3656822802344835
1102,HIP_37766__2015-12-26__06-00-18,1,0,32.01057752399423,32.00254927116448,4.419794849492145,4.243118007565407,150090.29139907836,-36.90097780689993,0.07138862047545166,0.07046305452259057,0.17753342599065772,0.16923428705792556,5822.003332176999,0.7052178853477774
1103,HIP_37766__2015-12-26__06-00-18,1,1,31.998902767626532,31.988500026770193,4.170635352030104,4.2920388067559925,168971.98584290894,33.95642717997077,0.054792402514592206,0.05543704250374539,0.13195109460663595,0.1363978019739875,5215.457317809022,0.7898820140763583
1104,HIP_39826__2017-02-12__03-12-32,0,0,31.995507940210153,31.967249074455793,4.257482010961855,4.137327292645659,75149.29841887458,27.880845700268523,0.09630265393776198,0.09454940449369259,0.23673701960860458,0.22845086901704445,4048.80405001173,1.369627483710198
1105,HIP_39826__2017-02-12__03-12-32,0,1,32.00674972316941,31.995252235197974,4.110168398814042,4.241660456300813,66263.63093293445,-37.91210388723729,0.07754110112540444,0.07818081433051145,0.185467743870066,0.1921526288167153,2927.34356872712,1.0300988426716093
1106,HIP_39826__2017-02-12__03-12-32,1,0,32.00679304461054,31.998988992925813,4.306924114490007,4.239955904131867,83071.20978990004,17.549915528566746,0.04883637886676865,0.0481324887765645,0.12088629977736999,0.11832670213540333,2233.4227124819568,1.2374003804129532
1107,HIP_39826__2017-02-12__03-12-32,1,1,32.0036657036273,31.999255341583897,4.271068553186624,4.354293270541487,71776.86377500289,-22.334645321651344,0.04926296954124712,0.05002180256914069,0.12083255852050459,0.12387239271567574,1957.8651060251211,1.0279608073961521
1108,HIP_51317__2016-01-01__08-10-38,0,0,32.014229221218855,31.9950577821893,3.909530657166152,4.045144454622907,232843.59101489416,-37.15568983031317,0.06852198189070641,0.06917982453995535,0.16253049349772436,0.16867967159074063,9544.018871875374,0.872106053926543
1109,HIP_51317__2016-01-01__08-10-38,0,1,31.996411593451075,31.994669320189843,3.8601010084549277,3.989715420261947,269452.95684166753,-37.08993427211847,0.06741799212339399,0.06806515675660835,0.15965396020612838,0.165495703551755,11009.216516018083,0.8948755903785556
1110,HIP_51317__2016-01-01__08-10-38,1,0,32.01532871357289,31.99515420435579,4.071888514826215,4.160245501564809,240838.6620239909,-31.232628851222174,0.05378600123465797,0.05434841026599349,0.12952072115504937,0.1327039003113526,7495.030526929001,1.0552919177106055
1111,HIP_51317__2016-01-01__08-10-38,1,1,31.998405167944426,31.99403532037255,4.033962965107134,4.1113538057334,274782.11848737125,-32.462625913954916,0.05540091162849625,0.05588192751540714,0.13309490646247593,0.1359964536749094,8893.43054478353,1.2378423636988838
1112,HIP_6276__2015-12-02__00-49-59,0,0,32.00411526168542,32.000112346175385,3.9895759877691876,4.150436928431604,82073.23943962145,26.11169148220335,0.09510395106977194,0.09762615437437537,0.2282562035587117,0.23921780732775041,4602.732005920354,1.0249135715074082
1113,HIP_6276__2015-12-02__00-49-59,0,1,31.98904390136254,31.988507740149004,4.256320096486197,4.399281877549214,69644.77446761899,18.07766843506661,0.11050753746663793,0.11386704628965556,0.2713408308929548,0.2836933558877694,4278.436340897603,1.343868605626702
1114,HIP_6276__2015-12-02__00-49-59,1,0,31.99806690753688,32.010303783507034,4.115945756413171,4.2555068496590245,81628.08260871397,23.685014124821247,0.05730799945280322,0.05876953583417781,0.13886412072575616,0.14484125860078992,2681.6423408855176,0.713514151705297
1115,HIP_6276__2015-12-02__00-49-59,1,1,31.989677884535045,31.997815254562685,4.339852714627986,4.512011466190158,69809.48893527949,15.060988791765471,0.07960291871002019,0.08274076719474793,0.19704898146805558,0.2083341219555075,3033.202668767566,0.8068829372664146
1116,HIP_6276__2016-11-17__04-41-07,0,0,31.950646257004195,31.975621213295938,5.283465785893437,4.973112020403215,13554.614248371043,-40.974495182839064,0.14935645653518295,0.14796633893438482,0.39656890762136704,0.36574643617125874,924.5905921930932,0.9047542065841414
1117,HIP_6276__2016-11-17__04-41-07,0,1,31.9642126947555,31.9695275670776,5.8283480477383804,5.554117931041792,7684.527952091438,-18.590602123785462,0.19613298578804558,0.1860663209068203,0.5571723057487977,0.5095817364083506,598.3851887388197,1.2950252225846548
1118,HIP_6276__2016-11-17__04-41-07,1,0,31.95982217595406,31.97791673508867,5.341005326241194,4.964068805204545,14910.488935631993,-402.4981915228918,0.11951564015389804,0.11867216259158206,0.3206761853512062,0.29071339520367234,810.0032248943401,0.59837487504933
1119,HIP_6276__2016-11-17__04-41-07,1,1,31.97106261302188,31.963524881327217,5.883943479703418,5.5679725951649965,8535.28167891882,-21.778386854644165,0.16240967216328892,0.1535315411714948,0.4614808456375226,0.41741454385360977,545.2641055765176,0.9452400192355196
1120,HIP_81084__2015-05-11__05-47-39,0,0,32.01856364540237,31.977722125663806,4.288621524131596,4.437279340474894,28354.991754694976,-214.99207795229538,0.06541177204747718,0.06619997585412869,0.1580838059813586,0.1644405970594005,1013.3580851912858,0.7780505994418933
1121,HIP_81084__2015-05-11__05-47-39,0,1,31.972798459979607,31.982053158979554,4.649356437353256,4.258709156698457,26874.627001851568,9.6482965665829,0.052865946217981595,0.048102715896010916,0.13501292168753143,0.11870577268311296,721.4977626631346,0.2193685062346699
1122,HIP_81084__2015-05-11__05-47-39,1,0,32.01932731777741,31.979194194594648,4.4149136461548,4.548627017730245,29582.896541738595,144.5452072690245,0.04814783767031213,0.048625413081036566,0.11724810112651951,0.12144413016934809,756.5150911446239,0.6420939096234286
1123,HIP_81084__2015-05-11__05-47-39,1,1,31.974860011934133,31.98070350958398,4.733477077244314,4.384355046555345,28054.431014357528,8.272025072428802,0.04018008835653688,0.03689835768064753,0.10342286592999858,0.09202211314811631,561.5644614130382,0.18777561159701714
1124,HIP_81084__2015-08-04__00-48-47,0,0,31.98646790433603,31.99223856948088,4.213378439776302,3.782211596351685,29395.46121330415,-42.20604822293924,0.042822421294144694,0.042348129211856975,0.10826115823068887,0.09630053022730582,740.4684317977877,0.16934422943992894
1125,HIP_81084__2015-08-04__00-48-47,1,0,31.985959962744516,31.991967891610614,4.368159847240711,3.9362840880447556,29835.727873254797,-44.22235094166688,0.04348231405653643,0.04335412323384269,0.11097787117131341,0.09889202809011283,738.1886223220646,0.1741528838531847
1126,TYC_1090-543-1__2015-06-06__09-18-00,0,0,32.002470464218014,32.00120633061755,3.991242194251053,4.091375310638365,8489.716192866637,-21.854473500457097,0.07602683333014579,0.07751051172703237,0.18353883935284795,0.18915550350702878,381.9923564084217,1.3047729334046227
1127,TYC_1090-543-1__2015-06-06__09-18-00,1,0,32.00257228908134,32.00840355726328,4.140216208545685,4.223363638835202,8688.682424393754,-10.957990589739877,0.0568837551365972,0.05805985731684358,0.13952120252854888,0.14338669217460914,282.9446279847873,1.1686610299431102
1128,TYC_1090-543-1__2016-09-17__01-28-31,0,0,31.862180860764692,32.03882429301341,4.426620969180364,4.58635436041239,6340.8199711590405,-1.501241803570241,0.2101228500756874,0.22007001186482422,0.524982532049392,0.5612500846511052,717.0481790849353,2.2787339737936585
1129,TYC_1090-543-1__2016-09-17__01-28-31,0,1,31.87053825031745,32.06991522012793,4.509343363113402,4.074775894941025,7011.2030461795475,-31.94746741906469,0.2069511349007723,0.1979279020751682,0.5228355709351133,0.46617986043603354,783.0819656896739,0.8089537151610512
1130,TYC_1090-543-1__2016-09-17__01-28-31,1,0,31.87787051157597,32.03422162500928,4.4812862716040085,4.677280819744043,6691.726186537735,12.64493018163833,0.15239933136991293,0.16028361813711758,0.38060735475102675,0.41011465859491125,541.0215797493712,1.3668553122278624
1131,TYC_1090-543-1__2016-09-17__01-28-31,1,1,31.895853188228365,32.05684825984845,4.611076018533143,4.175163535538987,7327.345784764284,-35.29601538228,0.14922503820951105,0.1444383216198695,0.38051865276225144,0.33944947182201496,579.7763822093358,0.5911617330937368
1132,TYC_1090-543-1__2018-05-13__09-10-02,0,0,32.011623042623555,32.00443597981835,3.9380080699695887,4.027965242028074,9260.216948523197,11.147221635266767,0.0573078188939388,0.05860029125447697,0.13891641746405958,0.14292479649956363,319.0804633962202,1.0843156778610814
1133,TYC_1090-543-1__2018-05-13__09-10-02,0,1,31.990723022549005,31.998518060372575,3.901961817184862,4.0172693189399,9801.20511468736,34.03583238039899,0.04853497108655524,0.04910837032993545,0.11550974457166913,0.1193217076194505,286.13328712181243,0.7251626503701443
1134,TYC_1090-543-1__2018-05-13__09-10-02,1,0,32.01232269888864,32.00483168136741,4.07411034956936,4.183357157574853,9366.13158861332,16.574448623416348,0.04673226390886395,0.04787082868254907,0.1137771664249855,0.11768699532543372,254.22095365453728,0.7351207717746661
1135,TYC_1090-543-1__2018-05-13__09-10-02,1,1,31.99222164604276,32.00184715921266,4.039673549918515,4.178029985002277,9846.893461641643,34.083077849031845,0.0415626423016311,0.04214204875748428,0.09934483369428133,0.10325184812499719,237.60427400378322,0.5223501526733502
1136,TYC_1355-214-1__2015-02-07__03-32-34,0,0,31.993162465282598,31.993660703583096,3.8523308655314694,3.9255858244527384,68432.12719691372,-36.11849222917131,0.053294077494724534,0.05361996279522067,0.12684003017590081,0.1294645067983485,2226.5638150107516,1.2468551882568373
1137,TYC_1355-214-1__2015-02-07__03-32-34,1,0,31.994250789792854,31.992910862908335,4.022992147589877,4.069059509452404,68363.82756988097,-29.538941217808492,0.04920408148755481,0.04951461520600625,0.11856873846054101,0.12013415764068133,1975.6091797164013,1.837758028122108
1138,TYC_1355-214-1__2017-02-10__02-57-36,0,0,32.008530764555665,31.998990108431187,3.833779232040354,3.864295565433828,66189.07101705432,-32.60935723728614,0.06139029934378108,0.06159820835168293,0.14676166572419902,0.1480121723746233,2502.6365751252615,3.432210542232028
1139,TYC_1355-214-1__2017-02-10__02-57-36,0,1,32.00164506607649,31.982194150108292,4.001896210805001,3.9020718481833305,55783.12630984738,20.28637331965465,0.06585028240092283,0.0644961645474173,0.16001777675437645,0.15509538478477913,2178.1877431842104,1.10596945069512
1140,TYC_1355-214-1__2017-02-10__02-57-36,1,0,32.014283917588656,32.00157698848187,4.015114602420256,4.042948665911242,63389.26095490718,-7.9956885212947135,0.04809688553768699,0.048431512693383576,0.11728875021054484,0.11826352340948572,1798.5923213813508,2.914962339318745
1141,TYC_1355-214-1__2017-02-10__02-57-36,1,1,32.002217069999546,31.985236008565327,4.1178165800108895,4.076668131535349,54583.53391537797,12.90556367019538,0.05052388380469714,0.0500124035233118,0.12375968620122399,0.12202342350971555,1586.618547488662,2.0642714367778225
1142,TYC_486-4943-1__2015-05-31__07-41-39,0,0,31.995651692957022,31.974589980361436,4.318347524444713,4.614929038383554,5323.50094501437,14.667010249966074,0.09664103416457515,0.10320635528721761,0.2386200208613642,0.2621504133064309,282.0933269789317,0.5765367513621179
1143,TYC_486-4943-1__2015-05-31__07-41-39,1,0,31.994471717853013,31.970909121922276,4.402509208470163,4.67738523696497,5820.396009933786,14.099904244944224,0.0742654893183315,0.07894405906611311,0.1846509361656522,0.20155193501634838,232.58828394978835,0.47790546525936345
1144,TYC_5164-567-1__2015-05-15__09-17-27,0,0,32.00743508973555,32.0013700257468,3.812506469689721,3.904654376212397,26843.57474697849,-4.6493485194558675,0.05138888162026917,0.052681196981913404,0.12397422386795728,0.12770372134593014,856.7591348585624,0.9454736208966568
1145,TYC_5164-567-1__2015-05-15__09-17-27,0,1,31.997411357020095,31.99099965477731,3.9856005162351558,4.068156692371385,19990.51776594487,-2.9776639107764775,0.052118449575536546,0.0532701953819544,0.12690014970752153,0.13033626788539243,619.610317418696,1.0708712759441068
1146,TYC_5164-567-1__2015-05-15__09-17-27,1,0,32.00844479278679,32.000889116744425,3.962812401113464,4.069458795872576,25971.88986554853,1.1189691502806223,0.04599543674103581,0.04732282127642784,0.11191300498150179,0.11585706560591612,714.6540085255783,0.733782279870855
1147,TYC_5164-567-1__2015-05-15__09-17-27,1,1,31.997434922291966,31.992457746657255,4.127309123645794,4.217206298621852,19737.612658237194,4.559882504073331,0.04239084886971004,0.04338879120627752,0.10410448150816629,0.10721108303902192,480.79625458181823,0.8028409038159317
1148,TYC_5882-1169-1__2016-09-18__09-13-52,0,0,32.012018280501294,31.999117391642237,3.8849089620791593,3.987076958544365,32099.41467378552,-30.036540423222025,0.0724983962668395,0.07349113424733203,0.17314985423873883,0.17823345314583522,1409.3958934296875,1.2199451572372833
1149,TYC_5882-1169-1__2016-09-18__09-13-52,0,1,32.00194028720732,31.990905424193404,3.971774131470505,3.8258831057919025,35694.358791504514,40.52091566945747,0.07334557719418291,0.07288180259932414,0.1787297911243806,0.1716687223853832,1584.2885217431203,0.8578288894854126
1150,TYC_5882-1169-1__2016-09-18__09-13-52,1,0,32.013959974005594,32.00389233655899,4.0614371875801885,4.10320567920135,32462.905021395323,-5.686462565266425,0.051981964700741484,0.05254120509908208,0.12719123963944992,0.12886432561433572,984.5274620470904,2.103438089280347
1151,TYC_5882-1169-1__2016-09-18__09-13-52,1,1,32.00670638496177,31.995771844662308,4.069965634636364,4.008292073416743,35979.42163604771,32.86242114526033,0.05045531716968111,0.05010409546411234,0.12246862730588422,0.12033414916679518,1060.876926171296,1.4017673948465807
1152,TYC_5882-1169-1__2017-11-06__05-14-45,0,0,32.0054376612306,32.002226887387856,3.8332212374261894,4.01951294416359,37663.2560495177,21.44366416310289,0.06517267248894767,0.06762811872373699,0.1558132585158612,0.16483544941586004,1507.7354615447223,0.6035441573739652
1153,TYC_5882-1169-1__2017-11-06__05-14-45,0,1,31.99603925154191,31.995824304059198,3.787754078024035,3.9339259338102286,39836.239101375875,24.680440520055182,0.053866809753411495,0.05528870926619494,0.12833708470442964,0.13403649389140668,1332.6393016807483,0.6323885798955896
1154,TYC_5882-1169-1__2017-11-06__05-14-45,1,0,32.00766712750132,32.0037288128654,3.9705898862587965,4.16990288176191,37230.74847868361,21.24521046399099,0.054922755331652626,0.05711262251340944,0.13215792934244128,0.14036105083665648,1213.5804593129428,0.4782912875577351
1155,TYC_5882-1169-1__2017-11-06__05-14-45,1,1,31.99681733548479,31.99740072389124,3.9346635252154623,4.096374810935563,39055.3995016429,25.325764920297953,0.04967908600493776,0.051063602861375484,0.1189801341224609,0.12478503912369324,1160.2016884761167,0.5311085599558002
1156,TYC_5882-1169-1__2018-12-17__03-08-59,0,0,32.010063685138775,31.992962454229538,4.006680954333523,4.023454218568951,170744.81126559607,20.94174158862102,0.04765152967481413,0.04779661615114733,0.11548581592866457,0.11598195354531406,4806.935682557876,4.833596416864152
1157,TYC_5882-1169-1__2018-12-17__03-08-59,0,1,31.996534028624414,31.98657149206761,4.012034149782018,3.9809585500514117,176842.34905758314,26.933824167300077,0.044030783712578486,0.04380715792187884,0.10657362992243592,0.10557547366746618,4602.652786046847,2.411978020910034
1158,TYC_5882-1169-1__2018-12-17__03-08-59,1,0,32.008917067364614,31.992814982328877,4.002964642358946,4.0372297130709605,170839.4965418669,26.01440854838624,0.047353527104316326,0.0476078768933091,0.1143454167846143,0.11542690404946924,4779.162335302533,2.3662662985802774
1159,TYC_5882-1169-1__2018-12-17__03-08-59,1,1,31.99538092042679,31.986665717467375,4.012699237514237,3.9976267816258977,176747.45046801216,21.31430271391674,0.044822501409711515,0.04468264655611365,0.10868110014868052,0.10814460379164946,4677.550914430947,5.043278895744721
1160,TYC_5899-26-1__2016-01-18__01-13-47,0,0,32.008102099269614,31.990314955113604,4.02910505020446,4.166433505911594,58865.701305786875,28.04074756432088,0.0684985267118025,0.06988094660665334,0.16459604600550928,0.17112805264763434,2354.552850352311,0.8649755931309803
1161,TYC_5899-26-1__2016-01-18__01-13-47,0,1,31.969208955296814,31.99191255520121,4.045329634073722,4.35821485465018,51393.43467239501,223.70827529502023,0.07963943317508781,0.07997526090959453,0.18530949866744892,0.2013865221295929,2311.7376098777418,0.44411305601772166
1162,TYC_5899-26-1__2016-01-18__01-13-47,1,0,32.009147359557275,31.992022406289323,4.144470720007039,4.310554484327193,60844.75120729455,30.937790502348566,0.05261267454872463,0.05368073166598461,0.1266010041587792,0.13257743204203148,1812.3334609118176,0.5549512265296385
1163,TYC_5899-26-1__2016-01-18__01-13-47,1,1,31.970999609323066,31.99204310316097,4.1539917068163055,4.482037794509133,53612.49102905478,222.92499077345823,0.060202734242543555,0.06060832534918628,0.14079223453074252,0.15354190936010148,1776.2131311216376,0.3232517171631721
1164,TYC_7026-325-1__2016-01-02__00-53-50,0,0,32.01040255695104,31.972917733512936,4.185889581628395,4.235732272593839,23232.937102364118,-19.177686858117422,0.08887698510844264,0.08971286500062867,0.21762287476191533,0.22053118920731807,1167.6170879321278,3.059482838975417
1165,TYC_7026-325-1__2016-01-02__00-53-50,0,1,32.01586211760091,32.005972578722535,4.0594544033591164,4.096698964712834,28103.645407148564,-24.70083391203617,0.0897961028358244,0.09036012341446448,0.2176497745618738,0.21996571396507228,1470.5566475170524,4.136113794233525
1166,TYC_7026-325-1__2016-01-02__00-53-50,1,0,32.009213451835606,31.975996926575156,4.301548472280719,4.3469454279769,24285.270824314215,12.063678527165004,0.06492147282545141,0.06556343010160183,0.16096681084991274,0.16299090115086545,868.386965842509,2.4421076223774567
1167,TYC_7026-325-1__2016-01-02__00-53-50,1,1,32.01625780109926,32.00750400739156,4.183766192501176,4.227690536214803,28854.95323093392,8.538239572331783,0.06726608785432554,0.0679985613344987,0.16577467764474832,0.16808029906553432,1099.477075716439,2.6000965179437174
1168,TYC_7084-794-1__2015-11-29__06-14-34,0,0,31.948446508330427,32.020774654365106,4.081982541739691,4.116382968215971,45520.672808254036,-24.16591493032442,0.11059966559463641,0.11143172069417853,0.26800036365960533,0.27159063039035414,2920.893642658417,5.5177847407334735
1169,TYC_7084-794-1__2015-11-29__06-14-34,0,1,31.86825135236022,32.006838211262064,4.293542452908091,4.241724059316115,35135.09773065669,-24.920916185400557,0.17539848578624753,0.1744250631116656,0.430215049642868,0.4262004021512681,3414.5481061440787,5.82093217517201
1170,TYC_7084-794-1__2015-11-29__06-14-34,1,0,31.95828853293071,32.0225181009832,4.182651358283,4.252007203614867,47736.24529289622,224.3719867057919,0.07922043575294134,0.07937374349598672,0.19060698753284178,0.19416857066527168,2127.067218990859,1.9987871051583483
1171,TYC_7084-794-1__2015-11-29__06-14-34,1,1,31.907889033302165,32.004881174202886,4.380020133219055,4.256808469061793,38308.335924079445,-29.04680716460427,0.11513782197419112,0.11349075818903705,0.28444752753355695,0.2756619658199107,2404.2239304140844,1.6123219418704569
1172,TYC_7084-794-1__2016-01-19__02-50-22,0,0,32.00227381338828,31.995122463902096,4.972174989935438,5.340018567453237,30984.18105706171,942.2191681664733,0.043435429478106455,0.04380303024546075,0.10664136075981798,0.11740208196700957,614.8616266134151,0.2247120143561293
1173,TYC_7084-794-1__2016-01-19__02-50-22,0,1,31.988688288426534,31.99614166994123,5.329315321840633,4.965772328544054,31037.179572364774,307.1751619665692,0.04948115807300008,0.05072727719465072,0.13528611815734995,0.1227131444235113,709.0983438439943,0.2594952017544336
1174,TYC_7084-794-1__2016-01-19__02-50-22,1,0,32.00516789094988,32.00031532535906,5.595720128293924,5.279136892798117,16939.594744921855,491.2365897217672,0.04410501239839037,0.04454232863653689,0.1211865396087588,0.1114909134098347,321.55879989608513,0.27328989342033017
1175,TYC_7084-794-1__2016-01-19__02-50-22,1,1,31.99712488011378,32.00212369074887,5.588223585033824,5.253733673439711,17009.565966071696,126.34907022589464,0.042640824262071754,0.04371759936482128,0.118818310444057,0.10850905926381833,315.71283822613935,0.2496316583070398
1176,TYC_7084-794-1__2016-02-19__00-50-46,0,0,31.99843289148705,32.00050204980949,5.070342772947979,5.325130686818996,31125.78163062493,33.858512377170044,0.06696821439046172,0.06860828615527229,0.16967194951038847,0.18202169477343774,951.8493628365143,0.5008514068999267
1177,TYC_7084-794-1__2016-02-19__00-50-46,0,1,31.9933971338856,31.99795081314253,5.058022587164253,5.332546940704312,30470.86226068217,34.288742938963296,0.05738579581141256,0.05885269842001798,0.14497118609811951,0.15633349780487737,799.4681289376784,0.39872862130617465
1178,TYC_7084-794-1__2016-02-19__00-50-46,1,0,32.003312450090355,32.008932031029836,5.556356644051978,5.315894751553162,17187.163491547115,126.77506377505034,0.0375921893213856,0.038247060330918035,0.10315010358793383,0.096644655312298,279.2156399592892,0.30598504132481114
1179,TYC_7084-794-1__2016-02-19__00-50-46,1,1,31.997919027357195,32.00692337125613,5.570392681247313,5.300493783375161,16863.588693211044,124.67901496686102,0.037629869504852316,0.038551469522552895,0.10434344067724687,0.09685652112589642,275.28829596374123,0.27246765735515677
1180,TYC_7084-794-1__2019-03-06__01-35-45,0,0,32.00176679678616,31.98349284654126,4.079730612657272,3.993850216785098,47992.69581225304,-37.882100897459296,0.06000706695017219,0.05964944158545517,0.14588427771787607,0.1424570205229414,1684.763765054274,1.2009021948140655
1181,TYC_7084-794-1__2019-03-06__01-35-45,0,1,32.00660256921893,31.987892481831157,4.160055407972416,4.069294381168529,43571.047602635874,19.425839170546716,0.07836044867838796,0.07687604623990328,0.19210220244162807,0.1866448012405912,1947.308795551759,1.4555280290121446
1182,TYC_7084-794-1__2019-03-06__01-35-45,1,0,32.00240077323397,31.98821028797455,4.137767818062858,4.223585124613994,49034.64216371717,35.24599325254488,0.04266218187831002,0.0429711177107745,0.10272300330794015,0.10513190490967676,1189.9911904226663,0.8663910263220634
1183,TYC_7084-794-1__2019-03-06__01-35-45,1,1,32.00749943761475,31.991795418808103,4.27454322741385,4.2222149206658415,44932.865098807444,35.40563115959922,0.05444449184727231,0.0541781550276997,0.13325082149739806,0.1313102504373198,1361.2639579219624,1.8112644727650034
1184,TYC_7183-1477-1__2016-03-30__02-14-07,0,0,31.99844466568252,31.989266186017865,4.121223088461763,4.7906883090953,19495.729377519056,39.82702301295116,0.07813241286588865,0.08054814474331003,0.1775060907144232,0.21193164633201683,819.6704971900697,0.20872014079850837
1185,TYC_7183-1477-1__2016-03-30__02-14-07,0,1,32.000527396292014,31.993414157638355,4.0781209541398304,4.74049160823323,18433.32240050428,37.08421654945032,0.0768528569282876,0.08048543326957132,0.1757375554348555,0.2099713523837873,776.7367521760342,0.20806155208663507
1186,TYC_7183-1477-1__2016-03-30__02-14-07,1,0,31.999383277469768,31.993100543432814,4.216888299319902,4.914870420421422,20516.10733086235,221.42307803681925,0.05067704180871032,0.051796087880093954,0.11490743144659195,0.13802307579786705,543.1355794724576,0.13051663543970443
1187,TYC_7183-1477-1__2016-03-30__02-14-07,1,1,32.00242028156095,31.99513463710697,4.174438330082185,4.857037963193638,19465.628084851727,38.3389244466482,0.05376989202317115,0.055955748874312455,0.1229680408907896,0.1474677477361245,558.1612463467613,0.14208608080237228
1188,TYC_7190-2111-1__2015-05-09__23-57-36,0,0,31.99481251404071,32.002726078023386,4.078641937194037,4.095269068257055,41443.25123047072,5.146294486630403,0.05505578867090826,0.055304546579181234,0.1347648512472687,0.13557206071524266,1325.6415200937724,5.579729540871817
1189,TYC_7190-2111-1__2015-05-09__23-57-36,0,1,31.977871654900568,32.00403766968812,4.098397837547186,4.106396207916083,37098.37447941657,-3.7388858380341854,0.06171159910998498,0.061874250816057366,0.1511732709510977,0.1518278887352663,1323.9774786761718,12.98245927822444
1190,TYC_7190-2111-1__2015-05-09__23-57-36,0,2,31.987320159198674,31.95667958701197,4.703831016108004,4.845243963746045,15233.690692914774,0.14980222056802042,0.1468253586179671,0.15195305608534385,0.3775905878133622,0.39566871667030284,1127.6124612333683,1.800978511446217
1191,TYC_7190-2111-1__2015-05-09__23-57-36,1,0,31.99382486462477,32.0039769403463,4.205284077496426,4.24391518492897,45431.83112885322,21.70335897722631,0.04172035217051401,0.042039074373733096,0.10206714724270802,0.10332104124449461,1067.2973091854435,1.8588639393355637
1192,TYC_7190-2111-1__2015-05-09__23-57-36,1,1,31.9794368820652,32.003562375581765,4.230254177859614,4.252793324767857,41002.32811626594,19.742404523939754,0.04653018336003868,0.04677040737947207,0.114152527227915,0.11509777505316715,1068.7765893461788,3.5414533343320094
1193,TYC_7190-2111-1__2015-05-09__23-57-36,1,2,31.992035522760617,31.961670645302576,4.754217275286153,4.892159526474567,18188.53003167439,2.5443452780857365,0.11069030148567092,0.11442746793447206,0.2859504118981243,0.2993005289908131,1003.4690243318199,1.3940341997577108
1194,TYC_7190-2111-1__2017-02-07__06-41-05,0,0,32.00875675666914,31.998438729234884,3.98988889451125,3.9124935238293888,54870.10464541407,401.83862125069766,0.055608875330385964,0.055471636605309835,0.13476862120452548,0.13193771585187802,1826.2168826111226,1.233102089671209
1195,TYC_7190-2111-1__2017-02-07__06-41-05,0,1,31.996204119632715,31.9980753585883,3.949704771145101,3.988441897617664,52975.342110606594,4.352757234660946,0.04740002956074509,0.0478934620872901,0.1151487354848537,0.11662826498246064,1505.9479350886625,2.0625880653595225
1196,TYC_7190-2111-1__2017-02-07__06-41-05,1,0,32.0102073418645,31.99845067484047,4.1192390325536135,4.077815153466514,58265.047580445425,-1395.0391381971867,0.04723020473020013,0.047217924356772106,0.11466070967474272,0.11339196339535958,1590.5011713379145,1.9775402967869273
1197,TYC_7190-2111-1__2017-02-07__06-41-05,1,1,31.997136381048485,31.997392687086055,4.089724797736544,4.147265177827625,56405.95374128555,25.579293040215745,0.040474739505689125,0.04086375194791748,0.09806161016967925,0.09973149150382613,1319.7023289251194,1.211669029443544
1198,TYC_7286-248-1__2015-05-13__03-59-04,0,0,31.966963374912936,32.034755952252546,3.9993305740612315,3.9301541020027932,25644.754842768154,0.0424789634973248,0.14084373658434565,0.13839382235664377,0.3428363447989713,0.3365012769445848,2138.538881887431,3.382509201063209
1199,TYC_7286-248-1__2015-05-13__03-59-04,0,1,31.9326965603083,32.02542983039888,4.0897055296719405,4.289870240519633,22585.43759278226,32.13701803012481,0.1195319848084729,0.1225423050161058,0.28559137485345953,0.30281306918207457,1545.7360686804,1.046480116439041
1200,TYC_7286-248-1__2015-05-13__03-59-04,1,0,31.97035535525528,32.03439942865742,4.136459404880601,4.077714990330354,26812.900700379498,-18.921410634095864,0.10857682702542733,0.1073921599408142,0.26539692250783004,0.261529330077354,1670.234677266574,3.126436946647401
1201,TYC_7286-248-1__2015-05-13__03-59-04,1,1,31.934802702826634,32.024994443826216,4.203233402431603,4.410904615833014,23879.370746843248,32.71173763860298,0.08857032335633926,0.0907946223404203,0.21265490867177111,0.2258448437412269,1178.062325023715,0.7533738368736163
1202,TYC_7443-1102-1__2015-05-04__09-26-47,0,0,31.996255371171046,32.00355342105718,4.059438493987695,3.9652613098523197,21486.423709856528,403.60849780107867,0.05483670386438466,0.054776665149557924,0.1335424059607294,0.13018128014361183,695.0948903307244,1.0035901780096186
1203,TYC_7443-1102-1__2015-05-04__09-26-47,0,1,31.988588744783655,31.9881411413236,3.864514038786588,3.9304140142720363,26346.366028348497,27.79549713959539,0.06425821707693466,0.06491201908988777,0.1537661497969098,0.15674072633725755,1033.4674002512418,1.6665281388286879
1204,TYC_7443-1102-1__2015-05-04__09-26-47,1,0,31.995711918314026,32.00561243133184,4.113443165277665,4.175941509694919,22193.7357382142,310.20620448419004,0.042854907554972,0.042746378871825426,0.10272118066556944,0.10445220719791229,543.0408396336584,1.1902849717829935
1205,TYC_7443-1102-1__2015-05-04__09-26-47,1,1,31.98907381403854,31.993417473183737,3.9978902158443614,4.104911199765212,26847.89735656357,19.94128418043478,0.04089764991190156,0.04180673337660585,0.09883658912144844,0.1021393215128731,649.1208776997104,0.6563069585058877
1206,TYC_7443-1102-1__2015-05-18__08-27-53,0,0,31.98472220915589,32.00210075416942,3.852223087922334,3.904883627206098,30227.450393779793,2.955529389861505,0.0542280983986216,0.05502226627525504,0.13100405556915673,0.13339478752011857,1007.6658785825726,1.736553422632013
1207,TYC_7443-1102-1__2015-05-18__08-27-53,1,0,31.98577603771872,32.00186016553508,3.9893371928050922,4.0809205102933745,30367.915206586338,11.72871090302305,0.05193235464292567,0.053127510384319225,0.12607980687760448,0.12994921486259356,936.4071129957612,0.9666887459329003
1208,TYC_7443-1102-1__2015-06-09__07-33-40,0,0,31.995296467261806,31.99427713590147,3.891702351733658,4.032498730304922,26852.83963903049,-3284.4491545408996,0.04895387959289949,0.04898884587013545,0.11532116124330642,0.1198262815947407,785.8151897553211,0.5977782143926099
1209,TYC_7443-1102-1__2015-06-09__07-33-40,0,1,31.993498228970356,31.991348418950373,3.764131949252931,3.8415794031553587,28953.809775607835,3.270508400921309,0.049996203770573414,0.05106837547142105,0.12029588536055108,0.123343242653815,910.2669974836404,1.0913424885256429
1210,TYC_7443-1102-1__2015-06-09__07-33-40,1,0,31.992020934943227,31.996952325012373,4.181213685702224,4.046258066121419,27496.849610088157,40.35720288725928,0.04208415889960718,0.04184637713016887,0.10324427589354718,0.09955973667943102,664.531806789056,0.5390525180117817
1211,TYC_7443-1102-1__2015-06-09__07-33-40,1,1,31.99676452640826,31.991311090523034,3.9172098319586497,4.011864122540458,29408.747759553553,0.5134195878646035,0.0489110046169107,0.050171089632280605,0.11864289681194885,0.12234152998084065,870.2190106631368,0.8770299253942319
1212,TYC_7617-549-1__2016-12-13__05-46-04,0,0,31.999662064756862,32.021404521358875,4.014221335746538,3.9258468524920587,22614.12262988628,13.333902795269928,0.1324367364004978,0.129691109466904,0.32253267534668634,0.3139820556345973,1767.8731923150242,2.499522998259541
1213,TYC_7617-549-1__2016-12-13__05-46-04,0,1,31.993729617310027,32.033879558948286,4.113152053822674,3.898641166701261,23455.04695205112,-16.270304872314824,0.10149578888736864,0.09675132534150221,0.2487878834650226,0.2331315862233346,1374.3512199076984,0.7810054567961155
1214,TYC_7617-549-1__2016-12-13__05-46-04,1,0,31.99638018519113,32.003777513252054,4.048075353370473,3.994048097152488,23270.014759875685,1.7002281687884102,0.05685359573964453,0.05604544818650413,0.1389710796726152,0.13658597343081355,773.7532559262147,1.7527733566060713
1215,TYC_7617-549-1__2016-12-13__05-46-04,1,1,31.98737897446623,32.00625831262762,4.197384642444145,4.000967611635111,23633.148344579397,-25.622840930184264,0.0428404396563944,0.04148114546957842,0.10533039127951135,0.09951252692572472,575.7668921577381,0.3673893521662244
1216,TYC_8047-232-1__2015-09-25__06-19-09,0,0,32.008768439878565,31.998859772701778,4.042506531468926,4.519426084137721,12959.173920747604,584.2606740258304,0.06125358632325234,0.061433665095843276,0.13977829028495203,0.15860190595679935,439.254317563183,0.22484688723630902
1217,TYC_8047-232-1__2015-09-25__06-19-09,0,1,31.987574626625513,32.001029834084164,4.516996091603017,4.050026060114925,11414.449112397011,-17144.840971761663,0.06875821774725123,0.06873636648150756,0.17748532681037,0.1568608297504465,433.41656162821744,0.2573617891823343
1218,TYC_8047-232-1__2015-09-25__06-19-09,1,0,32.00737161134559,32.00148058455448,4.167500303142403,4.646050485724859,13237.569502905688,42.61107439671446,0.044573038244715535,0.04502497826583792,0.10276732685319984,0.11658037894462092,318.2576808732929,0.1652140268262614
1219,TYC_8047-232-1__2015-09-25__06-19-09,1,1,31.98891132168454,32.00124641394462,4.174382792940663,4.62597675823887,11813.152859241585,1664.7136167535539,0.05020632956365496,0.05028385801905547,0.11563085899495042,0.13020441465798555,319.135381914363,0.19634871599111614
1220,TYC_8047-232-1__2016-01-17__00-50-17,0,0,31.978967346865847,32.017243622879306,4.806242166345337,4.80087954211089,6113.948284266201,24.463844545851742,0.16314622879408905,0.16329745592933312,0.4154909617005759,0.4157070201863608,490.84207128915057,54.234515328491575
1221,TYC_8047-232-1__2016-01-17__00-50-17,1,0,31.984985325538787,32.01897392556262,4.932640134492701,4.884037177233539,6429.451073050298,-30.88049471758292,0.1389285062451584,0.13837322284751113,0.3553037912564648,0.3509664440568057,428.4081335341892,5.20888806834936
1222,TYC_8060-1673-1__2015-09-24__08-00-43,0,0,31.989676229232728,31.98315499173989,4.666412105374074,4.4729743278535805,16800.153274530574,-12.305686664242218,0.1040794386483982,0.09948541872840097,0.2657416162015194,0.24924205941989316,886.0762490354672,0.9013033805173277
1223,TYC_8060-1673-1__2015-09-24__08-00-43,0,1,31.993582026042414,31.985734806506684,4.614424405325198,4.5076988836465,17023.807334468027,-8.701682851075564,0.10599407347843964,0.10324104039641714,0.2698818934213595,0.26023961142672114,924.7444049285115,1.670805844881976
1224,TYC_8060-1673-1__2015-09-24__08-00-43,0,2,31.998002121047655,31.978445186687292,4.861450296673786,4.592290944222861,11800.474568943724,-403.32343409794544,0.13723584978070227,0.13657495564055355,0.3533893213430563,0.32943383671149257,807.992718169292,0.9254502960799945
1225,TYC_8060-1673-1__2015-09-24__08-00-43,1,0,31.99092293011907,31.98464162387338,4.734212096638308,4.555534681713041,18861.255658964874,-16.93071936595275,0.07940087836971989,0.076441311014153,0.20321948834219555,0.1918649414011628,748.8517281998143,0.7557955658079613
1226,TYC_8060-1673-1__2015-09-24__08-00-43,1,1,31.994730612525117,31.987889454464582,4.696213401075989,4.603573270493095,18713.980602148637,-25.86704559999228,0.07831855212496797,0.07716236998613192,0.19801686441377492,0.19262880873609395,740.4833075556987,1.4837837255096982
1227,TYC_8060-1673-1__2015-09-24__08-00-43,1,2,31.99850523396646,31.98364807634498,4.948702268664736,4.660988847297632,13179.00910076376,854.2038816898963,0.10657241513447394,0.1067135573520307,0.27723523788727206,0.25725573834048665,690.7988421226695,0.6793557835357203
1228,TYC_8060-1673-1__2015-12-28__01-45-20,0,0,32.00017650228906,32.000803473842105,3.921512985747598,4.0302942019296895,52569.2473488693,-42.72070793355568,0.06948497998272007,0.06964760827193074,0.1646758683512857,0.16962562829980532,2178.023065973787,1.1004231002376537
1229,TYC_8060-1673-1__2015-12-28__01-45-20,0,1,32.007510749150526,31.989549013856934,4.123216131740318,4.037954863101233,34349.199085604545,14.501858574760845,0.08777439513450665,0.08601942251397367,0.21510101264697362,0.20916396110351912,1732.8714387558834,1.724194928624995
1230,TYC_8060-1673-1__2015-12-28__01-45-20,1,0,32.00269154616438,32.00043811015356,4.103847405781105,4.143565366282705,52722.6113199164,-34.17388491497725,0.06372381441632813,0.06396874468069558,0.15381851446349962,0.1555101422966646,1934.0658521012092,2.7802087540424947
1231,TYC_8060-1673-1__2015-12-28__01-45-20,1,1,32.006734993069344,31.989997584941758,4.253638159978253,4.184387488477771,34747.19128482806,-17.29766614599082,0.08584124048016478,0.08453248093663644,0.2117722754419954,0.20703730089282338,1662.5612926952165,2.096663787846459
1232,TYC_8128-1946-1__2015-11-30__07-50-30,0,0,32.025877304709155,31.988740218324047,4.16455421739048,4.360774667603689,17615.282793054725,-24.888297745874294,0.12615119899113694,0.1302739917436894,0.3057474255325472,0.32339505935305934,1255.3174463911764,1.1270396013803632
1233,TYC_8128-1946-1__2015-11-30__07-50-30,0,1,31.992871114848622,31.99631883052424,4.054508157244216,3.968550575428542,21776.225591701812,1304.1922028683346,0.08024621685252598,0.08019906065701717,0.19521686445199737,0.19072873919351535,1031.3914318334052,1.6092538782737769
1234,TYC_8128-1946-1__2015-11-30__07-50-30,1,0,32.02708010363117,31.99063581614109,4.283174576175379,4.447272354042371,17738.94237112539,-15.994778492539583,0.09483178498991739,0.09821112293536881,0.23399713395148716,0.24592439489554624,929.2723562525711,1.006359896942864
1235,TYC_8128-1946-1__2015-11-30__07-50-30,1,1,31.995784792937123,31.997858411025216,4.1679094236845575,4.130139392921026,21421.848962349493,41.9384307166939,0.06269747358634166,0.06263353136987833,0.15239871381414744,0.1508667205140227,766.6634359210913,2.885896011428834
1236,TYC_8137-2609-1__2015-11-29__07-52-38,0,0,31.987309436738492,31.997191026724494,4.181368859069785,4.247518043286235,11557.428582258528,-672.9422213447453,0.0953636602280144,0.0952675988111439,0.22921909674485696,0.23327564497520248,619.4432218211981,2.5174080021717193
1237,TYC_8137-2609-1__2015-11-29__07-52-38,1,0,31.993500678591147,32.003370628328504,4.243718073051575,4.394852481941119,11871.07790914342,-313.2494442584388,0.0648546850421457,0.06471715262848403,0.15482692406160226,0.16112860164915452,421.8829191789045,0.7545820658813669
1238,TYC_8137-2609-1__2018-01-26__03-25-50,0,0,32.00375994311989,32.0009117318535,4.179231913100465,4.0112017165803335,12251.4197929299,-31.271937117241443,0.05013215882266721,0.049107989375006524,0.12304282250827907,0.11733468725650549,351.61684024812854,0.5083989978741962
1239,TYC_8137-2609-1__2018-01-26__03-25-50,0,1,32.12222576172516,31.9673336504736,9.98848730469548,8.504561744574431,38.952947369384496,-5.7142606834557,0.36319576058981123,0.26499025119120334,1.5869860417625905,1.0242718344742536,2.4066401653160767,0.453195566509972
1240,TYC_8137-2609-1__2018-01-26__03-25-50,1,0,32.005214053342975,32.00653579561984,4.329239580091709,4.153083630451252,11943.715146603397,-36.20820460862785,0.040031712503653775,0.03947884714428786,0.09908414911415525,0.0944501219603252,265.2337439841381,0.39372691122078574
1241,TYC_8137-2609-1__2018-01-26__03-25-50,1,1,32.156031979444656,32.042235666642696,9.798125605222465,8.468511700435661,42.27909731571061,-15.509239951137793,0.3141466225656195,0.24492915429094847,1.307520722420952,0.8917448783609253,2.331112176348414,0.48093808602253263
1242,TYC_8404-354-1__2015-05-09__09-45-09,0,0,31.99732791000734,31.99341478283472,3.83662534348963,4.004297677079135,39464.88539619665,5.470232716221699,0.04707346787940315,0.04922133779960342,0.11362061996258412,0.11996016168756278,1147.393444383486,0.4811731827868146
1243,TYC_8404-354-1__2015-05-09__09-45-09,0,1,31.985345802069908,31.989573370162315,3.867858436887737,3.9698049420794685,39587.62524028565,7.3733658322729125,0.04775362423379474,0.049050685642899376,0.11535485612137995,0.11924541805870716,1157.5597226051095,0.7962536533018637
1244,TYC_8404-354-1__2015-05-09__09-45-09,0,2,32.00345713805465,31.997404765922944,3.8976704132701405,3.9973215590716533,37405.32755600011,-1.8830845196355939,0.0470149556568045,0.048292009117171075,0.11394549675412254,0.1176837700466886,1069.1738378351538,0.8012594322533656
1245,TYC_8404-354-1__2015-05-09__09-45-09,1,0,32.00165796027274,31.99765340161979,4.010030126585985,4.149557537769449,40840.020144511334,5.838508394091785,0.04242646784633615,0.043994212608962045,0.10340225829060375,0.10821667474538389,1024.6836003805645,0.5204963885722919
1246,TYC_8404-354-1__2015-05-09__09-45-09,1,1,31.987290745298093,31.991106738439825,4.010926399721327,4.133586218347672,41066.1004176169,9.091968263657465,0.04082959178257097,0.04211829957682927,0.09934672999128254,0.10339836102298353,990.7991987499743,0.5691595380144395
1247,TYC_8404-354-1__2015-05-09__09-45-09,1,2,32.00454039982321,31.998020946319986,4.049717918809723,4.1517907862768615,38985.49672088563,4.833757250195484,0.04172304204216749,0.0428473390154724,0.10198049640198699,0.10542172561630893,952.3967911340436,0.6962510338378931
1248,TYC_8404-354-1__2015-05-30__07-28-42,0,0,31.992739902698762,31.975435113413834,3.855154851722762,3.844854101969848,43582.47531418052,-12.261161805461814,0.0835149402343687,0.08328245289477422,0.20153365593887573,0.20071389939488027,2234.241060954325,13.597774369032251
1249,TYC_8404-354-1__2015-05-30__07-28-42,0,1,31.995925081732743,31.9745364587111,3.8888742842126236,3.916933439785388,36572.232863462144,-308.3626109067706,0.07265824465631761,0.07250914306462383,0.1732758765219305,0.17467368161534225,1610.088237409347,4.426216439329496
1250,TYC_8404-354-1__2015-05-30__07-28-42,1,0,31.992827386764,31.997450799835505,3.9645899163850444,4.0142971460722325,44975.953471107816,14.790073784384168,0.04997972632134024,0.05056792031606994,0.12108917536799721,0.1230278169444963,1342.2698553005603,1.7070105520845007
1251,TYC_8404-354-1__2015-05-30__07-28-42,1,1,31.999610310492713,31.99238910060881,3.9971900595694776,4.079954109723383,38017.627633972625,26.42451859532852,0.04454769356505559,0.04514070193436287,0.10726605138349811,0.10985891107966282,999.9235967019678,0.9261249919658474
1252,TYC_8728-2262-1__2015-06-03__05-56-44,0,0,32.007363164920115,31.98545295750804,3.842450255604915,3.9034710118110088,41583.0272901585,-41.60684510549426,0.07043074251074753,0.07054816337723761,0.16734767535920814,0.17016471514735285,1791.3023034967096,1.9759189854799484
1253,TYC_8728-2262-1__2015-06-03__05-56-44,0,1,31.992941874450494,31.96296650241944,3.9310520819362598,4.039461522994628,41076.94976060355,-34.54488068496615,0.08609522099125419,0.08695218247009474,0.20509718183598794,0.21124566126583535,2111.9372077304483,1.368402143785227
1254,TYC_8728-2262-1__2015-06-03__05-56-44,1,0,32.009366028001025,31.992018357338367,3.994229770728286,4.059266521016129,41502.36922419438,-7.506805581653686,0.0542717529885567,0.05517481050693609,0.13215525895641578,0.13484021953159198,1335.9381587845687,1.414277774117331
1255,TYC_8728-2262-1__2015-06-03__05-56-44,1,1,32.011369322704184,31.98093840647332,4.053890451279225,4.1094799083975895,42035.095068054936,-7.830775983624543,0.045654375246230484,0.046280954630899526,0.11157181528435975,0.11339614767983197,1121.540697253792,1.391549304501809
1256,TYC_8760-1468-1__2015-06-27__05-23-59,0,0,31.995906508257132,32.01491101188851,3.7789513057178787,3.9451360507031126,15420.86192722881,-14.41187074548034,0.06529981827523235,0.06797456551808378,0.15657513467025563,0.16514061508242697,629.6865020068805,0.6743560119647655
1257,TYC_8760-1468-1__2015-06-27__05-23-59,0,1,31.98700363066137,32.01198336814323,3.82997221907319,3.9331109218973315,28782.52510342868,-26.58520271943081,0.06269914036227178,0.06378873162258661,0.14969104414036644,0.1544252258819038,1109.9875646864018,1.0413283558209463
1258,TYC_8760-1468-1__2015-06-27__05-23-59,1,0,31.995923499592312,32.013978326902574,3.9337289867585405,4.0878189142437895,15260.353046924838,-7.43010730608823,0.05357677619765678,0.05578078156774235,0.12990533745102179,0.13673580504488705,492.6992219061235,0.5961057600143442
1259,TYC_8760-1468-1__2015-06-27__05-23-59,1,1,31.99150213777441,32.01128400585559,3.995370024555436,4.073578891519078,28397.08389145661,-19.803902288685887,0.05208764687658659,0.05295375702163003,0.12598371919153448,0.12915905025119273,875.6094174997833,1.1402582140467028
1260,TYC_8760-1468-1__2018-04-19__09-32-42,0,0,32.00444851129933,31.990717031832943,3.840454684072108,3.8664614291284654,34008.77561522033,33.282729882096056,0.06979691211431953,0.06998190824151047,0.16687993679609223,0.1680668473460609,1459.778349515457,4.579932464752082
1261,TYC_8760-1468-1__2018-04-19__09-32-42,0,1,31.991640495584296,32.00371071041701,3.945727769498444,3.841681507091533,34844.96872339683,-1.1199026171796576,0.0729574163348668,0.07093219510395084,0.17721781724488903,0.1714122243321446,1524.0630705164772,1.1575916315481136
1262,TYC_8760-1468-1__2018-04-19__09-32-42,1,0,31.995721298700364,31.99275554698249,4.01822355614065,3.982426055156309,33891.08028567747,-17.31177264963627,0.045101887045296725,0.044744340074146426,0.10962473910981752,0.10839800901683698,901.3911009132228,2.123268474638142
1263,TYC_8760-1468-1__2018-04-19__09-32-42,1,1,31.985172905098096,32.00402879864466,4.099686152592776,3.973324860949568,34611.22034070119,-2.5864166628862235,0.05061865622882268,0.04896106397471496,0.12407290262717928,0.11916322840643494,1011.2575754594542,0.6610507809618659
1264,TYC_9073-762-1__2015-05-16__07-55-40,0,0,31.986855044817368,31.98380833117982,4.1513505076451365,4.230002706017353,14710.951377218214,-31.894726266158834,0.06313828790035607,0.06371250254657432,0.1525290878605715,0.1559020497632009,527.6518522590038,1.3967251916775865
1265,TYC_9073-762-1__2015-05-16__07-55-40,0,1,32.00588103774503,31.999787845250015,4.078889528253613,4.0344007563852635,20131.403861311246,-8.28446486365523,0.05854191873261155,0.057872517331326895,0.14329171910377486,0.1411795815539838,684.2581076901735,2.2012501465968772
1266,TYC_9073-762-1__2015-05-16__07-55-40,1,0,31.990499995298297,31.983303814976146,4.272234585820213,4.32862580600255,16179.916357097714,-22.717521820841224,0.04744978255340198,0.04793151630148105,0.11638101387469364,0.11832216014225512,425.2846553641782,1.456868788425386
1267,TYC_9073-762-1__2015-05-16__07-55-40,1,1,32.00511978130663,31.99972519951333,4.214489530199117,4.167292917478888,21495.27413369445,-19.48948746220677,0.046331606654822576,0.04588051086678845,0.11384102331529732,0.11216822256640151,560.3644260383758,1.6679802397799803
1268,TYC_9340-437-1__2015-10-25__00-30-26,0,0,31.99559001595328,32.00389842252541,4.172217613903002,4.301198233314417,39285.723533666205,12.695459215170077,0.06823864048893884,0.0703685318159015,0.16743413835917587,0.17462731437420556,1522.7769798159711,0.9111772152166486
1269,TYC_9340-437-1__2015-10-25__00-30-26,0,1,31.9867468426023,31.978746162886377,4.394755628138586,4.635389844315045,25489.728763630526,11.976999457588894,0.09227192944493301,0.09758902635004467,0.22978642594108709,0.248544795147492,1269.429361743131,0.6738453427028004
1270,TYC_9340-437-1__2015-10-25__00-30-26,1,0,31.9976502596019,32.00497567057201,4.284335346523894,4.434378862517175,42755.0897633592,15.014617957575648,0.05087400096609434,0.05262898998056852,0.12552787038381433,0.1317553049452226,1202.5602081856637,0.588960239130337
1271,TYC_9340-437-1__2015-10-25__00-30-26,1,1,31.988720814767994,31.983395582428503,4.487438758836299,4.739049730418967,28681.132742534468,12.13339750353731,0.06978339928642213,0.07396670631070938,0.17500709184953114,0.1900976384447945,1057.7413308647845,0.4897993317909794
1272,TYC_9340-437-1__2016-06-27__09-30-54,0,0,31.965242560933934,31.993623496700582,4.158791202676667,3.9640611337606884,47753.92282138341,-30.819729352008483,0.05976313417171213,0.0583412634252675,0.14659938380270618,0.13886457189488718,1644.5231872833217,0.5203775268647887
1273,TYC_9340-437-1__2016-06-27__09-30-54,0,1,32.00084234958386,31.996791746047265,3.9320864269541347,4.0602959956486835,54383.049907385735,28.86043284451462,0.059294295606836,0.060390929354635706,0.14178502074203547,0.14709564003750691,1928.5187614778984,0.7979411208324556
1274,TYC_9340-437-1__2016-06-27__09-30-54,1,0,31.965882445705752,31.994415242064417,4.29361673529734,4.10460414579114,50606.01330264494,-29.322014132750933,0.041864499708646585,0.040825401253075,0.10333914689373815,0.09803479089861614,1180.688189182052,0.3776857778011123
1275,TYC_9340-437-1__2016-06-27__09-30-54,1,1,31.99947330396931,31.997104129765884,4.0854053345116235,4.200853757395198,57014.790692819195,34.44672912398786,0.043199554898931646,0.04367444726322297,0.10361563450175316,0.10696310620467388,1416.2189503645075,0.6514042025987872
1276,TYC_9482-121-1__2016-06-28__08-13-14,0,0,32.00940648084553,31.985268913972103,4.985362428327148,4.742585290652209,22772.507893538586,216.6234464840597,0.1336976131709915,0.13120116691732875,0.3454981628898589,0.32350381488155633,1463.5622774674628,1.0007654756096096
1277,TYC_9482-121-1__2016-06-28__08-13-14,0,1,31.994759984008663,31.989424793856525,4.337079181323293,4.031850355466744,55018.657898805155,-32.25695300506305,0.06204015577735217,0.05992876612847249,0.15453579317423852,0.1418990411875872,1898.9094654139758,0.34545489724797956
1278,TYC_9482-121-1__2016-06-28__08-13-14,1,0,32.00150803341134,31.988022308980923,5.017428975197412,4.823909011768496,25702.160969386754,35.30214903207027,0.0948560551476451,0.09326960737484032,0.24504164456006583,0.23242830222987085,1158.9624818979366,0.89464159602224
1279,TYC_9482-121-1__2016-06-28__08-13-14,1,1,31.997259399017402,31.989491229953135,4.473290062642606,4.158500499220349,58003.477280701474,-34.04106949643453,0.046165595742823626,0.04476864060919719,0.11595957234855807,0.10634095174640643,1447.1015479946043,0.2522960081601673
