obs_id,sep,pa,status,radius
2MASS_J06255610-6003273__2015-02-07__01-33-14,5931.911070268368,159.85225633967298,add_custom,12.0
2MASS_J07065772-5353463__2017-02-11__02-46-03,3411.988246685026,288.13975798515787,add_custom,12.0
2MASS_J14081015-4123525__2018-05-18__03-24-26,2469.5011471880416,13.279839930833248,add,125.0
2MASS_J20013718-3313139__2015-09-30__00-10-10,4724.174230162835,280.4917420757553,add_custom,16.006983322089052
HD_100453__2016-01-16__07-17-51,4618.177263131996,29.217262636584223,add_custom,12.0
HD_100453__2016-01-16__07-17-51,1061.7272758108627,130.86801652306576,add_custom,85.03470865417117
HD_100453__2016-01-16__07-17-51,1090.09,43.98,add_1_0,12.0
HD_100453__2016-01-21__05-34-59,1090.67,43.53,add_1_0,12.0
HD_100453__2016-01-21__05-34-59,1050.114187882721,132.07961747148454,add,76.8541023704806
HD_100453__2016-01-21__05-34-59,4606.35,28.95,add_1_0,12.0
HD_100453__2016-01-21__05-34-59,6475.92326993575,21.39797036201924,add_custom,12.0
HD_100453__2016-01-21__05-34-59,3089.93,162.8,add_1_0,12.0
HD_100546__2015-05-04__01-08-29,5135.634041805037,325.80505523660366,add,16.428879726593394
HD_100546__2015-05-04__01-08-29,4438.257566457197,189.81991118137643,add,12.0
HD_100546__2015-05-04__01-08-29,5450.489813214979,150.54501984225317,add,19.48678207640399
HD_100546__2015-05-04__01-08-29,3192.281694181849,188.8027798817081,add_custom,12.0
HD_100546__2015-05-29__23-49-24,4640.43,330.62,add_1_0,12.0
HD_100546__2015-05-29__23-49-24,5388.030421702573,31.222666912785257,add_custom,12.0
HD_100546__2015-05-29__23-49-24,6100.556814643932,31.11168707316699,add_custom,12.0
HD_100546__2015-05-29__23-49-24,5290.262237662662,60.22731737964557,add_custom,12.0
HD_100546__2015-05-29__23-49-24,5452.497010332607,150.51000033012394,add,19.495264858984463
HD_100546__2015-05-29__23-49-24,4439.362954634904,189.82502620307983,add,19.783785995235966
HD_100546__2015-05-29__23-49-24,6064.277303090667,33.566612577352146,add_custom,12.0
HD_100546__2015-05-29__23-49-24,3207.95,188.84,add_1_0,12.0
HD_100546__2015-05-29__23-49-24,6002.554889963683,31.27384700757807,add_custom,12.0
HD_100546__2015-05-29__23-49-24,5145.389294681686,325.8999720720853,add,16.828582365334736
HD_100546__2016-03-27__04-00-49,5114.612195616433,325.85015056857293,add,19.12188335320032
HD_100546__2016-03-27__04-00-49,5461.314979204855,150.28499856719486,add,21.24376322577372
HD_100546__2016-03-27__04-00-49,3204.6,188.86,add_0_1,12.0
HD_100546__2016-03-27__04-00-49,4436.164172308569,189.45498852048863,add,20.03507935890585
HD_100546__2016-05-31__23-41-26,5468.572874650693,149.98401839308497,add_custom,17.128906684111886
HD_100546__2016-05-31__23-41-26,5090.397417093121,326.1525995231775,add_custom,16.272509430260214
HD_100546__2016-05-31__23-41-26,3202.9,187.92,add_1_0,12.0
HD_100546__2016-05-31__23-41-26,6069.89,31.12,add_1_0,12.0
HD_100546__2016-05-31__23-41-26,4427.795340717189,189.0961609182232,add_custom,17.61611531299665
HD_100546__2018-03-29__04-14-54,6098.31,31.48,add_1_0,12.0
HD_100546__2018-03-29__04-14-54,4419.233855888845,188.40597853786244,add_custom,20.432187851380966
HD_100546__2018-03-29__04-14-54,5492.013002342701,149.51524199491018,add_custom,15.27523038354926
HD_100546__2018-03-29__04-14-54,3179.45,187.06,add_1_0,12.0
HD_100546__2018-03-29__04-14-54,5069.849306161227,326.6842008311792,add,19.26632890169302
HD_103599__2015-06-02__23-29-37,4395.04,359.92,add_0_0,12.0
HD_103599__2015-06-02__23-29-37,4524.802372896309,34.145653260865856,add_custom,12.0
HD_103599__2015-06-02__23-29-37,2352.754855878885,220.54477234879792,add_custom,12.0
HD_103599__2015-06-02__23-29-37,4864.8,250.37,B,12.0
HD_103599__2015-06-02__23-29-37,4384.25,179.99,B,12.0
HD_104125__2015-06-03__23-27-24,4271.1291421748165,60.47626270573232,add_custom,12.0
HD_104125__2015-06-03__23-27-24,6737.2,347.19,B,12.0
HD_104125__2015-06-03__23-27-24,5028.26,257.86,B,12.0
HD_104125__2015-06-03__23-27-24,3986.182827530996,357.2714866786553,add_custom,15.84692519906356
HD_104125__2015-06-03__23-27-24,2817.77,159.7,B,12.0
HD_104125__2015-06-03__23-27-24,4440.83224973443,53.09320020725784,add_custom,12.0
HD_104125__2015-06-03__23-27-24,4411.05106994181,101.3890045405808,add_custom,12.0
HD_104125__2015-06-03__23-27-24,5751.009900500765,278.86438298539133,add_custom,12.0
HD_104125__2015-06-03__23-27-24,2273.61,167.24,B,12.0
HD_104125__2015-06-03__23-27-24,3565.24697973444,191.26620157428408,add_custom,12.0
HD_104125__2015-06-03__23-27-24,237.27,300.89,FP,12.0
HD_104125__2016-03-30__04-41-34,2256.93,166.64,B,12.0
HD_104125__2016-03-30__04-41-34,4462.131897412193,53.04959828607832,add_custom,12.0
HD_104125__2016-03-30__04-41-34,4989.5626695399815,257.8837010428633,add_custom,12.0
HD_104125__2016-03-30__04-41-34,3542.55,191.23,B,12.0
HD_104125__2016-03-30__04-41-34,2808.13,159.11,B,12.0
HD_104125__2016-03-30__04-41-34,6137.108982306091,212.20080832155065,add_custom,12.0
HD_104125__2016-03-30__04-41-34,4291.034583939484,60.45654633832726,add_custom,12.0
HD_104125__2016-03-30__04-41-34,3993.249053014277,357.5013940728738,add_custom,12.0
HD_104125__2016-03-30__04-41-34,5729.92180420863,278.93737541752995,add_custom,12.0
HD_104125__2016-03-30__04-41-34,4417.0,101.17,B,64.0
HD_106048__2016-06-13__23-30-15,2395.9940294952894,107.21659226837288,add_custom,12.0
HD_106048__2016-06-13__23-30-15,5653.273268659364,272.9973868618764,add_custom,12.0
HD_106048__2017-05-07__01-28-26,5642.181564529181,273.07912537964387,add_custom,12.0
HD_106048__2017-05-07__01-28-26,132.13999999999984,15.2800000000002,edit_1_0,12.0
HD_106048__2017-05-07__01-28-26,2411.187293698337,106.72436909649645,add_custom,12.0
HD_106048__2017-05-07__01-28-26,6618.811270539223,73.43766129931896,add_custom,12.0
HD_106048__2017-05-07__01-28-26,4688.306364023657,164.34982059986783,add_custom,12.0
HD_106048__2017-05-07__01-28-26,4181.89,285.63,B,12.0
HD_106048__2018-03-30__03-48-28,6642.5153401396,73.43998907598115,add_custom,12.0
HD_106048__2018-03-30__03-48-28,4165.770111589179,285.83877000569674,add_custom,12.0
HD_106048__2018-03-30__03-48-28,4687.098160027364,164.1667500159473,add_custom,12.0
HD_106048__2018-03-30__03-48-28,5629.626777782321,273.2846895335811,add_custom,12.0
HD_106048__2018-03-30__03-48-28,2419.435494414633,106.43280745948675,add_custom,12.0
HD_106048__2018-03-30__03-48-28,117.04999999999993,31.22999999999979,edit_1_0,12.0
HD_107301__2015-06-05__23-37-34,4722.232575938531,104.16616588816623,add_custom,12.0
HD_107301__2015-06-05__23-37-34,4624.961990518812,8.880847872855952,add_custom,12.0
HD_107301__2015-06-05__23-37-34,4499.09,272.58,A,12.0
HD_107301__2015-06-05__23-37-34,4600.87,288.73,A,12.0
HD_107301__2015-06-05__23-37-34,4238.02,172.29,B,12.0
HD_107301__2015-06-05__23-37-34,5594.548051203295,105.24585367769458,add_custom,12.0
HD_107301__2015-06-05__23-37-34,7089.717606796047,330.67904743020904,add_custom,12.0
HD_107301__2015-06-05__23-37-34,2341.6935075399,138.7739092271098,add_custom,12.0
HD_107301__2015-06-05__23-37-34,3576.66,321.35,B,12.0
HD_107301__2015-06-05__23-37-34,3228.77,195.07,A,12.0
HD_107301__2015-06-05__23-37-34,2638.67,356.81,A,12.0
HD_107301__2015-06-05__23-37-34,4165.632263040999,160.05302909967975,add_custom,12.0
HD_107301__2015-06-05__23-37-34,4545.57,27.66,B,12.0
HD_107301__2015-06-05__23-37-34,5285.9,145.65,add_1_0,12.0
HD_107301__2015-06-05__23-37-34,4031.399681746203,159.401832149533,add_custom,12.0
HD_107301__2015-06-05__23-37-34,6419.837468866149,184.93316544874057,add_custom,12.0
HD_107301__2015-06-05__23-37-34,6172.3,293.55,B,12.0
HD_107301__2015-06-05__23-37-34,2759.88,268.05,A,12.0
HD_107301__2015-06-05__23-37-34,5533.35,71.52,A,12.0
HD_107301__2015-06-05__23-37-34,4959.72,197.4,A,12.0
HD_107301__2015-06-05__23-37-34,3923.24,276.91,A,12.0
HD_107301__2015-06-05__23-37-34,4164.539981483202,157.93314636817877,add_custom,12.0
HD_107301__2015-06-05__23-37-34,6625.04,136.37,A,12.0
HD_107301__2015-06-05__23-37-34,4422.9972901245455,124.06613355898526,add_custom,12.0
HD_107301__2015-06-05__23-37-34,6693.49,121.86,edit_0_1,12.0
HD_107301__2015-06-05__23-37-34,4748.13,245.24,A,12.0
HD_107301__2015-06-05__23-37-34,1082.37,51.1,A,12.0
HD_107301__2015-06-05__23-37-34,6245.977093549295,95.35403782616044,add_custom,12.0
HD_107301__2015-06-05__23-37-34,1489.13,302.72,A,12.0
HD_107301__2015-06-05__23-37-34,3069.16,295.11,A,12.0
HD_107301__2015-06-05__23-37-34,2930.01,169.48,A,12.0
HD_107301__2015-06-05__23-37-34,6015.385169046259,107.88511343359596,add_custom,12.0
HD_107301__2015-06-05__23-37-34,6139.52,154.68,add_1_0,12.0
HD_107301__2015-06-05__23-37-34,6458.747925405441,86.2363922913961,add_custom,12.0
HD_107301__2015-06-05__23-37-34,6737.68,212.54,A,64.0
HD_107301__2016-01-19__06-40-27,4234.93,172.34,B,12.0
HD_107301__2016-01-19__06-40-27,5549.28,71.49,A,12.0
HD_107301__2016-01-19__06-40-27,2653.88,357.1,A,12.0
HD_107301__2016-01-19__06-40-27,6626.54,136.38,A,12.0
HD_107301__2016-01-19__06-40-27,4025.66,159.62,A,12.0
HD_107301__2016-01-19__06-40-27,3922.27,277.21,A,12.0
HD_107301__2016-01-19__06-40-27,6238.67,95.42,A,12.0
HD_107301__2016-01-19__06-40-27,6009.85,108.0,B,12.0
HD_107301__2016-01-19__06-40-27,2921.8,169.45,A,12.0
HD_107301__2016-01-19__06-40-27,3586.22,321.68,B,12.0
HD_107301__2016-01-19__06-40-27,3070.59,295.48,A,12.0
HD_107301__2016-01-19__06-40-27,2756.17,268.42,A,12.0
HD_107301__2016-01-19__06-40-27,4636.82,8.94,B,12.0
HD_107301__2016-01-19__06-40-27,4742.5,245.46,A,12.0
HD_107301__2016-01-19__06-40-27,5589.24,105.3,B,12.0
HD_107301__2016-01-19__06-40-27,6175.310998207483,293.8050888494489,add_custom,12.0
HD_107301__2016-01-19__06-40-27,4602.08,289.01,A,12.0
HD_107301__2016-01-19__06-40-27,3215.842740721302,194.96874225625783,add_custom,12.0
HD_107301__2016-01-19__06-40-27,4954.49,197.5,A,12.0
HD_107301__2016-01-19__06-40-27,1095.4,50.81,A,12.0
HD_107301__2016-01-19__06-40-27,4156.53,160.27,A,12.0
HD_107301__2016-01-19__06-40-27,1474.9199999999996,304.29,edit_0_1,12.0
HD_107301__2016-01-19__06-40-27,4419.19,124.25,A,12.0
HD_107301__2016-01-19__06-40-27,4717.47,104.18,A,12.0
HD_107301__2016-01-19__06-40-27,4496.97,272.85,A,12.0
HD_107301__2016-01-19__06-40-27,6756.58,212.6,A,12.0
HD_107301__2016-01-19__06-40-27,4158.06,158.23,B,12.0
HD_107301__2016-01-19__06-40-27,2331.88,139.06,A,12.0
HD_107301__2016-01-19__06-40-27,6719.01,233.1,U,12.0
HD_107301__2016-01-19__06-40-27,6665.6,121.11,A,12.0
HD_107301__2016-01-19__06-40-27,4569.99,27.74,B,12.0
HD_107821__2015-02-04__08-27-21,2420.734243173491,174.07650393727727,add_custom,12.0
HD_107821__2015-02-04__08-27-21,6053.174857930049,191.2292321385888,add_custom,12.0
HD_107821__2015-02-04__08-27-21,6763.46,269.93,edit_1_0,12.0
HD_107821__2015-02-04__08-27-21,2096.77,115.62,B,12.0
HD_107821__2015-02-04__08-27-21,6542.297059858979,340.82740852284604,add_custom,12.0
HD_107821__2015-02-04__08-27-21,3772.336106183232,279.58982819423034,add_custom,12.0
HD_107821__2015-02-04__08-27-21,5893.03,22.84,B,12.0
HD_107821__2015-02-04__08-27-21,4624.886792356285,310.4131402893893,add_custom,12.0
HD_107821__2015-02-04__08-27-21,875.5406084325859,290.9339782328305,add_custom,12.0
HD_107821__2015-02-04__08-27-21,2141.847479684476,224.3510017671776,add_custom,22.814589908620498
HD_107821__2015-02-04__08-27-21,5962.411977715669,98.0218279524522,add_custom,12.0
HD_107821__2015-02-04__08-27-21,1829.1689984720872,216.68565248908783,add_custom,12.0
HD_107821__2015-02-04__08-27-21,4777.533776123087,348.66704456593,add_custom,12.0
HD_107821__2015-02-04__08-27-21,4681.406890027579,252.70154321623767,add_custom,12.0
HD_107821__2015-02-04__08-27-21,4807.658681555831,320.1601913223806,add_custom,12.0
HD_107821__2015-02-04__08-27-21,5213.78199312246,349.6262955907147,add_custom,12.0
HD_107821__2015-02-04__08-27-21,4166.815041231277,27.87879117812952,add_custom,12.0
HD_107821__2015-02-04__08-27-21,5235.86,327.06,B,12.0
HD_107821__2015-02-04__08-27-21,5944.66,264.13,B,12.0
HD_107821__2015-02-04__08-27-21,4617.61,14.55,B,26.726410145528963
HD_107821__2015-02-04__08-27-21,2690.039075761756,175.88868881049825,add_custom,12.0
HD_107821__2015-02-04__08-27-21,6440.9043334709695,15.53021038984707,add_custom,12.0
HD_107821__2015-02-04__08-27-21,5898.307078960721,346.79983588524726,add_custom,12.0
HD_107821__2015-02-04__08-27-21,5624.156461707215,190.1165052719116,add_custom,12.0
HD_107821__2015-02-04__08-27-21,1601.4281538148225,266.0231709900071,add_custom,12.0
HD_107821__2015-02-04__08-27-21,1735.5335208262277,289.458846980784,add_custom,12.0
HD_107821__2015-02-04__08-27-21,6872.42719623647,173.65649344560973,add,12.0
HD_107821__2015-02-04__08-27-21,5097.67636331697,69.62742857618588,add_custom,12.0
HD_107821__2015-02-04__08-27-21,6397.850053573608,99.71026088456586,add_custom,12.0
HD_107821__2015-02-04__08-27-21,2157.8266088813875,71.2358722841542,add_custom,12.0
HD_107821__2015-02-04__08-27-21,6271.252845938192,137.5931980044113,add_custom,28.088190727842573
HD_107821__2015-02-04__08-27-21,5739.37,3.61,B,12.0
HD_107821__2015-02-04__08-27-21,3734.104562567952,262.85214055484744,add_custom,12.0
HD_107821__2015-02-04__08-27-21,1699.7916436303817,74.66379821752241,add_custom,21.56910094582546
HD_107821__2015-02-04__08-27-21,3827.313530964034,269.52884330636823,add_custom,12.0
HD_107821__2015-02-04__08-27-21,3413.656933941779,169.12924874225155,add_custom,12.0
HD_107821__2015-02-04__08-27-21,4199.159284364818,185.0173590835425,add_custom,12.0
HD_107821__2015-02-04__08-27-21,5517.4,323.26,B,12.0
HD_107821__2015-02-04__08-27-21,5245.119851665002,139.21552172014128,add_custom,12.0
HD_107821__2015-02-04__08-27-21,3941.687870504275,169.40871697516673,add_custom,12.0
HD_107821__2015-02-04__08-27-21,4938.630131307577,327.528501739204,add_custom,12.0
HD_107821__2015-02-04__08-27-21,7212.777112535885,109.5235073067139,add_custom,20.81235137574589
HD_107821__2015-02-04__08-27-21,3992.039234840625,327.14729142537385,add_custom,12.0
HD_107821__2015-02-04__08-27-21,3061.4011889816707,287.472135887416,add_custom,12.0
HD_107821__2015-02-04__08-27-21,5721.44,84.58,B,12.0
HD_107821__2015-02-04__08-27-21,5846.520457239668,188.9936066317593,add_custom,12.0
HD_107821__2015-02-04__08-27-21,1572.1104460543534,245.39053925065903,add_custom,12.0
HD_107821__2015-02-04__08-27-21,1393.8267614927456,76.26258181946872,add_custom,12.0
HD_107821__2015-02-04__08-27-21,3430.929096741861,275.1128304459907,add_custom,12.0
HD_107821__2015-02-04__08-27-21,2325.4485108700983,251.64685653272227,add_custom,12.0
HD_107821__2015-02-04__08-27-21,3386.382515079076,145.54435149588244,add_custom,17.646505076947562
HD_107821__2015-02-04__08-27-21,6300.581485275496,8.38569906703043,add_custom,12.0
HD_107821__2015-02-04__08-27-21,6135.285457752995,204.6314921245896,add_custom,12.0
HD_107821__2015-02-04__08-27-21,5521.866744390242,192.85468374786112,add_custom,12.0
HD_107821__2015-02-04__08-27-21,1668.9477245548187,43.3879854207874,add_custom,12.0
HD_107821__2015-02-04__08-27-21,7071.799206220555,114.81353102235494,add_custom,12.0
HD_107821__2015-02-04__08-27-21,7112.31,176.69,add_0_1,12.0
HD_107821__2015-02-04__08-27-21,5930.37880805375,126.08851106070811,add_custom,12.0
HD_107821__2015-02-04__08-27-21,2634.66,298.06,B,12.0
HD_107821__2015-02-04__08-27-21,2152.61,11.01,add_0_1,12.0
HD_107821__2015-02-04__08-27-21,2465.643189400579,154.86562217281278,add_custom,12.0
HD_107821__2015-02-04__08-27-21,2478.01,215.6,add_1_0,12.0
HD_107821__2015-02-04__08-27-21,3742.006245406423,327.64216012496024,add_custom,12.0
HD_107821__2015-02-04__08-27-21,1911.24,358.37,add_0_1,12.0
HD_107821__2015-02-04__08-27-21,4678.569368640192,345.65556882531007,add_custom,12.0
HD_107821__2015-02-04__08-27-21,5550.305344292623,57.31785837849969,add_custom,12.0
HD_107821__2015-02-04__08-27-21,6433.001466277364,328.68539355200124,add,12.0
HD_107821__2015-02-04__08-27-21,3887.977696065025,167.69005981421128,add_custom,12.0
HD_107821__2015-02-04__08-27-21,4238.719770024011,281.3591871367855,add_custom,12.0
HD_107821__2015-02-04__08-27-21,3325.24,48.27,B,12.0
HD_107821__2015-02-04__08-27-21,6275.742847071114,320.9505650075453,add,12.0
HD_107821__2015-02-04__08-27-21,7066.188896496208,273.3499169992272,add,12.0
HD_107821__2015-02-04__08-27-21,5974.914637457111,178.45796726414983,add_custom,12.0
HD_107821__2015-02-04__08-27-21,5791.415596588124,74.71409321660184,add_custom,12.0
HD_107821__2015-02-04__08-27-21,6060.802857390817,178.121664546052,add_custom,12.0
HD_107821__2015-02-04__08-27-21,5483.894416500504,345.1975089657945,add_custom,12.0
HD_107821__2015-02-04__08-27-21,4359.105725180159,27.966176213133394,add_custom,12.0
HD_107821__2015-02-04__08-27-21,866.5444845615116,325.49050539970585,add_custom,12.0
HD_107821__2015-02-04__08-27-21,5888.45,158.42,B,12.0
HD_107821__2015-02-04__08-27-21,3413.5516451413955,233.6346077721485,add_custom,12.0
HD_107821__2015-02-04__08-27-21,3056.326086878704,182.5252493709933,add_custom,12.0
HD_109573__2015-02-03__08-45-39,4419.0,327.98,FP,12.0
HD_109573__2015-02-03__08-45-39,4374.568008574934,327.0005704277492,add_custom,32.05842330999965
HD_113457__2016-04-17__04-19-01,1763.82,343.68,U,12.0
HD_113457__2016-04-17__04-19-01,3686.95,170.68,B,12.0
HD_113457__2016-04-17__04-19-01,5347.14,193.28,B,12.0
HD_113457__2016-04-17__04-19-01,6968.55,86.16,B,12.0
HD_113457__2016-04-17__04-19-01,2168.51,51.65,U,12.0
HD_113457__2016-04-17__04-19-01,4470.84,56.58,U,12.0
HD_113457__2016-04-17__04-19-01,7644.97,80.93,add_1_0,12.0
HD_113457__2016-04-17__04-19-01,5926.77,178.09,U,12.0
HD_113457__2016-04-17__04-19-01,3883.38,291.07,B,12.0
HD_113457__2016-04-17__04-19-01,7448.240000000001,359.34,edit_1_0,12.0
HD_113457__2016-04-17__04-19-01,3472.15,62.56,U,12.0
HD_113457__2016-04-17__04-19-01,6661.39,154.37,B,12.0
HD_113457__2016-04-17__04-19-01,3096.21,59.58,U,12.0
HD_113457__2016-04-17__04-19-01,3570.32,4.8,U,12.0
HD_113457__2016-04-17__04-19-01,4983.39,349.94,U,12.0
HD_113457__2016-04-17__04-19-01,4705.4174376445935,8.437011483672336,add_custom,12.0
HD_113457__2016-04-17__04-19-01,5949.95,288.35,B,12.0
HD_113457__2016-04-17__04-19-01,2685.99,126.58,U,12.0
HD_113457__2016-04-17__04-19-01,1926.34,184.64,U,12.0
HD_113457__2016-04-17__04-19-01,4398.06,193.48,B,12.0
HD_113457__2016-04-17__04-19-01,5666.05,144.3,B,12.0
HD_113457__2016-04-17__04-19-01,4668.8839149201,70.70395276384318,add_custom,12.0
HD_113457__2016-04-17__04-19-01,4321.68,149.82,B,12.0
HD_113457__2016-04-17__04-19-01,4625.775607378419,212.27334866012924,add_custom,18.09633717604564
HD_113457__2016-04-17__04-19-01,6352.21,341.49,B,12.0
HD_113457__2016-04-17__04-19-01,5988.3,150.38,U,12.0
HD_113457__2016-04-17__04-19-01,5680.93,180.29,U,12.0
HD_113457__2016-04-17__04-19-01,5403.319562489156,103.22259595949087,add_custom,12.0
HD_113457__2016-04-17__04-19-01,4820.0,185.89,U,12.0
HD_113457__2016-04-17__04-19-01,5682.17,204.56,B,12.0
HD_113457__2016-04-17__04-19-01,4747.298944100719,91.10732109655902,add_custom,12.0
HD_113457__2016-04-17__04-19-01,6040.51,14.02,U,12.0
HD_113457__2016-04-17__04-19-01,5556.5,321.83,U,12.0
HD_113457__2016-04-17__04-19-01,6893.320000000001,86.86000000000001,edit_0_1,12.0
HD_113457__2016-04-17__04-19-01,3060.96,306.38,U,12.0
HD_113457__2016-04-17__04-19-01,6276.44,271.97,B,12.0
HD_113457__2016-04-17__04-19-01,2777.16,270.44,B,12.0
HD_113457__2016-04-17__04-19-01,3794.26,12.78,B,12.0
HD_113457__2016-04-17__04-19-01,4666.193707464891,18.15991307773476,add_custom,37.69074707470036
HD_113457__2016-04-17__04-19-01,5157.15,98.35,B,12.0
HD_113457__2016-04-17__04-19-01,6036.0607932255525,187.8849311292376,add_custom,12.0
HD_113457__2016-04-17__04-19-01,5286.36,352.44,U,12.0
HD_113457__2016-04-17__04-19-01,6399.511223171811,85.5169173591297,add_custom,12.0
HD_113457__2016-04-17__04-19-01,3916.15,218.57,U,12.0
HD_113457__2016-04-17__04-19-01,4997.54,120.58,U,12.0
HD_113457__2016-04-17__04-19-01,2921.65,111.68,U,12.0
HD_113457__2016-04-17__04-19-01,5752.02,322.42,B,12.0
HD_113457__2016-04-17__04-19-01,4351.429625642525,100.46916736408748,add_custom,12.0
HD_113457__2016-04-17__04-19-01,1124.63,269.05,U,12.0
HD_113457__2016-04-17__04-19-01,4636.35,62.92,B,12.0
HD_113457__2016-04-17__04-19-01,3412.59,289.1,B,12.0
HD_113457__2016-04-17__04-19-01,4407.82,220.31,B,12.0
HD_113457__2016-04-17__04-19-01,6572.883781707895,82.52892398793477,add_custom,12.0
HD_113457__2016-04-17__04-19-01,1773.96,168.09,U,12.0
HD_113457__2016-04-17__04-19-01,5426.02,98.2,B,12.0
HD_113457__2016-04-17__04-19-01,4346.59,113.62,B,12.0
HD_113457__2016-04-17__04-19-01,7287.932142122552,116.46522651729116,add_custom,12.0
HD_113457__2016-04-17__04-19-01,4472.79,200.2,U,12.0
HD_113457__2016-04-17__04-19-01,6127.3,325.39,U,12.0
HD_113457__2016-04-17__04-19-01,4177.38,120.66,U,27.40097150240629
HD_113457__2016-04-17__04-19-01,3096.8100000000004,31.629999999999995,edit_0_1,12.0
HD_113457__2016-04-17__04-19-01,4567.4,355.72,U,12.0
HD_113457__2016-04-17__04-19-01,3941.02,203.29,U,12.0
HD_113457__2016-04-17__04-19-01,5068.18,64.09,B,12.0
HD_113457__2016-04-17__04-19-01,1861.4200000000003,170.0,edit_0_1,12.0
HD_113457__2016-04-17__04-19-01,6659.18,267.35,B,12.0
HD_113457__2016-04-17__04-19-01,3675.03,156.12,B,12.0
HD_113457__2016-04-17__04-19-01,6200.119999999998,2.930000000000007,edit_0_1,41.76860183967123
HD_113457__2016-04-17__04-19-01,5279.76,250.12,U,12.0
HD_113457__2016-04-17__04-19-01,4502.55,186.09,U,12.0
HD_113457__2016-04-17__04-19-01,3223.62,293.58,B,12.0
HD_113457__2016-04-17__04-19-01,4162.31,204.52,B,12.0
HD_113457__2016-04-17__04-19-01,3215.32,247.56,B,12.0
HD_113457__2016-04-17__04-19-01,3558.36,271.86,B,12.0
HD_113457__2016-04-17__04-19-01,4225.232241025291,359.0876219389997,add_custom,12.0
HD_113457__2016-04-17__04-19-01,6349.22,148.82,B,12.0
HD_113457__2016-04-17__04-19-01,6079.089999999998,304.72,edit_0_0,46.2203027020588
HD_113457__2016-04-17__04-19-01,2917.1,278.6,B,12.0
HD_113457__2016-04-17__04-19-01,5214.32,185.38,B,12.0
HD_113457__2016-04-17__04-19-01,5147.05,181.58,B,12.0
HD_113457__2016-04-17__04-19-01,5385.48,32.74,U,12.0
HD_113457__2016-04-17__04-19-01,2304.55,221.27,B,12.0
HD_113457__2016-04-17__04-19-01,4059.51,16.81,U,12.0
HD_113457__2016-04-17__04-19-01,3348.17,229.05,U,12.0
HD_113457__2016-04-17__04-19-01,5754.89,186.76,B,12.0
HD_113457__2016-04-17__04-19-01,5478.18,357.29,B,12.0
HD_113457__2016-04-17__04-19-01,2754.18,221.52,U,12.0
HD_113457__2016-04-17__04-19-01,4918.63,116.06,U,12.0
HD_113457__2016-04-17__04-19-01,3639.32,22.0,U,12.0
HD_113457__2016-04-17__04-19-01,1965.269286891512,77.7425394781136,add_custom,19.481602899481043
HD_113457__2016-04-17__04-19-01,5184.77,213.9,B,12.0
HD_113457__2016-04-17__04-19-01,4225.36,87.27,B,12.0
HD_113457__2016-04-17__04-19-01,3024.96,154.23,U,12.0
HD_113457__2016-04-17__04-19-01,5084.7623317078605,41.15025705153517,add_custom,12.0
HD_113457__2016-04-17__04-19-01,4495.790000000001,140.97000000000003,edit_0_1,12.0
HD_113457__2016-04-17__04-19-01,5848.89,353.57,B,12.0
HD_113457__2016-04-17__04-19-01,7021.24,14.16,U,64.0
HD_113457__2016-04-17__04-19-01,6902.42,7.2,U,12.0
HD_113457__2016-04-17__04-19-01,5919.21,105.35,B,12.0
HD_113457__2016-04-17__04-19-01,4449.79,11.87,U,12.0
HD_113457__2016-04-17__04-19-01,3429.87,239.36,add_1_0,12.0
HD_113457__2016-04-17__04-19-01,1653.05,93.37,B,12.0
HD_113457__2016-04-17__04-19-01,6036.87,309.24,add_1_0,12.0
HD_113457__2016-04-17__04-19-01,5180.84,132.81,U,12.0
HD_115383__2015-05-06__03-19-20,2504.9349904619685,323.555011786733,add,12.0
HD_115383__2015-06-03__01-11-22,2495.35439190082,323.49990165726325,add,12.0
HD_115383__2015-06-05__01-31-11,2491.664914612026,323.52498979597954,add,12.0
HD_115383__2015-06-07__01-38-47,2492.9083958060205,323.4148954434329,add,12.0
HD_115383__2016-03-29__05-49-19,2490.8999146384463,322.4749747079363,add,12.0
HD_115383__2017-02-10__08-50-22,2489.376608495894,321.7647063835517,add_custom,12.0
HD_115383__2018-04-13__04-58-18,2496.9861663786546,320.48221570556103,add_custom,12.0
HD_115470__2016-04-01__05-36-30,5684.2,161.23,B,12.0
HD_115470__2016-04-01__05-36-30,5991.2,201.71,B,12.0
HD_115470__2016-04-01__05-36-30,5855.41,202.71,B,12.0
HD_115470__2016-04-01__05-36-30,1269.3,311.7,C,64.0
HD_115470__2017-02-08__08-45-15,1271.32,311.85,C,39.84085553241224
HD_115470__2017-02-08__08-45-15,5723.58,160.96,add_1_0,12.0
HD_115470__2017-02-08__08-45-15,5973.390975871108,201.40298853096192,add_custom,24.412723803734742
HD_115600__2015-06-04__01-05-14,3345.1908209887347,322.8619835703439,add_custom,12.0
HD_115600__2015-06-04__01-05-14,6113.63,298.09,B,12.0
HD_115600__2015-06-04__01-05-14,5321.38,355.49,U,12.0
HD_115600__2015-06-04__01-05-14,1655.02,144.84,U,12.0
HD_115600__2015-06-04__01-05-14,4670.68,317.16,B,12.0
HD_115600__2015-06-04__01-05-14,5441.93,135.1,U,12.0
HD_115600__2015-06-04__01-05-14,4713.82,39.3,B,12.0
HD_115600__2015-06-04__01-05-14,3520.242108262669,340.1557741709711,add_custom,16.157309794809372
HD_115600__2015-06-04__01-05-14,1171.75,63.27,B,12.0
HD_115600__2015-06-04__01-05-14,6735.05,101.8,B,25.56737374732212
HD_115600__2015-06-04__01-05-14,3582.5958000366068,190.08896235136783,add_custom,16.643177688003917
HD_115600__2015-06-04__01-05-14,6340.8,63.85,add_1_0,12.0
HD_115600__2015-06-04__01-05-14,6245.78,159.84,B,12.0
HD_115600__2015-06-04__01-05-14,2162.94,272.96,B,12.0
HD_115600__2015-06-04__01-05-14,2613.03,103.76,B,12.0
HD_115600__2015-06-04__01-05-14,3993.06,301.54,B,12.0
HD_115600__2015-06-04__01-05-14,5803.71,290.95,B,24.61644105359457
HD_115600__2015-06-04__01-05-14,4060.193264091963,122.76170351685369,add_custom,12.0
HD_115600__2015-06-04__01-05-14,2888.12,3.92,B,12.0
HD_115600__2015-06-04__01-05-14,3372.64,63.8,B,64.0
HD_115600__2015-06-04__01-05-14,4946.49,46.03,B,12.0
HD_115600__2015-06-04__01-05-14,5317.230216843959,79.79337365369707,add_custom,12.0
HD_115600__2015-06-04__01-05-14,3613.99,328.7,B,12.0
HD_115600__2015-06-04__01-05-14,2831.18,306.86,B,12.0
HD_115600__2015-06-04__01-05-14,3897.538488358197,210.82722095787776,add_custom,12.0
HD_115600__2015-06-04__01-05-14,5017.69,89.04,B,12.0
HD_115600__2015-06-04__01-05-14,4021.584880425996,134.40275629797986,add_custom,12.0
HD_115600__2015-06-04__01-05-14,5452.75,162.67,B,12.0
HD_115600__2015-06-04__01-05-14,5053.1,87.93,B,12.0
HD_115600__2015-06-04__01-05-14,5773.65,294.97,B,12.0
HD_115600__2015-06-04__01-05-14,3452.848972165387,209.3815907061512,add_custom,12.0
HD_115600__2015-06-04__01-05-14,4296.207061756249,155.27379644191,add_custom,12.0
HD_115600__2015-06-04__01-05-14,2972.8277560266847,218.19204061304467,add_custom,12.0
HD_115600__2015-06-04__01-05-14,6198.76,257.52,add_1_0,12.0
HD_115600__2015-06-04__01-05-14,2586.674082138511,290.4392188519283,add_custom,12.0
HD_115600__2015-06-04__01-05-14,1048.406586086322,211.60175156290103,add_custom,12.0
HD_115600__2015-06-04__01-05-14,6160.43,133.5,U,12.0
HD_115600__2015-06-04__01-05-14,3770.51,104.86,B,12.0
HD_115600__2015-06-04__01-05-14,1345.62,203.41,B,12.0
HD_115600__2015-06-04__01-05-14,6837.300542218294,81.95273258053635,add_custom,12.0
HD_115600__2015-06-04__01-05-14,5520.39,241.59,B,12.0
HD_115600__2015-06-04__01-05-14,1870.76,222.68,B,12.0
HD_115600__2017-05-08__02-57-36,4070.668515426173,121.97713136806158,add_custom,12.0
HD_115600__2017-05-08__02-57-36,4022.974590370436,133.5628966675846,add_custom,12.0
HD_115600__2017-05-08__02-57-36,2129.91,273.94,B,12.0
HD_115600__2017-05-08__02-57-36,2929.9,4.81,B,12.0
HD_115600__2017-05-08__02-57-36,2821.43,307.88,B,12.0
HD_115600__2017-05-08__02-57-36,5365.02,79.38,B,12.0
HD_115600__2017-05-08__02-57-36,5756.0357003937015,291.35436316342305,add_custom,12.0
HD_115600__2017-05-08__02-57-36,1293.481920831964,201.3019152694456,add_custom,12.0
HD_115600__2017-05-08__02-57-36,3536.8385871491223,189.4429566088945,add_custom,12.0
HD_115600__2017-05-08__02-57-36,6268.329999999999,159.16999999999996,edit_0_1,12.0
HD_115600__2017-05-08__02-57-36,5014.669993685416,46.13966659860563,add_custom,12.0
HD_115600__2017-05-08__02-57-36,3575.05,330.23,edit_1_0,12.0
HD_115600__2017-05-08__02-57-36,5069.63,88.59,B,12.0
HD_115600__2017-05-08__02-57-36,1227.38,62.53,B,12.0
HD_115600__2017-05-08__02-57-36,3813.4112757802886,104.04172339304064,add_custom,12.0
HD_115600__2017-05-08__02-57-36,2925.622152788585,217.76665162601816,add_custom,12.0
HD_115600__2017-05-08__02-57-36,5106.9,87.48,B,12.0
HD_115600__2017-05-08__02-57-36,6685.63,101.45,B,64.0
HD_115600__2017-05-08__02-57-36,1816.12,222.19,B,12.0
HD_115600__2017-05-08__02-57-36,6095.66,298.47,B,12.0
HD_115600__2017-05-08__02-57-36,982.426218801747,209.37416214943204,add_custom,12.0
HD_115600__2017-05-08__02-57-36,6917.030000000001,82.0,edit_0_1,12.0
HD_115600__2017-05-08__02-57-36,3550.15,340.81,B,12.0
HD_115600__2017-05-08__02-57-36,2747.17,102.86,edit_1_0,12.0
HD_115600__2017-05-08__02-57-36,3841.5171130154513,210.3681323121604,add_custom,12.0
HD_115600__2017-05-08__02-57-36,4782.3555514418495,39.53467070921141,add_custom,12.0
HD_115600__2017-05-08__02-57-36,5486.07,161.56000000000006,edit_0_1,12.0
HD_115600__2017-05-08__02-57-36,3413.36,209.17,B,12.0
HD_115600__2017-05-08__02-57-36,3451.51,63.88999999999999,edit_0_1,30.0
HD_115600__2017-05-08__02-57-36,4279.89,154.68,B,12.0
HD_115600__2017-05-08__02-57-36,5736.074422799186,295.37422065008235,add_custom,12.0
HD_115600__2017-05-08__02-57-36,4663.43,317.86,B,12.0
HD_116434__2016-05-31__01-33-30,841.2336533361553,149.50097524774958,add_custom,12.0
HD_116434__2016-05-31__01-33-30,2497.09,117.35,B,12.0
HD_116434__2016-05-31__01-33-30,6751.67,304.22,B,12.0
HD_116434__2016-06-26__23-59-43,3966.731852743549,308.18353839143685,add_custom,12.0
HD_116434__2016-06-26__23-59-43,6758.39,304.28,B,12.0
HD_116434__2016-06-26__23-59-43,2517.3227982159774,117.11305987192782,add_custom,12.0
HD_116434__2016-06-26__23-59-43,828.85,150.17,C,12.0
HD_116434__2017-02-07__08-36-46,5415.060711204347,261.28648135889927,add_custom,12.0
HD_116434__2017-02-07__08-36-46,3966.794217702384,308.33192637986105,add_custom,12.0
HD_116434__2017-02-07__08-36-46,833.7847197504566,149.29530997630297,add_custom,12.0
HD_116434__2017-02-07__08-36-46,6744.2042554769,155.48956274865122,add_custom,12.0
HD_116434__2017-02-07__08-36-46,2498.509442203409,116.79513692181912,add_custom,12.0
HD_116434__2017-02-09__08-53-33,3977.94,308.29,B,12.0
HD_116434__2017-02-09__08-53-33,6754.54,155.66,B,12.0
HD_116434__2017-02-09__08-53-33,2488.7,116.89,B,12.0
HD_116434__2017-02-09__08-53-33,5431.55,261.3,B,12.0
HD_116434__2017-02-09__08-53-33,827.08,150.06,C,12.0
HD_116434__2018-05-13__03-08-58,6728.238977094605,304.7975576040537,add_custom,12.0
HD_116434__2018-05-13__03-08-58,824.18,149.87,B,12.0
HD_118588__2015-05-15__02-41-39,4785.359999999999,85.68,edit_1_0,12.0
HD_118588__2015-05-15__02-41-39,3590.29,87.8,B,12.0
HD_118588__2015-05-15__02-41-39,5930.46,139.81,edit_1_0,12.0
HD_118588__2015-05-15__02-41-39,4863.95,213.15,B,12.0
HD_118588__2015-05-15__02-41-39,4273.290000000002,273.48,edit_0_1,12.0
HD_118588__2015-05-15__02-41-39,3679.99,92.0,edit_0_1,12.0
HD_118697__2016-06-02__02-08-17,5292.28163893711,216.37878475479224,add_custom,18.28009531210033
HD_118697__2016-06-02__02-08-17,7384.856325857106,10.386653651846188,add_custom,12.0
HD_118697__2016-06-02__02-08-17,7079.386707074157,115.07909039621684,add_custom,22.784258773906448
HD_118697__2016-06-02__02-08-17,4311.09,292.76,U,12.0
HD_118697__2016-06-02__02-08-17,7199.314890873234,170.32462746617034,add_custom,12.0
HD_118697__2016-06-02__02-08-17,4854.163424579878,100.11996229704424,add_custom,12.0
HD_118697__2016-06-02__02-08-17,2109.24,96.49,U,12.0
HD_118697__2016-06-02__02-08-17,4072.86,262.41,U,12.0
HD_118697__2016-06-02__02-08-17,5240.196802178264,84.4912825021101,add_custom,12.0
HD_118697__2016-06-02__02-08-17,5965.463367138713,19.543088286400348,add_custom,12.0
HD_118697__2016-06-02__02-08-17,2818.29,258.12,U,12.0
HD_118697__2016-06-02__02-08-17,6033.533961206209,207.60765263061336,add_custom,12.0
HD_118697__2016-06-02__02-08-17,6631.38,135.18,U,12.0
HD_118697__2016-06-02__02-08-17,5216.46049114868,55.77766660911175,add_custom,12.0
HD_118697__2016-06-02__02-08-17,6875.397483598674,30.203908079714893,add_custom,12.0
HD_122705__2015-03-31__05-47-53,5516.276476785663,137.02555773991412,add_custom,28.11263455527839
HD_122705__2015-03-31__05-47-53,6954.25466638816,321.5777702735268,add_custom,12.0
HD_122705__2015-03-31__05-47-53,1934.16,239.97,edit_0_1,12.0
HD_122705__2015-03-31__05-47-53,5598.656230812435,36.03469696601076,add_custom,12.0
HD_122705__2015-03-31__05-47-53,5551.6752088593685,137.869360843398,add_custom,30.00830544400961
HD_122705__2016-03-30__06-08-16,1941.9100000000003,238.72,edit_0_1,12.0
HD_122705__2016-03-30__06-08-16,5568.530359559873,137.73931299017323,add_custom,31.71774910894906
HD_122705__2016-03-30__06-08-16,5514.32,137.05,B,24.01638474982502
HD_122705__2016-03-30__06-08-16,5514.32,137.05,B,12.0
HD_122705__2016-03-30__06-08-16,5602.57,36.17,B,12.0
HD_122705__2016-03-30__06-08-16,6909.42,166.35,add_0_1,12.0
HD_128819__2016-04-17__06-04-03,5993.380863637828,69.98049472614451,add_custom,12.0
HD_128819__2016-04-17__06-04-03,2080.64,221.91,B,12.0
HD_128819__2016-04-17__06-04-03,6194.87025159806,8.802026022923826,add_custom,12.0
HD_128819__2017-03-19__07-35-26,6217.99,8.8,B,12.0
HD_128819__2017-03-19__07-35-26,2052.386408987524,221.8296995954918,add_custom,12.0
HD_128819__2017-03-19__07-35-26,5993.53,69.74,B,12.0
HD_131399__2016-05-07__04-28-37,859.1248400298648,194.6265731414728,add,12.0
HD_131399__2016-05-07__04-28-37,3142.677937086868,221.92970497100444,add,200.0
HD_131835__2015-05-14__04-10-05,6105.588912166711,304.6024482649321,add_custom,18.006712919007654
HD_131835__2015-05-14__04-10-05,5493.162767779146,20.99200019583202,add_custom,12.0
HD_131835__2015-05-14__04-10-05,5903.944660714467,23.650806557778367,add_custom,12.0
HD_133803__2016-04-21__05-24-48,105.2999999999998,287.1499999999998,edit_0_1,12.0
HD_133803__2016-06-28__01-37-21,108.10999999999942,287.8699999999997,edit_0_1,12.0
HD_138204__2016-03-29__07-23-28,6109.973339863383,33.877576798114205,add_custom,12.0
HD_138204__2016-03-29__07-23-28,4251.1708855512015,179.3654523413244,add_custom,12.0
HD_138204__2016-03-29__07-23-28,5873.552577835676,352.38686760608914,add_custom,12.0
HD_138204__2016-03-29__07-23-28,5644.7,346.37,B,12.0
HD_140840__2016-04-21__07-08-29,4932.4280094078695,268.1934495061249,add_custom,12.0
HD_140840__2016-04-21__07-08-29,5415.113738459107,95.06560744208817,add_custom,12.0
HD_140840__2016-04-21__07-08-29,3582.1830315364464,155.41888542889308,add_custom,12.0
HD_140840__2016-04-21__07-08-29,654.4513653380723,340.78462487658555,add_custom,12.0
HD_141190__2015-03-31__08-08-20,2311.08,218.94,B,12.0
HD_141190__2015-03-31__08-08-20,2301.65,218.96,B,12.0
HD_141190__2015-06-09__03-06-49,2311.08,218.94,B,12.0
HD_141190__2015-06-09__03-06-49,2301.65,218.96,B,12.0
HD_141943__2016-05-25__03-43-09,6623.11,341.44,B,12.0
HD_141943__2016-05-25__03-43-09,3891.48,190.48,B,12.0
HD_141943__2016-05-25__03-43-09,7509.36,355.56,FP,64.0
HD_141943__2016-05-25__03-43-09,5460.51,66.9,B,12.0
HD_141943__2016-05-25__03-43-09,4625.4,331.18,B,12.0
HD_141943__2016-05-25__03-43-09,4862.842531979597,173.0468279737404,add_custom,12.0
HD_141943__2016-05-25__03-43-09,5509.49,55.64,B,12.0
HD_141943__2016-05-25__03-43-09,5446.31,44.04,B,12.0
HD_141943__2016-05-25__03-43-09,2182.066862807457,335.21313066627,add_custom,12.0
HD_141943__2016-05-25__03-43-09,1485.17,147.84,B,12.0
HD_141943__2016-05-25__03-43-09,1757.73,105.43,B,12.0
HD_141943__2016-05-25__03-43-09,4391.043901184989,192.5933132698023,add_custom,12.0
HD_141943__2016-05-25__03-43-09,4978.71,299.95,B,12.0
HD_141943__2016-05-25__03-43-09,3780.99,25.91,B,12.0
HD_141943__2016-05-25__03-43-09,5902.955866831089,242.41867615282823,add_custom,12.0
HD_141943__2016-05-25__03-43-09,5310.35,252.4,B,12.0
HD_141943__2016-05-31__03-34-49,2170.453354437584,335.2988573948938,add_custom,12.0
HD_141943__2016-05-31__03-34-49,6623.11,341.44,B,12.0
HD_141943__2016-05-31__03-34-49,1485.17,147.84,B,12.0
HD_141943__2016-05-31__03-34-49,5460.51,66.9,B,12.0
HD_141943__2016-05-31__03-34-49,5310.35,252.4,B,12.0
HD_141943__2016-05-31__03-34-49,5509.49,55.64,B,12.0
HD_141943__2016-05-31__03-34-49,4625.4,331.18,B,12.0
HD_141943__2016-05-31__03-34-49,1757.73,105.43,B,12.0
HD_141943__2016-05-31__03-34-49,4869.8,173.18,B,64.0
HD_141943__2016-05-31__03-34-49,3891.48,190.48,B,12.0
HD_141943__2016-05-31__03-34-49,4978.71,299.95,B,12.0
HD_141943__2016-05-31__03-34-49,5918.85,242.39,add_0_1,12.0
HD_141943__2016-05-31__03-34-49,4403.52,192.64,B,12.0
HD_141943__2016-05-31__03-34-49,7509.36,355.56,FP,64.0
HD_141943__2016-05-31__03-34-49,5446.31,44.04,B,12.0
HD_141943__2016-05-31__03-34-49,3780.99,25.91,B,12.0
HD_141943__2017-04-30__05-57-20,4981.0,300.55,B,12.0
HD_141943__2017-04-30__05-57-20,5864.05,242.54,add_1_0,12.0
HD_141943__2017-04-30__05-57-20,6607.97,318.99,add_1_0,12.0
HD_141943__2017-04-30__05-57-20,5569.27,55.57,add_1_0,12.0
HD_141943__2017-04-30__05-57-20,1446.57,145.57,B,12.0
HD_141943__2017-04-30__05-57-20,6642.87,341.88,add_1_0,12.0
HD_141943__2017-04-30__05-57-20,3819.07,190.24,B,12.0
HD_141943__2017-04-30__05-57-20,4330.44,192.4,B,12.0
HD_141943__2017-04-30__05-57-20,6389.57,343.25,add_1_0,12.0
HD_141943__2017-04-30__05-57-20,5265.0,252.9,B,12.0
HD_141943__2017-04-30__05-57-20,3824.55,26.02,B,12.0
HD_141943__2017-04-30__05-57-20,4810.54,172.74,B,12.0
HD_141943__2017-04-30__05-57-20,3941.96,246.7,B,12.0
HD_141943__2017-04-30__05-57-20,5498.5,43.87,add_1_0,12.0
HD_141943__2017-04-30__05-57-20,5513.7,66.73,add_1_0,12.0
HD_141943__2017-04-30__05-57-20,4657.98,331.75,B,12.0
HD_141943__2017-04-30__05-57-20,2217.46,336.0,B,12.0
HD_141943__2017-04-30__05-57-20,1768.03,103.36,B,12.0
HD_142705__2015-05-09__04-57-46,7176.503038981144,255.21680625679312,add_custom,23.67636115221323
HD_142851__2015-06-03__04-11-46,2857.574137976273,244.35790540696144,add_custom,12.0
HD_142851__2015-06-03__04-11-46,5414.43,199.72,U,12.0
HD_142851__2015-06-03__04-11-46,5186.358804232296,146.49928480718938,add_custom,12.0
HD_142851__2015-06-03__04-11-46,4213.224094994017,119.96710998685428,add_custom,12.0
HD_142851__2015-06-03__04-11-46,2742.399091354685,281.63808569199347,add_custom,12.0
HD_143488__2015-05-09__06-23-56,3433.7731728890667,46.08656114155565,add_custom,12.0
HD_143488__2015-05-09__06-23-56,6650.854619386886,230.1508462157373,add_custom,12.0
HD_143488__2015-05-09__06-23-56,3341.657333820898,52.7423426002909,add_custom,12.0
HD_143488__2015-05-09__06-23-56,4430.359999999999,271.62,edit_1_0,12.0
HD_143488__2015-05-09__06-23-56,1799.77,181.07,B,12.0
HD_143488__2015-05-09__06-23-56,2915.632095078124,147.84232987124125,add_custom,12.0
HD_143488__2015-05-09__06-23-56,3552.126909404809,324.39397569608525,add_custom,23.09554968449706
HD_143488__2015-05-09__06-23-56,3374.1474753523307,55.59011205518624,add_custom,12.0
HD_143488__2015-05-09__06-23-56,5298.096194686037,102.24192236588895,add_custom,12.0
HD_143488__2015-05-19__06-12-06,4443.36,271.88,B,12.0
HD_143488__2015-05-19__06-12-06,5275.1,102.54,B,64.0
HD_143488__2015-05-19__06-12-06,3562.85,324.21,B,12.0
HD_143488__2015-05-19__06-12-06,3354.51,56.02,B,64.0
HD_143488__2015-05-19__06-12-06,6680.67,230.06,A,64.0
HD_143488__2015-05-19__06-12-06,2901.37,148.1,B,12.0
HD_143488__2016-06-11__03-31-24,3399.07,55.4,B,12.0
HD_143488__2016-06-11__03-31-24,3462.21,45.99,B,12.0
HD_143488__2016-06-11__03-31-24,6178.61,93.49,U,12.0
HD_143488__2016-06-11__03-31-24,4423.51,272.19,B,12.0
HD_143488__2016-06-11__03-31-24,3572.9,324.59,B,12.0
HD_143488__2016-06-11__03-31-24,2899.2,147.57,B,12.0
HD_143488__2016-06-11__03-31-24,5305.09,102.14,B,12.0
HD_143567__2015-05-04__06-05-18,4506.01,139.94,edit_1_0,60.0
HD_143637__2015-06-01__04-01-40,5231.226202300689,104.51142196096544,add_custom,25.823148653804868
HD_143637__2015-06-01__04-01-40,6017.415240294312,92.92503848396154,add,15.48818138984616
HD_143637__2015-06-01__04-01-40,2423.7917893582644,81.92372164285541,add,200.0
HD_143637__2015-06-04__03-02-47,2404.94977189217,81.30365348916689,add,200.0
HD_143637__2015-06-04__03-02-47,4028.8343466470615,35.377019640462265,add_custom,12.0
HD_143637__2015-06-04__03-02-47,6025.791566359343,92.54763635888315,add_custom,21.476184617829
HD_143637__2015-06-04__03-02-47,5222.839306927578,104.3532167644841,add_custom,20.756267705503884
HD_143637__2015-06-04__03-02-47,1883.42,320.88,add_0_1,75.0
HD_143637__2015-06-04__05-01-24,4028.442389330298,35.32876970884843,add_custom,12.0
HD_143637__2015-06-04__05-01-24,6022.61522492108,92.62438623826506,add_custom,23.30389441170172
HD_143637__2015-06-04__05-01-24,2386.586096196146,81.79910654782122,add_custom,180.60601384517813
HD_143637__2015-06-04__05-01-24,5222.102259680523,104.2843709849684,add_custom,25.11141246808131
HD_143637__2017-03-20__08-45-00,6053.43,91.89,add_1_0,17.285354795686626
HD_143637__2017-03-20__08-45-00,4090.27,35.16,add_1_0,12.0
HD_143637__2017-03-20__08-45-00,5218.9270134240405,104.10909102912382,add_custom,21.106499519479385
HD_143637__2017-03-20__08-45-00,2401.7781480939507,81.84889981693118,add,200.0
HD_147553__2015-05-30__05-02-09,4778.470181434925,325.41314333299107,add_custom,12.0
HD_147553__2015-05-30__05-02-09,4591.68,338.1,B,21.039089538627017
HD_147553__2015-05-30__05-02-09,6575.208604863238,93.38069402909116,add_custom,12.0
HD_147553__2015-05-30__05-02-09,2374.9678332601084,292.7263968118462,add_custom,12.0
HD_147553__2015-05-30__05-02-09,3823.41,11.3,add_0_1,12.0
HD_147553__2015-05-30__05-02-09,4197.25,268.09,B,12.0
HD_147553__2015-05-30__05-02-09,6741.967608011945,208.8507371477262,add_custom,12.0
HD_147553__2015-05-30__05-02-09,6991.164843375915,96.69120742331528,add_custom,12.0
HD_147553__2015-05-30__05-02-09,3541.6098496188542,351.18143211737134,add_custom,22.47939852995372
HD_147553__2015-05-30__05-02-09,1574.375608356338,291.0343438779467,add_custom,12.0
HD_147553__2015-05-30__05-02-09,5824.92758992153,209.856840477665,add_custom,12.0
HD_147553__2015-05-30__05-02-09,5308.210367179273,230.51829439154423,add_custom,12.0
HD_147553__2015-05-30__05-02-09,6246.6747859321895,152.91495013747203,edit,200.0
HD_147553__2015-05-30__05-02-09,3918.06,241.44,FP,12.0
HD_147553__2016-03-28__08-37-36,6237.409999999999,152.59000000000003,edit_0_1,200.0
HD_147553__2016-03-28__08-37-36,4812.88,325.42,B,12.0
HD_147553__2016-03-28__08-37-36,4169.282351588653,268.3480640454911,add_custom,85.87539398097368
HD_147553__2016-03-28__08-37-36,4622.13,338.24,B,12.0
HD_147553__2016-03-28__08-37-36,3570.46,351.0,B,12.0
HD_147553__2018-06-18__03-58-47,3604.57,351.71,B,12.0
HD_147553__2018-06-18__03-58-47,4643.6,338.61,B,12.0
HD_147553__2018-06-18__03-58-47,6246.3,152.31000000000006,edit_0_0,200.0
HD_148055__2015-04-05__07-36-58,5584.34,259.99,B,12.0
HD_148055__2015-04-05__07-36-58,4043.95,70.1,B,12.0
HD_148055__2015-04-05__07-36-58,3769.852759442877,229.3262233407231,add_custom,12.0
HD_148055__2015-04-05__07-36-58,3171.91,60.81,B,12.0
HD_148055__2015-04-05__07-36-58,5286.866507200714,328.7083898381214,add_custom,12.0
HD_148055__2015-04-05__07-36-58,718.74,292.23,B,12.0
HD_148055__2015-04-05__07-36-58,4250.14,231.71,B,12.0
HD_148055__2015-04-05__07-36-58,5610.61,95.63,B,12.0
HD_148055__2015-04-05__07-36-58,6296.65,60.6,add_1_0,12.0
HD_148055__2015-04-05__07-36-58,3001.98,0.96,B,12.0
HD_148055__2015-04-05__07-36-58,4260.49,309.06,B,12.0
HD_148055__2015-04-05__07-36-58,4162.44,52.32,B,12.0
HD_148055__2015-04-05__07-36-58,2271.0,228.51,B,12.0
HD_148055__2015-04-05__07-36-58,3400.69,101.75,B,12.0
HD_148055__2015-04-05__07-36-58,5994.845873086134,316.13776753098955,add_custom,12.0
HD_148055__2015-04-05__07-36-58,5757.967045074571,292.7223436288392,add_custom,12.0
HD_148055__2015-04-05__07-36-58,2317.72,201.78,B,12.0
HD_148055__2015-04-05__07-36-58,5746.139850444212,48.31975704819257,add_custom,12.0
HD_148055__2015-04-05__07-36-58,5970.38,274.26,B,12.0
HD_148055__2015-04-05__07-36-58,3733.8,336.32,B,12.0
HD_148055__2015-04-05__07-36-58,3329.41,193.22,B,12.0
HD_148055__2015-04-05__07-36-58,5553.085780298582,317.696716532332,add_custom,12.0
HD_148055__2015-04-05__07-36-58,4739.71,119.4,B,12.0
HD_148055__2015-04-05__07-36-58,3896.52,16.12,B,12.0
HD_148055__2016-03-29__08-59-17,5787.33,293.05,B,12.0
HD_148055__2016-03-29__08-59-17,3345.1399999999994,145.2,edit_0_1,12.0
HD_148055__2016-03-29__08-59-17,3415.44,101.08,B,12.0
HD_148055__2016-03-29__08-59-17,5754.37,353.71,B,12.0
HD_148055__2016-03-29__08-59-17,3039.11,1.1,B,12.0
HD_148055__2016-03-29__08-59-17,4039.83,306.93,B,12.0
HD_148055__2016-03-29__08-59-17,5599.28,317.86,B,12.0
HD_148055__2016-03-29__08-59-17,2956.11,248.88,B,12.0
HD_148055__2016-03-29__08-59-17,5659.89,95.41000000000004,edit_0_1,12.0
HD_148055__2016-03-29__08-59-17,3554.65,80.39,B,12.0
HD_148055__2016-03-29__08-59-17,5397.02,197.92,B,12.0
HD_148055__2016-03-29__08-59-17,4443.74,163.22,B,12.0
HD_148055__2016-03-29__08-59-17,4928.13,305.42,B,12.0
HD_148055__2016-03-29__08-59-17,4253.3,232.04,B,12.0
HD_148055__2016-03-29__08-59-17,4133.63,298.97,B,12.0
HD_148055__2016-03-29__08-59-17,5985.16,274.54,B,12.0
HD_148055__2016-03-29__08-59-17,5782.05,352.77,B,12.0
HD_148055__2016-03-29__08-59-17,4742.47,118.95,B,12.0
HD_148055__2016-03-29__08-59-17,751.37,300.21,B,12.0
HD_148055__2016-03-29__08-59-17,2700.65,96.97,B,12.0
HD_148055__2016-03-29__08-59-17,4292.24,309.28,B,12.0
HD_148055__2016-03-29__08-59-17,6518.71,32.45,B,12.0
HD_148055__2016-03-29__08-59-17,5654.51,197.71,B,12.0
HD_148055__2016-03-29__08-59-17,5787.52,48.16,B,12.0
HD_148055__2016-03-29__08-59-17,3821.89,322.61,B,12.0
HD_148055__2016-03-29__08-59-17,5952.1,112.67,B,12.0
HD_148055__2016-03-29__08-59-17,3013.8,246.78,B,12.0
HD_148055__2016-03-29__08-59-17,3306.54,193.24,B,12.0
HD_148055__2016-03-29__08-59-17,4198.01,52.02,B,12.0
HD_148055__2016-03-29__08-59-17,6035.05,316.32,B,12.0
HD_148055__2016-03-29__08-59-17,4571.33,144.36,B,12.0
HD_148055__2016-03-29__08-59-17,5372.53,92.18,B,12.0
HD_148055__2016-03-29__08-59-17,4045.3,336.18,B,12.0
HD_148055__2016-03-29__08-59-17,5338.73,328.99,B,12.0
HD_148055__2016-03-29__08-59-17,4292.75,277.82,B,12.0
HD_148055__2016-03-29__08-59-17,2253.66,229.0,B,12.0
HD_148055__2016-03-29__08-59-17,2716.05,27.62,B,12.0
HD_148055__2016-03-29__08-59-17,3758.68,229.93,B,12.0
HD_148055__2016-03-29__08-59-17,3211.05,60.4,B,12.0
HD_148055__2016-03-29__08-59-17,3846.31,20.77,B,12.0
HD_148055__2016-03-29__08-59-17,2292.77,201.91,B,12.0
HD_148055__2016-03-29__08-59-17,4466.64,0.83,B,12.0
HD_148055__2016-03-29__08-59-17,3771.25,336.54,B,12.0
HD_148055__2016-03-29__08-59-17,4079.04,69.76,B,12.0
HD_148055__2016-03-29__08-59-17,731.61,294.6,B,12.0
HD_148055__2016-03-29__08-59-17,4290.02,275.07,B,12.0
HD_148055__2016-03-29__08-59-17,4832.28,341.38,B,12.0
HD_148055__2016-03-29__08-59-17,3932.77,16.0,B,12.0
HD_148055__2016-03-29__08-59-17,5595.45,260.23,B,12.0
HD_151726__2016-04-01__09-11-13,3604.05,206.08,B,12.0
HD_151726__2016-04-01__09-11-13,5203.16,148.2,B,12.0
HD_151726__2016-04-01__09-11-13,1078.63,278.47,B,12.0
HD_151726__2016-04-01__09-11-13,3690.18,79.36,B,12.0
HD_151726__2016-04-01__09-11-13,1215.24,130.13,B,12.0
HD_151726__2016-04-01__09-11-13,6002.341871707161,120.29262749360636,add_custom,12.0
HD_151726__2016-04-01__09-11-13,1252.53,271.27,B,12.0
HD_151726__2016-04-01__09-11-13,846.6500144377849,180.70494926689867,add_custom,12.0
HD_151726__2016-04-01__09-11-13,4503.83,327.84,B,12.0
HD_151726__2016-04-01__09-11-13,7311.776023427407,94.1750657188776,add_custom,29.507303755453723
HD_151726__2016-04-01__09-11-13,4693.03,72.91999999999996,edit_0_1,12.0
HD_151726__2016-04-01__09-11-13,5066.86,267.1,B,12.0
HD_151726__2016-04-01__09-11-13,5935.16,52.48,add_1_0,12.0
HD_151726__2016-04-01__09-11-13,2978.6,11.29,B,12.0
HD_151726__2016-04-01__09-11-13,3652.98,132.35,B,12.0
HD_151726__2016-04-01__09-11-13,3600.1063039947785,271.6744524565684,add_custom,12.0
HD_151726__2016-04-01__09-11-13,4908.67,35.99,B,12.0
HD_151726__2016-04-01__09-11-13,6393.62,194.29,B,12.0
HD_151726__2016-04-01__09-11-13,4733.6,92.67,B,64.0
HD_151726__2016-04-01__09-11-13,2799.32,266.19,B,12.0
HD_151726__2016-04-01__09-11-13,3946.58,5.58,B,12.0
HD_151726__2016-04-01__09-11-13,2328.78,187.95,B,12.0
HD_151726__2016-04-01__09-11-13,4182.390665638876,194.490081480094,add_custom,28.383729358450665
HD_151726__2016-04-01__09-11-13,5232.03,177.79,B,12.0
HD_151726__2016-04-01__09-11-13,6632.934368608747,250.30486896825383,add,12.0
HD_151726__2016-04-01__09-11-13,2306.66,198.17,B,12.0
HD_151726__2016-04-01__09-11-13,6652.28,115.54,B,12.0
HD_151726__2016-04-01__09-11-13,4169.21,39.24,B,12.0
HD_151726__2016-04-01__09-11-13,6829.3724499700165,245.43060760961936,add,12.0
HD_151726__2016-04-01__09-11-13,4255.37,338.04,B,12.0
HD_151726__2016-04-01__09-11-13,5390.52,249.82,B,12.0
HD_151726__2016-04-01__09-11-13,5745.95,168.94,B,12.0
HD_151726__2016-04-01__09-11-13,4696.7,195.35,B,12.0
HD_151726__2016-04-01__09-11-13,6319.16,62.69999999999999,edit_1_0,25.0
HD_151726__2016-04-01__09-11-13,4632.88,138.95,B,12.0
HD_151726__2016-04-01__09-11-13,1986.93,28.04,B,12.0
HD_151726__2016-04-01__09-11-13,3580.03,351.42,B,12.0
HD_151726__2016-04-01__09-11-13,6235.89,145.87,FP,12.0
HD_151726__2016-04-01__09-11-13,5333.34,3.44,B,12.0
HD_151726__2016-04-01__09-11-13,3436.82,160.61,B,12.0
HD_151726__2016-04-01__09-11-13,3727.529192028165,274.6278712642999,add_custom,12.0
HD_151726__2016-04-01__09-11-13,1267.01,330.55,B,12.0
HD_151726__2016-04-01__09-11-13,2227.59,119.59,B,12.0
HD_151726__2016-04-01__09-11-13,4873.66,292.33,B,12.0
HD_151726__2016-04-01__09-11-13,4413.56,274.0,B,12.0
HD_151726__2016-04-01__09-11-13,4435.31,140.82,B,21.88757173517458
HD_151726__2016-04-01__09-11-13,1432.26,289.88,B,12.0
HD_151726__2016-04-01__09-11-13,6254.815332007546,257.610247665124,add,12.0
HD_151726__2016-04-01__09-11-13,2858.3658545036023,79.88843992248906,add_custom,12.0
HD_151726__2016-04-01__09-11-13,5358.03,99.79,B,12.0
HD_151726__2016-04-01__09-11-13,4304.98,254.81,B,12.0
HD_151726__2016-04-01__09-11-13,6758.35,90.37,B,12.0
HD_151726__2016-04-01__09-11-13,6258.684720063669,331.7740114396949,add_custom,33.17346117917436
HD_151726__2016-04-01__09-11-13,6889.36,229.62,B,12.0
HD_151726__2016-04-01__09-11-13,4822.47,244.84,B,12.0
HD_151726__2016-04-01__09-11-13,3940.75,204.75,B,12.0
HD_151726__2016-04-01__09-11-13,5366.58,321.41,B,12.0
HD_151726__2016-04-01__09-11-13,2991.26,297.39,B,12.0
HD_151726__2016-04-01__09-11-13,2795.9,57.870000000000005,edit_0_1,12.0
HD_151726__2016-04-01__09-11-13,6941.74,98.99,B,12.0
HD_151726__2016-04-01__09-11-13,3532.61,344.06,B,12.0
HD_151726__2016-04-01__09-11-13,2856.0800000000004,272.79,edit_0_1,12.0
HD_151726__2016-04-01__09-11-13,4285.15,8.2,B,12.0
HD_151726__2016-04-01__09-11-13,4373.86,268.82,B,12.0
HD_151726__2016-04-01__09-11-13,489.01,300.16,B,12.0
HD_151726__2016-04-01__09-11-13,4489.37,294.36,B,12.0
HD_151726__2016-04-01__09-11-13,3984.17,247.1,B,12.0
HD_151726__2016-04-01__09-11-13,5843.27,261.39,B,12.0
HD_151726__2016-04-01__09-11-13,3081.54,105.77,B,12.0
HD_151726__2016-04-01__09-11-13,5123.169999999999,173.43000000000006,edit_0_1,12.0
HD_151726__2016-04-01__09-11-13,5535.1,46.91,B,12.0
HD_151726__2016-04-01__09-11-13,6565.06,329.3,B,12.0
HD_151726__2016-04-01__09-11-13,3614.7363907475833,70.74629583730899,add_custom,12.0
HD_151726__2016-04-01__09-11-13,2179.09,276.94,B,12.0
HD_151726__2016-04-01__09-11-13,4715.7,151.44,B,12.0
HD_151726__2016-04-01__09-11-13,5860.69,12.92,B,12.0
HD_151726__2016-04-01__09-11-13,2706.18,192.92,B,12.0
HD_151726__2016-04-01__09-11-13,6232.7,106.98,B,12.0
HD_151726__2016-04-01__09-11-13,4355.24,53.41,B,12.0
HD_151726__2016-04-01__09-11-13,3384.47,203.8,B,12.0
HD_151726__2016-04-01__09-11-13,2588.91,134.73,B,12.0
HD_151726__2016-04-01__09-11-13,3269.3318464811805,65.94710392637842,add_custom,12.0
HD_151726__2016-04-01__09-11-13,6447.17,145.94,B,12.0
HD_151726__2016-04-01__09-11-13,2066.31,316.99,B,12.0
HD_151726__2016-04-01__09-11-13,1814.44,294.55,B,12.0
HD_151726__2016-04-01__09-11-13,4491.63,356.43,B,12.0
HD_151726__2017-05-18__06-18-50,3550.27,344.27,B,12.0
HD_151726__2017-05-18__06-18-50,3005.42,297.51,B,12.0
HD_151726__2017-05-18__06-18-50,6804.315750869795,89.96764410838074,add_custom,12.0
HD_151726__2017-05-18__06-18-50,6322.310960191733,62.25265290920902,add_custom,46.70016323330984
HD_151726__2017-05-18__06-18-50,5870.03,13.16,add_1_0,12.0
HD_151726__2017-05-18__06-18-50,1216.12,129.48,B,12.0
HD_151726__2017-05-18__06-18-50,2289.478076243204,197.6672514501515,add_custom,12.0
HD_151726__2017-05-18__06-18-50,7354.116297806587,94.01083014791516,add_custom,12.0
HD_151726__2017-05-18__06-18-50,3367.2,203.69,B,12.0
HD_151726__2017-05-18__06-18-50,3972.81,247.29,B,12.0
HD_151726__2017-05-18__06-18-50,5361.88,3.46,B,12.0
HD_151726__2017-05-18__06-18-50,3722.325479833219,274.7374183471747,add_custom,12.0
HD_151726__2017-05-18__06-18-50,2858.59,79.47,B,12.0
HD_151726__2017-05-18__06-18-50,5228.392878972508,177.5688855479923,add_custom,12.0
HD_151726__2017-05-18__06-18-50,3633.8159907175777,70.53771078483521,add_custom,12.0
HD_151726__2017-05-18__06-18-50,4517.31,328.01,B,12.0
HD_151726__2017-05-18__06-18-50,3294.677157675141,65.74980105812824,add_custom,12.0
HD_151726__2017-05-18__06-18-50,3945.389647184512,204.57293561317584,add_custom,12.0
HD_151726__2017-05-18__06-18-50,6273.777967480991,106.70900227621864,add_custom,12.0
HD_151726__2017-05-18__06-18-50,5828.478619821397,261.44594755250904,add_custom,12.0
HD_151726__2017-05-18__06-18-50,3607.66,272.02,B,12.0
HD_151726__2017-05-18__06-18-50,2245.1136702852727,118.89240428244732,add_custom,12.0
HD_151726__2017-05-18__06-18-50,1278.32,331.25,B,12.0
HD_151726__2017-05-18__06-18-50,4476.345738976767,294.456070728987,add_custom,12.0
HD_151726__2017-05-18__06-18-50,5199.89,147.93,B,12.0
HD_151726__2017-05-18__06-18-50,6581.834367344803,329.6095620017119,add_custom,12.0
HD_151726__2017-05-18__06-18-50,4407.4,274.21,B,12.0
HD_151726__2017-05-18__06-18-50,1073.02,279.49,B,12.0
HD_151726__2017-05-18__06-18-50,4380.95,53.23,B,12.0
HD_151726__2017-05-18__06-18-50,3427.602177572701,160.03094014645455,add_custom,12.0
HD_151726__2017-05-18__06-18-50,4313.813978888675,8.547301416374182,add_custom,12.0
HD_151726__2017-05-18__06-18-50,3089.74,105.25,B,12.0
HD_151726__2017-05-18__06-18-50,4204.835764847625,39.35607824858164,add_custom,12.0
HD_151726__2017-05-18__06-18-50,4300.68,254.89,B,12.0
HD_151726__2017-05-18__06-18-50,4629.29,138.59,B,12.0
HD_151726__2017-05-18__06-18-50,3582.92,205.97,B,12.0
HD_151726__2017-05-18__06-18-50,3967.49,5.61,B,12.0
HD_151726__2017-05-18__06-18-50,2319.028730052953,187.4068572583413,add_custom,12.0
HD_151726__2017-05-18__06-18-50,2686.8029057247527,192.4164973838849,add_custom,12.0
HD_151726__2017-05-18__06-18-50,1240.61,272.23,B,12.0
HD_151726__2017-05-18__06-18-50,5371.25,99.5,B,12.0
HD_151726__2017-05-18__06-18-50,4430.16,140.49,B,12.0
HD_151726__2017-05-18__06-18-50,2074.57,317.59,B,12.0
HD_151726__2017-05-18__06-18-50,5123.24,173.47000000000003,edit_0_1,12.0
HD_151726__2017-05-18__06-18-50,3656.61,131.92,B,12.0
HD_151726__2017-05-18__06-18-50,6374.41,194.2,B,12.0
HD_151726__2017-05-18__06-18-50,2012.11,27.99,B,12.0
HD_151726__2017-05-18__06-18-50,2602.988659043716,134.06130108355796,add_custom,12.0
HD_151726__2017-05-18__06-18-50,5569.509118178839,47.03107919044521,add_custom,12.0
HD_151726__2017-05-18__06-18-50,5051.57,267.24,B,12.0
HD_151726__2017-05-18__06-18-50,4164.093074401135,194.3439395975536,add_custom,26.56919332037296
HD_151726__2017-05-18__06-18-50,4674.39,195.22,B,12.0
HD_151726__2017-05-18__06-18-50,6465.595339615369,145.65101438263014,add_custom,12.0
HD_151726__2017-05-18__06-18-50,6275.710000000001,146.01,edit_1_0,12.0
HD_151726__2017-05-18__06-18-50,6020.412593429589,120.0232759535536,add_custom,12.0
HD_151726__2017-05-18__06-18-50,5381.62,249.9,B,12.0
HD_151726__2017-05-18__06-18-50,5740.62,168.64999999999998,edit_0_1,12.0
HD_151726__2017-05-18__06-18-50,4729.812858836737,151.08060913522024,add_custom,12.0
HD_151726__2017-05-18__06-18-50,4815.96,244.84,B,12.0
HD_151726__2017-05-18__06-18-50,6256.139404464713,257.7349269517579,add,12.0
HD_151726__2017-05-18__06-18-50,4508.24010435583,356.7485216768877,add_custom,12.0
HD_151726__2017-05-18__06-18-50,6653.02,115.31,B,12.0
HD_151726__2017-05-18__06-18-50,3001.05,11.35,B,12.0
HD_151726__2017-05-18__06-18-50,4754.23,92.38,B,64.0
HD_151726__2017-05-18__06-18-50,6972.75,98.81,B,12.0
HD_151726__2017-05-18__06-18-50,6281.243295030426,331.9269457773941,add_custom,26.84691234939001
HD_151726__2017-05-18__06-18-50,4862.762513937491,292.5414490793302,add_custom,12.0
HD_151798__2016-06-12__03-47-07,4631.32,131.48,B,12.0
HD_151798__2016-06-12__03-47-07,2638.98,226.79,B,12.0
HD_151798__2016-06-12__03-47-07,5561.02,266.43,add_1_0,12.0
HD_151798__2016-06-12__03-47-07,3819.49,183.61,B,12.0
HD_151798__2016-06-12__03-47-07,6181.999988373117,21.819083997688608,add_custom,43.23151985216671
HD_156097__2016-06-28__03-39-05,3949.42,123.41,B,64.0
HD_156097__2016-06-28__03-39-05,1550.41,200.42,B,12.0
HD_156097__2016-06-28__03-39-05,3137.43,265.07,B,12.0
HD_156097__2016-06-28__03-39-05,3964.26,278.74,B,12.0
HD_156097__2016-06-28__03-39-05,6092.19,146.62,B,64.0
HD_156097__2016-06-28__03-39-05,4137.62,142.28,B,12.0
HD_156097__2016-06-28__03-39-05,3546.05,329.74,U,64.0
HD_156097__2016-06-28__03-39-05,4413.25,268.93,U,12.0
HD_156097__2016-06-28__03-39-05,5733.94,180.0,B,64.0
HD_156097__2016-06-28__03-39-05,4577.02,100.63,B,12.0
HD_156097__2016-06-28__03-39-05,6072.64,330.08,B,64.0
HD_156097__2016-06-28__03-39-05,3606.33,23.06,B,64.0
HD_156097__2016-06-28__03-39-05,2842.85,308.48,B,12.0
HD_156097__2016-06-28__03-39-05,6004.41,10.15,B,64.0
HD_156097__2016-06-28__03-39-05,5874.55,140.61,B,12.0
HD_156097__2016-06-28__03-39-05,1619.91,291.93,B,12.0
HD_156097__2016-06-28__03-39-05,6053.16,89.95,B,12.0
HD_156097__2016-06-28__03-39-05,4632.26,258.85,B,64.0
HD_156097__2016-06-28__03-39-05,4100.04,51.5,B,12.0
HD_156097__2016-06-28__03-39-05,4868.79,333.36,B,12.0
HD_156097__2016-06-28__03-39-05,5623.06,140.91,B,12.0
HD_156097__2016-06-28__03-39-05,4919.73,267.71,B,64.0
HD_156097__2016-06-28__03-39-05,2603.05,334.44,B,64.0
HD_156097__2016-06-28__03-39-05,5804.04,50.61,B,12.0
HD_156097__2016-06-28__03-39-05,5901.34,82.27,B,12.0
HD_156097__2016-06-28__03-39-05,1518.83,230.95,U,64.0
HD_156097__2016-06-28__03-39-05,5518.88,14.38,B,12.0
HD_156097__2016-06-28__03-39-05,4760.9,106.14,U,64.0
HD_156097__2016-06-28__03-39-05,5821.43,278.45,B,64.0
HD_156097__2016-06-28__03-39-05,5517.67,215.71,B,12.0
HD_156097__2016-06-28__03-39-05,2301.26,221.46,B,12.0
HD_156097__2016-06-28__03-39-05,5541.38,346.19,B,64.0
HD_156097__2016-06-28__03-39-05,4451.11,212.12,B,12.0
HD_156097__2016-06-28__03-39-05,5209.96,2.59,B,64.0
HD_156097__2016-06-28__03-39-05,3134.69,20.72,U,64.0
HD_156097__2016-06-28__03-39-05,2962.93,72.44,B,12.0
HD_156097__2016-06-28__03-39-05,697.38,265.36,U,12.0
HD_156097__2016-06-28__03-39-05,2474.52,63.74,B,12.0
HD_156097__2016-06-28__03-39-05,4351.89,338.5,B,12.0
HD_156097__2016-06-28__03-39-05,3315.67,294.74,B,12.0
HD_156097__2016-06-28__03-39-05,3432.38,94.74,B,12.0
HD_156097__2016-06-28__03-39-05,3965.3,78.66,B,64.0
HD_156097__2016-06-28__03-39-05,6669.45,213.88,B,12.0
HD_156097__2016-06-28__03-39-05,3308.71,227.76,U,64.0
HD_156097__2016-06-28__03-39-05,604.28,161.04,U,64.0
HD_156097__2016-06-28__03-39-05,3704.7,273.63,B,12.0
HD_156097__2016-06-28__03-39-05,1357.95,98.56,B,12.0
HD_156097__2016-06-28__03-39-05,3949.91,154.73,B,12.0
HD_156097__2016-06-28__03-39-05,3317.13,302.32,B,12.0
HD_156097__2016-06-28__03-39-05,1502.38,195.74,B,12.0
HD_156097__2016-06-28__03-39-05,6646.72,83.38,B,64.0
HD_156097__2016-06-28__03-39-05,3215.2,344.64,B,12.0
HD_156097__2016-06-28__03-39-05,4995.38,295.89,B,64.0
HD_156097__2016-06-28__03-39-05,4296.23,277.91,B,12.0
HD_156097__2016-06-28__03-39-05,1888.31,144.89,B,12.0
HD_156097__2016-06-28__03-39-05,6014.27,344.4,B,64.0
HD_156097__2016-06-28__03-39-05,6803.06,71.84,B,12.0
HD_156097__2016-06-28__03-39-05,6075.63,304.5,B,12.0
HD_156097__2016-06-28__03-39-05,3801.41,37.28,B,12.0
HD_156097__2016-06-28__03-39-05,1774.75,314.19,B,12.0
HD_156097__2016-06-28__03-39-05,5463.6,149.3,B,64.0
HD_156097__2016-06-28__03-39-05,2033.05,105.03,B,12.0
HD_156097__2016-06-28__03-39-05,1738.11,281.92,U,64.0
HD_156097__2016-06-28__03-39-05,5822.77,122.81,B,12.0
HD_156097__2016-06-28__03-39-05,5067.06,79.79,U,64.0
HD_156097__2016-06-28__03-39-05,4696.2,11.37,B,12.0
HD_156097__2016-06-28__03-39-05,1996.68,202.71,B,12.0
HD_156097__2016-06-28__03-39-05,1442.62,262.99,U,64.0
HD_156097__2016-06-28__03-39-05,6675.83,192.22,B,12.0
HD_156097__2016-06-28__03-39-05,295.43,323.13,U,64.0
HD_156097__2016-06-28__03-39-05,2567.8,344.74,B,12.0
HD_156097__2016-06-28__03-39-05,6297.37,240.5,add_0_0,12.0
HD_156097__2016-06-28__03-39-05,6288.09,48.03,B,64.0
HD_156097__2016-06-28__03-39-05,1128.69,106.82,B,12.0
HD_156097__2016-06-28__03-39-05,2765.44,240.46,B,12.0
HD_156097__2016-06-28__03-39-05,3133.94,0.34,U,64.0
HD_156097__2016-06-28__03-39-05,1968.82,62.71,B,12.0
HD_156097__2016-06-28__03-39-05,5665.01,53.88,B,12.0
HD_156097__2016-06-28__03-39-05,5982.33,261.93,add_0_0,12.0
HD_156097__2016-06-28__03-39-05,4937.06,242.5,B,12.0
HD_156097__2016-06-28__03-39-05,2439.52,6.64,B,12.0
HD_156097__2016-06-28__03-39-05,2924.9,336.99,B,12.0
HD_156097__2016-06-28__03-39-05,3253.87,118.19,B,12.0
HD_156097__2016-06-28__03-39-05,4381.62,242.54,B,64.0
HD_156097__2016-06-28__03-39-05,2100.19,251.97,B,64.0
HD_156097__2016-06-28__03-39-05,1704.3,140.16,U,64.0
HD_156097__2016-06-28__03-39-05,4522.86,323.06,B,64.0
HD_156097__2016-06-28__03-39-05,5864.83,157.71,B,12.0
HD_156097__2016-06-28__03-39-05,2254.78,267.52,B,12.0
HD_156097__2016-06-28__03-39-05,5199.53,148.18,B,64.0
HD_156097__2016-06-28__03-39-05,4933.09,208.09,B,64.0
HD_156097__2016-06-28__03-39-05,7030.83,103.39,B,64.0
HD_156097__2016-06-28__03-39-05,4765.88,83.62,U,64.0
HD_156097__2016-06-28__03-39-05,1076.98,273.15,U,64.0
HD_156097__2016-06-28__03-39-05,2331.1,125.0,B,12.0
HD_156097__2016-06-28__03-39-05,5174.19,160.16,B,64.0
HD_156097__2016-06-28__03-39-05,5173.22,86.6,B,64.0
HD_156097__2016-06-28__03-39-05,6697.49,297.73,B,64.0
HD_156097__2016-06-28__03-39-05,5627.54,335.35,B,12.0
HD_156097__2016-06-28__03-39-05,5872.99,129.39,B,12.0
HD_156097__2016-06-28__03-39-05,4773.26,98.05,B,12.0
HD_156097__2016-06-28__03-39-05,2938.36,129.45,B,64.0
HD_156097__2016-06-28__03-39-05,6426.29,196.95,B,12.0
HD_156097__2016-06-28__03-39-05,4112.39,217.86,B,64.0
HD_156097__2016-06-28__03-39-05,6054.81,287.57,B,12.0
HD_156097__2016-06-28__03-39-05,4329.88,81.27,B,12.0
HD_156097__2016-06-28__03-39-05,4606.23,287.38,B,12.0
HD_156097__2016-06-28__03-39-05,3841.24,199.68,B,64.0
HD_156097__2016-06-28__03-39-05,4044.95,303.0,B,12.0
HD_156097__2016-06-28__03-39-05,4820.42,62.86,B,64.0
HD_156097__2016-06-28__03-39-05,3638.12,293.76,B,12.0
HD_156097__2016-06-28__03-39-05,5139.88,303.11,U,64.0
HD_156097__2016-06-28__03-39-05,1342.24,193.41,B,12.0
HD_156097__2016-06-28__03-39-05,5991.8,339.61,B,64.0
HD_156097__2016-06-28__03-39-05,4878.46,51.68,B,12.0
HD_156097__2016-06-28__03-39-05,3353.64,230.18,B,12.0
HD_156097__2016-06-28__03-39-05,3781.42,246.22,B,12.0
HD_156097__2016-06-28__03-39-05,4863.94,127.75,B,64.0
HD_156097__2016-06-28__03-39-05,4413.39,72.34,B,12.0
HD_156097__2016-06-28__03-39-05,1524.12,270.77,U,12.0
HD_156097__2016-06-28__03-39-05,6554.7,129.9,U,64.0
HD_156097__2016-06-28__03-39-05,5346.21,199.57,B,12.0
HD_156097__2016-06-28__03-39-05,1629.39,140.8,B,12.0
HD_156097__2016-06-28__03-39-05,5263.99,125.13,B,64.0
HD_156097__2016-06-28__03-39-05,5264.56,309.93,B,12.0
HD_156097__2016-06-28__03-39-05,6500.62,27.91,B,12.0
HD_156097__2016-06-28__03-39-05,5473.69,157.1,B,12.0
HD_156097__2016-06-28__03-39-05,3025.0,188.09,B,64.0
HD_156097__2016-06-28__03-39-05,2419.87,1.26,B,12.0
HD_156097__2016-06-28__03-39-05,6154.42,130.42,U,12.0
HD_156097__2016-06-28__03-39-05,2436.74,42.46,B,12.0
HD_156097__2016-06-28__03-39-05,3166.43,337.57,U,64.0
HD_156097__2016-06-28__03-39-05,5368.88,290.17,B,12.0
HD_156097__2016-06-28__03-39-05,3542.38,114.86,B,64.0
HD_156097__2016-06-28__03-39-05,2176.87,261.34,B,12.0
HD_156097__2016-06-28__03-39-05,4412.84,41.36,B,12.0
HD_156097__2016-06-28__03-39-05,3769.18,288.79,B,12.0
HD_156097__2016-06-28__03-39-05,3567.75,246.15,B,12.0
HD_156097__2016-06-28__03-39-05,6003.81,255.79,add_0_0,12.0
HD_156097__2016-06-28__03-39-05,5209.09,242.8,B,12.0
HD_156097__2016-06-28__03-39-05,2668.88,143.47,B,12.0
HD_156097__2016-06-28__03-39-05,6244.42,108.2,B,64.0
HD_156097__2016-06-28__03-39-05,4407.58,148.64,B,64.0
HD_156097__2016-06-28__03-39-05,3363.79,215.99,B,12.0
HD_156097__2016-06-28__03-39-05,4967.12,322.23,B,12.0
HD_156097__2016-06-28__03-39-05,6130.77,246.55,add_0_0,12.0
HD_156097__2016-06-28__03-39-05,3877.38,42.28,B,12.0
HD_156097__2016-06-28__03-39-05,5407.5,332.82,B,12.0
HD_156097__2016-06-28__03-39-05,4245.33,202.56,B,64.0
HD_156097__2016-06-28__03-39-05,3213.82,257.49,B,12.0
HD_156097__2016-06-28__03-39-05,2962.16,303.42,B,12.0
HD_156097__2016-06-28__03-39-05,3811.5,136.3,B,12.0
HD_156097__2016-06-28__03-39-05,2315.77,311.62,B,12.0
HD_156097__2016-06-28__03-39-05,3219.81,201.68,B,12.0
HD_156097__2016-06-28__03-39-05,4180.55,210.9,U,64.0
HD_156097__2016-06-28__03-39-05,3670.7,312.23,U,64.0
HD_156097__2016-06-28__03-39-05,5097.6,61.56,B,12.0
HD_156097__2016-06-28__03-39-05,4079.14,68.07,U,64.0
HD_156097__2016-06-28__03-39-05,4829.29,170.54,B,64.0
HD_156097__2016-06-28__03-39-05,5074.69,279.03,B,12.0
HD_156097__2016-06-28__03-39-05,4165.45,83.29,B,12.0
HD_156097__2016-06-28__03-39-05,3138.55,303.95,B,64.0
HD_156097__2016-06-28__03-39-05,5180.34,32.25,B,64.0
HD_156097__2016-06-28__03-39-05,2577.46,273.79,B,12.0
HD_156097__2016-06-28__03-39-05,6266.62,113.27,B,64.0
HD_156097__2016-06-28__03-39-05,4458.47,81.06,B,12.0
HD_156097__2016-06-28__03-39-05,5748.47,16.95,B,64.0
HD_156097__2016-06-28__03-39-05,4749.62,174.11,B,12.0
HD_156097__2016-06-28__03-39-05,5664.77,353.24,B,12.0
HD_156097__2016-06-28__03-39-05,3336.56,33.45,B,12.0
HD_156097__2016-06-28__03-39-05,2601.89,45.1,B,64.0
HD_156097__2016-06-28__03-39-05,5400.75,49.89,B,12.0
HD_156097__2016-06-28__03-39-05,3724.47,102.29,B,64.0
HD_156097__2016-06-28__03-39-05,5037.84,329.09,B,64.0
HD_156097__2016-06-28__03-39-05,3041.85,351.96,B,64.0
HD_156097__2016-06-28__03-39-05,5027.01,72.63,B,64.0
HD_156097__2016-06-28__03-39-05,5930.17,25.73,B,12.0
HD_156097__2016-06-28__03-39-05,4155.55,267.65,B,64.0
HD_156097__2016-06-28__03-39-05,5868.49,161.04,B,12.0
HD_156097__2016-06-28__03-39-05,4512.63,224.24,B,64.0
HD_156097__2016-06-28__03-39-05,3699.95,25.13,B,12.0
HD_156097__2016-06-28__03-39-05,3504.48,263.03,B,12.0
HD_156097__2016-06-28__03-39-05,5148.7,211.27,B,12.0
HD_156097__2016-06-28__03-39-05,1854.87,102.55,B,12.0
HD_156097__2016-06-28__03-39-05,6272.7,301.41,B,12.0
HD_156097__2016-06-28__03-39-05,3336.04,333.74,B,12.0
HD_156097__2016-06-28__03-39-05,4010.49,166.25,B,64.0
HD_156097__2016-06-28__03-39-05,4684.55,94.8,U,64.0
HD_156097__2016-06-28__03-39-05,3870.76,161.47,B,12.0
HD_156097__2016-06-28__03-39-05,4622.56,192.0,B,12.0
HD_156097__2016-06-28__03-39-05,4815.13,76.37,B,64.0
HD_156097__2016-06-28__03-39-05,5767.41,197.59,B,12.0
HD_156097__2016-06-28__03-39-05,1574.7,82.04,B,12.0
HD_156097__2016-06-28__03-39-05,5021.72,345.54,B,12.0
HD_156097__2016-06-28__03-39-05,5367.88,251.93,U,64.0
HD_156097__2016-06-28__03-39-05,2813.57,39.31,B,12.0
HD_156097__2016-06-28__03-39-05,6045.29,59.02,B,12.0
HD_156097__2016-06-28__03-39-05,3648.27,258.98,B,12.0
HD_156097__2016-06-28__03-39-05,4659.41,351.05,B,12.0
HD_156097__2016-06-28__03-39-05,5042.3,141.39,B,64.0
HD_156097__2016-06-28__03-39-05,6757.49,141.29,B,12.0
HD_156097__2016-06-28__03-39-05,3938.02,267.75,B,12.0
HD_156097__2016-06-28__03-39-05,3995.11,224.31,B,64.0
HD_156097__2016-06-28__03-39-05,5681.45,205.77,B,64.0
HD_156097__2016-06-28__03-39-05,5238.33,113.49,B,12.0
HD_156097__2016-06-28__03-39-05,3228.35,140.46,B,64.0
HD_156097__2016-06-28__03-39-05,2447.07,119.22,B,12.0
HD_156097__2016-06-28__03-39-05,6145.18,345.41,B,12.0
HD_159492__2016-06-11__05-40-25,2753.222888514784,33.75823582761393,add_custom,12.0
HD_159492__2016-06-11__05-40-25,5238.03,154.67,B,12.0
HD_159492__2016-06-11__05-40-25,1953.23,253.24,B,12.0
HD_159492__2016-06-11__05-40-25,3505.18,104.99,B,12.0
HD_159492__2016-06-11__05-40-25,3190.13,77.9,B,12.0
HD_159492__2016-06-11__05-40-25,7096.607566289624,9.77615220919364,add_custom,12.0
HD_159492__2016-06-11__05-40-25,6139.464781116922,4.034346812598415,add_custom,12.0
HD_159492__2016-06-11__05-40-25,7076.59,111.6,B,12.0
HD_159492__2016-06-11__05-40-25,2841.59,52.01,B,12.0
HD_159911__2015-05-12__07-17-59,4711.82,358.73,B,12.0
HD_159911__2015-05-12__07-17-59,6049.19,7.22,add_1_0,12.0
HD_159911__2015-05-12__07-17-59,5829.78,177.87,edit_0_1,12.0
HD_159911__2015-05-12__07-17-59,5419.908616347263,263.71159829096143,add_custom,12.0
HD_159911__2015-05-12__07-17-59,4710.79,202.09,B,12.0
HD_159911__2015-05-12__07-17-59,5648.37,163.07,B,12.0
HD_159911__2015-05-12__07-17-59,1604.325922101012,355.74633712929455,add_custom,12.0
HD_159911__2015-05-12__07-17-59,4253.38,70.59,B,12.0
HD_159911__2015-05-12__07-17-59,6688.0424509179575,282.8698541159652,add_custom,12.0
HD_159911__2015-05-12__07-17-59,5016.788760968021,295.2651813130188,add_custom,12.0
HD_159911__2015-05-12__07-17-59,6341.41,345.56,B,24.63061857201804
HD_159911__2015-05-12__07-17-59,5745.8,320.05,B,64.0
HD_159911__2015-05-12__07-17-59,4731.687933471571,155.35908009542413,add_custom,12.0
HD_159911__2015-05-12__07-17-59,3607.21,108.65,B,12.0
HD_159911__2015-05-12__07-17-59,6008.38,253.6,B,12.0
HD_159911__2015-05-12__07-17-59,7276.439544506555,292.0096764184949,add_custom,12.0
HD_159911__2015-05-12__07-17-59,7025.631028435284,165.90379159257668,add_custom,12.0
HD_159911__2015-05-12__07-17-59,3617.63,250.53,B,12.0
HD_159911__2015-05-12__07-17-59,5622.1,265.2,B,12.0
HD_159911__2015-05-12__07-17-59,6424.44,358.48,B,12.0
HD_159911__2015-05-12__07-17-59,5349.512343581082,320.9642007286613,add_custom,12.0
HD_159911__2015-05-12__07-17-59,6867.16,183.48,B,12.0
HD_159911__2015-05-12__07-17-59,6608.91,278.17,B,12.0
HD_159911__2015-05-12__07-17-59,6178.21,233.7,add_1_0,12.0
HD_159911__2015-05-12__07-17-59,6940.44,253.04,B,64.0
HD_159911__2016-04-16__09-34-10,6110.16,234.6,B,12.0
HD_159911__2016-04-16__09-34-10,4619.99,154.67,B,12.0
HD_159911__2016-04-16__09-34-10,5748.7137123366,177.55088262394747,add_custom,12.0
HD_159911__2016-04-16__09-34-10,5618.15,266.14,B,12.0
HD_159911__2016-04-16__09-34-10,3573.42,106.71,B,12.0
HD_159911__2016-04-16__09-34-10,5061.763059268033,296.20796407572755,add_custom,12.0
HD_159911__2016-04-16__09-34-10,5541.07,162.5,B,12.0
HD_159911__2016-04-16__09-34-10,5464.56,321.8,edit_0_1,12.0
HD_159911__2016-04-16__09-34-10,6965.03,165.74,add_1_0,12.0
HD_159911__2016-04-16__09-34-10,5983.96,254.47,B,12.0
HD_159911__2016-04-16__09-34-10,4635.303229701178,202.4402079589046,add_custom,12.0
HD_159911__2016-04-16__09-34-10,2307.57,57.33,B,12.0
HD_159911__2016-04-16__09-34-10,4712.14,140.99,B,12.0
HD_159911__2016-04-16__09-34-10,4833.68,358.57,B,12.0
HD_159911__2016-04-16__09-34-10,5839.08,320.57,B,12.0
HD_159911__2016-04-16__09-34-10,6630.86,278.87,B,12.0
HD_159911__2016-04-16__09-34-10,6458.547475714584,345.7567363278484,add_custom,26.910068521060168
HD_159911__2016-04-16__09-34-10,6897.25,253.9,B,12.0
HD_159911__2016-04-16__09-34-10,3587.81,252.14,B,12.0
HD_159911__2016-04-16__09-34-10,7408.2311556651075,131.95095527520414,add_custom,12.0
HD_159911__2016-04-16__09-34-10,4299.07,68.93,B,12.0
HD_159911__2016-04-16__09-34-10,6706.54,283.69,B,12.0
HD_159911__2016-04-16__09-34-10,1720.45,355.71,B,12.0
HD_159911__2016-04-16__09-34-10,5407.91,264.74,B,12.0
HD_159911__2016-04-16__09-34-10,2220.15,304.78,B,12.0
HD_159911__2016-05-22__06-07-40,3590.91,106.75,B,12.0
HD_159911__2016-05-22__06-07-40,5447.587822139507,322.15990684635835,add_custom,12.0
HD_159911__2016-05-22__06-07-40,5540.92,162.54,B,12.0
HD_159911__2016-05-22__06-07-40,6701.492797940347,283.9251719983782,add_custom,12.0
HD_159911__2016-05-22__06-07-40,6118.24,234.92,add_1_0,12.0
HD_159911__2016-05-22__06-07-40,6911.39,37.21,B,12.0
HD_159911__2016-05-22__06-07-40,3573.49,252.46,B,12.0
HD_159911__2016-05-22__06-07-40,7315.165918476023,293.0650043557848,add_custom,19.998496222022585
HD_159911__2016-05-22__06-07-40,4843.23,359.08,B,12.0
HD_159911__2016-05-22__06-07-40,5068.6209306400215,296.7438529722207,add_custom,12.0
HD_159911__2016-05-22__06-07-40,6473.596367518313,346.0223435590788,add_custom,24.099818679769506
HD_159911__2016-05-22__06-07-40,4621.62,154.67,B,12.0
HD_159911__2016-05-22__06-07-40,6920.10925193036,165.57730226545016,add_custom,12.0
HD_159911__2016-05-22__06-07-40,4718.49,141.03,B,12.0
HD_159911__2016-05-22__06-07-40,4320.346126871474,69.18735077258856,add_custom,33.33226589648209
HD_159911__2016-05-22__06-07-40,5397.41,265.13,B,12.0
HD_159911__2016-05-22__06-07-40,5973.27,254.69,add_1_0,12.0
HD_159911__2016-05-22__06-07-40,5740.588600925092,177.47659547137437,add_custom,12.0
HD_159911__2016-05-22__06-07-40,2211.8,305.57,B,12.0
HD_159911__2016-05-22__06-07-40,6751.497767881973,183.4018379902094,add_custom,26.24038800842252
HD_159911__2016-05-22__06-07-40,6623.237238184638,279.22474967756506,add_custom,14.989172518659002
HD_159911__2016-05-22__06-07-40,5618.593356695242,266.4812631441116,add_custom,22.27436317020668
HD_159911__2016-05-22__06-07-40,6562.582580063043,358.7911209937387,add_custom,12.0
HD_159911__2016-05-22__06-07-40,2329.77,57.69,B,12.0
HD_159911__2016-05-22__06-07-40,6890.003953712365,254.0612225137189,add_custom,15.04652607592334
HD_159911__2016-05-22__06-07-40,6215.702605759269,7.549093319124154,add_custom,12.0
HD_159911__2016-05-22__06-07-40,1728.9087470078136,356.6101765735884,add_custom,12.0
HD_159911__2016-05-22__06-07-40,5832.142751965751,321.10877740399,add_custom,21.97763597258303
HD_159911__2018-04-12__09-18-25,5621.97,323.45,B,12.0
HD_159911__2018-04-12__09-18-25,6006.619549395427,322.42498451653245,add_custom,28.763460197500144
HD_159911__2018-04-12__09-18-25,5318.27,161.46,B,30.533874259093984
HD_159911__2018-04-12__09-18-25,4421.32,153.13,B,12.0
HD_159911__2018-04-12__09-18-25,5507.86,177.13,B,12.0
HD_159911__2018-04-12__09-18-25,6698.4,164.95,B,12.0
HD_159911__2018-04-12__09-18-25,5960.73,236.59,B,12.0
HD_159911__2018-04-12__09-18-25,1960.19,357.3,B,12.0
HD_159911__2018-04-12__09-18-25,5904.12,256.8,B,12.0
HD_159911__2018-04-12__09-18-25,7398.39,294.71,add_0_0,12.0
HD_159911__2018-04-12__09-18-25,2478.54,53.11,B,12.0
HD_159911__2018-04-12__09-18-25,4548.51,139.02,B,12.0
HD_159911__2018-04-12__09-18-25,6651.92,281.18,B,12.0
HD_159911__2018-04-12__09-18-25,3493.49,255.86,B,12.0
HD_159911__2018-04-12__09-18-25,5155.03,298.95,B,12.0
HD_159911__2018-04-12__09-18-25,6687.49,346.64,B,12.0
HD_159911__2018-04-12__09-18-25,6800.56,358.75,B,12.0
HD_159911__2018-04-12__09-18-25,4382.33,203.58,B,12.0
HD_159911__2018-04-12__09-18-25,5137.129999999999,358.9,edit_0_1,12.0
HD_159911__2018-04-12__09-18-25,6809.0,255.89,B,12.0
HD_159911__2018-04-12__09-18-25,6520.18,183.28,B,12.0
HD_159911__2018-04-12__09-18-25,7278.736187079624,130.54790205781364,add_custom,12.0
HD_159911__2018-04-12__09-18-25,1825.9560075479244,319.43679327708554,add_custom,12.0
HD_159911__2018-04-12__09-18-25,4424.61,66.24,B,29.030136688322305
HD_159911__2018-04-12__09-18-25,5362.25,267.52,B,12.0
HD_159911__2018-04-12__09-18-25,3535.71,103.02,B,22.652959991686416
HD_159911__2018-04-12__09-18-25,5581.03,268.72,B,12.0
HD_160305__2015-05-13__07-26-52,5050.538416770177,149.93468697244202,add_custom,12.0
HD_160305__2015-05-13__07-26-52,5611.047434456624,201.07730480662505,add_custom,12.0
HD_160305__2015-05-13__07-26-52,3451.64,3.43,B,12.0
HD_160305__2015-05-13__07-26-52,7015.511895941744,110.72326321509216,add_custom,12.0
HD_160305__2015-05-13__07-26-52,3338.13,331.33,B,29.946218789174
HD_160305__2015-05-13__07-26-52,4143.92,327.61,B,12.0
HD_160305__2015-05-13__07-26-52,4154.81,58.29,B,23.701117471662577
HD_160305__2015-05-13__07-26-52,5376.67,60.42,B,12.0
HD_160305__2015-05-13__07-26-52,4095.9217756186968,186.47598766371303,add_custom,12.0
HD_160305__2015-05-13__07-26-52,3704.8471033847104,115.34058833271916,add_custom,12.0
HD_160305__2016-05-23__06-09-39,7307.88,155.3,U,12.0
HD_160305__2016-05-23__06-09-39,3519.75,3.57,B,12.0
HD_160305__2016-05-23__06-09-39,4992.87,149.86,B,12.0
HD_160305__2016-05-23__06-09-39,6198.75,164.53,B,12.0
HD_160305__2016-05-23__06-09-39,7778.42,157.7,U,12.0
HD_160305__2016-05-23__06-09-39,3392.53,332.01,B,12.0
HD_160305__2016-05-23__06-09-39,4191.21,57.66,B,12.0
HD_160305__2016-05-23__06-09-39,2984.7,105.22,B,12.0
HD_160305__2016-05-23__06-09-39,5554.16,201.46,B,12.0
HD_160305__2016-05-23__06-09-39,5415.78,59.89,B,12.0
HD_160305__2016-05-23__06-09-39,4037.17,186.6,B,12.0
HD_160305__2016-05-23__06-09-39,4193.35,328.2,B,12.0
HD_160305__2016-05-23__06-09-39,6985.83,110.4,B,12.0
HD_160305__2016-05-23__06-09-39,3677.71,114.72,B,12.0
HD_160305__2016-05-23__06-09-39,7436.38,154.97,U,12.0
HD_164249__2015-06-01__05-54-21,6214.789903984639,65.22025305438262,add_custom,12.0
HD_164249__2015-06-01__05-54-21,5212.820858915944,322.57640886946007,add_custom,12.0
HD_164249__2015-06-01__05-54-21,3493.62755040441,141.99457304495763,add_custom,20.048308928244644
HD_164249__2015-06-01__05-54-21,1294.4699999999996,209.6,edit_1_0,12.0
HD_164249__2015-06-01__05-54-21,6528.81,89.37,edit_1_0,233.6755118194434
HD_164249__2015-06-01__05-54-21,4265.272424308048,227.62660890274245,add_custom,12.0
HD_164249__2016-04-17__09-37-17,4242.07,228.47,B,12.0
HD_164249__2016-04-17__09-37-17,6519.780000000001,89.36000000000001,edit_1_0,181.52662663909857
HD_164249__2016-04-17__09-37-17,1238.82,212.71,B,12.0
HD_164249__2016-04-17__09-37-17,6583.5,201.71,add_1_0,12.0
HD_164249__2016-04-17__09-37-17,3435.8174050474654,141.5051972378236,add_custom,19.74690653336383
HD_164249__2016-04-17__09-37-17,5265.540226015302,322.72020151440614,add_custom,12.0
HD_164249__2018-04-11__09-42-29,4141.17,230.34,B,12.0
HD_164249__2018-04-11__09-42-29,3292.14,140.17,B,12.0
HD_164249__2018-04-11__09-42-29,6537.589999999998,89.71000000000004,edit_1_0,253.25505922527435
HD_164249__2018-04-11__09-42-29,1108.8810293702024,217.24235127694075,add_custom,12.0
HD_164249__2018-04-11__09-42-29,6435.53,202.27,add_1_0,12.0
HD_164249__2018-04-11__09-42-29,5399.946059144615,323.7064395999436,add_custom,12.0
HD_168210__2016-06-14__05-47-41,4722.39,92.41,B,64.0
HD_168210__2016-06-14__05-47-41,2864.84,179.71,B,64.0
HD_168210__2016-06-14__05-47-41,5195.06,179.4,B,64.0
HD_168210__2016-06-14__05-47-41,3896.23,88.87,B,64.0
HD_168210__2016-06-14__05-47-41,4480.2,76.39,B,12.0
HD_168210__2016-06-14__05-47-41,7399.819642208046,89.69492473918064,add_custom,36.75141151004038
HD_168210__2016-06-14__05-47-41,5295.93,277.09,B,12.0
HD_168210__2016-06-14__05-47-41,5067.802205439422,270.2443110866191,add_custom,12.0
HD_168210__2016-06-14__05-47-41,2477.65,32.63,B,64.0
HD_168210__2016-06-14__05-47-41,2942.35,35.59,B,64.0
HD_168210__2016-06-14__05-47-41,4994.56,318.57,B,64.0
HD_168210__2016-06-14__05-47-41,3997.248238426585,12.9493960547764,add_custom,12.0
HD_168210__2016-06-14__05-47-41,5014.56,185.57,B,12.0
HD_168210__2016-06-14__05-47-41,1889.6,114.65,B,12.0
HD_168210__2016-06-14__05-47-41,5389.17,112.89,B,20.626784599542848
HD_168210__2016-06-14__05-47-41,5092.97,90.48,B,12.0
HD_168210__2016-06-14__05-47-41,5433.98,104.09,B,19.455825277398183
HD_168210__2016-06-14__05-47-41,4189.81,217.92,B,12.0
HD_168210__2016-06-14__05-47-41,3879.04,180.15,B,64.0
HD_168210__2016-06-14__05-47-41,4031.01,2.17,B,64.0
HD_168210__2016-06-14__05-47-41,5278.54,122.95,B,12.0
HD_168210__2016-06-14__05-47-41,4635.5,24.44,FP,64.0
HD_168210__2016-06-14__05-47-41,4092.514266672674,224.02267698898785,add_custom,12.0
HD_168210__2016-06-14__05-47-41,1524.64,179.14,B,64.0
HD_168210__2016-06-14__05-47-41,7131.92534891848,10.62853543713186,add_custom,53.7244944783393
HD_168210__2016-06-14__05-47-41,4148.93,146.08,B,12.0
HD_168210__2016-06-14__05-47-41,5326.36,347.46,B,64.0
HD_168210__2016-06-14__05-47-41,1944.24,178.65,B,64.0
HD_168210__2016-06-14__05-47-41,1679.47,12.57,B,55.67910207091767
HD_168210__2016-06-14__05-47-41,6857.35,38.86,B,12.0
HD_168210__2016-06-14__05-47-41,4252.63,44.84,B,12.0
HD_168210__2016-06-14__05-47-41,3192.36,161.81,B,12.0
HD_168210__2016-06-14__05-47-41,5201.69,86.26,B,12.0
HD_168210__2016-06-14__05-47-41,6235.7,301.56,B,64.0
HD_168210__2016-06-14__05-47-41,6349.44,217.19,B,64.0
HD_168210__2016-06-14__05-47-41,4499.77,296.13,B,64.0
HD_168210__2016-06-14__05-47-41,5626.85,353.13,B,12.0
HD_168210__2016-06-14__05-47-41,6504.06,258.2,B,12.0
HD_168210__2016-06-14__05-47-41,1824.61,11.27,B,12.0
HD_168210__2016-06-14__05-47-41,6755.0,32.46,B,64.0
HD_168210__2016-06-14__05-47-41,5060.94,328.23,B,64.0
HD_168210__2016-06-14__05-47-41,6216.19,46.32,B,12.0
HD_168210__2016-06-14__05-47-41,1620.23,96.79,B,12.0
HD_168210__2016-06-14__05-47-41,6162.4,316.18,B,12.0
HD_168210__2016-06-14__05-47-41,2601.11,137.85,B,64.0
HD_168210__2016-06-14__05-47-41,4138.21,154.95,B,12.0
HD_168210__2016-06-14__05-47-41,4343.9,22.35,B,64.0
HD_168210__2016-06-14__05-47-41,3200.27,176.36,B,12.0
HD_168210__2016-06-14__05-47-41,4951.9,51.78,B,12.0
HD_168210__2016-06-14__05-47-41,6348.57,257.65,B,12.0
HD_168210__2016-06-14__05-47-41,4280.5,241.14,B,12.0
HD_168210__2016-06-14__05-47-41,4279.8,95.76,B,12.0
HD_168210__2016-06-14__05-47-41,6172.63,310.74,B,64.0
HD_168210__2016-06-14__05-47-41,6001.2,35.8,B,12.0
HD_168210__2016-06-14__05-47-41,5326.55,253.73,B,12.0
HD_168210__2016-06-14__05-47-41,2856.763892129022,61.36232658699129,add_custom,12.0
HD_168210__2016-06-14__05-47-41,6500.39,219.35,B,12.0
HD_168210__2016-06-14__05-47-41,4297.34,26.74,B,12.0
HD_168210__2016-06-14__05-47-41,5144.64,228.86,B,12.0
HD_168210__2016-06-14__05-47-41,4918.26,171.01,B,12.0
HD_168210__2016-06-14__05-47-41,4771.45,124.71,B,12.0
HD_168210__2016-06-14__05-47-41,3008.37,124.05,B,64.0
HD_168210__2016-06-14__05-47-41,5211.41,75.78,B,12.0
HD_168210__2016-06-14__05-47-41,5930.71,220.55,B,12.0
HD_168210__2016-06-14__05-47-41,6678.83,184.84,B,12.0
HD_168210__2016-06-14__05-47-41,4766.87,259.64,B,64.0
HD_168210__2016-06-14__05-47-41,5555.95,240.57,B,12.0
HD_168210__2016-06-14__05-47-41,6570.1,253.56,B,12.0
HD_168210__2016-06-14__05-47-41,6174.97,51.14,B,12.0
HD_168210__2016-06-14__05-47-41,3255.97,193.93,B,12.0
HD_168210__2016-06-14__05-47-41,1485.41,358.39,B,12.0
HD_168210__2016-06-14__05-47-41,5093.4,254.15,B,12.0
HD_168210__2016-06-14__05-47-41,5153.72,338.15,B,12.0
HD_168210__2016-06-14__05-47-41,5548.763042531844,267.0150129172016,add_custom,12.0
HD_168210__2016-06-14__05-47-41,4686.11,118.36,B,12.0
HD_168210__2016-06-14__05-47-41,5573.94,192.2,B,12.0
HD_168210__2016-06-14__05-47-41,2547.14,40.4,B,12.0
HD_168210__2016-06-14__05-47-41,6575.77,171.27,B,12.0
HD_168210__2016-06-14__05-47-41,878.23,340.29,B,12.0
HD_168210__2016-06-14__05-47-41,4641.9,31.92,B,64.0
HD_168210__2016-06-14__05-47-41,3621.637888148197,289.5760436503657,add_custom,17.043756626639755
HD_168210__2016-06-14__05-47-41,6926.466830554879,89.36596343912487,add_custom,36.72159919549793
HD_168210__2016-06-14__05-47-41,7036.211824501363,84.23072038420605,add_custom,40.26559983724197
HD_168210__2016-06-14__05-47-41,4513.58,179.3,B,12.0
HD_168210__2016-06-14__05-47-41,5004.41,36.76,B,12.0
HD_168210__2016-06-14__05-47-41,2584.11,173.87,B,12.0
HD_168210__2016-06-14__05-47-41,4322.43,130.98,B,28.417667152258336
HD_168210__2016-06-14__05-47-41,6567.54,141.73,B,12.0
HD_168210__2016-06-14__05-47-41,6040.68,32.93,B,64.0
HD_168210__2016-06-14__05-47-41,5011.02,91.96,B,12.0
HD_168210__2016-06-14__05-47-41,3620.16,38.28,B,12.0
HD_168210__2016-06-14__05-47-41,5815.97,50.69,B,12.0
HD_168210__2016-06-14__05-47-41,3379.08,10.81,B,12.0
HD_168210__2016-06-14__05-47-41,3320.14,322.95,B,12.0
HD_168210__2016-06-14__05-47-41,5890.49,161.41,B,12.0
HD_168210__2016-06-14__05-47-41,4818.42,287.74,B,12.0
HD_168210__2016-06-14__05-47-41,3941.48,178.7,B,12.0
HD_168210__2016-06-14__05-47-41,6536.868659182324,210.4617801180948,add_custom,12.0
HD_168210__2016-06-14__05-47-41,3503.94,162.17,B,12.0
HD_168210__2016-06-14__05-47-41,6287.41,172.14,B,64.0
HD_168210__2016-06-14__05-47-41,5613.11,42.55,B,12.0
HD_168210__2016-06-14__05-47-41,3977.37,323.12,B,12.0
HD_168210__2016-06-14__05-47-41,3351.44,355.49,B,12.0
HD_168210__2016-06-14__05-47-41,2836.35,195.88,B,12.0
HD_168210__2016-06-14__05-47-41,4513.96,85.67,B,12.0
HD_168210__2016-06-14__05-47-41,4778.49,280.2,B,64.0
HD_168210__2016-06-14__05-47-41,6112.41,104.67,B,23.153252099471874
HD_168210__2016-06-14__05-47-41,6889.558610325939,319.60158939083306,add_custom,30.91463211006569
HD_168210__2016-06-14__05-47-41,2590.11,299.22,B,12.0
HD_168210__2016-06-14__05-47-41,6058.5,232.35,B,12.0
HD_168210__2016-06-14__05-47-41,5097.5,241.72,B,64.0
HD_168210__2016-06-14__05-47-41,3460.45,109.44,B,12.0
HD_168210__2016-06-14__05-47-41,5424.08,218.65,B,12.0
HD_168210__2016-06-14__05-47-41,6346.52,192.28,B,12.0
HD_168210__2016-06-14__05-47-41,7041.58,33.91,B,64.0
HD_168210__2016-06-14__05-47-41,4307.91,116.41,B,12.0
HD_168210__2016-06-14__05-47-41,2059.26,342.56,B,12.0
HD_168210__2016-06-14__05-47-41,4434.19,157.23,B,12.0
HD_168210__2016-06-14__05-47-41,5361.48,22.06,B,12.0
HD_168210__2016-06-14__05-47-41,1026.72,328.42,B,12.0
HD_168210__2016-06-14__05-47-41,3689.25,300.27,B,64.0
HD_168210__2017-06-03__05-47-51,3642.62,290.19,B,12.0
HD_168210__2017-06-03__05-47-51,3656.4031857158334,37.74764173965304,add_custom,12.0
HD_168210__2017-06-03__05-47-51,3838.97868525007,12.630966985418013,add_custom,12.0
HD_168210__2017-06-03__05-47-51,6460.149927402795,219.37612923764587,add_custom,12.0
HD_168210__2017-06-03__05-47-51,1304.84,75.75,B,12.0
HD_168210__2017-06-03__05-47-51,4014.02,323.29,B,12.0
HD_168210__2017-06-03__05-47-51,2907.34,164.74,B,12.0
HD_168210__2017-06-03__05-47-51,3889.88,9.42,B,12.0
HD_168210__2017-06-03__05-47-51,3358.33,323.1,B,12.0
HD_168210__2017-06-03__05-47-51,1451.66,178.51,B,12.0
HD_168210__2017-06-03__05-47-51,5317.39,234.41,B,12.0
HD_168210__2017-06-03__05-47-51,6431.446997662479,198.1844885236243,add_custom,12.0
HD_168210__2017-06-03__05-47-51,5641.57,41.98,B,12.0
HD_168210__2017-06-03__05-47-51,6513.36,283.94,B,12.0
HD_168210__2017-06-03__05-47-51,4109.73,145.6,B,12.0
HD_168210__2017-06-03__05-47-51,5294.76,244.49,B,12.0
HD_168210__2017-06-03__05-47-51,6943.95,275.54,B,12.0
HD_168210__2017-06-03__05-47-51,1565.7639775050425,75.83747723630972,add_custom,12.0
HD_168210__2017-06-03__05-47-51,4755.58,260.45,B,12.0
HD_168210__2017-06-03__05-47-51,7009.971930185248,294.2565807219325,add_custom,12.0
HD_168210__2017-06-03__05-47-51,7164.101906941284,280.16675335377704,add_custom,12.0
HD_168210__2017-06-03__05-47-51,4707.432937299399,24.212852385936344,add_custom,12.0
HD_168210__2017-06-03__05-47-51,3714.31,301.4,B,12.0
HD_168210__2017-06-03__05-47-51,2615.71,299.79,B,12.0
HD_168210__2017-06-03__05-47-51,5029.07,36.18,B,12.0
HD_168210__2017-06-03__05-47-51,3391.11,355.23,B,12.0
HD_168210__2017-06-03__05-47-51,4966.59,185.49,B,12.0
HD_168210__2017-06-03__05-47-51,6089.79,103.95,B,12.0
HD_168210__2017-06-03__05-47-51,4227.24,291.89,B,12.0
HD_168210__2017-06-03__05-47-51,6837.29,16.86,U,12.0
HD_168210__2017-06-03__05-47-51,6070.842645771484,96.86630918648324,add_custom,12.0
HD_168210__2017-06-03__05-47-51,3416.08,10.37,B,12.0
HD_168210__2017-06-03__05-47-51,2113.259200963442,159.72441362607674,add_custom,12.0
HD_168210__2017-06-03__05-47-51,4095.43,154.56,B,12.0
HD_168210__2017-06-03__05-47-51,6294.44,192.3,B,12.0
HD_168210__2017-06-03__05-47-51,4135.823633291821,190.9007480940973,add_custom,12.0
HD_168210__2017-06-03__05-47-51,920.32,340.75,B,12.0
HD_168210__2017-06-03__05-47-51,3446.1392892061235,108.39954477012446,add_custom,12.0
HD_168210__2017-06-03__05-47-51,4706.116893562776,91.2778506724951,add_custom,12.0
HD_168210__2017-06-03__05-47-51,1768.8996487957766,48.07774294958358,add_custom,12.0
HD_168210__2017-06-03__05-47-51,5086.9769744883015,89.53336021821292,add_custom,12.0
HD_168210__2017-06-03__05-47-51,5969.704424808068,227.33621734545235,add_custom,12.0
HD_168210__2017-06-03__05-47-51,4485.17,75.59,B,12.0
HD_168210__2017-06-03__05-47-51,4941.143521886319,325.4009563977994,add_custom,12.0
HD_168210__2017-06-03__05-47-51,5318.53,254.03,B,12.0
HD_168210__2017-06-03__05-47-51,2506.87,31.93,B,12.0
HD_168210__2017-06-03__05-47-51,4762.608558161713,50.38735520261628,add_custom,12.0
HD_168210__2017-06-03__05-47-51,5246.117782019194,122.46688068473128,add_custom,12.0
HD_168210__2017-06-03__05-47-51,3889.88,9.42,B,12.0
HD_168210__2017-06-03__05-47-51,4480.172621517688,45.74470308795509,add_custom,12.0
HD_168210__2017-06-03__05-47-51,2107.46,342.52,B,12.0
HD_168210__2017-06-03__05-47-51,5361.52,112.27,B,12.0
HD_168210__2017-06-03__05-47-51,6504.73,210.55,B,12.0
HD_168210__2017-06-03__05-47-51,3215.88,193.96,B,12.0
HD_168210__2017-06-03__05-47-51,1275.9,353.92,B,12.0
HD_168210__2017-06-03__05-47-51,6027.02,232.6,B,12.0
HD_168210__2017-06-03__05-47-51,5674.93,353.2,B,12.0
HD_168210__2017-06-03__05-47-51,4510.12,84.92,B,12.0
HD_168210__2017-06-03__05-47-51,6636.165310041832,184.74987724357783,add_custom,24.436051600124376
HD_168210__2017-06-03__05-47-51,2618.796624284245,194.1886554038436,add_custom,12.0
HD_168210__2017-06-03__05-47-51,6242.47,45.84,B,12.0
HD_168210__2017-06-03__05-47-51,5077.8,270.73,B,12.0
HD_168210__2017-06-03__05-47-51,1132.03,77.15,B,12.0
HD_168210__2017-06-03__05-47-51,1875.76,179.01,B,12.0
HD_168210__2017-06-03__05-47-51,5898.73,220.7,B,12.0
HD_168210__2017-06-03__05-47-51,4723.08,305.05,B,12.0
HD_168210__2017-06-03__05-47-51,6190.42,316.11,B,12.0
HD_168210__2017-06-03__05-47-51,4288.86,115.77,B,12.0
HD_168210__2017-06-03__05-47-51,5124.14,179.27,B,12.0
HD_168210__2017-06-03__05-47-51,6674.743008578454,116.00516201334096,add_custom,12.0
HD_168210__2017-06-03__05-47-51,1866.62,113.35,B,12.0
HD_168210__2017-06-03__05-47-51,4332.22,26.15,B,12.0
HD_168210__2017-06-03__05-47-51,3944.90140575695,272.1791174283184,add_custom,12.0
HD_168210__2017-06-03__05-47-51,3609.90136734808,323.60616339931124,add_custom,12.0
HD_168210__2017-06-03__05-47-51,5550.34,267.55,B,12.0
HD_168210__2017-06-03__05-47-51,5084.03,254.51,B,12.0
HD_168210__2017-06-03__05-47-51,2578.4,39.47,B,12.0
HD_168210__2017-06-03__05-47-51,4602.039767888656,186.17590585241808,add_custom,12.0
HD_168210__2017-06-03__05-47-51,5001.36,91.22,B,12.0
HD_168210__2017-06-03__05-47-51,4723.411295870165,9.086897418041644,add_custom,12.0
HD_168210__2017-06-03__05-47-51,5856.329245858144,161.1446502752317,add_custom,12.0
HD_168210__2017-06-03__05-47-51,5366.243018698578,347.3338897275126,add_custom,12.0
HD_168210__2017-06-03__05-47-51,4245.852919320569,198.15460649707623,add_custom,12.0
HD_168210__2017-06-03__05-47-51,5535.95,240.91,B,12.0
HD_168210__2017-06-03__05-47-51,1722.59,11.37,add_0_0,12.0
HD_168210__2017-06-03__05-47-51,5194.37,338.11,B,12.0
HD_168210__2017-06-03__05-47-51,6782.83,31.81,B,12.0
HD_168210__2017-06-03__05-47-51,5210.86,75.11,B,12.0
HD_168210__2017-06-03__05-47-51,5616.264777781271,101.449830254605,add_custom,12.0
HD_168210__2017-06-03__05-47-51,7177.710942633479,10.881142736761376,add_custom,12.0
HD_168210__2017-06-03__05-47-51,4793.42,281.06,B,12.0
HD_168210__2017-06-03__05-47-51,6665.81336018987,35.41141021769664,add_custom,12.0
HD_168210__2017-06-03__05-47-51,6410.833982927313,217.4621301083256,add_custom,12.0
HD_168210__2017-06-03__05-47-51,6419.241745769237,9.048720952491806,add_custom,12.0
HD_168210__2017-06-03__05-47-51,5984.7341424085935,94.46978659017752,add_custom,12.0
HD_168210__2017-06-03__05-47-51,5856.722765033756,297.30854417875014,add_custom,12.0
HD_168210__2017-06-03__05-47-51,2542.027739700552,177.1608011109745,add_custom,12.0
HD_168210__2017-06-03__05-47-51,6897.14,88.74,B,12.0
HD_168210__2017-06-03__05-47-51,3562.592268343761,54.49422946372266,add_custom,12.0
HD_168210__2017-06-03__05-47-51,6197.34,50.6,B,12.0
HD_168210__2017-06-03__05-47-51,3378.08,244.67,B,12.0
HD_168210__2017-06-03__05-47-51,7373.038148370088,89.8189816701888,add_custom,24.267979607303467
HD_168210__2017-06-03__05-47-51,2794.5,196.09,B,12.0
HD_168210__2017-06-03__05-47-51,576.8953306346323,94.623709419007,add_custom,12.0
HD_168210__2017-06-03__05-47-51,5114.83,229.15,B,12.0
HD_168210__2017-06-03__05-47-51,7243.581833491259,280.2439065554066,add_custom,12.0
HD_168210__2017-06-03__05-47-51,1879.377045612348,10.44327170258606,add_custom,12.0
HD_168210__2017-06-03__05-47-51,5101.234868129192,116.21927146392004,add_custom,12.0
HD_168210__2017-06-03__05-47-51,7110.434058348973,21.42336849581443,add_custom,12.0
HD_168210__2017-06-03__05-47-51,5121.44,328.49,B,12.0
HD_168210__2017-06-03__05-47-51,4974.94,51.06,B,12.0
HD_168210__2017-06-03__05-47-51,5318.53,254.03,B,12.0
HD_168210__2017-06-03__05-47-51,5383.79,218.85,B,12.0
HD_168210__2017-06-03__05-47-51,2826.1234387736176,179.47766698265946,add_custom,12.0
HD_168210__2017-06-03__05-47-51,4273.93,44.11,B,12.0
HD_168210__2017-06-03__05-47-51,4264.8,241.55,B,12.0
HD_168210__2017-06-03__05-47-51,6495.4,258.64,B,12.0
HD_168210__2017-06-03__05-47-51,2852.17,60.62,B,12.0
HD_168210__2017-06-03__05-47-51,1063.55,329.22,B,12.0
HD_168210__2017-06-03__05-47-51,4883.49889698052,213.1664072738568,add_custom,12.0
HD_168210__2017-06-03__05-47-51,2537.33,173.67,B,12.0
HD_168210__2017-06-03__05-47-51,4470.39,179.13,B,12.0
HD_168210__2017-06-03__05-47-51,718.97,46.11,B,12.0
HD_168210__2017-06-03__05-47-51,6334.67,258.07,B,12.0
HD_168210__2017-06-03__05-47-51,4387.376916660885,156.838021860779,add_custom,28.003671965838823
HD_168210__2017-06-03__05-47-51,4529.16,297.2,B,12.0
HD_168210__2017-06-03__05-47-51,4260.197515026235,94.9662278505167,add_custom,12.0
HD_168210__2017-06-03__05-47-51,6289.18,281.75,B,12.0
HD_168210__2017-06-03__05-47-51,5390.43,21.59,B,12.0
HD_168210__2017-06-03__05-47-51,4676.05,31.38,B,64.0
HD_168210__2017-06-03__05-47-51,6072.54,32.46,B,12.0
HD_168210__2017-06-03__05-47-51,997.9,271.77,B,12.0
HD_168210__2017-06-03__05-47-51,6944.167035173044,319.4458829896953,add_custom,19.87075845716079
HD_168210__2017-06-03__05-47-51,6218.75,310.38,B,12.0
HD_168210__2017-06-03__05-47-51,6526.93,141.48,B,12.0
HD_168210__2017-06-03__05-47-51,5041.91,318.8,B,12.0
HD_168210__2017-06-03__05-47-51,5529.98,192.2,B,12.0
HD_168210__2017-06-03__05-47-51,4679.079160356249,61.82072286295278,add_custom,12.0
HD_168210__2017-06-03__05-47-51,5422.245739505213,103.4033236213122,add_custom,12.0
HD_168210__2017-06-03__05-47-51,4873.94,170.79,B,12.0
HD_168210__2017-06-03__05-47-51,3147.49,161.5,B,12.0
HD_168210__2017-06-03__05-47-51,6531.7521806734085,171.04068304769908,add_custom,30.090263909906184
HD_168210__2017-06-03__05-47-51,6293.82,217.47,B,12.0
HD_168210__2017-06-03__05-47-51,5302.98,277.49,B,12.0
HD_168210__2017-06-03__05-47-51,4162.1,218.25,B,12.0
HD_168210__2017-06-03__05-47-51,2536.3,137.03,B,12.0
HD_168210__2017-06-03__05-47-51,4111.18,2.18,B,12.0
HD_168210__2017-06-03__05-47-51,5845.033107291058,50.11090374246237,add_custom,12.0
HD_168210__2017-06-03__05-47-51,6259.21,301.45,B,12.0
HD_168210__2017-06-03__05-47-51,4887.046593912581,164.47948342394386,add_custom,12.0
HD_168210__2017-06-03__05-47-51,1527.27,357.99,B,12.0
HD_168210__2017-06-03__05-47-51,4656.614102566228,117.61842456581708,add_custom,12.0
HD_168210__2017-06-03__05-47-51,5155.196700620392,289.5599343166864,add_custom,12.0
HD_168210__2017-06-03__05-47-51,4044.3,12.52,B,12.0
HD_168210__2017-06-03__05-47-51,4236.848872516855,19.67549571424684,add_custom,12.0
HD_168210__2017-06-03__05-47-51,2907.457309014608,244.5303623994964,add_custom,12.0
HD_168210__2017-06-03__05-47-51,4076.29,224.6,B,12.0
HD_168210__2017-06-03__05-47-51,5789.927936992815,263.8596433388233,add_custom,12.0
HD_168210__2017-06-03__05-47-51,5211.45231688329,85.44640871319376,add_custom,12.0
HD_168210__2017-06-03__05-47-51,4396.34,21.92,B,12.0
HD_168210__2017-06-03__05-47-51,3901.649927073313,87.95861311082365,add_custom,12.0
HD_168210__2017-06-03__05-47-51,3160.03,176.27,B,12.0
HD_168210__2017-06-03__05-47-51,5604.31,276.25,B,12.0
HD_168210__2017-06-03__05-47-51,3897.68,178.54,B,12.0
HD_168210__2017-06-03__05-47-51,3458.27,161.78,B,12.0
HD_168210__2017-06-03__05-47-51,7075.570967366879,33.28405874776985,add_custom,20.588292621910902
HD_168210__2017-06-03__05-47-51,5034.85,242.57,B,12.0
HD_168210__2017-06-03__05-47-51,6877.72,38.27,B,12.0
HD_168210__2017-06-03__05-47-51,4826.29,288.13,B,12.0
HD_168210__2017-06-03__05-47-51,1982.7412452504243,161.3924557394024,add_custom,12.0
HD_168210__2017-06-03__05-47-51,1611.48,95.23,B,12.0
HD_168210__2017-06-03__05-47-51,4745.550594901323,124.07700435053232,add_custom,12.0
HD_168210__2017-06-03__05-47-51,7011.137952622117,83.65484308092903,add_custom,23.974209943814408
HD_168210__2017-06-03__05-47-51,7201.32,286.13,U,12.0
HD_168210__2017-06-03__05-47-51,6035.13,35.47,B,12.0
HD_168210__2017-06-03__05-47-51,3023.72,34.17,B,12.0
HD_168210__2017-06-03__05-47-51,2953.91,123.19,B,12.0
HD_168210__2017-06-03__05-47-51,4293.205946263364,130.3221145263946,add_custom,22.5704915936107
HD_174429__2015-05-06__09-49-25,3360.3660662578795,166.52409898333826,add,25.0
HD_174429__2015-05-06__09-49-25,498.47,60.11000000000007,edit_0_1,25.0
HD_174429__2015-05-31__06-34-52,500.47,59.96999999999997,edit_1_0,25.0
HD_174429__2015-05-31__06-34-52,3346.149999999999,166.42000000000007,edit_1_0,25.0
HD_174429__2016-09-16__23-53-41,6581.74,191.44,add_1_0,12.0
HD_174429__2016-09-16__23-53-41,544.9300000000005,60.95999999999998,edit_1_0,25.0
HD_174429__2016-09-16__23-53-41,3239.069117286703,165.58337858209336,add,25.0
HD_174429__2017-05-18__08-01-51,3175.8487791568928,166.33948447210992,add,25.0
HD_174429__2017-05-18__08-01-51,563.4400000000002,62.97999999999991,edit_0_1,25.0
HD_174429__2017-05-18__08-01-51,6554.56,192.01,add_1_0,12.0
HD_175726__2016-06-12__06-29-45,6137.816675840721,282.59349522418535,add_custom,12.0
HD_175726__2016-06-12__06-29-45,5501.92,331.98,B,12.0
HD_175726__2016-06-12__06-29-45,4444.2,187.13,B,12.0
HD_175726__2016-06-12__06-29-45,4793.1,200.97,B,12.0
HD_175726__2016-06-12__06-29-45,4297.39,85.44,B,12.0
HD_175726__2016-06-12__06-29-45,6043.92,243.44,add_1_0,12.0
HD_175726__2016-06-12__06-29-45,4053.27,297.94,B,12.0
HD_175726__2016-06-12__06-29-45,2556.67,23.63,B,12.0
HD_175726__2016-06-12__06-29-45,6835.587344457324,273.72066089096404,add_custom,12.0
HD_175726__2016-06-12__06-29-45,4767.34,286.94,B,12.0
HD_175726__2016-06-12__06-29-45,5038.05,63.63,B,12.0
HD_175726__2016-06-12__06-29-45,5159.11,130.94,B,12.0
HD_175726__2016-06-12__06-29-45,5610.12,90.86,B,12.0
HD_175726__2016-06-12__06-29-45,3034.92,152.03,B,12.0
HD_175726__2016-06-12__06-29-45,1922.09,241.4,B,12.0
HD_175726__2016-06-12__06-29-45,4797.38,148.42,B,12.0
HD_175726__2016-06-12__06-29-45,4874.82,122.65,B,12.0
HD_175726__2016-06-12__06-29-45,4431.19,359.26,B,12.0
HD_175726__2016-06-12__06-29-45,5472.03,84.21,B,12.0
HD_175726__2016-06-12__06-29-45,5243.2,297.1,B,12.0
HD_175726__2016-06-12__06-29-45,4786.57,77.93,B,12.0
HD_175726__2016-06-12__06-29-45,4986.38,126.32,B,12.0
HD_175726__2016-06-12__06-29-45,4321.56,248.16,B,12.0
HD_175726__2016-06-12__06-29-45,5615.93,315.01,B,12.0
HD_175726__2016-06-12__06-29-45,5896.7,88.62,B,12.0
HD_175726__2016-06-12__06-29-45,5175.76,97.88,B,12.0
HD_175726__2016-06-12__06-29-45,5781.77,186.24,add_1_0,12.0
HD_175726__2016-06-12__06-29-45,5982.993813938721,71.97491454056154,add_custom,12.0
HD_175726__2016-06-12__06-29-45,2670.77,25.98,B,12.0
HD_175726__2016-06-12__06-29-45,3038.98,118.18,B,12.0
HD_175726__2016-06-12__06-29-45,6401.036010634602,294.4069413598432,add_custom,12.0
HD_175726__2016-06-12__06-29-45,1844.15,339.26,B,12.0
HD_175726__2016-06-12__06-29-45,6394.435081699382,283.042626477452,add_custom,12.0
HD_175726__2016-06-12__06-29-45,4906.29,248.2,B,12.0
HD_175726__2016-06-12__06-29-45,3146.62,335.28,B,12.0
HD_175726__2016-06-12__06-29-45,5010.4,109.19,B,12.0
HD_175726__2016-06-12__06-29-45,6366.92,167.82,B,12.0
HD_175726__2016-06-12__06-29-45,4944.05,258.3,B,12.0
HD_175726__2016-06-12__06-29-45,5521.99,242.74,add_1_0,12.0
HD_175726__2016-06-12__06-29-45,5377.9,91.78,add_1_0,12.0
HD_175726__2016-06-12__06-29-45,1809.13,119.22,B,12.0
HD_175726__2016-06-12__06-29-45,4957.94,40.37,B,12.0
HD_175726__2016-06-12__06-29-45,6394.77531318425,266.30842505674474,add_custom,12.0
HD_175726__2016-06-12__06-29-45,4064.85,193.49,B,12.0
HD_175726__2016-06-12__06-29-45,2652.9,136.39,B,12.0
HD_175726__2016-06-12__06-29-45,3363.67,212.83,B,12.0
HD_175726__2016-06-12__06-29-45,2588.03,288.5,B,12.0
HD_175726__2016-06-12__06-29-45,5016.29,8.03,B,12.0
HD_175726__2016-06-12__06-29-45,4444.82,235.11,B,12.0
HD_175726__2016-06-12__06-29-45,3675.21,280.3,B,12.0
HD_175726__2016-06-12__06-29-45,2757.64,154.56,B,12.0
HD_175726__2016-06-12__06-29-45,2488.38,223.28,B,12.0
HD_175726__2016-06-12__06-29-45,3691.49,152.24,B,12.0
HD_175726__2016-06-12__06-29-45,4458.02,168.31,B,12.0
HD_175726__2016-06-12__06-29-45,4872.65,357.42,B,12.0
HD_175726__2016-06-12__06-29-45,4876.18,117.71,B,12.0
HD_175726__2016-06-12__06-29-45,4292.08,157.94,B,12.0
HD_175726__2016-06-12__06-29-45,5094.98,283.25,B,12.0
HD_175726__2016-06-12__06-29-45,2517.45,69.29,B,12.0
HD_175726__2016-06-12__06-29-45,3093.09,23.51,B,12.0
HD_175726__2016-06-12__06-29-45,4500.8,177.39,B,12.0
HD_175726__2016-06-12__06-29-45,3726.49,350.07,B,12.0
HD_175726__2016-06-12__06-29-45,6091.88,339.35,B,12.0
HD_175726__2016-06-12__06-29-45,3123.47,270.62,B,12.0
HD_175726__2016-06-12__06-29-45,2920.27,11.24,B,12.0
HD_175726__2016-06-12__06-29-45,4958.11,75.97,B,12.0
HD_175726__2016-06-12__06-29-45,1977.05,45.66,B,12.0
HD_175726__2016-06-12__06-29-45,5514.446271995244,13.278172633278643,add_custom,12.0
HD_175726__2016-06-12__06-29-45,2913.78,120.11,B,12.0
HD_175726__2016-06-12__06-29-45,4168.82,329.95,B,12.0
HD_175726__2016-06-12__06-29-45,3315.7,113.46,B,12.0
HD_175726__2016-06-12__06-29-45,4256.07,46.53,B,12.0
HD_175726__2016-06-12__06-29-45,5343.12,355.05,add_1_0,12.0
HD_175726__2016-06-12__06-29-45,1931.91,121.62,B,12.0
HD_175726__2016-06-12__06-29-45,6141.08,167.45,B,12.0
HD_175726__2016-06-12__06-29-45,5863.913985559421,305.94171413047366,add_custom,57.471231757823645
HD_175726__2016-06-12__06-29-45,5327.59,182.92,B,12.0
HD_175726__2016-06-12__06-29-45,5423.51,336.14,B,12.0
HD_175726__2016-06-12__06-29-45,4252.56,168.79,B,12.0
HD_175726__2016-06-12__06-29-45,3684.88,252.93,B,12.0
HD_175726__2016-06-12__06-29-45,2788.68,231.72,B,12.0
HD_175726__2016-06-12__06-29-45,3139.05,125.29,B,12.0
HD_175726__2016-06-12__06-29-45,4945.44,80.14,B,12.0
HD_175726__2016-06-12__06-29-45,6975.31252655929,254.8722149906617,add_custom,12.0
HD_175726__2016-06-12__06-29-45,6623.12781364387,330.523016713435,add_custom,12.0
HD_175726__2016-06-12__06-29-45,5190.24,104.1,B,12.0
HD_175726__2016-06-12__06-29-45,6316.939950008336,281.5714999424023,add_custom,12.0
HD_175726__2016-06-12__06-29-45,4396.19,300.28,B,12.0
HD_175726__2016-06-12__06-29-45,977.3,121.48,B,12.0
HD_175726__2016-06-12__06-29-45,6689.896407965146,267.4020256353233,add_custom,12.0
HD_175726__2016-06-12__06-29-45,3304.33,331.34,B,12.0
HD_175726__2016-06-12__06-29-45,2629.42,177.45,B,12.0
HD_175726__2016-06-12__06-29-45,5813.969961795464,321.3509547192622,add_custom,12.0
HD_175726__2016-06-12__06-29-45,3619.97,299.35,B,12.0
HD_175726__2016-06-12__06-29-45,2368.93,254.15,B,12.0
HD_175726__2016-06-12__06-29-45,2647.93,62.25,B,12.0
HD_175726__2016-06-12__06-29-45,6420.299498189627,351.78047062160874,add_custom,12.0
HD_175726__2016-06-12__06-29-45,2950.34,255.84,B,12.0
HD_175726__2016-06-12__06-29-45,2987.09,217.51,B,12.0
HD_175726__2016-06-12__06-29-45,6244.94,158.41,B,12.0
HD_175726__2016-06-12__06-29-45,6050.53,83.62,add_1_0,12.0
HD_175726__2016-06-12__06-29-45,6511.697481700631,330.42259258703814,add_custom,12.0
HD_175726__2016-06-12__06-29-45,4676.12,333.31,B,12.0
HD_175726__2016-06-12__06-29-45,4028.57,95.48,B,12.0
HD_175726__2016-06-12__06-29-45,6229.673881128224,258.09933164547493,add_custom,48.12831561529792
HD_175726__2016-06-12__06-29-45,782.3,74.14,B,12.0
HD_175726__2016-06-12__06-29-45,7324.89,169.19,add_1_0,12.0
HD_175726__2016-06-12__06-29-45,4569.28,216.17,B,12.0
HD_175726__2016-06-12__06-29-45,4260.49,304.77,B,12.0
HD_175726__2016-06-12__06-29-45,4718.27,277.78,B,12.0
HD_175726__2016-06-12__06-29-45,3249.88,46.02,B,12.0
HD_175726__2016-06-12__06-29-45,5528.51,128.24,B,12.0
HD_175726__2016-06-12__06-29-45,5608.16,93.27,B,12.0
HD_175726__2016-06-12__06-29-45,2368.98,209.97,B,12.0
HD_175726__2016-06-12__06-29-45,6604.647951304118,288.121410429909,add_custom,12.0
HD_175726__2016-06-12__06-29-45,5065.83,295.8,B,12.0
HD_175726__2016-06-12__06-29-45,6237.191357660518,255.28580328830049,add_custom,12.0
HD_175726__2016-06-12__06-29-45,4078.47,158.89,B,12.0
HD_175726__2016-06-12__06-29-45,1507.68,34.28,B,12.0
HD_175726__2016-06-12__06-29-45,2376.37,189.34,B,12.0
HD_175726__2016-06-12__06-29-45,5687.802879335426,12.26416112730908,add_custom,12.0
HD_175726__2016-06-12__06-29-45,6105.33,152.38,B,12.0
HD_175726__2016-06-12__06-29-45,2577.36,132.94,B,12.0
HD_175726__2016-06-12__06-29-45,4526.78,314.11,B,12.0
HD_175726__2016-06-12__06-29-45,6314.053501160498,274.198753212879,add_custom,12.0
HD_175726__2016-06-12__06-29-45,2551.06,137.76,B,12.0
HD_175726__2016-06-12__06-29-45,5995.7811357009,255.7258711426961,add_custom,12.0
HD_175726__2016-06-12__06-29-45,2233.01,35.39,B,12.0
HD_175726__2016-06-12__06-29-45,6654.313986040699,182.408063354133,add_custom,12.0
HD_175726__2016-06-12__06-29-45,4908.27,114.4,B,12.0
HD_175726__2016-06-12__06-29-45,5207.24,83.6,B,12.0
HD_175726__2016-06-12__06-29-45,6507.221213135067,340.7725039875866,add_custom,12.0
HD_175726__2016-06-12__06-29-45,4773.91,65.28,B,12.0
HD_175726__2016-06-12__06-29-45,6937.104688149539,278.8309069368058,add_custom,12.0
HD_175726__2016-06-12__06-29-45,3278.69,315.07,B,12.0
HD_175726__2016-09-16__00-00-07,5945.41,88.25,B,12.0
HD_175726__2016-09-16__00-00-07,4318.48,46.58,B,12.0
HD_175726__2016-09-16__00-00-07,3074.16,271.2,B,12.0
HD_175726__2016-09-16__00-00-07,7059.318678298023,343.6794888788221,add_custom,12.0
HD_175726__2016-09-16__00-00-07,5789.14282662717,321.8926493661993,add_custom,12.0
HD_175726__2016-09-16__00-00-07,6100.904886551948,283.0000061973212,add_custom,12.0
HD_175726__2016-09-16__00-00-07,6570.646211658793,288.37807918805936,add_custom,12.0
HD_175726__2016-09-16__00-00-07,3627.03,253.16,B,12.0
HD_175726__2016-09-16__00-00-07,3685.27,151.22,B,12.0
HD_175726__2016-09-16__00-00-07,4743.03,200.48,B,12.0
HD_175726__2016-09-16__00-00-07,5566.29,13.59,B,12.0
HD_175726__2016-09-16__00-00-07,2662.39,135.02,B,12.0
HD_175726__2016-09-16__00-00-07,6258.89,274.5,B,12.0
HD_175726__2016-09-16__00-00-07,2727.94,231.5,B,12.0
HD_175726__2016-09-16__00-00-07,3159.67,336.36,B,12.0
HD_175726__2016-09-16__00-00-07,2940.97,118.92,B,12.0
HD_175726__2016-09-16__00-00-07,3311.98,46.11,B,12.0
HD_175726__2016-09-16__00-00-07,4847.27,248.34,B,12.0
HD_175726__2016-09-16__00-00-07,4905.94,116.97,B,12.0
HD_175726__2016-09-16__00-00-07,6276.84,281.9,B,12.0
HD_175726__2016-09-16__00-00-07,6398.71,115.84,B,12.0
HD_175726__2016-09-16__00-00-07,6172.029796308748,258.1417624431684,add_custom,91.38714235122416
HD_175726__2016-09-16__00-00-07,1957.28,119.73,B,12.0
HD_175726__2016-09-16__00-00-07,4888.292981164643,258.4561540671014,add_custom,12.0
HD_175726__2016-09-16__00-00-07,5444.734393218712,336.6310314443169,add_custom,12.0
HD_175726__2016-09-16__00-00-07,3268.01,316.07,B,12.0
HD_175726__2016-09-16__00-00-07,5211.12,297.65,B,12.0
HD_175726__2016-09-16__00-00-07,4518.64,314.81,B,12.0
HD_175726__2016-09-16__00-00-07,4171.96,330.74,B,12.0
HD_175726__2016-09-16__00-00-07,4428.82,359.95,add_0_1,12.0
HD_175726__2016-09-16__00-00-07,5003.29,79.77,B,12.0
HD_175726__2016-09-16__00-00-07,5101.09,63.46,B,12.0
HD_175726__2016-09-16__00-00-07,4065.25,157.97,B,12.0
HD_175726__2016-09-16__00-00-07,2428.74,222.91,B,12.0
HD_175726__2016-09-16__00-00-07,5836.908064867677,306.40478701425405,add_custom,43.84000653667526
HD_175726__2016-09-16__00-00-07,5658.56,92.77,B,12.0
HD_175726__2016-09-16__00-00-07,4019.77,192.83,B,12.0
HD_175726__2016-09-16__00-00-07,6819.14,292.22,B,12.0
HD_175726__2016-09-16__00-00-07,5050.8,108.56,B,12.0
HD_175726__2016-09-16__00-00-07,3307.76,212.35,B,12.0
HD_175726__2016-09-16__00-00-07,5987.55,243.56,B,12.0
HD_175726__2016-09-16__00-00-07,6117.308727621026,82.86451120284005,add_custom,12.0
HD_175726__2016-09-16__00-00-07,5013.862424249988,40.48119424008763,add_custom,12.0
HD_175726__2016-09-16__00-00-07,6447.092017346884,17.390817092702264,add_custom,12.0
HD_175726__2016-09-16__00-00-07,3351.54,112.47,B,12.0
HD_175726__2016-09-16__00-00-07,5058.458889089467,8.446469258957165,add_custom,12.0
HD_175726__2016-09-16__00-00-07,5464.29,242.84,B,12.0
HD_175726__2016-09-16__00-00-07,2044.06,45.78,B,12.0
HD_175726__2016-09-16__00-00-07,6640.09,80.03,B,12.0
HD_175726__2016-09-16__00-00-07,6005.000128847753,166.86615006894533,add_custom,12.0
HD_175726__2016-09-16__00-00-07,2923.56,217.06,B,12.0
HD_175726__2016-09-16__00-00-07,4275.756157943831,157.07655177267725,add_custom,12.0
HD_175726__2016-09-16__00-00-07,6449.51,352.16,B,12.0
HD_175726__2016-09-16__00-00-07,6345.606018377965,167.24243209178007,add_custom,12.0
HD_175726__2016-09-16__00-00-07,4077.71,94.85,B,12.0
HD_175726__2016-09-16__00-00-07,6141.99,152.27,add_0_1,12.0
HD_175726__2016-09-16__00-00-07,6611.086643621936,20.64861740642243,add_custom,12.0
HD_175726__2016-09-16__00-00-07,6023.331671706423,21.29717025797464,add_custom,12.0
HD_175726__2016-09-16__00-00-07,6772.469375085228,273.9233328813827,add_custom,12.0
HD_175726__2016-09-16__00-00-07,1837.43,117.5,B,12.0
HD_175726__2016-09-16__00-00-07,5222.76,97.34,B,12.0
HD_175726__2016-09-16__00-00-07,1565.07,35.08,B,12.0
HD_175726__2016-09-16__00-00-07,5231.81,103.51,B,12.0
HD_175726__2016-09-16__00-00-07,4729.19,287.45,B,12.0
HD_175726__2016-09-16__00-00-07,4798.09032386606,147.60210559239005,add_custom,12.0
HD_175726__2016-09-16__00-00-07,4263.02,248.25,B,12.0
HD_175726__2016-09-16__00-00-07,4836.76,65.04,B,12.0
HD_175726__2016-09-16__00-00-07,1858.0,340.99,B,12.0
HD_175726__2016-09-16__00-00-07,6118.76,166.85,B,12.0
HD_175726__2016-09-16__00-00-07,4351.88,84.95,B,12.0
HD_175726__2016-09-16__00-00-07,4941.44,113.7,B,12.0
HD_175726__2016-09-16__00-00-07,6343.26,266.49,B,12.0
HD_175726__2016-09-16__00-00-07,5051.72,283.69,B,12.0
HD_175726__2016-09-16__00-00-07,841.46,72.6,B,12.0
HD_175726__2016-09-16__00-00-07,7483.03,168.62,add_0_1,12.0
HD_175726__2016-09-16__00-00-07,6357.96,283.38,B,12.0
HD_175726__2016-09-16__00-00-07,5657.57,90.42,B,12.0
HD_175726__2016-09-16__00-00-07,6617.767704211142,330.9674865977252,add_custom,12.0
HD_175726__2016-09-16__00-00-07,5501.562163019095,332.4669044922816,add_custom,12.0
HD_175726__2016-09-16__00-00-07,1000.87,117.57,B,12.0
HD_175726__2016-09-16__00-00-07,2705.9,62.0,B,12.0
HD_175726__2016-09-16__00-00-07,4680.417268684421,278.30321683509754,add_custom,12.0
HD_175726__2016-09-16__00-00-07,6948.23,254.26,add_0_1,12.0
HD_175726__2016-09-16__00-00-07,4404.65,186.46,B,12.0
HD_175726__2016-09-16__00-00-07,5604.07,315.57,B,12.0
HD_175726__2016-09-16__00-00-07,5291.3,182.33,B,12.0
HD_175726__2016-09-16__00-00-07,5546.72,127.58,B,12.0
HD_175726__2016-09-16__00-00-07,2890.001454743352,256.05768290752155,add_custom,12.0
HD_175726__2016-09-16__00-00-07,6618.73,181.87,B,12.0
HD_175726__2016-09-16__00-00-07,6177.440124589031,255.3770963217393,add_custom,12.0
HD_175726__2016-09-16__00-00-07,4245.365813145172,305.61232329953486,add_custom,12.0
HD_175726__2016-09-16__00-00-07,6297.03,158.43,add_0_1,12.0
HD_175726__2016-09-16__00-00-07,6372.23,294.67,B,12.0
HD_175726__2016-09-16__00-00-07,2714.098416082922,26.486792812136628,add_custom,12.0
HD_175726__2016-09-16__00-00-07,2312.33,254.53,B,12.0
HD_175726__2016-09-16__00-00-07,2964.7,11.98,B,12.0
HD_175726__2016-09-16__00-00-07,2334.18,188.13,B,12.0
HD_175726__2016-09-16__00-00-07,2602.2235648429137,24.276717520938064,add_custom,12.0
HD_175726__2016-09-16__00-00-07,6106.41,339.85,B,12.0
HD_175726__2016-09-16__00-00-07,5529.39,83.85,B,12.0
HD_175726__2016-09-16__00-00-07,6049.608245817267,71.63518477215212,add_custom,12.0
HD_175726__2016-09-16__00-00-07,2319.28,209.27,B,12.0
HD_175726__2016-09-16__00-00-07,5945.99,255.86,B,12.0
HD_175726__2016-09-16__00-00-07,3590.39,300.15,B,12.0
HD_175726__2016-09-16__00-00-07,3073.53,117.05,B,12.0
HD_175726__2016-09-16__00-00-07,4438.1,167.5,B,12.0
HD_175726__2016-09-16__00-00-07,2587.9,131.61,B,12.0
HD_175726__2016-09-16__00-00-07,4686.23,334.01,B,12.0
HD_175726__2016-09-16__00-00-07,4844.01,77.57,B,12.0
HD_175726__2016-09-16__00-00-07,4511.44,215.84,B,12.0
HD_175726__2016-09-16__00-00-07,3754.33,350.85,B,12.0
HD_175726__2016-09-16__00-00-07,3629.86,280.94,B,12.0
HD_175726__2016-09-16__00-00-07,6829.38,85.7,B,12.0
HD_175726__2016-09-16__00-00-07,5469.26,355.9,B,12.0
HD_175726__2016-09-16__00-00-07,6888.92,279.0,B,12.0
HD_175726__2016-09-16__00-00-07,1863.9,241.53,B,12.0
HD_175726__2016-09-16__00-00-07,5174.46,130.21,B,12.0
HD_175726__2016-09-16__00-00-07,4469.23,176.63,B,12.0
HD_175726__2016-09-16__00-00-07,6664.48,110.14,B,12.0
HD_175726__2016-09-16__00-00-07,5264.23,83.21,B,12.0
HD_175726__2016-09-16__00-00-07,6737.2,7.55,B,12.0
HD_175726__2016-09-16__00-00-07,5729.359736053835,336.5193751385466,add_custom,12.0
HD_175726__2016-09-16__00-00-07,2597.6,176.24,B,12.0
HD_175726__2016-09-16__00-00-07,5710.24,185.68,B,12.0
HD_175726__2016-09-16__00-00-07,4026.0500900529687,298.63598881860474,add_custom,12.0
HD_175726__2016-09-16__00-00-07,5019.14,75.6,B,12.0
HD_175726__2016-09-16__00-00-07,4374.563349567859,235.11243978317407,add_custom,12.0
HD_175726__2016-09-16__00-00-07,5737.13,12.5,B,12.0
HD_175726__2016-09-16__00-00-07,6822.12,104.68,B,12.0
HD_175726__2016-09-16__00-00-07,2551.17,289.52,B,12.0
HD_175726__2016-09-16__00-00-07,2289.07,35.82,B,12.0
HD_175726__2016-09-16__00-00-07,2747.71,153.24,B,12.0
HD_175726__2016-09-16__00-00-07,3028.38,150.86,B,12.0
HD_175726__2016-09-16__00-00-07,3146.13,24.08,B,12.0
HD_175726__2016-09-16__00-00-07,4907.449029164848,357.9342828351836,add_custom,12.0
HD_175726__2016-09-16__00-00-07,4374.652160389059,300.97895242200224,add_custom,12.0
HD_175726__2016-09-16__00-00-07,4229.06,167.95,B,25.936833429020105
HD_175726__2016-09-16__00-00-07,3312.56,332.34,B,12.0
HD_175726__2016-09-16__00-00-07,5032.1,296.38,B,12.0
HD_175726__2016-09-16__00-00-07,2558.97,136.26,B,12.0
HD_175726__2017-09-30__00-20-27,6847.5,84.94,B,12.0
HD_175726__2017-09-30__00-20-27,4202.9,156.59,B,12.0
HD_175726__2017-09-30__00-20-27,6701.57,331.39,B,12.0
HD_175726__2017-09-30__00-20-27,1819.892511908848,243.881564089826,add_custom,12.0
HD_175726__2017-09-30__00-20-27,2894.86,117.43,B,12.0
HD_175726__2017-09-30__00-20-27,5145.879999999999,96.71000000000004,edit_0_1,12.0
HD_175726__2017-09-30__00-20-27,2673.96,232.89,B,12.0
HD_175726__2017-09-30__00-20-27,5084.55,39.81,B,12.0
HD_175726__2017-09-30__00-20-27,6051.78,43.43,add_0_1,12.0
HD_175726__2017-09-30__00-20-27,2368.41,224.27,B,12.0
HD_175726__2017-09-30__00-20-27,4864.61,76.61,B,12.0
HD_175726__2017-09-30__00-20-27,3333.6,317.11,B,12.0
HD_175726__2017-09-30__00-20-27,5015.52,107.62,B,12.0
HD_175726__2017-09-30__00-20-27,3076.88,272.79,B,12.0
HD_175726__2017-09-30__00-20-27,6291.06,282.08,add_0_1,12.0
HD_175726__2017-09-30__00-20-27,3617.1,150.59,B,12.0
HD_175726__2017-09-30__00-20-27,4385.63,45.7,B,12.0
HD_175726__2017-09-30__00-20-27,2581.33,291.3,B,12.0
HD_175726__2017-09-30__00-20-27,1636.58,33.38,B,12.0
HD_175726__2017-09-30__00-20-27,5068.43,284.66,B,12.0
HD_175726__2017-09-30__00-20-27,6153.51,256.2,B,12.0
HD_175726__2017-09-30__00-20-27,3600.93,254.48,B,12.0
HD_175726__2017-09-30__00-20-27,4383.325185370204,176.47426932470614,add_custom,12.0
HD_175726__2017-09-30__00-20-27,4230.52,249.31,B,12.0
HD_175726__2017-09-30__00-20-27,6369.3,115.12,B,12.0
HD_175726__2017-09-30__00-20-27,5276.06,82.25,B,12.0
HD_175726__2017-09-30__00-20-27,6154.06,258.92,B,29.039904045964786
HD_175726__2017-09-30__00-20-27,3373.34,45.02,B,12.0
HD_175726__2017-09-30__00-20-27,2694.0,23.44,B,12.0
HD_175726__2017-09-30__00-20-27,5119.21,129.49,B,12.0
HD_175726__2017-09-30__00-20-27,4873.44,259.41,B,12.0
HD_175726__2017-09-30__00-20-27,2614.17,178.70000000000005,edit_0_1,12.0
HD_175726__2017-09-30__00-20-27,3990.97,157.5,B,12.0
HD_175726__2017-09-30__00-20-27,4292.33,306.39,B,12.0
HD_175726__2017-09-30__00-20-27,3845.78,351.07,B,12.0
HD_175726__2017-09-30__00-20-27,5876.098784031485,307.02117052604643,add_custom,29.398423143402955
HD_175726__2017-09-30__00-20-27,2674.97,152.42,B,12.0
HD_175726__2017-09-30__00-20-27,6038.76,166.67,B,12.0
HD_175726__2017-09-30__00-20-27,6667.18,79.3,B,12.0
HD_175726__2017-09-30__00-20-27,3986.02,93.65999999999995,edit_0_1,12.0
HD_175726__2017-09-30__00-20-27,4150.07,167.71,B,12.0
HD_175726__2017-09-30__00-20-27,5195.497583869731,102.70929592299854,add_custom,12.0
HD_175726__2017-09-30__00-20-27,2993.56,218.14,edit_0_1,12.0
HD_175726__2017-09-30__00-20-27,4758.24,288.42,B,12.0
HD_175726__2017-09-30__00-20-27,5951.5,244.26,B,12.0
HD_175726__2017-09-30__00-20-27,2366.08,34.56,B,12.0
HD_175726__2017-09-30__00-20-27,5923.03,256.67,B,12.0
HD_175726__2017-09-30__00-20-27,5040.99,74.61,B,12.0
HD_175726__2017-09-30__00-20-27,3941.64,193.07,B,12.0
HD_175726__2017-09-30__00-20-27,5150.62,8.31,B,12.0
HD_175726__2017-09-30__00-20-27,3240.91,213.1,B,12.0
HD_175726__2017-09-30__00-20-27,6339.45,267.22,B,12.0
HD_175726__2017-09-30__00-20-27,4664.21,200.8,B,12.0
HD_175726__2017-09-30__00-20-27,4727.6,333.86,add_0_1,12.0
HD_175726__2017-09-30__00-20-27,4356.14,167.23,B,12.0
HD_175726__2017-09-30__00-20-27,4317.61122741197,186.5736522562512,add_custom,12.0
HD_175726__2017-09-30__00-20-27,5014.3,78.79,B,12.0
HD_175726__2017-09-30__00-20-27,5144.07,62.56,B,12.0
HD_175726__2017-09-30__00-20-27,4346.644211511899,83.8558268013768,add_custom,12.0
HD_175726__2017-09-30__00-20-27,4417.71,301.89,B,12.0
HD_175726__2017-09-30__00-20-27,5670.78,316.18,B,12.0
HD_175726__2017-09-30__00-20-27,6192.04,340.1,B,12.0
HD_175726__2017-09-30__00-20-27,2952.933572184096,150.1036916780116,add_custom,12.0
HD_175726__2017-09-30__00-20-27,4727.83,147.15,B,12.0
HD_175726__2017-09-30__00-20-27,4903.96,112.79,B,12.0
HD_175726__2017-09-30__00-20-27,880.79,66.67,B,12.0
HD_175726__2017-09-30__00-20-27,5660.57,89.54,B,12.0
HD_175726__2017-09-30__00-20-27,5949.12,87.27,B,12.0
HD_175726__2017-09-30__00-20-27,4184.21,330.49,add_0_1,12.0
HD_175726__2017-09-30__00-20-27,3053.02,11.61,B,12.0
HD_175726__2017-09-30__00-20-27,5744.01,37.5,B,12.0
HD_175726__2017-09-30__00-20-27,4443.19,216.41,B,12.0
HD_176367__2015-06-07__07-25-32,4944.5229074655135,175.8154212980087,add_custom,12.0
HD_176367__2015-06-07__07-25-32,5923.849618750456,263.9868288022224,add_custom,12.0
HD_176367__2015-06-07__07-25-32,5231.09,120.87,B,12.0
HD_176367__2015-06-07__07-25-32,7357.416631007565,112.01224759612904,add_custom,19.81485502287284
HD_176367__2015-06-07__07-25-32,5758.777611808758,55.185538659767474,add_custom,12.0
HD_176367__2015-06-07__07-25-32,6428.93,184.85,B,12.0
HD_176367__2015-06-07__07-25-32,6154.106704453343,277.59923558098063,add_custom,22.320415699088983
HD_176367__2015-06-07__07-25-32,6566.18,151.38,B,12.0
HD_176367__2015-06-07__07-25-32,5461.5,72.93,add_0_1,12.0
HD_176367__2015-06-07__07-25-32,3993.44,240.78,B,12.0
HD_176367__2015-06-07__07-25-32,6559.1,47.45,add_0_1,12.0
HD_176367__2015-06-07__07-25-32,4500.14,135.02,B,12.0
HD_176367__2015-06-07__07-25-32,5728.29,358.34,B,12.0
HD_176367__2015-06-07__07-25-32,2988.86,113.57,B,12.0
HD_176367__2015-06-07__07-25-32,4615.39,268.8,B,12.0
HD_176367__2015-06-07__07-25-32,4726.98961475689,6.8400940768812575,add_custom,12.0
HD_176367__2015-06-07__07-25-32,4879.05522967576,172.14771477290174,add_custom,12.0
HD_176367__2015-06-07__07-25-32,5050.879159965079,32.54096544784642,add_custom,12.0
HD_177724__2015-06-28__05-32-37,4793.91,327.19,B,12.0
HD_177724__2015-06-28__05-32-37,4072.29,148.51,B,12.0
HD_177724__2015-06-28__05-32-37,5151.056698341692,19.19567924811929,add_custom,12.0
HD_177724__2015-06-28__05-32-37,3574.3,45.39,B,12.0
HD_177724__2015-06-28__05-32-37,3797.611390852994,146.21971619514431,add_custom,12.0
HD_177724__2015-06-28__05-32-37,4068.48,114.62,B,12.0
HD_177724__2015-06-28__05-32-37,5672.578210727966,204.1136146582024,add_custom,12.0
HD_177724__2015-06-28__05-32-37,6736.946080845908,357.06058104973613,add_custom,12.0
HD_177724__2015-06-28__05-32-37,2512.274978317413,342.30564851746976,add_custom,12.0
HD_177724__2016-05-31__07-06-55,2531.0840501546945,107.48346668775218,add_custom,12.0
HD_177724__2016-05-31__07-06-55,3619.790861924324,44.14686221430338,add_custom,12.0
HD_177724__2016-05-31__07-06-55,3724.732498291769,258.1151647407545,add_custom,12.0
HD_177724__2016-05-31__07-06-55,4889.505531596649,327.56441672426774,add_custom,12.0
HD_177724__2016-05-31__07-06-55,2607.15060584158,342.61330774512606,add_custom,12.0
HD_177724__2016-05-31__07-06-55,1688.89205755309,15.10134454109135,add_custom,12.0
HD_177724__2016-05-31__07-06-55,5838.21589382638,6.73598073778885,add,12.0
HD_177724__2016-05-31__07-06-55,3995.939392592533,148.09481991213988,add_custom,12.0
HD_177724__2016-05-31__07-06-55,6381.363943949925,110.2727580211312,add_custom,12.0
HD_177724__2016-05-31__07-06-55,3730.359695454243,145.7175202099138,add_custom,12.0
HD_177724__2016-05-31__07-06-55,5606.56625396615,204.5613223901991,add_custom,12.0
HD_177724__2016-05-31__07-06-55,2581.983904913467,335.3300779066085,add_custom,12.0
HD_177724__2016-05-31__07-06-55,4054.03,113.87,edit_0_1,12.0
HD_177724__2016-05-31__07-06-55,5239.14454742265,18.87670713274997,add_custom,12.0
HD_177724__2016-05-31__07-06-55,5915.576103462327,280.592193164362,add_custom,12.0
HD_181296__2015-05-05__09-22-43,4214.49,167.25,C,108.57749779445622
HD_181296__2015-05-05__09-22-43,6642.999999999999,259.41,edit_1_0,12.0
HD_181296__2018-05-08__09-58-19,6656.75,259.44,FP,64.0
HD_181296__2018-05-08__09-58-19,4214.49,167.25,C,64.0
HD_181327__2015-05-10__09-12-24,6236.71,280.64,B,12.0
HD_181327__2015-05-10__09-12-24,6123.430000000001,280.44,edit_1_0,12.0
HD_181327__2015-05-10__09-12-24,4909.759178351425,260.0330574245596,add_custom,12.0
HD_181869__2015-05-13__09-10-43,5020.25,30.83,B,25.83007052833419
HD_181869__2016-05-21__07-53-18,5116.819999999999,29.920000000000016,edit_1_0,21.76548359766036
HD_181869__2018-05-08__09-04-47,5274.10949029464,28.34836433550873,add_custom,18.517237282202835
HD_189285__2015-06-03__07-33-54,2530.7848798683885,119.49648402701077,add_custom,12.0
HD_189285__2015-06-03__07-33-54,4694.18,23.48,U,18.815048607627663
HD_189285__2016-05-29__08-29-20,2483.47885580382,118.62473269355746,edit,12.0
HD_189285__2016-05-29__08-29-20,4745.660709067303,22.95091219874893,add_custom,20.265662530104663
HD_189285__2018-05-07__09-40-24,2422.7911729498496,116.90927800058364,add_custom,12.0
HD_189285__2018-05-07__09-40-24,4820.398473804299,22.106253312510773,add_custom,19.698087865855832
HD_192425__2015-09-28__00-51-15,6741.328197990696,86.88508936570759,add_custom,12.0
HD_192425__2016-06-11__07-27-45,5042.801469142382,152.19627357285253,add_custom,12.0
HD_192425__2016-06-11__07-27-45,6673.0993647680825,87.53501011523946,add,12.0
HD_19545__2016-10-13__05-55-29,5988.88,24.67,B,12.0
HD_197481__2015-05-30__09-11-51,6749.555463487722,153.30456597231307,add_custom,12.0
HD_197481__2015-05-30__09-11-51,6586.901580644994,153.3268380371553,add_custom,12.0
HD_197481__2015-10-01__00-20-11,6465.29,152.09,add_1_0,12.0
HD_197481__2016-05-21__09-43-27,6294.43,154.13,add_1_0,12.0
HD_197481__2016-05-21__09-43-27,6149.806591718299,154.18869617757684,add_custom,12.0
HD_201184__2015-09-29__00-46-20,2848.154004232765,177.38403260933055,add_custom,12.0
HD_202917__2015-05-31__09-36-58,5187.333775928223,29.556096893118934,add_custom,12.0
HD_202917__2016-05-31__09-18-22,5243.161399625351,28.90270132337082,add_custom,12.0
HD_206860__2015-09-30__01-47-41,2988.3489065995373,14.308894967106426,add_custom,12.0
HD_210049__2016-10-14__01-15-39,4672.91,329.67,add_1_0,12.0
HD_218396__2014-12-06__00-15-16,948.46,333.46,C,12.0
HD_218396__2014-12-06__00-15-16,1722.41,68.37,C,12.0
HD_218396__2014-12-06__00-15-16,678.86,227.0,C,12.0
HD_218396__2014-12-06__00-15-16,390.5,293.57,C,12.0
HD_218396__2014-12-07__00-16-41,948.46,333.46,C,12.0
HD_218396__2014-12-07__00-16-41,390.5,293.57,C,12.0
HD_218396__2014-12-07__00-16-41,1722.41,68.37,C,12.0
HD_218396__2014-12-07__00-16-41,678.86,227.0,C,12.0
HD_218396__2014-12-09__00-26-57,678.86,227.0,C,12.0
HD_218396__2014-12-09__00-26-57,390.5,293.57,C,12.0
HD_218396__2014-12-09__00-26-57,1722.41,68.37,C,12.0
HD_218396__2014-12-09__00-26-57,948.46,333.46,C,12.0
HD_218396__2015-07-04__09-55-52,1725.3460587560592,66.10435225963454,add_custom,12.0
HD_218396__2015-07-04__09-55-52,390.4607301883185,274.01251664110896,edit,12.0
HD_218396__2015-07-04__09-55-52,938.8763949234208,327.8653553015787,add_custom,12.0
HD_218396__2015-07-04__09-55-52,677.9563195287956,218.26403496564032,edit,12.0
HD_218396__2016-11-18__01-21-08,400.1828821059223,282.2567739812053,add_custom,12.0
HD_218396__2016-11-18__01-21-08,680.0636138118335,222.4132663619184,add_custom,12.0
HD_218396__2016-11-18__01-21-08,937.9343067878838,330.4130110553746,add_custom,12.0
HD_218396__2016-11-18__01-21-08,1722.3242960838734,67.40118496662768,add_custom,12.0
HD_218396__2017-06-15__10-12-26,391.86352417313344,286.68244320159454,add_custom,12.0
HD_218396__2017-06-15__10-12-26,1719.350559889878,67.64899782041215,add_custom,12.0
HD_218396__2017-06-15__10-12-26,947.7299999999996,331.59,edit_1_0,12.0
HD_218396__2017-06-15__10-12-26,684.34166306163,224.1996202056043,add_custom,12.0
HD_218396__2017-10-08__02-12-08,388.7854146640514,289.04686696513704,add_custom,12.0
HD_218396__2017-10-08__02-12-08,680.1729289140812,224.8942038629691,add_custom,12.0
HD_218396__2017-10-08__02-12-08,950.3119286698412,332.4915969187608,add_custom,12.0
HD_218396__2017-10-08__02-12-08,1726.6669399492912,67.7717775672354,add_custom,12.0
HD_218396__2017-10-12__00-22-17,396.87616894314215,288.9911359535356,add_custom,12.0
HD_218396__2017-10-12__00-22-17,675.4304477720025,225.671394513806,add_custom,12.0
HD_218396__2017-10-12__00-22-17,957.2506018905608,332.5830383983779,add_custom,12.0
HD_218396__2017-10-12__00-22-17,1729.595195201962,67.81079669109619,add_custom,12.0
HD_218396__2017-10-12__02-58-12,947.8600000000002,332.42999999999995,edit_1_0,12.0
HD_218396__2017-10-12__02-58-12,384.2900000000004,286.99999999999994,edit_1_0,12.0
HD_218396__2017-10-12__02-58-12,1730.2199999999998,68.11000000000001,edit_1_0,12.0
HD_218396__2017-10-12__02-58-12,684.1999999999995,224.44,edit_1_0,12.0
HD_218396__2017-10-13__02-18-21,948.46,333.46,C,12.0
HD_218396__2017-10-13__02-18-21,678.86,227.0,C,12.0
HD_218396__2017-10-13__02-18-21,390.5,293.57,C,12.0
HD_218396__2017-10-13__02-18-21,1722.41,68.37,C,12.0
HD_218396__2018-06-19__09-15-26,390.5,293.57,C,12.0
HD_218396__2018-06-19__09-15-26,948.46,333.46,C,12.0
HD_218396__2018-06-19__09-15-26,1722.41,68.37,C,12.0
HD_218396__2018-06-19__09-15-26,678.86,227.0,C,12.0
HD_29391__2015-09-25__08-56-28,457.6000000000002,167.3800000000001,edit_1_0,12.0
HD_29391__2015-09-25__08-56-28,5079.749928099108,338.2308033250677,add_custom,12.0
HD_29391__2015-09-26__08-50-04,444.4,158.67,U,12.0
HD_29391__2015-12-26__02-28-43,444.4,158.67,U,12.0
HD_29391__2016-01-16__01-44-58,461.5665440770075,164.6997310153538,add_custom,12.0
HD_29391__2016-12-12__04-52-59,444.4,158.67,U,12.0
HD_29391__2016-12-13__03-48-07,444.4,158.67,U,12.0
HD_29391__2016-12-13__03-48-07,5200.921519181375,338.4056732266557,add_custom,12.0
HD_29391__2017-09-28__08-46-50,5238.67,337.94,add_1_0,12.0
HD_29391__2017-09-28__08-46-50,444.5229448224332,155.21005201217486,add_custom,12.0
HD_317617__2015-05-31__05-25-05,5622.41,23.52,B,12.0
HD_317617__2015-05-31__05-25-05,5786.47,24.63,B,12.0
HD_317617__2015-05-31__05-25-05,5761.66,40.88,U,12.0
HD_317617__2015-05-31__05-25-05,4369.24,47.96,U,12.0
HD_317617__2015-05-31__05-25-05,3365.28,323.11,B,12.0
HD_317617__2015-05-31__05-25-05,5282.08,271.84,B,12.0
HD_317617__2015-05-31__05-25-05,3081.51,342.99,B,12.0
HD_317617__2015-05-31__05-25-05,1390.76,313.23,U,12.0
HD_317617__2015-05-31__05-25-05,5171.42,77.4,B,12.0
HD_317617__2015-05-31__05-25-05,6316.98,95.26,B,12.0
HD_317617__2015-05-31__05-25-05,6134.14,259.23,B,12.0
HD_317617__2015-05-31__05-25-05,2644.02,233.34,B,12.0
HD_317617__2015-05-31__05-25-05,5012.59,183.92,U,64.0
HD_317617__2015-05-31__05-25-05,3641.82,43.5,U,12.0
HD_317617__2015-05-31__05-25-05,7407.83,215.73,B,12.0
HD_317617__2015-05-31__05-25-05,6138.8,37.5,B,12.0
HD_317617__2015-05-31__05-25-05,6648.44,182.08,U,64.0
HD_317617__2015-05-31__05-25-05,4600.45,125.09,B,12.0
HD_317617__2015-05-31__05-25-05,6153.23,142.32,B,12.0
HD_317617__2015-05-31__05-25-05,6061.78,174.02,B,12.0
HD_317617__2015-05-31__05-25-05,1875.54,329.32,U,12.0
HD_317617__2015-05-31__05-25-05,5790.79,163.81,B,12.0
HD_317617__2015-05-31__05-25-05,3770.58,346.47,B,12.0
HD_317617__2015-05-31__05-25-05,6688.77,288.65,B,12.0
HD_317617__2015-05-31__05-25-05,4312.1,232.82,B,12.0
HD_317617__2015-05-31__05-25-05,3636.21,243.1,U,12.0
HD_317617__2015-05-31__05-25-05,3795.98,310.95,B,12.0
HD_317617__2015-05-31__05-25-05,4360.61,21.76,B,12.0
HD_317617__2015-05-31__05-25-05,2957.42,314.45,B,12.0
HD_317617__2015-05-31__05-25-05,3735.86,106.99,B,12.0
HD_317617__2015-05-31__05-25-05,4872.6,121.62,B,12.0
HD_317617__2015-05-31__05-25-05,5282.23,26.26,U,12.0
HD_317617__2015-05-31__05-25-05,5316.45,184.92,B,12.0
HD_317617__2015-05-31__05-25-05,6024.14,40.94,B,12.0
HD_317617__2015-05-31__05-25-05,2002.27,314.22,B,12.0
HD_317617__2015-05-31__05-25-05,4273.64,34.1,B,12.0
HD_317617__2015-05-31__05-25-05,3341.31,156.08,B,12.0
HD_317617__2015-05-31__05-25-05,4447.41,242.62,B,12.0
HD_317617__2015-05-31__05-25-05,2949.59,344.17,B,12.0
HD_317617__2015-05-31__05-25-05,7412.96,269.14,B,12.0
HD_317617__2015-05-31__05-25-05,4134.67,60.28,U,12.0
HD_317617__2015-05-31__05-25-05,3523.52,141.75,B,12.0
HD_317617__2015-05-31__05-25-05,5892.75,35.82,B,12.0
HD_317617__2015-05-31__05-25-05,4144.3,119.48,U,12.0
HD_317617__2015-05-31__05-25-05,1527.8,19.01,B,12.0
HD_317617__2015-05-31__05-25-05,4410.1,282.38,B,12.0
HD_317617__2015-05-31__05-25-05,4144.54,90.57,B,12.0
HD_317617__2015-05-31__05-25-05,2734.48,40.38,B,12.0
HD_317617__2015-05-31__05-25-05,6413.74,142.88,B,12.0
HD_317617__2015-05-31__05-25-05,5293.27,171.04,B,12.0
HD_317617__2015-05-31__05-25-05,4170.51,282.26,U,12.0
HD_317617__2015-05-31__05-25-05,4700.2,183.39,B,12.0
HD_317617__2015-05-31__05-25-05,3752.25,233.02,B,12.0
HD_317617__2015-05-31__05-25-05,7600.7,53.15,B,12.0
HD_317617__2015-05-31__05-25-05,4894.55,136.12,B,12.0
HD_317617__2015-05-31__05-25-05,5721.02,4.05,B,12.0
HD_317617__2015-05-31__05-25-05,4184.83,101.31,U,12.0
HD_317617__2015-05-31__05-25-05,4320.99,156.52,B,12.0
HD_317617__2015-05-31__05-25-05,5357.18,134.13,B,12.0
HD_317617__2015-05-31__05-25-05,5753.99,162.48,B,12.0
HD_317617__2015-05-31__05-25-05,6719.59,124.07,B,12.0
HD_317617__2015-05-31__05-25-05,3793.44,133.17,U,64.0
HD_317617__2015-05-31__05-25-05,3506.3,350.76,B,12.0
HD_317617__2015-05-31__05-25-05,3221.62,70.76,B,12.0
HD_317617__2015-05-31__05-25-05,6311.52,79.58,B,12.0
HD_317617__2015-05-31__05-25-05,5533.21,130.52,B,12.0
HD_317617__2015-05-31__05-25-05,4482.34,66.52,U,12.0
HD_317617__2015-05-31__05-25-05,4047.8,101.47,B,12.0
HD_317617__2015-05-31__05-25-05,5726.67,105.63,U,64.0
HD_317617__2015-05-31__05-25-05,5724.1,232.36,B,12.0
HD_317617__2015-05-31__05-25-05,7102.01,174.16,B,12.0
HD_317617__2015-05-31__05-25-05,4739.76,251.19,B,12.0
HD_317617__2015-05-31__05-25-05,4091.22,314.39,B,12.0
HD_317617__2015-05-31__05-25-05,4463.21,96.72,B,12.0
HD_317617__2015-05-31__05-25-05,6860.75,92.09,B,12.0
HD_317617__2015-05-31__05-25-05,4073.51,24.07,B,12.0
HD_317617__2015-05-31__05-25-05,3138.41,334.44,B,12.0
HD_317617__2015-05-31__05-25-05,2099.17,170.91,B,12.0
HD_317617__2015-05-31__05-25-05,3953.29,18.56,B,12.0
HD_317617__2015-05-31__05-25-05,2395.45,105.56,U,64.0
HD_317617__2015-05-31__05-25-05,5032.53,93.75,U,12.0
HD_317617__2015-05-31__05-25-05,5462.39,156.11,B,12.0
HD_317617__2015-05-31__05-25-05,4826.17,201.65,B,12.0
HD_317617__2015-05-31__05-25-05,5412.09,154.5,U,64.0
HD_317617__2015-05-31__05-25-05,8097.69,57.3,B,12.0
HD_317617__2015-05-31__05-25-05,6268.22,195.39,U,12.0
HD_317617__2015-05-31__05-25-05,4697.61,65.31,U,64.0
HD_317617__2015-05-31__05-25-05,3851.43,73.91,B,12.0
HD_317617__2015-05-31__05-25-05,1973.47,302.16,B,12.0
HD_317617__2015-05-31__05-25-05,3929.11,328.01,B,12.0
HD_317617__2015-05-31__05-25-05,5131.27,173.27,B,12.0
HD_317617__2015-05-31__05-25-05,2653.94,1.84,B,12.0
HD_317617__2015-05-31__05-25-05,4664.25,215.77,U,64.0
HD_317617__2015-05-31__05-25-05,1452.23,2.57,B,12.0
HD_317617__2015-05-31__05-25-05,3313.07,153.35,B,12.0
HD_317617__2015-05-31__05-25-05,3817.95,317.88,B,12.0
HD_317617__2015-05-31__05-25-05,4810.36,4.98,B,12.0
HD_317617__2015-05-31__05-25-05,4645.21,241.53,B,12.0
HD_317617__2015-05-31__05-25-05,3927.91,320.51,B,12.0
HD_317617__2015-05-31__05-25-05,4888.86,300.36,B,12.0
HD_317617__2015-05-31__05-25-05,1276.23,35.58,B,12.0
HD_317617__2015-05-31__05-25-05,4331.46,271.44,B,12.0
HD_317617__2015-05-31__05-25-05,5172.81,253.43,U,64.0
HD_317617__2015-05-31__05-25-05,5735.23,172.71,B,12.0
HD_317617__2015-05-31__05-25-05,660.27,55.17,B,12.0
HD_317617__2015-05-31__05-25-05,6967.13,188.4,U,12.0
HD_317617__2015-05-31__05-25-05,4551.23,205.24,B,12.0
HD_317617__2015-05-31__05-25-05,7739.15,121.46,B,12.0
HD_317617__2015-05-31__05-25-05,5271.43,194.32,U,12.0
HD_317617__2015-05-31__05-25-05,6050.08,134.86,B,12.0
HD_317617__2015-05-31__05-25-05,6313.73,284.39,U,12.0
HD_317617__2015-05-31__05-25-05,2190.53,29.45,B,12.0
HD_317617__2015-05-31__05-25-05,3190.63,99.98,U,12.0
HD_317617__2015-05-31__05-25-05,3810.44,59.47,B,12.0
HD_317617__2015-05-31__05-25-05,3017.95,247.7,B,12.0
HD_317617__2015-05-31__05-25-05,5019.19,70.33,B,12.0
HD_317617__2015-05-31__05-25-05,3067.51,29.05,B,12.0
HD_317617__2015-05-31__05-25-05,4054.35,338.22,B,12.0
HD_317617__2015-05-31__05-25-05,6153.59,46.76,B,12.0
HD_317617__2015-05-31__05-25-05,2127.46,167.53,B,12.0
HD_317617__2015-05-31__05-25-05,5987.48,65.15,B,12.0
HD_317617__2015-05-31__05-25-05,4486.57,341.72,U,12.0
HD_317617__2015-05-31__05-25-05,1996.54,0.62,U,64.0
HD_317617__2015-05-31__05-25-05,2044.4,104.74,U,64.0
HD_317617__2015-05-31__05-25-05,5061.44,131.95,U,12.0
HD_317617__2015-05-31__05-25-05,2060.85,138.97,U,64.0
HD_317617__2015-05-31__05-25-05,2924.62,173.79,B,12.0
HD_317617__2015-05-31__05-25-05,7729.02,44.29,U,12.0
HD_317617__2015-05-31__05-25-05,2228.71,325.96,B,12.0
HD_317617__2015-05-31__05-25-05,6478.88,16.61,U,12.0
HD_317617__2015-05-31__05-25-05,3854.81,83.86,U,12.0
HD_317617__2015-05-31__05-25-05,5693.42,182.68,U,12.0
HD_317617__2015-05-31__05-25-05,3855.29,290.39,B,12.0
HD_317617__2015-05-31__05-25-05,6449.73,238.35,B,12.0
HD_317617__2015-05-31__05-25-05,4356.47,179.83,U,12.0
HD_317617__2015-05-31__05-25-05,1495.47,22.78,B,12.0
HD_317617__2015-05-31__05-25-05,4891.19,325.81,B,12.0
HD_317617__2015-05-31__05-25-05,3046.98,62.86,B,12.0
HD_317617__2015-05-31__05-25-05,6006.85,228.88,U,12.0
HD_317617__2015-05-31__05-25-05,4994.64,125.81,U,64.0
HD_317617__2015-05-31__05-25-05,5062.03,289.11,B,12.0
HD_317617__2015-05-31__05-25-05,4244.56,224.83,B,12.0
HD_317617__2015-05-31__05-25-05,1033.94,76.95,B,12.0
HD_317617__2015-05-31__05-25-05,6360.77,17.03,U,64.0
HD_317617__2015-05-31__05-25-05,4041.11,296.39,B,12.0
HD_317617__2015-05-31__05-25-05,6345.67,164.26,B,12.0
HD_317617__2015-05-31__05-25-05,5229.2,15.57,B,12.0
HD_317617__2015-05-31__05-25-05,4951.21,108.06,B,12.0
HD_317617__2015-05-31__05-25-05,3591.66,49.76,B,12.0
HD_317617__2015-05-31__05-25-05,4467.69,117.39,B,12.0
HD_317617__2015-05-31__05-25-05,3778.17,328.82,B,12.0
HD_317617__2015-05-31__05-25-05,6644.9,153.11,U,12.0
HD_317617__2015-05-31__05-25-05,3104.23,163.4,B,12.0
HD_317617__2015-05-31__05-25-05,4161.9,55.42,B,12.0
HD_317617__2015-05-31__05-25-05,6011.19,68.14,B,12.0
HD_317617__2015-05-31__05-25-05,1204.22,116.46,B,12.0
HD_317617__2015-05-31__05-25-05,2661.7,223.4,B,12.0
HD_317617__2015-05-31__05-25-05,1124.24,357.77,B,12.0
HD_317617__2015-05-31__05-25-05,3016.11,123.43,B,12.0
HD_317617__2015-05-31__05-25-05,1766.44,136.4,U,64.0
HD_317617__2015-05-31__05-25-05,4917.27,86.59,B,12.0
HD_317617__2015-05-31__05-25-05,6328.61,131.83,B,12.0
HD_317617__2015-05-31__05-25-05,4198.78,331.55,B,12.0
HD_317617__2015-05-31__05-25-05,6589.46,290.75,B,12.0
HD_317617__2015-05-31__05-25-05,4074.21,131.71,B,12.0
HD_317617__2015-05-31__05-25-05,5555.54,184.18,B,12.0
HD_317617__2015-05-31__05-25-05,6572.93,293.18,B,12.0
HD_317617__2015-05-31__05-25-05,3217.35,274.3,B,12.0
HD_317617__2015-05-31__05-25-05,4768.36,123.09,B,12.0
HD_317617__2015-05-31__05-25-05,7348.54,309.3,B,12.0
HD_317617__2015-05-31__05-25-05,1924.41,176.29,B,12.0
HD_317617__2015-05-31__05-25-05,4945.23,64.77,B,12.0
HD_317617__2015-05-31__05-25-05,4967.76,33.42,B,12.0
HD_317617__2015-05-31__05-25-05,6897.97,138.48,U,12.0
HD_317617__2015-05-31__05-25-05,2378.05,201.7,B,12.0
HD_317617__2015-05-31__05-25-05,5511.56,258.62,B,12.0
HD_317617__2015-05-31__05-25-05,4602.93,268.41,B,12.0
HD_317617__2015-05-31__05-25-05,6847.77,162.23,U,12.0
HD_317617__2015-05-31__05-25-05,3945.09,212.68,B,12.0
HD_317617__2015-05-31__05-25-05,5339.65,327.1,B,12.0
HD_317617__2015-05-31__05-25-05,2486.39,73.89,U,12.0
HD_317617__2015-05-31__05-25-05,3115.32,74.42,B,12.0
HD_317617__2015-05-31__05-25-05,5906.9,317.08,U,12.0
HD_317617__2015-05-31__05-25-05,5400.42,104.74,U,12.0
HD_317617__2015-05-31__05-25-05,4832.13,148.12,B,12.0
HD_317617__2015-05-31__05-25-05,4621.36,69.91,B,12.0
HD_317617__2015-05-31__05-25-05,4721.9,35.69,U,64.0
HD_317617__2015-05-31__05-25-05,4651.91,152.92,B,12.0
HD_317617__2015-05-31__05-25-05,1471.73,36.29,B,12.0
HD_317617__2015-05-31__05-25-05,3094.87,319.51,U,64.0
HD_317617__2015-05-31__05-25-05,6025.08,129.99,B,12.0
HD_317617__2015-05-31__05-25-05,4592.54,91.49,U,64.0
HD_317617__2015-05-31__05-25-05,4062.59,346.16,B,12.0
HD_317617__2015-05-31__05-25-05,5406.44,335.22,B,12.0
HD_317617__2015-05-31__05-25-05,2393.05,109.73,U,64.0
HD_317617__2015-05-31__05-25-05,3383.17,328.2,B,12.0
HD_317617__2015-05-31__05-25-05,2759.28,176.72,B,12.0
HD_317617__2015-05-31__05-25-05,6257.89,253.04,B,12.0
HD_317617__2015-05-31__05-25-05,6917.05,165.2,B,12.0
HD_317617__2015-05-31__05-25-05,6885.17,251.09,B,12.0
HD_317617__2015-05-31__05-25-05,2521.31,25.2,B,12.0
HD_317617__2015-05-31__05-25-05,5717.19,325.39,B,12.0
HD_317617__2015-05-31__05-25-05,6065.89,309.66,B,12.0
HD_317617__2015-05-31__05-25-05,4002.77,129.43,B,12.0
HD_317617__2015-05-31__05-25-05,2282.68,268.18,B,12.0
HD_317617__2015-05-31__05-25-05,6959.84,43.04,B,12.0
HD_317617__2015-05-31__05-25-05,4542.31,319.75,B,12.0
HD_317617__2015-05-31__05-25-05,4233.88,204.6,B,12.0
HD_317617__2015-05-31__05-25-05,3079.88,352.85,B,12.0
HD_317617__2015-05-31__05-25-05,3661.66,143.6,B,12.0
HD_317617__2015-05-31__05-25-05,6818.22,293.4,B,12.0
HD_317617__2015-05-31__05-25-05,3830.29,178.55,B,12.0
HD_317617__2015-05-31__05-25-05,5433.71,19.81,U,12.0
HD_317617__2015-05-31__05-25-05,7097.55,66.12,U,64.0
HD_317617__2015-05-31__05-25-05,5658.48,275.94,B,12.0
HD_317617__2015-05-31__05-25-05,1706.64,354.15,B,12.0
HD_317617__2015-05-31__05-25-05,2312.91,334.69,U,12.0
HD_317617__2015-05-31__05-25-05,5858.91,114.23,U,12.0
HD_317617__2015-05-31__05-25-05,4917.36,308.58,U,64.0
HD_317617__2015-05-31__05-25-05,5013.65,43.72,B,12.0
HD_317617__2015-05-31__05-25-05,1882.5,292.37,B,12.0
HD_317617__2015-05-31__05-25-05,2682.16,240.41,B,12.0
HD_317617__2015-05-31__05-25-05,6531.31,165.27,B,12.0
HD_317617__2015-05-31__05-25-05,6716.23,96.93,B,12.0
HD_317617__2015-05-31__05-25-05,3034.9,185.53,U,12.0
HD_317617__2015-05-31__05-25-05,6673.44,102.24,B,12.0
HD_317617__2015-05-31__05-25-05,4827.72,113.96,B,12.0
HD_317617__2015-05-31__05-25-05,1633.33,176.75,B,12.0
HD_317617__2015-05-31__05-25-05,3965.27,211.02,B,12.0
HD_317617__2015-05-31__05-25-05,5300.03,47.05,B,12.0
HD_317617__2015-05-31__05-25-05,4890.63,169.97,B,12.0
HD_317617__2015-05-31__05-25-05,3721.74,78.84,U,12.0
HD_317617__2015-05-31__05-25-05,4712.51,151.71,B,12.0
HD_317617__2015-05-31__05-25-05,6201.4,167.85,U,64.0
HD_317617__2015-05-31__05-25-05,3913.15,227.88,U,12.0
HD_317617__2015-05-31__05-25-05,6815.48,78.89,U,64.0
HD_317617__2015-05-31__05-25-05,5365.12,40.31,B,12.0
HD_317617__2015-05-31__05-25-05,6334.5,10.91,B,12.0
HD_317617__2015-05-31__05-25-05,3016.5,147.08,U,12.0
HD_317617__2015-05-31__05-25-05,4047.26,182.31,B,12.0
HD_317617__2015-05-31__05-25-05,5954.53,283.66,B,12.0
HD_317617__2015-05-31__05-25-05,5769.65,132.51,B,12.0
HD_317617__2015-05-31__05-25-05,4050.1,17.02,B,12.0
HD_317617__2015-05-31__05-25-05,2199.21,330.83,U,64.0
HD_317617__2015-05-31__05-25-05,4122.88,21.17,B,12.0
HD_317617__2015-05-31__05-25-05,2070.92,181.9,B,12.0
HD_317617__2015-05-31__05-25-05,4849.48,116.3,B,12.0
HD_317617__2015-05-31__05-25-05,7278.24,316.34,B,12.0
HD_317617__2015-05-31__05-25-05,4185.19,223.98,B,12.0
HD_317617__2015-05-31__05-25-05,2769.62,358.05,B,12.0
HD_317617__2015-05-31__05-25-05,4361.56,65.09,B,12.0
HD_317617__2015-05-31__05-25-05,4109.07,40.87,B,12.0
HD_317617__2015-05-31__05-25-05,4809.59,100.8,B,12.0
HD_317617__2015-05-31__05-25-05,1447.84,168.65,B,12.0
HD_317617__2015-05-31__05-25-05,4989.14,58.55,U,12.0
HD_317617__2015-05-31__05-25-05,4939.72,117.44,B,12.0
HD_317617__2015-05-31__05-25-05,5256.72,28.93,B,12.0
HD_317617__2015-05-31__05-25-05,7378.46,150.34,U,64.0
HD_317617__2015-05-31__05-25-05,3863.15,241.11,B,12.0
HD_317617__2015-05-31__05-25-05,6508.91,133.33,B,12.0
HD_317617__2015-05-31__05-25-05,4575.33,354.49,B,12.0
HD_317617__2015-05-31__05-25-05,5169.04,91.24,U,12.0
HD_317617__2015-05-31__05-25-05,5477.92,10.98,U,12.0
HD_317617__2015-05-31__05-25-05,2425.85,353.02,B,12.0
HD_317617__2015-05-31__05-25-05,4211.21,46.04,B,12.0
HD_317617__2015-05-31__05-25-05,7312.79,41.42,B,12.0
HD_317617__2015-05-31__05-25-05,3416.8,319.13,B,12.0
HD_317617__2015-05-31__05-25-05,2960.64,325.83,B,12.0
HD_317617__2015-05-31__05-25-05,3910.5,198.88,U,12.0
HD_317617__2015-05-31__05-25-05,1793.93,252.32,B,12.0
HD_317617__2015-05-31__05-25-05,1812.65,88.26,U,64.0
HD_317617__2015-05-31__05-25-05,5956.98,166.79,B,12.0
HD_317617__2015-05-31__05-25-05,4139.67,195.69,B,12.0
HD_317617__2015-05-31__05-25-05,3369.66,32.91,B,12.0
HD_317617__2015-05-31__05-25-05,3120.79,52.84,B,12.0
HD_317617__2015-05-31__05-25-05,3079.52,287.31,B,12.0
HD_317617__2015-05-31__05-25-05,2740.3,237.01,B,12.0
HD_317617__2015-05-31__05-25-05,6171.49,111.65,B,12.0
HD_317617__2015-05-31__05-25-05,4221.5,20.61,B,12.0
HD_317617__2015-05-31__05-25-05,4870.14,131.43,B,12.0
HD_317617__2015-05-31__05-25-05,2783.87,277.95,B,12.0
HD_317617__2015-05-31__05-25-05,3722.59,290.74,U,64.0
HD_317617__2015-05-31__05-25-05,1778.27,310.41,B,12.0
HD_317617__2015-05-31__05-25-05,3144.28,148.35,U,12.0
HD_317617__2015-05-31__05-25-05,6105.86,286.86,B,12.0
HD_317617__2015-05-31__05-25-05,3274.1,256.15,B,12.0
HD_317617__2015-05-31__05-25-05,4489.87,225.55,B,12.0
HD_317617__2015-05-31__05-25-05,5785.37,263.23,B,12.0
HD_317617__2015-05-31__05-25-05,5197.23,24.93,B,12.0
HD_317617__2015-05-31__05-25-05,7434.31,256.39,U,12.0
HD_317617__2015-05-31__05-25-05,4977.61,190.45,B,12.0
HD_317617__2015-05-31__05-25-05,3362.51,41.16,U,12.0
HD_317617__2015-05-31__05-25-05,3680.24,79.82,U,12.0
HD_317617__2015-05-31__05-25-05,5495.76,71.09,B,12.0
HD_317617__2015-05-31__05-25-05,4029.7,204.46,U,12.0
HD_317617__2015-05-31__05-25-05,2647.2,24.55,B,12.0
HD_317617__2015-05-31__05-25-05,7188.62,141.27,B,12.0
HD_317617__2015-05-31__05-25-05,1369.51,169.35,B,12.0
HD_317617__2015-05-31__05-25-05,3702.51,339.89,U,64.0
HD_317617__2015-05-31__05-25-05,4741.28,341.2,B,12.0
HD_317617__2015-05-31__05-25-05,6450.52,82.61,B,12.0
HD_317617__2015-05-31__05-25-05,6688.73,14.98,B,12.0
HD_317617__2015-05-31__05-25-05,7436.29,67.13,U,64.0
HD_317617__2015-05-31__05-25-05,5125.53,26.35,B,12.0
HD_317617__2015-05-31__05-25-05,1941.5,283.81,B,12.0
HD_317617__2015-05-31__05-25-05,4597.82,194.55,U,12.0
HD_317617__2015-05-31__05-25-05,3436.3,128.59,B,12.0
HD_317617__2015-05-31__05-25-05,6020.35,234.59,B,12.0
HD_317617__2015-05-31__05-25-05,4935.26,31.27,B,12.0
HD_317617__2015-05-31__05-25-05,5526.31,211.45,B,12.0
HD_317617__2015-05-31__05-25-05,2358.77,274.82,B,12.0
HD_317617__2015-05-31__05-25-05,1440.46,269.44,B,12.0
HD_317617__2015-05-31__05-25-05,6899.89,33.06,U,64.0
HD_317617__2015-05-31__05-25-05,7183.41,60.85,B,12.0
HD_317617__2015-05-31__05-25-05,4389.66,288.3,B,12.0
HD_317617__2015-05-31__05-25-05,1921.35,35.19,B,12.0
HD_317617__2015-05-31__05-25-05,3281.39,9.99,B,12.0
HD_317617__2015-05-31__05-25-05,5542.11,300.15,B,12.0
HD_317617__2015-05-31__05-25-05,4368.15,153.43,B,12.0
HD_317617__2015-05-31__05-25-05,6763.71,77.26,U,64.0
HD_317617__2015-05-31__05-25-05,2940.07,282.98,B,12.0
HD_317617__2015-05-31__05-25-05,5619.26,135.22,B,12.0
HD_317617__2015-05-31__05-25-05,3952.4,323.24,B,12.0
HD_317617__2015-05-31__05-25-05,4570.25,158.8,B,12.0
HD_317617__2015-05-31__05-25-05,5543.6,103.85,B,12.0
HD_317617__2015-05-31__05-25-05,6337.84,38.51,U,64.0
HD_317617__2015-05-31__05-25-05,3177.95,75.91,B,12.0
HD_317617__2015-05-31__05-25-05,3821.92,38.3,U,64.0
HD_317617__2015-05-31__05-25-05,3795.64,270.48,U,12.0
HD_317617__2015-05-31__05-25-05,4412.89,254.51,B,12.0
HD_317617__2015-05-31__05-25-05,7498.1,77.3,U,64.0
HD_317617__2015-05-31__05-25-05,7502.84,122.2,B,12.0
HD_317617__2015-05-31__05-25-05,6211.25,265.77,B,12.0
HD_317617__2015-05-31__05-25-05,3796.85,309.21,U,12.0
HD_317617__2015-05-31__05-25-05,6425.74,292.86,U,12.0
HD_317617__2015-05-31__05-25-05,3630.26,297.55,B,12.0
HD_317617__2015-05-31__05-25-05,3207.04,58.25,B,12.0
HD_317617__2015-05-31__05-25-05,5581.48,249.71,B,12.0
HD_317617__2015-05-31__05-25-05,5550.1,96.44,B,12.0
HD_317617__2015-05-31__05-25-05,5893.77,214.37,B,12.0
HD_317617__2015-05-31__05-25-05,4302.77,51.61,B,12.0
HD_317617__2015-05-31__05-25-05,4029.11,36.45,B,12.0
HD_317617__2015-05-31__05-25-05,7184.42,277.67,B,12.0
HD_317617__2015-05-31__05-25-05,3904.88,34.09,U,12.0
HD_317617__2015-05-31__05-25-05,6613.58,347.39,B,12.0
HD_317617__2015-05-31__05-25-05,7228.41,57.26,B,12.0
HD_317617__2015-05-31__05-25-05,4584.08,90.32,B,12.0
HD_317617__2015-05-31__05-25-05,2795.8,167.79,B,12.0
HD_317617__2015-05-31__05-25-05,3412.83,226.85,B,12.0
HD_317617__2015-05-31__05-25-05,2917.48,54.44,B,12.0
HD_317617__2015-05-31__05-25-05,4075.39,303.07,B,12.0
HD_317617__2015-05-31__05-25-05,3250.16,60.02,B,12.0
HD_317617__2015-05-31__05-25-05,6233.23,11.28,U,64.0
HD_317617__2015-05-31__05-25-05,4725.13,206.12,B,12.0
HD_317617__2015-05-31__05-25-05,5367.5,34.89,B,12.0
HD_317617__2015-05-31__05-25-05,5492.66,82.01,B,12.0
HD_317617__2015-05-31__05-25-05,6640.11,238.58,B,12.0
HD_317617__2015-05-31__05-25-05,5688.22,77.51,U,12.0
HD_317617__2015-05-31__05-25-05,5199.98,101.2,B,12.0
HD_317617__2015-05-31__05-25-05,3446.2,237.57,B,12.0
HD_317617__2015-05-31__05-25-05,5509.73,303.57,B,12.0
HD_317617__2015-05-31__05-25-05,2531.69,226.56,B,12.0
HD_317617__2015-05-31__05-25-05,4706.8,3.45,B,12.0
HD_317617__2015-05-31__05-25-05,4244.35,32.0,B,12.0
HD_317617__2015-05-31__05-25-05,4652.79,112.23,B,12.0
HD_317617__2015-05-31__05-25-05,4276.73,335.84,B,12.0
HD_317617__2015-05-31__05-25-05,1310.61,198.3,B,12.0
HD_317617__2015-05-31__05-25-05,6588.57,54.79,U,12.0
HD_317617__2015-05-31__05-25-05,6043.59,86.57,B,12.0
HD_317617__2015-05-31__05-25-05,1225.54,330.01,U,12.0
HD_317617__2015-05-31__05-25-05,2292.05,323.88,B,12.0
HD_317617__2015-05-31__05-25-05,5502.79,90.72,B,12.0
HD_317617__2015-05-31__05-25-05,3708.49,183.32,B,12.0
HD_317617__2015-05-31__05-25-05,3251.29,212.41,B,12.0
HD_317617__2015-05-31__05-25-05,7256.16,81.69,B,12.0
HD_317617__2015-05-31__05-25-05,7243.66,112.21,U,12.0
HD_317617__2015-05-31__05-25-05,6114.93,133.77,B,12.0
HD_317617__2015-05-31__05-25-05,7025.27,313.39,B,12.0
HD_317617__2015-05-31__05-25-05,6484.2,316.14,B,12.0
HD_317617__2015-05-31__05-25-05,6804.02,357.71,U,12.0
HD_317617__2015-05-31__05-25-05,4818.66,145.32,B,12.0
HD_317617__2015-05-31__05-25-05,1912.44,154.81,B,12.0
HD_317617__2015-05-31__05-25-05,4461.98,56.81,U,64.0
HD_317617__2015-05-31__05-25-05,3399.74,55.9,B,12.0
HD_317617__2015-05-31__05-25-05,2567.32,359.74,B,12.0
HD_317617__2015-05-31__05-25-05,4740.02,99.87,B,12.0
HD_317617__2015-05-31__05-25-05,4591.48,49.05,U,12.0
HD_317617__2015-05-31__05-25-05,5195.06,340.11,B,12.0
HD_317617__2015-05-31__05-25-05,3844.88,237.17,B,12.0
HD_317617__2015-05-31__05-25-05,5965.23,126.31,U,12.0
HD_317617__2015-05-31__05-25-05,6875.16,350.7,B,12.0
HD_317617__2015-05-31__05-25-05,4309.96,254.51,B,12.0
HD_317617__2015-05-31__05-25-05,4163.23,55.43,B,12.0
HD_317617__2015-05-31__05-25-05,3317.13,241.2,B,12.0
HD_317617__2015-05-31__05-25-05,2899.89,18.3,B,12.0
HD_317617__2015-05-31__05-25-05,6640.19,56.2,B,12.0
HD_317617__2015-05-31__05-25-05,2582.61,169.89,B,12.0
HD_317617__2015-05-31__05-25-05,7337.43,56.79,U,64.0
HD_317617__2015-05-31__05-25-05,5456.73,26.6,U,12.0
HD_317617__2015-05-31__05-25-05,5006.51,138.04,B,12.0
HD_317617__2015-05-31__05-25-05,3004.65,337.19,B,12.0
HD_317617__2015-05-31__05-25-05,4617.34,145.15,U,12.0
HD_317617__2015-05-31__05-25-05,5676.25,20.57,B,12.0
HD_317617__2015-05-31__05-25-05,3122.75,217.12,B,12.0
HD_317617__2015-05-31__05-25-05,4530.11,24.09,B,12.0
HD_317617__2015-05-31__05-25-05,5334.14,114.57,B,12.0
HD_317617__2015-05-31__05-25-05,4872.78,311.74,U,64.0
HD_317617__2015-05-31__05-25-05,4603.75,220.15,B,12.0
HD_317617__2015-05-31__05-25-05,5012.88,48.67,B,12.0
HD_317617__2015-05-31__05-25-05,6430.64,24.73,U,12.0
HD_317617__2015-05-31__05-25-05,6147.85,322.74,B,12.0
HD_317617__2015-05-31__05-25-05,2039.6,284.1,B,12.0
HD_317617__2015-05-31__05-25-05,1208.45,226.24,U,12.0
HD_317617__2015-05-31__05-25-05,3425.54,182.33,U,12.0
HD_317617__2015-05-31__05-25-05,4393.21,78.26,B,12.0
HD_317617__2015-05-31__05-25-05,5034.96,57.66,U,64.0
HD_317617__2015-05-31__05-25-05,3482.07,42.2,B,12.0
HD_317617__2015-05-31__05-25-05,2543.74,27.09,B,12.0
HD_317617__2015-05-31__05-25-05,1202.15,5.7,B,12.0
HD_317617__2015-05-31__05-25-05,6071.97,65.98,B,12.0
HD_317617__2015-05-31__05-25-05,6630.36,216.01,B,12.0
HD_317617__2015-05-31__05-25-05,6433.06,124.35,U,12.0
HD_317617__2015-05-31__05-25-05,4283.88,125.66,B,12.0
HD_317617__2015-05-31__05-25-05,4129.28,154.82,U,12.0
HD_317617__2015-05-31__05-25-05,4605.49,17.03,B,12.0
HD_317617__2015-05-31__05-25-05,5504.53,21.26,B,12.0
HD_317617__2015-05-31__05-25-05,5036.46,199.94,U,64.0
HD_317617__2015-05-31__05-25-05,4961.46,128.1,B,12.0
HD_317617__2015-05-31__05-25-05,2814.44,129.6,B,12.0
HD_317617__2015-05-31__05-25-05,2848.85,214.4,B,12.0
HD_317617__2015-05-31__05-25-05,2502.9,292.58,B,12.0
HD_317617__2015-05-31__05-25-05,6115.7,83.78,B,12.0
HD_317617__2015-05-31__05-25-05,6375.89,325.33,B,12.0
HD_317617__2015-05-31__05-25-05,1087.88,130.35,B,12.0
HD_317617__2015-05-31__05-25-05,4209.65,121.9,B,12.0
HD_317617__2015-05-31__05-25-05,5897.61,312.55,B,12.0
HD_317617__2015-05-31__05-25-05,2700.89,71.06,B,12.0
HD_317617__2015-05-31__05-25-05,1392.15,105.27,U,12.0
HD_317617__2015-05-31__05-25-05,7105.47,92.75,B,12.0
HD_317617__2015-05-31__05-25-05,5896.26,235.45,B,12.0
HD_317617__2015-05-31__05-25-05,6135.97,25.28,B,12.0
HD_317617__2015-05-31__05-25-05,4503.25,178.51,B,12.0
HD_317617__2015-05-31__05-25-05,5996.85,131.06,B,12.0
HD_317617__2015-05-31__05-25-05,6038.73,256.4,U,12.0
HD_317617__2015-05-31__05-25-05,4023.56,32.87,B,12.0
HD_317617__2015-05-31__05-25-05,3700.15,198.27,B,12.0
HD_317617__2015-05-31__05-25-05,5697.48,288.6,B,12.0
HD_317617__2015-05-31__05-25-05,3752.43,249.22,B,12.0
HD_317617__2015-05-31__05-25-05,5475.9,308.07,B,12.0
HD_317617__2015-05-31__05-25-05,5391.37,108.95,B,12.0
HD_317617__2015-05-31__05-25-05,4800.15,160.53,B,12.0
HD_317617__2015-05-31__05-25-05,5892.96,137.6,B,12.0
HD_317617__2015-05-31__05-25-05,5225.05,347.35,U,64.0
HD_317617__2015-05-31__05-25-05,5796.51,246.0,B,12.0
HD_317617__2015-05-31__05-25-05,5928.82,79.88,B,12.0
HD_317617__2015-05-31__05-25-05,5982.72,269.77,U,12.0
HD_317617__2015-05-31__05-25-05,4785.67,264.79,B,12.0
HD_317617__2015-05-31__05-25-05,4543.87,113.28,B,12.0
HD_317617__2015-05-31__05-25-05,4919.98,42.08,B,12.0
HD_317617__2015-05-31__05-25-05,5994.76,67.07,B,12.0
HD_317617__2015-05-31__05-25-05,5753.01,212.15,U,12.0
HD_317617__2015-05-31__05-25-05,3968.37,43.73,U,12.0
HD_317617__2015-05-31__05-25-05,2311.27,193.85,B,12.0
HD_317617__2015-05-31__05-25-05,3900.82,308.31,B,12.0
HD_317617__2015-05-31__05-25-05,3918.43,82.12,B,12.0
HD_317617__2015-05-31__05-25-05,3434.04,247.72,B,12.0
HD_317617__2015-05-31__05-25-05,2232.15,30.47,B,12.0
HD_317617__2015-05-31__05-25-05,5175.52,152.94,B,12.0
HD_317617__2015-05-31__05-25-05,2221.16,239.16,B,12.0
HD_317617__2015-05-31__05-25-05,3610.44,150.11,B,12.0
HD_317617__2015-05-31__05-25-05,6201.907775573353,2.4080768875730314,add_custom,12.0
HD_317617__2015-05-31__05-25-05,2823.07,286.55,B,12.0
HD_317617__2015-05-31__05-25-05,5535.04,61.86,B,12.0
HD_317617__2015-05-31__05-25-05,2562.26,244.16,B,12.0
HD_317617__2015-05-31__05-25-05,7627.19,80.68,U,64.0
HD_317617__2015-05-31__05-25-05,6025.61,285.24,B,12.0
HD_317617__2015-05-31__05-25-05,4556.98,4.95,B,12.0
HD_317617__2015-05-31__05-25-05,7812.81,197.58,B,12.0
HD_317617__2015-05-31__05-25-05,6603.64,325.29,B,12.0
HD_317617__2015-05-31__05-25-05,3942.66,163.96,B,12.0
HD_317617__2015-05-31__05-25-05,3402.31,243.57,B,12.0
HD_317617__2015-05-31__05-25-05,7829.82,110.87,U,64.0
HD_317617__2015-05-31__05-25-05,2635.42,317.28,B,12.0
HD_317617__2015-05-31__05-25-05,5145.58,48.03,B,12.0
HD_317617__2015-05-31__05-25-05,5194.13,56.57,B,12.0
HD_317617__2015-05-31__05-25-05,4626.08,106.32,B,12.0
HD_317617__2015-05-31__05-25-05,5224.72,357.03,B,12.0
HD_317617__2015-05-31__05-25-05,2664.26,214.65,B,12.0
HD_317617__2015-05-31__05-25-05,4281.51,11.7,B,12.0
HD_317617__2015-05-31__05-25-05,2584.3,283.43,B,12.0
HD_317617__2015-05-31__05-25-05,6642.68,16.26,U,64.0
HD_317617__2015-05-31__05-25-05,4463.83,260.58,U,64.0
HD_317617__2015-05-31__05-25-05,2776.61,11.96,B,12.0
HD_317617__2015-05-31__05-25-05,6155.54,62.1,B,12.0
HD_317617__2015-05-31__05-25-05,5214.69,137.67,B,12.0
HD_317617__2015-05-31__05-25-05,6206.12,86.12,B,12.0
HD_317617__2015-05-31__05-25-05,7078.9,31.14,B,12.0
HD_317617__2015-05-31__05-25-05,3926.97,78.28,B,12.0
HD_317617__2015-05-31__05-25-05,2464.72,52.16,B,12.0
HD_317617__2015-05-31__05-25-05,5510.01,212.87,B,12.0
HD_317617__2015-05-31__05-25-05,4406.69,41.89,U,12.0
HD_317617__2015-05-31__05-25-05,1216.52,342.71,U,64.0
HD_317617__2015-05-31__05-25-05,6100.23,67.87,B,12.0
HD_317617__2015-05-31__05-25-05,4542.37,265.23,B,12.0
HD_317617__2015-05-31__05-25-05,3069.24,261.28,B,12.0
HD_317617__2015-05-31__05-25-05,2809.17,270.04,B,12.0
HD_317617__2015-05-31__05-25-05,2048.3,352.17,B,12.0
HD_317617__2015-05-31__05-25-05,6743.15,41.35,B,12.0
HD_317617__2015-05-31__05-25-05,5036.8,284.65,B,12.0
HD_317617__2015-05-31__05-25-05,2603.69,19.64,B,12.0
HD_317617__2015-05-31__05-25-05,2703.74,344.36,B,12.0
HD_317617__2015-05-31__05-25-05,3844.38,143.83,U,12.0
HD_317617__2015-05-31__05-25-05,5078.68,179.5,U,12.0
HD_317617__2015-05-31__05-25-05,4041.09,184.73,U,12.0
HD_317617__2015-05-31__05-25-05,2771.54,46.38,B,12.0
HD_317617__2015-05-31__05-25-05,6956.21,329.51,B,12.0
HD_317617__2015-05-31__05-25-05,4874.48,29.7,B,12.0
HD_317617__2015-05-31__05-25-05,3642.58,5.27,B,12.0
HD_317617__2015-05-31__05-25-05,1595.5,66.23,B,12.0
HD_317617__2015-05-31__05-25-05,3339.99,200.49,B,12.0
HD_317617__2015-05-31__05-25-05,4303.99,13.69,B,12.0
HD_317617__2015-05-31__05-25-05,4869.17,294.11,U,64.0
HD_317617__2015-05-31__05-25-05,5157.3,61.98,B,12.0
HD_317617__2015-05-31__05-25-05,2897.15,141.87,B,12.0
HD_317617__2015-05-31__05-25-05,5236.74,95.19,B,12.0
HD_317617__2015-05-31__05-25-05,5808.95,21.44,B,12.0
HD_317617__2015-05-31__05-25-05,2880.83,309.54,U,12.0
HD_317617__2015-05-31__05-25-05,5012.18,315.4,U,64.0
HD_317617__2015-05-31__05-25-05,4848.5,77.85,B,12.0
HD_317617__2015-05-31__05-25-05,3800.96,342.29,B,12.0
HD_317617__2015-05-31__05-25-05,3026.84,200.92,B,12.0
HD_317617__2015-05-31__05-25-05,4303.51,79.7,B,12.0
HD_317617__2015-05-31__05-25-05,1908.28,341.7,B,12.0
HD_317617__2015-05-31__05-25-05,6205.2,31.96,B,12.0
HD_317617__2015-05-31__05-25-05,1196.37,97.8,B,12.0
HD_317617__2015-05-31__05-25-05,6422.43,114.03,B,12.0
HD_317617__2015-05-31__05-25-05,2019.23,240.74,B,12.0
HD_32195__2015-09-30__09-05-02,5877.92,153.12,U,12.0
HD_32195__2015-09-30__09-05-02,4232.95,181.57,U,12.0
HD_326277__2016-03-30__09-20-08,2342.93,41.03,U,12.0
HD_326277__2016-03-30__09-20-08,3041.11,322.36,U,12.0
HD_326277__2016-03-30__09-20-08,3769.85,58.25,B,12.0
HD_326277__2016-03-30__09-20-08,5729.992525801349,29.95712651134835,add_custom,12.0
HD_326277__2016-03-30__09-20-08,4274.257241222384,168.3456462006733,add_custom,12.0
HD_326277__2016-03-30__09-20-08,3854.62,304.17,U,12.0
HD_326277__2016-03-30__09-20-08,6162.74,29.21,U,12.0
HD_326277__2016-03-30__09-20-08,6121.815671072731,172.74032605154378,add_custom,18.061065946593672
HD_326277__2016-03-30__09-20-08,1359.637298898323,51.1643363665097,add_custom,12.0
HD_326277__2016-03-30__09-20-08,4301.84,256.06,U,12.0
HD_326277__2016-03-30__09-20-08,5320.86,56.28,U,12.0
HD_326277__2016-03-30__09-20-08,2670.49,40.21,U,12.0
HD_326277__2016-03-30__09-20-08,7139.361602219834,120.25947958888356,add_custom,12.0
HD_326277__2016-03-30__09-20-08,2762.59,51.11,U,12.0
HD_326277__2016-03-30__09-20-08,4959.341281659458,115.00070597857916,add_custom,12.0
HD_326277__2016-03-30__09-20-08,5491.13,221.15,U,64.0
HD_326277__2016-03-30__09-20-08,4376.480707255316,126.50670204854572,add_custom,12.0
HD_326277__2016-03-30__09-20-08,5253.05,61.79,U,12.0
HD_326277__2016-03-30__09-20-08,3688.1,246.01,U,12.0
HD_326277__2016-03-30__09-20-08,3293.33,352.48,B,12.0
HD_326277__2016-03-30__09-20-08,3585.7120865736742,358.67543007171093,add_custom,12.0
HD_326277__2016-03-30__09-20-08,1795.43,175.24,B,12.0
HD_326277__2016-03-30__09-20-08,6099.67549062475,139.514180376792,add_custom,12.0
HD_326277__2016-03-30__09-20-08,4580.088620559879,54.290880990138646,add_custom,12.0
HD_326277__2016-03-30__09-20-08,3167.82,13.23,U,12.0
HD_326277__2016-03-30__09-20-08,3718.4,305.15,U,12.0
HD_326277__2016-03-30__09-20-08,3311.83,55.26,B,12.0
HD_326277__2016-03-30__09-20-08,4368.92,53.67,B,12.0
HD_326277__2016-03-30__09-20-08,6815.77,266.77,add_0_0,12.0
HD_326277__2016-03-30__09-20-08,7359.959667367301,126.36545752600956,add_custom,12.0
HD_326277__2016-03-30__09-20-08,3815.25,213.48,B,12.0
HD_326277__2016-03-30__09-20-08,2884.92,120.34,B,12.0
HD_326277__2016-03-30__09-20-08,4049.9902806703208,349.3787637137623,add_custom,12.0
HD_326277__2016-03-30__09-20-08,5805.885236303238,359.62295915572423,add_custom,12.0
HD_326277__2016-03-30__09-20-08,6534.143355060452,130.10410614029234,add_custom,12.0
HD_326277__2016-03-30__09-20-08,2574.9,169.54,B,12.0
HD_326277__2016-03-30__09-20-08,3495.8522258315024,272.4221178530784,add_custom,12.0
HD_326277__2016-03-30__09-20-08,2202.07,31.54,U,12.0
HD_326277__2016-03-30__09-20-08,2671.91,91.43,U,12.0
HD_326277__2016-03-30__09-20-08,4268.648772596359,278.7619112947216,add_custom,12.0
HD_326277__2016-03-30__09-20-08,3149.4,90.09,B,12.0
HD_326277__2016-03-30__09-20-08,3491.05,77.46,B,12.0
HD_326277__2016-03-30__09-20-08,3146.01,206.36,B,12.0
HD_326277__2016-03-30__09-20-08,2766.92,225.5,B,12.0
HD_326277__2016-03-30__09-20-08,5216.11,291.94,U,12.0
HD_326277__2016-03-30__09-20-08,2489.29,165.45,B,12.0
HD_326277__2016-03-30__09-20-08,2992.02,85.06,B,12.0
HD_326277__2016-03-30__09-20-08,3564.25,195.52,B,12.0
HD_326277__2016-03-30__09-20-08,3607.23,144.67,B,12.0
HD_326277__2016-03-30__09-20-08,5109.38,338.69,U,12.0
HD_326277__2016-03-30__09-20-08,2284.35,318.45,U,12.0
HD_326277__2016-03-30__09-20-08,2081.98,137.21,U,12.0
HD_326277__2016-03-30__09-20-08,2847.85,186.79,B,12.0
HD_326277__2016-03-30__09-20-08,4630.87,145.44,B,12.0
HD_326277__2016-03-30__09-20-08,6529.695254515273,107.0100055955278,add_custom,12.0
HD_326277__2016-03-30__09-20-08,5256.522795462699,118.73273214855328,add_custom,12.0
HD_326277__2016-03-30__09-20-08,2518.13,171.35,U,12.0
HD_326277__2016-03-30__09-20-08,3807.62,7.87,B,12.0
HD_326277__2016-03-30__09-20-08,3285.49,277.12,B,12.0
HD_326277__2016-03-30__09-20-08,5568.6,76.35,B,12.0
HD_326277__2016-03-30__09-20-08,3711.08,58.85,B,12.0
HD_326277__2016-03-30__09-20-08,5927.068660144751,132.04179376480107,add_custom,12.0
HD_326277__2016-03-30__09-20-08,3999.43,354.19,U,12.0
HD_326277__2016-03-30__09-20-08,5448.1,94.59,U,25.90047220722364
HD_326277__2016-03-30__09-20-08,2599.45,139.53,B,12.0
HD_326277__2016-03-30__09-20-08,3234.73,108.08,B,12.0
HD_326277__2016-03-30__09-20-08,1557.6507398526476,143.33941188552672,add_custom,12.0
HD_326277__2016-03-30__09-20-08,5777.363153905904,355.5824633026512,add_custom,12.0
HD_326277__2016-03-30__09-20-08,3429.17,308.26,B,12.0
HD_326277__2016-03-30__09-20-08,2259.1,118.1,B,12.0
HD_326277__2016-03-30__09-20-08,6244.34,344.86,U,12.0
HD_326277__2016-03-30__09-20-08,2503.2,157.21,U,12.0
HD_326277__2016-03-30__09-20-08,3089.44,25.61,U,12.0
HD_326277__2016-03-30__09-20-08,4418.65,212.09,B,12.0
HD_326277__2016-03-30__09-20-08,4880.04,0.9,B,12.0
HD_326277__2016-03-30__09-20-08,2672.53,261.08,B,12.0
HD_326277__2016-03-30__09-20-08,5496.54,141.95,U,12.0
HD_326277__2016-03-30__09-20-08,2949.84,86.85,B,12.0
HD_326277__2016-03-30__09-20-08,4983.38,153.17,U,12.0
HD_326277__2016-03-30__09-20-08,1787.15,152.47,U,12.0
HD_326277__2016-03-30__09-20-08,3739.23,303.07,U,12.0
HD_326277__2016-03-30__09-20-08,6724.074263108423,21.70717615851845,add_custom,12.0
HD_326277__2016-03-30__09-20-08,5858.37,164.47,U,12.0
HD_326277__2016-03-30__09-20-08,2123.1130121833703,37.6058877039535,add_custom,12.0
HD_326277__2016-03-30__09-20-08,1875.73,67.99,U,12.0
HD_326277__2016-03-30__09-20-08,2451.67,298.65,U,12.0
HD_326277__2016-03-30__09-20-08,3170.646334225507,352.0851160594542,add_custom,12.0
HD_326277__2016-03-30__09-20-08,2651.2,239.22,U,12.0
HD_326277__2016-03-30__09-20-08,7447.3138179003,93.14442146629318,add_custom,12.0
HD_326277__2016-03-30__09-20-08,4208.7195619806025,329.52208416416465,add_custom,12.0
HD_326277__2016-03-30__09-20-08,3074.89,39.67,B,12.0
HD_326277__2016-03-30__09-20-08,4178.32,32.98,U,12.0
HD_326277__2016-03-30__09-20-08,1237.49,194.53,B,12.0
HD_326277__2016-03-30__09-20-08,3887.118382920074,43.88620704795545,add_custom,12.0
HD_326277__2016-03-30__09-20-08,5746.061911639899,50.72978044694537,add_custom,12.0
HD_326277__2016-03-30__09-20-08,5388.504116533202,206.92070168337423,add_custom,12.0
HD_326277__2016-03-30__09-20-08,5055.75,216.9,U,12.0
HD_326277__2016-03-30__09-20-08,2819.097164730164,256.8901709227314,add_custom,12.0
HD_326277__2016-03-30__09-20-08,3719.24,332.27,U,12.0
HD_326277__2016-03-30__09-20-08,5768.798677145001,19.709148941317665,add_custom,12.0
HD_326277__2016-03-30__09-20-08,4716.33,273.65,U,12.0
HD_326277__2016-03-30__09-20-08,6156.15,120.77,U,12.0
HD_326277__2016-03-30__09-20-08,6400.15,128.93,B,12.0
HD_326277__2016-03-30__09-20-08,4687.93,307.87,U,12.0
HD_326277__2016-03-30__09-20-08,6143.356760709098,37.24502264722963,add_custom,12.0
HD_326277__2016-03-30__09-20-08,1106.04,126.63,U,12.0
HD_326277__2016-03-30__09-20-08,3962.75,178.95,U,12.0
HD_326277__2016-03-30__09-20-08,4148.71,217.51,B,12.0
HD_326277__2016-03-30__09-20-08,2429.88,229.66,B,12.0
HD_326277__2016-03-30__09-20-08,2182.43,57.25,B,12.0
HD_326277__2016-03-30__09-20-08,3784.88,127.81,B,12.0
HD_326277__2016-03-30__09-20-08,3644.63,45.59,U,12.0
HD_326277__2016-03-30__09-20-08,5071.9,357.84,U,12.0
HD_326277__2016-03-30__09-20-08,2096.15,97.91,U,12.0
HD_326277__2016-03-30__09-20-08,6205.37,113.98,U,12.0
HD_326277__2016-03-30__09-20-08,5124.93,119.81,U,12.0
HD_326277__2016-03-30__09-20-08,7157.23,175.26,add_0_0,12.0
HD_326277__2016-03-30__09-20-08,5282.577026354249,171.88216355208726,add_custom,12.0
HD_326277__2016-03-30__09-20-08,5488.424361423641,148.99218085892107,add_custom,12.0
HD_326277__2016-03-30__09-20-08,5300.906901770377,145.9372441261023,add_custom,12.0
HD_326277__2016-03-30__09-20-08,2093.29,14.04,B,12.0
HD_326277__2016-03-30__09-20-08,6107.44,169.34,U,12.0
HD_326277__2016-03-30__09-20-08,3398.26,52.85,U,12.0
HD_326277__2016-03-30__09-20-08,6202.34,349.83,B,12.0
HD_326277__2016-03-30__09-20-08,3338.88,106.83,U,12.0
HD_326277__2016-03-30__09-20-08,2948.98,177.58,U,12.0
HD_326277__2016-03-30__09-20-08,2574.76,310.36,B,12.0
HD_326277__2016-03-30__09-20-08,3441.74,95.73,B,12.0
HD_326277__2016-03-30__09-20-08,5054.29,14.43,B,12.0
HD_326277__2016-03-30__09-20-08,5398.020835469729,163.73706770912406,add_custom,12.0
HD_326277__2016-03-30__09-20-08,5211.6733993957205,303.2940646256319,add_custom,12.0
HD_326277__2016-03-30__09-20-08,2414.26,130.99,B,12.0
HD_326277__2016-03-30__09-20-08,2302.77,147.08,U,12.0
HD_326277__2016-03-30__09-20-08,4154.95623729756,207.89719749520424,add_custom,12.0
HD_326277__2016-03-30__09-20-08,5069.35942209428,51.66114663814358,add_custom,12.0
HD_326277__2016-03-30__09-20-08,4580.031040290203,243.89168429741767,add_custom,12.0
HD_326277__2016-03-30__09-20-08,1341.06,292.89,B,12.0
HD_326277__2016-03-30__09-20-08,4613.33,137.67,B,12.0
HD_326277__2016-03-30__09-20-08,4886.824247595036,290.303654504232,add_custom,12.0
HD_326277__2016-03-30__09-20-08,3836.67,103.97,U,12.0
HD_326277__2016-03-30__09-20-08,5974.218683954751,7.531308513578892,add_custom,46.48435172559488
HD_326277__2016-03-30__09-20-08,5342.075640973155,153.99411717390626,add_custom,12.0
HD_326277__2016-03-30__09-20-08,5564.56,179.17,B,12.0
HD_326277__2016-03-30__09-20-08,5754.28,291.16,B,12.0
HD_326277__2016-03-30__09-20-08,3930.53,196.81,B,12.0
HD_326277__2016-03-30__09-20-08,6742.58,349.69,B,12.0
HD_326277__2016-03-30__09-20-08,2354.04,319.99,U,12.0
HD_326277__2016-03-30__09-20-08,6190.250961611025,209.6147982455276,add_custom,60.31656182030116
HD_326277__2016-03-30__09-20-08,6182.053763691387,10.168284480007856,add_custom,12.0
HD_326277__2016-03-30__09-20-08,5403.3,84.46,B,12.0
HD_326277__2016-03-30__09-20-08,4862.65,18.57,B,12.0
HD_326277__2016-03-30__09-20-08,5874.050313520364,114.83902071056052,add_custom,12.0
HD_326277__2016-03-30__09-20-08,6792.6,164.01,U,12.0
HD_326277__2016-03-30__09-20-08,1713.36,312.54,B,12.0
HD_326277__2016-03-30__09-20-08,5107.334011152359,268.3997725253718,add_custom,12.0
HD_326277__2016-03-30__09-20-08,6086.597011461087,114.47545733210757,add_custom,12.0
HD_326277__2016-03-30__09-20-08,6493.78,308.03,B,12.0
HD_326277__2016-03-30__09-20-08,6010.61,327.15,U,12.0
HD_326277__2016-03-30__09-20-08,5567.360542565841,57.581891003394105,add_custom,12.0
HD_326277__2016-03-30__09-20-08,2210.12,176.37,B,12.0
HD_326277__2016-03-30__09-20-08,5258.066151193324,186.6459239979508,add_custom,33.96529970764692
HD_326277__2016-03-30__09-20-08,5754.28,291.16,B,12.0
HD_326277__2016-03-30__09-20-08,4174.814152251466,278.2671848228781,add_custom,12.0
HD_326277__2016-03-30__09-20-08,4655.828885824334,42.34665983840944,add_custom,12.0
HD_326277__2016-03-30__09-20-08,2536.62,262.55,U,12.0
HD_326277__2016-03-30__09-20-08,4459.19,138.99,B,12.0
HD_326277__2016-03-30__09-20-08,4772.29,194.57,U,12.0
HD_326277__2016-03-30__09-20-08,1848.17,318.79,U,12.0
HD_326277__2016-03-30__09-20-08,2644.99,74.66,U,12.0
HD_326277__2016-03-30__09-20-08,4841.29,240.91,U,12.0
HD_326277__2016-03-30__09-20-08,5327.27,29.99,B,12.0
HD_326277__2016-03-30__09-20-08,4504.0019548905375,37.57660918652584,add_custom,12.0
HD_326277__2016-03-30__09-20-08,5397.93,263.48,U,12.0
HD_326277__2016-03-30__09-20-08,3826.77,167.52,B,12.0
HD_326277__2016-03-30__09-20-08,5722.59,143.65,U,12.0
HD_326277__2016-03-30__09-20-08,2897.78,149.21,B,12.0
HD_326277__2016-03-30__09-20-08,3485.17,117.27,U,12.0
HD_326277__2016-03-30__09-20-08,4021.45,23.16,B,12.0
HD_326277__2016-03-30__09-20-08,7220.882332113679,87.09817547344898,add_custom,12.0
HD_326277__2016-03-30__09-20-08,3537.98,259.46,U,12.0
HD_326277__2016-03-30__09-20-08,4425.4,188.65,U,12.0
HD_326277__2016-03-30__09-20-08,5664.13,334.64,B,12.0
HD_326277__2016-03-30__09-20-08,6434.369875733399,195.5163948336165,add_custom,12.0
HD_326277__2016-03-30__09-20-08,6671.97,84.06,add_0_0,12.0
HD_326277__2016-03-30__09-20-08,2097.12,194.25,U,12.0
HD_326277__2016-03-30__09-20-08,4818.59,224.95,B,12.0
HD_326277__2016-03-30__09-20-08,5140.308980497341,176.92243523766126,add_custom,12.0
HD_326277__2016-03-30__09-20-08,5511.69729774351,44.45475516506747,add_custom,12.0
HD_326277__2016-03-30__09-20-08,5391.06,242.37,add_0_0,12.0
HD_326277__2016-03-30__09-20-08,6236.05,261.07,add_0_0,12.0
HD_326277__2016-03-30__09-20-08,5626.739878262217,122.70639080405796,add_custom,12.0
HD_326277__2016-03-30__09-20-08,1795.55,103.13,U,12.0
HD_326277__2016-03-30__09-20-08,5117.75,207.82,U,12.0
HD_326277__2016-03-30__09-20-08,5877.48,319.0,U,12.0
HD_326277__2016-03-30__09-20-08,4765.22,58.52,U,12.0
HD_326277__2016-03-30__09-20-08,1402.2,263.75,U,12.0
HD_326277__2016-03-30__09-20-08,6301.178744409063,293.90993847254765,add_custom,12.0
HD_326277__2016-03-30__09-20-08,3729.04,197.94,B,12.0
HD_326277__2016-03-30__09-20-08,3891.59,323.68,U,12.0
HD_326277__2016-03-30__09-20-08,2467.66,255.87,B,12.0
HD_326277__2016-03-30__09-20-08,2405.06,1.29,U,64.0
HD_326277__2016-03-30__09-20-08,4853.45,143.55,U,12.0
HD_326277__2016-03-30__09-20-08,3211.6,340.12,B,12.0
HD_326277__2016-03-30__09-20-08,4094.649412551942,356.3620018872396,add_custom,12.0
HD_326277__2016-03-30__09-20-08,5343.58,128.93,U,12.0
HD_326277__2016-03-30__09-20-08,4942.152367987342,56.4939256051523,add_custom,12.0
HD_326277__2016-03-30__09-20-08,712.59,318.95,U,12.0
HD_326277__2016-03-30__09-20-08,3619.12,81.57,B,12.0
HD_326277__2016-03-30__09-20-08,5998.035362435557,193.710124335486,add_custom,12.0
HD_326277__2016-03-30__09-20-08,5668.77,130.66,B,12.0
HD_326277__2016-03-30__09-20-08,5523.269991274478,189.21613278299185,add_custom,12.0
HD_326277__2016-03-30__09-20-08,1619.8093915878037,287.99468988275885,add_custom,12.0
HD_326277__2016-03-30__09-20-08,3333.33,283.51,B,12.0
HD_326277__2016-03-30__09-20-08,3692.09,106.06,U,12.0
HD_326277__2016-03-30__09-20-08,5528.050272726513,172.31718708510857,add_custom,12.0
HD_326277__2016-03-30__09-20-08,5872.49,356.45,add_0_0,12.0
HD_326277__2016-03-30__09-20-08,4449.32409606334,174.3897334691177,add_custom,12.0
HD_326277__2016-03-30__09-20-08,3794.99,51.64,B,12.0
HD_326277__2016-03-30__09-20-08,2350.28,214.17,B,12.0
HD_326277__2016-03-30__09-20-08,2677.36,343.67,B,12.0
HD_326277__2016-03-30__09-20-08,5864.68,346.13,U,12.0
HD_326277__2016-03-30__09-20-08,2395.02,294.95,B,12.0
HD_39060__2014-12-08__05-27-37,351.0899999999996,212.39,edit_1_0,12.0
HD_39060__2015-02-05__02-12-39,336.3899999999995,212.02999999999992,edit_1_0,12.0
HD_39060__2015-10-01__08-44-47,264.5499999999999,210.18,edit_1_0,12.0
HD_39060__2015-11-28__05-50-57,177.44,29.07,C,12.0
HD_39060__2015-11-28__06-16-03,177.44,29.07,C,12.0
HD_39060__2015-11-30__06-08-56,249.5399999999996,211.88,edit_0_1,12.0
HD_39060__2015-12-26__04-20-09,251.3800000000005,212.24000000000007,edit_0_1,12.0
HD_39060__2016-03-27__00-36-28,221.06999999999965,209.32,edit_1_0,12.0
HD_39060__2016-04-16__00-04-10,216.87999999999977,209.38000000000025,edit_1_0,12.0
HD_39060__2016-09-16__09-22-07,147.26000000000005,205.86999999999992,edit_0_1,12.0
HD_39060__2016-10-14__08-40-21,154.19000000000025,209.15000000000023,edit_1_0,12.0
HD_39060__2016-11-18__06-43-17,177.44,29.07,C,12.0
HD_39060__2018-09-12__07-23-09,138.2800000000001,32.61000000000013,edit_1_0,12.0
HD_39060__2018-09-12__07-39-45,140.39,31.619999999999663,edit_1_0,12.0
HD_39060__2018-09-14__07-08-53,244.7999999999999,27.670000000000016,edit_1_0,12.0
HD_39060__2018-09-14__08-18-07,170.65,29.209999999999752,edit_1_0,12.0
HD_39060__2018-09-17__09-17-08,177.44,29.07,C,12.0
HD_39060__2018-10-18__08-15-58,164.3599999999999,29.860000000000127,edit_1_0,12.0
HD_44627__2015-02-06__02-21-02,5405.259999999999,175.21000000000004,edit_1_0,66.86987999407835
HD_55279__2015-12-27__05-19-54,5321.26,88.14999999999998,edit_0_1,25.0
HD_55279__2015-12-27__05-19-54,5508.1,94.51,edit_0_1,25.0
HD_55279__2017-02-08__02-59-38,5322.739999999999,88.69,edit_0_1,25.0
HD_55279__2017-02-08__02-59-38,133.36000000000033,74.13999999999987,edit_1_0,12.0
HD_55279__2017-02-08__02-59-38,5519.44,95.35000000000002,edit_0_1,25.0
HD_56022__2015-12-29__06-30-09,986.7000000000006,331.68,edit_1_0,20.0
HD_56022__2016-03-30__00-11-02,2801.94,94.99,add_0_1,12.0
HD_56022__2016-03-30__00-11-02,986.27,333.57,A,12.0
HD_61005__2015-02-03__03-17-59,5888.48,314.48,B,12.0
HD_61005__2015-02-03__03-17-59,3060.56,327.29,B,12.0
HD_61005__2015-03-30__00-49-51,2992.758349276924,327.2396003178506,add_custom,12.0
HD_71155__2016-01-19__05-00-11,6251.41,85.20000000000005,edit_1_0,12.0
HD_74576__2016-01-03__05-37-08,7143.569875562267,347.1254451761779,add_custom,12.0
HD_74576__2016-01-03__05-37-08,7048.11,347.15,add_1_0,12.0
HD_74576__2016-01-03__05-37-08,4680.86,171.65,B,12.0
HD_74576__2016-01-03__05-37-08,5790.45,19.9,B,12.0
HD_74576__2016-01-03__06-20-39,5790.45,19.9,B,12.0
HD_74576__2016-01-03__06-20-39,7141.955645001609,347.1637027006624,add_custom,12.0
HD_74576__2016-01-03__06-20-39,4680.86,171.65,B,12.0
HD_74576__2016-01-03__06-20-39,7037.18,347.13,add_1_0,12.0
HD_74576__2016-03-28__00-10-22,5065.91,233.02,B,12.0
HD_74576__2016-03-28__00-10-22,4773.497448832565,106.96934150710234,add_custom,12.0
HD_74576__2016-03-28__00-10-22,5748.13,22.07,B,12.0
HD_74576__2016-03-28__00-10-22,4823.17,169.69,B,12.0
HD_74576__2016-12-12__07-55-28,5579.41,23.44,B,12.0
HD_75416__2016-01-02__07-07-51,5166.249992797289,311.2305141757925,add_custom,12.0
HD_75416__2016-12-13__07-47-26,5155.6,311.17,B,12.0
HD_75505__2015-02-06__04-17-12,6614.605048601955,183.3514394994748,add_custom,12.0
HD_75505__2015-02-06__04-17-12,6568.359999999999,184.34,edit_1_0,17.512048050850595
HD_75505__2018-01-06__05-11-44,6532.76,184.6,U,64.0
HD_75505__2018-01-06__05-11-44,6623.719999999999,183.29,edit_1_0,12.0
HD_77825__2016-04-17__00-37-21,7076.22,295.03,add_1_0,12.0
HD_77825__2016-04-17__00-37-21,6039.549999999999,245.2,edit_1_0,12.0
HD_77825__2016-04-17__00-37-21,7193.969624197378,294.1875159350243,add_custom,12.0
HD_77825__2017-02-13__04-41-12,5936.61,245.69,B,12.0
HD_84075__2015-02-05__04-36-52,10447.33,343.95,FP,64.0
HD_84075__2015-02-05__04-36-52,5818.989999999999,156.77999999999997,edit_1_0,12.0
HD_84075__2015-02-05__04-36-52,5843.370000000001,156.62,edit_0_1,20.0
HD_84075__2016-01-18__06-13-16,5919.05,156.7,add_0_0,45.0
HD_84075__2016-01-18__06-13-16,5906.89,156.52999999999997,edit_0_1,30.0
HD_84075__2016-01-18__06-13-16,10447.33,343.95,FP,64.0
HD_84075__2017-02-11__04-54-44,10447.33,343.95,FP,64.0
HD_84075__2017-02-11__04-54-44,5962.81,155.85000000000002,edit_1_0,35.0
HD_88955__2015-03-30__01-49-28,4212.34,279.49,B,12.0
HD_88955__2016-03-27__02-19-10,4030.59,286.06,B,12.0
HD_88955__2016-03-27__02-19-10,4901.58,334.83,B,12.0
HD_88955__2016-03-27__02-19-10,4083.85,279.11,B,26.6439058053829
HD_88955__2016-03-27__02-19-10,5001.04,103.9,B,12.0
HD_88955__2018-01-05__08-09-37,3859.3,278.5,B,12.0
HD_88955__2018-01-05__08-09-37,5378.37,124.07,B,12.0
HD_88955__2018-01-05__08-09-37,5211.0,104.01,B,12.0
HD_88955__2018-01-05__08-09-37,3803.09,285.86,B,12.0
HD_88955__2018-02-27__04-08-45,3816.08,278.68,B,12.0
HD_88955__2018-02-27__04-08-45,5264.994426385028,103.91379578959568,add_custom,12.0
HD_88955__2018-02-27__04-08-45,4716.06,337.32,B,12.0
HD_88955__2018-02-27__04-08-45,3764.5,286.1,B,12.0
HD_9054__2015-09-30__05-10-46,3206.1800000000003,102.68,edit_0_1,25.0
HD_9054__2015-09-30__05-10-46,1727.2000000000007,64.33000000000004,edit_1_0,12.0
HD_9054__2017-09-29__05-43-40,1568.7500000000005,58.110000000000014,edit_1_0,20.0
HD_9054__2017-09-29__05-43-40,2976.55,102.19,edit_1_0,25.0
HD_95086__2015-05-05__00-00-28,5024.38,244.75,B,12.0
HD_95086__2015-05-05__00-00-28,2330.21,305.64,edit_1_0,12.0
HD_95086__2015-05-05__00-00-28,5585.85,322.51,B,12.0
HD_95086__2015-05-05__00-00-28,627.3165090481315,146.69876022944163,add_custom,12.0
HD_95086__2015-05-05__00-00-28,4436.23,320.26,add_1_0,68.9573665972331
HD_95086__2015-05-05__00-00-28,6192.48,105.04,B,12.0
HD_95086__2015-05-05__00-00-28,2212.96,35.14,B,12.0
HD_95086__2015-05-05__00-00-28,4638.75417462163,246.60019399979024,add_custom,12.0
HD_95086__2015-05-05__00-00-28,4069.613488979081,176.60476586717596,add_custom,12.0
HD_95086__2015-05-05__00-00-28,4064.85,140.74,B,12.0
HD_95086__2015-05-05__00-00-28,5199.050253476601,238.7677856065904,add_custom,12.0
HD_95086__2015-05-05__00-00-28,5817.68,324.0,B,12.0
HD_95086__2015-05-05__00-00-28,4566.40849618068,52.36058553204288,add_custom,12.0
HD_95086__2015-05-05__01-27-44,4064.85,140.74,B,12.0
HD_95086__2015-05-05__01-27-44,4098.61,177.15,add_0_1,12.0
HD_95086__2015-05-05__01-27-44,5024.38,244.75,B,12.0
HD_95086__2015-05-05__01-27-44,2212.96,35.14,B,12.0
HD_95086__2015-05-05__01-27-44,618.59,148.66,C,12.0
HD_95086__2015-05-05__01-27-44,2234.530000000001,305.42,edit_0_1,12.0
HD_95086__2015-05-05__01-27-44,5817.68,324.0,B,12.0
HD_95086__2015-05-05__01-27-44,6192.48,105.04,B,12.0
HD_95086__2015-05-05__01-27-44,5205.02,238.53,edit_1_0,20.0
HD_95086__2015-05-05__01-27-44,5585.85,322.51,B,12.0
HD_95086__2015-05-05__01-27-44,4669.81,246.71,B,12.0
HD_95086__2015-05-05__01-27-44,4411.12,320.26,edit_1_0,75.0
HD_95086__2015-05-05__01-27-44,4547.1,52.5,add_0_1,12.0
HD_95086__2015-05-11__23-44-00,618.59,148.66,C,12.0
HD_95086__2015-05-11__23-44-00,5024.38,244.75,B,12.0
HD_95086__2015-05-11__23-44-00,2328.07,305.39,edit_1_0,12.0
HD_95086__2015-05-11__23-44-00,4661.64,246.65,edit_1_0,20.0
HD_95086__2015-05-11__23-44-00,4064.85,140.74,B,12.0
HD_95086__2015-05-11__23-44-00,4550.95,52.74,add_1_0,12.0
HD_95086__2015-05-11__23-44-00,5817.68,324.0,B,12.0
HD_95086__2015-05-11__23-44-00,4081.93,176.81,add_1_0,12.0
HD_95086__2015-05-11__23-44-00,4419.76,320.35,edit_1_0,75.0
HD_95086__2015-05-11__23-44-00,6192.48,105.04,B,12.0
HD_95086__2015-05-11__23-44-00,5585.85,322.51,B,12.0
HD_95086__2015-05-11__23-44-00,2212.96,35.14,B,12.0
HD_95086__2015-05-11__23-44-00,5205.019999999999,238.63,edit_1_0,15.0
HD_95086__2016-01-18__08-08-49,2298.78,305.63,edit_0_1,12.0
HD_95086__2016-01-18__08-08-49,618.59,148.66,C,12.0
HD_95086__2016-01-18__08-08-49,2212.96,35.14,B,12.0
HD_95086__2016-01-18__08-08-49,5197.170000000001,238.62,edit_1_0,15.0
HD_95086__2016-01-18__08-08-49,5585.85,322.51,B,12.0
HD_95086__2016-01-18__08-08-49,6192.48,105.04,B,12.0
HD_95086__2016-01-18__08-08-49,4672.119999999998,246.63,edit_1_0,20.0
HD_95086__2016-01-18__08-08-49,4094.95,177.17,add_0_1,12.0
HD_95086__2016-01-18__08-08-49,4064.85,140.74,B,12.0
HD_95086__2016-01-18__08-08-49,4549.88,52.54,add_1_0,12.0
HD_95086__2016-01-18__08-08-49,5817.68,324.0,B,12.0
HD_95086__2016-01-18__08-08-49,4403.659999999999,319.97,edit_1_0,75.0
HD_95086__2016-01-18__08-08-49,5024.38,244.75,B,12.0
HD_95086__2016-04-16__01-47-40,2294.380000000001,305.84,edit_0_1,12.0
HD_95086__2016-04-16__01-47-40,5782.129999999999,324.41,edit_1_0,12.0
HD_95086__2016-04-16__01-47-40,6235.475624002622,105.0766197680892,add_custom,12.0
HD_95086__2016-04-16__01-47-40,4632.386033023398,246.32885737161703,add_custom,22.815459824193777
HD_95086__2016-04-16__01-47-40,5171.822888995901,238.3718838650913,add_custom,12.0
HD_95086__2016-04-16__01-47-40,4409.52,320.6,edit_1_0,75.0
HD_95086__2016-04-16__01-47-40,4988.24453565305,244.4451138649452,add_custom,12.0
HD_95086__2016-04-16__01-47-40,4114.96,140.60000000000002,edit_1_0,12.0
HD_95086__2016-04-16__01-47-40,2223.73,36.56999999999999,edit_1_0,12.0
HD_95086__2016-04-16__01-47-40,4091.2812325599234,176.34397667164808,add_custom,12.0
HD_95086__2016-04-16__01-47-40,641.3310454424931,146.70181811438437,add_custom,12.0
HD_95086__2016-04-16__01-47-40,5541.110000000001,322.81,edit_1_0,12.0
HD_95086__2016-04-16__01-47-40,4592.8537535151545,52.70528815607099,add_custom,12.0
HD_95086__2016-05-30__23-51-02,5759.888483599257,324.22409460480685,add_custom,12.0
HD_95086__2016-05-30__23-51-02,5200.049999999999,238.6,edit_1_0,15.0
HD_95086__2016-05-30__23-51-02,4119.659999999999,140.43,edit_1_0,12.0
HD_95086__2016-05-30__23-51-02,5527.315256501166,322.68321668170887,add_custom,12.0
HD_95086__2016-05-30__23-51-02,635.7344379937131,145.72059394512996,add_custom,12.0
HD_95086__2016-05-30__23-51-02,2210.5800000000004,36.81,edit_1_0,12.0
HD_95086__2016-05-30__23-51-02,4552.39,53.07,add_1_0,12.0
HD_95086__2016-05-30__23-51-02,4108.65,176.26,add_1_0,12.0
HD_95086__2016-05-30__23-51-02,6234.532545769101,105.06402580832918,add_custom,12.0
HD_95086__2016-05-30__23-51-02,4379.492730330248,320.3891130494089,add_custom,88.56072580949848
HD_95086__2016-05-30__23-51-02,4623.530000000002,246.04,edit_1_0,12.0
HD_95086__2016-05-30__23-51-02,4981.789999999999,244.16000000000005,edit_1_0,12.0
HD_95086__2016-05-30__23-51-02,2274.1800000000007,305.47,edit_0_1,12.0
HD_95086__2017-05-09__23-56-34,630.9987254322979,145.61399955211562,add_custom,12.0
HD_95086__2017-05-09__23-56-34,5508.27,323.07,edit_1_0,12.0
HD_95086__2017-05-09__23-56-34,4949.669999999998,244.12,edit_1_0,12.0
HD_95086__2017-05-09__23-56-34,4589.639999999999,245.92,edit_1_0,20.0
HD_95086__2017-05-09__23-56-34,6270.2,105.18,edit_1_0,12.0
HD_95086__2017-05-09__23-56-34,5738.069999999999,324.63,edit_1_0,12.0
HD_95086__2017-05-09__23-56-34,2247.236892037503,37.51577948326923,add_custom,12.0
HD_95086__2017-05-09__23-56-34,4128.017316408743,140.15999412590935,add_custom,12.0
HD_95086__2017-05-09__23-56-34,4099.622535508626,175.76132276128396,add_custom,12.0
HD_95086__2017-05-09__23-56-34,4357.55,320.84,edit_1_0,75.0
HD_95086__2017-05-09__23-56-34,5138.8420658289815,238.0429722217085,add_custom,12.0
HD_95086__2017-05-09__23-56-34,2242.9299999999994,306.07,edit_1_0,12.0
HD_95086__2017-05-09__23-56-34,4585.51,53.38,add_1_0,12.0
HD_95086__2018-01-06__08-12-47,4940.399999999999,243.97,edit_1_0,12.0
HD_95086__2018-01-06__08-12-47,625.8202504890303,145.22709623454222,add_custom,12.0
HD_95086__2018-01-06__08-12-47,2253.3900000000003,38.09000000000003,edit_1_0,12.0
HD_95086__2018-01-06__08-12-47,4116.23,175.58,add_1_0,12.0
HD_95086__2018-01-06__08-12-47,5497.029999999999,323.26,edit_1_0,12.0
HD_95086__2018-01-06__08-12-47,5730.669999999998,324.56,edit_1_0,12.0
HD_95086__2018-01-06__08-12-47,2225.26,305.89,edit_1_0,12.0
HD_95086__2018-01-06__08-12-47,4604.979999999999,245.96,edit_1_0,20.0
HD_95086__2018-01-06__08-12-47,6287.379999999999,105.13,edit_1_0,12.0
HD_95086__2018-01-06__08-12-47,5127.532190875199,237.9228675761967,add_custom,12.0
HD_95086__2018-01-06__08-12-47,4347.659999999999,320.81,edit_1_0,91.25997715592558
HD_95086__2018-01-06__08-12-47,4157.99,140.24,edit_1_0,12.0
HD_95086__2018-01-06__08-12-47,4590.55,53.2,add_1_0,12.0
HD_95086__2018-02-24__05-29-47,4160.24,140.12,edit_1_0,12.0
HD_95086__2018-02-24__05-29-47,5118.030000000001,237.77000000000004,edit_1_0,12.0
HD_95086__2018-02-24__05-29-47,4132.75,175.8,add_0_1,12.0
HD_95086__2018-02-24__05-29-47,4598.31,53.52,add_0_1,12.0
HD_95086__2018-02-24__05-29-47,5483.010000000001,323.27,edit_1_0,12.0
HD_95086__2018-02-24__05-29-47,6275.009999999999,105.14,edit_1_0,12.0
HD_95086__2018-02-24__05-29-47,2245.78,37.93000000000001,edit_1_0,12.0
HD_95086__2018-02-24__05-29-47,4325.7,320.89,edit_1_0,75.0
HD_95086__2018-02-24__05-29-47,4939.539999999999,243.85,edit_1_0,12.0
HD_95086__2018-02-24__05-29-47,2216.46,305.63,edit_1_0,12.0
HD_95086__2018-02-24__05-29-47,637.0800000000007,144.60000000000002,edit_1_0,12.0
HD_95086__2018-02-24__05-29-47,5729.029999999999,324.69,edit_0_1,12.0
HD_95086__2018-02-24__05-29-47,4578.709999999999,245.78,edit_1_0,20.0
HD_95086__2018-03-28__03-45-05,4120.91,175.67,B,12.0
HD_95086__2018-03-28__03-45-05,2248.47,38.04,B,12.0
HD_95086__2018-03-28__03-45-05,4157.41,140.03,B,12.0
HD_95086__2018-03-28__03-45-05,4324.5,321.06,edit_1_0,75.0
HD_95086__2018-03-28__03-45-05,5103.27,237.6,edit_1_0,12.0
HD_95086__2018-03-28__03-45-05,2209.74,306.19,add_1_0,12.0
HD_95086__2018-03-28__03-45-05,6292.78,105.18,B,12.0
HD_95086__2018-03-28__03-45-05,631.9,145.52,C,12.0
HD_95086__2018-03-28__03-45-05,5708.840000000002,324.63,edit_1_0,12.0
HD_95086__2018-03-28__03-45-05,4922.200000000001,243.77,edit_1_0,12.0
HD_95086__2018-03-28__03-45-05,4601.16,53.54,add_1_0,12.0
HD_95086__2018-03-28__03-45-05,5461.039999999998,322.96,edit_1_0,12.0
HD_95086__2018-03-28__03-45-05,4570.419999999999,245.75,edit_1_0,20.0
HD_96064__2016-04-21__01-42-09,4207.05,199.96,B,12.0
HD_96064__2016-04-21__01-42-09,4032.2793920420536,199.55834648839,add_custom,25.008861100433712
HD_96064__2017-02-09__07-00-09,3916.17,198.61,edit_1_0,22.03301676691704
HD_96064__2017-02-09__07-00-09,4082.62,199.11,B,12.0
HD_96338__2015-02-06__06-28-32,4568.8,204.44,U,12.0
HD_987__2016-10-15__03-30-20,1143.0,42.73999999999995,edit_1_0,12.0
HIP_113201__2016-09-18__03-41-55,162.373553305939,182.51674082370545,add_custom,75.05724167045294
HIP_113201__2016-09-18__03-41-55,5365.46,76.04,add_1_0,12.0
HIP_113201__2016-10-15__01-29-53,5343.68,76.44,add_1_0,12.0
HIP_23200__2015-09-28__08-50-29,4718.91,232.66,B,12.0
HIP_23200__2015-09-28__08-50-29,4660.49,233.38,add_1_0,12.0
HIP_37288__2015-12-01__08-03-25,3363.106996383068,262.4249752832919,add,12.0
HIP_37288__2017-02-13__03-24-12,3081.04,266.91,add_1_0,12.0
HIP_81084__2015-05-11__05-47-39,5350.13,246.02,B,12.0
HIP_81084__2015-08-04__00-48-47,5350.13,246.02,B,12.0
TYC_1090-543-1__2015-06-06__09-18-00,1893.23,248.39,B,12.0
TYC_1090-543-1__2015-06-06__09-18-00,4363.1,86.01,B,12.0
TYC_1090-543-1__2016-09-17__01-28-31,1898.23,250.4,B,12.0
TYC_1090-543-1__2016-09-17__01-28-31,4344.81,85.01,B,12.0
TYC_1090-543-1__2018-05-13__09-10-02,4282.22,84.06,edit_0_1,12.0
TYC_1090-543-1__2018-05-13__09-10-02,1956.1195701583697,253.2347477533833,edit,12.0
TYC_1355-214-1__2015-02-07__03-32-34,4610.78,339.85,B,12.0
TYC_1355-214-1__2017-02-10__02-57-36,5041.59,342.96,B,12.0
TYC_486-4943-1__2015-05-31__07-41-39,6712.41,350.25,B,12.0
TYC_486-4943-1__2015-05-31__07-41-39,3143.92,201.17,B,12.0
TYC_486-4943-1__2015-05-31__07-41-39,3353.02,252.16,B,12.0
TYC_486-4943-1__2015-05-31__07-41-39,6506.82,296.94,B,12.0
TYC_486-4943-1__2015-05-31__07-41-39,4388.62,63.17,B,12.0
TYC_486-4943-1__2015-05-31__07-41-39,5564.63,18.36,B,12.0
TYC_486-4943-1__2015-05-31__07-41-39,5155.9,160.18,B,12.0
TYC_486-4943-1__2015-05-31__07-41-39,3364.55,308.36,B,12.0
TYC_486-4943-1__2015-05-31__07-41-39,6202.05366032689,259.55570158713385,add_custom,12.0
TYC_486-4943-1__2015-05-31__07-41-39,4433.28,98.39,B,12.0
TYC_486-4943-1__2015-05-31__07-41-39,4364.01,41.71,B,12.0
TYC_486-4943-1__2015-05-31__07-41-39,4692.34,29.66,B,12.0
TYC_486-4943-1__2015-05-31__07-41-39,6874.08,183.06,add_1_0,12.0
TYC_486-4943-1__2015-05-31__07-41-39,4763.46,343.15,B,12.0
TYC_486-4943-1__2015-05-31__07-41-39,5532.07,200.9,add_0_1,12.0
TYC_486-4943-1__2016-05-23__07-56-22,4825.65,343.22,B,12.0
TYC_486-4943-1__2016-05-23__07-56-22,4735.92,29.14,B,12.0
TYC_486-4943-1__2016-05-23__07-56-22,6554.71,297.4,B,12.0
TYC_486-4943-1__2016-05-23__07-56-22,3352.79,253.28,B,12.0
TYC_486-4943-1__2016-05-23__07-56-22,6776.91,350.21,B,12.0
TYC_486-4943-1__2016-05-23__07-56-22,4390.1,41.05,B,12.0
TYC_486-4943-1__2016-05-23__07-56-22,5612.61,18.04,B,12.0
TYC_486-4943-1__2016-05-23__07-56-22,4395.64,62.49,B,12.0
TYC_486-4943-1__2016-05-23__07-56-22,3420.46,309.04,B,12.0
TYC_486-4943-1__2016-05-23__07-56-22,3095.44,202.02,B,12.0
TYC_486-4943-1__2016-05-23__07-56-22,4406.8,97.68,B,12.0
TYC_486-4943-1__2016-05-23__07-56-22,5096.63,160.21,B,12.0
TYC_5164-567-1__2015-05-15__09-17-27,6965.007680180238,99.38521007780643,add,12.0
TYC_5164-567-1__2015-05-15__09-17-27,2672.5500000000006,207.75,edit_1_0,126.72611738758177
TYC_5164-567-1__2015-05-15__09-17-27,5636.160000000001,232.57,edit_1_0,12.0
TYC_5164-567-1__2015-05-15__09-17-27,4449.299999999999,54.0,edit_1_0,12.0
TYC_5882-1169-1__2016-09-18__09-13-52,3031.55,342.81,U,12.0
TYC_5882-1169-1__2017-11-06__05-14-45,2973.2900000000004,343.54,edit_0_1,12.0
TYC_5882-1169-1__2018-12-17__03-08-59,3031.55,342.81,U,12.0
TYC_5899-26-1__2016-01-18__01-13-47,2276.9200000000005,47.360000000000014,edit_1_0,42.98319140500412
TYC_7084-794-1__2015-11-29__06-14-34,2987.5,241.88,C,64.0
TYC_7084-794-1__2015-11-29__06-14-34,5386.84,279.86,B,12.0
TYC_7084-794-1__2016-01-19__02-50-22,2986.64,241.74,C,64.0
TYC_7084-794-1__2016-01-19__02-50-22,5313.31,280.29,add_1_0,12.0
TYC_7084-794-1__2016-02-19__00-50-46,2962.1000000000004,241.59000000000003,edit_1_0,90.30851473781594
TYC_7084-794-1__2016-02-19__00-50-46,5309.789999999999,279.86,edit_1_0,12.0
TYC_7084-794-1__2019-03-06__01-35-45,2900.44,240.73,C,64.0
TYC_7183-1477-1__2016-03-30__02-14-07,1768.3,292.89,B,12.0
TYC_7190-2111-1__2015-05-09__23-57-36,3827.23,113.99,edit_1_0,22.48596034758816
TYC_7190-2111-1__2017-02-07__06-41-05,4931.0,162.72000000000003,edit_1_0,12.0
TYC_7190-2111-1__2017-02-07__06-41-05,4850.16,90.11,B,12.0
TYC_7190-2111-1__2017-02-07__06-41-05,3953.14,112.26999999999998,edit_1_0,12.0
TYC_7617-549-1__2016-12-13__05-46-04,1843.6500000000003,297.19,edit_1_0,12.0
TYC_8047-232-1__2015-09-25__06-19-09,3207.13,359.02,edit_1_0,12.0
TYC_8047-232-1__2016-01-17__00-50-17,3187.74,358.81,edit_1_0,12.0
TYC_8128-1946-1__2015-11-30__07-50-30,5775.75,177.17,B,12.0
TYC_8137-2609-1__2015-11-29__07-52-38,2465.955600439255,179.29284169389996,add_custom,12.0
TYC_8137-2609-1__2015-11-29__07-52-38,4155.533531667799,315.1051803990997,add_custom,18.642545948830136
TYC_8137-2609-1__2015-11-29__07-52-38,5128.983270405112,139.83294087633237,add_custom,12.0
TYC_8137-2609-1__2018-01-26__03-25-50,5154.799999999999,139.76,edit_1_0,12.0
TYC_8137-2609-1__2018-01-26__03-25-50,2484.51,178.41000000000008,edit_1_0,12.0
TYC_8137-2609-1__2018-01-26__03-25-50,4121.170000000001,315.34,edit_1_0,12.0
TYC_8404-354-1__2015-05-09__09-45-09,1790.5200000000002,240.34000000000003,edit_1_0,12.0
TYC_8404-354-1__2015-05-30__07-28-42,1788.3599999999994,241.07,edit_1_0,12.0
TYC_8404-354-1__2015-05-30__07-28-42,7448.17,80.35,add_1_0,12.0
TYC_8728-2262-1__2015-06-03__05-56-44,7274.28,88.02,add_1_0,12.0
TYC_8728-2262-1__2015-06-03__05-56-44,4354.98,207.72,edit_1_0,12.0
TYC_8728-2262-1__2015-06-03__05-56-44,1628.8800000000006,80.63999999999999,edit_1_0,12.0
TYC_8728-2262-1__2015-06-03__05-56-44,6384.070000000001,97.11,edit_1_0,78.04322038188624
TYC_8728-2262-1__2015-06-03__05-56-44,5294.209999999998,268.41,edit_1_0,12.0
TYC_8728-2262-1__2015-06-03__05-56-44,6717.679999999999,165.25,edit_1_0,12.0
TYC_8728-2262-1__2015-06-03__05-56-44,4644.25,25.94,edit_1_0,12.0
TYC_8728-2262-1__2015-06-03__05-56-44,6124.06,128.01,edit_1_0,12.0
TYC_8728-2262-1__2015-06-03__05-56-44,2786.23,259.13,edit_1_0,27.546121252635285
TYC_8760-1468-1__2015-06-27__05-23-59,6326.49,140.60000000000002,edit_1_0,12.0
TYC_8760-1468-1__2018-04-19__09-32-42,6171.82,139.18,B,12.0
TYC_9073-762-1__2015-05-16__07-55-40,4479.139999999999,330.63,edit_1_0,38.47923945779757
TYC_9073-762-1__2015-05-16__07-55-40,1238.2800000000009,89.41999999999996,edit_1_0,12.0
