[2026-04-01 10:56:38,428][matplotlib.font_manager][WARNING] - findfont: Font family ['STIXGeneral'] not found. Falling back to DejaVu Sans.
[2026-04-01 10:56:38,431][matplotlib.font_manager][WARNING] - findfont: Font family ['STIXGeneral'] not found. Falling back to DejaVu Sans.
[2026-04-01 10:56:38,434][matplotlib.font_manager][WARNING] - findfont: Font family ['STIXGeneral'] not found. Falling back to DejaVu Sans.
[2026-04-01 10:56:38,438][matplotlib.font_manager][WARNING] - findfont: Font family ['STIXGeneral'] not found. Falling back to DejaVu Sans.
[2026-04-01 10:56:38,441][matplotlib.font_manager][WARNING] - findfont: Font family ['STIXNonUnicode'] not found. Falling back to DejaVu Sans.
[2026-04-01 10:56:38,442][matplotlib.font_manager][WARNING] - findfont: Font family ['STIXNonUnicode'] not found. Falling back to DejaVu Sans.
[2026-04-01 10:56:38,444][matplotlib.font_manager][WARNING] - findfont: Font family ['STIXNonUnicode'] not found. Falling back to DejaVu Sans.
[2026-04-01 10:56:38,445][matplotlib.font_manager][WARNING] - findfont: Font family ['STIXSizeOneSym'] not found. Falling back to DejaVu Sans.
[2026-04-01 10:56:38,447][matplotlib.font_manager][WARNING] - findfont: Font family ['STIXSizeTwoSym'] not found. Falling back to DejaVu Sans.
[2026-04-01 10:56:38,448][matplotlib.font_manager][WARNING] - findfont: Font family ['STIXSizeThreeSym'] not found. Falling back to DejaVu Sans.
[2026-04-01 10:56:38,450][matplotlib.font_manager][WARNING] - findfont: Font family ['STIXSizeFourSym'] not found. Falling back to DejaVu Sans.
[2026-04-01 10:56:38,451][matplotlib.font_manager][WARNING] - findfont: Font family ['STIXSizeFiveSym'] not found. Falling back to DejaVu Sans.
[2026-04-01 10:56:38,453][matplotlib.font_manager][WARNING] - findfont: Font family ['cmsy10'] not found. Falling back to DejaVu Sans.
[2026-04-01 10:56:38,455][matplotlib.font_manager][WARNING] - findfont: Font family ['cmr10'] not found. Falling back to DejaVu Sans.
[2026-04-01 10:56:38,456][matplotlib.font_manager][WARNING] - findfont: Font family ['cmtt10'] not found. Falling back to DejaVu Sans.
[2026-04-01 10:56:38,458][matplotlib.font_manager][WARNING] - findfont: Font family ['cmmi10'] not found. Falling back to DejaVu Sans.
[2026-04-01 10:56:38,459][matplotlib.font_manager][WARNING] - findfont: Font family ['cmb10'] not found. Falling back to DejaVu Sans.
[2026-04-01 10:56:38,461][matplotlib.font_manager][WARNING] - findfont: Font family ['cmss10'] not found. Falling back to DejaVu Sans.
[2026-04-01 10:56:38,462][matplotlib.font_manager][WARNING] - findfont: Font family ['cmex10'] not found. Falling back to DejaVu Sans.
[2026-04-01 10:56:38,471][matplotlib.font_manager][WARNING] - findfont: Font family ['DejaVu Sans Display'] not found. Falling back to DejaVu Sans.
[2026-04-01 10:58:42,109][matplotlib.font_manager][WARNING] - findfont: Font family ['STIXGeneral'] not found. Falling back to DejaVu Sans.
[2026-04-01 10:58:42,112][matplotlib.font_manager][WARNING] - findfont: Font family ['STIXGeneral'] not found. Falling back to DejaVu Sans.
[2026-04-01 10:58:42,115][matplotlib.font_manager][WARNING] - findfont: Font family ['STIXGeneral'] not found. Falling back to DejaVu Sans.
[2026-04-01 10:58:42,118][matplotlib.font_manager][WARNING] - findfont: Font family ['STIXGeneral'] not found. Falling back to DejaVu Sans.
[2026-04-01 10:58:42,120][matplotlib.font_manager][WARNING] - findfont: Font family ['STIXNonUnicode'] not found. Falling back to DejaVu Sans.
[2026-04-01 10:58:42,122][matplotlib.font_manager][WARNING] - findfont: Font family ['STIXNonUnicode'] not found. Falling back to DejaVu Sans.
[2026-04-01 10:58:42,123][matplotlib.font_manager][WARNING] - findfont: Font family ['STIXNonUnicode'] not found. Falling back to DejaVu Sans.
[2026-04-01 10:58:42,125][matplotlib.font_manager][WARNING] - findfont: Font family ['STIXSizeOneSym'] not found. Falling back to DejaVu Sans.
[2026-04-01 10:58:42,126][matplotlib.font_manager][WARNING] - findfont: Font family ['STIXSizeTwoSym'] not found. Falling back to DejaVu Sans.
[2026-04-01 10:58:42,128][matplotlib.font_manager][WARNING] - findfont: Font family ['STIXSizeThreeSym'] not found. Falling back to DejaVu Sans.
[2026-04-01 10:58:42,129][matplotlib.font_manager][WARNING] - findfont: Font family ['STIXSizeFourSym'] not found. Falling back to DejaVu Sans.
[2026-04-01 10:58:42,131][matplotlib.font_manager][WARNING] - findfont: Font family ['STIXSizeFiveSym'] not found. Falling back to DejaVu Sans.
[2026-04-01 10:58:42,133][matplotlib.font_manager][WARNING] - findfont: Font family ['cmsy10'] not found. Falling back to DejaVu Sans.
[2026-04-01 10:58:42,134][matplotlib.font_manager][WARNING] - findfont: Font family ['cmr10'] not found. Falling back to DejaVu Sans.
[2026-04-01 10:58:42,136][matplotlib.font_manager][WARNING] - findfont: Font family ['cmtt10'] not found. Falling back to DejaVu Sans.
[2026-04-01 10:58:42,137][matplotlib.font_manager][WARNING] - findfont: Font family ['cmmi10'] not found. Falling back to DejaVu Sans.
[2026-04-01 10:58:42,139][matplotlib.font_manager][WARNING] - findfont: Font family ['cmb10'] not found. Falling back to DejaVu Sans.
[2026-04-01 10:58:42,140][matplotlib.font_manager][WARNING] - findfont: Font family ['cmss10'] not found. Falling back to DejaVu Sans.
[2026-04-01 10:58:42,142][matplotlib.font_manager][WARNING] - findfont: Font family ['cmex10'] not found. Falling back to DejaVu Sans.
[2026-04-01 10:58:42,150][matplotlib.font_manager][WARNING] - findfont: Font family ['DejaVu Sans Display'] not found. Falling back to DejaVu Sans.
[2026-04-01 11:01:05,121][matplotlib.font_manager][WARNING] - findfont: Font family ['STIXGeneral'] not found. Falling back to DejaVu Sans.
[2026-04-01 11:01:05,125][matplotlib.font_manager][WARNING] - findfont: Font family ['STIXGeneral'] not found. Falling back to DejaVu Sans.
[2026-04-01 11:01:05,159][matplotlib.font_manager][WARNING] - findfont: Font family ['STIXGeneral'] not found. Falling back to DejaVu Sans.
[2026-04-01 11:01:05,163][matplotlib.font_manager][WARNING] - findfont: Font family ['STIXGeneral'] not found. Falling back to DejaVu Sans.
[2026-04-01 11:01:05,166][matplotlib.font_manager][WARNING] - findfont: Font family ['STIXNonUnicode'] not found. Falling back to DejaVu Sans.
[2026-04-01 11:01:05,168][matplotlib.font_manager][WARNING] - findfont: Font family ['STIXNonUnicode'] not found. Falling back to DejaVu Sans.
[2026-04-01 11:01:05,169][matplotlib.font_manager][WARNING] - findfont: Font family ['STIXNonUnicode'] not found. Falling back to DejaVu Sans.
[2026-04-01 11:01:05,171][matplotlib.font_manager][WARNING] - findfont: Font family ['STIXSizeOneSym'] not found. Falling back to DejaVu Sans.
[2026-04-01 11:01:05,173][matplotlib.font_manager][WARNING] - findfont: Font family ['STIXSizeTwoSym'] not found. Falling back to DejaVu Sans.
[2026-04-01 11:01:05,175][matplotlib.font_manager][WARNING] - findfont: Font family ['STIXSizeThreeSym'] not found. Falling back to DejaVu Sans.
[2026-04-01 11:01:05,176][matplotlib.font_manager][WARNING] - findfont: Font family ['STIXSizeFourSym'] not found. Falling back to DejaVu Sans.
[2026-04-01 11:01:05,178][matplotlib.font_manager][WARNING] - findfont: Font family ['STIXSizeFiveSym'] not found. Falling back to DejaVu Sans.
[2026-04-01 11:01:05,180][matplotlib.font_manager][WARNING] - findfont: Font family ['cmsy10'] not found. Falling back to DejaVu Sans.
[2026-04-01 11:01:05,182][matplotlib.font_manager][WARNING] - findfont: Font family ['cmr10'] not found. Falling back to DejaVu Sans.
[2026-04-01 11:01:05,209][matplotlib.font_manager][WARNING] - findfont: Font family ['cmtt10'] not found. Falling back to DejaVu Sans.
[2026-04-01 11:01:05,211][matplotlib.font_manager][WARNING] - findfont: Font family ['cmmi10'] not found. Falling back to DejaVu Sans.
[2026-04-01 11:01:05,213][matplotlib.font_manager][WARNING] - findfont: Font family ['cmb10'] not found. Falling back to DejaVu Sans.
[2026-04-01 11:01:05,214][matplotlib.font_manager][WARNING] - findfont: Font family ['cmss10'] not found. Falling back to DejaVu Sans.
[2026-04-01 11:01:05,216][matplotlib.font_manager][WARNING] - findfont: Font family ['cmex10'] not found. Falling back to DejaVu Sans.
[2026-04-01 11:01:05,227][matplotlib.font_manager][WARNING] - findfont: Font family ['DejaVu Sans Display'] not found. Falling back to DejaVu Sans.
[2026-04-01 11:01:14,690][matplotlib.font_manager][WARNING] - findfont: Font family ['STIXGeneral'] not found. Falling back to DejaVu Sans.
[2026-04-01 11:01:14,693][matplotlib.font_manager][WARNING] - findfont: Font family ['STIXGeneral'] not found. Falling back to DejaVu Sans.
[2026-04-01 11:01:14,696][matplotlib.font_manager][WARNING] - findfont: Font family ['STIXGeneral'] not found. Falling back to DejaVu Sans.
[2026-04-01 11:01:14,699][matplotlib.font_manager][WARNING] - findfont: Font family ['STIXGeneral'] not found. Falling back to DejaVu Sans.
[2026-04-01 11:01:14,702][matplotlib.font_manager][WARNING] - findfont: Font family ['STIXNonUnicode'] not found. Falling back to DejaVu Sans.
[2026-04-01 11:01:14,704][matplotlib.font_manager][WARNING] - findfont: Font family ['STIXNonUnicode'] not found. Falling back to DejaVu Sans.
[2026-04-01 11:01:14,705][matplotlib.font_manager][WARNING] - findfont: Font family ['STIXNonUnicode'] not found. Falling back to DejaVu Sans.
[2026-04-01 11:01:14,707][matplotlib.font_manager][WARNING] - findfont: Font family ['STIXSizeOneSym'] not found. Falling back to DejaVu Sans.
[2026-04-01 11:01:14,708][matplotlib.font_manager][WARNING] - findfont: Font family ['STIXSizeTwoSym'] not found. Falling back to DejaVu Sans.
[2026-04-01 11:01:14,710][matplotlib.font_manager][WARNING] - findfont: Font family ['STIXSizeThreeSym'] not found. Falling back to DejaVu Sans.
[2026-04-01 11:01:14,711][matplotlib.font_manager][WARNING] - findfont: Font family ['STIXSizeFourSym'] not found. Falling back to DejaVu Sans.
[2026-04-01 11:01:14,713][matplotlib.font_manager][WARNING] - findfont: Font family ['STIXSizeFiveSym'] not found. Falling back to DejaVu Sans.
[2026-04-01 11:01:14,715][matplotlib.font_manager][WARNING] - findfont: Font family ['cmsy10'] not found. Falling back to DejaVu Sans.
[2026-04-01 11:01:14,716][matplotlib.font_manager][WARNING] - findfont: Font family ['cmr10'] not found. Falling back to DejaVu Sans.
[2026-04-01 11:01:14,718][matplotlib.font_manager][WARNING] - findfont: Font family ['cmtt10'] not found. Falling back to DejaVu Sans.
[2026-04-01 11:01:14,719][matplotlib.font_manager][WARNING] - findfont: Font family ['cmmi10'] not found. Falling back to DejaVu Sans.
[2026-04-01 11:01:14,721][matplotlib.font_manager][WARNING] - findfont: Font family ['cmb10'] not found. Falling back to DejaVu Sans.
[2026-04-01 11:01:14,722][matplotlib.font_manager][WARNING] - findfont: Font family ['cmss10'] not found. Falling back to DejaVu Sans.
[2026-04-01 11:01:14,743][matplotlib.font_manager][WARNING] - findfont: Font family ['cmex10'] not found. Falling back to DejaVu Sans.
[2026-04-01 11:01:14,752][matplotlib.font_manager][WARNING] - findfont: Font family ['DejaVu Sans Display'] not found. Falling back to DejaVu Sans.
[2026-04-01 11:17:47,895][matplotlib.font_manager][WARNING] - findfont: Font family ['STIXGeneral'] not found. Falling back to DejaVu Sans.
[2026-04-01 11:17:47,898][matplotlib.font_manager][WARNING] - findfont: Font family ['STIXGeneral'] not found. Falling back to DejaVu Sans.
[2026-04-01 11:17:47,901][matplotlib.font_manager][WARNING] - findfont: Font family ['STIXGeneral'] not found. Falling back to DejaVu Sans.
[2026-04-01 11:17:47,904][matplotlib.font_manager][WARNING] - findfont: Font family ['STIXGeneral'] not found. Falling back to DejaVu Sans.
[2026-04-01 11:17:47,906][matplotlib.font_manager][WARNING] - findfont: Font family ['STIXNonUnicode'] not found. Falling back to DejaVu Sans.
[2026-04-01 11:17:47,908][matplotlib.font_manager][WARNING] - findfont: Font family ['STIXNonUnicode'] not found. Falling back to DejaVu Sans.
[2026-04-01 11:17:47,910][matplotlib.font_manager][WARNING] - findfont: Font family ['STIXNonUnicode'] not found. Falling back to DejaVu Sans.
[2026-04-01 11:17:47,911][matplotlib.font_manager][WARNING] - findfont: Font family ['STIXSizeOneSym'] not found. Falling back to DejaVu Sans.
[2026-04-01 11:17:47,912][matplotlib.font_manager][WARNING] - findfont: Font family ['STIXSizeTwoSym'] not found. Falling back to DejaVu Sans.
[2026-04-01 11:17:47,914][matplotlib.font_manager][WARNING] - findfont: Font family ['STIXSizeThreeSym'] not found. Falling back to DejaVu Sans.
[2026-04-01 11:17:47,915][matplotlib.font_manager][WARNING] - findfont: Font family ['STIXSizeFourSym'] not found. Falling back to DejaVu Sans.
[2026-04-01 11:17:47,917][matplotlib.font_manager][WARNING] - findfont: Font family ['STIXSizeFiveSym'] not found. Falling back to DejaVu Sans.
[2026-04-01 11:17:47,918][matplotlib.font_manager][WARNING] - findfont: Font family ['cmsy10'] not found. Falling back to DejaVu Sans.
[2026-04-01 11:17:47,920][matplotlib.font_manager][WARNING] - findfont: Font family ['cmr10'] not found. Falling back to DejaVu Sans.
[2026-04-01 11:17:47,921][matplotlib.font_manager][WARNING] - findfont: Font family ['cmtt10'] not found. Falling back to DejaVu Sans.
[2026-04-01 11:17:47,923][matplotlib.font_manager][WARNING] - findfont: Font family ['cmmi10'] not found. Falling back to DejaVu Sans.
[2026-04-01 11:17:47,924][matplotlib.font_manager][WARNING] - findfont: Font family ['cmb10'] not found. Falling back to DejaVu Sans.
[2026-04-01 11:17:47,925][matplotlib.font_manager][WARNING] - findfont: Font family ['cmss10'] not found. Falling back to DejaVu Sans.
[2026-04-01 11:17:47,927][matplotlib.font_manager][WARNING] - findfont: Font family ['cmex10'] not found. Falling back to DejaVu Sans.
[2026-04-01 11:17:47,936][matplotlib.font_manager][WARNING] - findfont: Font family ['DejaVu Sans Display'] not found. Falling back to DejaVu Sans.
[2026-04-01 11:19:25,040][matplotlib.font_manager][WARNING] - findfont: Font family ['STIXGeneral'] not found. Falling back to DejaVu Sans.
[2026-04-01 11:19:25,043][matplotlib.font_manager][WARNING] - findfont: Font family ['STIXGeneral'] not found. Falling back to DejaVu Sans.
[2026-04-01 11:19:25,166][matplotlib.font_manager][WARNING] - findfont: Font family ['STIXGeneral'] not found. Falling back to DejaVu Sans.
[2026-04-01 11:19:25,169][matplotlib.font_manager][WARNING] - findfont: Font family ['STIXGeneral'] not found. Falling back to DejaVu Sans.
[2026-04-01 11:19:25,171][matplotlib.font_manager][WARNING] - findfont: Font family ['STIXNonUnicode'] not found. Falling back to DejaVu Sans.
[2026-04-01 11:19:25,173][matplotlib.font_manager][WARNING] - findfont: Font family ['STIXNonUnicode'] not found. Falling back to DejaVu Sans.
[2026-04-01 11:19:25,174][matplotlib.font_manager][WARNING] - findfont: Font family ['STIXNonUnicode'] not found. Falling back to DejaVu Sans.
[2026-04-01 11:19:25,176][matplotlib.font_manager][WARNING] - findfont: Font family ['STIXSizeOneSym'] not found. Falling back to DejaVu Sans.
[2026-04-01 11:19:25,177][matplotlib.font_manager][WARNING] - findfont: Font family ['STIXSizeTwoSym'] not found. Falling back to DejaVu Sans.
[2026-04-01 11:19:25,178][matplotlib.font_manager][WARNING] - findfont: Font family ['STIXSizeThreeSym'] not found. Falling back to DejaVu Sans.
[2026-04-01 11:19:25,180][matplotlib.font_manager][WARNING] - findfont: Font family ['STIXSizeFourSym'] not found. Falling back to DejaVu Sans.
[2026-04-01 11:19:25,181][matplotlib.font_manager][WARNING] - findfont: Font family ['STIXSizeFiveSym'] not found. Falling back to DejaVu Sans.
[2026-04-01 11:19:25,184][matplotlib.font_manager][WARNING] - findfont: Font family ['cmsy10'] not found. Falling back to DejaVu Sans.
[2026-04-01 11:19:25,185][matplotlib.font_manager][WARNING] - findfont: Font family ['cmr10'] not found. Falling back to DejaVu Sans.
[2026-04-01 11:19:25,200][matplotlib.font_manager][WARNING] - findfont: Font family ['cmtt10'] not found. Falling back to DejaVu Sans.
[2026-04-01 11:19:25,201][matplotlib.font_manager][WARNING] - findfont: Font family ['cmmi10'] not found. Falling back to DejaVu Sans.
[2026-04-01 11:19:25,203][matplotlib.font_manager][WARNING] - findfont: Font family ['cmb10'] not found. Falling back to DejaVu Sans.
[2026-04-01 11:19:25,204][matplotlib.font_manager][WARNING] - findfont: Font family ['cmss10'] not found. Falling back to DejaVu Sans.
[2026-04-01 11:19:25,206][matplotlib.font_manager][WARNING] - findfont: Font family ['cmex10'] not found. Falling back to DejaVu Sans.
[2026-04-01 11:19:25,215][matplotlib.font_manager][WARNING] - findfont: Font family ['DejaVu Sans Display'] not found. Falling back to DejaVu Sans.
[2026-04-01 13:35:29,608][matplotlib.font_manager][WARNING] - findfont: Font family ['STIXGeneral'] not found. Falling back to DejaVu Sans.
[2026-04-01 13:35:29,611][matplotlib.font_manager][WARNING] - findfont: Font family ['STIXGeneral'] not found. Falling back to DejaVu Sans.
[2026-04-01 13:35:29,614][matplotlib.font_manager][WARNING] - findfont: Font family ['STIXGeneral'] not found. Falling back to DejaVu Sans.
[2026-04-01 13:35:29,617][matplotlib.font_manager][WARNING] - findfont: Font family ['STIXGeneral'] not found. Falling back to DejaVu Sans.
[2026-04-01 13:35:29,620][matplotlib.font_manager][WARNING] - findfont: Font family ['STIXNonUnicode'] not found. Falling back to DejaVu Sans.
[2026-04-01 13:35:29,622][matplotlib.font_manager][WARNING] - findfont: Font family ['STIXNonUnicode'] not found. Falling back to DejaVu Sans.
[2026-04-01 13:35:29,623][matplotlib.font_manager][WARNING] - findfont: Font family ['STIXNonUnicode'] not found. Falling back to DejaVu Sans.
[2026-04-01 13:35:29,624][matplotlib.font_manager][WARNING] - findfont: Font family ['STIXSizeOneSym'] not found. Falling back to DejaVu Sans.
[2026-04-01 13:35:29,626][matplotlib.font_manager][WARNING] - findfont: Font family ['STIXSizeTwoSym'] not found. Falling back to DejaVu Sans.
[2026-04-01 13:35:29,627][matplotlib.font_manager][WARNING] - findfont: Font family ['STIXSizeThreeSym'] not found. Falling back to DejaVu Sans.
[2026-04-01 13:35:29,629][matplotlib.font_manager][WARNING] - findfont: Font family ['STIXSizeFourSym'] not found. Falling back to DejaVu Sans.
[2026-04-01 13:35:29,630][matplotlib.font_manager][WARNING] - findfont: Font family ['STIXSizeFiveSym'] not found. Falling back to DejaVu Sans.
[2026-04-01 13:35:29,632][matplotlib.font_manager][WARNING] - findfont: Font family ['cmsy10'] not found. Falling back to DejaVu Sans.
[2026-04-01 13:35:29,634][matplotlib.font_manager][WARNING] - findfont: Font family ['cmr10'] not found. Falling back to DejaVu Sans.
[2026-04-01 13:35:29,635][matplotlib.font_manager][WARNING] - findfont: Font family ['cmtt10'] not found. Falling back to DejaVu Sans.
[2026-04-01 13:35:29,637][matplotlib.font_manager][WARNING] - findfont: Font family ['cmmi10'] not found. Falling back to DejaVu Sans.
[2026-04-01 13:35:29,638][matplotlib.font_manager][WARNING] - findfont: Font family ['cmb10'] not found. Falling back to DejaVu Sans.
[2026-04-01 13:35:29,640][matplotlib.font_manager][WARNING] - findfont: Font family ['cmss10'] not found. Falling back to DejaVu Sans.
[2026-04-01 13:35:29,641][matplotlib.font_manager][WARNING] - findfont: Font family ['cmex10'] not found. Falling back to DejaVu Sans.
[2026-04-01 13:35:29,650][matplotlib.font_manager][WARNING] - findfont: Font family ['DejaVu Sans Display'] not found. Falling back to DejaVu Sans.
[2026-04-01 15:04:50,447][matplotlib.font_manager][WARNING] - findfont: Font family ['STIXGeneral'] not found. Falling back to DejaVu Sans.
[2026-04-01 15:04:50,451][matplotlib.font_manager][WARNING] - findfont: Font family ['STIXGeneral'] not found. Falling back to DejaVu Sans.
[2026-04-01 15:04:50,454][matplotlib.font_manager][WARNING] - findfont: Font family ['STIXGeneral'] not found. Falling back to DejaVu Sans.
[2026-04-01 15:04:50,459][matplotlib.font_manager][WARNING] - findfont: Font family ['STIXGeneral'] not found. Falling back to DejaVu Sans.
[2026-04-01 15:04:50,463][matplotlib.font_manager][WARNING] - findfont: Font family ['STIXNonUnicode'] not found. Falling back to DejaVu Sans.
[2026-04-01 15:04:50,465][matplotlib.font_manager][WARNING] - findfont: Font family ['STIXNonUnicode'] not found. Falling back to DejaVu Sans.
[2026-04-01 15:04:50,469][matplotlib.font_manager][WARNING] - findfont: Font family ['STIXNonUnicode'] not found. Falling back to DejaVu Sans.
[2026-04-01 15:04:50,471][matplotlib.font_manager][WARNING] - findfont: Font family ['STIXSizeOneSym'] not found. Falling back to DejaVu Sans.
[2026-04-01 15:04:50,472][matplotlib.font_manager][WARNING] - findfont: Font family ['STIXSizeTwoSym'] not found. Falling back to DejaVu Sans.
[2026-04-01 15:04:50,474][matplotlib.font_manager][WARNING] - findfont: Font family ['STIXSizeThreeSym'] not found. Falling back to DejaVu Sans.
[2026-04-01 15:04:50,476][matplotlib.font_manager][WARNING] - findfont: Font family ['STIXSizeFourSym'] not found. Falling back to DejaVu Sans.
[2026-04-01 15:04:50,477][matplotlib.font_manager][WARNING] - findfont: Font family ['STIXSizeFiveSym'] not found. Falling back to DejaVu Sans.
[2026-04-01 15:04:50,479][matplotlib.font_manager][WARNING] - findfont: Font family ['cmsy10'] not found. Falling back to DejaVu Sans.
[2026-04-01 15:04:50,481][matplotlib.font_manager][WARNING] - findfont: Font family ['cmr10'] not found. Falling back to DejaVu Sans.
[2026-04-01 15:04:50,483][matplotlib.font_manager][WARNING] - findfont: Font family ['cmtt10'] not found. Falling back to DejaVu Sans.
[2026-04-01 15:04:50,484][matplotlib.font_manager][WARNING] - findfont: Font family ['cmmi10'] not found. Falling back to DejaVu Sans.
[2026-04-01 15:04:50,486][matplotlib.font_manager][WARNING] - findfont: Font family ['cmb10'] not found. Falling back to DejaVu Sans.
[2026-04-01 15:04:50,488][matplotlib.font_manager][WARNING] - findfont: Font family ['cmss10'] not found. Falling back to DejaVu Sans.
[2026-04-01 15:04:50,489][matplotlib.font_manager][WARNING] - findfont: Font family ['cmex10'] not found. Falling back to DejaVu Sans.
[2026-04-01 15:04:50,500][matplotlib.font_manager][WARNING] - findfont: Font family ['DejaVu Sans Display'] not found. Falling back to DejaVu Sans.
[2026-04-16 09:42:42,054][matplotlib.font_manager][WARNING] - findfont: Font family ['STIXGeneral'] not found. Falling back to DejaVu Sans.
[2026-04-16 09:42:42,057][matplotlib.font_manager][WARNING] - findfont: Font family ['STIXGeneral'] not found. Falling back to DejaVu Sans.
[2026-04-16 09:42:42,074][matplotlib.font_manager][WARNING] - findfont: Font family ['STIXGeneral'] not found. Falling back to DejaVu Sans.
[2026-04-16 09:42:42,077][matplotlib.font_manager][WARNING] - findfont: Font family ['STIXGeneral'] not found. Falling back to DejaVu Sans.
[2026-04-16 09:42:42,080][matplotlib.font_manager][WARNING] - findfont: Font family ['STIXNonUnicode'] not found. Falling back to DejaVu Sans.
[2026-04-16 09:42:42,082][matplotlib.font_manager][WARNING] - findfont: Font family ['STIXNonUnicode'] not found. Falling back to DejaVu Sans.
[2026-04-16 09:42:42,083][matplotlib.font_manager][WARNING] - findfont: Font family ['STIXNonUnicode'] not found. Falling back to DejaVu Sans.
[2026-04-16 09:42:42,085][matplotlib.font_manager][WARNING] - findfont: Font family ['STIXSizeOneSym'] not found. Falling back to DejaVu Sans.
[2026-04-16 09:42:42,086][matplotlib.font_manager][WARNING] - findfont: Font family ['STIXSizeTwoSym'] not found. Falling back to DejaVu Sans.
[2026-04-16 09:42:42,088][matplotlib.font_manager][WARNING] - findfont: Font family ['STIXSizeThreeSym'] not found. Falling back to DejaVu Sans.
[2026-04-16 09:42:42,089][matplotlib.font_manager][WARNING] - findfont: Font family ['STIXSizeFourSym'] not found. Falling back to DejaVu Sans.
[2026-04-16 09:42:42,091][matplotlib.font_manager][WARNING] - findfont: Font family ['STIXSizeFiveSym'] not found. Falling back to DejaVu Sans.
[2026-04-16 09:42:42,093][matplotlib.font_manager][WARNING] - findfont: Font family ['cmsy10'] not found. Falling back to DejaVu Sans.
[2026-04-16 09:42:42,095][matplotlib.font_manager][WARNING] - findfont: Font family ['cmr10'] not found. Falling back to DejaVu Sans.
[2026-04-16 09:42:42,096][matplotlib.font_manager][WARNING] - findfont: Font family ['cmtt10'] not found. Falling back to DejaVu Sans.
[2026-04-16 09:42:42,097][matplotlib.font_manager][WARNING] - findfont: Font family ['cmmi10'] not found. Falling back to DejaVu Sans.
[2026-04-16 09:42:42,099][matplotlib.font_manager][WARNING] - findfont: Font family ['cmb10'] not found. Falling back to DejaVu Sans.
[2026-04-16 09:42:42,184][matplotlib.font_manager][WARNING] - findfont: Font family ['cmss10'] not found. Falling back to DejaVu Sans.
[2026-04-16 09:42:42,185][matplotlib.font_manager][WARNING] - findfont: Font family ['cmex10'] not found. Falling back to DejaVu Sans.
[2026-04-16 09:42:42,194][matplotlib.font_manager][WARNING] - findfont: Font family ['DejaVu Sans Display'] not found. Falling back to DejaVu Sans.
[2026-04-16 15:18:43,583][matplotlib.font_manager][WARNING] - findfont: Font family ['STIXGeneral'] not found. Falling back to DejaVu Sans.
[2026-04-16 15:18:43,586][matplotlib.font_manager][WARNING] - findfont: Font family ['STIXGeneral'] not found. Falling back to DejaVu Sans.
[2026-04-16 15:18:43,589][matplotlib.font_manager][WARNING] - findfont: Font family ['STIXGeneral'] not found. Falling back to DejaVu Sans.
[2026-04-16 15:18:43,592][matplotlib.font_manager][WARNING] - findfont: Font family ['STIXGeneral'] not found. Falling back to DejaVu Sans.
[2026-04-16 15:18:43,595][matplotlib.font_manager][WARNING] - findfont: Font family ['STIXNonUnicode'] not found. Falling back to DejaVu Sans.
[2026-04-16 15:18:43,597][matplotlib.font_manager][WARNING] - findfont: Font family ['STIXNonUnicode'] not found. Falling back to DejaVu Sans.
[2026-04-16 15:18:43,598][matplotlib.font_manager][WARNING] - findfont: Font family ['STIXNonUnicode'] not found. Falling back to DejaVu Sans.
[2026-04-16 15:18:43,600][matplotlib.font_manager][WARNING] - findfont: Font family ['STIXSizeOneSym'] not found. Falling back to DejaVu Sans.
[2026-04-16 15:18:43,601][matplotlib.font_manager][WARNING] - findfont: Font family ['STIXSizeTwoSym'] not found. Falling back to DejaVu Sans.
[2026-04-16 15:18:43,603][matplotlib.font_manager][WARNING] - findfont: Font family ['STIXSizeThreeSym'] not found. Falling back to DejaVu Sans.
[2026-04-16 15:18:43,604][matplotlib.font_manager][WARNING] - findfont: Font family ['STIXSizeFourSym'] not found. Falling back to DejaVu Sans.
[2026-04-16 15:18:43,605][matplotlib.font_manager][WARNING] - findfont: Font family ['STIXSizeFiveSym'] not found. Falling back to DejaVu Sans.
[2026-04-16 15:18:43,607][matplotlib.font_manager][WARNING] - findfont: Font family ['cmsy10'] not found. Falling back to DejaVu Sans.
[2026-04-16 15:18:43,609][matplotlib.font_manager][WARNING] - findfont: Font family ['cmr10'] not found. Falling back to DejaVu Sans.
[2026-04-16 15:18:43,610][matplotlib.font_manager][WARNING] - findfont: Font family ['cmtt10'] not found. Falling back to DejaVu Sans.
[2026-04-16 15:18:43,612][matplotlib.font_manager][WARNING] - findfont: Font family ['cmmi10'] not found. Falling back to DejaVu Sans.
[2026-04-16 15:18:43,613][matplotlib.font_manager][WARNING] - findfont: Font family ['cmb10'] not found. Falling back to DejaVu Sans.
[2026-04-16 15:18:43,615][matplotlib.font_manager][WARNING] - findfont: Font family ['cmss10'] not found. Falling back to DejaVu Sans.
[2026-04-16 15:18:43,616][matplotlib.font_manager][WARNING] - findfont: Font family ['cmex10'] not found. Falling back to DejaVu Sans.
[2026-04-16 15:18:43,625][matplotlib.font_manager][WARNING] - findfont: Font family ['DejaVu Sans Display'] not found. Falling back to DejaVu Sans.
[2026-04-16 15:23:04,951][matplotlib.font_manager][WARNING] - findfont: Font family ['STIXGeneral'] not found. Falling back to DejaVu Sans.
[2026-04-16 15:23:04,954][matplotlib.font_manager][WARNING] - findfont: Font family ['STIXGeneral'] not found. Falling back to DejaVu Sans.
[2026-04-16 15:23:04,957][matplotlib.font_manager][WARNING] - findfont: Font family ['STIXGeneral'] not found. Falling back to DejaVu Sans.
[2026-04-16 15:23:04,960][matplotlib.font_manager][WARNING] - findfont: Font family ['STIXGeneral'] not found. Falling back to DejaVu Sans.
[2026-04-16 15:23:04,963][matplotlib.font_manager][WARNING] - findfont: Font family ['STIXNonUnicode'] not found. Falling back to DejaVu Sans.
[2026-04-16 15:23:04,964][matplotlib.font_manager][WARNING] - findfont: Font family ['STIXNonUnicode'] not found. Falling back to DejaVu Sans.
[2026-04-16 15:23:04,986][matplotlib.font_manager][WARNING] - findfont: Font family ['STIXNonUnicode'] not found. Falling back to DejaVu Sans.
[2026-04-16 15:23:04,988][matplotlib.font_manager][WARNING] - findfont: Font family ['STIXSizeOneSym'] not found. Falling back to DejaVu Sans.
[2026-04-16 15:23:04,989][matplotlib.font_manager][WARNING] - findfont: Font family ['STIXSizeTwoSym'] not found. Falling back to DejaVu Sans.
[2026-04-16 15:23:04,991][matplotlib.font_manager][WARNING] - findfont: Font family ['STIXSizeThreeSym'] not found. Falling back to DejaVu Sans.
[2026-04-16 15:23:04,992][matplotlib.font_manager][WARNING] - findfont: Font family ['STIXSizeFourSym'] not found. Falling back to DejaVu Sans.
[2026-04-16 15:23:04,994][matplotlib.font_manager][WARNING] - findfont: Font family ['STIXSizeFiveSym'] not found. Falling back to DejaVu Sans.
[2026-04-16 15:23:04,996][matplotlib.font_manager][WARNING] - findfont: Font family ['cmsy10'] not found. Falling back to DejaVu Sans.
[2026-04-16 15:23:04,997][matplotlib.font_manager][WARNING] - findfont: Font family ['cmr10'] not found. Falling back to DejaVu Sans.
[2026-04-16 15:23:04,999][matplotlib.font_manager][WARNING] - findfont: Font family ['cmtt10'] not found. Falling back to DejaVu Sans.
[2026-04-16 15:23:05,000][matplotlib.font_manager][WARNING] - findfont: Font family ['cmmi10'] not found. Falling back to DejaVu Sans.
[2026-04-16 15:23:05,002][matplotlib.font_manager][WARNING] - findfont: Font family ['cmb10'] not found. Falling back to DejaVu Sans.
[2026-04-16 15:23:05,003][matplotlib.font_manager][WARNING] - findfont: Font family ['cmss10'] not found. Falling back to DejaVu Sans.
[2026-04-16 15:23:05,004][matplotlib.font_manager][WARNING] - findfont: Font family ['cmex10'] not found. Falling back to DejaVu Sans.
[2026-04-16 15:23:05,013][matplotlib.font_manager][WARNING] - findfont: Font family ['DejaVu Sans Display'] not found. Falling back to DejaVu Sans.
[2026-04-16 15:24:34,335][matplotlib.font_manager][WARNING] - findfont: Font family ['STIXGeneral'] not found. Falling back to DejaVu Sans.
[2026-04-16 15:24:34,339][matplotlib.font_manager][WARNING] - findfont: Font family ['STIXGeneral'] not found. Falling back to DejaVu Sans.
[2026-04-16 15:24:34,342][matplotlib.font_manager][WARNING] - findfont: Font family ['STIXGeneral'] not found. Falling back to DejaVu Sans.
[2026-04-16 15:24:34,345][matplotlib.font_manager][WARNING] - findfont: Font family ['STIXGeneral'] not found. Falling back to DejaVu Sans.
[2026-04-16 15:24:34,348][matplotlib.font_manager][WARNING] - findfont: Font family ['STIXNonUnicode'] not found. Falling back to DejaVu Sans.
[2026-04-16 15:24:34,349][matplotlib.font_manager][WARNING] - findfont: Font family ['STIXNonUnicode'] not found. Falling back to DejaVu Sans.
[2026-04-16 15:24:34,351][matplotlib.font_manager][WARNING] - findfont: Font family ['STIXNonUnicode'] not found. Falling back to DejaVu Sans.
[2026-04-16 15:24:34,352][matplotlib.font_manager][WARNING] - findfont: Font family ['STIXSizeOneSym'] not found. Falling back to DejaVu Sans.
[2026-04-16 15:24:34,353][matplotlib.font_manager][WARNING] - findfont: Font family ['STIXSizeTwoSym'] not found. Falling back to DejaVu Sans.
[2026-04-16 15:24:34,355][matplotlib.font_manager][WARNING] - findfont: Font family ['STIXSizeThreeSym'] not found. Falling back to DejaVu Sans.
[2026-04-16 15:24:34,356][matplotlib.font_manager][WARNING] - findfont: Font family ['STIXSizeFourSym'] not found. Falling back to DejaVu Sans.
[2026-04-16 15:24:34,358][matplotlib.font_manager][WARNING] - findfont: Font family ['STIXSizeFiveSym'] not found. Falling back to DejaVu Sans.
[2026-04-16 15:24:34,360][matplotlib.font_manager][WARNING] - findfont: Font family ['cmsy10'] not found. Falling back to DejaVu Sans.
[2026-04-16 15:24:34,361][matplotlib.font_manager][WARNING] - findfont: Font family ['cmr10'] not found. Falling back to DejaVu Sans.
[2026-04-16 15:24:34,363][matplotlib.font_manager][WARNING] - findfont: Font family ['cmtt10'] not found. Falling back to DejaVu Sans.
[2026-04-16 15:24:34,364][matplotlib.font_manager][WARNING] - findfont: Font family ['cmmi10'] not found. Falling back to DejaVu Sans.
[2026-04-16 15:24:34,385][matplotlib.font_manager][WARNING] - findfont: Font family ['cmb10'] not found. Falling back to DejaVu Sans.
[2026-04-16 15:24:34,386][matplotlib.font_manager][WARNING] - findfont: Font family ['cmss10'] not found. Falling back to DejaVu Sans.
[2026-04-16 15:24:34,388][matplotlib.font_manager][WARNING] - findfont: Font family ['cmex10'] not found. Falling back to DejaVu Sans.
[2026-04-16 15:24:34,396][matplotlib.font_manager][WARNING] - findfont: Font family ['DejaVu Sans Display'] not found. Falling back to DejaVu Sans.
[2026-04-16 17:35:12,240][matplotlib.font_manager][WARNING] - findfont: Font family ['STIXGeneral'] not found. Falling back to DejaVu Sans.
[2026-04-16 17:35:12,243][matplotlib.font_manager][WARNING] - findfont: Font family ['STIXGeneral'] not found. Falling back to DejaVu Sans.
[2026-04-16 17:35:12,247][matplotlib.font_manager][WARNING] - findfont: Font family ['STIXGeneral'] not found. Falling back to DejaVu Sans.
[2026-04-16 17:35:12,249][matplotlib.font_manager][WARNING] - findfont: Font family ['STIXGeneral'] not found. Falling back to DejaVu Sans.
[2026-04-16 17:35:12,252][matplotlib.font_manager][WARNING] - findfont: Font family ['STIXNonUnicode'] not found. Falling back to DejaVu Sans.
[2026-04-16 17:35:12,254][matplotlib.font_manager][WARNING] - findfont: Font family ['STIXNonUnicode'] not found. Falling back to DejaVu Sans.
[2026-04-16 17:35:12,255][matplotlib.font_manager][WARNING] - findfont: Font family ['STIXNonUnicode'] not found. Falling back to DejaVu Sans.
[2026-04-16 17:35:12,257][matplotlib.font_manager][WARNING] - findfont: Font family ['STIXSizeOneSym'] not found. Falling back to DejaVu Sans.
[2026-04-16 17:35:12,258][matplotlib.font_manager][WARNING] - findfont: Font family ['STIXSizeTwoSym'] not found. Falling back to DejaVu Sans.
[2026-04-16 17:35:12,260][matplotlib.font_manager][WARNING] - findfont: Font family ['STIXSizeThreeSym'] not found. Falling back to DejaVu Sans.
[2026-04-16 17:35:12,261][matplotlib.font_manager][WARNING] - findfont: Font family ['STIXSizeFourSym'] not found. Falling back to DejaVu Sans.
[2026-04-16 17:35:12,263][matplotlib.font_manager][WARNING] - findfont: Font family ['STIXSizeFiveSym'] not found. Falling back to DejaVu Sans.
[2026-04-16 17:35:12,264][matplotlib.font_manager][WARNING] - findfont: Font family ['cmsy10'] not found. Falling back to DejaVu Sans.
[2026-04-16 17:35:12,266][matplotlib.font_manager][WARNING] - findfont: Font family ['cmr10'] not found. Falling back to DejaVu Sans.
[2026-04-16 17:35:12,267][matplotlib.font_manager][WARNING] - findfont: Font family ['cmtt10'] not found. Falling back to DejaVu Sans.
[2026-04-16 17:35:12,268][matplotlib.font_manager][WARNING] - findfont: Font family ['cmmi10'] not found. Falling back to DejaVu Sans.
[2026-04-16 17:35:12,270][matplotlib.font_manager][WARNING] - findfont: Font family ['cmb10'] not found. Falling back to DejaVu Sans.
[2026-04-16 17:35:12,271][matplotlib.font_manager][WARNING] - findfont: Font family ['cmss10'] not found. Falling back to DejaVu Sans.
[2026-04-16 17:35:12,273][matplotlib.font_manager][WARNING] - findfont: Font family ['cmex10'] not found. Falling back to DejaVu Sans.
[2026-04-16 17:35:12,281][matplotlib.font_manager][WARNING] - findfont: Font family ['DejaVu Sans Display'] not found. Falling back to DejaVu Sans.
[2026-04-17 09:30:33,984][matplotlib.font_manager][WARNING] - findfont: Font family ['STIXGeneral'] not found. Falling back to DejaVu Sans.
[2026-04-17 09:30:33,988][matplotlib.font_manager][WARNING] - findfont: Font family ['STIXGeneral'] not found. Falling back to DejaVu Sans.
[2026-04-17 09:30:33,992][matplotlib.font_manager][WARNING] - findfont: Font family ['STIXGeneral'] not found. Falling back to DejaVu Sans.
[2026-04-17 09:30:33,996][matplotlib.font_manager][WARNING] - findfont: Font family ['STIXGeneral'] not found. Falling back to DejaVu Sans.
[2026-04-17 09:30:33,999][matplotlib.font_manager][WARNING] - findfont: Font family ['STIXNonUnicode'] not found. Falling back to DejaVu Sans.
[2026-04-17 09:30:34,022][matplotlib.font_manager][WARNING] - findfont: Font family ['STIXNonUnicode'] not found. Falling back to DejaVu Sans.
[2026-04-17 09:30:34,023][matplotlib.font_manager][WARNING] - findfont: Font family ['STIXNonUnicode'] not found. Falling back to DejaVu Sans.
[2026-04-17 09:30:34,025][matplotlib.font_manager][WARNING] - findfont: Font family ['STIXSizeOneSym'] not found. Falling back to DejaVu Sans.
[2026-04-17 09:30:34,027][matplotlib.font_manager][WARNING] - findfont: Font family ['STIXSizeTwoSym'] not found. Falling back to DejaVu Sans.
[2026-04-17 09:30:34,029][matplotlib.font_manager][WARNING] - findfont: Font family ['STIXSizeThreeSym'] not found. Falling back to DejaVu Sans.
[2026-04-17 09:30:34,030][matplotlib.font_manager][WARNING] - findfont: Font family ['STIXSizeFourSym'] not found. Falling back to DejaVu Sans.
[2026-04-17 09:30:34,032][matplotlib.font_manager][WARNING] - findfont: Font family ['STIXSizeFiveSym'] not found. Falling back to DejaVu Sans.
[2026-04-17 09:30:34,034][matplotlib.font_manager][WARNING] - findfont: Font family ['cmsy10'] not found. Falling back to DejaVu Sans.
[2026-04-17 09:30:34,036][matplotlib.font_manager][WARNING] - findfont: Font family ['cmr10'] not found. Falling back to DejaVu Sans.
[2026-04-17 09:30:34,038][matplotlib.font_manager][WARNING] - findfont: Font family ['cmtt10'] not found. Falling back to DejaVu Sans.
[2026-04-17 09:30:34,040][matplotlib.font_manager][WARNING] - findfont: Font family ['cmmi10'] not found. Falling back to DejaVu Sans.
[2026-04-17 09:30:34,042][matplotlib.font_manager][WARNING] - findfont: Font family ['cmb10'] not found. Falling back to DejaVu Sans.
[2026-04-17 09:30:34,043][matplotlib.font_manager][WARNING] - findfont: Font family ['cmss10'] not found. Falling back to DejaVu Sans.
[2026-04-17 09:30:34,045][matplotlib.font_manager][WARNING] - findfont: Font family ['cmex10'] not found. Falling back to DejaVu Sans.
[2026-04-17 09:30:34,056][matplotlib.font_manager][WARNING] - findfont: Font family ['DejaVu Sans Display'] not found. Falling back to DejaVu Sans.
[2026-04-17 11:37:34,201][matplotlib.font_manager][WARNING] - findfont: Font family ['STIXGeneral'] not found. Falling back to DejaVu Sans.
[2026-04-17 11:37:34,205][matplotlib.font_manager][WARNING] - findfont: Font family ['STIXGeneral'] not found. Falling back to DejaVu Sans.
[2026-04-17 11:37:34,208][matplotlib.font_manager][WARNING] - findfont: Font family ['STIXGeneral'] not found. Falling back to DejaVu Sans.
[2026-04-17 11:37:34,211][matplotlib.font_manager][WARNING] - findfont: Font family ['STIXGeneral'] not found. Falling back to DejaVu Sans.
[2026-04-17 11:37:34,214][matplotlib.font_manager][WARNING] - findfont: Font family ['STIXNonUnicode'] not found. Falling back to DejaVu Sans.
[2026-04-17 11:37:34,216][matplotlib.font_manager][WARNING] - findfont: Font family ['STIXNonUnicode'] not found. Falling back to DejaVu Sans.
[2026-04-17 11:37:34,217][matplotlib.font_manager][WARNING] - findfont: Font family ['STIXNonUnicode'] not found. Falling back to DejaVu Sans.
[2026-04-17 11:37:34,219][matplotlib.font_manager][WARNING] - findfont: Font family ['STIXSizeOneSym'] not found. Falling back to DejaVu Sans.
[2026-04-17 11:37:34,220][matplotlib.font_manager][WARNING] - findfont: Font family ['STIXSizeTwoSym'] not found. Falling back to DejaVu Sans.
[2026-04-17 11:37:34,222][matplotlib.font_manager][WARNING] - findfont: Font family ['STIXSizeThreeSym'] not found. Falling back to DejaVu Sans.
[2026-04-17 11:37:34,223][matplotlib.font_manager][WARNING] - findfont: Font family ['STIXSizeFourSym'] not found. Falling back to DejaVu Sans.
[2026-04-17 11:37:34,225][matplotlib.font_manager][WARNING] - findfont: Font family ['STIXSizeFiveSym'] not found. Falling back to DejaVu Sans.
[2026-04-17 11:37:34,226][matplotlib.font_manager][WARNING] - findfont: Font family ['cmsy10'] not found. Falling back to DejaVu Sans.
[2026-04-17 11:37:34,228][matplotlib.font_manager][WARNING] - findfont: Font family ['cmr10'] not found. Falling back to DejaVu Sans.
[2026-04-17 11:37:34,229][matplotlib.font_manager][WARNING] - findfont: Font family ['cmtt10'] not found. Falling back to DejaVu Sans.
[2026-04-17 11:37:34,231][matplotlib.font_manager][WARNING] - findfont: Font family ['cmmi10'] not found. Falling back to DejaVu Sans.
[2026-04-17 11:37:34,232][matplotlib.font_manager][WARNING] - findfont: Font family ['cmb10'] not found. Falling back to DejaVu Sans.
[2026-04-17 11:37:34,234][matplotlib.font_manager][WARNING] - findfont: Font family ['cmss10'] not found. Falling back to DejaVu Sans.
[2026-04-17 11:37:34,235][matplotlib.font_manager][WARNING] - findfont: Font family ['cmex10'] not found. Falling back to DejaVu Sans.
[2026-04-17 11:37:34,244][matplotlib.font_manager][WARNING] - findfont: Font family ['DejaVu Sans Display'] not found. Falling back to DejaVu Sans.
[2026-04-17 15:14:44,387][matplotlib.font_manager][WARNING] - findfont: Font family ['STIXGeneral'] not found. Falling back to DejaVu Sans.
[2026-04-17 15:14:44,396][matplotlib.font_manager][WARNING] - findfont: Font family ['STIXGeneral'] not found. Falling back to DejaVu Sans.
[2026-04-17 15:14:44,399][matplotlib.font_manager][WARNING] - findfont: Font family ['STIXGeneral'] not found. Falling back to DejaVu Sans.
[2026-04-17 15:14:44,403][matplotlib.font_manager][WARNING] - findfont: Font family ['STIXGeneral'] not found. Falling back to DejaVu Sans.
[2026-04-17 15:14:44,406][matplotlib.font_manager][WARNING] - findfont: Font family ['STIXNonUnicode'] not found. Falling back to DejaVu Sans.
[2026-04-17 15:14:44,407][matplotlib.font_manager][WARNING] - findfont: Font family ['STIXNonUnicode'] not found. Falling back to DejaVu Sans.
[2026-04-17 15:14:44,409][matplotlib.font_manager][WARNING] - findfont: Font family ['STIXNonUnicode'] not found. Falling back to DejaVu Sans.
[2026-04-17 15:14:44,410][matplotlib.font_manager][WARNING] - findfont: Font family ['STIXSizeOneSym'] not found. Falling back to DejaVu Sans.
[2026-04-17 15:14:44,412][matplotlib.font_manager][WARNING] - findfont: Font family ['STIXSizeTwoSym'] not found. Falling back to DejaVu Sans.
[2026-04-17 15:14:44,413][matplotlib.font_manager][WARNING] - findfont: Font family ['STIXSizeThreeSym'] not found. Falling back to DejaVu Sans.
[2026-04-17 15:14:44,415][matplotlib.font_manager][WARNING] - findfont: Font family ['STIXSizeFourSym'] not found. Falling back to DejaVu Sans.
[2026-04-17 15:14:44,416][matplotlib.font_manager][WARNING] - findfont: Font family ['STIXSizeFiveSym'] not found. Falling back to DejaVu Sans.
[2026-04-17 15:14:44,418][matplotlib.font_manager][WARNING] - findfont: Font family ['cmsy10'] not found. Falling back to DejaVu Sans.
[2026-04-17 15:14:44,419][matplotlib.font_manager][WARNING] - findfont: Font family ['cmr10'] not found. Falling back to DejaVu Sans.
[2026-04-17 15:14:44,420][matplotlib.font_manager][WARNING] - findfont: Font family ['cmtt10'] not found. Falling back to DejaVu Sans.
[2026-04-17 15:14:44,422][matplotlib.font_manager][WARNING] - findfont: Font family ['cmmi10'] not found. Falling back to DejaVu Sans.
[2026-04-17 15:14:44,423][matplotlib.font_manager][WARNING] - findfont: Font family ['cmb10'] not found. Falling back to DejaVu Sans.
[2026-04-17 15:14:44,425][matplotlib.font_manager][WARNING] - findfont: Font family ['cmss10'] not found. Falling back to DejaVu Sans.
[2026-04-17 15:14:44,426][matplotlib.font_manager][WARNING] - findfont: Font family ['cmex10'] not found. Falling back to DejaVu Sans.
[2026-04-17 15:14:44,437][matplotlib.font_manager][WARNING] - findfont: Font family ['DejaVu Sans Display'] not found. Falling back to DejaVu Sans.
[2026-04-22 18:08:15,394][matplotlib.font_manager][WARNING] - findfont: Font family ['STIXGeneral'] not found. Falling back to DejaVu Sans.
[2026-04-22 18:08:15,398][matplotlib.font_manager][WARNING] - findfont: Font family ['STIXGeneral'] not found. Falling back to DejaVu Sans.
[2026-04-22 18:08:15,401][matplotlib.font_manager][WARNING] - findfont: Font family ['STIXGeneral'] not found. Falling back to DejaVu Sans.
[2026-04-22 18:08:16,298][matplotlib.font_manager][WARNING] - findfont: Font family ['STIXGeneral'] not found. Falling back to DejaVu Sans.
[2026-04-22 18:08:16,301][matplotlib.font_manager][WARNING] - findfont: Font family ['STIXNonUnicode'] not found. Falling back to DejaVu Sans.
[2026-04-22 18:08:16,302][matplotlib.font_manager][WARNING] - findfont: Font family ['STIXNonUnicode'] not found. Falling back to DejaVu Sans.
[2026-04-22 18:08:16,304][matplotlib.font_manager][WARNING] - findfont: Font family ['STIXNonUnicode'] not found. Falling back to DejaVu Sans.
[2026-04-22 18:08:16,305][matplotlib.font_manager][WARNING] - findfont: Font family ['STIXSizeOneSym'] not found. Falling back to DejaVu Sans.
[2026-04-22 18:08:16,306][matplotlib.font_manager][WARNING] - findfont: Font family ['STIXSizeTwoSym'] not found. Falling back to DejaVu Sans.
[2026-04-22 18:08:16,308][matplotlib.font_manager][WARNING] - findfont: Font family ['STIXSizeThreeSym'] not found. Falling back to DejaVu Sans.
[2026-04-22 18:08:16,309][matplotlib.font_manager][WARNING] - findfont: Font family ['STIXSizeFourSym'] not found. Falling back to DejaVu Sans.
[2026-04-22 18:08:16,311][matplotlib.font_manager][WARNING] - findfont: Font family ['STIXSizeFiveSym'] not found. Falling back to DejaVu Sans.
[2026-04-22 18:08:16,312][matplotlib.font_manager][WARNING] - findfont: Font family ['cmsy10'] not found. Falling back to DejaVu Sans.
[2026-04-22 18:08:16,314][matplotlib.font_manager][WARNING] - findfont: Font family ['cmr10'] not found. Falling back to DejaVu Sans.
[2026-04-22 18:08:16,315][matplotlib.font_manager][WARNING] - findfont: Font family ['cmtt10'] not found. Falling back to DejaVu Sans.
[2026-04-22 18:08:16,316][matplotlib.font_manager][WARNING] - findfont: Font family ['cmmi10'] not found. Falling back to DejaVu Sans.
[2026-04-22 18:08:16,318][matplotlib.font_manager][WARNING] - findfont: Font family ['cmb10'] not found. Falling back to DejaVu Sans.
[2026-04-22 18:08:16,319][matplotlib.font_manager][WARNING] - findfont: Font family ['cmss10'] not found. Falling back to DejaVu Sans.
[2026-04-22 18:08:16,321][matplotlib.font_manager][WARNING] - findfont: Font family ['cmex10'] not found. Falling back to DejaVu Sans.
[2026-04-23 14:26:20,074][matplotlib.font_manager][WARNING] - findfont: Font family ['STIXGeneral'] not found. Falling back to DejaVu Sans.
[2026-04-23 14:26:20,077][matplotlib.font_manager][WARNING] - findfont: Font family ['STIXGeneral'] not found. Falling back to DejaVu Sans.
[2026-04-23 14:26:20,080][matplotlib.font_manager][WARNING] - findfont: Font family ['STIXGeneral'] not found. Falling back to DejaVu Sans.
[2026-04-23 14:26:20,083][matplotlib.font_manager][WARNING] - findfont: Font family ['STIXGeneral'] not found. Falling back to DejaVu Sans.
[2026-04-23 14:26:20,086][matplotlib.font_manager][WARNING] - findfont: Font family ['STIXNonUnicode'] not found. Falling back to DejaVu Sans.
[2026-04-23 14:26:20,087][matplotlib.font_manager][WARNING] - findfont: Font family ['STIXNonUnicode'] not found. Falling back to DejaVu Sans.
[2026-04-23 14:26:20,089][matplotlib.font_manager][WARNING] - findfont: Font family ['STIXNonUnicode'] not found. Falling back to DejaVu Sans.
[2026-04-23 14:26:20,091][matplotlib.font_manager][WARNING] - findfont: Font family ['STIXSizeOneSym'] not found. Falling back to DejaVu Sans.
[2026-04-23 14:26:20,092][matplotlib.font_manager][WARNING] - findfont: Font family ['STIXSizeTwoSym'] not found. Falling back to DejaVu Sans.
[2026-04-23 14:26:20,094][matplotlib.font_manager][WARNING] - findfont: Font family ['STIXSizeThreeSym'] not found. Falling back to DejaVu Sans.
[2026-04-23 14:26:20,096][matplotlib.font_manager][WARNING] - findfont: Font family ['STIXSizeFourSym'] not found. Falling back to DejaVu Sans.
[2026-04-23 14:26:20,097][matplotlib.font_manager][WARNING] - findfont: Font family ['STIXSizeFiveSym'] not found. Falling back to DejaVu Sans.
[2026-04-23 14:26:20,099][matplotlib.font_manager][WARNING] - findfont: Font family ['cmsy10'] not found. Falling back to DejaVu Sans.
[2026-04-23 14:26:20,100][matplotlib.font_manager][WARNING] - findfont: Font family ['cmr10'] not found. Falling back to DejaVu Sans.
[2026-04-23 14:26:20,102][matplotlib.font_manager][WARNING] - findfont: Font family ['cmtt10'] not found. Falling back to DejaVu Sans.
[2026-04-23 14:26:20,103][matplotlib.font_manager][WARNING] - findfont: Font family ['cmmi10'] not found. Falling back to DejaVu Sans.
[2026-04-23 14:26:20,105][matplotlib.font_manager][WARNING] - findfont: Font family ['cmb10'] not found. Falling back to DejaVu Sans.
[2026-04-23 14:26:20,106][matplotlib.font_manager][WARNING] - findfont: Font family ['cmss10'] not found. Falling back to DejaVu Sans.
[2026-04-23 14:26:20,107][matplotlib.font_manager][WARNING] - findfont: Font family ['cmex10'] not found. Falling back to DejaVu Sans.
[2026-04-23 14:26:20,116][matplotlib.font_manager][WARNING] - findfont: Font family ['DejaVu Sans Display'] not found. Falling back to DejaVu Sans.
[2026-04-23 14:51:12,695][matplotlib.font_manager][WARNING] - findfont: Font family ['STIXGeneral'] not found. Falling back to DejaVu Sans.
[2026-04-23 14:51:12,698][matplotlib.font_manager][WARNING] - findfont: Font family ['STIXGeneral'] not found. Falling back to DejaVu Sans.
[2026-04-23 14:51:12,701][matplotlib.font_manager][WARNING] - findfont: Font family ['STIXGeneral'] not found. Falling back to DejaVu Sans.
[2026-04-23 14:51:12,704][matplotlib.font_manager][WARNING] - findfont: Font family ['STIXGeneral'] not found. Falling back to DejaVu Sans.
[2026-04-23 14:51:12,707][matplotlib.font_manager][WARNING] - findfont: Font family ['STIXNonUnicode'] not found. Falling back to DejaVu Sans.
[2026-04-23 14:51:12,709][matplotlib.font_manager][WARNING] - findfont: Font family ['STIXNonUnicode'] not found. Falling back to DejaVu Sans.
[2026-04-23 14:51:12,710][matplotlib.font_manager][WARNING] - findfont: Font family ['STIXNonUnicode'] not found. Falling back to DejaVu Sans.
[2026-04-23 14:51:12,712][matplotlib.font_manager][WARNING] - findfont: Font family ['STIXSizeOneSym'] not found. Falling back to DejaVu Sans.
[2026-04-23 14:51:12,713][matplotlib.font_manager][WARNING] - findfont: Font family ['STIXSizeTwoSym'] not found. Falling back to DejaVu Sans.
[2026-04-23 14:51:12,715][matplotlib.font_manager][WARNING] - findfont: Font family ['STIXSizeThreeSym'] not found. Falling back to DejaVu Sans.
[2026-04-23 14:51:12,717][matplotlib.font_manager][WARNING] - findfont: Font family ['STIXSizeFourSym'] not found. Falling back to DejaVu Sans.
[2026-04-23 14:51:12,718][matplotlib.font_manager][WARNING] - findfont: Font family ['STIXSizeFiveSym'] not found. Falling back to DejaVu Sans.
[2026-04-23 14:51:12,720][matplotlib.font_manager][WARNING] - findfont: Font family ['cmsy10'] not found. Falling back to DejaVu Sans.
[2026-04-23 14:51:12,721][matplotlib.font_manager][WARNING] - findfont: Font family ['cmr10'] not found. Falling back to DejaVu Sans.
[2026-04-23 14:51:12,723][matplotlib.font_manager][WARNING] - findfont: Font family ['cmtt10'] not found. Falling back to DejaVu Sans.
[2026-04-23 14:51:12,724][matplotlib.font_manager][WARNING] - findfont: Font family ['cmmi10'] not found. Falling back to DejaVu Sans.
[2026-04-23 14:51:12,726][matplotlib.font_manager][WARNING] - findfont: Font family ['cmb10'] not found. Falling back to DejaVu Sans.
[2026-04-23 14:51:12,727][matplotlib.font_manager][WARNING] - findfont: Font family ['cmss10'] not found. Falling back to DejaVu Sans.
[2026-04-23 14:51:12,729][matplotlib.font_manager][WARNING] - findfont: Font family ['cmex10'] not found. Falling back to DejaVu Sans.
[2026-04-23 14:51:12,739][matplotlib.font_manager][WARNING] - findfont: Font family ['DejaVu Sans Display'] not found. Falling back to DejaVu Sans.
[2026-04-24 13:37:04,363][matplotlib.font_manager][WARNING] - findfont: Font family ['STIXGeneral'] not found. Falling back to DejaVu Sans.
[2026-04-24 13:37:04,366][matplotlib.font_manager][WARNING] - findfont: Font family ['STIXGeneral'] not found. Falling back to DejaVu Sans.
[2026-04-24 13:37:04,368][matplotlib.font_manager][WARNING] - findfont: Font family ['STIXGeneral'] not found. Falling back to DejaVu Sans.
[2026-04-24 13:37:04,386][matplotlib.font_manager][WARNING] - findfont: Font family ['STIXGeneral'] not found. Falling back to DejaVu Sans.
[2026-04-24 13:37:04,389][matplotlib.font_manager][WARNING] - findfont: Font family ['STIXNonUnicode'] not found. Falling back to DejaVu Sans.
[2026-04-24 13:37:04,390][matplotlib.font_manager][WARNING] - findfont: Font family ['STIXNonUnicode'] not found. Falling back to DejaVu Sans.
[2026-04-24 13:37:04,392][matplotlib.font_manager][WARNING] - findfont: Font family ['STIXNonUnicode'] not found. Falling back to DejaVu Sans.
[2026-04-24 13:37:04,393][matplotlib.font_manager][WARNING] - findfont: Font family ['STIXSizeOneSym'] not found. Falling back to DejaVu Sans.
[2026-04-24 13:37:04,395][matplotlib.font_manager][WARNING] - findfont: Font family ['STIXSizeTwoSym'] not found. Falling back to DejaVu Sans.
[2026-04-24 13:37:04,396][matplotlib.font_manager][WARNING] - findfont: Font family ['STIXSizeThreeSym'] not found. Falling back to DejaVu Sans.
[2026-04-24 13:37:04,398][matplotlib.font_manager][WARNING] - findfont: Font family ['STIXSizeFourSym'] not found. Falling back to DejaVu Sans.
[2026-04-24 13:37:04,399][matplotlib.font_manager][WARNING] - findfont: Font family ['STIXSizeFiveSym'] not found. Falling back to DejaVu Sans.
[2026-04-24 13:37:04,401][matplotlib.font_manager][WARNING] - findfont: Font family ['cmsy10'] not found. Falling back to DejaVu Sans.
[2026-04-24 13:37:04,402][matplotlib.font_manager][WARNING] - findfont: Font family ['cmr10'] not found. Falling back to DejaVu Sans.
[2026-04-24 13:37:04,404][matplotlib.font_manager][WARNING] - findfont: Font family ['cmtt10'] not found. Falling back to DejaVu Sans.
[2026-04-24 13:37:04,405][matplotlib.font_manager][WARNING] - findfont: Font family ['cmmi10'] not found. Falling back to DejaVu Sans.
[2026-04-24 13:37:04,407][matplotlib.font_manager][WARNING] - findfont: Font family ['cmb10'] not found. Falling back to DejaVu Sans.
[2026-04-24 13:37:04,408][matplotlib.font_manager][WARNING] - findfont: Font family ['cmss10'] not found. Falling back to DejaVu Sans.
[2026-04-24 13:37:04,410][matplotlib.font_manager][WARNING] - findfont: Font family ['cmex10'] not found. Falling back to DejaVu Sans.
[2026-04-24 13:37:04,418][matplotlib.font_manager][WARNING] - findfont: Font family ['DejaVu Sans Display'] not found. Falling back to DejaVu Sans.
[2026-04-24 14:00:21,922][matplotlib.font_manager][WARNING] - findfont: Font family ['STIXGeneral'] not found. Falling back to DejaVu Sans.
[2026-04-24 14:00:21,926][matplotlib.font_manager][WARNING] - findfont: Font family ['STIXGeneral'] not found. Falling back to DejaVu Sans.
[2026-04-24 14:00:21,930][matplotlib.font_manager][WARNING] - findfont: Font family ['STIXGeneral'] not found. Falling back to DejaVu Sans.
[2026-04-24 14:00:21,934][matplotlib.font_manager][WARNING] - findfont: Font family ['STIXGeneral'] not found. Falling back to DejaVu Sans.
[2026-04-24 14:00:21,937][matplotlib.font_manager][WARNING] - findfont: Font family ['STIXNonUnicode'] not found. Falling back to DejaVu Sans.
[2026-04-24 14:00:21,939][matplotlib.font_manager][WARNING] - findfont: Font family ['STIXNonUnicode'] not found. Falling back to DejaVu Sans.
[2026-04-24 14:00:21,941][matplotlib.font_manager][WARNING] - findfont: Font family ['STIXNonUnicode'] not found. Falling back to DejaVu Sans.
[2026-04-24 14:00:21,943][matplotlib.font_manager][WARNING] - findfont: Font family ['STIXSizeOneSym'] not found. Falling back to DejaVu Sans.
[2026-04-24 14:00:21,944][matplotlib.font_manager][WARNING] - findfont: Font family ['STIXSizeTwoSym'] not found. Falling back to DejaVu Sans.
[2026-04-24 14:00:21,946][matplotlib.font_manager][WARNING] - findfont: Font family ['STIXSizeThreeSym'] not found. Falling back to DejaVu Sans.
[2026-04-24 14:00:21,948][matplotlib.font_manager][WARNING] - findfont: Font family ['STIXSizeFourSym'] not found. Falling back to DejaVu Sans.
[2026-04-24 14:00:21,950][matplotlib.font_manager][WARNING] - findfont: Font family ['STIXSizeFiveSym'] not found. Falling back to DejaVu Sans.
[2026-04-24 14:00:22,239][matplotlib.font_manager][WARNING] - findfont: Font family ['cmsy10'] not found. Falling back to DejaVu Sans.
[2026-04-24 14:00:22,241][matplotlib.font_manager][WARNING] - findfont: Font family ['cmr10'] not found. Falling back to DejaVu Sans.
[2026-04-24 14:00:22,243][matplotlib.font_manager][WARNING] - findfont: Font family ['cmtt10'] not found. Falling back to DejaVu Sans.
[2026-04-24 14:00:22,244][matplotlib.font_manager][WARNING] - findfont: Font family ['cmmi10'] not found. Falling back to DejaVu Sans.
[2026-04-24 14:00:22,246][matplotlib.font_manager][WARNING] - findfont: Font family ['cmb10'] not found. Falling back to DejaVu Sans.
[2026-04-24 14:00:22,248][matplotlib.font_manager][WARNING] - findfont: Font family ['cmss10'] not found. Falling back to DejaVu Sans.
[2026-04-24 14:00:22,249][matplotlib.font_manager][WARNING] - findfont: Font family ['cmex10'] not found. Falling back to DejaVu Sans.
[2026-04-24 14:00:22,260][matplotlib.font_manager][WARNING] - findfont: Font family ['DejaVu Sans Display'] not found. Falling back to DejaVu Sans.
[2026-04-27 15:17:24,073][matplotlib.font_manager][WARNING] - findfont: Font family ['STIXGeneral'] not found. Falling back to DejaVu Sans.
[2026-04-27 15:17:24,077][matplotlib.font_manager][WARNING] - findfont: Font family ['STIXGeneral'] not found. Falling back to DejaVu Sans.
[2026-04-27 15:17:24,097][matplotlib.font_manager][WARNING] - findfont: Font family ['STIXGeneral'] not found. Falling back to DejaVu Sans.
[2026-04-27 15:17:24,100][matplotlib.font_manager][WARNING] - findfont: Font family ['STIXGeneral'] not found. Falling back to DejaVu Sans.
[2026-04-27 15:17:24,103][matplotlib.font_manager][WARNING] - findfont: Font family ['STIXNonUnicode'] not found. Falling back to DejaVu Sans.
[2026-04-27 15:17:24,105][matplotlib.font_manager][WARNING] - findfont: Font family ['STIXNonUnicode'] not found. Falling back to DejaVu Sans.
[2026-04-27 15:17:24,108][matplotlib.font_manager][WARNING] - findfont: Font family ['STIXNonUnicode'] not found. Falling back to DejaVu Sans.
[2026-04-27 15:17:24,110][matplotlib.font_manager][WARNING] - findfont: Font family ['STIXSizeOneSym'] not found. Falling back to DejaVu Sans.
[2026-04-27 15:17:24,111][matplotlib.font_manager][WARNING] - findfont: Font family ['STIXSizeTwoSym'] not found. Falling back to DejaVu Sans.
[2026-04-27 15:17:24,113][matplotlib.font_manager][WARNING] - findfont: Font family ['STIXSizeThreeSym'] not found. Falling back to DejaVu Sans.
[2026-04-27 15:17:24,115][matplotlib.font_manager][WARNING] - findfont: Font family ['STIXSizeFourSym'] not found. Falling back to DejaVu Sans.
[2026-04-27 15:17:24,117][matplotlib.font_manager][WARNING] - findfont: Font family ['STIXSizeFiveSym'] not found. Falling back to DejaVu Sans.
[2026-04-27 15:17:24,119][matplotlib.font_manager][WARNING] - findfont: Font family ['cmsy10'] not found. Falling back to DejaVu Sans.
[2026-04-27 15:17:24,120][matplotlib.font_manager][WARNING] - findfont: Font family ['cmr10'] not found. Falling back to DejaVu Sans.
[2026-04-27 15:17:24,122][matplotlib.font_manager][WARNING] - findfont: Font family ['cmtt10'] not found. Falling back to DejaVu Sans.
[2026-04-27 15:17:24,124][matplotlib.font_manager][WARNING] - findfont: Font family ['cmmi10'] not found. Falling back to DejaVu Sans.
[2026-04-27 15:17:24,126][matplotlib.font_manager][WARNING] - findfont: Font family ['cmb10'] not found. Falling back to DejaVu Sans.
[2026-04-27 15:17:24,128][matplotlib.font_manager][WARNING] - findfont: Font family ['cmss10'] not found. Falling back to DejaVu Sans.
[2026-04-27 15:17:24,130][matplotlib.font_manager][WARNING] - findfont: Font family ['cmex10'] not found. Falling back to DejaVu Sans.
[2026-04-27 15:17:24,141][matplotlib.font_manager][WARNING] - findfont: Font family ['DejaVu Sans Display'] not found. Falling back to DejaVu Sans.
[2026-04-27 15:34:31,681][matplotlib.font_manager][WARNING] - findfont: Font family ['STIXGeneral'] not found. Falling back to DejaVu Sans.
[2026-04-27 15:34:31,685][matplotlib.font_manager][WARNING] - findfont: Font family ['STIXGeneral'] not found. Falling back to DejaVu Sans.
[2026-04-27 15:34:32,936][matplotlib.font_manager][WARNING] - findfont: Font family ['STIXGeneral'] not found. Falling back to DejaVu Sans.
[2026-04-27 15:34:32,939][matplotlib.font_manager][WARNING] - findfont: Font family ['STIXGeneral'] not found. Falling back to DejaVu Sans.
[2026-04-27 15:34:32,942][matplotlib.font_manager][WARNING] - findfont: Font family ['STIXNonUnicode'] not found. Falling back to DejaVu Sans.
[2026-04-27 15:34:32,943][matplotlib.font_manager][WARNING] - findfont: Font family ['STIXNonUnicode'] not found. Falling back to DejaVu Sans.
[2026-04-27 15:34:32,945][matplotlib.font_manager][WARNING] - findfont: Font family ['STIXNonUnicode'] not found. Falling back to DejaVu Sans.
[2026-04-27 15:34:32,946][matplotlib.font_manager][WARNING] - findfont: Font family ['STIXSizeOneSym'] not found. Falling back to DejaVu Sans.
[2026-04-27 15:34:32,948][matplotlib.font_manager][WARNING] - findfont: Font family ['STIXSizeTwoSym'] not found. Falling back to DejaVu Sans.
[2026-04-27 15:34:32,949][matplotlib.font_manager][WARNING] - findfont: Font family ['STIXSizeThreeSym'] not found. Falling back to DejaVu Sans.
[2026-04-27 15:34:32,951][matplotlib.font_manager][WARNING] - findfont: Font family ['STIXSizeFourSym'] not found. Falling back to DejaVu Sans.
[2026-04-27 15:34:32,952][matplotlib.font_manager][WARNING] - findfont: Font family ['STIXSizeFiveSym'] not found. Falling back to DejaVu Sans.
[2026-04-27 15:34:32,954][matplotlib.font_manager][WARNING] - findfont: Font family ['cmsy10'] not found. Falling back to DejaVu Sans.
[2026-04-27 15:34:32,955][matplotlib.font_manager][WARNING] - findfont: Font family ['cmr10'] not found. Falling back to DejaVu Sans.
[2026-04-27 15:34:32,956][matplotlib.font_manager][WARNING] - findfont: Font family ['cmtt10'] not found. Falling back to DejaVu Sans.
[2026-04-27 15:34:32,958][matplotlib.font_manager][WARNING] - findfont: Font family ['cmmi10'] not found. Falling back to DejaVu Sans.
[2026-04-27 15:34:32,959][matplotlib.font_manager][WARNING] - findfont: Font family ['cmb10'] not found. Falling back to DejaVu Sans.
[2026-04-27 15:34:32,961][matplotlib.font_manager][WARNING] - findfont: Font family ['cmss10'] not found. Falling back to DejaVu Sans.
[2026-04-27 15:34:32,962][matplotlib.font_manager][WARNING] - findfont: Font family ['cmex10'] not found. Falling back to DejaVu Sans.
[2026-04-27 15:34:32,971][matplotlib.font_manager][WARNING] - findfont: Font family ['DejaVu Sans Display'] not found. Falling back to DejaVu Sans.
[2026-04-28 16:40:44,622][matplotlib.font_manager][WARNING] - findfont: Font family ['STIXGeneral'] not found. Falling back to DejaVu Sans.
[2026-04-28 16:40:44,625][matplotlib.font_manager][WARNING] - findfont: Font family ['STIXGeneral'] not found. Falling back to DejaVu Sans.
[2026-04-28 16:40:44,630][matplotlib.font_manager][WARNING] - findfont: Font family ['STIXGeneral'] not found. Falling back to DejaVu Sans.
[2026-04-28 16:40:44,634][matplotlib.font_manager][WARNING] - findfont: Font family ['STIXGeneral'] not found. Falling back to DejaVu Sans.
[2026-04-28 16:40:44,645][matplotlib.font_manager][WARNING] - findfont: Font family ['STIXNonUnicode'] not found. Falling back to DejaVu Sans.
[2026-04-28 16:40:44,653][matplotlib.font_manager][WARNING] - findfont: Font family ['STIXNonUnicode'] not found. Falling back to DejaVu Sans.
[2026-04-28 16:40:44,667][matplotlib.font_manager][WARNING] - findfont: Font family ['STIXNonUnicode'] not found. Falling back to DejaVu Sans.
[2026-04-28 16:40:44,679][matplotlib.font_manager][WARNING] - findfont: Font family ['STIXSizeOneSym'] not found. Falling back to DejaVu Sans.
[2026-04-28 16:40:44,689][matplotlib.font_manager][WARNING] - findfont: Font family ['STIXSizeTwoSym'] not found. Falling back to DejaVu Sans.
[2026-04-28 16:40:44,703][matplotlib.font_manager][WARNING] - findfont: Font family ['STIXSizeThreeSym'] not found. Falling back to DejaVu Sans.
[2026-04-28 16:40:44,714][matplotlib.font_manager][WARNING] - findfont: Font family ['STIXSizeFourSym'] not found. Falling back to DejaVu Sans.
[2026-04-28 16:40:44,780][matplotlib.font_manager][WARNING] - findfont: Font family ['STIXSizeFiveSym'] not found. Falling back to DejaVu Sans.
[2026-04-28 16:40:44,782][matplotlib.font_manager][WARNING] - findfont: Font family ['cmsy10'] not found. Falling back to DejaVu Sans.
[2026-04-28 16:40:44,785][matplotlib.font_manager][WARNING] - findfont: Font family ['cmr10'] not found. Falling back to DejaVu Sans.
[2026-04-28 16:40:44,787][matplotlib.font_manager][WARNING] - findfont: Font family ['cmtt10'] not found. Falling back to DejaVu Sans.
[2026-04-28 16:40:44,790][matplotlib.font_manager][WARNING] - findfont: Font family ['cmmi10'] not found. Falling back to DejaVu Sans.
[2026-04-28 16:40:44,792][matplotlib.font_manager][WARNING] - findfont: Font family ['cmb10'] not found. Falling back to DejaVu Sans.
[2026-04-28 16:40:44,795][matplotlib.font_manager][WARNING] - findfont: Font family ['cmss10'] not found. Falling back to DejaVu Sans.
[2026-04-28 16:40:44,798][matplotlib.font_manager][WARNING] - findfont: Font family ['cmex10'] not found. Falling back to DejaVu Sans.
[2026-04-28 16:40:44,808][matplotlib.font_manager][WARNING] - findfont: Font family ['DejaVu Sans Display'] not found. Falling back to DejaVu Sans.
[2026-04-29 09:51:58,446][matplotlib.font_manager][WARNING] - findfont: Font family ['STIXGeneral'] not found. Falling back to DejaVu Sans.
[2026-04-29 09:51:58,449][matplotlib.font_manager][WARNING] - findfont: Font family ['STIXGeneral'] not found. Falling back to DejaVu Sans.
[2026-04-29 09:51:58,454][matplotlib.font_manager][WARNING] - findfont: Font family ['STIXGeneral'] not found. Falling back to DejaVu Sans.
[2026-04-29 09:51:58,459][matplotlib.font_manager][WARNING] - findfont: Font family ['STIXGeneral'] not found. Falling back to DejaVu Sans.
[2026-04-29 09:51:58,464][matplotlib.font_manager][WARNING] - findfont: Font family ['STIXNonUnicode'] not found. Falling back to DejaVu Sans.
[2026-04-29 09:51:58,467][matplotlib.font_manager][WARNING] - findfont: Font family ['STIXNonUnicode'] not found. Falling back to DejaVu Sans.
[2026-04-29 09:51:58,470][matplotlib.font_manager][WARNING] - findfont: Font family ['STIXNonUnicode'] not found. Falling back to DejaVu Sans.
[2026-04-29 09:51:58,473][matplotlib.font_manager][WARNING] - findfont: Font family ['STIXSizeOneSym'] not found. Falling back to DejaVu Sans.
[2026-04-29 09:51:58,476][matplotlib.font_manager][WARNING] - findfont: Font family ['STIXSizeTwoSym'] not found. Falling back to DejaVu Sans.
[2026-04-29 09:51:58,479][matplotlib.font_manager][WARNING] - findfont: Font family ['STIXSizeThreeSym'] not found. Falling back to DejaVu Sans.
[2026-04-29 09:51:58,482][matplotlib.font_manager][WARNING] - findfont: Font family ['STIXSizeFourSym'] not found. Falling back to DejaVu Sans.
[2026-04-29 09:51:58,485][matplotlib.font_manager][WARNING] - findfont: Font family ['STIXSizeFiveSym'] not found. Falling back to DejaVu Sans.
[2026-04-29 09:51:58,488][matplotlib.font_manager][WARNING] - findfont: Font family ['cmsy10'] not found. Falling back to DejaVu Sans.
[2026-04-29 09:51:58,492][matplotlib.font_manager][WARNING] - findfont: Font family ['cmr10'] not found. Falling back to DejaVu Sans.
[2026-04-29 09:51:58,495][matplotlib.font_manager][WARNING] - findfont: Font family ['cmtt10'] not found. Falling back to DejaVu Sans.
[2026-04-29 09:51:58,498][matplotlib.font_manager][WARNING] - findfont: Font family ['cmmi10'] not found. Falling back to DejaVu Sans.
[2026-04-29 09:51:58,501][matplotlib.font_manager][WARNING] - findfont: Font family ['cmb10'] not found. Falling back to DejaVu Sans.
[2026-04-29 09:51:58,504][matplotlib.font_manager][WARNING] - findfont: Font family ['cmss10'] not found. Falling back to DejaVu Sans.
[2026-04-29 09:51:58,507][matplotlib.font_manager][WARNING] - findfont: Font family ['cmex10'] not found. Falling back to DejaVu Sans.
[2026-04-29 09:51:58,517][matplotlib.font_manager][WARNING] - findfont: Font family ['DejaVu Sans Display'] not found. Falling back to DejaVu Sans.
[2026-04-30 18:27:32,159][matplotlib.font_manager][WARNING] - findfont: Font family ['STIXGeneral'] not found. Falling back to DejaVu Sans.
[2026-04-30 18:27:32,162][matplotlib.font_manager][WARNING] - findfont: Font family ['STIXGeneral'] not found. Falling back to DejaVu Sans.
[2026-04-30 18:27:32,165][matplotlib.font_manager][WARNING] - findfont: Font family ['STIXGeneral'] not found. Falling back to DejaVu Sans.
[2026-04-30 18:27:32,168][matplotlib.font_manager][WARNING] - findfont: Font family ['STIXGeneral'] not found. Falling back to DejaVu Sans.
[2026-04-30 18:27:32,171][matplotlib.font_manager][WARNING] - findfont: Font family ['STIXNonUnicode'] not found. Falling back to DejaVu Sans.
[2026-04-30 18:27:32,173][matplotlib.font_manager][WARNING] - findfont: Font family ['STIXNonUnicode'] not found. Falling back to DejaVu Sans.
[2026-04-30 18:27:32,174][matplotlib.font_manager][WARNING] - findfont: Font family ['STIXNonUnicode'] not found. Falling back to DejaVu Sans.
[2026-04-30 18:27:32,176][matplotlib.font_manager][WARNING] - findfont: Font family ['STIXSizeOneSym'] not found. Falling back to DejaVu Sans.
[2026-04-30 18:27:32,177][matplotlib.font_manager][WARNING] - findfont: Font family ['STIXSizeTwoSym'] not found. Falling back to DejaVu Sans.
[2026-04-30 18:27:32,178][matplotlib.font_manager][WARNING] - findfont: Font family ['STIXSizeThreeSym'] not found. Falling back to DejaVu Sans.
[2026-04-30 18:27:32,180][matplotlib.font_manager][WARNING] - findfont: Font family ['STIXSizeFourSym'] not found. Falling back to DejaVu Sans.
[2026-04-30 18:27:32,181][matplotlib.font_manager][WARNING] - findfont: Font family ['STIXSizeFiveSym'] not found. Falling back to DejaVu Sans.
[2026-04-30 18:27:32,183][matplotlib.font_manager][WARNING] - findfont: Font family ['cmsy10'] not found. Falling back to DejaVu Sans.
[2026-04-30 18:27:32,184][matplotlib.font_manager][WARNING] - findfont: Font family ['cmr10'] not found. Falling back to DejaVu Sans.
[2026-04-30 18:27:32,185][matplotlib.font_manager][WARNING] - findfont: Font family ['cmtt10'] not found. Falling back to DejaVu Sans.
[2026-04-30 18:27:32,187][matplotlib.font_manager][WARNING] - findfont: Font family ['cmmi10'] not found. Falling back to DejaVu Sans.
[2026-04-30 18:27:32,188][matplotlib.font_manager][WARNING] - findfont: Font family ['cmb10'] not found. Falling back to DejaVu Sans.
[2026-04-30 18:27:32,190][matplotlib.font_manager][WARNING] - findfont: Font family ['cmss10'] not found. Falling back to DejaVu Sans.
[2026-04-30 18:27:32,191][matplotlib.font_manager][WARNING] - findfont: Font family ['cmex10'] not found. Falling back to DejaVu Sans.
[2026-04-30 18:27:32,200][matplotlib.font_manager][WARNING] - findfont: Font family ['DejaVu Sans Display'] not found. Falling back to DejaVu Sans.
[2026-04-30 19:21:42,870][matplotlib.font_manager][WARNING] - findfont: Font family ['STIXGeneral'] not found. Falling back to DejaVu Sans.
[2026-04-30 19:21:42,875][matplotlib.font_manager][WARNING] - findfont: Font family ['STIXGeneral'] not found. Falling back to DejaVu Sans.
[2026-04-30 19:21:42,878][matplotlib.font_manager][WARNING] - findfont: Font family ['STIXGeneral'] not found. Falling back to DejaVu Sans.
[2026-04-30 19:21:42,881][matplotlib.font_manager][WARNING] - findfont: Font family ['STIXGeneral'] not found. Falling back to DejaVu Sans.
[2026-04-30 19:21:42,884][matplotlib.font_manager][WARNING] - findfont: Font family ['STIXNonUnicode'] not found. Falling back to DejaVu Sans.
[2026-04-30 19:21:42,885][matplotlib.font_manager][WARNING] - findfont: Font family ['STIXNonUnicode'] not found. Falling back to DejaVu Sans.
[2026-04-30 19:21:42,887][matplotlib.font_manager][WARNING] - findfont: Font family ['STIXNonUnicode'] not found. Falling back to DejaVu Sans.
[2026-04-30 19:21:42,888][matplotlib.font_manager][WARNING] - findfont: Font family ['STIXSizeOneSym'] not found. Falling back to DejaVu Sans.
[2026-04-30 19:21:42,890][matplotlib.font_manager][WARNING] - findfont: Font family ['STIXSizeTwoSym'] not found. Falling back to DejaVu Sans.
[2026-04-30 19:21:42,902][matplotlib.font_manager][WARNING] - findfont: Font family ['STIXSizeThreeSym'] not found. Falling back to DejaVu Sans.
[2026-04-30 19:21:42,903][matplotlib.font_manager][WARNING] - findfont: Font family ['STIXSizeFourSym'] not found. Falling back to DejaVu Sans.
[2026-04-30 19:21:42,905][matplotlib.font_manager][WARNING] - findfont: Font family ['STIXSizeFiveSym'] not found. Falling back to DejaVu Sans.
[2026-04-30 19:21:42,907][matplotlib.font_manager][WARNING] - findfont: Font family ['cmsy10'] not found. Falling back to DejaVu Sans.
[2026-04-30 19:21:42,908][matplotlib.font_manager][WARNING] - findfont: Font family ['cmr10'] not found. Falling back to DejaVu Sans.
[2026-04-30 19:21:42,910][matplotlib.font_manager][WARNING] - findfont: Font family ['cmtt10'] not found. Falling back to DejaVu Sans.
[2026-04-30 19:21:42,911][matplotlib.font_manager][WARNING] - findfont: Font family ['cmmi10'] not found. Falling back to DejaVu Sans.
[2026-04-30 19:21:42,913][matplotlib.font_manager][WARNING] - findfont: Font family ['cmb10'] not found. Falling back to DejaVu Sans.
[2026-04-30 19:21:42,914][matplotlib.font_manager][WARNING] - findfont: Font family ['cmss10'] not found. Falling back to DejaVu Sans.
[2026-04-30 19:21:42,916][matplotlib.font_manager][WARNING] - findfont: Font family ['cmex10'] not found. Falling back to DejaVu Sans.
[2026-04-30 19:21:42,925][matplotlib.font_manager][WARNING] - findfont: Font family ['DejaVu Sans Display'] not found. Falling back to DejaVu Sans.
[2026-04-30 22:02:43,275][matplotlib.font_manager][WARNING] - findfont: Font family ['STIXGeneral'] not found. Falling back to DejaVu Sans.
[2026-04-30 22:02:43,278][matplotlib.font_manager][WARNING] - findfont: Font family ['STIXGeneral'] not found. Falling back to DejaVu Sans.
[2026-04-30 22:02:43,281][matplotlib.font_manager][WARNING] - findfont: Font family ['STIXGeneral'] not found. Falling back to DejaVu Sans.
[2026-04-30 22:02:43,284][matplotlib.font_manager][WARNING] - findfont: Font family ['STIXGeneral'] not found. Falling back to DejaVu Sans.
[2026-04-30 22:02:43,287][matplotlib.font_manager][WARNING] - findfont: Font family ['STIXNonUnicode'] not found. Falling back to DejaVu Sans.
[2026-04-30 22:02:43,288][matplotlib.font_manager][WARNING] - findfont: Font family ['STIXNonUnicode'] not found. Falling back to DejaVu Sans.
[2026-04-30 22:02:43,290][matplotlib.font_manager][WARNING] - findfont: Font family ['STIXNonUnicode'] not found. Falling back to DejaVu Sans.
[2026-04-30 22:02:43,291][matplotlib.font_manager][WARNING] - findfont: Font family ['STIXSizeOneSym'] not found. Falling back to DejaVu Sans.
[2026-04-30 22:02:43,293][matplotlib.font_manager][WARNING] - findfont: Font family ['STIXSizeTwoSym'] not found. Falling back to DejaVu Sans.
[2026-04-30 22:02:43,294][matplotlib.font_manager][WARNING] - findfont: Font family ['STIXSizeThreeSym'] not found. Falling back to DejaVu Sans.
[2026-04-30 22:02:43,296][matplotlib.font_manager][WARNING] - findfont: Font family ['STIXSizeFourSym'] not found. Falling back to DejaVu Sans.
[2026-04-30 22:02:43,297][matplotlib.font_manager][WARNING] - findfont: Font family ['STIXSizeFiveSym'] not found. Falling back to DejaVu Sans.
[2026-04-30 22:02:43,299][matplotlib.font_manager][WARNING] - findfont: Font family ['cmsy10'] not found. Falling back to DejaVu Sans.
[2026-04-30 22:02:43,300][matplotlib.font_manager][WARNING] - findfont: Font family ['cmr10'] not found. Falling back to DejaVu Sans.
[2026-04-30 22:02:43,302][matplotlib.font_manager][WARNING] - findfont: Font family ['cmtt10'] not found. Falling back to DejaVu Sans.
[2026-04-30 22:02:43,303][matplotlib.font_manager][WARNING] - findfont: Font family ['cmmi10'] not found. Falling back to DejaVu Sans.
[2026-04-30 22:02:43,305][matplotlib.font_manager][WARNING] - findfont: Font family ['cmb10'] not found. Falling back to DejaVu Sans.
[2026-04-30 22:02:43,306][matplotlib.font_manager][WARNING] - findfont: Font family ['cmss10'] not found. Falling back to DejaVu Sans.
[2026-04-30 22:02:43,308][matplotlib.font_manager][WARNING] - findfont: Font family ['cmex10'] not found. Falling back to DejaVu Sans.
[2026-04-30 22:02:43,316][matplotlib.font_manager][WARNING] - findfont: Font family ['DejaVu Sans Display'] not found. Falling back to DejaVu Sans.
[2026-04-30 22:03:25,073][matplotlib.font_manager][WARNING] - findfont: Font family ['STIXGeneral'] not found. Falling back to DejaVu Sans.
[2026-04-30 22:03:25,076][matplotlib.font_manager][WARNING] - findfont: Font family ['STIXGeneral'] not found. Falling back to DejaVu Sans.
[2026-04-30 22:03:25,079][matplotlib.font_manager][WARNING] - findfont: Font family ['STIXGeneral'] not found. Falling back to DejaVu Sans.
[2026-04-30 22:03:25,083][matplotlib.font_manager][WARNING] - findfont: Font family ['STIXGeneral'] not found. Falling back to DejaVu Sans.
[2026-04-30 22:03:25,086][matplotlib.font_manager][WARNING] - findfont: Font family ['STIXNonUnicode'] not found. Falling back to DejaVu Sans.
[2026-04-30 22:03:25,087][matplotlib.font_manager][WARNING] - findfont: Font family ['STIXNonUnicode'] not found. Falling back to DejaVu Sans.
[2026-04-30 22:03:25,089][matplotlib.font_manager][WARNING] - findfont: Font family ['STIXNonUnicode'] not found. Falling back to DejaVu Sans.
[2026-04-30 22:03:25,090][matplotlib.font_manager][WARNING] - findfont: Font family ['STIXSizeOneSym'] not found. Falling back to DejaVu Sans.
[2026-04-30 22:03:25,092][matplotlib.font_manager][WARNING] - findfont: Font family ['STIXSizeTwoSym'] not found. Falling back to DejaVu Sans.
[2026-04-30 22:03:25,093][matplotlib.font_manager][WARNING] - findfont: Font family ['STIXSizeThreeSym'] not found. Falling back to DejaVu Sans.
[2026-04-30 22:03:25,095][matplotlib.font_manager][WARNING] - findfont: Font family ['STIXSizeFourSym'] not found. Falling back to DejaVu Sans.
[2026-04-30 22:03:25,096][matplotlib.font_manager][WARNING] - findfont: Font family ['STIXSizeFiveSym'] not found. Falling back to DejaVu Sans.
[2026-04-30 22:03:25,098][matplotlib.font_manager][WARNING] - findfont: Font family ['cmsy10'] not found. Falling back to DejaVu Sans.
[2026-04-30 22:03:25,100][matplotlib.font_manager][WARNING] - findfont: Font family ['cmr10'] not found. Falling back to DejaVu Sans.
[2026-04-30 22:03:25,101][matplotlib.font_manager][WARNING] - findfont: Font family ['cmtt10'] not found. Falling back to DejaVu Sans.
[2026-04-30 22:03:25,103][matplotlib.font_manager][WARNING] - findfont: Font family ['cmmi10'] not found. Falling back to DejaVu Sans.
[2026-04-30 22:03:25,104][matplotlib.font_manager][WARNING] - findfont: Font family ['cmb10'] not found. Falling back to DejaVu Sans.
[2026-04-30 22:03:25,106][matplotlib.font_manager][WARNING] - findfont: Font family ['cmss10'] not found. Falling back to DejaVu Sans.
[2026-04-30 22:03:25,107][matplotlib.font_manager][WARNING] - findfont: Font family ['cmex10'] not found. Falling back to DejaVu Sans.
[2026-04-30 22:03:25,116][matplotlib.font_manager][WARNING] - findfont: Font family ['DejaVu Sans Display'] not found. Falling back to DejaVu Sans.
[2026-05-01 11:42:30,421][matplotlib.font_manager][WARNING] - findfont: Font family ['STIXGeneral'] not found. Falling back to DejaVu Sans.
[2026-05-01 11:42:30,425][matplotlib.font_manager][WARNING] - findfont: Font family ['STIXGeneral'] not found. Falling back to DejaVu Sans.
[2026-05-01 11:42:30,428][matplotlib.font_manager][WARNING] - findfont: Font family ['STIXGeneral'] not found. Falling back to DejaVu Sans.
[2026-05-01 11:42:30,431][matplotlib.font_manager][WARNING] - findfont: Font family ['STIXGeneral'] not found. Falling back to DejaVu Sans.
[2026-05-01 11:42:30,434][matplotlib.font_manager][WARNING] - findfont: Font family ['STIXNonUnicode'] not found. Falling back to DejaVu Sans.
[2026-05-01 11:42:30,435][matplotlib.font_manager][WARNING] - findfont: Font family ['STIXNonUnicode'] not found. Falling back to DejaVu Sans.
[2026-05-01 11:42:30,437][matplotlib.font_manager][WARNING] - findfont: Font family ['STIXNonUnicode'] not found. Falling back to DejaVu Sans.
[2026-05-01 11:42:30,438][matplotlib.font_manager][WARNING] - findfont: Font family ['STIXSizeOneSym'] not found. Falling back to DejaVu Sans.
[2026-05-01 11:42:30,440][matplotlib.font_manager][WARNING] - findfont: Font family ['STIXSizeTwoSym'] not found. Falling back to DejaVu Sans.
[2026-05-01 11:42:30,441][matplotlib.font_manager][WARNING] - findfont: Font family ['STIXSizeThreeSym'] not found. Falling back to DejaVu Sans.
[2026-05-01 11:42:30,469][matplotlib.font_manager][WARNING] - findfont: Font family ['STIXSizeFourSym'] not found. Falling back to DejaVu Sans.
[2026-05-01 11:42:30,470][matplotlib.font_manager][WARNING] - findfont: Font family ['STIXSizeFiveSym'] not found. Falling back to DejaVu Sans.
[2026-05-01 11:42:30,472][matplotlib.font_manager][WARNING] - findfont: Font family ['cmsy10'] not found. Falling back to DejaVu Sans.
[2026-05-01 11:42:30,473][matplotlib.font_manager][WARNING] - findfont: Font family ['cmr10'] not found. Falling back to DejaVu Sans.
[2026-05-01 11:42:30,475][matplotlib.font_manager][WARNING] - findfont: Font family ['cmtt10'] not found. Falling back to DejaVu Sans.
[2026-05-01 11:42:30,476][matplotlib.font_manager][WARNING] - findfont: Font family ['cmmi10'] not found. Falling back to DejaVu Sans.
[2026-05-01 11:42:30,478][matplotlib.font_manager][WARNING] - findfont: Font family ['cmb10'] not found. Falling back to DejaVu Sans.
[2026-05-01 11:42:30,479][matplotlib.font_manager][WARNING] - findfont: Font family ['cmss10'] not found. Falling back to DejaVu Sans.
[2026-05-01 11:42:30,480][matplotlib.font_manager][WARNING] - findfont: Font family ['cmex10'] not found. Falling back to DejaVu Sans.
[2026-05-01 11:42:30,489][matplotlib.font_manager][WARNING] - findfont: Font family ['DejaVu Sans Display'] not found. Falling back to DejaVu Sans.
[2026-05-01 12:43:40,787][matplotlib.font_manager][WARNING] - findfont: Font family ['STIXGeneral'] not found. Falling back to DejaVu Sans.
[2026-05-01 12:43:40,791][matplotlib.font_manager][WARNING] - findfont: Font family ['STIXGeneral'] not found. Falling back to DejaVu Sans.
[2026-05-01 12:43:40,794][matplotlib.font_manager][WARNING] - findfont: Font family ['STIXGeneral'] not found. Falling back to DejaVu Sans.
[2026-05-01 12:43:40,797][matplotlib.font_manager][WARNING] - findfont: Font family ['STIXGeneral'] not found. Falling back to DejaVu Sans.
[2026-05-01 12:43:40,800][matplotlib.font_manager][WARNING] - findfont: Font family ['STIXNonUnicode'] not found. Falling back to DejaVu Sans.
[2026-05-01 12:43:40,802][matplotlib.font_manager][WARNING] - findfont: Font family ['STIXNonUnicode'] not found. Falling back to DejaVu Sans.
[2026-05-01 12:43:40,803][matplotlib.font_manager][WARNING] - findfont: Font family ['STIXNonUnicode'] not found. Falling back to DejaVu Sans.
[2026-05-01 12:43:40,805][matplotlib.font_manager][WARNING] - findfont: Font family ['STIXSizeOneSym'] not found. Falling back to DejaVu Sans.
[2026-05-01 12:43:40,806][matplotlib.font_manager][WARNING] - findfont: Font family ['STIXSizeTwoSym'] not found. Falling back to DejaVu Sans.
[2026-05-01 12:43:40,808][matplotlib.font_manager][WARNING] - findfont: Font family ['STIXSizeThreeSym'] not found. Falling back to DejaVu Sans.
[2026-05-01 12:43:40,809][matplotlib.font_manager][WARNING] - findfont: Font family ['STIXSizeFourSym'] not found. Falling back to DejaVu Sans.
[2026-05-01 12:43:40,811][matplotlib.font_manager][WARNING] - findfont: Font family ['STIXSizeFiveSym'] not found. Falling back to DejaVu Sans.
[2026-05-01 12:43:40,812][matplotlib.font_manager][WARNING] - findfont: Font family ['cmsy10'] not found. Falling back to DejaVu Sans.
[2026-05-01 12:43:40,814][matplotlib.font_manager][WARNING] - findfont: Font family ['cmr10'] not found. Falling back to DejaVu Sans.
[2026-05-01 12:43:40,815][matplotlib.font_manager][WARNING] - findfont: Font family ['cmtt10'] not found. Falling back to DejaVu Sans.
[2026-05-01 12:43:40,817][matplotlib.font_manager][WARNING] - findfont: Font family ['cmmi10'] not found. Falling back to DejaVu Sans.
[2026-05-01 12:43:40,818][matplotlib.font_manager][WARNING] - findfont: Font family ['cmb10'] not found. Falling back to DejaVu Sans.
[2026-05-01 12:43:41,488][matplotlib.font_manager][WARNING] - findfont: Font family ['cmss10'] not found. Falling back to DejaVu Sans.
[2026-05-01 12:43:41,490][matplotlib.font_manager][WARNING] - findfont: Font family ['cmex10'] not found. Falling back to DejaVu Sans.
[2026-05-01 12:43:41,499][matplotlib.font_manager][WARNING] - findfont: Font family ['DejaVu Sans Display'] not found. Falling back to DejaVu Sans.
[2026-05-04 23:07:04,692][matplotlib.font_manager][WARNING] - findfont: Font family ['STIXGeneral'] not found. Falling back to DejaVu Sans.
[2026-05-04 23:07:04,695][matplotlib.font_manager][WARNING] - findfont: Font family ['STIXGeneral'] not found. Falling back to DejaVu Sans.
[2026-05-04 23:07:04,902][matplotlib.font_manager][WARNING] - findfont: Font family ['STIXGeneral'] not found. Falling back to DejaVu Sans.
[2026-05-04 23:07:05,018][matplotlib.font_manager][WARNING] - findfont: Font family ['STIXGeneral'] not found. Falling back to DejaVu Sans.
[2026-05-04 23:07:05,124][matplotlib.font_manager][WARNING] - findfont: Font family ['STIXNonUnicode'] not found. Falling back to DejaVu Sans.
[2026-05-04 23:07:05,128][matplotlib.font_manager][WARNING] - findfont: Font family ['STIXNonUnicode'] not found. Falling back to DejaVu Sans.
[2026-05-04 23:07:05,131][matplotlib.font_manager][WARNING] - findfont: Font family ['STIXNonUnicode'] not found. Falling back to DejaVu Sans.
[2026-05-04 23:07:05,133][matplotlib.font_manager][WARNING] - findfont: Font family ['STIXSizeOneSym'] not found. Falling back to DejaVu Sans.
[2026-05-04 23:07:05,136][matplotlib.font_manager][WARNING] - findfont: Font family ['STIXSizeTwoSym'] not found. Falling back to DejaVu Sans.
[2026-05-04 23:07:05,138][matplotlib.font_manager][WARNING] - findfont: Font family ['STIXSizeThreeSym'] not found. Falling back to DejaVu Sans.
[2026-05-04 23:07:05,140][matplotlib.font_manager][WARNING] - findfont: Font family ['STIXSizeFourSym'] not found. Falling back to DejaVu Sans.
[2026-05-04 23:07:05,143][matplotlib.font_manager][WARNING] - findfont: Font family ['STIXSizeFiveSym'] not found. Falling back to DejaVu Sans.
[2026-05-04 23:07:05,145][matplotlib.font_manager][WARNING] - findfont: Font family ['cmsy10'] not found. Falling back to DejaVu Sans.
[2026-05-04 23:07:05,148][matplotlib.font_manager][WARNING] - findfont: Font family ['cmr10'] not found. Falling back to DejaVu Sans.
[2026-05-04 23:07:05,150][matplotlib.font_manager][WARNING] - findfont: Font family ['cmtt10'] not found. Falling back to DejaVu Sans.
[2026-05-04 23:07:05,153][matplotlib.font_manager][WARNING] - findfont: Font family ['cmmi10'] not found. Falling back to DejaVu Sans.
[2026-05-04 23:07:05,158][matplotlib.font_manager][WARNING] - findfont: Font family ['cmb10'] not found. Falling back to DejaVu Sans.
[2026-05-04 23:07:05,262][matplotlib.font_manager][WARNING] - findfont: Font family ['cmss10'] not found. Falling back to DejaVu Sans.
[2026-05-04 23:07:05,265][matplotlib.font_manager][WARNING] - findfont: Font family ['cmex10'] not found. Falling back to DejaVu Sans.
[2026-05-04 23:07:05,278][matplotlib.font_manager][WARNING] - findfont: Font family ['DejaVu Sans Display'] not found. Falling back to DejaVu Sans.
[2026-05-05 09:18:59,422][matplotlib.font_manager][WARNING] - findfont: Font family ['STIXGeneral'] not found. Falling back to DejaVu Sans.
[2026-05-05 09:18:59,425][matplotlib.font_manager][WARNING] - findfont: Font family ['STIXGeneral'] not found. Falling back to DejaVu Sans.
[2026-05-05 09:18:59,447][matplotlib.font_manager][WARNING] - findfont: Font family ['STIXGeneral'] not found. Falling back to DejaVu Sans.
[2026-05-05 09:18:59,451][matplotlib.font_manager][WARNING] - findfont: Font family ['STIXGeneral'] not found. Falling back to DejaVu Sans.
[2026-05-05 09:18:59,476][matplotlib.font_manager][WARNING] - findfont: Font family ['STIXNonUnicode'] not found. Falling back to DejaVu Sans.
[2026-05-05 09:18:59,479][matplotlib.font_manager][WARNING] - findfont: Font family ['STIXNonUnicode'] not found. Falling back to DejaVu Sans.
[2026-05-05 09:18:59,598][matplotlib.font_manager][WARNING] - findfont: Font family ['STIXNonUnicode'] not found. Falling back to DejaVu Sans.
[2026-05-05 09:18:59,601][matplotlib.font_manager][WARNING] - findfont: Font family ['STIXSizeOneSym'] not found. Falling back to DejaVu Sans.
[2026-05-05 09:18:59,604][matplotlib.font_manager][WARNING] - findfont: Font family ['STIXSizeTwoSym'] not found. Falling back to DejaVu Sans.
[2026-05-05 09:18:59,607][matplotlib.font_manager][WARNING] - findfont: Font family ['STIXSizeThreeSym'] not found. Falling back to DejaVu Sans.
[2026-05-05 09:18:59,610][matplotlib.font_manager][WARNING] - findfont: Font family ['STIXSizeFourSym'] not found. Falling back to DejaVu Sans.
[2026-05-05 09:18:59,614][matplotlib.font_manager][WARNING] - findfont: Font family ['STIXSizeFiveSym'] not found. Falling back to DejaVu Sans.
[2026-05-05 09:18:59,617][matplotlib.font_manager][WARNING] - findfont: Font family ['cmsy10'] not found. Falling back to DejaVu Sans.
[2026-05-05 09:18:59,620][matplotlib.font_manager][WARNING] - findfont: Font family ['cmr10'] not found. Falling back to DejaVu Sans.
[2026-05-05 09:18:59,623][matplotlib.font_manager][WARNING] - findfont: Font family ['cmtt10'] not found. Falling back to DejaVu Sans.
[2026-05-05 09:18:59,626][matplotlib.font_manager][WARNING] - findfont: Font family ['cmmi10'] not found. Falling back to DejaVu Sans.
[2026-05-05 09:18:59,629][matplotlib.font_manager][WARNING] - findfont: Font family ['cmb10'] not found. Falling back to DejaVu Sans.
[2026-05-05 09:18:59,632][matplotlib.font_manager][WARNING] - findfont: Font family ['cmss10'] not found. Falling back to DejaVu Sans.
[2026-05-05 09:18:59,635][matplotlib.font_manager][WARNING] - findfont: Font family ['cmex10'] not found. Falling back to DejaVu Sans.
[2026-05-05 09:18:59,645][matplotlib.font_manager][WARNING] - findfont: Font family ['DejaVu Sans Display'] not found. Falling back to DejaVu Sans.
[2026-05-06 17:16:05,415][matplotlib.font_manager][WARNING] - findfont: Font family ['STIXGeneral'] not found. Falling back to DejaVu Sans.
[2026-05-06 17:16:05,419][matplotlib.font_manager][WARNING] - findfont: Font family ['STIXGeneral'] not found. Falling back to DejaVu Sans.
[2026-05-06 17:16:05,435][matplotlib.font_manager][WARNING] - findfont: Font family ['STIXGeneral'] not found. Falling back to DejaVu Sans.
[2026-05-06 17:16:05,438][matplotlib.font_manager][WARNING] - findfont: Font family ['STIXGeneral'] not found. Falling back to DejaVu Sans.
[2026-05-06 17:16:05,441][matplotlib.font_manager][WARNING] - findfont: Font family ['STIXNonUnicode'] not found. Falling back to DejaVu Sans.
[2026-05-06 17:16:05,442][matplotlib.font_manager][WARNING] - findfont: Font family ['STIXNonUnicode'] not found. Falling back to DejaVu Sans.
[2026-05-06 17:16:05,444][matplotlib.font_manager][WARNING] - findfont: Font family ['STIXNonUnicode'] not found. Falling back to DejaVu Sans.
[2026-05-06 17:16:05,445][matplotlib.font_manager][WARNING] - findfont: Font family ['STIXSizeOneSym'] not found. Falling back to DejaVu Sans.
[2026-05-06 17:16:05,447][matplotlib.font_manager][WARNING] - findfont: Font family ['STIXSizeTwoSym'] not found. Falling back to DejaVu Sans.
[2026-05-06 17:16:05,448][matplotlib.font_manager][WARNING] - findfont: Font family ['STIXSizeThreeSym'] not found. Falling back to DejaVu Sans.
[2026-05-06 17:16:05,449][matplotlib.font_manager][WARNING] - findfont: Font family ['STIXSizeFourSym'] not found. Falling back to DejaVu Sans.
[2026-05-06 17:16:05,451][matplotlib.font_manager][WARNING] - findfont: Font family ['STIXSizeFiveSym'] not found. Falling back to DejaVu Sans.
[2026-05-06 17:16:05,452][matplotlib.font_manager][WARNING] - findfont: Font family ['cmsy10'] not found. Falling back to DejaVu Sans.
[2026-05-06 17:16:05,454][matplotlib.font_manager][WARNING] - findfont: Font family ['cmr10'] not found. Falling back to DejaVu Sans.
[2026-05-06 17:16:05,455][matplotlib.font_manager][WARNING] - findfont: Font family ['cmtt10'] not found. Falling back to DejaVu Sans.
[2026-05-06 17:16:05,457][matplotlib.font_manager][WARNING] - findfont: Font family ['cmmi10'] not found. Falling back to DejaVu Sans.
[2026-05-06 17:16:05,576][matplotlib.font_manager][WARNING] - findfont: Font family ['cmb10'] not found. Falling back to DejaVu Sans.
[2026-05-06 17:16:05,578][matplotlib.font_manager][WARNING] - findfont: Font family ['cmss10'] not found. Falling back to DejaVu Sans.
[2026-05-06 17:16:05,579][matplotlib.font_manager][WARNING] - findfont: Font family ['cmex10'] not found. Falling back to DejaVu Sans.
[2026-05-06 17:16:05,588][matplotlib.font_manager][WARNING] - findfont: Font family ['DejaVu Sans Display'] not found. Falling back to DejaVu Sans.
[2026-05-06 21:16:23,558][matplotlib.font_manager][WARNING] - findfont: Font family ['STIXGeneral'] not found. Falling back to DejaVu Sans.
[2026-05-06 21:16:23,561][matplotlib.font_manager][WARNING] - findfont: Font family ['STIXGeneral'] not found. Falling back to DejaVu Sans.
[2026-05-06 21:16:23,582][matplotlib.font_manager][WARNING] - findfont: Font family ['STIXGeneral'] not found. Falling back to DejaVu Sans.
[2026-05-06 21:16:23,585][matplotlib.font_manager][WARNING] - findfont: Font family ['STIXGeneral'] not found. Falling back to DejaVu Sans.
[2026-05-06 21:16:23,587][matplotlib.font_manager][WARNING] - findfont: Font family ['STIXNonUnicode'] not found. Falling back to DejaVu Sans.
[2026-05-06 21:16:23,589][matplotlib.font_manager][WARNING] - findfont: Font family ['STIXNonUnicode'] not found. Falling back to DejaVu Sans.
[2026-05-06 21:16:23,590][matplotlib.font_manager][WARNING] - findfont: Font family ['STIXNonUnicode'] not found. Falling back to DejaVu Sans.
[2026-05-06 21:16:23,592][matplotlib.font_manager][WARNING] - findfont: Font family ['STIXSizeOneSym'] not found. Falling back to DejaVu Sans.
[2026-05-06 21:16:23,593][matplotlib.font_manager][WARNING] - findfont: Font family ['STIXSizeTwoSym'] not found. Falling back to DejaVu Sans.
[2026-05-06 21:16:23,595][matplotlib.font_manager][WARNING] - findfont: Font family ['STIXSizeThreeSym'] not found. Falling back to DejaVu Sans.
[2026-05-06 21:16:23,596][matplotlib.font_manager][WARNING] - findfont: Font family ['STIXSizeFourSym'] not found. Falling back to DejaVu Sans.
[2026-05-06 21:16:23,597][matplotlib.font_manager][WARNING] - findfont: Font family ['STIXSizeFiveSym'] not found. Falling back to DejaVu Sans.
[2026-05-06 21:16:23,599][matplotlib.font_manager][WARNING] - findfont: Font family ['cmsy10'] not found. Falling back to DejaVu Sans.
[2026-05-06 21:16:23,600][matplotlib.font_manager][WARNING] - findfont: Font family ['cmr10'] not found. Falling back to DejaVu Sans.
[2026-05-06 21:16:23,602][matplotlib.font_manager][WARNING] - findfont: Font family ['cmtt10'] not found. Falling back to DejaVu Sans.
[2026-05-06 21:16:23,603][matplotlib.font_manager][WARNING] - findfont: Font family ['cmmi10'] not found. Falling back to DejaVu Sans.
[2026-05-06 21:16:23,605][matplotlib.font_manager][WARNING] - findfont: Font family ['cmb10'] not found. Falling back to DejaVu Sans.
[2026-05-06 21:16:23,606][matplotlib.font_manager][WARNING] - findfont: Font family ['cmss10'] not found. Falling back to DejaVu Sans.
[2026-05-06 21:16:23,607][matplotlib.font_manager][WARNING] - findfont: Font family ['cmex10'] not found. Falling back to DejaVu Sans.
[2026-05-06 21:16:23,616][matplotlib.font_manager][WARNING] - findfont: Font family ['DejaVu Sans Display'] not found. Falling back to DejaVu Sans.
[2026-05-10 14:12:54,735][matplotlib.font_manager][WARNING] - findfont: Font family ['STIXGeneral'] not found. Falling back to DejaVu Sans.
[2026-05-10 14:12:54,739][matplotlib.font_manager][WARNING] - findfont: Font family ['STIXGeneral'] not found. Falling back to DejaVu Sans.
[2026-05-10 14:12:54,760][matplotlib.font_manager][WARNING] - findfont: Font family ['STIXGeneral'] not found. Falling back to DejaVu Sans.
[2026-05-10 14:12:54,763][matplotlib.font_manager][WARNING] - findfont: Font family ['STIXGeneral'] not found. Falling back to DejaVu Sans.
[2026-05-10 14:12:54,766][matplotlib.font_manager][WARNING] - findfont: Font family ['STIXNonUnicode'] not found. Falling back to DejaVu Sans.
[2026-05-10 14:12:54,911][matplotlib.font_manager][WARNING] - findfont: Font family ['STIXNonUnicode'] not found. Falling back to DejaVu Sans.
[2026-05-10 14:12:54,913][matplotlib.font_manager][WARNING] - findfont: Font family ['STIXNonUnicode'] not found. Falling back to DejaVu Sans.
[2026-05-10 14:12:54,914][matplotlib.font_manager][WARNING] - findfont: Font family ['STIXSizeOneSym'] not found. Falling back to DejaVu Sans.
[2026-05-10 14:12:54,916][matplotlib.font_manager][WARNING] - findfont: Font family ['STIXSizeTwoSym'] not found. Falling back to DejaVu Sans.
[2026-05-10 14:12:54,917][matplotlib.font_manager][WARNING] - findfont: Font family ['STIXSizeThreeSym'] not found. Falling back to DejaVu Sans.
[2026-05-10 14:12:54,919][matplotlib.font_manager][WARNING] - findfont: Font family ['STIXSizeFourSym'] not found. Falling back to DejaVu Sans.
[2026-05-10 14:12:54,920][matplotlib.font_manager][WARNING] - findfont: Font family ['STIXSizeFiveSym'] not found. Falling back to DejaVu Sans.
[2026-05-10 14:12:54,922][matplotlib.font_manager][WARNING] - findfont: Font family ['cmsy10'] not found. Falling back to DejaVu Sans.
[2026-05-10 14:12:54,923][matplotlib.font_manager][WARNING] - findfont: Font family ['cmr10'] not found. Falling back to DejaVu Sans.
[2026-05-10 14:12:54,925][matplotlib.font_manager][WARNING] - findfont: Font family ['cmtt10'] not found. Falling back to DejaVu Sans.
[2026-05-10 14:12:54,926][matplotlib.font_manager][WARNING] - findfont: Font family ['cmmi10'] not found. Falling back to DejaVu Sans.
[2026-05-10 14:12:54,928][matplotlib.font_manager][WARNING] - findfont: Font family ['cmb10'] not found. Falling back to DejaVu Sans.
[2026-05-10 14:12:54,929][matplotlib.font_manager][WARNING] - findfont: Font family ['cmss10'] not found. Falling back to DejaVu Sans.
[2026-05-10 14:12:54,931][matplotlib.font_manager][WARNING] - findfont: Font family ['cmex10'] not found. Falling back to DejaVu Sans.
[2026-05-10 14:12:54,940][matplotlib.font_manager][WARNING] - findfont: Font family ['DejaVu Sans Display'] not found. Falling back to DejaVu Sans.
[2026-05-11 13:09:02,433][matplotlib.font_manager][WARNING] - findfont: Font family ['STIXGeneral'] not found. Falling back to DejaVu Sans.
[2026-05-11 13:09:02,436][matplotlib.font_manager][WARNING] - findfont: Font family ['STIXGeneral'] not found. Falling back to DejaVu Sans.
[2026-05-11 13:09:02,439][matplotlib.font_manager][WARNING] - findfont: Font family ['STIXGeneral'] not found. Falling back to DejaVu Sans.
[2026-05-11 13:09:02,443][matplotlib.font_manager][WARNING] - findfont: Font family ['STIXGeneral'] not found. Falling back to DejaVu Sans.
[2026-05-11 13:09:02,446][matplotlib.font_manager][WARNING] - findfont: Font family ['STIXNonUnicode'] not found. Falling back to DejaVu Sans.
[2026-05-11 13:09:02,448][matplotlib.font_manager][WARNING] - findfont: Font family ['STIXNonUnicode'] not found. Falling back to DejaVu Sans.
[2026-05-11 13:09:02,449][matplotlib.font_manager][WARNING] - findfont: Font family ['STIXNonUnicode'] not found. Falling back to DejaVu Sans.
[2026-05-11 13:09:02,451][matplotlib.font_manager][WARNING] - findfont: Font family ['STIXSizeOneSym'] not found. Falling back to DejaVu Sans.
[2026-05-11 13:09:02,452][matplotlib.font_manager][WARNING] - findfont: Font family ['STIXSizeTwoSym'] not found. Falling back to DejaVu Sans.
[2026-05-11 13:09:02,454][matplotlib.font_manager][WARNING] - findfont: Font family ['STIXSizeThreeSym'] not found. Falling back to DejaVu Sans.
[2026-05-11 13:09:02,455][matplotlib.font_manager][WARNING] - findfont: Font family ['STIXSizeFourSym'] not found. Falling back to DejaVu Sans.
[2026-05-11 13:09:02,457][matplotlib.font_manager][WARNING] - findfont: Font family ['STIXSizeFiveSym'] not found. Falling back to DejaVu Sans.
[2026-05-11 13:09:02,458][matplotlib.font_manager][WARNING] - findfont: Font family ['cmsy10'] not found. Falling back to DejaVu Sans.
[2026-05-11 13:09:02,460][matplotlib.font_manager][WARNING] - findfont: Font family ['cmr10'] not found. Falling back to DejaVu Sans.
[2026-05-11 13:09:02,477][matplotlib.font_manager][WARNING] - findfont: Font family ['cmtt10'] not found. Falling back to DejaVu Sans.
[2026-05-11 13:09:02,478][matplotlib.font_manager][WARNING] - findfont: Font family ['cmmi10'] not found. Falling back to DejaVu Sans.
[2026-05-11 13:09:02,480][matplotlib.font_manager][WARNING] - findfont: Font family ['cmb10'] not found. Falling back to DejaVu Sans.
[2026-05-11 13:09:02,481][matplotlib.font_manager][WARNING] - findfont: Font family ['cmss10'] not found. Falling back to DejaVu Sans.
[2026-05-11 13:09:02,483][matplotlib.font_manager][WARNING] - findfont: Font family ['cmex10'] not found. Falling back to DejaVu Sans.
[2026-05-11 13:09:02,492][matplotlib.font_manager][WARNING] - findfont: Font family ['DejaVu Sans Display'] not found. Falling back to DejaVu Sans.
[2026-05-11 18:03:35,299][matplotlib.font_manager][WARNING] - findfont: Font family ['STIXGeneral'] not found. Falling back to DejaVu Sans.
[2026-05-11 18:03:35,303][matplotlib.font_manager][WARNING] - findfont: Font family ['STIXGeneral'] not found. Falling back to DejaVu Sans.
[2026-05-11 18:03:35,306][matplotlib.font_manager][WARNING] - findfont: Font family ['STIXGeneral'] not found. Falling back to DejaVu Sans.
[2026-05-11 18:03:35,309][matplotlib.font_manager][WARNING] - findfont: Font family ['STIXGeneral'] not found. Falling back to DejaVu Sans.
[2026-05-11 18:03:35,313][matplotlib.font_manager][WARNING] - findfont: Font family ['STIXNonUnicode'] not found. Falling back to DejaVu Sans.
[2026-05-11 18:03:35,314][matplotlib.font_manager][WARNING] - findfont: Font family ['STIXNonUnicode'] not found. Falling back to DejaVu Sans.
[2026-05-11 18:03:35,316][matplotlib.font_manager][WARNING] - findfont: Font family ['STIXNonUnicode'] not found. Falling back to DejaVu Sans.
[2026-05-11 18:03:35,318][matplotlib.font_manager][WARNING] - findfont: Font family ['STIXSizeOneSym'] not found. Falling back to DejaVu Sans.
[2026-05-11 18:03:35,320][matplotlib.font_manager][WARNING] - findfont: Font family ['STIXSizeTwoSym'] not found. Falling back to DejaVu Sans.
[2026-05-11 18:03:35,322][matplotlib.font_manager][WARNING] - findfont: Font family ['STIXSizeThreeSym'] not found. Falling back to DejaVu Sans.
[2026-05-11 18:03:35,324][matplotlib.font_manager][WARNING] - findfont: Font family ['STIXSizeFourSym'] not found. Falling back to DejaVu Sans.
[2026-05-11 18:03:35,326][matplotlib.font_manager][WARNING] - findfont: Font family ['STIXSizeFiveSym'] not found. Falling back to DejaVu Sans.
[2026-05-11 18:03:35,328][matplotlib.font_manager][WARNING] - findfont: Font family ['cmsy10'] not found. Falling back to DejaVu Sans.
[2026-05-11 18:03:35,330][matplotlib.font_manager][WARNING] - findfont: Font family ['cmr10'] not found. Falling back to DejaVu Sans.
[2026-05-11 18:03:35,332][matplotlib.font_manager][WARNING] - findfont: Font family ['cmtt10'] not found. Falling back to DejaVu Sans.
[2026-05-11 18:03:35,334][matplotlib.font_manager][WARNING] - findfont: Font family ['cmmi10'] not found. Falling back to DejaVu Sans.
[2026-05-11 18:03:35,335][matplotlib.font_manager][WARNING] - findfont: Font family ['cmb10'] not found. Falling back to DejaVu Sans.
[2026-05-11 18:03:35,337][matplotlib.font_manager][WARNING] - findfont: Font family ['cmss10'] not found. Falling back to DejaVu Sans.
[2026-05-11 18:03:35,339][matplotlib.font_manager][WARNING] - findfont: Font family ['cmex10'] not found. Falling back to DejaVu Sans.
[2026-05-11 18:03:35,350][matplotlib.font_manager][WARNING] - findfont: Font family ['DejaVu Sans Display'] not found. Falling back to DejaVu Sans.
[2026-05-12 09:35:23,455][matplotlib.font_manager][WARNING] - findfont: Font family ['STIXGeneral'] not found. Falling back to DejaVu Sans.
[2026-05-12 09:35:23,459][matplotlib.font_manager][WARNING] - findfont: Font family ['STIXGeneral'] not found. Falling back to DejaVu Sans.
[2026-05-12 09:35:23,462][matplotlib.font_manager][WARNING] - findfont: Font family ['STIXGeneral'] not found. Falling back to DejaVu Sans.
[2026-05-12 09:35:23,465][matplotlib.font_manager][WARNING] - findfont: Font family ['STIXGeneral'] not found. Falling back to DejaVu Sans.
[2026-05-12 09:35:23,476][matplotlib.font_manager][WARNING] - findfont: Font family ['STIXNonUnicode'] not found. Falling back to DejaVu Sans.
[2026-05-12 09:35:23,477][matplotlib.font_manager][WARNING] - findfont: Font family ['STIXNonUnicode'] not found. Falling back to DejaVu Sans.
[2026-05-12 09:35:23,479][matplotlib.font_manager][WARNING] - findfont: Font family ['STIXNonUnicode'] not found. Falling back to DejaVu Sans.
[2026-05-12 09:35:23,480][matplotlib.font_manager][WARNING] - findfont: Font family ['STIXSizeOneSym'] not found. Falling back to DejaVu Sans.
[2026-05-12 09:35:23,482][matplotlib.font_manager][WARNING] - findfont: Font family ['STIXSizeTwoSym'] not found. Falling back to DejaVu Sans.
[2026-05-12 09:35:23,483][matplotlib.font_manager][WARNING] - findfont: Font family ['STIXSizeThreeSym'] not found. Falling back to DejaVu Sans.
[2026-05-12 09:35:23,485][matplotlib.font_manager][WARNING] - findfont: Font family ['STIXSizeFourSym'] not found. Falling back to DejaVu Sans.
[2026-05-12 09:35:23,486][matplotlib.font_manager][WARNING] - findfont: Font family ['STIXSizeFiveSym'] not found. Falling back to DejaVu Sans.
[2026-05-12 09:35:23,487][matplotlib.font_manager][WARNING] - findfont: Font family ['cmsy10'] not found. Falling back to DejaVu Sans.
[2026-05-12 09:35:23,489][matplotlib.font_manager][WARNING] - findfont: Font family ['cmr10'] not found. Falling back to DejaVu Sans.
[2026-05-12 09:35:23,490][matplotlib.font_manager][WARNING] - findfont: Font family ['cmtt10'] not found. Falling back to DejaVu Sans.
[2026-05-12 09:35:23,492][matplotlib.font_manager][WARNING] - findfont: Font family ['cmmi10'] not found. Falling back to DejaVu Sans.
[2026-05-12 09:35:23,493][matplotlib.font_manager][WARNING] - findfont: Font family ['cmb10'] not found. Falling back to DejaVu Sans.
[2026-05-12 09:35:23,495][matplotlib.font_manager][WARNING] - findfont: Font family ['cmss10'] not found. Falling back to DejaVu Sans.
[2026-05-12 09:35:23,496][matplotlib.font_manager][WARNING] - findfont: Font family ['cmex10'] not found. Falling back to DejaVu Sans.
[2026-05-12 09:35:23,505][matplotlib.font_manager][WARNING] - findfont: Font family ['DejaVu Sans Display'] not found. Falling back to DejaVu Sans.
[2026-05-12 14:36:51,332][matplotlib.font_manager][WARNING] - findfont: Font family ['STIXGeneral'] not found. Falling back to DejaVu Sans.
[2026-05-12 14:36:51,335][matplotlib.font_manager][WARNING] - findfont: Font family ['STIXGeneral'] not found. Falling back to DejaVu Sans.
[2026-05-12 14:36:51,349][matplotlib.font_manager][WARNING] - findfont: Font family ['STIXGeneral'] not found. Falling back to DejaVu Sans.
[2026-05-12 14:36:51,352][matplotlib.font_manager][WARNING] - findfont: Font family ['STIXGeneral'] not found. Falling back to DejaVu Sans.
[2026-05-12 14:36:51,355][matplotlib.font_manager][WARNING] - findfont: Font family ['STIXNonUnicode'] not found. Falling back to DejaVu Sans.
[2026-05-12 14:36:51,357][matplotlib.font_manager][WARNING] - findfont: Font family ['STIXNonUnicode'] not found. Falling back to DejaVu Sans.
[2026-05-12 14:36:51,358][matplotlib.font_manager][WARNING] - findfont: Font family ['STIXNonUnicode'] not found. Falling back to DejaVu Sans.
[2026-05-12 14:36:51,360][matplotlib.font_manager][WARNING] - findfont: Font family ['STIXSizeOneSym'] not found. Falling back to DejaVu Sans.
[2026-05-12 14:36:51,361][matplotlib.font_manager][WARNING] - findfont: Font family ['STIXSizeTwoSym'] not found. Falling back to DejaVu Sans.
[2026-05-12 14:36:51,363][matplotlib.font_manager][WARNING] - findfont: Font family ['STIXSizeThreeSym'] not found. Falling back to DejaVu Sans.
[2026-05-12 14:36:51,365][matplotlib.font_manager][WARNING] - findfont: Font family ['STIXSizeFourSym'] not found. Falling back to DejaVu Sans.
[2026-05-12 14:36:51,366][matplotlib.font_manager][WARNING] - findfont: Font family ['STIXSizeFiveSym'] not found. Falling back to DejaVu Sans.
[2026-05-12 14:36:51,368][matplotlib.font_manager][WARNING] - findfont: Font family ['cmsy10'] not found. Falling back to DejaVu Sans.
[2026-05-12 14:36:51,490][matplotlib.font_manager][WARNING] - findfont: Font family ['cmr10'] not found. Falling back to DejaVu Sans.
[2026-05-12 14:36:51,491][matplotlib.font_manager][WARNING] - findfont: Font family ['cmtt10'] not found. Falling back to DejaVu Sans.
[2026-05-12 14:36:51,493][matplotlib.font_manager][WARNING] - findfont: Font family ['cmmi10'] not found. Falling back to DejaVu Sans.
[2026-05-12 14:36:51,494][matplotlib.font_manager][WARNING] - findfont: Font family ['cmb10'] not found. Falling back to DejaVu Sans.
[2026-05-12 14:36:51,496][matplotlib.font_manager][WARNING] - findfont: Font family ['cmss10'] not found. Falling back to DejaVu Sans.
[2026-05-12 14:36:51,498][matplotlib.font_manager][WARNING] - findfont: Font family ['cmex10'] not found. Falling back to DejaVu Sans.
[2026-05-12 14:36:51,507][matplotlib.font_manager][WARNING] - findfont: Font family ['DejaVu Sans Display'] not found. Falling back to DejaVu Sans.
[2026-05-18 14:14:30,976][matplotlib.font_manager][WARNING] - findfont: Font family ['STIXGeneral'] not found. Falling back to DejaVu Sans.
[2026-05-18 14:14:30,980][matplotlib.font_manager][WARNING] - findfont: Font family ['STIXGeneral'] not found. Falling back to DejaVu Sans.
[2026-05-18 14:14:30,994][matplotlib.font_manager][WARNING] - findfont: Font family ['STIXGeneral'] not found. Falling back to DejaVu Sans.
[2026-05-18 14:14:30,998][matplotlib.font_manager][WARNING] - findfont: Font family ['STIXGeneral'] not found. Falling back to DejaVu Sans.
[2026-05-18 14:14:31,001][matplotlib.font_manager][WARNING] - findfont: Font family ['STIXNonUnicode'] not found. Falling back to DejaVu Sans.
[2026-05-18 14:14:31,003][matplotlib.font_manager][WARNING] - findfont: Font family ['STIXNonUnicode'] not found. Falling back to DejaVu Sans.
[2026-05-18 14:14:31,005][matplotlib.font_manager][WARNING] - findfont: Font family ['STIXNonUnicode'] not found. Falling back to DejaVu Sans.
[2026-05-18 14:14:31,007][matplotlib.font_manager][WARNING] - findfont: Font family ['STIXSizeOneSym'] not found. Falling back to DejaVu Sans.
[2026-05-18 14:14:31,010][matplotlib.font_manager][WARNING] - findfont: Font family ['STIXSizeTwoSym'] not found. Falling back to DejaVu Sans.
[2026-05-18 14:14:31,012][matplotlib.font_manager][WARNING] - findfont: Font family ['STIXSizeThreeSym'] not found. Falling back to DejaVu Sans.
[2026-05-18 14:14:31,014][matplotlib.font_manager][WARNING] - findfont: Font family ['STIXSizeFourSym'] not found. Falling back to DejaVu Sans.
[2026-05-18 14:14:31,015][matplotlib.font_manager][WARNING] - findfont: Font family ['STIXSizeFiveSym'] not found. Falling back to DejaVu Sans.
[2026-05-18 14:14:31,017][matplotlib.font_manager][WARNING] - findfont: Font family ['cmsy10'] not found. Falling back to DejaVu Sans.
[2026-05-18 14:14:31,019][matplotlib.font_manager][WARNING] - findfont: Font family ['cmr10'] not found. Falling back to DejaVu Sans.
[2026-05-18 14:14:31,021][matplotlib.font_manager][WARNING] - findfont: Font family ['cmtt10'] not found. Falling back to DejaVu Sans.
[2026-05-18 14:14:31,022][matplotlib.font_manager][WARNING] - findfont: Font family ['cmmi10'] not found. Falling back to DejaVu Sans.
[2026-05-18 14:14:31,024][matplotlib.font_manager][WARNING] - findfont: Font family ['cmb10'] not found. Falling back to DejaVu Sans.
[2026-05-18 14:14:31,026][matplotlib.font_manager][WARNING] - findfont: Font family ['cmss10'] not found. Falling back to DejaVu Sans.
[2026-05-18 14:14:31,027][matplotlib.font_manager][WARNING] - findfont: Font family ['cmex10'] not found. Falling back to DejaVu Sans.
[2026-05-18 14:14:31,038][matplotlib.font_manager][WARNING] - findfont: Font family ['DejaVu Sans Display'] not found. Falling back to DejaVu Sans.
[2026-05-18 15:58:42,166][matplotlib.font_manager][WARNING] - findfont: Font family ['STIXGeneral'] not found. Falling back to DejaVu Sans.
[2026-05-18 15:58:42,169][matplotlib.font_manager][WARNING] - findfont: Font family ['STIXGeneral'] not found. Falling back to DejaVu Sans.
[2026-05-18 15:58:42,245][matplotlib.font_manager][WARNING] - findfont: Font family ['STIXGeneral'] not found. Falling back to DejaVu Sans.
[2026-05-18 15:58:42,248][matplotlib.font_manager][WARNING] - findfont: Font family ['STIXGeneral'] not found. Falling back to DejaVu Sans.
[2026-05-18 15:58:42,251][matplotlib.font_manager][WARNING] - findfont: Font family ['STIXNonUnicode'] not found. Falling back to DejaVu Sans.
[2026-05-18 15:58:42,253][matplotlib.font_manager][WARNING] - findfont: Font family ['STIXNonUnicode'] not found. Falling back to DejaVu Sans.
[2026-05-18 15:58:42,254][matplotlib.font_manager][WARNING] - findfont: Font family ['STIXNonUnicode'] not found. Falling back to DejaVu Sans.
[2026-05-18 15:58:42,256][matplotlib.font_manager][WARNING] - findfont: Font family ['STIXSizeOneSym'] not found. Falling back to DejaVu Sans.
[2026-05-18 15:58:42,258][matplotlib.font_manager][WARNING] - findfont: Font family ['STIXSizeTwoSym'] not found. Falling back to DejaVu Sans.
[2026-05-18 15:58:42,259][matplotlib.font_manager][WARNING] - findfont: Font family ['STIXSizeThreeSym'] not found. Falling back to DejaVu Sans.
[2026-05-18 15:58:42,261][matplotlib.font_manager][WARNING] - findfont: Font family ['STIXSizeFourSym'] not found. Falling back to DejaVu Sans.
[2026-05-18 15:58:42,262][matplotlib.font_manager][WARNING] - findfont: Font family ['STIXSizeFiveSym'] not found. Falling back to DejaVu Sans.
[2026-05-18 15:58:42,264][matplotlib.font_manager][WARNING] - findfont: Font family ['cmsy10'] not found. Falling back to DejaVu Sans.
[2026-05-18 15:58:42,265][matplotlib.font_manager][WARNING] - findfont: Font family ['cmr10'] not found. Falling back to DejaVu Sans.
[2026-05-18 15:58:42,267][matplotlib.font_manager][WARNING] - findfont: Font family ['cmtt10'] not found. Falling back to DejaVu Sans.
[2026-05-18 15:58:42,269][matplotlib.font_manager][WARNING] - findfont: Font family ['cmmi10'] not found. Falling back to DejaVu Sans.
[2026-05-18 15:58:42,271][matplotlib.font_manager][WARNING] - findfont: Font family ['cmb10'] not found. Falling back to DejaVu Sans.
[2026-05-18 15:58:42,272][matplotlib.font_manager][WARNING] - findfont: Font family ['cmss10'] not found. Falling back to DejaVu Sans.
[2026-05-18 15:58:42,274][matplotlib.font_manager][WARNING] - findfont: Font family ['cmex10'] not found. Falling back to DejaVu Sans.
[2026-05-18 15:58:42,283][matplotlib.font_manager][WARNING] - findfont: Font family ['DejaVu Sans Display'] not found. Falling back to DejaVu Sans.
[2026-05-18 17:14:13,897][matplotlib.font_manager][WARNING] - findfont: Font family ['STIXGeneral'] not found. Falling back to DejaVu Sans.
[2026-05-18 17:14:13,900][matplotlib.font_manager][WARNING] - findfont: Font family ['STIXGeneral'] not found. Falling back to DejaVu Sans.
[2026-05-18 17:14:13,904][matplotlib.font_manager][WARNING] - findfont: Font family ['STIXGeneral'] not found. Falling back to DejaVu Sans.
[2026-05-18 17:14:13,907][matplotlib.font_manager][WARNING] - findfont: Font family ['STIXGeneral'] not found. Falling back to DejaVu Sans.
[2026-05-18 17:14:13,910][matplotlib.font_manager][WARNING] - findfont: Font family ['STIXNonUnicode'] not found. Falling back to DejaVu Sans.
[2026-05-18 17:14:13,912][matplotlib.font_manager][WARNING] - findfont: Font family ['STIXNonUnicode'] not found. Falling back to DejaVu Sans.
[2026-05-18 17:14:13,914][matplotlib.font_manager][WARNING] - findfont: Font family ['STIXNonUnicode'] not found. Falling back to DejaVu Sans.
[2026-05-18 17:14:13,916][matplotlib.font_manager][WARNING] - findfont: Font family ['STIXSizeOneSym'] not found. Falling back to DejaVu Sans.
[2026-05-18 17:14:13,917][matplotlib.font_manager][WARNING] - findfont: Font family ['STIXSizeTwoSym'] not found. Falling back to DejaVu Sans.
[2026-05-18 17:14:13,919][matplotlib.font_manager][WARNING] - findfont: Font family ['STIXSizeThreeSym'] not found. Falling back to DejaVu Sans.
[2026-05-18 17:14:13,921][matplotlib.font_manager][WARNING] - findfont: Font family ['STIXSizeFourSym'] not found. Falling back to DejaVu Sans.
[2026-05-18 17:14:13,922][matplotlib.font_manager][WARNING] - findfont: Font family ['STIXSizeFiveSym'] not found. Falling back to DejaVu Sans.
[2026-05-18 17:14:13,924][matplotlib.font_manager][WARNING] - findfont: Font family ['cmsy10'] not found. Falling back to DejaVu Sans.
[2026-05-18 17:14:13,926][matplotlib.font_manager][WARNING] - findfont: Font family ['cmr10'] not found. Falling back to DejaVu Sans.
[2026-05-18 17:14:13,927][matplotlib.font_manager][WARNING] - findfont: Font family ['cmtt10'] not found. Falling back to DejaVu Sans.
[2026-05-18 17:14:13,929][matplotlib.font_manager][WARNING] - findfont: Font family ['cmmi10'] not found. Falling back to DejaVu Sans.
[2026-05-18 17:14:13,931][matplotlib.font_manager][WARNING] - findfont: Font family ['cmb10'] not found. Falling back to DejaVu Sans.
[2026-05-18 17:14:13,932][matplotlib.font_manager][WARNING] - findfont: Font family ['cmss10'] not found. Falling back to DejaVu Sans.
[2026-05-18 17:14:13,934][matplotlib.font_manager][WARNING] - findfont: Font family ['cmex10'] not found. Falling back to DejaVu Sans.
[2026-05-18 17:14:13,943][matplotlib.font_manager][WARNING] - findfont: Font family ['DejaVu Sans Display'] not found. Falling back to DejaVu Sans.
[2026-05-18 19:23:38,347][matplotlib.font_manager][WARNING] - findfont: Font family ['STIXGeneral'] not found. Falling back to DejaVu Sans.
[2026-05-18 19:23:38,351][matplotlib.font_manager][WARNING] - findfont: Font family ['STIXGeneral'] not found. Falling back to DejaVu Sans.
[2026-05-18 19:23:38,354][matplotlib.font_manager][WARNING] - findfont: Font family ['STIXGeneral'] not found. Falling back to DejaVu Sans.
[2026-05-18 19:23:38,357][matplotlib.font_manager][WARNING] - findfont: Font family ['STIXGeneral'] not found. Falling back to DejaVu Sans.
[2026-05-18 19:23:38,360][matplotlib.font_manager][WARNING] - findfont: Font family ['STIXNonUnicode'] not found. Falling back to DejaVu Sans.
[2026-05-18 19:23:38,362][matplotlib.font_manager][WARNING] - findfont: Font family ['STIXNonUnicode'] not found. Falling back to DejaVu Sans.
[2026-05-18 19:23:38,363][matplotlib.font_manager][WARNING] - findfont: Font family ['STIXNonUnicode'] not found. Falling back to DejaVu Sans.
[2026-05-18 19:23:38,365][matplotlib.font_manager][WARNING] - findfont: Font family ['STIXSizeOneSym'] not found. Falling back to DejaVu Sans.
[2026-05-18 19:23:38,366][matplotlib.font_manager][WARNING] - findfont: Font family ['STIXSizeTwoSym'] not found. Falling back to DejaVu Sans.
[2026-05-18 19:23:38,368][matplotlib.font_manager][WARNING] - findfont: Font family ['STIXSizeThreeSym'] not found. Falling back to DejaVu Sans.
[2026-05-18 19:23:38,369][matplotlib.font_manager][WARNING] - findfont: Font family ['STIXSizeFourSym'] not found. Falling back to DejaVu Sans.
[2026-05-18 19:23:38,371][matplotlib.font_manager][WARNING] - findfont: Font family ['STIXSizeFiveSym'] not found. Falling back to DejaVu Sans.
[2026-05-18 19:23:38,372][matplotlib.font_manager][WARNING] - findfont: Font family ['cmsy10'] not found. Falling back to DejaVu Sans.
[2026-05-18 19:23:38,374][matplotlib.font_manager][WARNING] - findfont: Font family ['cmr10'] not found. Falling back to DejaVu Sans.
[2026-05-18 19:23:38,375][matplotlib.font_manager][WARNING] - findfont: Font family ['cmtt10'] not found. Falling back to DejaVu Sans.
[2026-05-18 19:23:38,377][matplotlib.font_manager][WARNING] - findfont: Font family ['cmmi10'] not found. Falling back to DejaVu Sans.
[2026-05-18 19:23:38,378][matplotlib.font_manager][WARNING] - findfont: Font family ['cmb10'] not found. Falling back to DejaVu Sans.
[2026-05-18 19:23:38,380][matplotlib.font_manager][WARNING] - findfont: Font family ['cmss10'] not found. Falling back to DejaVu Sans.
[2026-05-18 19:23:38,381][matplotlib.font_manager][WARNING] - findfont: Font family ['cmex10'] not found. Falling back to DejaVu Sans.
[2026-05-18 19:23:38,390][matplotlib.font_manager][WARNING] - findfont: Font family ['DejaVu Sans Display'] not found. Falling back to DejaVu Sans.
[2026-05-18 22:40:06,810][matplotlib.font_manager][WARNING] - findfont: Font family ['STIXGeneral'] not found. Falling back to DejaVu Sans.
[2026-05-18 22:40:06,815][matplotlib.font_manager][WARNING] - findfont: Font family ['STIXGeneral'] not found. Falling back to DejaVu Sans.
[2026-05-18 22:40:06,818][matplotlib.font_manager][WARNING] - findfont: Font family ['STIXGeneral'] not found. Falling back to DejaVu Sans.
[2026-05-18 22:40:06,821][matplotlib.font_manager][WARNING] - findfont: Font family ['STIXGeneral'] not found. Falling back to DejaVu Sans.
[2026-05-18 22:40:06,825][matplotlib.font_manager][WARNING] - findfont: Font family ['STIXNonUnicode'] not found. Falling back to DejaVu Sans.
[2026-05-18 22:40:06,826][matplotlib.font_manager][WARNING] - findfont: Font family ['STIXNonUnicode'] not found. Falling back to DejaVu Sans.
[2026-05-18 22:40:06,829][matplotlib.font_manager][WARNING] - findfont: Font family ['STIXNonUnicode'] not found. Falling back to DejaVu Sans.
[2026-05-18 22:40:06,831][matplotlib.font_manager][WARNING] - findfont: Font family ['STIXSizeOneSym'] not found. Falling back to DejaVu Sans.
[2026-05-18 22:40:06,832][matplotlib.font_manager][WARNING] - findfont: Font family ['STIXSizeTwoSym'] not found. Falling back to DejaVu Sans.
[2026-05-18 22:40:06,834][matplotlib.font_manager][WARNING] - findfont: Font family ['STIXSizeThreeSym'] not found. Falling back to DejaVu Sans.
[2026-05-18 22:40:06,836][matplotlib.font_manager][WARNING] - findfont: Font family ['STIXSizeFourSym'] not found. Falling back to DejaVu Sans.
[2026-05-18 22:40:06,838][matplotlib.font_manager][WARNING] - findfont: Font family ['STIXSizeFiveSym'] not found. Falling back to DejaVu Sans.
[2026-05-18 22:40:06,839][matplotlib.font_manager][WARNING] - findfont: Font family ['cmsy10'] not found. Falling back to DejaVu Sans.
[2026-05-18 22:40:06,841][matplotlib.font_manager][WARNING] - findfont: Font family ['cmr10'] not found. Falling back to DejaVu Sans.
[2026-05-18 22:40:06,843][matplotlib.font_manager][WARNING] - findfont: Font family ['cmtt10'] not found. Falling back to DejaVu Sans.
[2026-05-18 22:40:06,845][matplotlib.font_manager][WARNING] - findfont: Font family ['cmmi10'] not found. Falling back to DejaVu Sans.
[2026-05-18 22:40:06,846][matplotlib.font_manager][WARNING] - findfont: Font family ['cmb10'] not found. Falling back to DejaVu Sans.
[2026-05-18 22:40:06,848][matplotlib.font_manager][WARNING] - findfont: Font family ['cmss10'] not found. Falling back to DejaVu Sans.
[2026-05-18 22:40:06,850][matplotlib.font_manager][WARNING] - findfont: Font family ['cmex10'] not found. Falling back to DejaVu Sans.
[2026-05-18 22:40:06,861][matplotlib.font_manager][WARNING] - findfont: Font family ['DejaVu Sans Display'] not found. Falling back to DejaVu Sans.
[2026-05-18 22:40:49,824][matplotlib.font_manager][WARNING] - findfont: Font family ['STIXGeneral'] not found. Falling back to DejaVu Sans.
[2026-05-18 22:40:49,827][matplotlib.font_manager][WARNING] - findfont: Font family ['STIXGeneral'] not found. Falling back to DejaVu Sans.
[2026-05-18 22:40:50,010][matplotlib.font_manager][WARNING] - findfont: Font family ['STIXGeneral'] not found. Falling back to DejaVu Sans.
[2026-05-18 22:40:50,013][matplotlib.font_manager][WARNING] - findfont: Font family ['STIXGeneral'] not found. Falling back to DejaVu Sans.
[2026-05-18 22:40:50,016][matplotlib.font_manager][WARNING] - findfont: Font family ['STIXNonUnicode'] not found. Falling back to DejaVu Sans.
[2026-05-18 22:40:50,018][matplotlib.font_manager][WARNING] - findfont: Font family ['STIXNonUnicode'] not found. Falling back to DejaVu Sans.
[2026-05-18 22:40:50,020][matplotlib.font_manager][WARNING] - findfont: Font family ['STIXNonUnicode'] not found. Falling back to DejaVu Sans.
[2026-05-18 22:40:50,022][matplotlib.font_manager][WARNING] - findfont: Font family ['STIXSizeOneSym'] not found. Falling back to DejaVu Sans.
[2026-05-18 22:40:50,023][matplotlib.font_manager][WARNING] - findfont: Font family ['STIXSizeTwoSym'] not found. Falling back to DejaVu Sans.
[2026-05-18 22:40:50,025][matplotlib.font_manager][WARNING] - findfont: Font family ['STIXSizeThreeSym'] not found. Falling back to DejaVu Sans.
[2026-05-18 22:40:50,027][matplotlib.font_manager][WARNING] - findfont: Font family ['STIXSizeFourSym'] not found. Falling back to DejaVu Sans.
[2026-05-18 22:40:50,028][matplotlib.font_manager][WARNING] - findfont: Font family ['STIXSizeFiveSym'] not found. Falling back to DejaVu Sans.
[2026-05-18 22:40:50,030][matplotlib.font_manager][WARNING] - findfont: Font family ['cmsy10'] not found. Falling back to DejaVu Sans.
[2026-05-18 22:40:50,031][matplotlib.font_manager][WARNING] - findfont: Font family ['cmr10'] not found. Falling back to DejaVu Sans.
[2026-05-18 22:40:50,033][matplotlib.font_manager][WARNING] - findfont: Font family ['cmtt10'] not found. Falling back to DejaVu Sans.
[2026-05-18 22:40:50,035][matplotlib.font_manager][WARNING] - findfont: Font family ['cmmi10'] not found. Falling back to DejaVu Sans.
[2026-05-18 22:40:50,045][matplotlib.font_manager][WARNING] - findfont: Font family ['cmb10'] not found. Falling back to DejaVu Sans.
[2026-05-18 22:40:50,047][matplotlib.font_manager][WARNING] - findfont: Font family ['cmss10'] not found. Falling back to DejaVu Sans.
[2026-05-18 22:40:50,048][matplotlib.font_manager][WARNING] - findfont: Font family ['cmex10'] not found. Falling back to DejaVu Sans.
[2026-05-18 22:40:50,058][matplotlib.font_manager][WARNING] - findfont: Font family ['DejaVu Sans Display'] not found. Falling back to DejaVu Sans.
[2026-05-19 07:59:47,785][matplotlib.font_manager][WARNING] - findfont: Font family ['STIXGeneral'] not found. Falling back to DejaVu Sans.
[2026-05-19 07:59:47,788][matplotlib.font_manager][WARNING] - findfont: Font family ['STIXGeneral'] not found. Falling back to DejaVu Sans.
[2026-05-19 07:59:47,791][matplotlib.font_manager][WARNING] - findfont: Font family ['STIXGeneral'] not found. Falling back to DejaVu Sans.
[2026-05-19 07:59:47,795][matplotlib.font_manager][WARNING] - findfont: Font family ['STIXGeneral'] not found. Falling back to DejaVu Sans.
[2026-05-19 07:59:47,798][matplotlib.font_manager][WARNING] - findfont: Font family ['STIXNonUnicode'] not found. Falling back to DejaVu Sans.
[2026-05-19 07:59:47,800][matplotlib.font_manager][WARNING] - findfont: Font family ['STIXNonUnicode'] not found. Falling back to DejaVu Sans.
[2026-05-19 07:59:47,801][matplotlib.font_manager][WARNING] - findfont: Font family ['STIXNonUnicode'] not found. Falling back to DejaVu Sans.
[2026-05-19 07:59:47,803][matplotlib.font_manager][WARNING] - findfont: Font family ['STIXSizeOneSym'] not found. Falling back to DejaVu Sans.
[2026-05-19 07:59:47,804][matplotlib.font_manager][WARNING] - findfont: Font family ['STIXSizeTwoSym'] not found. Falling back to DejaVu Sans.
[2026-05-19 07:59:47,806][matplotlib.font_manager][WARNING] - findfont: Font family ['STIXSizeThreeSym'] not found. Falling back to DejaVu Sans.
[2026-05-19 07:59:47,807][matplotlib.font_manager][WARNING] - findfont: Font family ['STIXSizeFourSym'] not found. Falling back to DejaVu Sans.
[2026-05-19 07:59:47,809][matplotlib.font_manager][WARNING] - findfont: Font family ['STIXSizeFiveSym'] not found. Falling back to DejaVu Sans.
[2026-05-19 07:59:47,810][matplotlib.font_manager][WARNING] - findfont: Font family ['cmsy10'] not found. Falling back to DejaVu Sans.
[2026-05-19 07:59:47,812][matplotlib.font_manager][WARNING] - findfont: Font family ['cmr10'] not found. Falling back to DejaVu Sans.
[2026-05-19 07:59:47,813][matplotlib.font_manager][WARNING] - findfont: Font family ['cmtt10'] not found. Falling back to DejaVu Sans.
[2026-05-19 07:59:47,815][matplotlib.font_manager][WARNING] - findfont: Font family ['cmmi10'] not found. Falling back to DejaVu Sans.
[2026-05-19 07:59:47,816][matplotlib.font_manager][WARNING] - findfont: Font family ['cmb10'] not found. Falling back to DejaVu Sans.
[2026-05-19 07:59:47,818][matplotlib.font_manager][WARNING] - findfont: Font family ['cmss10'] not found. Falling back to DejaVu Sans.
[2026-05-19 07:59:47,819][matplotlib.font_manager][WARNING] - findfont: Font family ['cmex10'] not found. Falling back to DejaVu Sans.
[2026-05-19 07:59:47,864][matplotlib.font_manager][WARNING] - findfont: Font family ['DejaVu Sans Display'] not found. Falling back to DejaVu Sans.
[2026-05-19 09:10:13,991][matplotlib.font_manager][WARNING] - findfont: Font family ['STIXGeneral'] not found. Falling back to DejaVu Sans.
[2026-05-19 09:10:13,996][matplotlib.font_manager][WARNING] - findfont: Font family ['STIXGeneral'] not found. Falling back to DejaVu Sans.
[2026-05-19 09:10:13,999][matplotlib.font_manager][WARNING] - findfont: Font family ['STIXGeneral'] not found. Falling back to DejaVu Sans.
[2026-05-19 09:10:14,002][matplotlib.font_manager][WARNING] - findfont: Font family ['STIXGeneral'] not found. Falling back to DejaVu Sans.
[2026-05-19 09:10:14,005][matplotlib.font_manager][WARNING] - findfont: Font family ['STIXNonUnicode'] not found. Falling back to DejaVu Sans.
[2026-05-19 09:10:14,006][matplotlib.font_manager][WARNING] - findfont: Font family ['STIXNonUnicode'] not found. Falling back to DejaVu Sans.
[2026-05-19 09:10:14,008][matplotlib.font_manager][WARNING] - findfont: Font family ['STIXNonUnicode'] not found. Falling back to DejaVu Sans.
[2026-05-19 09:10:14,009][matplotlib.font_manager][WARNING] - findfont: Font family ['STIXSizeOneSym'] not found. Falling back to DejaVu Sans.
[2026-05-19 09:10:14,011][matplotlib.font_manager][WARNING] - findfont: Font family ['STIXSizeTwoSym'] not found. Falling back to DejaVu Sans.
[2026-05-19 09:10:14,012][matplotlib.font_manager][WARNING] - findfont: Font family ['STIXSizeThreeSym'] not found. Falling back to DejaVu Sans.
[2026-05-19 09:10:14,014][matplotlib.font_manager][WARNING] - findfont: Font family ['STIXSizeFourSym'] not found. Falling back to DejaVu Sans.
[2026-05-19 09:10:14,015][matplotlib.font_manager][WARNING] - findfont: Font family ['STIXSizeFiveSym'] not found. Falling back to DejaVu Sans.
[2026-05-19 09:10:14,017][matplotlib.font_manager][WARNING] - findfont: Font family ['cmsy10'] not found. Falling back to DejaVu Sans.
[2026-05-19 09:10:14,018][matplotlib.font_manager][WARNING] - findfont: Font family ['cmr10'] not found. Falling back to DejaVu Sans.
[2026-05-19 09:10:14,020][matplotlib.font_manager][WARNING] - findfont: Font family ['cmtt10'] not found. Falling back to DejaVu Sans.
[2026-05-19 09:10:14,021][matplotlib.font_manager][WARNING] - findfont: Font family ['cmmi10'] not found. Falling back to DejaVu Sans.
[2026-05-19 09:10:14,023][matplotlib.font_manager][WARNING] - findfont: Font family ['cmb10'] not found. Falling back to DejaVu Sans.
[2026-05-19 09:10:14,024][matplotlib.font_manager][WARNING] - findfont: Font family ['cmss10'] not found. Falling back to DejaVu Sans.
[2026-05-19 09:10:14,026][matplotlib.font_manager][WARNING] - findfont: Font family ['cmex10'] not found. Falling back to DejaVu Sans.
[2026-05-19 09:10:14,035][matplotlib.font_manager][WARNING] - findfont: Font family ['DejaVu Sans Display'] not found. Falling back to DejaVu Sans.
[2026-05-19 09:13:25,882][matplotlib.font_manager][WARNING] - findfont: Font family ['STIXGeneral'] not found. Falling back to DejaVu Sans.
[2026-05-19 09:13:25,885][matplotlib.font_manager][WARNING] - findfont: Font family ['STIXGeneral'] not found. Falling back to DejaVu Sans.
[2026-05-19 09:13:25,888][matplotlib.font_manager][WARNING] - findfont: Font family ['STIXGeneral'] not found. Falling back to DejaVu Sans.
[2026-05-19 09:13:25,892][matplotlib.font_manager][WARNING] - findfont: Font family ['STIXGeneral'] not found. Falling back to DejaVu Sans.
[2026-05-19 09:13:25,895][matplotlib.font_manager][WARNING] - findfont: Font family ['STIXNonUnicode'] not found. Falling back to DejaVu Sans.
[2026-05-19 09:13:25,896][matplotlib.font_manager][WARNING] - findfont: Font family ['STIXNonUnicode'] not found. Falling back to DejaVu Sans.
[2026-05-19 09:13:25,898][matplotlib.font_manager][WARNING] - findfont: Font family ['STIXNonUnicode'] not found. Falling back to DejaVu Sans.
[2026-05-19 09:13:25,899][matplotlib.font_manager][WARNING] - findfont: Font family ['STIXSizeOneSym'] not found. Falling back to DejaVu Sans.
[2026-05-19 09:13:25,932][matplotlib.font_manager][WARNING] - findfont: Font family ['STIXSizeTwoSym'] not found. Falling back to DejaVu Sans.
[2026-05-19 09:13:25,934][matplotlib.font_manager][WARNING] - findfont: Font family ['STIXSizeThreeSym'] not found. Falling back to DejaVu Sans.
[2026-05-19 09:13:25,936][matplotlib.font_manager][WARNING] - findfont: Font family ['STIXSizeFourSym'] not found. Falling back to DejaVu Sans.
[2026-05-19 09:13:25,937][matplotlib.font_manager][WARNING] - findfont: Font family ['STIXSizeFiveSym'] not found. Falling back to DejaVu Sans.
[2026-05-19 09:13:25,939][matplotlib.font_manager][WARNING] - findfont: Font family ['cmsy10'] not found. Falling back to DejaVu Sans.
[2026-05-19 09:13:25,940][matplotlib.font_manager][WARNING] - findfont: Font family ['cmr10'] not found. Falling back to DejaVu Sans.
[2026-05-19 09:13:25,942][matplotlib.font_manager][WARNING] - findfont: Font family ['cmtt10'] not found. Falling back to DejaVu Sans.
[2026-05-19 09:13:25,943][matplotlib.font_manager][WARNING] - findfont: Font family ['cmmi10'] not found. Falling back to DejaVu Sans.
[2026-05-19 09:13:25,945][matplotlib.font_manager][WARNING] - findfont: Font family ['cmb10'] not found. Falling back to DejaVu Sans.
[2026-05-19 09:13:25,946][matplotlib.font_manager][WARNING] - findfont: Font family ['cmss10'] not found. Falling back to DejaVu Sans.
[2026-05-19 09:13:25,948][matplotlib.font_manager][WARNING] - findfont: Font family ['cmex10'] not found. Falling back to DejaVu Sans.
[2026-05-19 09:13:25,957][matplotlib.font_manager][WARNING] - findfont: Font family ['DejaVu Sans Display'] not found. Falling back to DejaVu Sans.
[2026-05-20 09:36:29,958][__main__][INFO] - Current working directory : /srv/storage/thoth1@storage4.grenoble.grid5000.fr/chalucas/codes/EXMILDPACO
[2026-05-20 09:36:29,959][__main__][INFO] - Host : vercors14-4.grenoble.grid5000.fr
[2026-05-20 09:39:53,595][__main__][INFO] - Current working directory : /srv/storage/thoth1@storage4.grenoble.grid5000.fr/chalucas/codes/EXMILDPACO
[2026-05-20 09:39:53,595][__main__][INFO] - Host : vercors14-4.grenoble.grid5000.fr
[2026-05-20 09:40:48,964][__main__][INFO] - Current working directory : /srv/storage/thoth1@storage4.grenoble.grid5000.fr/chalucas/codes/EXMILDPACO
[2026-05-20 09:40:48,965][__main__][INFO] - Host : vercors14-4.grenoble.grid5000.fr
[2026-05-20 09:43:08,390][__main__][INFO] - Current working directory : /srv/storage/thoth1@storage4.grenoble.grid5000.fr/chalucas/codes/EXMILDPACO
[2026-05-20 09:43:08,391][__main__][INFO] - Host : vercors9-7.grenoble.grid5000.fr
[2026-05-20 12:03:46,208][__main__][INFO] - Current working directory : /srv/storage/thoth1@storage4.grenoble.grid5000.fr/chalucas/codes/EXMILDPACO
[2026-05-20 12:03:46,208][__main__][INFO] - Host : vercors18-1.grenoble.grid5000.fr
[2026-05-20 13:32:30,136][__main__][INFO] - Current working directory : /srv/storage/thoth1@storage4.grenoble.grid5000.fr/chalucas/codes/EXMILDPACO
[2026-05-20 13:32:30,136][__main__][INFO] - Host : vercors14-3.grenoble.grid5000.fr
