path_folder=PosixPath('/srv/storage/thoth1@storage4.grenoble.grid5000.fr/chalucas/codes/EXMILDPACO/data/real_data/DISKS_IRDIS_CHARLES/HD_106906/2016-03-28/IRDIS/h2_h3/data')
Not using recentered data
Not using centered data
waffle_amplitude=0.03
(2, 70, 1024, 1024)
sorting vector not found
y.shape=(2, 70, 1024, 1024)
Using all channels
path_sources='/srv/storage/thoth1@storage4.grenoble.grid5000.fr/chalucas/codes/EXMILDPACO/data/real_data/DISKS_IRDIS_CHARLES/HD_106906/2016-03-28/IRDIS/h2_h3/data/sources_256_northaligned.csv'
No source file found
Loading checkpoint /srv/storage/thoth1@storage4.grenoble.grid5000.fr/chalucas/codes/EXMILDPACO/checkpoints_calib_exomild/checkpoints/exomild_H2/ckpt/ckpt_40000.pt
Conserved blocks : [0, 1, 2, 3, 4, 5, 6, 7, 8, 9, 10, 11]
Conserved weights : 176 out of 176
[ExoMILD] self.use_modelco_loss=False
i=0 params={'type': 'spatial', 'name': 'p8_s1', 'repeat': 1, 'patch_size': 8, 'stride': 4, 'dilation': 1, 'temporal_length': None, 'temporal_dilation': 1, 'temporal_stride': 1, 'dim_samples': 't l', 'dim_prefeatures': 'h w', 'denoise_mean': False, 'groups': 1, 'mode_ab': 'left', 'grad_params': True, 'use_dataparallel': False, 'batch_size': 256, 'low_memory_mode': False, 'symmetry': 1, 'params_pipeline': [{'type': 'linear', 'patch_wise': '${model.patch_wise}', 'size_in': 64, 'size_out': 64, 'learnable': '${model.learnable_proj}', 'is_identity': False}]}
params={'name': 'p8_s1', 'repeat': 1, 'patch_size': 8, 'stride': 4, 'dilation': 1, 'temporal_length': None, 'temporal_dilation': 1, 'temporal_stride': 1, 'dim_samples': 't l', 'dim_prefeatures': 'h w', 'denoise_mean': False, 'groups': 1, 'mode_ab': 'left', 'grad_params': True, 'use_dataparallel': False, 'batch_size': 256, 'low_memory_mode': False, 'symmetry': 1, 'params_pipeline': [{'type': 'linear', 'patch_wise': '${model.patch_wise}', 'size_in': 64, 'size_out': 64, 'learnable': '${model.learnable_proj}', 'is_identity': False}]}
[SpatialTerm] self.name='p8_s1'
[SpatialTerm] self.use_dataparallel=False
[SpatialTerm] self.dilation=1
[SpatialTerm] self.denoise_mean=False
[SpatialTerm] self.stat_model='gaussian'
[SpatialTerm] self.bsp=3969
[SpatialTerm] self.symmetry=1
[LinearFeatures] self.learnable=True
[FeaturesPipeline] self.transforms=ModuleList(
  (0): LinearFeatures()
)
[Engine] self.batch_size=256
[Engine] self.low_memory_mode=False
[Engine] self.grad_params=True
[Engine] self.low_memory_mode=False
[SpatialTerm] self.device_ids=[0]
[SpatialTerm] Not using DataParallel
[SpatialPatchesHandler (8)] spatial stride: 4
[SpatialPatchesHandler (8)] spatial patch_size: 8
i=1 params={'type': 'spatial', 'name': 'p8_s2', 'repeat': 1, 'patch_size': 8, 'stride': 4, 'dilation': 1, 'temporal_length': None, 'temporal_dilation': 1, 'temporal_stride': 1, 'dim_samples': 't l', 'dim_prefeatures': 'h w', 'groups': 1, 'mode_ab': 'left', 'grad_params': True, 'use_dataparallel': False, 'batch_size': 256, 'low_memory_mode': False, 'symmetry': 2, 'params_pipeline': [{'type': 'linear', 'patch_wise': '${model.patch_wise}', 'size_in': 128, 'size_out': 64, 'learnable': '${model.learnable_proj}', 'is_identity': False}]}
params={'name': 'p8_s2', 'repeat': 1, 'patch_size': 8, 'stride': 4, 'dilation': 1, 'temporal_length': None, 'temporal_dilation': 1, 'temporal_stride': 1, 'dim_samples': 't l', 'dim_prefeatures': 'h w', 'groups': 1, 'mode_ab': 'left', 'grad_params': True, 'use_dataparallel': False, 'batch_size': 256, 'low_memory_mode': False, 'symmetry': 2, 'params_pipeline': [{'type': 'linear', 'patch_wise': '${model.patch_wise}', 'size_in': 128, 'size_out': 64, 'learnable': '${model.learnable_proj}', 'is_identity': False}]}
[SpatialTerm] self.name='p8_s2'
[SpatialTerm] self.use_dataparallel=False
[SpatialTerm] self.dilation=1
[SpatialTerm] self.denoise_mean=False
[SpatialTerm] self.stat_model='gaussian'
[SpatialTerm] self.bsp=3969
[SpatialTerm] self.symmetry=2
[LinearFeatures] self.learnable=True
[FeaturesPipeline] self.transforms=ModuleList(
  (0): LinearFeatures()
)
[Engine] self.batch_size=256
[Engine] self.low_memory_mode=False
[Engine] self.grad_params=True
[Engine] self.low_memory_mode=False
[SpatialTerm] self.device_ids=[0]
[SpatialTerm] Not using DataParallel
[SpatialPatchesHandler (8)] spatial stride: 4
[SpatialPatchesHandler (8)] spatial patch_size: 8
i=2 params={'type': 'spatial', 'name': 'p8_s4', 'repeat': 1, 'patch_size': 8, 'stride': 4, 'dilation': 1, 'temporal_length': None, 'temporal_dilation': 1, 'temporal_stride': 1, 'dim_samples': 't l', 'dim_prefeatures': 'h w', 'groups': 1, 'mode_ab': 'left', 'grad_params': True, 'use_dataparallel': False, 'batch_size': 256, 'low_memory_mode': False, 'symmetry': 4, 'params_pipeline': [{'type': 'linear', 'patch_wise': '${model.patch_wise}', 'size_in': 256, 'size_out': 64, 'learnable': '${model.learnable_proj}', 'is_identity': False}]}
params={'name': 'p8_s4', 'repeat': 1, 'patch_size': 8, 'stride': 4, 'dilation': 1, 'temporal_length': None, 'temporal_dilation': 1, 'temporal_stride': 1, 'dim_samples': 't l', 'dim_prefeatures': 'h w', 'groups': 1, 'mode_ab': 'left', 'grad_params': True, 'use_dataparallel': False, 'batch_size': 256, 'low_memory_mode': False, 'symmetry': 4, 'params_pipeline': [{'type': 'linear', 'patch_wise': '${model.patch_wise}', 'size_in': 256, 'size_out': 64, 'learnable': '${model.learnable_proj}', 'is_identity': False}]}
[SpatialTerm] self.name='p8_s4'
[SpatialTerm] self.use_dataparallel=False
[SpatialTerm] self.dilation=1
[SpatialTerm] self.denoise_mean=False
[SpatialTerm] self.stat_model='gaussian'
[SpatialTerm] self.bsp=3969
[SpatialTerm] self.symmetry=4
[LinearFeatures] self.learnable=True
[FeaturesPipeline] self.transforms=ModuleList(
  (0): LinearFeatures()
)
[Engine] self.batch_size=256
[Engine] self.low_memory_mode=False
[Engine] self.grad_params=True
[Engine] self.low_memory_mode=False
[SpatialTerm] self.device_ids=[0]
[SpatialTerm] Not using DataParallel
[SpatialPatchesHandler (8)] spatial stride: 4
[SpatialPatchesHandler (8)] spatial patch_size: 8
i=3 params={'type': 'spatial', 'name': 'p16_s1', 'repeat': 1, 'patch_size': 16, 'stride': 8, 'dilation': 1, 'temporal_length': None, 'temporal_dilation': 1, 'temporal_stride': 1, 'dim_samples': 't l', 'dim_prefeatures': 'h w', 'groups': 1, 'mode_ab': 'left', 'grad_params': True, 'use_dataparallel': False, 'batch_size': 256, 'low_memory_mode': False, 'symmetry': 1, 'params_pipeline': [{'type': 'linear', 'patch_wise': '${model.patch_wise}', 'size_in': 256, 'size_out': 64, 'learnable': '${model.learnable_proj}', 'is_identity': False}]}
params={'name': 'p16_s1', 'repeat': 1, 'patch_size': 16, 'stride': 8, 'dilation': 1, 'temporal_length': None, 'temporal_dilation': 1, 'temporal_stride': 1, 'dim_samples': 't l', 'dim_prefeatures': 'h w', 'groups': 1, 'mode_ab': 'left', 'grad_params': True, 'use_dataparallel': False, 'batch_size': 256, 'low_memory_mode': False, 'symmetry': 1, 'params_pipeline': [{'type': 'linear', 'patch_wise': '${model.patch_wise}', 'size_in': 256, 'size_out': 64, 'learnable': '${model.learnable_proj}', 'is_identity': False}]}
[SpatialTerm] self.name='p16_s1'
[SpatialTerm] self.use_dataparallel=False
[SpatialTerm] self.dilation=1
[SpatialTerm] self.denoise_mean=False
[SpatialTerm] self.stat_model='gaussian'
[SpatialTerm] self.bsp=961
[SpatialTerm] self.symmetry=1
[LinearFeatures] self.learnable=True
[FeaturesPipeline] self.transforms=ModuleList(
  (0): LinearFeatures()
)
[Engine] self.batch_size=256
[Engine] self.low_memory_mode=False
[Engine] self.grad_params=True
[Engine] self.low_memory_mode=False
[SpatialTerm] self.device_ids=[0]
[SpatialTerm] Not using DataParallel
[SpatialPatchesHandler (16)] spatial stride: 8
[SpatialPatchesHandler (16)] spatial patch_size: 16
i=4 params={'type': 'spatial', 'name': 'p16_s2', 'repeat': 1, 'patch_size': 16, 'stride': 8, 'dilation': 1, 'temporal_length': None, 'temporal_dilation': 1, 'temporal_stride': 1, 'dim_samples': 't l', 'dim_prefeatures': 'h w', 'groups': 1, 'mode_ab': 'left', 'grad_params': True, 'use_dataparallel': False, 'batch_size': 256, 'low_memory_mode': False, 'symmetry': 2, 'params_pipeline': [{'type': 'linear', 'patch_wise': '${model.patch_wise}', 'size_in': 512, 'size_out': 64, 'learnable': '${model.learnable_proj}', 'is_identity': False}]}
params={'name': 'p16_s2', 'repeat': 1, 'patch_size': 16, 'stride': 8, 'dilation': 1, 'temporal_length': None, 'temporal_dilation': 1, 'temporal_stride': 1, 'dim_samples': 't l', 'dim_prefeatures': 'h w', 'groups': 1, 'mode_ab': 'left', 'grad_params': True, 'use_dataparallel': False, 'batch_size': 256, 'low_memory_mode': False, 'symmetry': 2, 'params_pipeline': [{'type': 'linear', 'patch_wise': '${model.patch_wise}', 'size_in': 512, 'size_out': 64, 'learnable': '${model.learnable_proj}', 'is_identity': False}]}
[SpatialTerm] self.name='p16_s2'
[SpatialTerm] self.use_dataparallel=False
[SpatialTerm] self.dilation=1
[SpatialTerm] self.denoise_mean=False
[SpatialTerm] self.stat_model='gaussian'
[SpatialTerm] self.bsp=961
[SpatialTerm] self.symmetry=2
[LinearFeatures] self.learnable=True
[FeaturesPipeline] self.transforms=ModuleList(
  (0): LinearFeatures()
)
[Engine] self.batch_size=256
[Engine] self.low_memory_mode=False
[Engine] self.grad_params=True
[Engine] self.low_memory_mode=False
[SpatialTerm] self.device_ids=[0]
[SpatialTerm] Not using DataParallel
[SpatialPatchesHandler (16)] spatial stride: 8
[SpatialPatchesHandler (16)] spatial patch_size: 16
i=5 params={'type': 'spatial', 'name': 'p16_s4', 'repeat': 1, 'patch_size': 16, 'stride': 8, 'dilation': 1, 'temporal_length': None, 'temporal_dilation': 1, 'temporal_stride': 1, 'dim_samples': 't l', 'dim_prefeatures': 'h w', 'groups': 1, 'mode_ab': 'left', 'grad_params': True, 'use_dataparallel': False, 'batch_size': 256, 'low_memory_mode': False, 'symmetry': 4, 'params_pipeline': [{'type': 'linear', 'patch_wise': '${model.patch_wise}', 'size_in': 1024, 'size_out': 64, 'learnable': '${model.learnable_proj}', 'is_identity': False}]}
params={'name': 'p16_s4', 'repeat': 1, 'patch_size': 16, 'stride': 8, 'dilation': 1, 'temporal_length': None, 'temporal_dilation': 1, 'temporal_stride': 1, 'dim_samples': 't l', 'dim_prefeatures': 'h w', 'groups': 1, 'mode_ab': 'left', 'grad_params': True, 'use_dataparallel': False, 'batch_size': 256, 'low_memory_mode': False, 'symmetry': 4, 'params_pipeline': [{'type': 'linear', 'patch_wise': '${model.patch_wise}', 'size_in': 1024, 'size_out': 64, 'learnable': '${model.learnable_proj}', 'is_identity': False}]}
[SpatialTerm] self.name='p16_s4'
[SpatialTerm] self.use_dataparallel=False
[SpatialTerm] self.dilation=1
[SpatialTerm] self.denoise_mean=False
[SpatialTerm] self.stat_model='gaussian'
[SpatialTerm] self.bsp=961
[SpatialTerm] self.symmetry=4
[LinearFeatures] self.learnable=True
[FeaturesPipeline] self.transforms=ModuleList(
  (0): LinearFeatures()
)
[Engine] self.batch_size=256
[Engine] self.low_memory_mode=False
[Engine] self.grad_params=True
[Engine] self.low_memory_mode=False
[SpatialTerm] self.device_ids=[0]
[SpatialTerm] Not using DataParallel
[SpatialPatchesHandler (16)] spatial stride: 8
[SpatialPatchesHandler (16)] spatial patch_size: 16
i=6 params={'type': 'spatial', 'name': 'p32_s1', 'repeat': 1, 'patch_size': 32, 'stride': 16, 'dilation': 1, 'temporal_length': None, 'temporal_dilation': 1, 'temporal_stride': 1, 'dim_samples': 't l', 'dim_prefeatures': 'h w', 'groups': 1, 'mode_ab': 'left', 'grad_params': True, 'use_dataparallel': False, 'batch_size': 256, 'low_memory_mode': False, 'symmetry': 1, 'params_pipeline': [{'type': 'linear', 'patch_wise': '${model.patch_wise}', 'size_in': 1024, 'size_out': 64, 'learnable': '${model.learnable_proj}', 'is_identity': False}]}
params={'name': 'p32_s1', 'repeat': 1, 'patch_size': 32, 'stride': 16, 'dilation': 1, 'temporal_length': None, 'temporal_dilation': 1, 'temporal_stride': 1, 'dim_samples': 't l', 'dim_prefeatures': 'h w', 'groups': 1, 'mode_ab': 'left', 'grad_params': True, 'use_dataparallel': False, 'batch_size': 256, 'low_memory_mode': False, 'symmetry': 1, 'params_pipeline': [{'type': 'linear', 'patch_wise': '${model.patch_wise}', 'size_in': 1024, 'size_out': 64, 'learnable': '${model.learnable_proj}', 'is_identity': False}]}
[SpatialTerm] self.name='p32_s1'
[SpatialTerm] self.use_dataparallel=False
[SpatialTerm] self.dilation=1
[SpatialTerm] self.denoise_mean=False
[SpatialTerm] self.stat_model='gaussian'
[SpatialTerm] self.bsp=225
[SpatialTerm] self.symmetry=1
[LinearFeatures] self.learnable=True
[FeaturesPipeline] self.transforms=ModuleList(
  (0): LinearFeatures()
)
[Engine] self.batch_size=256
[Engine] self.low_memory_mode=False
[Engine] self.grad_params=True
[Engine] self.low_memory_mode=False
[SpatialTerm] self.device_ids=[0]
[SpatialTerm] Not using DataParallel
[SpatialPatchesHandler (32)] spatial stride: 16
[SpatialPatchesHandler (32)] spatial patch_size: 32
i=7 params={'type': 'spatial', 'name': 'p32_s2', 'repeat': 1, 'patch_size': 32, 'stride': 16, 'dilation': 1, 'temporal_length': None, 'temporal_dilation': 1, 'temporal_stride': 1, 'dim_samples': 't l', 'dim_prefeatures': 'h w', 'groups': 1, 'mode_ab': 'left', 'grad_params': True, 'use_dataparallel': False, 'batch_size': None, 'low_memory_mode': False, 'symmetry': 2, 'params_pipeline': [{'type': 'linear', 'patch_wise': '${model.patch_wise}', 'size_in': 2048, 'size_out': 64, 'learnable': '${model.learnable_proj}', 'is_identity': False}]}
params={'name': 'p32_s2', 'repeat': 1, 'patch_size': 32, 'stride': 16, 'dilation': 1, 'temporal_length': None, 'temporal_dilation': 1, 'temporal_stride': 1, 'dim_samples': 't l', 'dim_prefeatures': 'h w', 'groups': 1, 'mode_ab': 'left', 'grad_params': True, 'use_dataparallel': False, 'batch_size': None, 'low_memory_mode': False, 'symmetry': 2, 'params_pipeline': [{'type': 'linear', 'patch_wise': '${model.patch_wise}', 'size_in': 2048, 'size_out': 64, 'learnable': '${model.learnable_proj}', 'is_identity': False}]}
[SpatialTerm] self.name='p32_s2'
[SpatialTerm] self.use_dataparallel=False
[SpatialTerm] self.dilation=1
[SpatialTerm] self.denoise_mean=False
[SpatialTerm] self.stat_model='gaussian'
[SpatialTerm] self.bsp=225
[SpatialTerm] self.symmetry=2
[LinearFeatures] self.learnable=True
[FeaturesPipeline] self.transforms=ModuleList(
  (0): LinearFeatures()
)
[Engine] self.batch_size=None
[Engine] self.low_memory_mode=False
[Engine] self.grad_params=True
[Engine] self.low_memory_mode=False
[SpatialTerm] self.device_ids=[0]
[SpatialTerm] Not using DataParallel
[SpatialPatchesHandler (32)] spatial stride: 16
[SpatialPatchesHandler (32)] spatial patch_size: 32
i=8 params={'type': 'spatial', 'name': 'p32_s4', 'repeat': 1, 'patch_size': 32, 'stride': 16, 'dilation': 1, 'temporal_length': None, 'temporal_dilation': 1, 'temporal_stride': 1, 'dim_samples': 't l', 'dim_prefeatures': 'h w', 'groups': 1, 'mode_ab': 'left', 'grad_params': True, 'use_dataparallel': False, 'batch_size': 256, 'low_memory_mode': False, 'symmetry': 4, 'params_pipeline': [{'type': 'linear', 'patch_wise': '${model.patch_wise}', 'size_in': 4096, 'size_out': 64, 'learnable': '${model.learnable_proj}', 'is_identity': False}]}
params={'name': 'p32_s4', 'repeat': 1, 'patch_size': 32, 'stride': 16, 'dilation': 1, 'temporal_length': None, 'temporal_dilation': 1, 'temporal_stride': 1, 'dim_samples': 't l', 'dim_prefeatures': 'h w', 'groups': 1, 'mode_ab': 'left', 'grad_params': True, 'use_dataparallel': False, 'batch_size': 256, 'low_memory_mode': False, 'symmetry': 4, 'params_pipeline': [{'type': 'linear', 'patch_wise': '${model.patch_wise}', 'size_in': 4096, 'size_out': 64, 'learnable': '${model.learnable_proj}', 'is_identity': False}]}
[SpatialTerm] self.name='p32_s4'
[SpatialTerm] self.use_dataparallel=False
[SpatialTerm] self.dilation=1
[SpatialTerm] self.denoise_mean=False
[SpatialTerm] self.stat_model='gaussian'
[SpatialTerm] self.bsp=225
[SpatialTerm] self.symmetry=4
[LinearFeatures] self.learnable=True
[FeaturesPipeline] self.transforms=ModuleList(
  (0): LinearFeatures()
)
[Engine] self.batch_size=256
[Engine] self.low_memory_mode=False
[Engine] self.grad_params=True
[Engine] self.low_memory_mode=False
[SpatialTerm] self.device_ids=[0]
[SpatialTerm] Not using DataParallel
[SpatialPatchesHandler (32)] spatial stride: 16
[SpatialPatchesHandler (32)] spatial patch_size: 32
i=9 params={'type': 'spatial', 'name': 'p64_s1', 'repeat': 1, 'patch_size': 64, 'stride': 32, 'dilation': 1, 'temporal_length': None, 'temporal_dilation': 1, 'temporal_stride': 1, 'dim_samples': 't l', 'dim_prefeatures': 'h w', 'groups': 1, 'mode_ab': 'left', 'grad_params': True, 'use_dataparallel': False, 'batch_size': 256, 'low_memory_mode': False, 'symmetry': 1, 'params_pipeline': [{'type': 'linear', 'patch_wise': '${model.patch_wise}', 'size_in': 4096, 'size_out': 64, 'learnable': '${model.learnable_proj}', 'is_identity': False}]}
params={'name': 'p64_s1', 'repeat': 1, 'patch_size': 64, 'stride': 32, 'dilation': 1, 'temporal_length': None, 'temporal_dilation': 1, 'temporal_stride': 1, 'dim_samples': 't l', 'dim_prefeatures': 'h w', 'groups': 1, 'mode_ab': 'left', 'grad_params': True, 'use_dataparallel': False, 'batch_size': 256, 'low_memory_mode': False, 'symmetry': 1, 'params_pipeline': [{'type': 'linear', 'patch_wise': '${model.patch_wise}', 'size_in': 4096, 'size_out': 64, 'learnable': '${model.learnable_proj}', 'is_identity': False}]}
[SpatialTerm] self.name='p64_s1'
[SpatialTerm] self.use_dataparallel=False
[SpatialTerm] self.dilation=1
[SpatialTerm] self.denoise_mean=False
[SpatialTerm] self.stat_model='gaussian'
[SpatialTerm] self.bsp=49
[SpatialTerm] self.symmetry=1
[LinearFeatures] self.learnable=True
[FeaturesPipeline] self.transforms=ModuleList(
  (0): LinearFeatures()
)
[Engine] self.batch_size=256
[Engine] self.low_memory_mode=False
[Engine] self.grad_params=True
[Engine] self.low_memory_mode=False
[SpatialTerm] self.device_ids=[0]
[SpatialTerm] Not using DataParallel
[SpatialPatchesHandler (64)] spatial stride: 32
[SpatialPatchesHandler (64)] spatial patch_size: 64
i=10 params={'type': 'spatial', 'name': 'p64_s2', 'repeat': 1, 'patch_size': 64, 'stride': 32, 'dilation': 1, 'temporal_length': None, 'temporal_dilation': 1, 'temporal_stride': 1, 'dim_samples': 't l', 'dim_prefeatures': 'h w', 'groups': 1, 'mode_ab': 'left', 'grad_params': True, 'use_dataparallel': False, 'batch_size': 256, 'low_memory_mode': False, 'symmetry': 2, 'params_pipeline': [{'type': 'linear', 'patch_wise': '${model.patch_wise}', 'size_in': 8192, 'size_out': 64, 'learnable': '${model.learnable_proj}', 'is_identity': False}]}
params={'name': 'p64_s2', 'repeat': 1, 'patch_size': 64, 'stride': 32, 'dilation': 1, 'temporal_length': None, 'temporal_dilation': 1, 'temporal_stride': 1, 'dim_samples': 't l', 'dim_prefeatures': 'h w', 'groups': 1, 'mode_ab': 'left', 'grad_params': True, 'use_dataparallel': False, 'batch_size': 256, 'low_memory_mode': False, 'symmetry': 2, 'params_pipeline': [{'type': 'linear', 'patch_wise': '${model.patch_wise}', 'size_in': 8192, 'size_out': 64, 'learnable': '${model.learnable_proj}', 'is_identity': False}]}
[SpatialTerm] self.name='p64_s2'
[SpatialTerm] self.use_dataparallel=False
[SpatialTerm] self.dilation=1
[SpatialTerm] self.denoise_mean=False
[SpatialTerm] self.stat_model='gaussian'
[SpatialTerm] self.bsp=49
[SpatialTerm] self.symmetry=2
[LinearFeatures] self.learnable=True
[FeaturesPipeline] self.transforms=ModuleList(
  (0): LinearFeatures()
)
[Engine] self.batch_size=256
[Engine] self.low_memory_mode=False
[Engine] self.grad_params=True
[Engine] self.low_memory_mode=False
[SpatialTerm] self.device_ids=[0]
[SpatialTerm] Not using DataParallel
[SpatialPatchesHandler (64)] spatial stride: 32
[SpatialPatchesHandler (64)] spatial patch_size: 64
i=11 params={'type': 'spatial', 'name': 'p64_s2', 'repeat': 1, 'patch_size': 64, 'stride': 32, 'dilation': 1, 'temporal_length': None, 'temporal_dilation': 1, 'temporal_stride': 1, 'dim_samples': 't l', 'dim_prefeatures': 'h w', 'groups': 1, 'mode_ab': 'left', 'grad_params': True, 'use_dataparallel': False, 'batch_size': 256, 'low_memory_mode': False, 'symmetry': 4, 'params_pipeline': [{'type': 'linear', 'patch_wise': '${model.patch_wise}', 'size_in': 16384, 'size_out': 64, 'learnable': '${model.learnable_proj}', 'is_identity': False}]}
params={'name': 'p64_s2', 'repeat': 1, 'patch_size': 64, 'stride': 32, 'dilation': 1, 'temporal_length': None, 'temporal_dilation': 1, 'temporal_stride': 1, 'dim_samples': 't l', 'dim_prefeatures': 'h w', 'groups': 1, 'mode_ab': 'left', 'grad_params': True, 'use_dataparallel': False, 'batch_size': 256, 'low_memory_mode': False, 'symmetry': 4, 'params_pipeline': [{'type': 'linear', 'patch_wise': '${model.patch_wise}', 'size_in': 16384, 'size_out': 64, 'learnable': '${model.learnable_proj}', 'is_identity': False}]}
[SpatialTerm] self.name='p64_s2'
[SpatialTerm] self.use_dataparallel=False
[SpatialTerm] self.dilation=1
[SpatialTerm] self.denoise_mean=False
[SpatialTerm] self.stat_model='gaussian'
[SpatialTerm] self.bsp=49
[SpatialTerm] self.symmetry=4
[LinearFeatures] self.learnable=True
[FeaturesPipeline] self.transforms=ModuleList(
  (0): LinearFeatures()
)
[Engine] self.batch_size=256
[Engine] self.low_memory_mode=False
[Engine] self.grad_params=True
[Engine] self.low_memory_mode=False
[SpatialTerm] self.device_ids=[0]
[SpatialTerm] Not using DataParallel
[SpatialPatchesHandler (64)] spatial stride: 32
[SpatialPatchesHandler (64)] spatial patch_size: 64
[ExoMILD] self.G_tot=12
all_terms=[SpatialTerm(
  (engine): EngineSpatial(
    (features_pipeline): FeaturesPipeline(
      (transforms): ModuleList(
        (0): LinearFeatures()
      )
    )
    (psf_sampler_shift): BatchPSFSampler()
    (psf_sampler_center): BatchPSFSampler()
  )
  (patch_formatter): PatchFormatter()
  (wavelength_aligner): WavelengthAligner()
), SpatialTerm(
  (engine): EngineSpatial(
    (features_pipeline): FeaturesPipeline(
      (transforms): ModuleList(
        (0): LinearFeatures()
      )
    )
    (psf_sampler_shift): BatchPSFSampler()
    (psf_sampler_center): BatchPSFSampler()
  )
  (patch_formatter): PatchFormatter()
  (wavelength_aligner): WavelengthAligner()
), SpatialTerm(
  (engine): EngineSpatial(
    (features_pipeline): FeaturesPipeline(
      (transforms): ModuleList(
        (0): LinearFeatures()
      )
    )
    (psf_sampler_shift): BatchPSFSampler()
    (psf_sampler_center): BatchPSFSampler()
  )
  (patch_formatter): PatchFormatter()
  (wavelength_aligner): WavelengthAligner()
), SpatialTerm(
  (engine): EngineSpatial(
    (features_pipeline): FeaturesPipeline(
      (transforms): ModuleList(
        (0): LinearFeatures()
      )
    )
    (psf_sampler_shift): BatchPSFSampler()
    (psf_sampler_center): BatchPSFSampler()
  )
  (patch_formatter): PatchFormatter()
  (wavelength_aligner): WavelengthAligner()
), SpatialTerm(
  (engine): EngineSpatial(
    (features_pipeline): FeaturesPipeline(
      (transforms): ModuleList(
        (0): LinearFeatures()
      )
    )
    (psf_sampler_shift): BatchPSFSampler()
    (psf_sampler_center): BatchPSFSampler()
  )
  (patch_formatter): PatchFormatter()
  (wavelength_aligner): WavelengthAligner()
), SpatialTerm(
  (engine): EngineSpatial(
    (features_pipeline): FeaturesPipeline(
      (transforms): ModuleList(
        (0): LinearFeatures()
      )
    )
    (psf_sampler_shift): BatchPSFSampler()
    (psf_sampler_center): BatchPSFSampler()
  )
  (patch_formatter): PatchFormatter()
  (wavelength_aligner): WavelengthAligner()
), SpatialTerm(
  (engine): EngineSpatial(
    (features_pipeline): FeaturesPipeline(
      (transforms): ModuleList(
        (0): LinearFeatures()
      )
    )
    (psf_sampler_shift): BatchPSFSampler()
    (psf_sampler_center): BatchPSFSampler()
  )
  (patch_formatter): PatchFormatter()
  (wavelength_aligner): WavelengthAligner()
), SpatialTerm(
  (engine): EngineSpatial(
    (features_pipeline): FeaturesPipeline(
      (transforms): ModuleList(
        (0): LinearFeatures()
      )
    )
    (psf_sampler_shift): BatchPSFSampler()
    (psf_sampler_center): BatchPSFSampler()
  )
  (patch_formatter): PatchFormatter()
  (wavelength_aligner): WavelengthAligner()
), SpatialTerm(
  (engine): EngineSpatial(
    (features_pipeline): FeaturesPipeline(
      (transforms): ModuleList(
        (0): LinearFeatures()
      )
    )
    (psf_sampler_shift): BatchPSFSampler()
    (psf_sampler_center): BatchPSFSampler()
  )
  (patch_formatter): PatchFormatter()
  (wavelength_aligner): WavelengthAligner()
), SpatialTerm(
  (engine): EngineSpatial(
    (features_pipeline): FeaturesPipeline(
      (transforms): ModuleList(
        (0): LinearFeatures()
      )
    )
    (psf_sampler_shift): BatchPSFSampler()
    (psf_sampler_center): BatchPSFSampler()
  )
  (patch_formatter): PatchFormatter()
  (wavelength_aligner): WavelengthAligner()
), SpatialTerm(
  (engine): EngineSpatial(
    (features_pipeline): FeaturesPipeline(
      (transforms): ModuleList(
        (0): LinearFeatures()
      )
    )
    (psf_sampler_shift): BatchPSFSampler()
    (psf_sampler_center): BatchPSFSampler()
  )
  (patch_formatter): PatchFormatter()
  (wavelength_aligner): WavelengthAligner()
), SpatialTerm(
  (engine): EngineSpatial(
    (features_pipeline): FeaturesPipeline(
      (transforms): ModuleList(
        (0): LinearFeatures()
      )
    )
    (psf_sampler_shift): BatchPSFSampler()
    (psf_sampler_center): BatchPSFSampler()
  )
  (patch_formatter): PatchFormatter()
  (wavelength_aligner): WavelengthAligner()
)]
[ExoMILD] self.learnable_weights=True
[ExoMILD] self.pixel_wise_weights=True
[ExoMILD] self.use_local_max=False
[ExoMILD] self.n_sources_max=16
[ExoMILD] self.iterative=False
[ExoMILD] self.oracle=False
[Filter] self.is_residual=False
[Filter] self.gate_type='unet_normal'
[U-Net] self.skip_norm=False
[UNet] False
[ExoMILD] linalg_library='cusolver'
[ExoMILD] self.grad_iterative=True
[ExoMILD] self.grad_astrometry=False
N params model: 3.783 M
ExoMILD(
  (all_terms): ModuleList(
    (0-11): 12 x SpatialTerm(
      (engine): EngineSpatial(
        (features_pipeline): FeaturesPipeline(
          (transforms): ModuleList(
            (0): LinearFeatures()
          )
        )
        (psf_sampler_shift): BatchPSFSampler()
        (psf_sampler_center): BatchPSFSampler()
      )
      (patch_formatter): PatchFormatter()
      (wavelength_aligner): WavelengthAligner()
    )
  )
  (filter): Filter(
    (psf_sampler_center): BatchPSFSampler()
    (unet): UNet(
      (image_proj): Conv2d(2, 16, kernel_size=(3, 3), stride=(1, 1), padding=(1, 1))
      (time_emb): TimeEmbedding(
        (lin1): Linear(in_features=16, out_features=64, bias=True)
        (act): Swish()
        (lin2): Linear(in_features=64, out_features=64, bias=True)
      )
      (down): ModuleList(
        (0): DownBlock(
          (res): ResidualBlock(
            (norm1): GroupNorm(16, 16, eps=1e-05, affine=True)
            (norm2): GroupNorm(16, 16, eps=1e-05, affine=True)
            (act1): Swish()
            (conv1): Conv2d(16, 16, kernel_size=(3, 3), stride=(1, 1), padding=(1, 1))
            (act2): Swish()
            (conv2): Conv2d(16, 16, kernel_size=(3, 3), stride=(1, 1), padding=(1, 1))
            (shortcut): Identity()
            (time_emb): Linear(in_features=64, out_features=16, bias=True)
            (time_act): Swish()
            (dropout): Dropout(p=0.1, inplace=False)
          )
          (attn): Identity()
        )
        (1): Downsample(
          (conv): Conv2d(16, 16, kernel_size=(3, 3), stride=(2, 2), padding=(1, 1))
        )
        (2): DownBlock(
          (res): ResidualBlock(
            (norm1): GroupNorm(16, 16, eps=1e-05, affine=True)
            (norm2): GroupNorm(16, 32, eps=1e-05, affine=True)
            (act1): Swish()
            (conv1): Conv2d(16, 32, kernel_size=(3, 3), stride=(1, 1), padding=(1, 1))
            (act2): Swish()
            (conv2): Conv2d(32, 32, kernel_size=(3, 3), stride=(1, 1), padding=(1, 1))
            (shortcut): Conv2d(16, 32, kernel_size=(1, 1), stride=(1, 1))
            (time_emb): Linear(in_features=64, out_features=32, bias=True)
            (time_act): Swish()
            (dropout): Dropout(p=0.1, inplace=False)
          )
          (attn): Identity()
        )
        (3): Downsample(
          (conv): Conv2d(32, 32, kernel_size=(3, 3), stride=(2, 2), padding=(1, 1))
        )
        (4): DownBlock(
          (res): ResidualBlock(
            (norm1): GroupNorm(16, 32, eps=1e-05, affine=True)
            (norm2): GroupNorm(16, 64, eps=1e-05, affine=True)
            (act1): Swish()
            (conv1): Conv2d(32, 64, kernel_size=(3, 3), stride=(1, 1), padding=(1, 1))
            (act2): Swish()
            (conv2): Conv2d(64, 64, kernel_size=(3, 3), stride=(1, 1), padding=(1, 1))
            (shortcut): Conv2d(32, 64, kernel_size=(1, 1), stride=(1, 1))
            (time_emb): Linear(in_features=64, out_features=64, bias=True)
            (time_act): Swish()
            (dropout): Dropout(p=0.1, inplace=False)
          )
          (attn): AttentionBlock(
            (norm): GroupNorm(16, 64, eps=1e-05, affine=True)
            (projection): Linear(in_features=64, out_features=192, bias=True)
            (output): Linear(in_features=64, out_features=64, bias=True)
          )
        )
      )
      (middle): MiddleBlock(
        (res1): ResidualBlock(
          (norm1): GroupNorm(16, 64, eps=1e-05, affine=True)
          (norm2): GroupNorm(16, 64, eps=1e-05, affine=True)
          (act1): Swish()
          (conv1): Conv2d(64, 64, kernel_size=(3, 3), stride=(1, 1), padding=(1, 1))
          (act2): Swish()
          (conv2): Conv2d(64, 64, kernel_size=(3, 3), stride=(1, 1), padding=(1, 1))
          (shortcut): Identity()
          (time_emb): Linear(in_features=64, out_features=64, bias=True)
          (time_act): Swish()
          (dropout): Dropout(p=0.1, inplace=False)
        )
        (attn): AttentionBlock(
          (norm): GroupNorm(16, 64, eps=1e-05, affine=True)
          (projection): Linear(in_features=64, out_features=192, bias=True)
          (output): Linear(in_features=64, out_features=64, bias=True)
        )
        (res2): ResidualBlock(
          (norm1): GroupNorm(16, 64, eps=1e-05, affine=True)
          (norm2): GroupNorm(16, 64, eps=1e-05, affine=True)
          (act1): Swish()
          (conv1): Conv2d(64, 64, kernel_size=(3, 3), stride=(1, 1), padding=(1, 1))
          (act2): Swish()
          (conv2): Conv2d(64, 64, kernel_size=(3, 3), stride=(1, 1), padding=(1, 1))
          (shortcut): Identity()
          (time_emb): Linear(in_features=64, out_features=64, bias=True)
          (time_act): Swish()
          (dropout): Dropout(p=0.1, inplace=False)
        )
      )
      (up): ModuleList(
        (0): UpBlock(
          (res): ResidualBlock(
            (norm1): GroupNorm(16, 128, eps=1e-05, affine=True)
            (norm2): GroupNorm(16, 64, eps=1e-05, affine=True)
            (act1): Swish()
            (conv1): Conv2d(128, 64, kernel_size=(3, 3), stride=(1, 1), padding=(1, 1))
            (act2): Swish()
            (conv2): Conv2d(64, 64, kernel_size=(3, 3), stride=(1, 1), padding=(1, 1))
            (shortcut): Conv2d(128, 64, kernel_size=(1, 1), stride=(1, 1))
            (time_emb): Linear(in_features=64, out_features=64, bias=True)
            (time_act): Swish()
            (dropout): Dropout(p=0.1, inplace=False)
          )
          (attn): AttentionBlock(
            (norm): GroupNorm(16, 64, eps=1e-05, affine=True)
            (projection): Linear(in_features=64, out_features=192, bias=True)
            (output): Linear(in_features=64, out_features=64, bias=True)
          )
        )
        (1): UpBlock(
          (res): ResidualBlock(
            (norm1): GroupNorm(16, 96, eps=1e-05, affine=True)
            (norm2): GroupNorm(16, 32, eps=1e-05, affine=True)
            (act1): Swish()
            (conv1): Conv2d(96, 32, kernel_size=(3, 3), stride=(1, 1), padding=(1, 1))
            (act2): Swish()
            (conv2): Conv2d(32, 32, kernel_size=(3, 3), stride=(1, 1), padding=(1, 1))
            (shortcut): Conv2d(96, 32, kernel_size=(1, 1), stride=(1, 1))
            (time_emb): Linear(in_features=64, out_features=32, bias=True)
            (time_act): Swish()
            (dropout): Dropout(p=0.1, inplace=False)
          )
          (attn): AttentionBlock(
            (norm): GroupNorm(16, 32, eps=1e-05, affine=True)
            (projection): Linear(in_features=32, out_features=96, bias=True)
            (output): Linear(in_features=32, out_features=32, bias=True)
          )
        )
        (2): Upsample(
          (conv): ConvTranspose2d(32, 32, kernel_size=(4, 4), stride=(2, 2), padding=(1, 1))
        )
        (3): UpBlock(
          (res): ResidualBlock(
            (norm1): GroupNorm(16, 64, eps=1e-05, affine=True)
            (norm2): GroupNorm(16, 32, eps=1e-05, affine=True)
            (act1): Swish()
            (conv1): Conv2d(64, 32, kernel_size=(3, 3), stride=(1, 1), padding=(1, 1))
            (act2): Swish()
            (conv2): Conv2d(32, 32, kernel_size=(3, 3), stride=(1, 1), padding=(1, 1))
            (shortcut): Conv2d(64, 32, kernel_size=(1, 1), stride=(1, 1))
            (time_emb): Linear(in_features=64, out_features=32, bias=True)
            (time_act): Swish()
            (dropout): Dropout(p=0.1, inplace=False)
          )
          (attn): Identity()
        )
        (4): UpBlock(
          (res): ResidualBlock(
            (norm1): GroupNorm(16, 48, eps=1e-05, affine=True)
            (norm2): GroupNorm(16, 16, eps=1e-05, affine=True)
            (act1): Swish()
            (conv1): Conv2d(48, 16, kernel_size=(3, 3), stride=(1, 1), padding=(1, 1))
            (act2): Swish()
            (conv2): Conv2d(16, 16, kernel_size=(3, 3), stride=(1, 1), padding=(1, 1))
            (shortcut): Conv2d(48, 16, kernel_size=(1, 1), stride=(1, 1))
            (time_emb): Linear(in_features=64, out_features=16, bias=True)
            (time_act): Swish()
            (dropout): Dropout(p=0.1, inplace=False)
          )
          (attn): Identity()
        )
        (5): Upsample(
          (conv): ConvTranspose2d(16, 16, kernel_size=(4, 4), stride=(2, 2), padding=(1, 1))
        )
        (6-7): 2 x UpBlock(
          (res): ResidualBlock(
            (norm1): GroupNorm(16, 32, eps=1e-05, affine=True)
            (norm2): GroupNorm(16, 16, eps=1e-05, affine=True)
            (act1): Swish()
            (conv1): Conv2d(32, 16, kernel_size=(3, 3), stride=(1, 1), padding=(1, 1))
            (act2): Swish()
            (conv2): Conv2d(16, 16, kernel_size=(3, 3), stride=(1, 1), padding=(1, 1))
            (shortcut): Conv2d(32, 16, kernel_size=(1, 1), stride=(1, 1))
            (time_emb): Linear(in_features=64, out_features=16, bias=True)
            (time_act): Swish()
            (dropout): Dropout(p=0.1, inplace=False)
          )
          (attn): Identity()
        )
      )
      (norm): GroupNorm(8, 16, eps=1e-05, affine=True)
      (act): Swish()
      (final): Conv2d(16, 2, kernel_size=(3, 3), stride=(1, 1), padding=(1, 1))
    )
  )
  (psf_sampler_center): BatchPSFSampler()
  (injector): Injector(
    (psf_sampler_shift): BatchPSFSampler()
  )
  (local_masker): LocalMasker()
)
[ExoMILD] self.use_modelco_loss=False
i=0 params={'type': 'spatial', 'name': 'p8_s1', 'repeat': 1, 'patch_size': 8, 'stride': 4, 'dilation': 1, 'temporal_length': None, 'temporal_dilation': 1, 'temporal_stride': 1, 'dim_samples': 't l', 'dim_prefeatures': 'h w', 'denoise_mean': False, 'groups': 1, 'mode_ab': 'left', 'grad_params': True, 'use_dataparallel': False, 'batch_size': 256, 'low_memory_mode': False, 'symmetry': 1, 'params_pipeline': [{'type': 'linear', 'patch_wise': '${model.patch_wise}', 'size_in': 64, 'size_out': 64, 'learnable': '${model.learnable_proj}', 'is_identity': False}]}
params={'name': 'p8_s1', 'repeat': 1, 'patch_size': 8, 'stride': 4, 'dilation': 1, 'temporal_length': None, 'temporal_dilation': 1, 'temporal_stride': 1, 'dim_samples': 't l', 'dim_prefeatures': 'h w', 'denoise_mean': False, 'groups': 1, 'mode_ab': 'left', 'grad_params': True, 'use_dataparallel': False, 'batch_size': 256, 'low_memory_mode': False, 'symmetry': 1, 'params_pipeline': [{'type': 'linear', 'patch_wise': '${model.patch_wise}', 'size_in': 64, 'size_out': 64, 'learnable': '${model.learnable_proj}', 'is_identity': False}]}
[SpatialTerm] self.name='p8_s1'
[SpatialTerm] self.use_dataparallel=False
[SpatialTerm] self.dilation=1
[SpatialTerm] self.denoise_mean=False
[SpatialTerm] self.stat_model='gaussian'
[SpatialTerm] self.bsp=3969
[SpatialTerm] self.symmetry=1
[LinearFeatures] self.learnable=True
[FeaturesPipeline] self.transforms=ModuleList(
  (0): LinearFeatures()
)
[Engine] self.batch_size=256
[Engine] self.low_memory_mode=False
[Engine] self.grad_params=True
[Engine] self.low_memory_mode=False
[SpatialTerm] self.device_ids=[0]
[SpatialTerm] Not using DataParallel
[SpatialPatchesHandler (8)] spatial stride: 4
[SpatialPatchesHandler (8)] spatial patch_size: 8
i=1 params={'type': 'spatial', 'name': 'p8_s2', 'repeat': 1, 'patch_size': 8, 'stride': 4, 'dilation': 1, 'temporal_length': None, 'temporal_dilation': 1, 'temporal_stride': 1, 'dim_samples': 't l', 'dim_prefeatures': 'h w', 'groups': 1, 'mode_ab': 'left', 'grad_params': True, 'use_dataparallel': False, 'batch_size': 256, 'low_memory_mode': False, 'symmetry': 2, 'params_pipeline': [{'type': 'linear', 'patch_wise': '${model.patch_wise}', 'size_in': 128, 'size_out': 64, 'learnable': '${model.learnable_proj}', 'is_identity': False}]}
params={'name': 'p8_s2', 'repeat': 1, 'patch_size': 8, 'stride': 4, 'dilation': 1, 'temporal_length': None, 'temporal_dilation': 1, 'temporal_stride': 1, 'dim_samples': 't l', 'dim_prefeatures': 'h w', 'groups': 1, 'mode_ab': 'left', 'grad_params': True, 'use_dataparallel': False, 'batch_size': 256, 'low_memory_mode': False, 'symmetry': 2, 'params_pipeline': [{'type': 'linear', 'patch_wise': '${model.patch_wise}', 'size_in': 128, 'size_out': 64, 'learnable': '${model.learnable_proj}', 'is_identity': False}]}
[SpatialTerm] self.name='p8_s2'
[SpatialTerm] self.use_dataparallel=False
[SpatialTerm] self.dilation=1
[SpatialTerm] self.denoise_mean=False
[SpatialTerm] self.stat_model='gaussian'
[SpatialTerm] self.bsp=3969
[SpatialTerm] self.symmetry=2
[LinearFeatures] self.learnable=True
[FeaturesPipeline] self.transforms=ModuleList(
  (0): LinearFeatures()
)
[Engine] self.batch_size=256
[Engine] self.low_memory_mode=False
[Engine] self.grad_params=True
[Engine] self.low_memory_mode=False
[SpatialTerm] self.device_ids=[0]
[SpatialTerm] Not using DataParallel
[SpatialPatchesHandler (8)] spatial stride: 4
[SpatialPatchesHandler (8)] spatial patch_size: 8
i=2 params={'type': 'spatial', 'name': 'p8_s4', 'repeat': 1, 'patch_size': 8, 'stride': 4, 'dilation': 1, 'temporal_length': None, 'temporal_dilation': 1, 'temporal_stride': 1, 'dim_samples': 't l', 'dim_prefeatures': 'h w', 'groups': 1, 'mode_ab': 'left', 'grad_params': True, 'use_dataparallel': False, 'batch_size': 256, 'low_memory_mode': False, 'symmetry': 4, 'params_pipeline': [{'type': 'linear', 'patch_wise': '${model.patch_wise}', 'size_in': 256, 'size_out': 64, 'learnable': '${model.learnable_proj}', 'is_identity': False}]}
params={'name': 'p8_s4', 'repeat': 1, 'patch_size': 8, 'stride': 4, 'dilation': 1, 'temporal_length': None, 'temporal_dilation': 1, 'temporal_stride': 1, 'dim_samples': 't l', 'dim_prefeatures': 'h w', 'groups': 1, 'mode_ab': 'left', 'grad_params': True, 'use_dataparallel': False, 'batch_size': 256, 'low_memory_mode': False, 'symmetry': 4, 'params_pipeline': [{'type': 'linear', 'patch_wise': '${model.patch_wise}', 'size_in': 256, 'size_out': 64, 'learnable': '${model.learnable_proj}', 'is_identity': False}]}
[SpatialTerm] self.name='p8_s4'
[SpatialTerm] self.use_dataparallel=False
[SpatialTerm] self.dilation=1
[SpatialTerm] self.denoise_mean=False
[SpatialTerm] self.stat_model='gaussian'
[SpatialTerm] self.bsp=3969
[SpatialTerm] self.symmetry=4
[LinearFeatures] self.learnable=True
[FeaturesPipeline] self.transforms=ModuleList(
  (0): LinearFeatures()
)
[Engine] self.batch_size=256
[Engine] self.low_memory_mode=False
[Engine] self.grad_params=True
[Engine] self.low_memory_mode=False
[SpatialTerm] self.device_ids=[0]
[SpatialTerm] Not using DataParallel
[SpatialPatchesHandler (8)] spatial stride: 4
[SpatialPatchesHandler (8)] spatial patch_size: 8
i=3 params={'type': 'spatial', 'name': 'p16_s1', 'repeat': 1, 'patch_size': 16, 'stride': 8, 'dilation': 1, 'temporal_length': None, 'temporal_dilation': 1, 'temporal_stride': 1, 'dim_samples': 't l', 'dim_prefeatures': 'h w', 'groups': 1, 'mode_ab': 'left', 'grad_params': True, 'use_dataparallel': False, 'batch_size': 256, 'low_memory_mode': False, 'symmetry': 1, 'params_pipeline': [{'type': 'linear', 'patch_wise': '${model.patch_wise}', 'size_in': 256, 'size_out': 64, 'learnable': '${model.learnable_proj}', 'is_identity': False}]}
params={'name': 'p16_s1', 'repeat': 1, 'patch_size': 16, 'stride': 8, 'dilation': 1, 'temporal_length': None, 'temporal_dilation': 1, 'temporal_stride': 1, 'dim_samples': 't l', 'dim_prefeatures': 'h w', 'groups': 1, 'mode_ab': 'left', 'grad_params': True, 'use_dataparallel': False, 'batch_size': 256, 'low_memory_mode': False, 'symmetry': 1, 'params_pipeline': [{'type': 'linear', 'patch_wise': '${model.patch_wise}', 'size_in': 256, 'size_out': 64, 'learnable': '${model.learnable_proj}', 'is_identity': False}]}
[SpatialTerm] self.name='p16_s1'
[SpatialTerm] self.use_dataparallel=False
[SpatialTerm] self.dilation=1
[SpatialTerm] self.denoise_mean=False
[SpatialTerm] self.stat_model='gaussian'
[SpatialTerm] self.bsp=961
[SpatialTerm] self.symmetry=1
[LinearFeatures] self.learnable=True
[FeaturesPipeline] self.transforms=ModuleList(
  (0): LinearFeatures()
)
[Engine] self.batch_size=256
[Engine] self.low_memory_mode=False
[Engine] self.grad_params=True
[Engine] self.low_memory_mode=False
[SpatialTerm] self.device_ids=[0]
[SpatialTerm] Not using DataParallel
[SpatialPatchesHandler (16)] spatial stride: 8
[SpatialPatchesHandler (16)] spatial patch_size: 16
i=4 params={'type': 'spatial', 'name': 'p16_s2', 'repeat': 1, 'patch_size': 16, 'stride': 8, 'dilation': 1, 'temporal_length': None, 'temporal_dilation': 1, 'temporal_stride': 1, 'dim_samples': 't l', 'dim_prefeatures': 'h w', 'groups': 1, 'mode_ab': 'left', 'grad_params': True, 'use_dataparallel': False, 'batch_size': 256, 'low_memory_mode': False, 'symmetry': 2, 'params_pipeline': [{'type': 'linear', 'patch_wise': '${model.patch_wise}', 'size_in': 512, 'size_out': 64, 'learnable': '${model.learnable_proj}', 'is_identity': False}]}
params={'name': 'p16_s2', 'repeat': 1, 'patch_size': 16, 'stride': 8, 'dilation': 1, 'temporal_length': None, 'temporal_dilation': 1, 'temporal_stride': 1, 'dim_samples': 't l', 'dim_prefeatures': 'h w', 'groups': 1, 'mode_ab': 'left', 'grad_params': True, 'use_dataparallel': False, 'batch_size': 256, 'low_memory_mode': False, 'symmetry': 2, 'params_pipeline': [{'type': 'linear', 'patch_wise': '${model.patch_wise}', 'size_in': 512, 'size_out': 64, 'learnable': '${model.learnable_proj}', 'is_identity': False}]}
[SpatialTerm] self.name='p16_s2'
[SpatialTerm] self.use_dataparallel=False
[SpatialTerm] self.dilation=1
[SpatialTerm] self.denoise_mean=False
[SpatialTerm] self.stat_model='gaussian'
[SpatialTerm] self.bsp=961
[SpatialTerm] self.symmetry=2
[LinearFeatures] self.learnable=True
[FeaturesPipeline] self.transforms=ModuleList(
  (0): LinearFeatures()
)
[Engine] self.batch_size=256
[Engine] self.low_memory_mode=False
[Engine] self.grad_params=True
[Engine] self.low_memory_mode=False
[SpatialTerm] self.device_ids=[0]
[SpatialTerm] Not using DataParallel
[SpatialPatchesHandler (16)] spatial stride: 8
[SpatialPatchesHandler (16)] spatial patch_size: 16
i=5 params={'type': 'spatial', 'name': 'p16_s4', 'repeat': 1, 'patch_size': 16, 'stride': 8, 'dilation': 1, 'temporal_length': None, 'temporal_dilation': 1, 'temporal_stride': 1, 'dim_samples': 't l', 'dim_prefeatures': 'h w', 'groups': 1, 'mode_ab': 'left', 'grad_params': True, 'use_dataparallel': False, 'batch_size': 256, 'low_memory_mode': False, 'symmetry': 4, 'params_pipeline': [{'type': 'linear', 'patch_wise': '${model.patch_wise}', 'size_in': 1024, 'size_out': 64, 'learnable': '${model.learnable_proj}', 'is_identity': False}]}
params={'name': 'p16_s4', 'repeat': 1, 'patch_size': 16, 'stride': 8, 'dilation': 1, 'temporal_length': None, 'temporal_dilation': 1, 'temporal_stride': 1, 'dim_samples': 't l', 'dim_prefeatures': 'h w', 'groups': 1, 'mode_ab': 'left', 'grad_params': True, 'use_dataparallel': False, 'batch_size': 256, 'low_memory_mode': False, 'symmetry': 4, 'params_pipeline': [{'type': 'linear', 'patch_wise': '${model.patch_wise}', 'size_in': 1024, 'size_out': 64, 'learnable': '${model.learnable_proj}', 'is_identity': False}]}
[SpatialTerm] self.name='p16_s4'
[SpatialTerm] self.use_dataparallel=False
[SpatialTerm] self.dilation=1
[SpatialTerm] self.denoise_mean=False
[SpatialTerm] self.stat_model='gaussian'
[SpatialTerm] self.bsp=961
[SpatialTerm] self.symmetry=4
[LinearFeatures] self.learnable=True
[FeaturesPipeline] self.transforms=ModuleList(
  (0): LinearFeatures()
)
[Engine] self.batch_size=256
[Engine] self.low_memory_mode=False
[Engine] self.grad_params=True
[Engine] self.low_memory_mode=False
[SpatialTerm] self.device_ids=[0]
[SpatialTerm] Not using DataParallel
[SpatialPatchesHandler (16)] spatial stride: 8
[SpatialPatchesHandler (16)] spatial patch_size: 16
i=6 params={'type': 'spatial', 'name': 'p32_s1', 'repeat': 1, 'patch_size': 32, 'stride': 16, 'dilation': 1, 'temporal_length': None, 'temporal_dilation': 1, 'temporal_stride': 1, 'dim_samples': 't l', 'dim_prefeatures': 'h w', 'groups': 1, 'mode_ab': 'left', 'grad_params': True, 'use_dataparallel': False, 'batch_size': 256, 'low_memory_mode': False, 'symmetry': 1, 'params_pipeline': [{'type': 'linear', 'patch_wise': '${model.patch_wise}', 'size_in': 1024, 'size_out': 64, 'learnable': '${model.learnable_proj}', 'is_identity': False}]}
params={'name': 'p32_s1', 'repeat': 1, 'patch_size': 32, 'stride': 16, 'dilation': 1, 'temporal_length': None, 'temporal_dilation': 1, 'temporal_stride': 1, 'dim_samples': 't l', 'dim_prefeatures': 'h w', 'groups': 1, 'mode_ab': 'left', 'grad_params': True, 'use_dataparallel': False, 'batch_size': 256, 'low_memory_mode': False, 'symmetry': 1, 'params_pipeline': [{'type': 'linear', 'patch_wise': '${model.patch_wise}', 'size_in': 1024, 'size_out': 64, 'learnable': '${model.learnable_proj}', 'is_identity': False}]}
[SpatialTerm] self.name='p32_s1'
[SpatialTerm] self.use_dataparallel=False
[SpatialTerm] self.dilation=1
[SpatialTerm] self.denoise_mean=False
[SpatialTerm] self.stat_model='gaussian'
[SpatialTerm] self.bsp=225
[SpatialTerm] self.symmetry=1
[LinearFeatures] self.learnable=True
[FeaturesPipeline] self.transforms=ModuleList(
  (0): LinearFeatures()
)
[Engine] self.batch_size=256
[Engine] self.low_memory_mode=False
[Engine] self.grad_params=True
[Engine] self.low_memory_mode=False
[SpatialTerm] self.device_ids=[0]
[SpatialTerm] Not using DataParallel
[SpatialPatchesHandler (32)] spatial stride: 16
[SpatialPatchesHandler (32)] spatial patch_size: 32
i=7 params={'type': 'spatial', 'name': 'p32_s2', 'repeat': 1, 'patch_size': 32, 'stride': 16, 'dilation': 1, 'temporal_length': None, 'temporal_dilation': 1, 'temporal_stride': 1, 'dim_samples': 't l', 'dim_prefeatures': 'h w', 'groups': 1, 'mode_ab': 'left', 'grad_params': True, 'use_dataparallel': False, 'batch_size': None, 'low_memory_mode': False, 'symmetry': 2, 'params_pipeline': [{'type': 'linear', 'patch_wise': '${model.patch_wise}', 'size_in': 2048, 'size_out': 64, 'learnable': '${model.learnable_proj}', 'is_identity': False}]}
params={'name': 'p32_s2', 'repeat': 1, 'patch_size': 32, 'stride': 16, 'dilation': 1, 'temporal_length': None, 'temporal_dilation': 1, 'temporal_stride': 1, 'dim_samples': 't l', 'dim_prefeatures': 'h w', 'groups': 1, 'mode_ab': 'left', 'grad_params': True, 'use_dataparallel': False, 'batch_size': None, 'low_memory_mode': False, 'symmetry': 2, 'params_pipeline': [{'type': 'linear', 'patch_wise': '${model.patch_wise}', 'size_in': 2048, 'size_out': 64, 'learnable': '${model.learnable_proj}', 'is_identity': False}]}
[SpatialTerm] self.name='p32_s2'
[SpatialTerm] self.use_dataparallel=False
[SpatialTerm] self.dilation=1
[SpatialTerm] self.denoise_mean=False
[SpatialTerm] self.stat_model='gaussian'
[SpatialTerm] self.bsp=225
[SpatialTerm] self.symmetry=2
[LinearFeatures] self.learnable=True
[FeaturesPipeline] self.transforms=ModuleList(
  (0): LinearFeatures()
)
[Engine] self.batch_size=None
[Engine] self.low_memory_mode=False
[Engine] self.grad_params=True
[Engine] self.low_memory_mode=False
[SpatialTerm] self.device_ids=[0]
[SpatialTerm] Not using DataParallel
[SpatialPatchesHandler (32)] spatial stride: 16
[SpatialPatchesHandler (32)] spatial patch_size: 32
i=8 params={'type': 'spatial', 'name': 'p32_s4', 'repeat': 1, 'patch_size': 32, 'stride': 16, 'dilation': 1, 'temporal_length': None, 'temporal_dilation': 1, 'temporal_stride': 1, 'dim_samples': 't l', 'dim_prefeatures': 'h w', 'groups': 1, 'mode_ab': 'left', 'grad_params': True, 'use_dataparallel': False, 'batch_size': 256, 'low_memory_mode': False, 'symmetry': 4, 'params_pipeline': [{'type': 'linear', 'patch_wise': '${model.patch_wise}', 'size_in': 4096, 'size_out': 64, 'learnable': '${model.learnable_proj}', 'is_identity': False}]}
params={'name': 'p32_s4', 'repeat': 1, 'patch_size': 32, 'stride': 16, 'dilation': 1, 'temporal_length': None, 'temporal_dilation': 1, 'temporal_stride': 1, 'dim_samples': 't l', 'dim_prefeatures': 'h w', 'groups': 1, 'mode_ab': 'left', 'grad_params': True, 'use_dataparallel': False, 'batch_size': 256, 'low_memory_mode': False, 'symmetry': 4, 'params_pipeline': [{'type': 'linear', 'patch_wise': '${model.patch_wise}', 'size_in': 4096, 'size_out': 64, 'learnable': '${model.learnable_proj}', 'is_identity': False}]}
[SpatialTerm] self.name='p32_s4'
[SpatialTerm] self.use_dataparallel=False
[SpatialTerm] self.dilation=1
[SpatialTerm] self.denoise_mean=False
[SpatialTerm] self.stat_model='gaussian'
[SpatialTerm] self.bsp=225
[SpatialTerm] self.symmetry=4
[LinearFeatures] self.learnable=True
[FeaturesPipeline] self.transforms=ModuleList(
  (0): LinearFeatures()
)
[Engine] self.batch_size=256
[Engine] self.low_memory_mode=False
[Engine] self.grad_params=True
[Engine] self.low_memory_mode=False
[SpatialTerm] self.device_ids=[0]
[SpatialTerm] Not using DataParallel
[SpatialPatchesHandler (32)] spatial stride: 16
[SpatialPatchesHandler (32)] spatial patch_size: 32
i=9 params={'type': 'spatial', 'name': 'p64_s1', 'repeat': 1, 'patch_size': 64, 'stride': 32, 'dilation': 1, 'temporal_length': None, 'temporal_dilation': 1, 'temporal_stride': 1, 'dim_samples': 't l', 'dim_prefeatures': 'h w', 'groups': 1, 'mode_ab': 'left', 'grad_params': True, 'use_dataparallel': False, 'batch_size': 256, 'low_memory_mode': False, 'symmetry': 1, 'params_pipeline': [{'type': 'linear', 'patch_wise': '${model.patch_wise}', 'size_in': 4096, 'size_out': 64, 'learnable': '${model.learnable_proj}', 'is_identity': False}]}
params={'name': 'p64_s1', 'repeat': 1, 'patch_size': 64, 'stride': 32, 'dilation': 1, 'temporal_length': None, 'temporal_dilation': 1, 'temporal_stride': 1, 'dim_samples': 't l', 'dim_prefeatures': 'h w', 'groups': 1, 'mode_ab': 'left', 'grad_params': True, 'use_dataparallel': False, 'batch_size': 256, 'low_memory_mode': False, 'symmetry': 1, 'params_pipeline': [{'type': 'linear', 'patch_wise': '${model.patch_wise}', 'size_in': 4096, 'size_out': 64, 'learnable': '${model.learnable_proj}', 'is_identity': False}]}
[SpatialTerm] self.name='p64_s1'
[SpatialTerm] self.use_dataparallel=False
[SpatialTerm] self.dilation=1
[SpatialTerm] self.denoise_mean=False
[SpatialTerm] self.stat_model='gaussian'
[SpatialTerm] self.bsp=49
[SpatialTerm] self.symmetry=1
[LinearFeatures] self.learnable=True
[FeaturesPipeline] self.transforms=ModuleList(
  (0): LinearFeatures()
)
[Engine] self.batch_size=256
[Engine] self.low_memory_mode=False
[Engine] self.grad_params=True
[Engine] self.low_memory_mode=False
[SpatialTerm] self.device_ids=[0]
[SpatialTerm] Not using DataParallel
[SpatialPatchesHandler (64)] spatial stride: 32
[SpatialPatchesHandler (64)] spatial patch_size: 64
i=10 params={'type': 'spatial', 'name': 'p64_s2', 'repeat': 1, 'patch_size': 64, 'stride': 32, 'dilation': 1, 'temporal_length': None, 'temporal_dilation': 1, 'temporal_stride': 1, 'dim_samples': 't l', 'dim_prefeatures': 'h w', 'groups': 1, 'mode_ab': 'left', 'grad_params': True, 'use_dataparallel': False, 'batch_size': 256, 'low_memory_mode': False, 'symmetry': 2, 'params_pipeline': [{'type': 'linear', 'patch_wise': '${model.patch_wise}', 'size_in': 8192, 'size_out': 64, 'learnable': '${model.learnable_proj}', 'is_identity': False}]}
params={'name': 'p64_s2', 'repeat': 1, 'patch_size': 64, 'stride': 32, 'dilation': 1, 'temporal_length': None, 'temporal_dilation': 1, 'temporal_stride': 1, 'dim_samples': 't l', 'dim_prefeatures': 'h w', 'groups': 1, 'mode_ab': 'left', 'grad_params': True, 'use_dataparallel': False, 'batch_size': 256, 'low_memory_mode': False, 'symmetry': 2, 'params_pipeline': [{'type': 'linear', 'patch_wise': '${model.patch_wise}', 'size_in': 8192, 'size_out': 64, 'learnable': '${model.learnable_proj}', 'is_identity': False}]}
[SpatialTerm] self.name='p64_s2'
[SpatialTerm] self.use_dataparallel=False
[SpatialTerm] self.dilation=1
[SpatialTerm] self.denoise_mean=False
[SpatialTerm] self.stat_model='gaussian'
[SpatialTerm] self.bsp=49
[SpatialTerm] self.symmetry=2
[LinearFeatures] self.learnable=True
[FeaturesPipeline] self.transforms=ModuleList(
  (0): LinearFeatures()
)
[Engine] self.batch_size=256
[Engine] self.low_memory_mode=False
[Engine] self.grad_params=True
[Engine] self.low_memory_mode=False
[SpatialTerm] self.device_ids=[0]
[SpatialTerm] Not using DataParallel
[SpatialPatchesHandler (64)] spatial stride: 32
[SpatialPatchesHandler (64)] spatial patch_size: 64
i=11 params={'type': 'spatial', 'name': 'p64_s2', 'repeat': 1, 'patch_size': 64, 'stride': 32, 'dilation': 1, 'temporal_length': None, 'temporal_dilation': 1, 'temporal_stride': 1, 'dim_samples': 't l', 'dim_prefeatures': 'h w', 'groups': 1, 'mode_ab': 'left', 'grad_params': True, 'use_dataparallel': False, 'batch_size': 256, 'low_memory_mode': False, 'symmetry': 4, 'params_pipeline': [{'type': 'linear', 'patch_wise': '${model.patch_wise}', 'size_in': 16384, 'size_out': 64, 'learnable': '${model.learnable_proj}', 'is_identity': False}]}
params={'name': 'p64_s2', 'repeat': 1, 'patch_size': 64, 'stride': 32, 'dilation': 1, 'temporal_length': None, 'temporal_dilation': 1, 'temporal_stride': 1, 'dim_samples': 't l', 'dim_prefeatures': 'h w', 'groups': 1, 'mode_ab': 'left', 'grad_params': True, 'use_dataparallel': False, 'batch_size': 256, 'low_memory_mode': False, 'symmetry': 4, 'params_pipeline': [{'type': 'linear', 'patch_wise': '${model.patch_wise}', 'size_in': 16384, 'size_out': 64, 'learnable': '${model.learnable_proj}', 'is_identity': False}]}
[SpatialTerm] self.name='p64_s2'
[SpatialTerm] self.use_dataparallel=False
[SpatialTerm] self.dilation=1
[SpatialTerm] self.denoise_mean=False
[SpatialTerm] self.stat_model='gaussian'
[SpatialTerm] self.bsp=49
[SpatialTerm] self.symmetry=4
[LinearFeatures] self.learnable=True
[FeaturesPipeline] self.transforms=ModuleList(
  (0): LinearFeatures()
)
[Engine] self.batch_size=256
[Engine] self.low_memory_mode=False
[Engine] self.grad_params=True
[Engine] self.low_memory_mode=False
[SpatialTerm] self.device_ids=[0]
[SpatialTerm] Not using DataParallel
[SpatialPatchesHandler (64)] spatial stride: 32
[SpatialPatchesHandler (64)] spatial patch_size: 64
[ExoMILD] self.G_tot=12
all_terms=[SpatialTerm(
  (engine): EngineSpatial(
    (features_pipeline): FeaturesPipeline(
      (transforms): ModuleList(
        (0): LinearFeatures()
      )
    )
    (psf_sampler_shift): BatchPSFSampler()
    (psf_sampler_center): BatchPSFSampler()
  )
  (patch_formatter): PatchFormatter()
  (wavelength_aligner): WavelengthAligner()
), SpatialTerm(
  (engine): EngineSpatial(
    (features_pipeline): FeaturesPipeline(
      (transforms): ModuleList(
        (0): LinearFeatures()
      )
    )
    (psf_sampler_shift): BatchPSFSampler()
    (psf_sampler_center): BatchPSFSampler()
  )
  (patch_formatter): PatchFormatter()
  (wavelength_aligner): WavelengthAligner()
), SpatialTerm(
  (engine): EngineSpatial(
    (features_pipeline): FeaturesPipeline(
      (transforms): ModuleList(
        (0): LinearFeatures()
      )
    )
    (psf_sampler_shift): BatchPSFSampler()
    (psf_sampler_center): BatchPSFSampler()
  )
  (patch_formatter): PatchFormatter()
  (wavelength_aligner): WavelengthAligner()
), SpatialTerm(
  (engine): EngineSpatial(
    (features_pipeline): FeaturesPipeline(
      (transforms): ModuleList(
        (0): LinearFeatures()
      )
    )
    (psf_sampler_shift): BatchPSFSampler()
    (psf_sampler_center): BatchPSFSampler()
  )
  (patch_formatter): PatchFormatter()
  (wavelength_aligner): WavelengthAligner()
), SpatialTerm(
  (engine): EngineSpatial(
    (features_pipeline): FeaturesPipeline(
      (transforms): ModuleList(
        (0): LinearFeatures()
      )
    )
    (psf_sampler_shift): BatchPSFSampler()
    (psf_sampler_center): BatchPSFSampler()
  )
  (patch_formatter): PatchFormatter()
  (wavelength_aligner): WavelengthAligner()
), SpatialTerm(
  (engine): EngineSpatial(
    (features_pipeline): FeaturesPipeline(
      (transforms): ModuleList(
        (0): LinearFeatures()
      )
    )
    (psf_sampler_shift): BatchPSFSampler()
    (psf_sampler_center): BatchPSFSampler()
  )
  (patch_formatter): PatchFormatter()
  (wavelength_aligner): WavelengthAligner()
), SpatialTerm(
  (engine): EngineSpatial(
    (features_pipeline): FeaturesPipeline(
      (transforms): ModuleList(
        (0): LinearFeatures()
      )
    )
    (psf_sampler_shift): BatchPSFSampler()
    (psf_sampler_center): BatchPSFSampler()
  )
  (patch_formatter): PatchFormatter()
  (wavelength_aligner): WavelengthAligner()
), SpatialTerm(
  (engine): EngineSpatial(
    (features_pipeline): FeaturesPipeline(
      (transforms): ModuleList(
        (0): LinearFeatures()
      )
    )
    (psf_sampler_shift): BatchPSFSampler()
    (psf_sampler_center): BatchPSFSampler()
  )
  (patch_formatter): PatchFormatter()
  (wavelength_aligner): WavelengthAligner()
), SpatialTerm(
  (engine): EngineSpatial(
    (features_pipeline): FeaturesPipeline(
      (transforms): ModuleList(
        (0): LinearFeatures()
      )
    )
    (psf_sampler_shift): BatchPSFSampler()
    (psf_sampler_center): BatchPSFSampler()
  )
  (patch_formatter): PatchFormatter()
  (wavelength_aligner): WavelengthAligner()
), SpatialTerm(
  (engine): EngineSpatial(
    (features_pipeline): FeaturesPipeline(
      (transforms): ModuleList(
        (0): LinearFeatures()
      )
    )
    (psf_sampler_shift): BatchPSFSampler()
    (psf_sampler_center): BatchPSFSampler()
  )
  (patch_formatter): PatchFormatter()
  (wavelength_aligner): WavelengthAligner()
), SpatialTerm(
  (engine): EngineSpatial(
    (features_pipeline): FeaturesPipeline(
      (transforms): ModuleList(
        (0): LinearFeatures()
      )
    )
    (psf_sampler_shift): BatchPSFSampler()
    (psf_sampler_center): BatchPSFSampler()
  )
  (patch_formatter): PatchFormatter()
  (wavelength_aligner): WavelengthAligner()
), SpatialTerm(
  (engine): EngineSpatial(
    (features_pipeline): FeaturesPipeline(
      (transforms): ModuleList(
        (0): LinearFeatures()
      )
    )
    (psf_sampler_shift): BatchPSFSampler()
    (psf_sampler_center): BatchPSFSampler()
  )
  (patch_formatter): PatchFormatter()
  (wavelength_aligner): WavelengthAligner()
)]
[ExoMILD] self.learnable_weights=True
[ExoMILD] self.pixel_wise_weights=True
[ExoMILD] self.use_local_max=False
[ExoMILD] self.n_sources_max=16
[ExoMILD] self.iterative=False
[ExoMILD] self.oracle=False
[Filter] self.is_residual=False
[Filter] self.gate_type='unet_normal'
[U-Net] self.skip_norm=False
[UNet] False
[ExoMILD] linalg_library='cusolver'
[ExoMILD] self.grad_iterative=True
[ExoMILD] self.grad_astrometry=False
[SpatialPatchesHandler (8)] padding=(0, 0)
[SpatialPatchesHandler (8)] padding=(0, 0)
[SpatialPatchesHandler (8)] padding=(0, 0)
[SpatialPatchesHandler (16)] padding=(0, 0)
[SpatialPatchesHandler (16)] padding=(0, 0)
[SpatialPatchesHandler (16)] padding=(0, 0)
[SpatialPatchesHandler (32)] padding=(0, 0)
[SpatialPatchesHandler (32)] padding=(0, 0)
[SpatialPatchesHandler (32)] padding=(0, 0)
[SpatialPatchesHandler (64)] padding=(0, 0)
[SpatialPatchesHandler (64)] padding=(0, 0)
[SpatialPatchesHandler (64)] padding=(0, 0)
# Iter.   Time (ms)    Eval. Reject.       Obj. Func.           Grad.       Step
# ---------------------------------------------------------------------------------
      0    4297.399       1       0  -4.426789600000000e+07   4.285e+09   0.000e+00
      1   26411.267      13       0  -4.428135600000000e+07   5.961e+09   1.075e-15
      2   28297.165      14       0  -4.429034400000000e+07   3.889e+09   1.000e+00
      3   30137.855      15       0  -4.429928000000000e+07   3.692e+09   1.000e+00
      4   32029.126      16       0  -4.430873200000000e+07   4.915e+09   1.000e+00
      5   33896.291      17       0  -4.431665600000000e+07   4.074e+09   1.000e+00
      6   35753.608      18       0  -4.432135600000000e+07   2.892e+09   1.000e+00
      7   37652.747      19       0  -4.432675200000000e+07   2.876e+09   1.000e+00
      8   39517.608      20       0  -4.433182000000000e+07   4.011e+09   1.000e+00
      9   41356.067      21       0  -4.433628400000000e+07   2.709e+09   1.000e+00
     10   43265.832      22       0  -4.434038400000000e+07   2.461e+09   1.000e+00
     11   45119.280      23       0  -4.434320000000000e+07   2.853e+09   1.000e+00
     12   46987.344      24       0  -4.434570800000000e+07   2.078e+09   1.000e+00
     13   48869.876      25       0  -4.434868800000000e+07   2.337e+09   1.000e+00
     14   50735.280      26       0  -4.435083200000000e+07   2.551e+09   1.000e+00
     15   52593.349      27       0  -4.435254400000000e+07   1.898e+09   1.000e+00
     16   54484.323      28       0  -4.435460000000000e+07   1.822e+09   1.000e+00
     17   56327.088      29       0  -4.435610400000000e+07   2.367e+09   1.000e+00
     18   58234.671      30       0  -4.435742000000000e+07   1.717e+09   1.000e+00
     19   60125.757      31       0  -4.435926400000000e+07   1.752e+09   1.000e+00
     20   61963.650      32       0  -4.436045600000000e+07   2.156e+09   1.000e+00
     21   63863.724      33       0  -4.436137200000000e+07   1.614e+09   1.000e+00
     22   65758.612      34       0  -4.436297200000000e+07   1.509e+09   1.000e+00
     23   67590.380      35       0  -4.436397200000000e+07   2.171e+09   1.000e+00
     24   69496.497      36       0  -4.436478800000000e+07   1.576e+09   1.000e+00
     25   71383.524      37       0  -4.436605200000000e+07   1.280e+09   1.000e+00
     26   73222.960      38       0  -4.436678800000000e+07   1.658e+09   1.000e+00
     27   75132.179      39       0  -4.436753200000000e+07   1.399e+09   1.000e+00
     28   77047.392      40       0  -4.436846400000000e+07   2.092e+09   1.000e+00
     29   78971.544      41       0  -4.436912400000000e+07   1.394e+09   1.000e+00
     30   80818.372      42       0  -4.436950800000000e+07   1.183e+09   1.000e+00
     31   82725.823      43       0  -4.437032400000000e+07   1.347e+09   1.000e+00
     32   84652.148      44       0  -4.437050000000000e+07   2.829e+09   1.000e+00
     33   86504.501      45       0  -4.437113200000000e+07   1.059e+09   1.000e+00
     34   88422.157      46       0  -4.437145200000000e+07   7.447e+08   1.000e+00
     35   90336.693      47       0  -4.437188800000000e+07   1.002e+09   1.000e+00
     36   92187.397      48       0  -4.437241600000000e+07   1.342e+09   1.000e+00
     37   94099.683      49       0  -4.437300000000000e+07   1.794e+09   1.000e+00
     38   96025.048      50       0  -4.437350400000000e+07   8.549e+08   1.000e+00
     39   97889.571      51       0  -4.437395600000000e+07   1.047e+09   1.000e+00
     40   99759.216      52       0  -4.437438000000000e+07   1.083e+09   1.000e+00
     41  101659.887      53       0  -4.437485600000000e+07   1.968e+09   1.000e+00
     42  103530.052      54       0  -4.437538000000000e+07   9.147e+08   1.000e+00
     43  105380.836      55       0  -4.437566400000000e+07   8.598e+08   1.000e+00
     44  107300.354      56       0  -4.437606400000000e+07   9.498e+08   1.000e+00
     45  109189.814      57       0  -4.437632000000000e+07   2.692e+09   1.000e+00
     46  111058.049      58       0  -4.437689200000000e+07   9.758e+08   1.000e+00
     47  112975.632      59       0  -4.437716800000000e+07   7.179e+08   1.000e+00
     48  114879.063      60       0  -4.437746800000000e+07   8.705e+08   1.000e+00
     49  116722.830      61       0  -4.437797600000000e+07   1.207e+09   1.000e+00
     50  118644.105      62       0  -4.437834400000000e+07   1.832e+09   1.000e+00
     51  120542.160      63       0  -4.437870400000000e+07   7.131e+08   1.000e+00
     52  122383.307      64       0  -4.437890400000000e+07   7.279e+08   1.000e+00
     53  124285.643      65       0  -4.437921200000000e+07   8.771e+08   1.000e+00
     54  126183.596      66       0  -4.437958800000000e+07   1.993e+09   1.000e+00
     55  128014.946      67       0  -4.438000800000000e+07   8.983e+08   1.000e+00
     56  129938.852      68       0  -4.438027200000000e+07   7.207e+08   1.000e+00
     57  131843.530      69       0  -4.438054400000000e+07   8.198e+08   1.000e+00
     58  133703.432      70       0  -4.438098400000000e+07   1.041e+09   1.000e+00
     59  135611.789      71       0  -4.438124800000000e+07   2.001e+09   1.000e+00
     60  137524.494      72       0  -4.438162400000000e+07   6.876e+08   1.000e+00
     61  139435.880      73       0  -4.438177600000000e+07   6.362e+08   1.000e+00
     62  141289.946      74       0  -4.438205200000000e+07   7.942e+08   1.000e+00
     63  143187.076      75       0  -4.438236800000000e+07   1.865e+09   1.000e+00
     64  145083.035      76       0  -4.438274000000000e+07   8.416e+08   1.000e+00
     65  146941.797      77       0  -4.438297200000000e+07   6.360e+08   1.000e+00
     66  148848.783      78       0  -4.438318400000000e+07   7.189e+08   1.000e+00
     67  150781.376      79       0  -4.438356400000000e+07   8.275e+08   1.000e+00
     68  152633.204      80       0  -4.438359600000000e+07   2.594e+09   1.000e+00
     69  154539.161      81       0  -4.438412800000000e+07   6.646e+08   1.000e+00
     70  156455.381      82       0  -4.438423600000000e+07   5.223e+08   1.000e+00
     71  158322.856      83       0  -4.438448000000000e+07   6.645e+08   1.000e+00
     72  160197.819      84       0  -4.438476400000000e+07   1.331e+09   1.000e+00
     73  162143.250      85       0  -4.438506000000000e+07   7.421e+08   1.000e+00
     74  164063.726      86       0  -4.438527600000000e+07   5.607e+08   1.000e+00
     75  165923.349      87       0  -4.438550800000000e+07   7.884e+08   1.000e+00
     76  167848.114      88       0  -4.438571200000000e+07   9.424e+08   1.000e+00
     77  169763.516      89       0  -4.438590000000000e+07   6.457e+08   1.000e+00
     78  171650.939      90       0  -4.438618400000000e+07   6.301e+08   1.000e+00
     79  173517.160      91       0  -4.438637200000000e+07   7.364e+08   1.000e+00
     80  175435.971      92       0  -4.438665200000000e+07   7.094e+08   1.000e+00
     81  177341.835      93       0  -4.438690400000000e+07   8.842e+08   1.000e+00
     82  179205.943      94       0  -4.438712800000000e+07   6.067e+08   1.000e+00
     83  181123.526      95       0  -4.438728800000000e+07   5.831e+08   1.000e+00
     84  183054.785      96       0  -4.438751200000000e+07   9.057e+08   1.000e+00
     85  184903.957      97       0  -4.438774400000000e+07   6.707e+08   1.000e+00
     86  186813.249      98       0  -4.438794400000000e+07   6.082e+08   1.000e+00
     87  188739.785      99       0  -4.438816800000000e+07   8.832e+08   1.000e+00
     88  190644.592     100       0  -4.438836400000000e+07   6.341e+08   1.000e+00
     89  192505.365     101       0  -4.438854400000000e+07   5.733e+08   1.000e+00
     90  194426.021     102       0  -4.438882400000000e+07   7.392e+08   1.000e+00
     91  196344.088     103       0  -4.438900400000000e+07   1.136e+09   1.000e+00
     92  198243.756     104       0  -4.438917600000000e+07   6.055e+08   1.000e+00
     93  200133.080     105       0  -4.438936400000000e+07   5.284e+08   1.000e+00
     94  202053.348     106       0  -4.438956800000000e+07   6.552e+08   1.000e+00
     95  203990.801     107       0  -4.438980000000000e+07   1.344e+09   1.000e+00
     96  205859.067     108       0  -4.439006800000000e+07   6.465e+08   1.000e+00
     97  207764.309     109       0  -4.439025600000000e+07   6.232e+08   1.000e+00
     98  209702.436     110       0  -4.439049600000000e+07   6.989e+08   1.000e+00
     99  211628.952     111       0  -4.439073600000000e+07   1.613e+09   1.000e+00
    100  213513.823     112       0  -4.439100800000000e+07   6.551e+08   1.000e+00
    101  215454.513     113       0  -4.439115200000000e+07   4.959e+08   1.000e+00
    102  217387.273     114       0  -4.439130400000000e+07   5.941e+08   1.000e+00
    103  219340.251     115       0  -4.439153200000000e+07   9.822e+08   1.000e+00
    104  221208.580     116       0  -4.439179600000000e+07   7.446e+08   1.000e+00
    105  223130.714     117       0  -4.439198000000000e+07   5.283e+08   1.000e+00
    106  225051.510     118       0  -4.439222000000000e+07   6.604e+08   1.000e+00
    107  226991.162     119       0  -4.439236000000000e+07   9.978e+08   1.000e+00
    108  228865.918     120       0  -4.439250800000000e+07   6.186e+08   1.000e+00
    109  230784.704     121       0  -4.439274000000000e+07   5.389e+08   1.000e+00
    110  232722.158     122       0  -4.439290000000000e+07   6.095e+08   1.000e+00
    111  234650.332     123       0  -4.439310000000000e+07   1.477e+09   1.000e+00
    112  236528.020     124       0  -4.439335200000000e+07   5.553e+08   1.000e+00
    113  238463.510     125       0  -4.439344800000000e+07   5.004e+08   1.000e+00
    114  240413.898     126       0  -4.439360800000000e+07   6.133e+08   1.000e+00
    115  242360.203     127       0  -4.439369200000000e+07   1.637e+09   1.000e+00
    116  244242.311     128       0  -4.439390400000000e+07   6.587e+08   1.000e+00
    117  246177.850     129       0  -4.439403600000000e+07   4.581e+08   1.000e+00
    118  248114.352     130       0  -4.439416400000000e+07   5.676e+08   1.000e+00
    119  250022.712     131       0  -4.439437200000000e+07   7.128e+08   1.000e+00
    120  251904.363     132       0  -4.439448000000000e+07   1.456e+09   1.000e+00
    121  253849.637     133       0  -4.439468800000000e+07   4.469e+08   1.000e+00
    122  255782.824     134       0  -4.439476000000000e+07   4.620e+08   1.000e+00
    123  257711.879     135       0  -4.439490800000000e+07   6.113e+08   1.000e+00
    124  259594.779     136       0  -4.439508000000000e+07   1.441e+09   1.000e+00
    125  261506.718     137       0  -4.439531600000000e+07   7.434e+08   1.000e+00
    126  263433.946     138       0  -4.439549200000000e+07   5.452e+08   1.000e+00
    127  265354.737     139       0  -4.439563600000000e+07   6.015e+08   1.000e+00
    128  267226.976     140       0  -4.439582000000000e+07   1.141e+09   1.000e+00
    129  269158.111     141       0  -4.439601600000000e+07   5.693e+08   1.000e+00
    130  271101.860     142       0  -4.439614000000000e+07   4.948e+08   1.000e+00
    131  273003.513     143       0  -4.439631200000000e+07   6.349e+08   1.000e+00
    132  274875.562     144       0  -4.439644800000000e+07   1.240e+09   1.000e+00
    133  276814.425     145       0  -4.439663600000000e+07   6.397e+08   1.000e+00
    134  278766.263     146       0  -4.439680000000000e+07   5.119e+08   1.000e+00
    135  280674.563     147       0  -4.439692400000000e+07   5.612e+08   1.000e+00
    136  282549.019     148       0  -4.439700400000000e+07   1.823e+09   1.000e+00
    137  284489.617     149       0  -4.439726800000000e+07   5.973e+08   1.000e+00
    138  286409.572     150       0  -4.439735600000000e+07   4.179e+08   1.000e+00
    139  288299.233     151       0  -4.439746400000000e+07   5.381e+08   1.000e+00
    140  290163.721     152       0  -4.439764000000000e+07   6.479e+08   1.000e+00
    141  292072.357     153       0  -4.439774400000000e+07   1.634e+09   1.000e+00
    142  293994.174     154       0  -4.439799600000000e+07   5.405e+08   1.000e+00
    143  295872.248     155       0  -4.439808800000000e+07   4.408e+08   1.000e+00
    144  297787.792     156       0  -4.439823200000000e+07   5.445e+08   1.000e+00
    145  299724.017     157       0  -4.439842400000000e+07   9.693e+08   1.000e+00
    146  301663.834     158       0  -4.439864000000000e+07   6.905e+08   1.000e+00
    147  303540.729     159       0  -4.439878800000000e+07   5.123e+08   1.000e+00
    148  305470.701     160       0  -4.439894400000000e+07   6.420e+08   1.000e+00
    149  307411.787     161       0  -4.439906800000000e+07   6.138e+08   1.000e+00
    150  309306.214     162       0  -4.439919600000000e+07   5.024e+08   1.000e+00
    151  311193.537     163       0  -4.439940800000000e+07   8.033e+08   1.000e+00
    152  313094.715     164       0  -4.439952800000000e+07   9.284e+08   1.000e+00
    153  315038.251     165       0  -4.439963200000000e+07   5.262e+08   1.000e+00
    154  316933.323     166       0  -4.439976800000000e+07   4.483e+08   1.000e+00
    155  318813.845     167       0  -4.439988800000000e+07   4.981e+08   1.000e+00
    156  320751.477     168       0  -4.439994800000000e+07   1.732e+09   1.000e+00
    157  322677.452     169       0  -4.440019600000000e+07   4.970e+08   1.000e+00
    158  324555.862     170       0  -4.440028000000000e+07   3.828e+08   1.000e+00
    159  326470.203     171       0  -4.440041200000000e+07   5.039e+08   1.000e+00
    160  328406.349     172       0  -4.440056800000000e+07   8.384e+08   1.000e+00
    161  330335.735     173       0  -4.440076800000000e+07   6.245e+08   1.000e+00
    162  332205.406     174       0  -4.440091200000000e+07   4.683e+08   1.000e+00
    163  334154.858     175       0  -4.440107200000000e+07   6.825e+08   1.000e+00
    164  336094.820     176       0  -4.440115600000000e+07   7.302e+08   1.000e+00
    165  337997.831     177       0  -4.440123600000000e+07   5.133e+08   1.000e+00
    166  339900.157     178       0  -4.440144400000000e+07   5.041e+08   1.000e+00
    167  341826.546     179       0  -4.440154400000000e+07   8.457e+08   1.000e+00
    168  343766.441     180       0  -4.440168800000000e+07   6.131e+08   1.000e+00
    169  345699.457     181       0  -4.440187200000000e+07   7.038e+08   1.000e+00
    170  347601.783     182       0  -4.440198000000000e+07   7.201e+08   1.000e+00
    171  349489.187     183       0  -4.440206400000000e+07   4.857e+08   1.000e+00
    172  351446.111     184       0  -4.440223200000000e+07   4.511e+08   1.000e+00
    173  353391.766     185       0  -4.440235600000000e+07   6.132e+08   1.000e+00
    174  355320.497     186       0  -4.440256000000000e+07   7.078e+08   1.000e+00
    175  357195.947     187       0  -4.440272000000000e+07   8.021e+08   1.000e+00
    176  359149.474     188       0  -4.440285600000000e+07   5.027e+08   1.000e+00
    177  361085.205     189       0  -4.440296000000000e+07   4.438e+08   1.000e+00
    178  362970.908     190       0  -4.440307200000000e+07   6.168e+08   1.000e+00
    179  364859.450     191       0  -4.440320800000000e+07   5.429e+08   1.000e+00
    180  366792.423     192       0  -4.440335200000000e+07   5.764e+08   1.000e+00
    181  368686.023     193       0  -4.440347200000000e+07   7.867e+08   1.000e+00
    182  370567.284     194       0  -4.440358000000000e+07   4.531e+08   1.000e+00
    183  372500.138     195       0  -4.440368000000000e+07   4.187e+08   1.000e+00
    184  374441.836     196       0  -4.440380400000000e+07   6.321e+08   1.000e+00
    185  376346.888     197       0  -4.440394000000000e+07   7.164e+08   1.000e+00
    186  378205.459     198       0  -4.440404000000000e+07   4.841e+08   1.000e+00
    187  380142.316     199       0  -4.440413200000000e+07   4.417e+08   1.000e+00
    188  382083.122     200       0  -4.440424400000000e+07   4.720e+08   1.000e+00
    189  383986.569     201       0  -4.440435600000000e+07   1.105e+09   1.000e+00
    190  385870.080     202       0  -4.440448800000000e+07   4.887e+08   1.000e+00
    191  387798.503     203       0  -4.440458400000000e+07   4.332e+08   1.000e+00
    192  389720.647     204       0  -4.440468000000000e+07   4.969e+08   1.000e+00
    193  391594.204     205       0  -4.440479600000000e+07   1.066e+09   1.000e+00
    194  393515.894     206       0  -4.440496400000000e+07   4.779e+08   1.000e+00
    195  395461.407     207       0  -4.440504400000000e+07   4.247e+08   1.000e+00
    196  397382.254     208       0  -4.440516400000000e+07   5.029e+08   1.000e+00
    197  399256.423     209       0  -4.440522400000000e+07   1.376e+09   1.000e+00
    198  401133.144     210       0  -4.440538000000000e+07   5.187e+08   1.000e+00
    199  403061.993     211       0  -4.440545600000000e+07   3.873e+08   1.000e+00
    200  404946.745     212       0  -4.440555200000000e+07   4.940e+08   1.000e+00
    201  406839.519     213       0  -4.440569200000000e+07   6.632e+08   1.000e+00
    202  408766.964     214       0  -4.440581600000000e+07   1.015e+09   1.000e+00
    203  410696.572     215       0  -4.440592800000000e+07   4.032e+08   1.000e+00
    204  412599.157     216       0  -4.440598800000000e+07   4.202e+08   1.000e+00
    205  414489.802     217       0  -4.440607600000000e+07   5.130e+08   1.000e+00
    206  416406.274     218       0  -4.440619200000000e+07   1.219e+09   1.000e+00
    207  418332.797     219       0  -4.440633600000000e+07   5.819e+08   1.000e+00
    208  420211.124     220       0  -4.440644000000000e+07   4.382e+08   1.000e+00
    209  422140.854     221       0  -4.440654000000000e+07   4.863e+08   1.000e+00
    210  424084.939     222       0  -4.440669200000000e+07   6.538e+08   1.000e+00
    211  425990.329     223       0  -4.440676400000000e+07   1.051e+09   1.000e+00
    212  427869.018     224       0  -4.440687600000000e+07   3.819e+08   1.000e+00
    213  429791.663     225       0  -4.440692800000000e+07   3.783e+08   1.000e+00
    214  431701.432     226       0  -4.440701600000000e+07   4.948e+08   1.000e+00
    215  433569.185     227       0  -4.440714800000000e+07   1.054e+09   1.000e+00
    216  435499.565     228       0  -4.440731200000000e+07   5.982e+08   1.000e+00
    217  437441.469     229       0  -4.440743200000000e+07   4.341e+08   1.000e+00
    218  439385.961     230       0  -4.440754800000000e+07   4.524e+08   1.000e+00
    219  441256.596     231       0  -4.440761200000000e+07   1.151e+09   1.000e+00
    220  443181.872     232       0  -4.440772800000000e+07   4.820e+08   1.000e+00
    221  445105.469     233       0  -4.440781200000000e+07   3.772e+08   1.000e+00
    222  447048.121     234       0  -4.440789600000000e+07   5.043e+08   1.000e+00
    223  448916.586     235       0  -4.440804800000000e+07   7.272e+08   1.000e+00
    224  450860.124     236       0  -4.440812800000000e+07   1.284e+09   1.000e+00
    225  452788.195     237       0  -4.440828400000000e+07   4.376e+08   1.000e+00
    226  454692.401     238       0  -4.440833600000000e+07   3.898e+08   1.000e+00
    227  456578.135     239       0  -4.440842000000000e+07   4.681e+08   1.000e+00
    228  458518.855     240       0  -4.440855200000000e+07   8.588e+08   1.000e+00
    229  460446.453     241       0  -4.440868000000000e+07   6.156e+08   1.000e+00
    230  462357.400     242       0  -4.440876800000000e+07   3.957e+08   1.000e+00
    231  464264.395     243       0  -4.440887200000000e+07   4.250e+08   1.000e+00
    232  466212.745     244       0  -4.440894400000000e+07   7.246e+08   1.000e+00
    233  468154.182     245       0  -4.440903200000000e+07   4.655e+08   1.000e+00
    234  470081.824     246       0  -4.440917600000000e+07   4.285e+08   1.000e+00
    235  471959.763     247       0  -4.440926000000000e+07   5.499e+08   1.000e+00
    236  473890.681     248       0  -4.440938400000000e+07   5.920e+08   1.000e+00
    237  475826.665     249       0  -4.440948400000000e+07   5.099e+08   1.000e+00
    238  477773.375     250       0  -4.440956800000000e+07   4.501e+08   1.000e+00
    239  479655.569     251       0  -4.440965600000000e+07   4.975e+08   1.000e+00
    240  481602.069     252       0  -4.440974400000000e+07   6.306e+08   1.000e+00
    241  483559.477     253       0  -4.440984000000000e+07   4.440e+08   1.000e+00
    242  485478.278     254       0  -4.440994800000000e+07   4.475e+08   1.000e+00
    243  487364.677     255       0  -4.441001200000000e+07   6.957e+08   1.000e+00
    244  489300.130     256       0  -4.441007600000000e+07   4.300e+08   1.000e+00
    245  491245.018     257       0  -4.441017600000000e+07   3.721e+08   1.000e+00
    246  493192.934     258       0  -4.441023600000000e+07   5.028e+08   1.000e+00
    247  495097.940     259       0  -4.441031600000000e+07   4.299e+08   1.000e+00
    248  496987.556     260       0  -4.441039600000000e+07   7.359e+08   1.000e+00
    249  498921.799     261       0  -4.441049600000000e+07   3.921e+08   1.000e+00
    250  500846.461     262       0  -4.441056800000000e+07   3.914e+08   1.000e+00
    251  502763.020     263       0  -4.441066000000000e+07   5.803e+08   1.000e+00
    252  504653.841     264       0  -4.441076400000000e+07   6.724e+08   1.000e+00
    253  506591.414     265       0  -4.441085600000000e+07   4.460e+08   1.000e+00
    254  508542.568     266       0  -4.441096400000000e+07   4.116e+08   1.000e+00
    255  510457.701     267       0  -4.441103600000000e+07   4.481e+08   1.000e+00
    256  512351.723     268       0  -4.441114000000000e+07   3.755e+08   1.000e+00
    257  514306.127     269       0  -4.441122400000000e+07   7.759e+08   1.000e+00
    258  516246.830     270       0  -4.441131200000000e+07   3.865e+08   1.000e+00
    259  518188.123     271       0  -4.441137200000000e+07   3.666e+08   1.000e+00
    260  520075.028     272       0  -4.441145200000000e+07   5.069e+08   1.000e+00
    261  522018.899     273       0  -4.441154000000000e+07   9.036e+08   1.000e+00
    262  523977.577     274       0  -4.441163600000000e+07   4.634e+08   1.000e+00
    263  525912.039     275       0  -4.441171600000000e+07   3.887e+08   1.000e+00
    264  527809.887     276       0  -4.441178000000000e+07   4.072e+08   1.000e+00
    265  529718.600     277       0  -4.441186400000000e+07   9.988e+08   1.000e+00
    266  531676.152     278       0  -4.441197600000000e+07   4.190e+08   1.000e+00
    267  533604.368     279       0  -4.441202800000000e+07   3.304e+08   1.000e+00
    268  535496.923     280       0  -4.441210400000000e+07   4.319e+08   1.000e+00
    269  537420.790     281       0  -4.441218000000000e+07   8.418e+08   1.000e+00
    270  539358.904     282       0  -4.441227200000000e+07   4.764e+08   1.000e+00
    271  541288.846     283       0  -4.441235200000000e+07   3.810e+08   1.000e+00
    272  543160.306     284       0  -4.441243200000000e+07   4.447e+08   1.000e+00
    273  545101.193     285       0  -4.441249600000000e+07   9.676e+08   1.000e+00
    274  547045.160     286       0  -4.441260400000000e+07   4.093e+08   1.000e+00
    275  548961.147     287       0  -4.441266000000000e+07   3.626e+08   1.000e+00
    276  550850.828     288       0  -4.441273200000000e+07   4.284e+08   1.000e+00
    277  552775.087     289       0  -4.441283200000000e+07   8.278e+08   1.000e+00
    278  554730.355     290       0  -4.441295200000000e+07   4.993e+08   1.000e+00
    279  556665.371     291       0  -4.441301600000000e+07   3.376e+08   1.000e+00
    280  558595.463     292       0  -4.441309200000000e+07   4.211e+08   1.000e+00
    281  560491.748     293       0  -4.441314800000000e+07   6.164e+08   1.000e+00
    282  562451.438     294       0  -4.441322000000000e+07   4.251e+08   1.000e+00
    283  564405.085     295       0  -4.441335200000000e+07   4.014e+08   1.000e+00
    284  566356.361     296       0  -4.441343600000000e+07   4.813e+08   1.000e+00
    285  568221.558     297       0  -4.441356800000000e+07   5.218e+08   1.000e+00
    286  570153.012     298       0  -4.441365200000000e+07   5.827e+08   1.000e+00
    287  572104.918     299       0  -4.441371200000000e+07   4.145e+08   1.000e+00
    288  574017.326     300       0  -4.441378800000000e+07   3.627e+08   1.000e+00
    289  575905.692     301       0  -4.441388400000000e+07   5.851e+08   1.000e+00
    290  577862.932     302       0  -4.441399200000000e+07   4.732e+08   1.000e+00
    291  579811.417     303       0  -4.441409200000000e+07   4.345e+08   1.000e+00
    292  581739.740     304       0  -4.441416800000000e+07   4.666e+08   1.000e+00
    293  583631.625     305       0  -4.441423200000000e+07   3.749e+08   1.000e+00
    294  585536.163     306       0  -4.441430400000000e+07   3.634e+08   1.000e+00
    295  587485.378     307       0  -4.441438800000000e+07   6.852e+08   1.000e+00
    296  589418.287     308       0  -4.441447600000000e+07   4.418e+08   1.000e+00
    297  591290.925     309       0  -4.441453600000000e+07   3.495e+08   1.000e+00
    298  593217.759     310       0  -4.441461200000000e+07   4.014e+08   1.000e+00
    299  595177.344     311       0  -4.441466800000000e+07   7.343e+08   1.000e+00
    300  597114.649     312       0  -4.441473200000000e+07   3.384e+08   1.000e+00
    301  599011.450     313       0  -4.441479200000000e+07   3.098e+08   1.000e+00
    302  600922.164     314       0  -4.441484800000000e+07   3.724e+08   1.000e+00
    303  602854.414     315       0  -4.441491600000000e+07   1.020e+09   1.000e+00
    304  604790.711     316       0  -4.441501600000000e+07   4.048e+08   1.000e+00
    305  606676.062     317       0  -4.441507600000000e+07   3.133e+08   1.000e+00
    306  608613.082     318       0  -4.441513600000000e+07   3.767e+08   1.000e+00
    307  610571.958     319       0  -4.441524800000000e+07   5.955e+08   1.000e+00
    308  612492.216     320       0  -4.441534800000000e+07   5.844e+08   1.000e+00
    309  614375.618     321       0  -4.441541200000000e+07   3.310e+08   1.000e+00
    310  616317.110     322       0  -4.441548800000000e+07   3.859e+08   1.000e+00
    311  618263.382     323       0  -4.441556400000000e+07   5.302e+08   1.000e+00
    312  620209.641     324       0  -4.441565200000000e+07   6.774e+08   1.000e+00
    313  622119.275     325       0  -4.441572800000000e+07   3.928e+08   1.000e+00
    314  624012.121     326       0  -4.441579200000000e+07   3.769e+08   1.000e+00
    315  625940.714     327       0  -4.441586000000000e+07   4.338e+08   1.000e+00
    316  627880.061     328       0  -4.441591600000000e+07   8.894e+08   1.000e+00
    317  629804.508     329       0  -4.441599600000000e+07   3.468e+08   1.000e+00
    318  631697.480     330       0  -4.441604000000000e+07   3.358e+08   1.000e+00
    319  633627.819     331       0  -4.441609200000000e+07   3.935e+08   1.000e+00
    320  635574.292     332       0  -4.441614800000000e+07   9.241e+08   1.000e+00
    321  637432.467     333       0  -4.441623200000000e+07   3.895e+08   1.000e+00
    322  639356.890     334       0  -4.441627600000000e+07   3.282e+08   1.000e+00
    323  641285.549     335       0  -4.441633200000000e+07   3.609e+08   1.000e+00
    324  643218.675     336       0  -4.441640000000000e+07   7.893e+08   1.000e+00
    325  645086.138     337       0  -4.441648400000000e+07   3.817e+08   1.000e+00
    326  647028.868     338       0  -4.441652800000000e+07   3.093e+08   1.000e+00
    327  648969.838     339       0  -4.441659600000000e+07   3.967e+08   1.000e+00
    328  650918.364     340       0  -4.441663600000000e+07   8.479e+08   1.000e+00
    329  652823.281     341       0  -4.441671200000000e+07   4.266e+08   1.000e+00
    330  654714.135     342       0  -4.441676400000000e+07   3.340e+08   1.000e+00
    331  656663.001     343       0  -4.441680000000000e+07   3.812e+08   1.000e+00
    332  658620.738     344       0  -4.441686800000000e+07   7.580e+08   1.000e+00
    333  660536.064     345       0  -4.441694000000000e+07   4.207e+08   1.000e+00
    334  662433.767     346       0  -4.441699200000000e+07   3.068e+08   1.000e+00
    335  664361.695     347       0  -4.441705600000000e+07   3.724e+08   1.000e+00
    336  666290.275     348       0  -4.441708800000000e+07   6.656e+08   1.000e+00
    337  668152.647     349       0  -4.441715200000000e+07   3.796e+08   1.000e+00
    338  670087.789     350       0  -4.441722400000000e+07   3.360e+08   1.000e+00
    339  672028.768     351       0  -4.441726800000000e+07   3.550e+08   1.000e+00
    340  673969.298     352       0  -4.441730000000000e+07   1.105e+09   1.000e+00
    341  675860.274     353       0  -4.441740400000000e+07   3.464e+08   1.000e+00
    342  677736.572     354       0  -4.441744000000000e+07   2.566e+08   1.000e+00
    343  679688.419     355       0  -4.441748400000000e+07   3.311e+08   1.000e+00
    344  681632.539     356       0  -4.441756400000000e+07   4.384e+08   1.000e+00
    345  683557.387     357       0  -4.441763600000000e+07   8.941e+08   1.000e+00
    346  685438.283     358       0  -4.441772400000000e+07   3.527e+08   1.000e+00
    347  687394.169     359       0  -4.441776000000000e+07   3.145e+08   1.000e+00
    348  689329.165     360       0  -4.441781200000000e+07   3.634e+08   1.000e+00
    349  691244.647     361       0  -4.441784800000000e+07   1.045e+09   1.000e+00
    350  693136.380     362       0  -4.441792800000000e+07   4.010e+08   1.000e+00
    351  695081.322     363       0  -4.441796000000000e+07   2.699e+08   1.000e+00
    352  697006.472     364       0  -4.441800800000000e+07   3.396e+08   1.000e+00
    353  698877.669     365       0  -4.441808000000000e+07   3.821e+08   1.000e+00
    354  700819.164     366       0  -4.441808400000000e+07   1.358e+09   1.000e+00
    355  702796.823     367       0  -4.441822000000000e+07   3.038e+08   1.000e+00
    356  704725.366     368       0  -4.441824000000000e+07   2.483e+08   1.000e+00
    357  706595.664     369       0  -4.441830400000000e+07   3.399e+08   1.000e+00
    358  708527.555     370       0  -4.441837200000000e+07   7.581e+08   1.000e+00
    359  710481.300     371       0  -4.441846000000000e+07   4.443e+08   1.000e+00
    360  712431.079     372       0  -4.441852000000000e+07   3.071e+08   1.000e+00
    361  714346.926     373       0  -4.441856800000000e+07   3.955e+08   1.000e+00
    362  716242.021     374       0  -4.441862400000000e+07   3.921e+08   1.000e+00
    363  718188.228     375       0  -4.441868000000000e+07   4.016e+08   1.000e+00
    364  720135.707     376       0  -4.441876400000000e+07   4.034e+08   1.000e+00
    365  722054.098     377       0  -4.441881200000000e+07   4.477e+08   1.000e+00
    366  723938.661     378       0  -4.441885600000000e+07   3.243e+08   1.000e+00
    367  725867.078     379       0  -4.441891600000000e+07   3.167e+08   1.000e+00
    368  727823.163     380       0  -4.441897200000000e+07   5.817e+08   1.000e+00
    369  729737.570     381       0  -4.441903600000000e+07   3.762e+08   1.000e+00
    370  731616.957     382       0  -4.441908000000000e+07   3.070e+08   1.000e+00
    371  733572.133     383       0  -4.441912400000000e+07   3.327e+08   1.000e+00
    372  735533.980     384       0  -4.441917600000000e+07   4.359e+08   1.000e+00
    373  737477.469     385       0  -4.441923200000000e+07   3.201e+08   1.000e+00
    374  739405.379     386       0  -4.441929200000000e+07   3.284e+08   1.000e+00
    375  741292.875     387       0  -4.441934000000000e+07   4.922e+08   1.000e+00
    376  743218.571     388       0  -4.441939200000000e+07   3.351e+08   1.000e+00
    377  745154.165     389       0  -4.441944400000000e+07   3.157e+08   1.000e+00
    378  747063.207     390       0  -4.441951200000000e+07   4.310e+08   1.000e+00
    379  748956.334     391       0  -4.441956800000000e+07   4.262e+08   1.000e+00
    380  750902.180     392       0  -4.441961600000000e+07   3.084e+08   1.000e+00
    381  752838.952     393       0  -4.441967600000000e+07   3.173e+08   1.000e+00
    382  754747.743     394       0  -4.441971600000000e+07   5.350e+08   1.000e+00
    383  756642.095     395       0  -4.441976400000000e+07   3.103e+08   1.000e+00
    384  758578.651     396       0  -4.441982000000000e+07   3.076e+08   1.000e+00
    385  760523.448     397       0  -4.441988400000000e+07   3.819e+08   1.000e+00
    386  762431.303     398       0  -4.441995600000000e+07   6.357e+08   1.000e+00
    387  764320.690     399       0  -4.442000800000000e+07   3.101e+08   1.000e+00
    388  766265.865     400       0  -4.442004800000000e+07   2.999e+08   1.000e+00
    389  768196.618     401       0  -4.442009600000000e+07   3.440e+08   1.000e+00
    390  770135.449     402       0  -4.442014800000000e+07   9.322e+08   1.000e+00
    391  772010.384     403       0  -4.442022400000000e+07   3.874e+08   1.000e+00
    392  773950.560     404       0  -4.442027200000000e+07   2.632e+08   1.000e+00
    393  775891.688     405       0  -4.442030800000000e+07   3.142e+08   1.000e+00
    394  777832.519     406       0  -4.442038400000000e+07   3.600e+08   1.000e+00
    395  781609.873     408       0  -4.442042800000000e+07   5.932e+08   4.703e-01
    396  783527.109     409       0  -4.442048000000000e+07   3.034e+08   1.000e+00
    397  785381.819     410       0  -4.442051600000000e+07   2.711e+08   1.000e+00
    398  787293.594     411       0  -4.442057200000000e+07   3.453e+08   1.000e+00
    399  789201.421     412       0  -4.442060400000000e+07   8.724e+08   1.000e+00
    400  791119.967     413       0  -4.442066800000000e+07   3.769e+08   1.000e+00
    401  792973.369     414       0  -4.442070400000000e+07   2.675e+08   1.000e+00
    402  794888.478     415       0  -4.442073200000000e+07   3.139e+08   1.000e+00
    403  796786.727     416       0  -4.442080000000000e+07   3.971e+08   1.000e+00
    404  800541.566     418       0  -4.442083200000000e+07   5.515e+08   4.609e-01
    405  802449.361     419       0  -4.442089600000000e+07   3.158e+08   1.000e+00
    406  804325.838     420       0  -4.442093600000000e+07   2.708e+08   1.000e+00
    407  806218.725     421       0  -4.442099200000000e+07   3.894e+08   1.000e+00
    408  808137.482     422       0  -4.442104000000000e+07   4.625e+08   1.000e+00
    409  810026.965     423       0  -4.442108000000000e+07   3.288e+08   1.000e+00
    410  811900.910     424       0  -4.442113200000000e+07   3.219e+08   1.000e+00
    411  813824.371     425       0  -4.442117200000000e+07   3.947e+08   1.000e+00
    412  815725.067     426       0  -4.442122000000000e+07   3.492e+08   1.000e+00
    413  817579.043     427       0  -4.442125600000000e+07   6.067e+08   1.000e+00
    414  819493.113     428       0  -4.442129600000000e+07   2.822e+08   1.000e+00
    415  821403.339     429       0  -4.442132800000000e+07   2.646e+08   1.000e+00
    416  823292.697     430       0  -4.442136800000000e+07   3.328e+08   1.000e+00
    417  825161.056     431       0  -4.442138800000000e+07   8.316e+08   1.000e+00
    418  827077.157     432       0  -4.442144800000000e+07   3.338e+08   1.000e+00
    419  828973.546     433       0  -4.442147600000000e+07   2.444e+08   1.000e+00
    420  830830.723     434       0  -4.442150800000000e+07   2.777e+08   1.000e+00
    421  832735.912     435       0  -4.442154800000000e+07   4.369e+08   1.000e+00
    422  834644.401     436       0  -4.442158800000000e+07   3.908e+08   1.000e+00
    423  836502.870     437       0  -4.442162400000000e+07   2.392e+08   1.000e+00
    424  838430.414     438       0  -4.442165600000000e+07   3.007e+08   1.000e+00
    425  840326.397     439       0  -4.442169200000000e+07   3.908e+08   1.000e+00
    426  842215.387     440       0  -4.442174000000000e+07   4.164e+08   1.000e+00
    427  844107.303     441       0  -4.442178000000000e+07   2.904e+08   1.000e+00
    428  846034.586     442       0  -4.442182400000000e+07   2.824e+08   1.000e+00
    429  847920.771     443       0  -4.442186000000000e+07   4.386e+08   1.000e+00
    430  849787.028     444       0  -4.442190000000000e+07   2.947e+08   1.000e+00
    431  851696.832     445       0  -4.442194800000000e+07   3.138e+08   1.000e+00
    432  853603.743     446       0  -4.442197600000000e+07   3.934e+08   1.000e+00
    433  855457.016     447       0  -4.442201200000000e+07   3.133e+08   1.000e+00
    434  857352.332     448       0  -4.442206000000000e+07   3.779e+08   1.000e+00
    435  859277.308     449       0  -4.442209200000000e+07   4.501e+08   1.000e+00
    436  861154.402     450       0  -4.442212000000000e+07   3.189e+08   1.000e+00
    437  863013.615     451       0  -4.442217200000000e+07   2.639e+08   1.000e+00
    438  864927.841     452       0  -4.442220800000000e+07   4.186e+08   1.000e+00
    439  866814.316     453       0  -4.442225600000000e+07   3.474e+08   1.000e+00
    440  868668.847     454       0  -4.442232400000000e+07   4.633e+08   1.000e+00
    441  870589.541     455       0  -4.442236400000000e+07   4.000e+08   1.000e+00
    442  872498.782     456       0  -4.442239600000000e+07   2.915e+08   1.000e+00
    443  874367.612     457       0  -4.442245200000000e+07   2.883e+08   1.000e+00
    444  876294.038     458       0  -4.442248800000000e+07   7.112e+08   1.000e+00
    445  878223.171     459       0  -4.442252800000000e+07   3.380e+08   1.000e+00
    446  880083.217     460       0  -4.442256800000000e+07   2.452e+08   1.000e+00
    447  881937.610     461       0  -4.442260800000000e+07   2.918e+08   1.000e+00
    448  883861.284     462       0  -4.442266800000000e+07   3.987e+08   1.000e+00
    449  885785.268     463       0  -4.442269600000000e+07   8.999e+08   1.000e+00
    450  887656.464     464       0  -4.442276000000000e+07   2.829e+08   1.000e+00
    451  889565.451     465       0  -4.442277600000000e+07   2.395e+08   1.000e+00
    452  891474.812     466       0  -4.442282000000000e+07   3.078e+08   1.000e+00
    453  893316.217     467       0  -4.442287600000000e+07   5.631e+08   1.000e+00
    454  895246.608     468       0  -4.442294000000000e+07   3.323e+08   1.000e+00
    455  897144.602     469       0  -4.442297600000000e+07   2.419e+08   1.000e+00
    456  899026.520     470       0  -4.442303600000000e+07   3.005e+08   1.000e+00
    457  900924.447     471       0  -4.442307200000000e+07   6.155e+08   1.000e+00
    458  902839.597     472       0  -4.442310800000000e+07   3.180e+08   1.000e+00
    459  904738.517     473       0  -4.442315200000000e+07   2.497e+08   1.000e+00
    460  906608.223     474       0  -4.442318400000000e+07   2.789e+08   1.000e+00
    461  908536.768     475       0  -4.442325200000000e+07   6.637e+08   1.000e+00
    462  910462.262     476       0  -4.442331600000000e+07   3.505e+08   1.000e+00
    463  912361.255     477       0  -4.442333600000000e+07   2.368e+08   1.000e+00
    464  914232.935     478       0  -4.442336800000000e+07   2.641e+08   1.000e+00
    465  916154.885     479       0  -4.442341600000000e+07   3.727e+08   1.000e+00
    466  918058.440     480       0  -4.442346000000000e+07   3.623e+08   1.000e+00
    467  919923.330     481       0  -4.442350800000000e+07   2.887e+08   1.000e+00
    468  921851.645     482       0  -4.442355200000000e+07   2.912e+08   1.000e+00
    469  923776.791     483       0  -4.442357600000000e+07   2.418e+08   1.000e+00
    470  925648.070     484       0  -4.442361600000000e+07   2.592e+08   1.000e+00
    471  927545.531     485       0  -4.442365600000000e+07   5.756e+08   1.000e+00
    472  929459.960     486       0  -4.442370400000000e+07   3.001e+08   1.000e+00
    473  931348.160     487       0  -4.442372400000000e+07   2.400e+08   1.000e+00
    474  933205.980     488       0  -4.442375600000000e+07   2.756e+08   1.000e+00
    475  935132.490     489       0  -4.442378800000000e+07   5.371e+08   1.000e+00
    476  937036.814     490       0  -4.442382400000000e+07   2.626e+08   1.000e+00
    477  938903.224     491       0  -4.442385600000000e+07   2.234e+08   1.000e+00
    478  940814.595     492       0  -4.442388400000000e+07   2.667e+08   1.000e+00
    479  942747.604     493       0  -4.442391200000000e+07   6.973e+08   1.000e+00
    480  944626.464     494       0  -4.442395600000000e+07   2.783e+08   1.000e+00
    481  946499.102     495       0  -4.442398000000000e+07   2.243e+08   1.000e+00
    482  948406.635     496       0  -4.442401200000000e+07   2.739e+08   1.000e+00
    483  950333.772     497       0  -4.442406000000000e+07   3.572e+08   1.000e+00
    484  952203.809     498       0  -4.442406400000000e+07   8.285e+08   1.000e+00
    485  954119.797     499       0  -4.442412800000000e+07   2.362e+08   1.000e+00
    486  956031.372     500       0  -4.442413600000000e+07   2.052e+08   1.000e+00
    487  957916.270     501       0  -4.442416800000000e+07   2.639e+08   1.000e+00
    488  959783.289     502       0  -4.442420400000000e+07   5.498e+08   1.000e+00
    489  961693.837     503       0  -4.442423600000000e+07   3.277e+08   1.000e+00
    490  963572.845     504       0  -4.442428000000000e+07   2.464e+08   1.000e+00
    491  965426.723     505       0  -4.442431200000000e+07   3.016e+08   1.000e+00
    492  967339.363     506       0  -4.442434000000000e+07   4.707e+08   1.000e+00
    493  969246.959     507       0  -4.442437600000000e+07   2.683e+08   1.000e+00
    494  971123.690     508       0  -4.442440400000000e+07   2.605e+08   1.000e+00
    495  973043.102     509       0  -4.442443600000000e+07   2.977e+08   1.000e+00
    496  974962.664     510       0  -4.442446000000000e+07   8.142e+08   1.000e+00
    497  976848.736     511       0  -4.442451600000000e+07   3.379e+08   1.000e+00
    498  978726.560     512       0  -4.442453600000000e+07   2.189e+08   1.000e+00
    499  980660.627     513       0  -4.442455600000000e+07   2.520e+08   1.000e+00
    500  982569.818     514       0  -4.442459600000000e+07   3.265e+08   1.000e+00
    501  984419.516     515       0  -4.442460800000000e+07   8.768e+08   1.000e+00
    502  986335.328     516       0  -4.442467200000000e+07   2.883e+08   1.000e+00
    503  988242.953     517       0  -4.442468800000000e+07   2.225e+08   1.000e+00
    504  990103.064     518       0  -4.442471600000000e+07   2.745e+08   1.000e+00
    505  992008.005     519       0  -4.442476000000000e+07   3.470e+08   1.000e+00
    506  995792.044     521       0  -4.442478400000000e+07   4.031e+08   5.000e-01
    507  997678.798     522       0  -4.442481200000000e+07   2.317e+08   1.000e+00
    508  999578.201     523       0  -4.442483600000000e+07   2.222e+08   1.000e+00
    509 1001473.833     524       0  -4.442486800000000e+07   3.476e+08   1.000e+00
    510 1003333.875     525       0  -4.442490000000000e+07   2.972e+08   1.000e+00
    511 1005234.197     526       0  -4.442493200000000e+07   2.335e+08   1.000e+00
    512 1007128.354     527       0  -4.442496400000000e+07   3.853e+08   1.000e+00
    513 1008971.607     528       0  -4.442498800000000e+07   2.941e+08   1.000e+00
    514 1010886.067     529       0  -4.442500800000000e+07   2.545e+08   1.000e+00
    515 1012788.736     530       0  -4.442504400000000e+07   3.720e+08   1.000e+00
    516 1014639.554     531       0  -4.442506800000000e+07   5.897e+08   1.000e+00
    517 1016536.841     532       0  -4.442509600000000e+07   2.632e+08   1.000e+00
    518 1018441.979     533       0  -4.442511600000000e+07   1.703e+08   1.000e+00
    519 1020295.280     534       0  -4.442513200000000e+07   2.393e+08   1.000e+00
    520 1022192.891     535       0  -4.442515600000000e+07   3.177e+08   1.000e+00
    521 1024089.366     536       0  -4.442519200000000e+07   5.510e+08   1.000e+00
    522 1025950.466     537       0  -4.442522400000000e+07   2.153e+08   1.000e+00
    523 1027830.116     538       0  -4.442524000000000e+07   2.262e+08   1.000e+00
    524 1029744.463     539       0  -4.442526000000000e+07   2.582e+08   1.000e+00
    525 1031634.515     540       0  -4.442526800000000e+07   8.111e+08   1.000e+00
    526 1033478.427     541       0  -4.442531200000000e+07   2.636e+08   1.000e+00
    527 1035390.210     542       0  -4.442533600000000e+07   1.831e+08   1.000e+00
    528 1037261.300     543       0  -4.442535200000000e+07   2.458e+08   1.000e+00
    529 1039111.566     544       0  -4.442538800000000e+07   2.808e+08   1.000e+00
    530 1041021.449     545       0  -4.442539600000000e+07   8.937e+08   1.000e+00
    531 1042935.664     546       0  -4.442545200000000e+07   2.114e+08   1.000e+00
    532 1044786.930     547       0  -4.442546800000000e+07   1.754e+08   1.000e+00
    533 1046703.551     548       0  -4.442549200000000e+07   2.251e+08   1.000e+00
    534 1048622.169     549       0  -4.442551600000000e+07   6.253e+08   1.000e+00
    535 1050522.082     550       0  -4.442554800000000e+07   2.987e+08   1.000e+00
    536 1052375.253     551       0  -4.442558000000000e+07   2.182e+08   1.000e+00
    537 1054285.963     552       0  -4.442560000000000e+07   2.516e+08   1.000e+00
    538 1056157.236     553       0  -4.442563600000000e+07   3.114e+08   1.000e+00
    539 1059898.584     555       0  -4.442565600000000e+07   4.464e+08   3.340e-01
    540 1061809.065     556       0  -4.442569600000000e+07   2.893e+08   1.000e+00
    541 1063673.827     557       0  -4.442572400000000e+07   2.244e+08   1.000e+00
    542 1065562.557     558       0  -4.442575200000000e+07   3.277e+08   1.000e+00
    543 1067445.407     559       0  -4.442578000000000e+07   3.216e+08   1.000e+00
    544 1069286.314     560       0  -4.442580800000000e+07   2.435e+08   1.000e+00
    545 1071221.234     561       0  -4.442584400000000e+07   2.927e+08   1.000e+00
    546 1073112.865     562       0  -4.442587200000000e+07   3.804e+08   1.000e+00
    547 1074968.100     563       0  -4.442589200000000e+07   2.662e+08   1.000e+00
    548 1076879.113     564       0  -4.442593600000000e+07   2.335e+08   1.000e+00
    549 1078793.817     565       0  -4.442596000000000e+07   3.405e+08   1.000e+00
    550 1080650.935     566       0  -4.442598400000000e+07   2.865e+08   1.000e+00
    551 1082558.179     567       0  -4.442602800000000e+07   5.033e+08   1.000e+00
    552 1084473.075     568       0  -4.442606000000000e+07   2.927e+08   1.000e+00
    553 1086359.432     569       0  -4.442607600000000e+07   2.323e+08   1.000e+00
    554 1088224.880     570       0  -4.442611600000000e+07   2.558e+08   1.000e+00
    555 1090135.769     571       0  -4.442613600000000e+07   5.836e+08   1.000e+00
    556 1092027.142     572       0  -4.442616000000000e+07   2.532e+08   1.000e+00
    557 1093898.113     573       0  -4.442618800000000e+07   1.849e+08   1.000e+00
    558 1095816.748     574       0  -4.442620800000000e+07   2.189e+08   1.000e+00
    559 1097733.151     575       0  -4.442624000000000e+07   3.383e+08   1.000e+00
    560 1099624.584     576       0  -4.442627600000000e+07   2.660e+08   1.000e+00
    561 1101490.403     577       0  -4.442629600000000e+07   2.289e+08   1.000e+00
    562 1103410.336     578       0  -4.442634400000000e+07   2.623e+08   1.000e+00
    563 1105322.495     579       0  -4.442635600000000e+07   8.202e+08   1.000e+00
    564 1107182.038     580       0  -4.442639600000000e+07   2.607e+08   1.000e+00
    565 1109076.498     581       0  -4.442641200000000e+07   1.572e+08   1.000e+00
    566 1110974.993     582       0  -4.442644400000000e+07   2.205e+08   1.000e+00
    567 1112823.886     583       0  -4.442648000000000e+07   2.436e+08   1.000e+00
    568 1114714.724     584       0  -4.442652800000000e+07   6.421e+08   1.000e+00
    569 1116628.255     585       0  -4.442658400000000e+07   2.721e+08   1.000e+00
    570 1118477.964     586       0  -4.442659200000000e+07   1.889e+08   1.000e+00
    571 1120385.089     587       0  -4.442662400000000e+07   2.005e+08   1.000e+00
    572 1122300.819     588       0  -4.442665200000000e+07   5.211e+08   1.000e+00
    573 1124188.293     589       0  -4.442668000000000e+07   2.540e+08   1.000e+00
    574 1126039.226     590       0  -4.442671600000000e+07   2.088e+08   1.000e+00
    575 1127957.869     591       0  -4.442674400000000e+07   2.353e+08   1.000e+00
    576 1129876.240     592       0  -4.442678800000000e+07   4.202e+08   1.000e+00
    577 1131731.009     593       0  -4.442682800000000e+07   3.437e+08   1.000e+00
    578 1133638.812     594       0  -4.442684400000000e+07   2.364e+08   1.000e+00
    579 1135551.568     595       0  -4.442687600000000e+07   2.208e+08   1.000e+00
    580 1137394.881     596       0  -4.442690000000000e+07   4.067e+08   1.000e+00
    581 1139312.954     597       0  -4.442693200000000e+07   2.810e+08   1.000e+00
    582 1141208.271     598       0  -4.442698800000000e+07   2.441e+08   1.000e+00
    583 1143094.948     599       0  -4.442701600000000e+07   3.402e+08   1.000e+00
    584 1144953.456     600       0  -4.442703600000000e+07   2.645e+08   1.000e+00
    585 1146865.952     601       0  -4.442708000000000e+07   3.266e+08   1.000e+00
    586 1148739.422     602       0  -4.442710000000000e+07   4.957e+08   1.000e+00
    587 1150605.922     603       0  -4.442711600000000e+07   2.525e+08   1.000e+00
    588 1152520.884     604       0  -4.442713600000000e+07   1.944e+08   1.000e+00
    589 1154426.504     605       0  -4.442714400000000e+07   2.395e+08   1.000e+00
    590 1156276.666     606       0  -4.442718000000000e+07   3.509e+08   1.000e+00
    591 1158184.903     607       0  -4.442718800000000e+07   5.967e+08   1.000e+00
    592 1160083.684     608       0  -4.442722800000000e+07   2.012e+08   1.000e+00
    593 1161937.181     609       0  -4.442724000000000e+07   1.848e+08   1.000e+00
    594 1163869.080     610       0  -4.442726000000000e+07   2.372e+08   1.000e+00
    595 1165786.488     611       0  -4.442726800000000e+07   6.818e+08   1.000e+00
    596 1167658.513     612       0  -4.442730400000000e+07   2.715e+08   1.000e+00
    597 1169533.305     613       0  -4.442732400000000e+07   1.863e+08   1.000e+00
    598 1171446.622     614       0  -4.442734000000000e+07   2.170e+08   1.000e+00
    599 1173324.657     615       0  -4.442736800000000e+07   2.864e+08   1.000e+00
    600 1175179.495     616       0  -4.442737200000000e+07   5.433e+08   1.000e+00
    601 1177065.851     617       0  -4.442740400000000e+07   1.953e+08   1.000e+00
    602 1178949.062     618       0  -4.442741600000000e+07   1.935e+08   1.000e+00
    603 1180798.826     619       0  -4.442743600000000e+07   2.467e+08   1.000e+00
    604 1182706.161     620       0  -4.442744000000000e+07   6.738e+08   1.000e+00
    605 1184574.633     621       0  -4.442747600000000e+07   2.419e+08   1.000e+00
    606 1186441.879     622       0  -4.442748800000000e+07   1.664e+08   1.000e+00
    607 1188337.218     623       0  -4.442750000000000e+07   1.987e+08   1.000e+00
    608 1190205.382     624       0  -4.442752000000000e+07   2.286e+08   1.000e+00
    609 1193951.190     626       0  -4.442753600000000e+07   3.575e+08   4.689e-01
    610 1195827.218     627       0  -4.442755600000000e+07   2.073e+08   1.000e+00
    611 1197694.602     628       0  -4.442757600000000e+07   2.120e+08   1.000e+00
    612 1199603.949     629       0  -4.442759200000000e+07   2.261e+08   1.000e+00
    613 1201479.158     630       0  -4.442761200000000e+07   2.254e+08   1.000e+00
    614 1203344.270     631       0  -4.442763200000000e+07   2.871e+08   1.000e+00
    615 1205252.596     632       0  -4.442765200000000e+07   2.338e+08   1.000e+00
    616 1207128.242     633       0  -4.442767600000000e+07   2.175e+08   1.000e+00
    617 1208997.423     634       0  -4.442769600000000e+07   3.669e+08   1.000e+00
    618 1210901.704     635       0  -4.442772400000000e+07   2.661e+08   1.000e+00
    619 1212797.916     636       0  -4.442773600000000e+07   1.995e+08   1.000e+00
    620 1214663.676     637       0  -4.442775600000000e+07   1.913e+08   1.000e+00
    621 1216568.852     638       0  -4.442777200000000e+07   3.563e+08   1.000e+00
    622 1218490.609     639       0  -4.442779600000000e+07   2.329e+08   1.000e+00
    623 1220374.417     640       0  -4.442782800000000e+07   2.138e+08   1.000e+00
    624 1222253.937     641       0  -4.442784800000000e+07   2.935e+08   1.000e+00
    625 1224167.615     642       0  -4.442786800000000e+07   2.345e+08   1.000e+00
    626 1226040.126     643       0  -4.442790000000000e+07   3.605e+08   1.000e+00
    627 1227900.552     644       0  -4.442792000000000e+07   3.460e+08   1.000e+00
    628 1229814.918     645       0  -4.442793600000000e+07   2.412e+08   1.000e+00
    629 1231685.919     646       0  -4.442797200000000e+07   1.971e+08   1.000e+00
    630 1233547.229     647       0  -4.442799200000000e+07   3.207e+08   1.000e+00
    631 1235467.811     648       0  -4.442802000000000e+07   2.589e+08   1.000e+00
    632 1237383.732     649       0  -4.442804800000000e+07   3.720e+08   1.000e+00
    633 1239259.449     650       0  -4.442807600000000e+07   2.339e+08   1.000e+00
    634 1241180.613     651       0  -4.442808800000000e+07   2.112e+08   1.000e+00
    635 1243113.633     652       0  -4.442812400000000e+07   3.809e+08   1.000e+00
    636 1245044.429     653       0  -4.442813600000000e+07   5.265e+08   1.000e+00
    637 1246914.351     654       0  -4.442815600000000e+07   2.012e+08   1.000e+00
    638 1248837.004     655       0  -4.442816800000000e+07   1.532e+08   1.000e+00
    639 1250771.465     656       0  -4.442819200000000e+07   2.126e+08   1.000e+00
    640 1252658.592     657       0  -4.442820800000000e+07   3.934e+08   1.000e+00
    641 1254523.675     658       0  -4.442823200000000e+07   1.990e+08   1.000e+00
    642 1256455.401     659       0  -4.442825600000000e+07   1.733e+08   1.000e+00
    643 1258366.828     660       0  -4.442828000000000e+07   2.125e+08   1.000e+00
    644 1260239.697     661       0  -4.442830800000000e+07   4.418e+08   1.000e+00
    645 1262133.172     662       0  -4.442833200000000e+07   2.359e+08   1.000e+00
    646 1264051.269     663       0  -4.442835600000000e+07   1.797e+08   1.000e+00
    647 1265908.155     664       0  -4.442836800000000e+07   2.312e+08   1.000e+00
    648 1267823.487     665       0  -4.442839200000000e+07   3.498e+08   1.000e+00
    649 1269735.963     666       0  -4.442841600000000e+07   2.233e+08   1.000e+00
    650 1271625.617     667       0  -4.442844800000000e+07   2.026e+08   1.000e+00
    651 1273484.945     668       0  -4.442846400000000e+07   2.275e+08   1.000e+00
    652 1275395.452     669       0  -4.442848800000000e+07   4.972e+08   1.000e+00
    653 1277263.592     670       0  -4.442851600000000e+07   1.939e+08   1.000e+00
    654 1279129.885     671       0  -4.442852800000000e+07   1.750e+08   1.000e+00
    655 1281039.359     672       0  -4.442855200000000e+07   2.078e+08   1.000e+00
    656 1282955.918     673       0  -4.442857200000000e+07   4.349e+08   1.000e+00
    657 1284815.845     674       0  -4.442860400000000e+07   2.296e+08   1.000e+00
    658 1286749.597     675       0  -4.442862800000000e+07   1.729e+08   1.000e+00
    659 1288663.401     676       0  -4.442865200000000e+07   2.137e+08   1.000e+00
    660 1290546.993     677       0  -4.442866800000000e+07   3.990e+08   1.000e+00
    661 1292409.417     678       0  -4.442868800000000e+07   2.133e+08   1.000e+00
    662 1294327.095     679       0  -4.442871600000000e+07   1.954e+08   1.000e+00
    663 1296244.411     680       0  -4.442873600000000e+07   2.206e+08   1.000e+00
    664 1298118.241     681       0  -4.442877600000000e+07   5.285e+08   1.000e+00
    665 1300043.904     682       0  -4.442881200000000e+07   2.305e+08   1.000e+00
    666 1301975.882     683       0  -4.442882400000000e+07   1.717e+08   1.000e+00
    667 1303905.592     684       0  -4.442884400000000e+07   1.924e+08   1.000e+00
    668 1305774.135     685       0  -4.442887600000000e+07   3.246e+08   1.000e+00
    669 1307704.358     686       0  -4.442890800000000e+07   2.273e+08   1.000e+00
    670 1309611.604     687       0  -4.442893200000000e+07   1.850e+08   1.000e+00
    671 1311488.091     688       0  -4.442896400000000e+07   2.878e+08   1.000e+00
    672 1313380.512     689       0  -4.442898800000000e+07   2.855e+08   1.000e+00
    673 1315300.123     690       0  -4.442900400000000e+07   2.074e+08   1.000e+00
    674 1317191.110     691       0  -4.442904000000000e+07   2.072e+08   1.000e+00
    675 1319056.009     692       0  -4.442906400000000e+07   3.243e+08   1.000e+00
    676 1320976.086     693       0  -4.442908000000000e+07   2.257e+08   1.000e+00
    677 1322889.315     694       0  -4.442912000000000e+07   1.882e+08   1.000e+00
    678 1324749.782     695       0  -4.442914000000000e+07   2.503e+08   1.000e+00
    679 1326663.239     696       0  -4.442916000000000e+07   2.331e+08   1.000e+00
    680 1328579.169     697       0  -4.442920400000000e+07   5.594e+08   1.000e+00
    681 1330477.936     698       0  -4.442923200000000e+07   2.062e+08   1.000e+00
    682 1332353.478     699       0  -4.442924000000000e+07   1.757e+08   1.000e+00
    683 1334282.639     700       0  -4.442925600000000e+07   2.526e+08   1.000e+00
    684 1338041.288     702       0  -4.442926400000000e+07   2.037e+08   4.575e-01
    685 1339959.417     703       0  -4.442928000000000e+07   1.880e+08   1.000e+00
    686 1341870.697     704       0  -4.442930400000000e+07   3.555e+08   1.000e+00
    687 1343724.565     705       0  -4.442932400000000e+07   1.852e+08   1.000e+00
    688 1345630.694     706       0  -4.442933600000000e+07   1.642e+08   1.000e+00
    689 1347561.475     707       0  -4.442934400000000e+07   3.483e+08   1.000e+00
    690 1349437.678     708       0  -4.442936000000000e+07   2.980e+08   1.000e+00
    691 1351305.796     709       0  -4.442936800000000e+07   1.735e+08   1.000e+00
    692 1353225.987     710       0  -4.442938400000000e+07   1.438e+08   1.000e+00
    693 1355106.701     711       0  -4.442939200000000e+07   1.909e+08   1.000e+00
    694 1358814.236     713       0  -4.442940000000000e+07   1.848e+08   4.485e-01
    695 1360650.355     714       0  -4.442940400000000e+07   1.608e+08   1.000e+00
    696 1362525.197     715       0  -4.442940800000000e+07   3.294e+08   1.000e+00
    697 1364450.514     716       0  -4.442942400000000e+07   1.730e+08   1.000e+00
    698 1366365.888     717       0  -4.442943200000000e+07   1.790e+08   1.000e+00
    699 1368260.573     718       0  -4.442944400000000e+07   2.547e+08   1.000e+00
    700 1370144.907     719       0  -4.442944800000000e+07   3.254e+08   1.000e+00
    701 1372062.989     720       0  -4.442946400000000e+07   1.888e+08   1.000e+00
    702 1373939.387     721       0  -4.442947200000000e+07   1.709e+08   1.000e+00
    703 1375807.490     722       0  -4.442948800000000e+07   1.860e+08   1.000e+00
    704 1379576.063     724       0  -4.442949200000000e+07   2.458e+08   5.000e-01
    705 1381447.723     725       0  -4.442950400000000e+07   1.928e+08   1.000e+00
    706 1383353.698     726       0  -4.442951600000000e+07   2.846e+08   1.000e+00
    707 1385225.324     727       0  -4.442953200000000e+07   2.027e+08   1.000e+00
    708 1387087.455     728       0  -4.442954800000000e+07   1.625e+08   1.000e+00
    709 1388998.167     729       0  -4.442956400000000e+07   2.136e+08   1.000e+00
    710 1390875.627     730       0  -4.442958000000000e+07   2.499e+08   1.000e+00
    711 1392728.249     731       0  -4.442959600000000e+07   2.056e+08   1.000e+00
    712 1394627.595     732       0  -4.442962000000000e+07   2.671e+08   1.000e+00
    713 1396533.376     733       0  -4.442963200000000e+07   2.954e+08   1.000e+00
    714 1398391.118     734       0  -4.442964800000000e+07   1.933e+08   1.000e+00
    715 1400313.194     735       0  -4.442966000000000e+07   1.438e+08   1.000e+00
    716 1402210.609     736       0  -4.442966400000000e+07   1.873e+08   1.000e+00
    717 1404111.625     737       0  -4.442969200000000e+07   2.611e+08   1.000e+00
    718 1405986.853     738       0  -4.442971600000000e+07   3.295e+08   1.000e+00
    719 1407901.268     739       0  -4.442973200000000e+07   2.222e+08   1.000e+00
    720 1409796.084     740       0  -4.442976000000000e+07   2.097e+08   1.000e+00
    721 1411650.813     741       0  -4.442977200000000e+07   2.286e+08   1.000e+00
    722 1413568.111     742       0  -4.442978800000000e+07   1.998e+08   1.000e+00
    723 1415472.582     743       0  -4.442982000000000e+07   3.522e+08   1.000e+00
    724 1417321.703     744       0  -4.442983600000000e+07   2.367e+08   1.000e+00
    725 1419220.962     745       0  -4.442984400000000e+07   1.699e+08   1.000e+00
    726 1421112.229     746       0  -4.442986400000000e+07   1.578e+08   1.000e+00
    727 1422966.830     747       0  -4.442988400000000e+07   3.945e+08   1.000e+00
    728 1424867.037     748       0  -4.442990000000000e+07   2.428e+08   1.000e+00
    729 1426775.871     749       0  -4.442992400000000e+07   1.662e+08   1.000e+00
    730 1428646.787     750       0  -4.442993600000000e+07   1.921e+08   1.000e+00
    731 1430514.425     751       0  -4.442996000000000e+07   1.939e+08   1.000e+00
    732 1432440.277     752       0  -4.442997200000000e+07   3.196e+08   1.000e+00
    733 1434318.889     753       0  -4.442998800000000e+07   2.077e+08   1.000e+00
    734 1436179.914     754       0  -4.443000800000000e+07   1.853e+08   1.000e+00
    735 1438091.994     755       0  -4.443002000000000e+07   2.107e+08   1.000e+00
    736 1440023.630     756       0  -4.443004000000000e+07   2.011e+08   1.000e+00
    737 1441891.259     757       0  -4.443006000000000e+07   2.193e+08   1.000e+00
    738 1443790.984     758       0  -4.443006800000000e+07   2.053e+08   1.000e+00
    739 1445696.557     759       0  -4.443008800000000e+07   1.828e+08   1.000e+00
    740 1447559.358     760       0  -4.443010800000000e+07   1.883e+08   1.000e+00
    741 1449476.071     761       0  -4.443012800000000e+07   2.387e+08   1.000e+00
    742 1451385.957     762       0  -4.443015200000000e+07   2.112e+08   1.000e+00
    743 1453264.374     763       0  -4.443016000000000e+07   1.709e+08   1.000e+00
    744 1455128.761     764       0  -4.443017600000000e+07   1.872e+08   1.000e+00
    745 1457048.426     765       0  -4.443020000000000e+07   2.329e+08   1.000e+00
    746 1458972.034     766       0  -4.443021600000000e+07   1.687e+08   1.000e+00
    747 1460824.948     767       0  -4.443023200000000e+07   1.791e+08   1.000e+00
    748 1462725.431     768       0  -4.443024800000000e+07   2.485e+08   1.000e+00
    749 1464651.197     769       0  -4.443026400000000e+07   1.675e+08   1.000e+00
    750 1466536.647     770       0  -4.443028800000000e+07   1.691e+08   1.000e+00
    751 1468398.781     771       0  -4.443031200000000e+07   2.230e+08   1.000e+00
    752 1470316.978     772       0  -4.443035200000000e+07   2.065e+08   1.000e+00
    753 1472185.322     773       0  -4.443037600000000e+07   4.058e+08   1.000e+00
    754 1474049.374     774       0  -4.443040000000000e+07   1.675e+08   1.000e+00
    755 1475975.986     775       0  -4.443041200000000e+07   1.512e+08   1.000e+00
    756 1477879.727     776       0  -4.443043200000000e+07   1.821e+08   1.000e+00
    757 1479751.863     777       0  -4.443045200000000e+07   4.729e+08   1.000e+00
    758 1481678.681     778       0  -4.443048000000000e+07   1.962e+08   1.000e+00
    759 1483592.274     779       0  -4.443049200000000e+07   1.494e+08   1.000e+00
    760 1485472.929     780       0  -4.443051600000000e+07   1.653e+08   1.000e+00
    761 1487341.915     781       0  -4.443054000000000e+07   2.626e+08   1.000e+00
    762 1489243.763     782       0  -4.443056400000000e+07   2.257e+08   1.000e+00
    763 1491155.287     783       0  -4.443057200000000e+07   1.336e+08   1.000e+00
    764 1513499.696     795       0  -4.443057200000000e+07   1.336e+08   7.997e-07
# Termination: function reduction test satisfied
# Iter.   Time (ms)    Eval. Reject.       Obj. Func.           Grad.       Step
# ---------------------------------------------------------------------------------
      0    1893.028       1       0  -4.426730800000000e+07   4.285e+09   0.000e+00
      1   24312.009      13       0  -4.428076800000000e+07   5.964e+09   1.075e-15
      2   26173.748      14       0  -4.428975600000000e+07   3.889e+09   1.000e+00
      3   28071.177      15       0  -4.429869200000000e+07   3.692e+09   1.000e+00
      4   29997.051      16       0  -4.430814000000000e+07   4.914e+09   1.000e+00
      5   31878.004      17       0  -4.431606400000000e+07   4.078e+09   1.000e+00
      6   33742.217      18       0  -4.432076800000000e+07   2.892e+09   1.000e+00
      7   35641.038      19       0  -4.432616000000000e+07   2.875e+09   1.000e+00
      8   37558.757      20       0  -4.433122800000000e+07   4.006e+09   1.000e+00
      9   39394.739      21       0  -4.433569600000000e+07   2.710e+09   1.000e+00
     10   41298.906      22       0  -4.433979600000000e+07   2.466e+09   1.000e+00
     11   43212.057      23       0  -4.434261200000000e+07   2.849e+09   1.000e+00
     12   45056.332      24       0  -4.434511600000000e+07   2.078e+09   1.000e+00
     13   46968.752      25       0  -4.434809200000000e+07   2.333e+09   1.000e+00
     14   48890.955      26       0  -4.435023600000000e+07   2.557e+09   1.000e+00
     15   50780.315      27       0  -4.435194800000000e+07   1.898e+09   1.000e+00
     16   52677.165      28       0  -4.435401200000000e+07   1.817e+09   1.000e+00
     17   54605.661      29       0  -4.435551600000000e+07   2.369e+09   1.000e+00
     18   56528.176      30       0  -4.435683600000000e+07   1.718e+09   1.000e+00
     19   58414.817      31       0  -4.435867600000000e+07   1.754e+09   1.000e+00
     20   60318.174      32       0  -4.435987600000000e+07   2.150e+09   1.000e+00
     21   62238.742      33       0  -4.436078400000000e+07   1.614e+09   1.000e+00
     22   64176.659      34       0  -4.436238400000000e+07   1.518e+09   1.000e+00
     23   66060.385      35       0  -4.436339200000000e+07   2.186e+09   1.000e+00
     24   67946.417      36       0  -4.436420000000000e+07   1.574e+09   1.000e+00
     25   69872.868      37       0  -4.436544800000000e+07   1.256e+09   1.000e+00
     26   71788.189      38       0  -4.436618400000000e+07   1.631e+09   1.000e+00
     27   73667.033      39       0  -4.436696800000000e+07   1.395e+09   1.000e+00
     28   75581.569      40       0  -4.436786400000000e+07   2.185e+09   1.000e+00
     29   77493.500      41       0  -4.436854400000000e+07   1.297e+09   1.000e+00
     30   79399.088      42       0  -4.436893200000000e+07   1.158e+09   1.000e+00
     31   81284.166      43       0  -4.436970000000000e+07   1.358e+09   1.000e+00
     32   83210.886      44       0  -4.436976400000000e+07   3.085e+09   1.000e+00
     33   85139.470      45       0  -4.437050800000000e+07   1.038e+09   1.000e+00
     34   87004.682      46       0  -4.437081200000000e+07   7.374e+08   1.000e+00
     35   88939.436      47       0  -4.437127600000000e+07   9.817e+08   1.000e+00
     36   90871.741      48       0  -4.437181200000000e+07   1.310e+09   1.000e+00
     37   92811.550      49       0  -4.437240800000000e+07   1.825e+09   1.000e+00
     38   94700.764      50       0  -4.437292400000000e+07   8.331e+08   1.000e+00
     39   96601.605      51       0  -4.437332800000000e+07   1.032e+09   1.000e+00
     40   98531.402      52       0  -4.437376000000000e+07   1.107e+09   1.000e+00
     41  100462.603      53       0  -4.437419200000000e+07   2.180e+09   1.000e+00
     42  102330.763      54       0  -4.437474800000000e+07   8.823e+08   1.000e+00
     43  104271.402      55       0  -4.437503600000000e+07   8.373e+08   1.000e+00
     44  106204.652      56       0  -4.437540000000000e+07   9.241e+08   1.000e+00
     45  108088.051      57       0  -4.437566800000000e+07   2.649e+09   1.000e+00
     46  109964.293      58       0  -4.437623600000000e+07   9.799e+08   1.000e+00
     47  111881.519      59       0  -4.437653200000000e+07   7.377e+08   1.000e+00
     48  113779.786      60       0  -4.437683600000000e+07   8.933e+08   1.000e+00
     49  115651.039      61       0  -4.437738000000000e+07   1.157e+09   1.000e+00
     50  117553.578      62       0  -4.437761600000000e+07   2.366e+09   1.000e+00
     51  119485.969      63       0  -4.437809600000000e+07   7.247e+08   1.000e+00
     52  121334.520      64       0  -4.437824800000000e+07   6.502e+08   1.000e+00
     53  123251.605      65       0  -4.437857200000000e+07   8.396e+08   1.000e+00
     54  125197.069      66       0  -4.437900000000000e+07   1.480e+09   1.000e+00
     55  127092.231      67       0  -4.437946000000000e+07   1.006e+09   1.000e+00
     56  128975.636      68       0  -4.437976000000000e+07   7.016e+08   1.000e+00
     57  130904.447      69       0  -4.438016400000000e+07   8.338e+08   1.000e+00
     58  132833.364      70       0  -4.438041200000000e+07   1.321e+09   1.000e+00
     59  134714.852      71       0  -4.438066400000000e+07   8.171e+08   1.000e+00
     60  136639.179      72       0  -4.438107600000000e+07   7.123e+08   1.000e+00
     61  138581.243      73       0  -4.438134800000000e+07   7.830e+08   1.000e+00
     62  140503.619      74       0  -4.438156800000000e+07   2.377e+09   1.000e+00
     63  142374.398      75       0  -4.438204800000000e+07   6.853e+08   1.000e+00
     64  144306.276      76       0  -4.438217600000000e+07   5.687e+08   1.000e+00
     65  146248.580      77       0  -4.438240800000000e+07   7.106e+08   1.000e+00
     66  148154.733      78       0  -4.438273600000000e+07   1.309e+09   1.000e+00
     67  150029.467      79       0  -4.438311200000000e+07   8.746e+08   1.000e+00
     68  151959.667      80       0  -4.438338000000000e+07   6.439e+08   1.000e+00
     69  153897.358      81       0  -4.438364800000000e+07   8.873e+08   1.000e+00
     70  155815.263      82       0  -4.438383200000000e+07   7.795e+08   1.000e+00
     71  157688.168      83       0  -4.438398400000000e+07   6.523e+08   1.000e+00
     72  159618.177      84       0  -4.438435200000000e+07   8.137e+08   1.000e+00
     73  161530.711      85       0  -4.438451200000000e+07   1.397e+09   1.000e+00
     74  163426.717      86       0  -4.438472400000000e+07   6.839e+08   1.000e+00
     75  165320.994      87       0  -4.438492000000000e+07   5.642e+08   1.000e+00
     76  167244.133      88       0  -4.438513200000000e+07   6.266e+08   1.000e+00
     77  169177.146      89       0  -4.438538000000000e+07   1.646e+09   1.000e+00
     78  171036.670      90       0  -4.438568000000000e+07   6.244e+08   1.000e+00
     79  172965.807      91       0  -4.438584800000000e+07   5.083e+08   1.000e+00
     80  174913.977      92       0  -4.438604400000000e+07   6.465e+08   1.000e+00
     81  176813.110      93       0  -4.438634800000000e+07   1.142e+09   1.000e+00
     82  178673.018      94       0  -4.438667600000000e+07   7.737e+08   1.000e+00
     83  180616.865      95       0  -4.438687200000000e+07   5.607e+08   1.000e+00
     84  182569.505      96       0  -4.438712800000000e+07   7.195e+08   1.000e+00
     85  184481.323      97       0  -4.438730000000000e+07   1.173e+09   1.000e+00
     86  186355.726      98       0  -4.438748000000000e+07   6.673e+08   1.000e+00
     87  188309.650      99       0  -4.438772800000000e+07   5.733e+08   1.000e+00
     88  190251.597     100       0  -4.438789200000000e+07   6.144e+08   1.000e+00
     89  192183.890     101       0  -4.438803200000000e+07   1.852e+09   1.000e+00
     90  194069.097     102       0  -4.438834400000000e+07   5.640e+08   1.000e+00
     91  195994.815     103       0  -4.438844000000000e+07   4.735e+08   1.000e+00
     92  197928.549     104       0  -4.438860800000000e+07   5.752e+08   1.000e+00
     93  199828.781     105       0  -4.438879200000000e+07   1.296e+09   1.000e+00
     94  201708.534     106       0  -4.438901200000000e+07   6.722e+08   1.000e+00
     95  203638.238     107       0  -4.438917600000000e+07   4.981e+08   1.000e+00
     96  205586.098     108       0  -4.438932800000000e+07   5.988e+08   1.000e+00
     97  207480.076     109       0  -4.438950000000000e+07   1.092e+09   1.000e+00
     98  209354.739     110       0  -4.438968800000000e+07   6.055e+08   1.000e+00
     99  211287.274     111       0  -4.438982800000000e+07   5.441e+08   1.000e+00
    100  213210.626     112       0  -4.438999600000000e+07   6.269e+08   1.000e+00
    101  215119.846     113       0  -4.439009600000000e+07   1.670e+09   1.000e+00
    102  217014.917     114       0  -4.439033200000000e+07   6.515e+08   1.000e+00
    103  218943.885     115       0  -4.439047200000000e+07   4.588e+08   1.000e+00
    104  220872.471     116       0  -4.439058800000000e+07   5.473e+08   1.000e+00
    105  222746.900     117       0  -4.439079600000000e+07   7.935e+08   1.000e+00
    106  224672.068     118       0  -4.439098000000000e+07   1.077e+09   1.000e+00
    107  226609.193     119       0  -4.439113200000000e+07   4.810e+08   1.000e+00
    108  228506.682     120       0  -4.439125200000000e+07   5.428e+08   1.000e+00
    109  230396.880     121       0  -4.439138800000000e+07   6.133e+08   1.000e+00
    110  232318.192     122       0  -4.439152000000000e+07   1.541e+09   1.000e+00
    111  234247.677     123       0  -4.439173200000000e+07   5.920e+08   1.000e+00
    112  236152.366     124       0  -4.439184800000000e+07   4.656e+08   1.000e+00
    113  238019.596     125       0  -4.439196400000000e+07   5.621e+08   1.000e+00
    114  239955.551     126       0  -4.439218000000000e+07   7.526e+08   1.000e+00
    115  241877.849     127       0  -4.439230000000000e+07   1.403e+09   1.000e+00
    116  243765.856     128       0  -4.439249200000000e+07   4.868e+08   1.000e+00
    117  245658.153     129       0  -4.439256400000000e+07   4.598e+08   1.000e+00
    118  247574.278     130       0  -4.439270800000000e+07   5.916e+08   1.000e+00
    119  249513.097     131       0  -4.439291600000000e+07   1.227e+09   1.000e+00
    120  251374.821     132       0  -4.439312800000000e+07   6.677e+08   1.000e+00
    121  253321.861     133       0  -4.439327200000000e+07   4.744e+08   1.000e+00
    122  255251.390     134       0  -4.439342800000000e+07   5.507e+08   1.000e+00
    123  257164.514     135       0  -4.439360000000000e+07   8.915e+08   1.000e+00
    124  259040.680     136       0  -4.439378800000000e+07   6.193e+08   1.000e+00
    125  260953.004     137       0  -4.439395600000000e+07   5.164e+08   1.000e+00
    126  262888.692     138       0  -4.439415200000000e+07   7.170e+08   1.000e+00
    127  264799.228     139       0  -4.439430800000000e+07   8.940e+08   1.000e+00
    128  266689.045     140       0  -4.439444400000000e+07   5.993e+08   1.000e+00
    129  268649.979     141       0  -4.439467200000000e+07   5.440e+08   1.000e+00
    130  270616.891     142       0  -4.439481200000000e+07   6.385e+08   1.000e+00
    131  272558.672     143       0  -4.439501200000000e+07   5.540e+08   1.000e+00
    132  274441.824     144       0  -4.439521200000000e+07   1.090e+09   1.000e+00
    133  276372.891     145       0  -4.439539200000000e+07   5.083e+08   1.000e+00
    134  278328.930     146       0  -4.439549200000000e+07   4.648e+08   1.000e+00
    135  280274.201     147       0  -4.439565200000000e+07   6.392e+08   1.000e+00
    136  282168.574     148       0  -4.439580400000000e+07   1.143e+09   1.000e+00
    137  284079.273     149       0  -4.439597200000000e+07   5.756e+08   1.000e+00
    138  286040.241     150       0  -4.439613200000000e+07   5.037e+08   1.000e+00
    139  287988.185     151       0  -4.439626000000000e+07   5.516e+08   1.000e+00
    140  289909.688     152       0  -4.439636400000000e+07   1.675e+09   1.000e+00
    141  291793.204     153       0  -4.439660000000000e+07   5.000e+08   1.000e+00
    142  293748.602     154       0  -4.439668000000000e+07   3.980e+08   1.000e+00
    143  295699.358     155       0  -4.439680400000000e+07   5.367e+08   1.000e+00
    144  297623.743     156       0  -4.439700800000000e+07   7.281e+08   1.000e+00
    145  299517.655     157       0  -4.439720000000000e+07   1.377e+09   1.000e+00
    146  301442.248     158       0  -4.439740000000000e+07   5.059e+08   1.000e+00
    147  303372.439     159       0  -4.439748800000000e+07   4.742e+08   1.000e+00
    148  305292.290     160       0  -4.439761600000000e+07   5.461e+08   1.000e+00
    149  307191.864     161       0  -4.439777600000000e+07   1.437e+09   1.000e+00
    150  309149.297     162       0  -4.439797200000000e+07   6.519e+08   1.000e+00
    151  311088.006     163       0  -4.439809600000000e+07   4.614e+08   1.000e+00
    152  312995.692     164       0  -4.439822000000000e+07   5.557e+08   1.000e+00
    153  314895.893     165       0  -4.439841200000000e+07   6.845e+08   1.000e+00
    154  316815.034     166       0  -4.439845200000000e+07   1.856e+09   1.000e+00
    155  318747.249     167       0  -4.439870800000000e+07   5.267e+08   1.000e+00
    156  320658.447     168       0  -4.439876800000000e+07   4.028e+08   1.000e+00
    157  322547.479     169       0  -4.439889200000000e+07   5.547e+08   1.000e+00
    158  324483.192     170       0  -4.439907600000000e+07   6.838e+08   1.000e+00
    159  326372.877     171       0  -4.439909200000000e+07   2.086e+09   1.000e+00
    160  328304.372     172       0  -4.439943200000000e+07   5.318e+08   1.000e+00
    161  330199.684     173       0  -4.439951200000000e+07   4.047e+08   1.000e+00
    162  332147.529     174       0  -4.439964400000000e+07   4.577e+08   1.000e+00
    163  334113.480     175       0  -4.439977600000000e+07   1.117e+09   1.000e+00
    164  336078.663     176       0  -4.439994000000000e+07   5.621e+08   1.000e+00
    165  337995.350     177       0  -4.440006800000000e+07   4.155e+08   1.000e+00
    166  339897.120     178       0  -4.440016400000000e+07   4.994e+08   1.000e+00
    167  341873.089     179       0  -4.440030800000000e+07   1.022e+09   1.000e+00
    168  343809.843     180       0  -4.440046000000000e+07   5.617e+08   1.000e+00
    169  345750.086     181       0  -4.440057600000000e+07   4.642e+08   1.000e+00
    170  347626.813     182       0  -4.440072000000000e+07   5.702e+08   1.000e+00
    171  349597.982     183       0  -4.440082800000000e+07   1.244e+09   1.000e+00
    172  351554.792     184       0  -4.440099600000000e+07   6.069e+08   1.000e+00
    173  353510.213     185       0  -4.440112800000000e+07   4.504e+08   1.000e+00
    174  355428.878     186       0  -4.440122800000000e+07   5.029e+08   1.000e+00
    175  357336.064     187       0  -4.440136800000000e+07   1.245e+09   1.000e+00
    176  359301.015     188       0  -4.440154800000000e+07   5.541e+08   1.000e+00
    177  361270.551     189       0  -4.440164800000000e+07   4.120e+08   1.000e+00
    178  363213.394     190       0  -4.440174800000000e+07   4.984e+08   1.000e+00
    179  365144.507     191       0  -4.440188400000000e+07   8.509e+08   1.000e+00
    180  367036.573     192       0  -4.440204400000000e+07   5.738e+08   1.000e+00
    181  368983.274     193       0  -4.440216400000000e+07   4.507e+08   1.000e+00
    182  370936.128     194       0  -4.440231200000000e+07   6.510e+08   1.000e+00
    183  372878.530     195       0  -4.440241600000000e+07   6.972e+08   1.000e+00
    184  374780.887     196       0  -4.440251600000000e+07   5.048e+08   1.000e+00
    185  376725.303     197       0  -4.440268800000000e+07   5.124e+08   1.000e+00
    186  378684.815     198       0  -4.440276800000000e+07   7.067e+08   1.000e+00
    187  380618.980     199       0  -4.440285600000000e+07   5.368e+08   1.000e+00
    188  382506.204     200       0  -4.440302800000000e+07   5.998e+08   1.000e+00
    189  384442.884     201       0  -4.440310400000000e+07   6.741e+08   1.000e+00
    190  386400.099     202       0  -4.440317200000000e+07   5.104e+08   1.000e+00
    191  388344.235     203       0  -4.440335200000000e+07   5.057e+08   1.000e+00
    192  390272.870     204       0  -4.440343200000000e+07   8.288e+08   1.000e+00
    193  392178.344     205       0  -4.440352000000000e+07   6.161e+08   1.000e+00
    194  394140.929     206       0  -4.440371200000000e+07   4.793e+08   1.000e+00
    195  396093.657     207       0  -4.440379600000000e+07   6.862e+08   1.000e+00
    196  398063.736     208       0  -4.440388800000000e+07   5.765e+08   1.000e+00
    197  399971.801     209       0  -4.440404000000000e+07   9.329e+08   1.000e+00
    198  401863.573     210       0  -4.440415200000000e+07   6.432e+08   1.000e+00
    199  403832.308     211       0  -4.440422000000000e+07   4.734e+08   1.000e+00
    200  405791.588     212       0  -4.440437200000000e+07   4.322e+08   1.000e+00
    201  407743.589     213       0  -4.440442400000000e+07   1.040e+09   1.000e+00
    202  409643.469     214       0  -4.440452400000000e+07   5.025e+08   1.000e+00
    203  411574.668     215       0  -4.440461200000000e+07   3.794e+08   1.000e+00
    204  413548.275     216       0  -4.440468000000000e+07   4.373e+08   1.000e+00
    205  415499.729     217       0  -4.440478400000000e+07   6.862e+08   1.000e+00
    206  417438.087     218       0  -4.440487600000000e+07   7.407e+08   1.000e+00
    207  419347.735     219       0  -4.440496800000000e+07   4.116e+08   1.000e+00
    208  421292.923     220       0  -4.440506000000000e+07   4.076e+08   1.000e+00
    209  423249.419     221       0  -4.440515600000000e+07   5.120e+08   1.000e+00
    210  425207.149     222       0  -4.440527600000000e+07   7.229e+08   1.000e+00
    211  427135.492     223       0  -4.440538000000000e+07   4.427e+08   1.000e+00
    212  429065.335     224       0  -4.440546800000000e+07   4.650e+08   1.000e+00
    213  431026.035     225       0  -4.440558400000000e+07   5.502e+08   1.000e+00
    214  432986.515     226       0  -4.440568000000000e+07   1.043e+09   1.000e+00
    215  434944.638     227       0  -4.440580000000000e+07   4.062e+08   1.000e+00
    216  436886.449     228       0  -4.440587600000000e+07   3.790e+08   1.000e+00
    217  438817.716     229       0  -4.440595600000000e+07   4.468e+08   1.000e+00
    218  440779.263     230       0  -4.440606000000000e+07   8.713e+08   1.000e+00
    219  442747.239     231       0  -4.440618000000000e+07   4.280e+08   1.000e+00
    220  444724.852     232       0  -4.440628000000000e+07   4.458e+08   1.000e+00
    221  446692.626     233       0  -4.440638400000000e+07   4.813e+08   1.000e+00
    222  448631.618     234       0  -4.440641200000000e+07   1.500e+09   1.000e+00
    223  450558.597     235       0  -4.440657200000000e+07   4.725e+08   1.000e+00
    224  452524.203     236       0  -4.440664000000000e+07   3.348e+08   1.000e+00
    225  454488.804     237       0  -4.440672800000000e+07   4.471e+08   1.000e+00
    226  456446.884     238       0  -4.440684400000000e+07   5.459e+08   1.000e+00
    227  458365.767     239       0  -4.440686800000000e+07   1.516e+09   1.000e+00
    228  460268.072     240       0  -4.440705600000000e+07   3.853e+08   1.000e+00
    229  462225.550     241       0  -4.440709600000000e+07   3.239e+08   1.000e+00
    230  464182.872     242       0  -4.440717200000000e+07   3.990e+08   1.000e+00
    231  466149.104     243       0  -4.440727600000000e+07   8.167e+08   1.000e+00
    232  468054.705     244       0  -4.440740400000000e+07   5.218e+08   1.000e+00
    233  469968.670     245       0  -4.440750800000000e+07   3.939e+08   1.000e+00
    234  471926.917     246       0  -4.440763200000000e+07   5.614e+08   1.000e+00
    235  473867.563     247       0  -4.440772400000000e+07   6.791e+08   1.000e+00
    236  475775.601     248       0  -4.440779600000000e+07   4.453e+08   1.000e+00
    237  477667.376     249       0  -4.440790800000000e+07   4.481e+08   1.000e+00
    238  479619.663     250       0  -4.440798000000000e+07   4.973e+08   1.000e+00
    239  481584.064     251       0  -4.440808800000000e+07   5.062e+08   1.000e+00
    240  483535.568     252       0  -4.440820000000000e+07   5.849e+08   1.000e+00
    241  485468.317     253       0  -4.440828800000000e+07   4.492e+08   1.000e+00
    242  487365.989     254       0  -4.440835200000000e+07   3.713e+08   1.000e+00
    243  489337.720     255       0  -4.440843200000000e+07   5.274e+08   1.000e+00
    244  491283.366     256       0  -4.440852000000000e+07   4.880e+08   1.000e+00
    245  493233.251     257       0  -4.440858800000000e+07   4.148e+08   1.000e+00
    246  495141.579     258       0  -4.440868400000000e+07   5.776e+08   1.000e+00
    247  497070.317     259       0  -4.440874800000000e+07   6.218e+08   1.000e+00
    248  499036.431     260       0  -4.440880000000000e+07   4.303e+08   1.000e+00
    249  500993.406     261       0  -4.440890000000000e+07   3.317e+08   1.000e+00
    250  502980.432     262       0  -4.440896000000000e+07   4.717e+08   1.000e+00
    251  504913.020     263       0  -4.440904800000000e+07   4.388e+08   1.000e+00
    252  506825.534     264       0  -4.440910400000000e+07   1.190e+09   1.000e+00
    253  508796.347     265       0  -4.440923600000000e+07   3.899e+08   1.000e+00
    254  510782.889     266       0  -4.440929200000000e+07   3.558e+08   1.000e+00
    255  512770.084     267       0  -4.440938000000000e+07   4.471e+08   1.000e+00
    256  514737.734     268       0  -4.440951200000000e+07   5.948e+08   1.000e+00
    257  516682.297     269       0  -4.440953200000000e+07   1.364e+09   1.000e+00
    258  518600.628     270       0  -4.440968800000000e+07   3.741e+08   1.000e+00
    259  520579.003     271       0  -4.440971600000000e+07   3.086e+08   1.000e+00
    260  522544.671     272       0  -4.440979200000000e+07   4.064e+08   1.000e+00
    261  524506.496     273       0  -4.440988400000000e+07   7.090e+08   1.000e+00
    262  526450.171     274       0  -4.440999200000000e+07   4.718e+08   1.000e+00
    263  528338.034     275       0  -4.441006400000000e+07   3.377e+08   1.000e+00
    264  530283.173     276       0  -4.441013200000000e+07   4.435e+08   1.000e+00
    265  532206.920     277       0  -4.441018800000000e+07   5.508e+08   1.000e+00
    266  534123.746     278       0  -4.441024800000000e+07   3.993e+08   1.000e+00
    267  536004.885     279       0  -4.441036800000000e+07   4.433e+08   1.000e+00
    268  537954.135     280       0  -4.441040800000000e+07   7.153e+08   1.000e+00
    269  539888.574     281       0  -4.441046400000000e+07   4.318e+08   1.000e+00
    270  541800.895     282       0  -4.441055600000000e+07   3.614e+08   1.000e+00
    271  543678.540     283       0  -4.441060800000000e+07   3.805e+08   1.000e+00
    272  545615.311     284       0  -4.441064800000000e+07   1.216e+09   1.000e+00
    273  547562.628     285       0  -4.441077200000000e+07   3.564e+08   1.000e+00
    274  549504.822     286       0  -4.441082000000000e+07   3.013e+08   1.000e+00
    275  551378.234     287       0  -4.441088400000000e+07   3.876e+08   1.000e+00
    276  553322.271     288       0  -4.441097600000000e+07   7.074e+08   1.000e+00
    277  555275.263     289       0  -4.441108800000000e+07   5.472e+08   1.000e+00
    278  557204.606     290       0  -4.441117200000000e+07   3.818e+08   1.000e+00
    279  559077.447     291       0  -4.441127600000000e+07   4.808e+08   1.000e+00
    280  561012.828     292       0  -4.441133200000000e+07   6.395e+08   1.000e+00
    281  562965.299     293       0  -4.441139200000000e+07   3.983e+08   1.000e+00
    282  564894.435     294       0  -4.441148800000000e+07   3.532e+08   1.000e+00
    283  566763.399     295       0  -4.441155200000000e+07   4.136e+08   1.000e+00
    284  568693.970     296       0  -4.441164800000000e+07   7.973e+08   1.000e+00
    285  570664.544     297       0  -4.441172800000000e+07   3.781e+08   1.000e+00
    286  572625.526     298       0  -4.441177600000000e+07   3.527e+08   1.000e+00
    287  574544.275     299       0  -4.441184400000000e+07   3.906e+08   1.000e+00
    288  576421.823     300       0  -4.441187200000000e+07   1.197e+09   1.000e+00
    289  578364.371     301       0  -4.441197200000000e+07   4.404e+08   1.000e+00
    290  580317.635     302       0  -4.441203600000000e+07   2.989e+08   1.000e+00
    291  582266.051     303       0  -4.441210000000000e+07   3.886e+08   1.000e+00
    292  584161.454     304       0  -4.441218800000000e+07   4.929e+08   1.000e+00
    293  586098.652     305       0  -4.441224800000000e+07   1.083e+09   1.000e+00
    294  588027.295     306       0  -4.441235600000000e+07   3.260e+08   1.000e+00
    295  590013.927     307       0  -4.441238800000000e+07   3.152e+08   1.000e+00
    296  591911.711     308       0  -4.441245200000000e+07   4.091e+08   1.000e+00
    297  593812.664     309       0  -4.441253600000000e+07   9.414e+08   1.000e+00
    298  595760.764     310       0  -4.441263600000000e+07   4.848e+08   1.000e+00
    299  597704.499     311       0  -4.441270800000000e+07   3.361e+08   1.000e+00
    300  599610.026     312       0  -4.441276400000000e+07   3.568e+08   1.000e+00
    301  601514.529     313       0  -4.441283200000000e+07   5.746e+08   1.000e+00
    302  603460.705     314       0  -4.441290800000000e+07   4.061e+08   1.000e+00
    303  605435.440     315       0  -4.441296000000000e+07   3.164e+08   1.000e+00
    304  607370.778     316       0  -4.441304800000000e+07   4.109e+08   1.000e+00
    305  609296.834     317       0  -4.441310400000000e+07   7.449e+08   1.000e+00
    306  611194.943     318       0  -4.441316800000000e+07   4.461e+08   1.000e+00
    307  613134.472     319       0  -4.441326800000000e+07   3.322e+08   1.000e+00
    308  615085.362     320       0  -4.441332000000000e+07   3.555e+08   1.000e+00
    309  617006.946     321       0  -4.441336800000000e+07   1.176e+09   1.000e+00
    310  618906.820     322       0  -4.441349200000000e+07   3.172e+08   1.000e+00
    311  620866.522     323       0  -4.441351200000000e+07   2.817e+08   1.000e+00
    312  622816.929     324       0  -4.441357600000000e+07   3.627e+08   1.000e+00
    313  624771.277     325       0  -4.441362800000000e+07   9.328e+08   1.000e+00
    314  626660.475     326       0  -4.441371600000000e+07   4.302e+08   1.000e+00
    315  628580.130     327       0  -4.441377600000000e+07   3.051e+08   1.000e+00
    316  630540.539     328       0  -4.441382800000000e+07   3.469e+08   1.000e+00
    317  632530.055     329       0  -4.441392000000000e+07   4.736e+08   1.000e+00
    318  634490.398     330       0  -4.441396400000000e+07   9.999e+08   1.000e+00
    319  636406.609     331       0  -4.441405200000000e+07   3.137e+08   1.000e+00
    320  638313.256     332       0  -4.441408000000000e+07   2.883e+08   1.000e+00
    321  640269.131     333       0  -4.441414400000000e+07   3.704e+08   1.000e+00
    322  642202.883     334       0  -4.441421600000000e+07   8.408e+08   1.000e+00
    323  644105.550     335       0  -4.441430400000000e+07   4.204e+08   1.000e+00
    324  645998.722     336       0  -4.441435200000000e+07   3.131e+08   1.000e+00
    325  647925.464     337       0  -4.441440400000000e+07   3.666e+08   1.000e+00
    326  649886.539     338       0  -4.441446400000000e+07   6.467e+08   1.000e+00
    327  651799.197     339       0  -4.441453600000000e+07   3.656e+08   1.000e+00
    328  653715.210     340       0  -4.441459200000000e+07   3.118e+08   1.000e+00
    329  655655.142     341       0  -4.441464000000000e+07   3.821e+08   1.000e+00
    330  657618.648     342       0  -4.441467600000000e+07   7.840e+08   1.000e+00
    331  659558.656     343       0  -4.441474000000000e+07   3.576e+08   1.000e+00
    332  661492.094     344       0  -4.441478800000000e+07   3.093e+08   1.000e+00
    333  663382.640     345       0  -4.441482800000000e+07   3.703e+08   1.000e+00
    334  665331.586     346       0  -4.441492000000000e+07   6.730e+08   1.000e+00
    335  667281.593     347       0  -4.441498800000000e+07   5.335e+08   1.000e+00
    336  669190.883     348       0  -4.441504400000000e+07   3.102e+08   1.000e+00
    337  671085.859     349       0  -4.441509600000000e+07   3.455e+08   1.000e+00
    338  673036.975     350       0  -4.441514400000000e+07   4.375e+08   1.000e+00
    339  674995.759     351       0  -4.441521200000000e+07   3.483e+08   1.000e+00
    340  676921.127     352       0  -4.441528800000000e+07   3.461e+08   1.000e+00
    341  678811.854     353       0  -4.441529600000000e+07   1.066e+09   1.000e+00
    342  680759.882     354       0  -4.441538800000000e+07   3.287e+08   1.000e+00
    343  682701.627     355       0  -4.441541600000000e+07   2.423e+08   1.000e+00
    344  684618.762     356       0  -4.441546800000000e+07   3.362e+08   1.000e+00
    345  686528.144     357       0  -4.441553600000000e+07   5.768e+08   1.000e+00
    346  688487.191     358       0  -4.441561600000000e+07   3.960e+08   1.000e+00
    347  690441.506     359       0  -4.441568800000000e+07   3.515e+08   1.000e+00
    348  692388.888     360       0  -4.441574800000000e+07   5.132e+08   1.000e+00
    349  694296.690     361       0  -4.441579600000000e+07   3.013e+08   1.000e+00
    350  696196.848     362       0  -4.441583600000000e+07   3.085e+08   1.000e+00
    351  698157.129     363       0  -4.441590000000000e+07   3.680e+08   1.000e+00
    352  700114.217     364       0  -4.441595200000000e+07   8.405e+08   1.000e+00
    353  702079.844     365       0  -4.441604000000000e+07   3.437e+08   1.000e+00
    354  704010.123     366       0  -4.441607600000000e+07   2.999e+08   1.000e+00
    355  705912.807     367       0  -4.441613600000000e+07   3.483e+08   1.000e+00
    356  707838.134     368       0  -4.441615200000000e+07   1.104e+09   1.000e+00
    357  709782.923     369       0  -4.441623600000000e+07   3.756e+08   1.000e+00
    358  711705.901     370       0  -4.441627200000000e+07   2.360e+08   1.000e+00
    359  713611.930     371       0  -4.441632000000000e+07   3.327e+08   1.000e+00
    360  715554.947     372       0  -4.441637600000000e+07   3.929e+08   1.000e+00
    361  717515.140     373       0  -4.441640400000000e+07   1.101e+09   1.000e+00
    362  719469.547     374       0  -4.441650400000000e+07   2.921e+08   1.000e+00
    363  721390.658     375       0  -4.441652800000000e+07   2.553e+08   1.000e+00
    364  723287.155     376       0  -4.441658000000000e+07   3.335e+08   1.000e+00
    365  725257.820     377       0  -4.441663600000000e+07   7.848e+08   1.000e+00
    366  727199.304     378       0  -4.441670400000000e+07   3.942e+08   1.000e+00
    367  729140.089     379       0  -4.441675600000000e+07   2.804e+08   1.000e+00
    368  731019.464     380       0  -4.441679600000000e+07   3.086e+08   1.000e+00
    369  732971.703     381       0  -4.441685600000000e+07   5.368e+08   1.000e+00
    370  734946.457     382       0  -4.441691600000000e+07   3.570e+08   1.000e+00
    371  736886.475     383       0  -4.441695600000000e+07   2.770e+08   1.000e+00
    372  738818.148     384       0  -4.441702000000000e+07   3.681e+08   1.000e+00
    373  740726.413     385       0  -4.441705600000000e+07   6.285e+08   1.000e+00
    374  742668.224     386       0  -4.441710000000000e+07   3.645e+08   1.000e+00
    375  744617.468     387       0  -4.441716000000000e+07   2.847e+08   1.000e+00
    376  746544.962     388       0  -4.441720400000000e+07   3.050e+08   1.000e+00
    377  748448.683     389       0  -4.441720800000000e+07   1.029e+09   1.000e+00
    378  750405.639     390       0  -4.441730400000000e+07   2.688e+08   1.000e+00
    379  752371.573     391       0  -4.441732800000000e+07   2.376e+08   1.000e+00
    380  754329.042     392       0  -4.441737200000000e+07   3.143e+08   1.000e+00
    381  756292.820     393       0  -4.441742400000000e+07   7.284e+08   1.000e+00
    382  758185.998     394       0  -4.441749200000000e+07   3.848e+08   1.000e+00
    383  760122.068     395       0  -4.441753600000000e+07   2.818e+08   1.000e+00
    384  762093.505     396       0  -4.441756800000000e+07   3.214e+08   1.000e+00
    385  764035.825     397       0  -4.441761600000000e+07   6.763e+08   1.000e+00
    386  765962.440     398       0  -4.441767600000000e+07   3.194e+08   1.000e+00
    387  767893.551     399       0  -4.441771600000000e+07   2.954e+08   1.000e+00
    388  769834.871     400       0  -4.441776000000000e+07   3.364e+08   1.000e+00
    389  771789.366     401       0  -4.441780000000000e+07   8.738e+08   1.000e+00
    390  773729.772     402       0  -4.441787200000000e+07   3.507e+08   1.000e+00
    391  775636.568     403       0  -4.441791200000000e+07   2.463e+08   1.000e+00
    392  777548.100     404       0  -4.441794800000000e+07   2.871e+08   1.000e+00
    393  779506.227     405       0  -4.441802000000000e+07   4.080e+08   1.000e+00
    394  781468.093     406       0  -4.441808000000000e+07   6.909e+08   1.000e+00
    395  783394.308     407       0  -4.441813200000000e+07   2.689e+08   1.000e+00
    396  785323.816     408       0  -4.441815600000000e+07   2.706e+08   1.000e+00
    397  787212.641     409       0  -4.441820000000000e+07   3.188e+08   1.000e+00
    398  789172.200     410       0  -4.441825600000000e+07   9.136e+08   1.000e+00
    399  791119.282     411       0  -4.441831200000000e+07   3.513e+08   1.000e+00
    400  793050.994     412       0  -4.441835200000000e+07   2.466e+08   1.000e+00
    401  794943.798     413       0  -4.441839200000000e+07   3.021e+08   1.000e+00
    402  796889.718     414       0  -4.441844800000000e+07   3.559e+08   1.000e+00
    403  798842.196     415       0  -4.441846400000000e+07   1.176e+09   1.000e+00
    404  800802.534     416       0  -4.441855600000000e+07   3.065e+08   1.000e+00
    405  802727.420     417       0  -4.441857600000000e+07   2.283e+08   1.000e+00
    406  804647.562     418       0  -4.441862400000000e+07   2.977e+08   1.000e+00
    407  806568.044     419       0  -4.441868000000000e+07   3.790e+08   1.000e+00
    408  808489.467     420       0  -4.441870000000000e+07   1.009e+09   1.000e+00
    409  810428.985     421       0  -4.441878800000000e+07   2.902e+08   1.000e+00
    410  812326.466     422       0  -4.441880800000000e+07   2.365e+08   1.000e+00
    411  814293.154     423       0  -4.441885600000000e+07   2.828e+08   1.000e+00
    412  816250.012     424       0  -4.441890400000000e+07   6.562e+08   1.000e+00
    413  818198.535     425       0  -4.441895600000000e+07   3.183e+08   1.000e+00
    414  820118.046     426       0  -4.441898800000000e+07   2.341e+08   1.000e+00
    415  822004.947     427       0  -4.441902000000000e+07   2.713e+08   1.000e+00
    416  823946.416     428       0  -4.441906000000000e+07   5.522e+08   1.000e+00
    417  825889.051     429       0  -4.441910400000000e+07   2.905e+08   1.000e+00
    418  827812.639     430       0  -4.441913600000000e+07   2.473e+08   1.000e+00
    419  829726.120     431       0  -4.441917200000000e+07   3.181e+08   1.000e+00
    420  831677.437     432       0  -4.441920400000000e+07   6.585e+08   1.000e+00
    421  833647.161     433       0  -4.441924800000000e+07   3.224e+08   1.000e+00
    422  835588.599     434       0  -4.441928800000000e+07   2.589e+08   1.000e+00
    423  837534.848     435       0  -4.441931600000000e+07   2.879e+08   1.000e+00
    424  839455.007     436       0  -4.441936800000000e+07   6.346e+08   1.000e+00
    425  841403.601     437       0  -4.441942400000000e+07   3.214e+08   1.000e+00
    426  843367.275     438       0  -4.441945600000000e+07   2.404e+08   1.000e+00
    427  845337.899     439       0  -4.441949600000000e+07   2.970e+08   1.000e+00
    428  847265.205     440       0  -4.441954000000000e+07   5.348e+08   1.000e+00
    429  849177.032     441       0  -4.441958400000000e+07   3.166e+08   1.000e+00
    430  851131.372     442       0  -4.441962800000000e+07   2.634e+08   1.000e+00
    431  853084.931     443       0  -4.441966000000000e+07   3.327e+08   1.000e+00
    432  855058.292     444       0  -4.441970400000000e+07   4.703e+08   1.000e+00
    433  856993.889     445       0  -4.441974800000000e+07   2.732e+08   1.000e+00
    434  858923.611     446       0  -4.441978000000000e+07   2.534e+08   1.000e+00
    435  860894.022     447       0  -4.441980800000000e+07   2.892e+08   1.000e+00
    436  862875.191     448       0  -4.441986000000000e+07   5.717e+08   1.000e+00
    437  864838.219     449       0  -4.441990400000000e+07   2.829e+08   1.000e+00
    438  866776.235     450       0  -4.441993200000000e+07   2.527e+08   1.000e+00
    439  868691.859     451       0  -4.441996800000000e+07   2.837e+08   1.000e+00
    440  870633.115     452       0  -4.442000000000000e+07   8.004e+08   1.000e+00
    441  872618.005     453       0  -4.442005600000000e+07   3.015e+08   1.000e+00
    442  874586.869     454       0  -4.442008000000000e+07   2.116e+08   1.000e+00
    443  876574.570     455       0  -4.442010800000000e+07   2.657e+08   1.000e+00
    444  878534.845     456       0  -4.442016000000000e+07   3.401e+08   1.000e+00
    445  880484.116     457       0  -4.442019200000000e+07   7.607e+08   1.000e+00
    446  882410.240     458       0  -4.442024800000000e+07   2.436e+08   1.000e+00
    447  884380.904     459       0  -4.442026400000000e+07   2.264e+08   1.000e+00
    448  886339.990     460       0  -4.442029600000000e+07   2.799e+08   1.000e+00
    449  888321.200     461       0  -4.442034400000000e+07   6.322e+08   1.000e+00
    450  890258.070     462       0  -4.442039600000000e+07   3.365e+08   1.000e+00
    451  892181.625     463       0  -4.442043200000000e+07   2.413e+08   1.000e+00
    452  894161.570     464       0  -4.442046400000000e+07   2.777e+08   1.000e+00
    453  896150.016     465       0  -4.442050800000000e+07   3.927e+08   1.000e+00
    454  898094.587     466       0  -4.442054800000000e+07   3.682e+08   1.000e+00
    455  900063.630     467       0  -4.442057200000000e+07   2.360e+08   1.000e+00
    456  902017.460     468       0  -4.442060800000000e+07   2.587e+08   1.000e+00
    457  903955.889     469       0  -4.442063600000000e+07   3.555e+08   1.000e+00
    458  905937.039     470       0  -4.442067600000000e+07   2.788e+08   1.000e+00
    459  907912.552     471       0  -4.442072400000000e+07   4.528e+08   1.000e+00
    460  909883.130     472       0  -4.442075600000000e+07   3.058e+08   1.000e+00
    461  911801.587     473       0  -4.442077200000000e+07   2.224e+08   1.000e+00
    462  913717.333     474       0  -4.442080800000000e+07   2.476e+08   1.000e+00
    463  915668.105     475       0  -4.442082800000000e+07   5.313e+08   1.000e+00
    464  917613.786     476       0  -4.442086000000000e+07   2.939e+08   1.000e+00
    465  919540.011     477       0  -4.442090400000000e+07   2.381e+08   1.000e+00
    466  921435.938     478       0  -4.442092400000000e+07   2.480e+08   1.000e+00
    467  923379.102     479       0  -4.442098000000000e+07   4.745e+08   1.000e+00
    468  925356.709     480       0  -4.442102800000000e+07   4.043e+08   1.000e+00
    469  927305.029     481       0  -4.442104400000000e+07   2.250e+08   1.000e+00
    470  929277.345     482       0  -4.442108000000000e+07   2.283e+08   1.000e+00
    471  931196.528     483       0  -4.442110800000000e+07   3.473e+08   1.000e+00
    472  933112.943     484       0  -4.442116000000000e+07   4.209e+08   1.000e+00
    473  935093.607     485       0  -4.442118800000000e+07   2.602e+08   1.000e+00
    474  937055.547     486       0  -4.442122000000000e+07   2.524e+08   1.000e+00
    475  939037.919     487       0  -4.442125200000000e+07   2.703e+08   1.000e+00
    476  940980.285     488       0  -4.442128400000000e+07   6.429e+08   1.000e+00
    477  942907.006     489       0  -4.442132400000000e+07   2.544e+08   1.000e+00
    478  944867.153     490       0  -4.442134000000000e+07   2.228e+08   1.000e+00
    479  946841.572     491       0  -4.442136800000000e+07   2.788e+08   1.000e+00
    480  948818.708     492       0  -4.442139200000000e+07   5.706e+08   1.000e+00
    481  950788.989     493       0  -4.442142400000000e+07   2.916e+08   1.000e+00
    482  952705.359     494       0  -4.442146000000000e+07   2.488e+08   1.000e+00
    483  954637.843     495       0  -4.442149200000000e+07   2.748e+08   1.000e+00
    484  956606.665     496       0  -4.442152800000000e+07   6.121e+08   1.000e+00
    485  958587.047     497       0  -4.442156400000000e+07   2.752e+08   1.000e+00
    486  960575.544     498       0  -4.442159200000000e+07   2.300e+08   1.000e+00
    487  962550.082     499       0  -4.442162000000000e+07   2.884e+08   1.000e+00
    488  964490.868     500       0  -4.442166000000000e+07   5.253e+08   1.000e+00
    489  966402.912     501       0  -4.442170800000000e+07   3.457e+08   1.000e+00
    490  968379.097     502       0  -4.442174400000000e+07   2.465e+08   1.000e+00
    491  970365.984     503       0  -4.442177600000000e+07   3.038e+08   1.000e+00
    492  972316.078     504       0  -4.442180400000000e+07   3.837e+08   1.000e+00
    493  974221.104     505       0  -4.442183600000000e+07   2.677e+08   1.000e+00
    494  976107.699     506       0  -4.442188000000000e+07   2.649e+08   1.000e+00
    495  978056.154     507       0  -4.442191600000000e+07   4.450e+08   1.000e+00
    496  979992.896     508       0  -4.442194000000000e+07   2.944e+08   1.000e+00
    497  981911.080     509       0  -4.442198800000000e+07   2.403e+08   1.000e+00
    498  983791.577     510       0  -4.442201600000000e+07   2.871e+08   1.000e+00
    499  985751.114     511       0  -4.442205600000000e+07   2.589e+08   1.000e+00
    500  987694.814     512       0  -4.442209200000000e+07   5.329e+08   1.000e+00
    501  989606.897     513       0  -4.442213600000000e+07   2.386e+08   1.000e+00
    502  991500.893     514       0  -4.442215600000000e+07   2.186e+08   1.000e+00
    503  993439.688     515       0  -4.442219200000000e+07   2.737e+08   1.000e+00
    504  995379.662     516       0  -4.442221600000000e+07   6.411e+08   1.000e+00
    505  997319.092     517       0  -4.442226400000000e+07   2.658e+08   1.000e+00
    506  999190.341     518       0  -4.442228800000000e+07   2.202e+08   1.000e+00
    507 1001138.666     519       0  -4.442231600000000e+07   2.451e+08   1.000e+00
    508 1003086.182     520       0  -4.442235600000000e+07   5.204e+08   1.000e+00
    509 1005009.433     521       0  -4.442239200000000e+07   2.540e+08   1.000e+00
    510 1006895.875     522       0  -4.442241600000000e+07   1.950e+08   1.000e+00
    511 1008833.488     523       0  -4.442244000000000e+07   2.516e+08   1.000e+00
    512 1010787.241     524       0  -4.442246400000000e+07   5.023e+08   1.000e+00
    513 1012735.890     525       0  -4.442248800000000e+07   2.624e+08   1.000e+00
    514 1014619.052     526       0  -4.442252000000000e+07   2.250e+08   1.000e+00
    515 1016528.049     527       0  -4.442254000000000e+07   2.513e+08   1.000e+00
    516 1018478.540     528       0  -4.442258400000000e+07   5.562e+08   1.000e+00
    517 1020443.895     529       0  -4.442262400000000e+07   3.079e+08   1.000e+00
    518 1022395.868     530       0  -4.442264000000000e+07   1.993e+08   1.000e+00
    519 1024310.937     531       0  -4.442267200000000e+07   2.295e+08   1.000e+00
    520 1026211.883     532       0  -4.442269200000000e+07   3.513e+08   1.000e+00
    521 1028145.676     533       0  -4.442272000000000e+07   2.511e+08   1.000e+00
    522 1030096.057     534       0  -4.442276400000000e+07   2.377e+08   1.000e+00
    523 1031965.998     535       0  -4.442278000000000e+07   4.966e+08   1.000e+00
    524 1033883.064     536       0  -4.442281200000000e+07   2.485e+08   1.000e+00
    525 1035832.647     537       0  -4.442284000000000e+07   2.091e+08   1.000e+00
    526 1037777.184     538       0  -4.442286000000000e+07   2.471e+08   1.000e+00
    527 1039686.834     539       0  -4.442288800000000e+07   5.520e+08   1.000e+00
    528 1041582.145     540       0  -4.442293600000000e+07   2.831e+08   1.000e+00
    529 1043509.220     541       0  -4.442295600000000e+07   2.065e+08   1.000e+00
    530 1045459.617     542       0  -4.442298000000000e+07   2.651e+08   1.000e+00
    531 1047374.092     543       0  -4.442300400000000e+07   4.307e+08   1.000e+00
    532 1049280.334     544       0  -4.442303600000000e+07   2.464e+08   1.000e+00
    533 1051203.563     545       0  -4.442306800000000e+07   2.268e+08   1.000e+00
    534 1053146.263     546       0  -4.442309600000000e+07   2.422e+08   1.000e+00
    535 1055068.446     547       0  -4.442310800000000e+07   7.164e+08   1.000e+00
    536 1056935.043     548       0  -4.442315600000000e+07   2.157e+08   1.000e+00
    537 1058872.036     549       0  -4.442317200000000e+07   1.843e+08   1.000e+00
    538 1060821.882     550       0  -4.442320000000000e+07   2.232e+08   1.000e+00
    539 1062754.691     551       0  -4.442322800000000e+07   5.203e+08   1.000e+00
    540 1064640.480     552       0  -4.442326400000000e+07   2.728e+08   1.000e+00
    541 1066572.901     553       0  -4.442329600000000e+07   2.019e+08   1.000e+00
    542 1068509.954     554       0  -4.442332000000000e+07   2.395e+08   1.000e+00
    543 1070409.548     555       0  -4.442335200000000e+07   4.523e+08   1.000e+00
    544 1072300.114     556       0  -4.442338000000000e+07   2.297e+08   1.000e+00
    545 1074216.958     557       0  -4.442339600000000e+07   2.094e+08   1.000e+00
    546 1076166.127     558       0  -4.442342800000000e+07   2.396e+08   1.000e+00
    547 1078093.589     559       0  -4.442344800000000e+07   6.590e+08   1.000e+00
    548 1080000.501     560       0  -4.442348800000000e+07   2.715e+08   1.000e+00
    549 1081955.251     561       0  -4.442351200000000e+07   1.885e+08   1.000e+00
    550 1083909.833     562       0  -4.442353200000000e+07   2.251e+08   1.000e+00
    551 1085873.312     563       0  -4.442356400000000e+07   2.930e+08   1.000e+00
    552 1087800.515     564       0  -4.442358800000000e+07   6.610e+08   1.000e+00
    553 1089727.198     565       0  -4.442361600000000e+07   1.950e+08   1.000e+00
    554 1091666.817     566       0  -4.442362800000000e+07   1.747e+08   1.000e+00
    555 1093653.284     567       0  -4.442364400000000e+07   2.322e+08   1.000e+00
    556 1095628.594     568       0  -4.442368800000000e+07   4.084e+08   1.000e+00
    557 1097588.046     569       0  -4.442372800000000e+07   3.168e+08   1.000e+00
    558 1099496.188     570       0  -4.442375200000000e+07   2.000e+08   1.000e+00
    559 1101437.935     571       0  -4.442378800000000e+07   2.026e+08   1.000e+00
    560 1103402.312     572       0  -4.442381200000000e+07   3.244e+08   1.000e+00
    561 1105377.989     573       0  -4.442384400000000e+07   2.134e+08   1.000e+00
    562 1107346.296     574       0  -4.442388000000000e+07   2.016e+08   1.000e+00
    563 1109291.469     575       0  -4.442390400000000e+07   3.618e+08   1.000e+00
    564 1111212.179     576       0  -4.442393600000000e+07   2.320e+08   1.000e+00
    565 1113157.703     577       0  -4.442396400000000e+07   2.060e+08   1.000e+00
    566 1115100.036     578       0  -4.442399200000000e+07   3.131e+08   1.000e+00
    567 1117044.514     579       0  -4.442402400000000e+07   2.404e+08   1.000e+00
    568 1118953.420     580       0  -4.442405200000000e+07   2.196e+08   1.000e+00
    569 1120850.212     581       0  -4.442408400000000e+07   3.191e+08   1.000e+00
    570 1122794.204     582       0  -4.442411200000000e+07   2.553e+08   1.000e+00
    571 1124756.898     583       0  -4.442414000000000e+07   2.234e+08   1.000e+00
    572 1126669.447     584       0  -4.442416400000000e+07   3.083e+08   1.000e+00
    573 1128565.993     585       0  -4.442420400000000e+07   2.868e+08   1.000e+00
    574 1130513.711     586       0  -4.442422000000000e+07   2.168e+08   1.000e+00
    575 1132446.166     587       0  -4.442425600000000e+07   2.098e+08   1.000e+00
    576 1134351.003     588       0  -4.442428400000000e+07   3.650e+08   1.000e+00
    577 1136260.599     589       0  -4.442430400000000e+07   2.190e+08   1.000e+00
    578 1138193.067     590       0  -4.442433600000000e+07   1.893e+08   1.000e+00
    579 1140119.894     591       0  -4.442436000000000e+07   2.584e+08   1.000e+00
    580 1142045.357     592       0  -4.442440000000000e+07   2.527e+08   1.000e+00
    581 1143917.115     593       0  -4.442443200000000e+07   3.521e+08   1.000e+00
    582 1145860.042     594       0  -4.442446400000000e+07   2.437e+08   1.000e+00
    583 1147775.907     595       0  -4.442449200000000e+07   2.432e+08   1.000e+00
    584 1149675.648     596       0  -4.442450800000000e+07   2.865e+08   1.000e+00
    585 1151564.097     597       0  -4.442452800000000e+07   2.211e+08   1.000e+00
    586 1153503.828     598       0  -4.442454000000000e+07   2.252e+08   1.000e+00
    587 1155414.630     599       0  -4.442455600000000e+07   3.551e+08   1.000e+00
    588 1157303.778     600       0  -4.442457600000000e+07   2.010e+08   1.000e+00
    589 1159236.168     601       0  -4.442458800000000e+07   1.812e+08   1.000e+00
    590 1161174.574     602       0  -4.442459600000000e+07   2.187e+08   1.000e+00
    591 1163067.381     603       0  -4.442460800000000e+07   4.182e+08   1.000e+00
    592 1164958.599     604       0  -4.442463200000000e+07   2.090e+08   1.000e+00
    593 1166902.963     605       0  -4.442464800000000e+07   1.944e+08   1.000e+00
    594 1168844.044     606       0  -4.442466000000000e+07   2.331e+08   1.000e+00
    595 1170755.534     607       0  -4.442466400000000e+07   6.613e+08   1.000e+00
    596 1172651.362     608       0  -4.442470000000000e+07   2.551e+08   1.000e+00
    597 1174591.056     609       0  -4.442471200000000e+07   1.687e+08   1.000e+00
    598 1176526.997     610       0  -4.442472800000000e+07   2.126e+08   1.000e+00
    599 1178448.662     611       0  -4.442474800000000e+07   2.447e+08   1.000e+00
    600 1182199.039     613       0  -4.442476400000000e+07   3.627e+08   4.687e-01
    601 1184117.315     614       0  -4.442479200000000e+07   1.930e+08   1.000e+00
    602 1185980.228     615       0  -4.442480400000000e+07   1.722e+08   1.000e+00
    603 1187883.083     616       0  -4.442483200000000e+07   2.700e+08   1.000e+00
    604 1189797.910     617       0  -4.442484800000000e+07   3.167e+08   1.000e+00
    605 1191660.423     618       0  -4.442486800000000e+07   2.273e+08   1.000e+00
    606 1193567.500     619       0  -4.442490000000000e+07   2.229e+08   1.000e+00
    607 1195490.354     620       0  -4.442492000000000e+07   2.973e+08   1.000e+00
    608 1197416.311     621       0  -4.442494400000000e+07   2.161e+08   1.000e+00
    609 1199279.259     622       0  -4.442496800000000e+07   2.303e+08   1.000e+00
    610 1201206.786     623       0  -4.442498000000000e+07   3.115e+08   1.000e+00
    611 1203128.653     624       0  -4.442499200000000e+07   2.016e+08   1.000e+00
    612 1205051.098     625       0  -4.442501600000000e+07   1.855e+08   1.000e+00
    613 1206904.209     626       0  -4.442503600000000e+07   2.216e+08   1.000e+00
    614 1208829.043     627       0  -4.442507200000000e+07   3.838e+08   1.000e+00
    615 1210734.317     628       0  -4.442509600000000e+07   2.604e+08   1.000e+00
    616 1212624.292     629       0  -4.442511600000000e+07   2.122e+08   1.000e+00
    617 1214508.605     630       0  -4.442512800000000e+07   2.355e+08   1.000e+00
    618 1216448.895     631       0  -4.442514800000000e+07   3.547e+08   1.000e+00
    619 1218331.903     632       0  -4.442517200000000e+07   2.167e+08   1.000e+00
    620 1220200.823     633       0  -4.442519200000000e+07   1.935e+08   1.000e+00
    621 1222122.625     634       0  -4.442520400000000e+07   2.098e+08   1.000e+00
    622 1224029.973     635       0  -4.442522800000000e+07   5.953e+08   1.000e+00
    623 1225886.798     636       0  -4.442526000000000e+07   1.867e+08   1.000e+00
    624 1227794.328     637       0  -4.442526800000000e+07   1.698e+08   1.000e+00
    625 1229720.546     638       0  -4.442529200000000e+07   2.143e+08   1.000e+00
    626 1231598.785     639       0  -4.442530800000000e+07   6.316e+08   1.000e+00
    627 1233475.624     640       0  -4.442534000000000e+07   2.487e+08   1.000e+00
    628 1235378.318     641       0  -4.442535200000000e+07   1.598e+08   1.000e+00
    629 1237283.673     642       0  -4.442536800000000e+07   1.878e+08   1.000e+00
    630 1239143.299     643       0  -4.442539600000000e+07   2.501e+08   1.000e+00
    631 1241047.516     644       0  -4.442541600000000e+07   4.046e+08   1.000e+00
    632 1242972.188     645       0  -4.442543600000000e+07   1.684e+08   1.000e+00
    633 1244836.609     646       0  -4.442545200000000e+07   2.048e+08   1.000e+00
    634 1246767.980     647       0  -4.442546400000000e+07   2.420e+08   1.000e+00
    635 1248689.564     648       0  -4.442549200000000e+07   5.988e+08   1.000e+00
    636 1250582.148     649       0  -4.442551600000000e+07   2.329e+08   1.000e+00
    637 1252465.214     650       0  -4.442553600000000e+07   1.678e+08   1.000e+00
    638 1254387.972     651       0  -4.442555200000000e+07   1.958e+08   1.000e+00
    639 1256300.904     652       0  -4.442558000000000e+07   3.002e+08   1.000e+00
    640 1258147.884     653       0  -4.442560800000000e+07   2.867e+08   1.000e+00
    641 1260057.690     654       0  -4.442562400000000e+07   1.817e+08   1.000e+00
    642 1261968.768     655       0  -4.442564400000000e+07   2.051e+08   1.000e+00
    643 1263844.095     656       0  -4.442566400000000e+07   2.693e+08   1.000e+00
    644 1265719.436     657       0  -4.442570000000000e+07   2.131e+08   1.000e+00
    645 1267627.969     658       0  -4.442572000000000e+07   1.996e+08   1.000e+00
    646 1269515.069     659       0  -4.442574800000000e+07   2.295e+08   1.000e+00
    647 1271372.447     660       0  -4.442577600000000e+07   2.200e+08   1.000e+00
    648 1273289.310     661       0  -4.442580000000000e+07   2.024e+08   1.000e+00
    649 1275195.030     662       0  -4.442582800000000e+07   2.881e+08   1.000e+00
    650 1277052.940     663       0  -4.442585200000000e+07   2.356e+08   1.000e+00
    651 1278981.170     664       0  -4.442587200000000e+07   1.967e+08   1.000e+00
    652 1280893.809     665       0  -4.442590000000000e+07   2.216e+08   1.000e+00
    653 1282750.315     666       0  -4.442592400000000e+07   3.135e+08   1.000e+00
    654 1284662.434     667       0  -4.442594000000000e+07   1.911e+08   1.000e+00
    655 1286547.763     668       0  -4.442596800000000e+07   1.767e+08   1.000e+00
    656 1288394.212     669       0  -4.442599200000000e+07   2.249e+08   1.000e+00
    657 1290264.818     670       0  -4.442604000000000e+07   2.771e+08   1.000e+00
    658 1292181.539     671       0  -4.442606400000000e+07   2.857e+08   1.000e+00
    659 1294107.232     672       0  -4.442608400000000e+07   2.282e+08   1.000e+00
    660 1295950.395     673       0  -4.442611600000000e+07   2.961e+08   1.000e+00
    661 1297853.797     674       0  -4.442614000000000e+07   2.228e+08   1.000e+00
    662 1299762.304     675       0  -4.442615600000000e+07   2.083e+08   1.000e+00
    663 1301636.989     676       0  -4.442618800000000e+07   3.296e+08   1.000e+00
    664 1303513.105     677       0  -4.442621200000000e+07   4.240e+08   1.000e+00
    665 1305416.942     678       0  -4.442622400000000e+07   1.826e+08   1.000e+00
    666 1307300.376     679       0  -4.442623600000000e+07   1.372e+08   1.000e+00
    667 1309182.152     680       0  -4.442626000000000e+07   1.920e+08   1.000e+00
    668 1311095.497     681       0  -4.442628000000000e+07   3.340e+08   1.000e+00
    669 1312981.849     682       0  -4.442630400000000e+07   2.078e+08   1.000e+00
    670 1314844.890     683       0  -4.442632800000000e+07   1.677e+08   1.000e+00
    671 1316744.300     684       0  -4.442635600000000e+07   2.096e+08   1.000e+00
    672 1320486.072     686       0  -4.442636400000000e+07   2.501e+08   4.505e-01
    673 1322373.529     687       0  -4.442637600000000e+07   1.997e+08   1.000e+00
    674 1324271.032     688       0  -4.442640400000000e+07   2.031e+08   1.000e+00
    675 1326118.048     689       0  -4.442641600000000e+07   3.987e+08   1.000e+00
    676 1328022.253     690       0  -4.442643600000000e+07   2.056e+08   1.000e+00
    677 1329928.309     691       0  -4.442645200000000e+07   1.821e+08   1.000e+00
    678 1331769.381     692       0  -4.442646000000000e+07   2.047e+08   1.000e+00
    679 1333671.038     693       0  -4.442648400000000e+07   4.499e+08   1.000e+00
    680 1335561.615     694       0  -4.442650400000000e+07   2.267e+08   1.000e+00
    681 1337406.573     695       0  -4.442652000000000e+07   1.627e+08   1.000e+00
    682 1339298.945     696       0  -4.442654000000000e+07   1.755e+08   1.000e+00
    683 1341186.965     697       0  -4.442655200000000e+07   4.461e+08   1.000e+00
    684 1343039.690     698       0  -4.442657200000000e+07   2.183e+08   1.000e+00
    685 1344946.130     699       0  -4.442658800000000e+07   1.659e+08   1.000e+00
    686 1346842.450     700       0  -4.442660400000000e+07   1.886e+08   1.000e+00
    687 1348685.379     701       0  -4.442663200000000e+07   3.150e+08   1.000e+00
    688 1350598.798     702       0  -4.442666000000000e+07   3.553e+08   1.000e+00
    689 1352480.490     703       0  -4.442667200000000e+07   1.627e+08   1.000e+00
    690 1354331.010     704       0  -4.442668400000000e+07   1.758e+08   1.000e+00
    691 1356237.155     705       0  -4.442670000000000e+07   2.093e+08   1.000e+00
    692 1358123.093     706       0  -4.442672800000000e+07   5.457e+08   1.000e+00
    693 1359967.550     707       0  -4.442675600000000e+07   2.330e+08   1.000e+00
    694 1361892.888     708       0  -4.442677200000000e+07   1.681e+08   1.000e+00
    695 1363815.082     709       0  -4.442678800000000e+07   1.832e+08   1.000e+00
    696 1365707.175     710       0  -4.442680400000000e+07   2.278e+08   1.000e+00
    697 1367558.846     711       0  -4.442681600000000e+07   5.114e+08   1.000e+00
    698 1369456.125     712       0  -4.442684400000000e+07   1.770e+08   1.000e+00
    699 1371340.628     713       0  -4.442685200000000e+07   1.570e+08   1.000e+00
    700 1373201.799     714       0  -4.442686000000000e+07   1.963e+08   1.000e+00
    701 1375113.266     715       0  -4.442687600000000e+07   3.974e+08   1.000e+00
    702 1377027.332     716       0  -4.442690000000000e+07   2.016e+08   1.000e+00
    703 1378885.633     717       0  -4.442690400000000e+07   1.460e+08   1.000e+00
    704 1380807.357     718       0  -4.442692800000000e+07   1.638e+08   1.000e+00
    705 1382712.859     719       0  -4.442693200000000e+07   3.489e+08   1.000e+00
    706 1384592.046     720       0  -4.442695600000000e+07   1.900e+08   1.000e+00
    707 1386457.402     721       0  -4.442696400000000e+07   1.606e+08   1.000e+00
    708 1388367.910     722       0  -4.442697600000000e+07   1.883e+08   1.000e+00
    709 1390240.149     723       0  -4.442698000000000e+07   5.090e+08   1.000e+00
    710 1392104.075     724       0  -4.442700800000000e+07   1.942e+08   1.000e+00
    711 1394023.746     725       0  -4.442701600000000e+07   1.449e+08   1.000e+00
    712 1395929.276     726       0  -4.442702000000000e+07   1.781e+08   1.000e+00
    713 1397796.443     727       0  -4.442704400000000e+07   2.422e+08   1.000e+00
    714 1399722.094     728       0  -4.442705600000000e+07   4.813e+08   1.000e+00
    715 1401639.432     729       0  -4.442707600000000e+07   1.672e+08   1.000e+00
    716 1403484.397     730       0  -4.442708400000000e+07   1.516e+08   1.000e+00
    717 1405410.642     731       0  -4.442709200000000e+07   1.810e+08   1.000e+00
    718 1407316.817     732       0  -4.442710800000000e+07   4.034e+08   1.000e+00
    719 1409198.429     733       0  -4.442712800000000e+07   2.180e+08   1.000e+00
    720 1411070.580     734       0  -4.442714000000000e+07   1.565e+08   1.000e+00
    721 1412967.930     735       0  -4.442715600000000e+07   1.882e+08   1.000e+00
    722 1414867.868     736       0  -4.442716800000000e+07   2.886e+08   1.000e+00
    723 1416728.880     737       0  -4.442718000000000e+07   1.836e+08   1.000e+00
    724 1418605.972     738       0  -4.442719600000000e+07   1.632e+08   1.000e+00
    725 1420489.433     739       0  -4.442721600000000e+07   1.991e+08   1.000e+00
    726 1422344.106     740       0  -4.442722400000000e+07   3.475e+08   1.000e+00
    727 1424246.258     741       0  -4.442724400000000e+07   1.800e+08   1.000e+00
    728 1426130.105     742       0  -4.442725200000000e+07   1.592e+08   1.000e+00
    729 1427971.506     743       0  -4.442726400000000e+07   1.761e+08   1.000e+00
    730 1429878.598     744       0  -4.442726800000000e+07   5.075e+08   1.000e+00
    731 1431760.999     745       0  -4.442729200000000e+07   1.764e+08   1.000e+00
    732 1433615.124     746       0  -4.442730000000000e+07   1.377e+08   1.000e+00
    733 1435513.106     747       0  -4.442730400000000e+07   1.745e+08   1.000e+00
    734 1437407.200     748       0  -4.442732800000000e+07   2.253e+08   1.000e+00
    735 1439261.456     749       0  -4.442733200000000e+07   5.376e+08   1.000e+00
    736 1441155.152     750       0  -4.442735600000000e+07   1.598e+08   1.000e+00
    737 1476534.411     769       0  -4.442735600000000e+07   1.598e+08   3.808e-06
# Termination: function reduction test satisfied
# Iter.   Time (ms)    Eval. Reject.       Obj. Func.           Grad.       Step
# ---------------------------------------------------------------------------------
      0    1878.692       1       0  -4.426145600000000e+07   4.285e+09   0.000e+00
      1   24198.320      13       0  -4.427492000000000e+07   5.984e+09   1.079e-15
      2   26101.779      14       0  -4.428390400000000e+07   3.888e+09   1.000e+00
      3   27998.681      15       0  -4.429280000000000e+07   3.689e+09   1.000e+00
      4   29882.612      16       0  -4.430226000000000e+07   4.902e+09   1.000e+00
      5   31757.226      17       0  -4.431021200000000e+07   4.110e+09   1.000e+00
      6   33664.050      18       0  -4.431490000000000e+07   2.891e+09   1.000e+00
      7   35544.121      19       0  -4.432026800000000e+07   2.863e+09   1.000e+00
      8   37410.407      20       0  -4.432532800000000e+07   3.961e+09   1.000e+00
      9   39301.223      21       0  -4.432987600000000e+07   2.715e+09   1.000e+00
     10   41175.413      22       0  -4.433396800000000e+07   2.504e+09   1.000e+00
     11   43037.061      23       0  -4.433678400000000e+07   2.807e+09   1.000e+00
     12   44940.329      24       0  -4.433920400000000e+07   2.070e+09   1.000e+00
     13   46804.426      25       0  -4.434215600000000e+07   2.291e+09   1.000e+00
     14   48682.799      26       0  -4.434431600000000e+07   2.621e+09   1.000e+00
     15   50596.394      27       0  -4.434606800000000e+07   1.899e+09   1.000e+00
     16   52501.686      28       0  -4.434812800000000e+07   1.765e+09   1.000e+00
     17   54350.803      29       0  -4.434964400000000e+07   2.355e+09   1.000e+00
     18   56268.092      30       0  -4.435100800000000e+07   1.708e+09   1.000e+00
     19   58177.482      31       0  -4.435284400000000e+07   1.794e+09   1.000e+00
     20   60048.853      32       0  -4.435404400000000e+07   2.088e+09   1.000e+00
     21   61912.097      33       0  -4.435496000000000e+07   1.602e+09   1.000e+00
     22   63819.388      34       0  -4.435656800000000e+07   1.586e+09   1.000e+00
     23   65694.631      35       0  -4.435757200000000e+07   2.323e+09   1.000e+00
     24   67564.906      36       0  -4.435833600000000e+07   1.542e+09   1.000e+00
     25   69469.343      37       0  -4.435943200000000e+07   1.135e+09   1.000e+00
     26   71337.376      38       0  -4.436017600000000e+07   1.369e+09   1.000e+00
     27   73216.913      39       0  -4.436130400000000e+07   1.550e+09   1.000e+00
     28   75113.255      40       0  -4.436196400000000e+07   1.949e+09   1.000e+00
     29   76998.150      41       0  -4.436250400000000e+07   1.200e+09   1.000e+00
     30   78856.671      42       0  -4.436306400000000e+07   1.015e+09   1.000e+00
     31   80753.703      43       0  -4.436350000000000e+07   1.359e+09   1.000e+00
     32   82648.137      44       0  -4.436406800000000e+07   1.037e+09   1.000e+00
     33   84489.825      45       0  -4.436458000000000e+07   9.968e+08   1.000e+00
     34   86382.402      46       0  -4.436512800000000e+07   1.158e+09   1.000e+00
     35   88276.562      47       0  -4.436561600000000e+07   1.197e+09   1.000e+00
     36   90120.919      48       0  -4.436616400000000e+07   1.043e+09   1.000e+00
     37   92034.154      49       0  -4.436658800000000e+07   1.906e+09   1.000e+00
     38   93960.363      50       0  -4.436707200000000e+07   9.834e+08   1.000e+00
     39   95812.051      51       0  -4.436736800000000e+07   9.174e+08   1.000e+00
     40   97712.277      52       0  -4.436783200000000e+07   1.084e+09   1.000e+00
     41   99628.925      53       0  -4.436805200000000e+07   2.568e+09   1.000e+00
     42  101500.345      54       0  -4.436860000000000e+07   9.447e+08   1.000e+00
     43  103355.173      55       0  -4.436889200000000e+07   7.166e+08   1.000e+00
     44  105264.373      56       0  -4.436922400000000e+07   8.773e+08   1.000e+00
     45  107138.630      57       0  -4.436969200000000e+07   1.330e+09   1.000e+00
     46  109025.593      58       0  -4.437023600000000e+07   1.164e+09   1.000e+00
     47  110927.394      59       0  -4.437057600000000e+07   7.284e+08   1.000e+00
     48  112808.858      60       0  -4.437103200000000e+07   9.000e+08   1.000e+00
     49  114675.318      61       0  -4.437141600000000e+07   1.306e+09   1.000e+00
     50  116572.531      62       0  -4.437187600000000e+07   8.547e+08   1.000e+00
     51  118471.398      63       0  -4.437236000000000e+07   7.548e+08   1.000e+00
     52  120310.069      64       0  -4.437270000000000e+07   1.410e+09   1.000e+00
     53  122215.216      65       0  -4.437300000000000e+07   7.673e+08   1.000e+00
     54  124116.739      66       0  -4.437329600000000e+07   7.278e+08   1.000e+00
     55  125966.784      67       0  -4.437361600000000e+07   8.665e+08   1.000e+00
     56  127869.836      68       0  -4.437395200000000e+07   2.073e+09   1.000e+00
     57  129765.074      69       0  -4.437438000000000e+07   7.825e+08   1.000e+00
     58  131611.245      70       0  -4.437460800000000e+07   5.927e+08   1.000e+00
     59  133519.539      71       0  -4.437485600000000e+07   6.946e+08   1.000e+00
     60  135434.900      72       0  -4.437521600000000e+07   1.286e+09   1.000e+00
     61  137308.617      73       0  -4.437559600000000e+07   8.027e+08   1.000e+00
     62  139168.427      74       0  -4.437583200000000e+07   6.193e+08   1.000e+00
     63  141076.705      75       0  -4.437613200000000e+07   8.381e+08   1.000e+00
     64  142949.640      76       0  -4.437638000000000e+07   1.126e+09   1.000e+00
     65  144816.412      77       0  -4.437661200000000e+07   7.244e+08   1.000e+00
     66  146722.778      78       0  -4.437697600000000e+07   6.466e+08   1.000e+00
     67  148594.505      79       0  -4.437719200000000e+07   8.495e+08   1.000e+00
     68  150447.263      80       0  -4.437750400000000e+07   6.832e+08   1.000e+00
     69  152359.478      81       0  -4.437776000000000e+07   1.070e+09   1.000e+00
     70  154224.930      82       0  -4.437800000000000e+07   6.226e+08   1.000e+00
     71  156072.587      83       0  -4.437816400000000e+07   5.761e+08   1.000e+00
     72  157991.752      84       0  -4.437840000000000e+07   8.952e+08   1.000e+00
     73  159905.843      85       0  -4.437865200000000e+07   8.814e+08   1.000e+00
     74  161768.100      86       0  -4.437883600000000e+07   6.380e+08   1.000e+00
     75  163698.001      87       0  -4.437908000000000e+07   6.373e+08   1.000e+00
     76  165615.339      88       0  -4.437924000000000e+07   7.090e+08   1.000e+00
     77  167476.208      89       0  -4.437945600000000e+07   5.916e+08   1.000e+00
     78  169386.839      90       0  -4.437972000000000e+07   1.119e+09   1.000e+00
     79  171301.222      91       0  -4.437992800000000e+07   6.425e+08   1.000e+00
     80  173213.098      92       0  -4.438004400000000e+07   5.675e+08   1.000e+00
     81  175072.653      93       0  -4.438024800000000e+07   7.217e+08   1.000e+00
     82  176991.006      94       0  -4.438041200000000e+07   1.401e+09   1.000e+00
     83  178892.469      95       0  -4.438060400000000e+07   6.727e+08   1.000e+00
     84  180773.089      96       0  -4.438080400000000e+07   5.365e+08   1.000e+00
     85  182646.192      97       0  -4.438097600000000e+07   6.112e+08   1.000e+00
     86  184562.352      98       0  -4.438118400000000e+07   1.285e+09   1.000e+00
     87  186443.833      99       0  -4.438140400000000e+07   5.196e+08   1.000e+00
     88  188299.912     100       0  -4.438152400000000e+07   5.217e+08   1.000e+00
     89  190217.466     101       0  -4.438171600000000e+07   6.848e+08   1.000e+00
     90  192082.206     102       0  -4.438196000000000e+07   1.401e+09   1.000e+00
     91  193941.524     103       0  -4.438225600000000e+07   7.569e+08   1.000e+00
     92  195837.263     104       0  -4.438248000000000e+07   5.446e+08   1.000e+00
     93  197727.904     105       0  -4.438266400000000e+07   6.161e+08   1.000e+00
     94  199592.693     106       0  -4.438281600000000e+07   1.323e+09   1.000e+00
     95  201540.191     107       0  -4.438298800000000e+07   5.517e+08   1.000e+00
     96  203458.050     108       0  -4.438309200000000e+07   4.909e+08   1.000e+00
     97  205364.930     109       0  -4.438321600000000e+07   5.902e+08   1.000e+00
     98  207238.979     110       0  -4.438348000000000e+07   8.344e+08   1.000e+00
     99  209169.489     111       0  -4.438361600000000e+07   1.696e+09   1.000e+00
    100  211104.089     112       0  -4.438387200000000e+07   5.326e+08   1.000e+00
    101  212950.226     113       0  -4.438396000000000e+07   4.293e+08   1.000e+00
    102  214846.674     114       0  -4.438408400000000e+07   5.242e+08   1.000e+00
    103  216762.971     115       0  -4.438422800000000e+07   1.338e+09   1.000e+00
    104  218606.494     116       0  -4.438439600000000e+07   6.316e+08   1.000e+00
    105  220506.936     117       0  -4.438455600000000e+07   4.774e+08   1.000e+00
    106  222408.594     118       0  -4.438466000000000e+07   5.573e+08   1.000e+00
    107  224256.116     119       0  -4.438487600000000e+07   7.655e+08   1.000e+00
    108  226167.080     120       0  -4.438498800000000e+07   1.371e+09   1.000e+00
    109  228080.598     121       0  -4.438516800000000e+07   4.622e+08   1.000e+00
    110  229969.325     122       0  -4.438522800000000e+07   4.443e+08   1.000e+00
    111  231843.740     123       0  -4.438535600000000e+07   5.804e+08   1.000e+00
    112  233761.121     124       0  -4.438553200000000e+07   1.316e+09   1.000e+00
    113  235669.673     125       0  -4.438571600000000e+07   6.515e+08   1.000e+00
    114  237527.181     126       0  -4.438586400000000e+07   4.825e+08   1.000e+00
    115  239435.032     127       0  -4.438597600000000e+07   5.344e+08   1.000e+00
    116  241342.537     128       0  -4.438614400000000e+07   6.926e+08   1.000e+00
    117  243189.213     129       0  -4.438623200000000e+07   1.148e+09   1.000e+00
    118  245113.441     130       0  -4.438636800000000e+07   4.369e+08   1.000e+00
    119  247013.133     131       0  -4.438644000000000e+07   4.385e+08   1.000e+00
    120  248902.594     132       0  -4.438653200000000e+07   5.497e+08   1.000e+00
    121  250765.205     133       0  -4.438663200000000e+07   1.284e+09   1.000e+00
    122  252675.006     134       0  -4.438680000000000e+07   5.489e+08   1.000e+00
    123  254554.490     135       0  -4.438689600000000e+07   4.298e+08   1.000e+00
    124  256412.995     136       0  -4.438698400000000e+07   4.713e+08   1.000e+00
    125  258334.915     137       0  -4.438711600000000e+07   8.712e+08   1.000e+00
    126  260252.626     138       0  -4.438725600000000e+07   5.682e+08   1.000e+00
    127  262109.810     139       0  -4.438735200000000e+07   4.125e+08   1.000e+00
    128  264023.006     140       0  -4.438746800000000e+07   4.975e+08   1.000e+00
    129  265951.120     141       0  -4.438753200000000e+07   9.745e+08   1.000e+00
    130  267843.377     142       0  -4.438764400000000e+07   5.195e+08   1.000e+00
    131  269703.387     143       0  -4.438777200000000e+07   4.312e+08   1.000e+00
    132  271617.395     144       0  -4.438786000000000e+07   4.739e+08   1.000e+00
    133  273537.833     145       0  -4.438802800000000e+07   9.959e+08   1.000e+00
    134  275384.462     146       0  -4.438818800000000e+07   6.724e+08   1.000e+00
    135  277302.122     147       0  -4.438826800000000e+07   3.871e+08   1.000e+00
    136  279195.454     148       0  -4.438836400000000e+07   4.055e+08   1.000e+00
    137  281059.080     149       0  -4.438847200000000e+07   5.192e+08   1.000e+00
    138  282969.828     150       0  -4.438862800000000e+07   6.650e+08   1.000e+00
    139  284885.479     151       0  -4.438873600000000e+07   5.154e+08   1.000e+00
    140  286768.220     152       0  -4.438882000000000e+07   4.330e+08   1.000e+00
    141  288651.059     153       0  -4.438891600000000e+07   4.608e+08   1.000e+00
    142  290536.816     154       0  -4.438900400000000e+07   8.876e+08   1.000e+00
    143  292395.449     155       0  -4.438910800000000e+07   4.539e+08   1.000e+00
    144  294268.977     156       0  -4.438920400000000e+07   4.204e+08   1.000e+00
    145  296175.014     157       0  -4.438928800000000e+07   4.448e+08   1.000e+00
    146  298089.813     158       0  -4.438938000000000e+07   9.899e+08   1.000e+00
    147  299988.302     159       0  -4.438950800000000e+07   3.842e+08   1.000e+00
    148  301871.559     160       0  -4.438955200000000e+07   3.843e+08   1.000e+00
    149  303802.227     161       0  -4.438965600000000e+07   4.722e+08   1.000e+00
    150  305728.580     162       0  -4.438972800000000e+07   1.121e+09   1.000e+00
    151  307592.952     163       0  -4.438984000000000e+07   4.736e+08   1.000e+00
    152  309521.943     164       0  -4.438992800000000e+07   3.769e+08   1.000e+00
    153  311465.242     165       0  -4.439001600000000e+07   4.285e+08   1.000e+00
    154  313371.074     166       0  -4.439010000000000e+07   9.511e+08   1.000e+00
    155  315249.357     167       0  -4.439020000000000e+07   3.588e+08   1.000e+00
    156  317198.070     168       0  -4.439026400000000e+07   3.719e+08   1.000e+00
    157  319130.173     169       0  -4.439034400000000e+07   4.622e+08   1.000e+00
    158  321031.870     170       0  -4.439047200000000e+07   7.560e+08   1.000e+00
    159  322906.074     171       0  -4.439062000000000e+07   7.944e+08   1.000e+00
    160  324838.749     172       0  -4.439072000000000e+07   3.821e+08   1.000e+00
    161  326758.126     173       0  -4.439080000000000e+07   4.167e+08   1.000e+00
    162  328648.324     174       0  -4.439087600000000e+07   4.512e+08   1.000e+00
    163  330518.709     175       0  -4.439100400000000e+07   1.035e+09   1.000e+00
    164  332464.498     176       0  -4.439112400000000e+07   4.605e+08   1.000e+00
    165  334410.525     177       0  -4.439120000000000e+07   3.817e+08   1.000e+00
    166  336313.333     178       0  -4.439126800000000e+07   4.328e+08   1.000e+00
    167  338204.243     179       0  -4.439137600000000e+07   7.246e+08   1.000e+00
    168  340138.121     180       0  -4.439148400000000e+07   5.116e+08   1.000e+00
    169  342082.365     181       0  -4.439155600000000e+07   3.614e+08   1.000e+00
    170  343999.991     182       0  -4.439165200000000e+07   4.065e+08   1.000e+00
    171  345893.390     183       0  -4.439172000000000e+07   8.431e+08   1.000e+00
    172  347847.709     184       0  -4.439179600000000e+07   4.767e+08   1.000e+00
    173  349786.941     185       0  -4.439190800000000e+07   3.640e+08   1.000e+00
    174  351703.534     186       0  -4.439198000000000e+07   4.067e+08   1.000e+00
    175  353605.463     187       0  -4.439214800000000e+07   7.540e+08   1.000e+00
    176  355541.304     188       0  -4.439227200000000e+07   7.626e+08   1.000e+00
    177  357477.835     189       0  -4.439235200000000e+07   3.549e+08   1.000e+00
    178  359419.509     190       0  -4.439242000000000e+07   3.693e+08   1.000e+00
    179  361329.376     191       0  -4.439250000000000e+07   4.484e+08   1.000e+00
    180  363213.030     192       0  -4.439261200000000e+07   1.099e+09   1.000e+00
    181  365167.935     193       0  -4.439273600000000e+07   4.311e+08   1.000e+00
    182  367089.766     194       0  -4.439280400000000e+07   3.403e+08   1.000e+00
    183  368962.495     195       0  -4.439287600000000e+07   3.839e+08   1.000e+00
    184  370903.044     196       0  -4.439299600000000e+07   6.326e+08   1.000e+00
    185  372854.574     197       0  -4.439312800000000e+07   5.329e+08   1.000e+00
    186  374782.805     198       0  -4.439320400000000e+07   3.411e+08   1.000e+00
    187  376671.391     199       0  -4.439329200000000e+07   3.902e+08   1.000e+00
    188  378615.313     200       0  -4.439336400000000e+07   5.961e+08   1.000e+00
    189  380571.846     201       0  -4.439345200000000e+07   3.860e+08   1.000e+00
    190  382500.920     202       0  -4.439355200000000e+07   3.724e+08   1.000e+00
    191  384375.878     203       0  -4.439362800000000e+07   5.329e+08   1.000e+00
    192  386298.865     204       0  -4.439370000000000e+07   3.994e+08   1.000e+00
    193  388240.125     205       0  -4.439381200000000e+07   3.919e+08   1.000e+00
    194  390172.198     206       0  -4.439388000000000e+07   5.480e+08   1.000e+00
    195  392075.810     207       0  -4.439394400000000e+07   3.748e+08   1.000e+00
    196  393972.986     208       0  -4.439404000000000e+07   3.960e+08   1.000e+00
    197  395910.023     209       0  -4.439410400000000e+07   5.128e+08   1.000e+00
    198  397865.482     210       0  -4.439416000000000e+07   3.767e+08   1.000e+00
    199  399783.141     211       0  -4.439424800000000e+07   3.844e+08   1.000e+00
    200  401666.045     212       0  -4.439430800000000e+07   5.149e+08   1.000e+00
    201  403595.640     213       0  -4.439436400000000e+07   3.935e+08   1.000e+00
    202  405530.945     214       0  -4.439446400000000e+07   4.051e+08   1.000e+00
    203  407458.219     215       0  -4.439453200000000e+07   5.521e+08   1.000e+00
    204  409344.835     216       0  -4.439459200000000e+07   4.237e+08   1.000e+00
    205  411278.182     217       0  -4.439470000000000e+07   4.983e+08   1.000e+00
    206  413239.975     218       0  -4.439474800000000e+07   5.073e+08   1.000e+00
    207  415141.772     219       0  -4.439478800000000e+07   3.945e+08   1.000e+00
    208  417032.773     220       0  -4.439490000000000e+07   3.457e+08   1.000e+00
    209  418972.411     221       0  -4.439496800000000e+07   5.893e+08   1.000e+00
    210  420903.227     222       0  -4.439502000000000e+07   4.198e+08   1.000e+00
    211  422826.498     223       0  -4.439513600000000e+07   3.309e+08   1.000e+00
    212  424710.404     224       0  -4.439520000000000e+07   5.033e+08   1.000e+00
    213  426652.107     225       0  -4.439525600000000e+07   4.436e+08   1.000e+00
    214  428596.990     226       0  -4.439538400000000e+07   7.775e+08   1.000e+00
    215  430535.413     227       0  -4.439546400000000e+07   4.688e+08   1.000e+00
    216  432427.170     228       0  -4.439550400000000e+07   3.493e+08   1.000e+00
    217  434361.511     229       0  -4.439558400000000e+07   3.964e+08   1.000e+00
    218  436323.885     230       0  -4.439562400000000e+07   8.918e+08   1.000e+00
    219  438259.229     231       0  -4.439568800000000e+07   3.776e+08   1.000e+00
    220  440185.521     232       0  -4.439575200000000e+07   2.726e+08   1.000e+00
    221  442088.005     233       0  -4.439580400000000e+07   3.529e+08   1.000e+00
    222  444053.978     234       0  -4.439587600000000e+07   5.007e+08   1.000e+00
    223  446011.904     235       0  -4.439596000000000e+07   5.258e+08   1.000e+00
    224  447961.309     236       0  -4.439600400000000e+07   2.851e+08   1.000e+00
    225  449882.205     237       0  -4.439605200000000e+07   3.230e+08   1.000e+00
    226  451796.077     238       0  -4.439609600000000e+07   3.721e+08   1.000e+00
    227  453747.847     239       0  -4.439616000000000e+07   4.389e+08   1.000e+00
    228  455694.329     240       0  -4.439621200000000e+07   2.955e+08   1.000e+00
    229  457646.809     241       0  -4.439626800000000e+07   3.467e+08   1.000e+00
    230  459554.767     242       0  -4.439634400000000e+07   4.534e+08   1.000e+00
    231  461475.844     243       0  -4.439642800000000e+07   5.129e+08   1.000e+00
    232  463437.398     244       0  -4.439648000000000e+07   3.562e+08   1.000e+00
    233  465391.154     245       0  -4.439652000000000e+07   3.288e+08   1.000e+00
    234  467308.464     246       0  -4.439656400000000e+07   4.218e+08   1.000e+00
    235  469202.394     247       0  -4.439662400000000e+07   3.505e+08   1.000e+00
    236  471142.180     248       0  -4.439666800000000e+07   3.067e+08   1.000e+00
    237  473117.159     249       0  -4.439672400000000e+07   4.602e+08   1.000e+00
    238  475056.986     250       0  -4.439676400000000e+07   3.406e+08   1.000e+00
    239  476967.831     251       0  -4.439678800000000e+07   3.021e+08   1.000e+00
    240  478888.061     252       0  -4.439686000000000e+07   4.687e+08   1.000e+00
    241  480853.858     253       0  -4.439689200000000e+07   6.457e+08   1.000e+00
    242  482795.091     254       0  -4.439692800000000e+07   3.245e+08   1.000e+00
    243  484719.219     255       0  -4.439697600000000e+07   2.459e+08   1.000e+00
    244  486623.554     256       0  -4.439700800000000e+07   2.936e+08   1.000e+00
    245  488589.268     257       0  -4.439705200000000e+07   5.501e+08   1.000e+00
    246  490547.217     258       0  -4.439710000000000e+07   2.432e+08   1.000e+00
    247  492495.617     259       0  -4.439713600000000e+07   2.833e+08   1.000e+00
    248  494393.566     260       0  -4.439718400000000e+07   3.440e+08   1.000e+00
    249  496327.430     261       0  -4.439723200000000e+07   7.626e+08   1.000e+00
    250  498297.119     262       0  -4.439728800000000e+07   3.336e+08   1.000e+00
    251  500253.783     263       0  -4.439734000000000e+07   2.612e+08   1.000e+00
    252  502174.008     264       0  -4.439737200000000e+07   3.104e+08   1.000e+00
    253  504077.260     265       0  -4.439745200000000e+07   5.295e+08   1.000e+00
    254  506021.264     266       0  -4.439752000000000e+07   4.576e+08   1.000e+00
    255  507988.587     267       0  -4.439755600000000e+07   2.517e+08   1.000e+00
    256  509954.585     268       0  -4.439759600000000e+07   2.709e+08   1.000e+00
    257  511906.899     269       0  -4.439764000000000e+07   3.034e+08   1.000e+00
    258  513846.586     270       0  -4.439770000000000e+07   5.861e+08   1.000e+00
    259  515764.111     271       0  -4.439774000000000e+07   3.064e+08   1.000e+00
    260  517734.625     272       0  -4.439777600000000e+07   2.782e+08   1.000e+00
    261  519698.906     273       0  -4.439782000000000e+07   3.031e+08   1.000e+00
    262  521666.729     274       0  -4.439786400000000e+07   7.338e+08   1.000e+00
    263  523604.304     275       0  -4.439791600000000e+07   2.953e+08   1.000e+00
    264  525516.504     276       0  -4.439794800000000e+07   2.403e+08   1.000e+00
    265  527475.474     277       0  -4.439798800000000e+07   2.774e+08   1.000e+00
    266  529429.617     278       0  -4.439803200000000e+07   5.733e+08   1.000e+00
    267  531388.371     279       0  -4.439809200000000e+07   3.029e+08   1.000e+00
    268  533324.611     280       0  -4.439812800000000e+07   2.428e+08   1.000e+00
    269  535228.840     281       0  -4.439818000000000e+07   3.077e+08   1.000e+00
    270  537200.152     282       0  -4.439822400000000e+07   6.574e+08   1.000e+00
    271  539160.359     283       0  -4.439827200000000e+07   3.050e+08   1.000e+00
    272  541110.005     284       0  -4.439830800000000e+07   2.542e+08   1.000e+00
    273  543042.437     285       0  -4.439834800000000e+07   2.976e+08   1.000e+00
    274  544958.596     286       0  -4.439841600000000e+07   5.643e+08   1.000e+00
    275  546908.106     287       0  -4.439847600000000e+07   3.919e+08   1.000e+00
    276  548871.626     288       0  -4.439851200000000e+07   2.427e+08   1.000e+00
    277  550828.622     289       0  -4.439855200000000e+07   2.703e+08   1.000e+00
    278  552765.192     290       0  -4.439859200000000e+07   3.634e+08   1.000e+00
    279  554680.841     291       0  -4.439865600000000e+07   3.046e+08   1.000e+00
    280  556647.015     292       0  -4.439872400000000e+07   3.289e+08   1.000e+00
    281  558618.699     293       0  -4.439879200000000e+07   5.458e+08   1.000e+00
    282  560580.786     294       0  -4.439883600000000e+07   2.826e+08   1.000e+00
    283  562537.398     295       0  -4.439886400000000e+07   2.426e+08   1.000e+00
    284  564452.558     296       0  -4.439890800000000e+07   3.050e+08   1.000e+00
    285  566402.032     297       0  -4.439896400000000e+07   7.403e+08   1.000e+00
    286  568381.211     298       0  -4.439902400000000e+07   3.152e+08   1.000e+00
    287  570360.698     299       0  -4.439906000000000e+07   2.280e+08   1.000e+00
    288  572323.866     300       0  -4.439910400000000e+07   2.506e+08   1.000e+00
    289  574231.984     301       0  -4.439916400000000e+07   4.387e+08   1.000e+00
    290  576153.261     302       0  -4.439923200000000e+07   2.831e+08   1.000e+00
    291  578114.026     303       0  -4.439927200000000e+07   2.410e+08   1.000e+00
    292  580069.260     304       0  -4.439933600000000e+07   3.402e+08   1.000e+00
    293  582007.133     305       0  -4.439936800000000e+07   4.817e+08   1.000e+00
    294  583927.889     306       0  -4.439939200000000e+07   2.911e+08   1.000e+00
    295  585885.584     307       0  -4.439944000000000e+07   2.362e+08   1.000e+00
    296  587853.104     308       0  -4.439948400000000e+07   2.690e+08   1.000e+00
    297  589808.391     309       0  -4.439953200000000e+07   6.900e+08   1.000e+00
    298  591745.684     310       0  -4.439958000000000e+07   2.352e+08   1.000e+00
    299  593656.978     311       0  -4.439960000000000e+07   2.207e+08   1.000e+00
    300  595590.222     312       0  -4.439963200000000e+07   2.582e+08   1.000e+00
    301  597530.704     313       0  -4.439966800000000e+07   6.527e+08   1.000e+00
    302  599493.756     314       0  -4.439972800000000e+07   3.099e+08   1.000e+00
    303  601424.155     315       0  -4.439976000000000e+07   2.191e+08   1.000e+00
    304  603322.703     316       0  -4.439978800000000e+07   2.495e+08   1.000e+00
    305  605295.814     317       0  -4.439982400000000e+07   4.299e+08   1.000e+00
    306  607245.900     318       0  -4.439986000000000e+07   2.764e+08   1.000e+00
    307  609194.358     319       0  -4.439989200000000e+07   2.151e+08   1.000e+00
    308  611091.174     320       0  -4.439992400000000e+07   2.863e+08   1.000e+00
    309  613018.516     321       0  -4.439995200000000e+07   5.302e+08   1.000e+00
    310  614969.338     322       0  -4.439998400000000e+07   2.942e+08   1.000e+00
    311  616926.981     323       0  -4.440003200000000e+07   2.339e+08   1.000e+00
    312  618853.411     324       0  -4.440006000000000e+07   2.519e+08   1.000e+00
    313  620771.107     325       0  -4.440010800000000e+07   6.600e+08   1.000e+00
    314  622718.757     326       0  -4.440016800000000e+07   2.716e+08   1.000e+00
    315  624681.659     327       0  -4.440018800000000e+07   2.025e+08   1.000e+00
    316  626629.610     328       0  -4.440022000000000e+07   2.432e+08   1.000e+00
    317  628554.253     329       0  -4.440024400000000e+07   6.102e+08   1.000e+00
    318  630446.267     330       0  -4.440028400000000e+07   2.789e+08   1.000e+00
    319  632394.760     331       0  -4.440031200000000e+07   2.019e+08   1.000e+00
    320  634349.390     332       0  -4.440034000000000e+07   2.284e+08   1.000e+00
    321  636298.174     333       0  -4.440038000000000e+07   3.766e+08   1.000e+00
    322  638218.718     334       0  -4.440042400000000e+07   3.845e+08   1.000e+00
    323  640121.409     335       0  -4.440044400000000e+07   1.986e+08   1.000e+00
    324  642086.294     336       0  -4.440046400000000e+07   2.319e+08   1.000e+00
    325  644038.707     337       0  -4.440049200000000e+07   2.761e+08   1.000e+00
    326  645996.840     338       0  -4.440053200000000e+07   4.104e+08   1.000e+00
    327  647886.945     339       0  -4.440056000000000e+07   2.345e+08   1.000e+00
    328  649837.107     340       0  -4.440058400000000e+07   2.259e+08   1.000e+00
    329  651800.907     341       0  -4.440062000000000e+07   2.506e+08   1.000e+00
    330  653770.730     342       0  -4.440066000000000e+07   5.635e+08   1.000e+00
    331  655718.930     343       0  -4.440068800000000e+07   2.123e+08   1.000e+00
    332  657592.233     344       0  -4.440070800000000e+07   1.964e+08   1.000e+00
    333  659501.086     345       0  -4.440073200000000e+07   2.365e+08   1.000e+00
    334  661449.676     346       0  -4.440077200000000e+07   5.516e+08   1.000e+00
    335  663382.153     347       0  -4.440080000000000e+07   2.386e+08   1.000e+00
    336  665322.996     348       0  -4.440083200000000e+07   1.943e+08   1.000e+00
    337  667248.820     349       0  -4.440085200000000e+07   2.227e+08   1.000e+00
    338  669225.025     350       0  -4.440090800000000e+07   4.027e+08   1.000e+00
    339  671179.110     351       0  -4.440095600000000e+07   2.771e+08   1.000e+00
    340  673142.736     352       0  -4.440097600000000e+07   1.802e+08   1.000e+00
    341  675061.024     353       0  -4.440100000000000e+07   2.172e+08   1.000e+00
    342  676988.357     354       0  -4.440103600000000e+07   3.314e+08   1.000e+00
    343  678923.878     355       0  -4.440107600000000e+07   2.460e+08   1.000e+00
    344  680905.186     356       0  -4.440113200000000e+07   2.395e+08   1.000e+00
    345  682886.663     357       0  -4.440117200000000e+07   4.556e+08   1.000e+00
    346  684861.836     358       0  -4.440119600000000e+07   2.167e+08   1.000e+00
    347  686829.598     359       0  -4.440122000000000e+07   2.006e+08   1.000e+00
    348  688781.745     360       0  -4.440124400000000e+07   2.454e+08   1.000e+00
    349  690722.850     361       0  -4.440128000000000e+07   6.331e+08   1.000e+00
    350  692670.708     362       0  -4.440131600000000e+07   2.423e+08   1.000e+00
    351  694657.447     363       0  -4.440134400000000e+07   1.730e+08   1.000e+00
    352  696664.416     364       0  -4.440137200000000e+07   2.040e+08   1.000e+00
    353  698651.944     365       0  -4.440140800000000e+07   2.755e+08   1.000e+00
    354  700641.085     366       0  -4.440145200000000e+07   4.458e+08   1.000e+00
    355  702617.700     367       0  -4.440148400000000e+07   1.843e+08   1.000e+00
    356  704581.620     368       0  -4.440149200000000e+07   2.040e+08   1.000e+00
    357  706521.707     369       0  -4.440151600000000e+07   2.408e+08   1.000e+00
    358  708493.017     370       0  -4.440154000000000e+07   6.312e+08   1.000e+00
    359  710492.725     371       0  -4.440157200000000e+07   2.222e+08   1.000e+00
    360  712511.614     372       0  -4.440159200000000e+07   1.700e+08   1.000e+00
    361  714522.569     373       0  -4.440161600000000e+07   2.108e+08   1.000e+00
    362  716530.017     374       0  -4.440165600000000e+07   2.788e+08   1.000e+00
    363  718530.546     375       0  -4.440169200000000e+07   5.784e+08   1.000e+00
    364  720518.769     376       0  -4.440172000000000e+07   1.899e+08   1.000e+00
    365  722513.246     377       0  -4.440173600000000e+07   1.816e+08   1.000e+00
    366  724499.331     378       0  -4.440176000000000e+07   2.269e+08   1.000e+00
    367  726445.647     379       0  -4.440179200000000e+07   5.870e+08   1.000e+00
    368  728449.415     380       0  -4.440182400000000e+07   2.549e+08   1.000e+00
    369  730463.565     381       0  -4.440184400000000e+07   1.792e+08   1.000e+00
    370  732476.193     382       0  -4.440187200000000e+07   2.039e+08   1.000e+00
    371  734496.687     383       0  -4.440190800000000e+07   2.301e+08   1.000e+00
    372  738326.594     385       0  -4.440192800000000e+07   4.670e+08   4.683e-01
    373  740245.956     386       0  -4.440196400000000e+07   2.489e+08   1.000e+00
    374  742152.157     387       0  -4.440198800000000e+07   1.765e+08   1.000e+00
    375  744050.874     388       0  -4.440202000000000e+07   2.172e+08   1.000e+00
    376  745914.999     389       0  -4.440204400000000e+07   4.648e+08   1.000e+00
    377  747838.784     390       0  -4.440207200000000e+07   2.296e+08   1.000e+00
    378  749765.063     391       0  -4.440209600000000e+07   1.762e+08   1.000e+00
    379  751632.477     392       0  -4.440211600000000e+07   2.056e+08   1.000e+00
    380  753567.701     393       0  -4.440214800000000e+07   3.942e+08   1.000e+00
    381  755479.029     394       0  -4.440218000000000e+07   2.245e+08   1.000e+00
    382  757358.571     395       0  -4.440220000000000e+07   1.683e+08   1.000e+00
    383  759219.870     396       0  -4.440221200000000e+07   2.205e+08   1.000e+00
    384  761134.353     397       0  -4.440224000000000e+07   2.807e+08   1.000e+00
    385  763022.950     398       0  -4.440225200000000e+07   2.096e+08   1.000e+00
    386  764888.512     399       0  -4.440228800000000e+07   2.060e+08   1.000e+00
    387  766796.280     400       0  -4.440230000000000e+07   3.607e+08   1.000e+00
    388  768687.201     401       0  -4.440232800000000e+07   2.043e+08   1.000e+00
    389  770560.518     402       0  -4.440234800000000e+07   1.732e+08   1.000e+00
    390  772418.162     403       0  -4.440236000000000e+07   1.979e+08   1.000e+00
    391  774329.727     404       0  -4.440238400000000e+07   4.733e+08   1.000e+00
    392  776203.716     405       0  -4.440240800000000e+07   1.826e+08   1.000e+00
    393  778098.967     406       0  -4.440242000000000e+07   1.659e+08   1.000e+00
    394  780020.985     407       0  -4.440243200000000e+07   1.866e+08   1.000e+00
    395  781925.519     408       0  -4.440244800000000e+07   4.715e+08   1.000e+00
    396  783792.321     409       0  -4.440247600000000e+07   2.081e+08   1.000e+00
    397  785710.614     410       0  -4.440248800000000e+07   1.531e+08   1.000e+00
    398  787630.198     411       0  -4.440250800000000e+07   1.790e+08   1.000e+00
    399  789531.793     412       0  -4.440253600000000e+07   2.438e+08   1.000e+00
    400  791420.627     413       0  -4.440256000000000e+07   4.059e+08   1.000e+00
    401  793342.263     414       0  -4.440258000000000e+07   1.647e+08   1.000e+00
    402  795224.502     415       0  -4.440258800000000e+07   1.620e+08   1.000e+00
    403  797099.469     416       0  -4.440261200000000e+07   1.963e+08   1.000e+00
    404  799012.401     417       0  -4.440262800000000e+07   5.071e+08   1.000e+00
    405  800927.541     418       0  -4.440265200000000e+07   2.125e+08   1.000e+00
    406  802811.143     419       0  -4.440266800000000e+07   1.578e+08   1.000e+00
    407  804700.809     420       0  -4.440268800000000e+07   1.792e+08   1.000e+00
    408  806619.915     421       0  -4.440271200000000e+07   2.595e+08   1.000e+00
    409  808535.640     422       0  -4.440274800000000e+07   3.157e+08   1.000e+00
    410  810393.691     423       0  -4.440276000000000e+07   1.551e+08   1.000e+00
    411  812319.687     424       0  -4.440277200000000e+07   1.827e+08   1.000e+00
    412  814247.732     425       0  -4.440279200000000e+07   2.115e+08   1.000e+00
    413  816150.274     426       0  -4.440281200000000e+07   4.947e+08   1.000e+00
    414  818026.420     427       0  -4.440283600000000e+07   1.838e+08   1.000e+00
    415  819954.459     428       0  -4.440284800000000e+07   1.523e+08   1.000e+00
    416  821873.209     429       0  -4.440286800000000e+07   1.742e+08   1.000e+00
    417  823740.982     430       0  -4.440289600000000e+07   3.195e+08   1.000e+00
    418  825671.467     431       0  -4.440292800000000e+07   2.003e+08   1.000e+00
    419  827600.285     432       0  -4.440294400000000e+07   1.514e+08   1.000e+00
    420  829508.903     433       0  -4.440297200000000e+07   1.966e+08   1.000e+00
    421  831379.604     434       0  -4.440298400000000e+07   4.498e+08   1.000e+00
    422  833321.164     435       0  -4.440299600000000e+07   1.940e+08   1.000e+00
    423  835254.827     436       0  -4.440300800000000e+07   1.351e+08   1.000e+00
    424  837148.085     437       0  -4.440302400000000e+07   1.837e+08   1.000e+00
    425  839012.147     438       0  -4.440306000000000e+07   2.132e+08   1.000e+00
    426  840954.052     439       0  -4.440307600000000e+07   6.460e+08   1.000e+00
    427  842878.015     440       0  -4.440310800000000e+07   1.709e+08   1.000e+00
    428  844786.694     441       0  -4.440311600000000e+07   1.248e+08   1.000e+00
    429  846661.519     442       0  -4.440313600000000e+07   1.582e+08   1.000e+00
    430  848582.105     443       0  -4.440314800000000e+07   3.071e+08   1.000e+00
    431  850475.151     444       0  -4.440317200000000e+07   2.177e+08   1.000e+00
    432  852342.284     445       0  -4.440319200000000e+07   1.700e+08   1.000e+00
    433  854270.110     446       0  -4.440321200000000e+07   2.366e+08   1.000e+00
    434  856204.704     447       0  -4.440322800000000e+07   1.922e+08   1.000e+00
    435  858073.345     448       0  -4.440323600000000e+07   1.725e+08   1.000e+00
    436  859996.395     449       0  -4.440326400000000e+07   3.769e+08   1.000e+00
    437  861929.520     450       0  -4.440328800000000e+07   2.319e+08   1.000e+00
    438  863852.618     451       0  -4.440330000000000e+07   1.623e+08   1.000e+00
    439  865710.875     452       0  -4.440332000000000e+07   1.392e+08   1.000e+00
    440  867636.026     453       0  -4.440334000000000e+07   3.349e+08   1.000e+00
    441  869554.236     454       0  -4.440335600000000e+07   1.738e+08   1.000e+00
    442  871464.372     455       0  -4.440337600000000e+07   1.416e+08   1.000e+00
    443  873342.360     456       0  -4.440339600000000e+07   1.594e+08   1.000e+00
    444  875259.521     457       0  -4.440341600000000e+07   4.668e+08   1.000e+00
    445  877174.218     458       0  -4.440344000000000e+07   1.709e+08   1.000e+00
    446  879053.915     459       0  -4.440345600000000e+07   1.554e+08   1.000e+00
    447  880954.544     460       0  -4.440347600000000e+07   1.901e+08   1.000e+00
    448  882875.582     461       0  -4.440350400000000e+07   3.648e+08   1.000e+00
    449  884805.383     462       0  -4.440353200000000e+07   2.233e+08   1.000e+00
    450  886676.624     463       0  -4.440354800000000e+07   1.371e+08   1.000e+00
    451  888606.820     464       0  -4.440355200000000e+07   1.501e+08   1.000e+00
    452  890545.165     465       0  -4.440356400000000e+07   1.816e+08   1.000e+00
    453  892440.674     466       0  -4.440358800000000e+07   3.078e+08   1.000e+00
    454  894313.520     467       0  -4.440360400000000e+07   1.591e+08   1.000e+00
    455  896245.864     468       0  -4.440361600000000e+07   1.469e+08   1.000e+00
    456  898163.399     469       0  -4.440362800000000e+07   1.534e+08   1.000e+00
    457  900057.532     470       0  -4.440363600000000e+07   4.837e+08   1.000e+00
    458  901938.982     471       0  -4.440365200000000e+07   1.436e+08   1.000e+00
    459  903842.736     472       0  -4.440366400000000e+07   1.212e+08   1.000e+00
    460  905790.312     473       0  -4.440367200000000e+07   1.562e+08   1.000e+00
    461  907714.448     474       0  -4.440367600000000e+07   2.733e+08   1.000e+00
    462  909612.373     475       0  -4.440370000000000e+07   1.867e+08   1.000e+00
    463  911557.181     476       0  -4.440370800000000e+07   1.342e+08   1.000e+00
    464  913498.867     477       0  -4.440372800000000e+07   1.859e+08   1.000e+00
    465  915398.812     478       0  -4.440373600000000e+07   2.234e+08   1.000e+00
    466  917298.210     479       0  -4.440374400000000e+07   1.535e+08   1.000e+00
    467  919241.453     480       0  -4.440376800000000e+07   1.483e+08   1.000e+00
    468  921184.066     481       0  -4.440378000000000e+07   2.186e+08   1.000e+00
    469  923111.094     482       0  -4.440380400000000e+07   1.646e+08   1.000e+00
    470  925002.987     483       0  -4.440381600000000e+07   2.968e+08   1.000e+00
    471  926931.986     484       0  -4.440383200000000e+07   1.382e+08   1.000e+00
    472  928872.664     485       0  -4.440384000000000e+07   1.412e+08   1.000e+00
    473  930799.656     486       0  -4.440385600000000e+07   1.748e+08   1.000e+00
    474  932719.161     487       0  -4.440387200000000e+07   4.441e+08   1.000e+00
    475  934624.195     488       0  -4.440388800000000e+07   1.721e+08   1.000e+00
    476  936588.479     489       0  -4.440389600000000e+07   1.226e+08   1.000e+00
    477  938542.848     490       0  -4.440390800000000e+07   1.469e+08   1.000e+00
    478  940469.888     491       0  -4.440392800000000e+07   2.553e+08   1.000e+00
    479  942374.893     492       0  -4.440396000000000e+07   1.583e+08   1.000e+00
    480  944327.009     493       0  -4.440397200000000e+07   1.232e+08   1.000e+00
    481  946294.427     494       0  -4.440398800000000e+07   1.916e+08   1.000e+00
    482  948253.208     495       0  -4.440400400000000e+07   2.334e+08   1.000e+00
    483  950145.330     496       0  -4.440401200000000e+07   1.590e+08   1.000e+00
    484  952085.903     497       0  -4.440402800000000e+07   1.452e+08   1.000e+00
    485  954056.575     498       0  -4.440404400000000e+07   1.979e+08   1.000e+00
    486  956014.368     499       0  -4.440406000000000e+07   1.562e+08   1.000e+00
    487  957967.167     500       0  -4.440408000000000e+07   2.532e+08   1.000e+00
    488  959897.293     501       0  -4.440409200000000e+07   1.327e+08   1.000e+00
    489  961800.284     502       0  -4.440410000000000e+07   1.279e+08   1.000e+00
    490  963753.049     503       0  -4.440411600000000e+07   1.593e+08   1.000e+00
    491  965699.758     504       0  -4.440413200000000e+07   3.987e+08   1.000e+00
    492  967625.290     505       0  -4.440414400000000e+07   1.516e+08   1.000e+00
    493  969524.437     506       0  -4.440415600000000e+07   1.189e+08   1.000e+00
    494  971467.862     507       0  -4.440416400000000e+07   1.389e+08   1.000e+00
    495  973434.478     508       0  -4.440417600000000e+07   2.921e+08   1.000e+00
    496  975359.791     509       0  -4.440419200000000e+07   1.580e+08   1.000e+00
    497  977258.713     510       0  -4.440420000000000e+07   1.174e+08   1.000e+00
    498  979189.024     511       0  -4.440421200000000e+07   1.593e+08   1.000e+00
    499  981157.177     512       0  -4.440422000000000e+07   2.219e+08   1.000e+00
    500  983105.264     513       0  -4.440423600000000e+07   1.554e+08   1.000e+00
    501  985021.880     514       0  -4.440425200000000e+07   1.427e+08   1.000e+00
    502  986907.906     515       0  -4.440426400000000e+07   1.782e+08   1.000e+00
    503  988858.289     516       0  -4.440427600000000e+07   1.992e+08   1.000e+00
    504  990810.370     517       0  -4.440428800000000e+07   1.527e+08   1.000e+00
    505  992769.102     518       0  -4.440429600000000e+07   1.355e+08   1.000e+00
    506  994693.406     519       0  -4.440430400000000e+07   1.586e+08   1.000e+00
    507  996591.169     520       0  -4.440432400000000e+07   1.809e+08   1.000e+00
    508  998546.452     521       0  -4.440433200000000e+07   1.588e+08   1.000e+00
    509 1000520.045     522       0  -4.440433600000000e+07   1.275e+08   1.000e+00
    510 1002476.906     523       0  -4.440434800000000e+07   1.561e+08   1.000e+00
    511 1004367.261     524       0  -4.440435200000000e+07   2.045e+08   1.000e+00
    512 1006307.991     525       0  -4.440436400000000e+07   1.315e+08   1.000e+00
    513 1008276.425     526       0  -4.440438000000000e+07   1.201e+08   1.000e+00
    514 1010235.398     527       0  -4.440438800000000e+07   1.762e+08   1.000e+00
    515 1012159.793     528       0  -4.440440400000000e+07   1.313e+08   1.000e+00
    516 1014066.120     529       0  -4.440442000000000e+07   2.259e+08   1.000e+00
    517 1016037.227     530       0  -4.440443200000000e+07   1.263e+08   1.000e+00
    518 1017994.913     531       0  -4.440444400000000e+07   1.320e+08   1.000e+00
    519 1019945.192     532       0  -4.440445600000000e+07   1.909e+08   1.000e+00
    520 1021877.968     533       0  -4.440447600000000e+07   3.982e+08   1.000e+00
    521 1023782.072     534       0  -4.440448800000000e+07   1.537e+08   1.000e+00
    522 1025716.087     535       0  -4.440449200000000e+07   1.110e+08   1.000e+00
    523 1027637.694     536       0  -4.440450400000000e+07   1.324e+08   1.000e+00
    524 1029502.810     537       0  -4.440451600000000e+07   2.452e+08   1.000e+00
    525 1031437.837     538       0  -4.440453200000000e+07   1.491e+08   1.000e+00
    526 1033359.903     539       0  -4.440454000000000e+07   1.179e+08   1.000e+00
    527 1035253.065     540       0  -4.440456000000000e+07   1.904e+08   1.000e+00
    528 1037145.800     541       0  -4.440457200000000e+07   1.783e+08   1.000e+00
    529 1039065.799     542       0  -4.440457600000000e+07   1.353e+08   1.000e+00
    530 1041009.701     543       0  -4.440459200000000e+07   1.602e+08   1.000e+00
    531 1042872.159     544       0  -4.440460000000000e+07   2.060e+08   1.000e+00
    532 1044793.203     545       0  -4.440460400000000e+07   1.392e+08   1.000e+00
    533 1046734.795     546       0  -4.440462400000000e+07   1.266e+08   1.000e+00
    534 1048669.442     547       0  -4.440463600000000e+07   1.690e+08   1.000e+00
    535 1050584.208     548       0  -4.440465200000000e+07   1.345e+08   1.000e+00
    536 1052477.320     549       0  -4.440466400000000e+07   2.756e+08   1.000e+00
    537 1054428.129     550       0  -4.440467600000000e+07   1.147e+08   1.000e+00
    538 1056372.799     551       0  -4.440468000000000e+07   1.065e+08   1.000e+00
    539 1058278.922     552       0  -4.440468800000000e+07   1.373e+08   1.000e+00
    540 1060171.479     553       0  -4.440469600000000e+07   3.058e+08   1.000e+00
    541 1062126.522     554       0  -4.440470800000000e+07   1.502e+08   1.000e+00
    542 1064077.900     555       0  -4.440472000000000e+07   1.071e+08   1.000e+00
    543 1065993.636     556       0  -4.440472400000000e+07   1.179e+08   1.000e+00
    544 1067897.415     557       0  -4.440472800000000e+07   3.238e+08   1.000e+00
    545 1069837.568     558       0  -4.440474000000000e+07   1.286e+08   1.000e+00
    546 1071776.401     559       0  -4.440474800000000e+07   9.703e+07   1.000e+00
    547 1073691.547     560       0  -4.440475200000000e+07   1.223e+08   1.000e+00
    548 1075571.906     561       0  -4.440476400000000e+07   1.752e+08   1.000e+00
    549 1077484.069     562       0  -4.440478000000000e+07   3.109e+08   1.000e+00
    550 1079383.401     563       0  -4.440478800000000e+07   1.090e+08   1.000e+00
    551 1081283.255     564       0  -4.440479200000000e+07   9.978e+07   1.000e+00
    552 1083159.632     565       0  -4.440480000000000e+07   1.238e+08   1.000e+00
    553 1085081.045     566       0  -4.440481600000000e+07   2.487e+08   1.000e+00
    554 1087002.551     567       0  -4.440482800000000e+07   1.453e+08   1.000e+00
    555 1088876.429     568       0  -4.440483200000000e+07   9.931e+07   1.000e+00
    556 1090789.554     569       0  -4.440484000000000e+07   1.193e+08   1.000e+00
    557 1092744.276     570       0  -4.440485200000000e+07   2.146e+08   1.000e+00
    558 1094641.709     571       0  -4.440485600000000e+07   1.258e+08   1.000e+00
    559 1096514.310     572       0  -4.440486800000000e+07   1.106e+08   1.000e+00
    560 1098454.666     573       0  -4.440487200000000e+07   1.198e+08   1.000e+00
    561 1100390.483     574       0  -4.440488400000000e+07   4.263e+08   1.000e+00
    562 1102284.095     575       0  -4.440490400000000e+07   1.169e+08   1.000e+00
    563 1134182.262     592       0  -4.440490400000000e+07   1.169e+08   7.507e-06
# Termination: function reduction test satisfied
# Iter.   Time (ms)    Eval. Reject.       Obj. Func.           Grad.       Step
# ---------------------------------------------------------------------------------
      0    1828.858       1       0  -4.420293600000000e+07   4.285e+09   0.000e+00
      1   22500.768      12       0  -4.420669600000000e+07   1.158e+10   2.022e-15
      2   24356.179      13       0  -4.422574400000000e+07   3.823e+09   1.000e+00
      3   26247.402      14       0  -4.423058000000000e+07   2.686e+09   1.000e+00
      4   28150.695      15       0  -4.423946400000000e+07   3.214e+09   1.000e+00
      5   30049.817      16       0  -4.425036400000000e+07   5.618e+09   1.000e+00
      6   31930.021      17       0  -4.425661600000000e+07   4.085e+09   1.000e+00
      7   33841.374      18       0  -4.425954400000000e+07   2.794e+09   1.000e+00
      8   35742.197      19       0  -4.426472000000000e+07   2.566e+09   1.000e+00
      9   37597.894      20       0  -4.426948800000000e+07   3.864e+09   1.000e+00
     10   39495.963      21       0  -4.427390400000000e+07   2.577e+09   1.000e+00
     11   41395.427      22       0  -4.427700800000000e+07   2.115e+09   1.000e+00
     12   43254.985      23       0  -4.428032400000000e+07   2.574e+09   1.000e+00
     13   45174.039      24       0  -4.428274000000000e+07   2.523e+09   1.000e+00
     14   47086.583      25       0  -4.428480400000000e+07   1.925e+09   1.000e+00
     15   48966.916      26       0  -4.428733200000000e+07   2.217e+09   1.000e+00
     16   50864.668      27       0  -4.428887600000000e+07   2.776e+09   1.000e+00
     17   52767.491      28       0  -4.429001200000000e+07   1.672e+09   1.000e+00
     18   54655.934      29       0  -4.429150400000000e+07   1.402e+09   1.000e+00
     19   56525.550      30       0  -4.429271200000000e+07   1.670e+09   1.000e+00
     20   58458.499      31       0  -4.429441600000000e+07   2.518e+09   1.000e+00
     21   60365.682      32       0  -4.429562000000000e+07   1.462e+09   1.000e+00
     22   62266.696      33       0  -4.429633600000000e+07   1.371e+09   1.000e+00
     23   64132.497      34       0  -4.429749600000000e+07   1.529e+09   1.000e+00
     24   66065.129      35       0  -4.429825200000000e+07   3.550e+09   1.000e+00
     25   67993.360      36       0  -4.429937200000000e+07   1.277e+09   1.000e+00
     26   69853.851      37       0  -4.429993200000000e+07   9.750e+08   1.000e+00
     27   71772.441      38       0  -4.430064400000000e+07   1.195e+09   1.000e+00
     28   73716.946      39       0  -4.430156000000000e+07   2.274e+09   1.000e+00
     29   75609.540      40       0  -4.430253200000000e+07   1.160e+09   1.000e+00
     30   77471.313      41       0  -4.430318800000000e+07   1.007e+09   1.000e+00
     31   79416.006      42       0  -4.430398400000000e+07   1.305e+09   1.000e+00
     32   81335.598      43       0  -4.430442400000000e+07   2.491e+09   1.000e+00
     33   83201.489      44       0  -4.430499200000000e+07   1.044e+09   1.000e+00
     34   85117.272      45       0  -4.430536800000000e+07   8.775e+08   1.000e+00
     35   87040.900      46       0  -4.430580000000000e+07   1.055e+09   1.000e+00
     36   88931.724      47       0  -4.430651600000000e+07   1.631e+09   1.000e+00
     37   90808.737      48       0  -4.430702400000000e+07   1.853e+09   1.000e+00
     38   92715.673      49       0  -4.430743600000000e+07   8.043e+08   1.000e+00
     39   94629.259      50       0  -4.430770400000000e+07   8.184e+08   1.000e+00
     40   96490.070      51       0  -4.430802000000000e+07   9.528e+08   1.000e+00
     41   98401.269      52       0  -4.430841600000000e+07   2.254e+09   1.000e+00
     42  100335.489      53       0  -4.430894000000000e+07   9.669e+08   1.000e+00
     43  102233.129      54       0  -4.430930000000000e+07   8.283e+08   1.000e+00
     44  104110.845      55       0  -4.430959200000000e+07   9.086e+08   1.000e+00
     45  106031.772      56       0  -4.431009200000000e+07   1.565e+09   1.000e+00
     46  107960.327      57       0  -4.431049200000000e+07   1.281e+09   1.000e+00
     47  109835.013      58       0  -4.431076000000000e+07   7.302e+08   1.000e+00
     48  111752.176      59       0  -4.431106400000000e+07   7.747e+08   1.000e+00
     49  113669.786      60       0  -4.431134800000000e+07   9.010e+08   1.000e+00
     50  115567.737      61       0  -4.431165600000000e+07   1.327e+09   1.000e+00
     51  117429.683      62       0  -4.431194800000000e+07   7.068e+08   1.000e+00
     52  119316.392      63       0  -4.431216400000000e+07   7.020e+08   1.000e+00
     53  121214.962      64       0  -4.431241200000000e+07   8.357e+08   1.000e+00
     54  123103.858      65       0  -4.431270000000000e+07   1.593e+09   1.000e+00
     55  124986.921      66       0  -4.431300400000000e+07   6.972e+08   1.000e+00
     56  126918.951      67       0  -4.431318000000000e+07   6.742e+08   1.000e+00
     57  128841.329      68       0  -4.431342400000000e+07   7.157e+08   1.000e+00
     58  130716.232      69       0  -4.431362800000000e+07   1.849e+09   1.000e+00
     59  132637.044      70       0  -4.431394800000000e+07   6.874e+08   1.000e+00
     60  134554.793      71       0  -4.431410800000000e+07   5.392e+08   1.000e+00
     61  136461.160      72       0  -4.431429600000000e+07   6.572e+08   1.000e+00
     62  138331.950      73       0  -4.431460800000000e+07   9.715e+08   1.000e+00
     63  140247.713      74       0  -4.431491200000000e+07   1.174e+09   1.000e+00
     64  142125.622      75       0  -4.431512400000000e+07   5.565e+08   1.000e+00
     65  143999.436      76       0  -4.431528000000000e+07   6.038e+08   1.000e+00
     66  145931.518      77       0  -4.431547600000000e+07   6.603e+08   1.000e+00
     67  147853.266      78       0  -4.431570000000000e+07   1.540e+09   1.000e+00
     68  149765.178      79       0  -4.431594000000000e+07   6.178e+08   1.000e+00
     69  151639.006      80       0  -4.431608000000000e+07   5.173e+08   1.000e+00
     70  153551.976      81       0  -4.431623200000000e+07   5.951e+08   1.000e+00
     71  155473.319      82       0  -4.431649200000000e+07   7.822e+08   1.000e+00
     72  157320.147      83       0  -4.431664800000000e+07   1.455e+09   1.000e+00
     73  159242.205      84       0  -4.431683600000000e+07   4.945e+08   1.000e+00
     74  161145.300      85       0  -4.431691200000000e+07   4.387e+08   1.000e+00
     75  163061.820      86       0  -4.431706400000000e+07   5.546e+08   1.000e+00
     76  164934.352      87       0  -4.431724800000000e+07   1.204e+09   1.000e+00
     77  166850.857      88       0  -4.431743600000000e+07   5.926e+08   1.000e+00
     78  168736.097      89       0  -4.431755600000000e+07   4.359e+08   1.000e+00
     79  170608.553      90       0  -4.431768800000000e+07   4.858e+08   1.000e+00
     80  172531.667      91       0  -4.431784400000000e+07   8.372e+08   1.000e+00
     81  174443.772      92       0  -4.431799600000000e+07   5.300e+08   1.000e+00
     82  176309.241      93       0  -4.431809600000000e+07   4.333e+08   1.000e+00
     83  178237.043      94       0  -4.431826800000000e+07   5.287e+08   1.000e+00
     84  180167.360      95       0  -4.431834400000000e+07   1.304e+09   1.000e+00
     85  182063.332      96       0  -4.431848000000000e+07   5.336e+08   1.000e+00
     86  183932.153      97       0  -4.431857600000000e+07   3.586e+08   1.000e+00
     87  185874.557      98       0  -4.431866800000000e+07   4.261e+08   1.000e+00
     88  187780.804      99       0  -4.431880800000000e+07   4.968e+08   1.000e+00
     89  189653.230     100       0  -4.431887600000000e+07   1.399e+09   1.000e+00
     90  191540.999     101       0  -4.431904000000000e+07   3.759e+08   1.000e+00
     91  193459.441     102       0  -4.431908000000000e+07   3.317e+08   1.000e+00
     92  195353.563     103       0  -4.431917200000000e+07   4.234e+08   1.000e+00
     93  197222.341     104       0  -4.431928400000000e+07   1.024e+09   1.000e+00
     94  199150.770     105       0  -4.431940400000000e+07   5.060e+08   1.000e+00
     95  201028.393     106       0  -4.431948400000000e+07   3.607e+08   1.000e+00
     96  202903.495     107       0  -4.431955600000000e+07   4.118e+08   1.000e+00
     97  204825.036     108       0  -4.431965200000000e+07   5.899e+08   1.000e+00
     98  206772.348     109       0  -4.431973200000000e+07   5.417e+08   1.000e+00
     99  208655.632     110       0  -4.431979600000000e+07   3.507e+08   1.000e+00
    100  210525.778     111       0  -4.431988800000000e+07   3.805e+08   1.000e+00
    101  212453.788     112       0  -4.431994400000000e+07   5.519e+08   1.000e+00
    102  214374.185     113       0  -4.432002800000000e+07   3.706e+08   1.000e+00
    103  216230.678     114       0  -4.432010400000000e+07   3.624e+08   1.000e+00
    104  218137.751     115       0  -4.432015200000000e+07   6.437e+08   1.000e+00
    105  220070.098     116       0  -4.432019600000000e+07   3.282e+08   1.000e+00
    106  221950.803     117       0  -4.432024400000000e+07   2.993e+08   1.000e+00
    107  223822.429     118       0  -4.432029600000000e+07   3.690e+08   1.000e+00
    108  225752.102     119       0  -4.432038800000000e+07   6.601e+08   1.000e+00
    109  227665.121     120       0  -4.432046800000000e+07   5.006e+08   1.000e+00
    110  229537.833     121       0  -4.432052000000000e+07   2.855e+08   1.000e+00
    111  231459.547     122       0  -4.432056400000000e+07   2.877e+08   1.000e+00
    112  233366.037     123       0  -4.432060800000000e+07   3.978e+08   1.000e+00
    113  235235.399     124       0  -4.432066400000000e+07   3.170e+08   1.000e+00
    114  237128.877     125       0  -4.432075200000000e+07   3.970e+08   1.000e+00
    115  239050.560     126       0  -4.432080000000000e+07   6.576e+08   1.000e+00
    116  240958.408     127       0  -4.432084800000000e+07   2.921e+08   1.000e+00
    117  242801.993     128       0  -4.432088400000000e+07   2.589e+08   1.000e+00
    118  244712.043     129       0  -4.432092800000000e+07   3.046e+08   1.000e+00
    119  246633.878     130       0  -4.432098400000000e+07   7.823e+08   1.000e+00
    120  248528.635     131       0  -4.432105200000000e+07   3.261e+08   1.000e+00
    121  250389.529     132       0  -4.432110000000000e+07   2.289e+08   1.000e+00
    122  252303.672     133       0  -4.432113600000000e+07   2.644e+08   1.000e+00
    123  254226.528     134       0  -4.432118800000000e+07   4.811e+08   1.000e+00
    124  256078.122     135       0  -4.432124800000000e+07   2.975e+08   1.000e+00
    125  257996.729     136       0  -4.432128800000000e+07   2.461e+08   1.000e+00
    126  259926.093     137       0  -4.432134800000000e+07   3.750e+08   1.000e+00
    127  261776.040     138       0  -4.432140000000000e+07   4.647e+08   1.000e+00
    128  263715.527     139       0  -4.432143200000000e+07   2.964e+08   1.000e+00
    129  265652.728     140       0  -4.432149600000000e+07   2.503e+08   1.000e+00
    130  267550.203     141       0  -4.432154400000000e+07   3.048e+08   1.000e+00
    131  269430.117     142       0  -4.432162800000000e+07   3.327e+08   1.000e+00
    132  271357.785     143       0  -4.432167200000000e+07   4.440e+08   1.000e+00
    133  273264.311     144       0  -4.432171200000000e+07   2.778e+08   1.000e+00
    134  275152.248     145       0  -4.432174800000000e+07   2.413e+08   1.000e+00
    135  277017.287     146       0  -4.432179200000000e+07   3.369e+08   1.000e+00
    136  278924.909     147       0  -4.432185600000000e+07   3.229e+08   1.000e+00
    137  280810.937     148       0  -4.432191200000000e+07   2.739e+08   1.000e+00
    138  282680.618     149       0  -4.432196800000000e+07   3.139e+08   1.000e+00
    139  284603.565     150       0  -4.432200800000000e+07   2.822e+08   1.000e+00
    140  286518.063     151       0  -4.432204400000000e+07   2.470e+08   1.000e+00
    141  288374.518     152       0  -4.432210400000000e+07   4.592e+08   1.000e+00
    142  290306.082     153       0  -4.432215600000000e+07   3.545e+08   1.000e+00
    143  292215.853     154       0  -4.432217200000000e+07   2.430e+08   1.000e+00
    144  294074.828     155       0  -4.432222400000000e+07   1.990e+08   1.000e+00
    145  295983.423     156       0  -4.432227200000000e+07   3.603e+08   1.000e+00
    146  297908.046     157       0  -4.432231600000000e+07   2.333e+08   1.000e+00
    147  299828.873     158       0  -4.432237600000000e+07   2.287e+08   1.000e+00
    148  301699.266     159       0  -4.432242400000000e+07   4.723e+08   1.000e+00
    149  303635.958     160       0  -4.432244400000000e+07   2.649e+08   1.000e+00
    150  305556.062     161       0  -4.432248400000000e+07   2.354e+08   1.000e+00
    151  307444.229     162       0  -4.432252000000000e+07   2.708e+08   1.000e+00
    152  309330.264     163       0  -4.432259200000000e+07   4.962e+08   1.000e+00
    153  311249.962     164       0  -4.432264000000000e+07   4.136e+08   1.000e+00
    154  313160.714     165       0  -4.432265600000000e+07   1.952e+08   1.000e+00
    155  315020.270     166       0  -4.432267600000000e+07   1.926e+08   1.000e+00
    156  316915.895     167       0  -4.432269600000000e+07   2.434e+08   1.000e+00
    157  318831.454     168       0  -4.432274400000000e+07   6.733e+08   1.000e+00
    158  320684.132     169       0  -4.432278800000000e+07   3.004e+08   1.000e+00
    159  322593.604     170       0  -4.432281600000000e+07   2.002e+08   1.000e+00
    160  324492.323     171       0  -4.432284400000000e+07   2.103e+08   1.000e+00
    161  326379.324     172       0  -4.432288400000000e+07   3.044e+08   1.000e+00
    162  328259.814     173       0  -4.432291600000000e+07   3.438e+08   1.000e+00
    163  330192.304     174       0  -4.432294000000000e+07   1.876e+08   1.000e+00
    164  332117.545     175       0  -4.432295600000000e+07   2.342e+08   1.000e+00
    165  334014.829     176       0  -4.432299200000000e+07   2.657e+08   1.000e+00
    166  335893.383     177       0  -4.432301200000000e+07   6.977e+08   1.000e+00
    167  337827.222     178       0  -4.432305600000000e+07   1.949e+08   1.000e+00
    168  339729.227     179       0  -4.432306800000000e+07   1.553e+08   1.000e+00
    169  341594.017     180       0  -4.432308400000000e+07   1.914e+08   1.000e+00
    170  343524.204     181       0  -4.432311600000000e+07   3.406e+08   1.000e+00
    171  345433.006     182       0  -4.432316400000000e+07   2.675e+08   1.000e+00
    172  347294.790     183       0  -4.432319600000000e+07   2.099e+08   1.000e+00
    173  349203.353     184       0  -4.432322400000000e+07   2.302e+08   1.000e+00
    174  351127.340     185       0  -4.432324400000000e+07   2.464e+08   1.000e+00
    175  353006.384     186       0  -4.432326000000000e+07   1.875e+08   1.000e+00
    176  354895.740     187       0  -4.432330000000000e+07   2.464e+08   1.000e+00
    177  356812.933     188       0  -4.432332800000000e+07   4.158e+08   1.000e+00
    178  358715.974     189       0  -4.432334800000000e+07   2.173e+08   1.000e+00
    179  360565.599     190       0  -4.432336800000000e+07   1.689e+08   1.000e+00
    180  362506.919     191       0  -4.432339600000000e+07   1.807e+08   1.000e+00
    181  364433.483     192       0  -4.432343600000000e+07   3.004e+08   1.000e+00
    182  366324.326     193       0  -4.432347600000000e+07   3.391e+08   1.000e+00
    183  368193.050     194       0  -4.432349200000000e+07   1.597e+08   1.000e+00
    184  370146.100     195       0  -4.432350000000000e+07   1.711e+08   1.000e+00
    185  372085.888     196       0  -4.432352400000000e+07   2.471e+08   1.000e+00
    186  373999.563     197       0  -4.432356000000000e+07   3.675e+08   1.000e+00
    187  375887.179     198       0  -4.432359200000000e+07   2.002e+08   1.000e+00
    188  377813.894     199       0  -4.432361200000000e+07   1.700e+08   1.000e+00
    189  379731.601     200       0  -4.432363200000000e+07   1.914e+08   1.000e+00
    190  381600.415     201       0  -4.432365600000000e+07   2.362e+08   1.000e+00
    191  383536.372     202       0  -4.432367600000000e+07   1.719e+08   1.000e+00
    192  385416.953     203       0  -4.432369600000000e+07   1.904e+08   1.000e+00
    193  387303.419     204       0  -4.432371200000000e+07   2.654e+08   1.000e+00
    194  389179.033     205       0  -4.432374000000000e+07   1.868e+08   1.000e+00
    195  391106.580     206       0  -4.432376400000000e+07   1.948e+08   1.000e+00
    196  393017.272     207       0  -4.432377600000000e+07   1.745e+08   1.000e+00
    197  394896.906     208       0  -4.432379200000000e+07   1.572e+08   1.000e+00
    198  396795.596     209       0  -4.432381200000000e+07   1.975e+08   1.000e+00
    199  398731.560     210       0  -4.432382800000000e+07   2.936e+08   1.000e+00
    200  400650.281     211       0  -4.432384400000000e+07   1.687e+08   1.000e+00
    201  402521.768     212       0  -4.432386000000000e+07   1.415e+08   1.000e+00
    202  404450.272     213       0  -4.432386800000000e+07   1.745e+08   1.000e+00
    203  406393.762     214       0  -4.432389600000000e+07   2.196e+08   1.000e+00
    204  408304.899     215       0  -4.432392000000000e+07   2.336e+08   1.000e+00
    205  410205.386     216       0  -4.432393600000000e+07   1.869e+08   1.000e+00
    206  412144.738     217       0  -4.432396000000000e+07   1.901e+08   1.000e+00
    207  414094.429     218       0  -4.432397200000000e+07   3.198e+08   1.000e+00
    208  416005.396     219       0  -4.432399600000000e+07   1.744e+08   1.000e+00
    209  417899.453     220       0  -4.432401200000000e+07   1.446e+08   1.000e+00
    210  419850.834     221       0  -4.432402400000000e+07   1.847e+08   1.000e+00
    211  421822.995     222       0  -4.432404000000000e+07   2.075e+08   1.000e+00
    212  423771.205     223       0  -4.432405600000000e+07   1.618e+08   1.000e+00
    213  425731.595     224       0  -4.432407600000000e+07   1.623e+08   1.000e+00
    214  427617.038     225       0  -4.432409200000000e+07   2.095e+08   1.000e+00
    215  429550.944     226       0  -4.432410400000000e+07   1.631e+08   1.000e+00
    216  431529.123     227       0  -4.432412400000000e+07   1.903e+08   1.000e+00
    217  433483.692     228       0  -4.432414000000000e+07   1.808e+08   1.000e+00
    218  435413.293     229       0  -4.432414400000000e+07   1.426e+08   1.000e+00
    219  437309.319     230       0  -4.432416000000000e+07   1.312e+08   1.000e+00
    220  439249.349     231       0  -4.432417200000000e+07   2.549e+08   1.000e+00
    221  441196.903     232       0  -4.432418400000000e+07   1.540e+08   1.000e+00
    222  443111.901     233       0  -4.432419600000000e+07   1.310e+08   1.000e+00
    223  445008.617     234       0  -4.432421200000000e+07   1.668e+08   1.000e+00
    224  446952.066     235       0  -4.432422800000000e+07   2.048e+08   1.000e+00
    225  448919.469     236       0  -4.432424000000000e+07   1.815e+08   1.000e+00
    226  450881.915     237       0  -4.432425600000000e+07   1.452e+08   1.000e+00
    227  452797.100     238       0  -4.432426400000000e+07   1.577e+08   1.000e+00
    228  454708.020     239       0  -4.432427600000000e+07   2.394e+08   1.000e+00
    229  456663.340     240       0  -4.432428800000000e+07   1.567e+08   1.000e+00
    230  458628.957     241       0  -4.432430400000000e+07   1.470e+08   1.000e+00
    231  460577.388     242       0  -4.432430800000000e+07   1.963e+08   1.000e+00
    232  462475.261     243       0  -4.432433200000000e+07   1.432e+08   1.000e+00
    233  464395.202     244       0  -4.432434000000000e+07   2.211e+08   1.000e+00
    234  466355.211     245       0  -4.432435600000000e+07   1.332e+08   1.000e+00
    235  468310.115     246       0  -4.432436400000000e+07   1.302e+08   1.000e+00
    236  470229.779     247       0  -4.432437200000000e+07   1.937e+08   1.000e+00
    237  472142.041     248       0  -4.432438000000000e+07   3.456e+08   1.000e+00
    238  474105.192     249       0  -4.432439200000000e+07   1.631e+08   1.000e+00
    239  476071.159     250       0  -4.432440400000000e+07   1.220e+08   1.000e+00
    240  478031.949     251       0  -4.432441600000000e+07   1.360e+08   1.000e+00
    241  479969.406     252       0  -4.432442000000000e+07   4.286e+08   1.000e+00
    242  481882.954     253       0  -4.432444000000000e+07   1.285e+08   1.000e+00
    243  483849.005     254       0  -4.432444800000000e+07   9.333e+07   1.000e+00
    244  485794.147     255       0  -4.432445200000000e+07   1.323e+08   1.000e+00
    245  487746.462     256       0  -4.432446000000000e+07   1.564e+08   1.000e+00
    246  491516.484     258       0  -4.432447200000000e+07   2.756e+08   5.000e-01
    247  493429.193     259       0  -4.432448000000000e+07   1.192e+08   1.000e+00
    248  495304.159     260       0  -4.432448800000000e+07   1.022e+08   1.000e+00
    249  497168.614     261       0  -4.432449600000000e+07   1.330e+08   1.000e+00
    250  499087.694     262       0  -4.432450000000000e+07   2.908e+08   1.000e+00
    251  500959.300     263       0  -4.432451200000000e+07   1.283e+08   1.000e+00
    252  502821.667     264       0  -4.432452000000000e+07   1.056e+08   1.000e+00
    253  504720.023     265       0  -4.432452400000000e+07   1.223e+08   1.000e+00
    254  506608.650     266       0  -4.432453600000000e+07   2.586e+08   1.000e+00
    255  508467.308     267       0  -4.432455200000000e+07   1.384e+08   1.000e+00
    256  510391.553     268       0  -4.432456000000000e+07   1.047e+08   1.000e+00
    257  512317.755     269       0  -4.432456800000000e+07   1.294e+08   1.000e+00
    258  514222.902     270       0  -4.432458000000000e+07   2.421e+08   1.000e+00
    259  516108.114     271       0  -4.432459200000000e+07   1.254e+08   1.000e+00
    260  518029.241     272       0  -4.432460000000000e+07   1.011e+08   1.000e+00
    261  519966.735     273       0  -4.432460800000000e+07   1.061e+08   1.000e+00
    262  521836.814     274       0  -4.432462400000000e+07   3.744e+08   1.000e+00
    263  523749.550     275       0  -4.432462800000000e+07   1.289e+08   1.000e+00
    264  525690.196     276       0  -4.432463600000000e+07   8.956e+07   1.000e+00
    265  527623.295     277       0  -4.432464000000000e+07   1.179e+08   1.000e+00
    266  529501.642     278       0  -4.432465600000000e+07   1.405e+08   1.000e+00
    267  531447.359     279       0  -4.432466000000000e+07   3.761e+08   1.000e+00
    268  533379.439     280       0  -4.432467200000000e+07   1.060e+08   1.000e+00
    269  535283.623     281       0  -4.432467600000000e+07   8.709e+07   1.000e+00
    270  537164.882     282       0  -4.432468800000000e+07   1.087e+08   1.000e+00
    271  539113.335     283       0  -4.432470000000000e+07   2.226e+08   1.000e+00
    272  541046.967     284       0  -4.432471600000000e+07   1.507e+08   1.000e+00
    273  542949.847     285       0  -4.432472400000000e+07   1.111e+08   1.000e+00
    274  544819.220     286       0  -4.432472800000000e+07   1.548e+08   1.000e+00
    275  546755.515     287       0  -4.432473600000000e+07   1.195e+08   1.000e+00
    276  548693.334     288       0  -4.432474000000000e+07   1.114e+08   1.000e+00
    277  550602.643     289       0  -4.432474800000000e+07   1.812e+08   1.000e+00
    278  552491.862     290       0  -4.432475200000000e+07   1.378e+08   1.000e+00
    279  554420.910     291       0  -4.432476000000000e+07   1.063e+08   1.000e+00
    280  556355.443     292       0  -4.432476800000000e+07   1.139e+08   1.000e+00
    281  558237.675     293       0  -4.432477600000000e+07   1.979e+08   1.000e+00
    282  560146.375     294       0  -4.432478800000000e+07   1.182e+08   1.000e+00
    283  562077.551     295       0  -4.432479200000000e+07   9.812e+07   1.000e+00
    284  564005.061     296       0  -4.432479600000000e+07   1.121e+08   1.000e+00
    285  565884.537     297       0  -4.432481200000000e+07   1.478e+08   1.000e+00
    286  567823.427     298       0  -4.432482000000000e+07   1.436e+08   1.000e+00
    287  569758.791     299       0  -4.432482800000000e+07   1.169e+08   1.000e+00
    288  571663.684     300       0  -4.432483200000000e+07   1.071e+08   1.000e+00
    289  573562.945     301       0  -4.432484400000000e+07   1.791e+08   1.000e+00
    290  575473.106     302       0  -4.432485200000000e+07   1.228e+08   1.000e+00
    291  577412.269     303       0  -4.432485600000000e+07   1.084e+08   1.000e+00
    292  579356.607     304       0  -4.432486000000000e+07   1.154e+08   1.000e+00
    293  581234.483     305       0  -4.432487600000000e+07   1.032e+08   1.000e+00
    294  583146.719     306       0  -4.432488400000000e+07   2.954e+08   1.000e+00
    295  585089.979     307       0  -4.432489600000000e+07   9.251e+07   1.000e+00
    296  613106.455     322       0  -4.432489600000000e+07   9.251e+07   4.096e-10
# Termination: function reduction test satisfied
# Iter.   Time (ms)    Eval. Reject.       Obj. Func.           Grad.       Step
# ---------------------------------------------------------------------------------
      0    1839.115       1       0  -4.361770800000000e+07   4.285e+09   0.000e+00
      1   22439.293      12       0  -4.363114400000000e+07   5.760e+09   1.041e-15
      2   24294.020      13       0  -4.364010800000000e+07   3.886e+09   1.000e+00
      3   26184.505      14       0  -4.364925600000000e+07   3.696e+09   1.000e+00
      4   28088.746      15       0  -4.365860000000000e+07   4.993e+09   1.000e+00
      5   29943.381      16       0  -4.366615200000000e+07   3.764e+09   1.000e+00
      6   31845.652      17       0  -4.367079600000000e+07   2.868e+09   1.000e+00
      7   33762.370      18       0  -4.367619600000000e+07   2.947e+09   1.000e+00
      8   35605.311      19       0  -4.368126000000000e+07   4.294e+09   1.000e+00
      9   37516.707      20       0  -4.368506000000000e+07   2.613e+09   1.000e+00
     10   39420.497      21       0  -4.368875600000000e+07   2.226e+09   1.000e+00
     11   41292.358      22       0  -4.369154400000000e+07   2.676e+09   1.000e+00
     12   43197.297      23       0  -4.369487600000000e+07   2.175e+09   1.000e+00
     13   45118.993      24       0  -4.369723200000000e+07   2.369e+09   1.000e+00
     14   47027.245      25       0  -4.369920800000000e+07   1.834e+09   1.000e+00
     15   48893.720      26       0  -4.370087200000000e+07   2.001e+09   1.000e+00
     16   50823.039      27       0  -4.370237600000000e+07   2.200e+09   1.000e+00
     17   52747.099      28       0  -4.370363600000000e+07   1.461e+09   1.000e+00
     18   54636.630      29       0  -4.370501200000000e+07   1.415e+09   1.000e+00
     19   56505.587      30       0  -4.370624400000000e+07   2.366e+09   1.000e+00
     20   58413.141      31       0  -4.370745600000000e+07   1.395e+09   1.000e+00
     21   60336.799      32       0  -4.370850800000000e+07   1.257e+09   1.000e+00
     22   62185.780      33       0  -4.370945600000000e+07   1.591e+09   1.000e+00
     23   64088.471      34       0  -4.371048800000000e+07   1.468e+09   1.000e+00
     24   66006.689      35       0  -4.371135200000000e+07   1.548e+09   1.000e+00
     25   67851.912      36       0  -4.371208400000000e+07   1.142e+09   1.000e+00
     26   69771.932      37       0  -4.371275200000000e+07   1.230e+09   1.000e+00
     27   71672.499      38       0  -4.371328400000000e+07   1.627e+09   1.000e+00
     28   73552.364      39       0  -4.371378800000000e+07   1.012e+09   1.000e+00
     29   75444.146      40       0  -4.371441200000000e+07   9.720e+08   1.000e+00
     30   77354.986      41       0  -4.371491200000000e+07   1.200e+09   1.000e+00
     31   79273.603      42       0  -4.371552000000000e+07   1.215e+09   1.000e+00
     32   81108.391      43       0  -4.371588400000000e+07   1.149e+09   1.000e+00
     33   83041.635      44       0  -4.371618400000000e+07   9.126e+08   1.000e+00
     34   84949.703      45       0  -4.371656800000000e+07   8.992e+08   1.000e+00
     35   86842.599      46       0  -4.371680000000000e+07   1.760e+09   1.000e+00
     36   88732.342      47       0  -4.371714800000000e+07   9.035e+08   1.000e+00
     37   90648.028      48       0  -4.371742400000000e+07   7.123e+08   1.000e+00
     38   92536.719      49       0  -4.371762400000000e+07   7.593e+08   1.000e+00
     39   94406.266      50       0  -4.371783600000000e+07   1.906e+09   1.000e+00
     40   96316.612      51       0  -4.371822000000000e+07   7.674e+08   1.000e+00
     41   98230.310      52       0  -4.371841200000000e+07   7.200e+08   1.000e+00
     42  100092.234      53       0  -4.371874000000000e+07   8.609e+08   1.000e+00
     43  102010.018      54       0  -4.371876800000000e+07   2.169e+09   1.000e+00
     44  103921.664      55       0  -4.371914400000000e+07   7.341e+08   1.000e+00
     45  105819.987      56       0  -4.371927600000000e+07   5.297e+08   1.000e+00
     46  107679.450      57       0  -4.371944000000000e+07   6.672e+08   1.000e+00
     47  109595.249      58       0  -4.371968000000000e+07   9.691e+08   1.000e+00
     48  111505.375      59       0  -4.371988400000000e+07   1.030e+09   1.000e+00
     49  113356.804      60       0  -4.372008800000000e+07   5.426e+08   1.000e+00
     50  115281.758      61       0  -4.372026800000000e+07   6.347e+08   1.000e+00
     51  117189.470      62       0  -4.372041200000000e+07   7.476e+08   1.000e+00
     52  119076.186      63       0  -4.372061200000000e+07   7.581e+08   1.000e+00
     53  120972.754      64       0  -4.372079600000000e+07   5.836e+08   1.000e+00
     54  122889.469      65       0  -4.372100000000000e+07   7.073e+08   1.000e+00
     55  124773.389      66       0  -4.372114800000000e+07   7.549e+08   1.000e+00
     56  126646.049      67       0  -4.372128400000000e+07   5.674e+08   1.000e+00
     57  128569.722      68       0  -4.372148400000000e+07   5.715e+08   1.000e+00
     58  130469.828      69       0  -4.372162400000000e+07   9.036e+08   1.000e+00
     59  132339.988      70       0  -4.372175600000000e+07   6.111e+08   1.000e+00
     60  134256.136      71       0  -4.372193600000000e+07   5.246e+08   1.000e+00
     61  136160.912      72       0  -4.372203200000000e+07   6.042e+08   1.000e+00
     62  138058.462      73       0  -4.372216800000000e+07   6.206e+08   1.000e+00
     63  139904.237      74       0  -4.372238000000000e+07   1.135e+09   1.000e+00
     64  141787.181      75       0  -4.372256400000000e+07   5.025e+08   1.000e+00
     65  143670.407      76       0  -4.372262800000000e+07   4.213e+08   1.000e+00
     66  145542.926      77       0  -4.372278800000000e+07   6.006e+08   1.000e+00
     67  147455.155      78       0  -4.372285600000000e+07   1.249e+09   1.000e+00
     68  149376.180      79       0  -4.372299600000000e+07   4.034e+08   1.000e+00
     69  151251.966      80       0  -4.372305600000000e+07   3.156e+08   1.000e+00
     70  153173.262      81       0  -4.372315200000000e+07   4.008e+08   1.000e+00
     71  155090.528      82       0  -4.372326800000000e+07   7.966e+08   1.000e+00
     72  156995.096      83       0  -4.372339200000000e+07   4.223e+08   1.000e+00
     73  158885.543      84       0  -4.372349200000000e+07   3.559e+08   1.000e+00
     74  160810.057      85       0  -4.372358800000000e+07   4.901e+08   1.000e+00
     75  162733.314      86       0  -4.372368400000000e+07   6.311e+08   1.000e+00
     76  164605.648      87       0  -4.372375600000000e+07   3.742e+08   1.000e+00
     77  166528.408      88       0  -4.372383600000000e+07   3.717e+08   1.000e+00
     78  168451.956      89       0  -4.372390400000000e+07   4.458e+08   1.000e+00
     79  170388.142      90       0  -4.372402000000000e+07   4.003e+08   1.000e+00
     80  172256.867      91       0  -4.372409600000000e+07   4.625e+08   1.000e+00
     81  174174.327      92       0  -4.372416400000000e+07   3.436e+08   1.000e+00
     82  176096.646      93       0  -4.372422000000000e+07   3.443e+08   1.000e+00
     83  177988.386      94       0  -4.372428800000000e+07   4.761e+08   1.000e+00
     84  179845.327      95       0  -4.372435200000000e+07   3.422e+08   1.000e+00
     85  181786.220      96       0  -4.372440800000000e+07   3.285e+08   1.000e+00
     86  183688.134      97       0  -4.372447600000000e+07   4.846e+08   1.000e+00
     87  185556.900      98       0  -4.372452800000000e+07   3.052e+08   1.000e+00
     88  187478.531      99       0  -4.372456400000000e+07   2.841e+08   1.000e+00
     89  189390.918     100       0  -4.372463600000000e+07   3.643e+08   1.000e+00
     90  191287.511     101       0  -4.372468800000000e+07   6.672e+08   1.000e+00
     91  193170.488     102       0  -4.372472800000000e+07   3.044e+08   1.000e+00
     92  195094.646     103       0  -4.372477600000000e+07   2.699e+08   1.000e+00
     93  197030.016     104       0  -4.372482400000000e+07   3.094e+08   1.000e+00
     94  198891.869     105       0  -4.372486800000000e+07   7.828e+08   1.000e+00
     95  200807.916     106       0  -4.372493200000000e+07   3.223e+08   1.000e+00
     96  202748.632     107       0  -4.372497200000000e+07   2.609e+08   1.000e+00
     97  204661.894     108       0  -4.372501200000000e+07   3.160e+08   1.000e+00
     98  206534.720     109       0  -4.372508400000000e+07   3.539e+08   1.000e+00
     99  208462.917     110       0  -4.372508800000000e+07   1.179e+09   1.000e+00
    100  210375.401     111       0  -4.372518800000000e+07   3.019e+08   1.000e+00
    101  212276.607     112       0  -4.372520800000000e+07   2.095e+08   1.000e+00
    102  214172.246     113       0  -4.372526000000000e+07   2.579e+08   1.000e+00
    103  216094.714     114       0  -4.372531600000000e+07   3.632e+08   1.000e+00
    104  218029.543     115       0  -4.372538000000000e+07   4.695e+08   1.000e+00
    105  219886.072     116       0  -4.372541600000000e+07   2.336e+08   1.000e+00
    106  221813.126     117       0  -4.372544000000000e+07   2.351e+08   1.000e+00
    107  223722.420     118       0  -4.372547600000000e+07   2.728e+08   1.000e+00
    108  225609.306     119       0  -4.372550400000000e+07   7.207e+08   1.000e+00
    109  227477.862     120       0  -4.372554400000000e+07   2.793e+08   1.000e+00
    110  229404.161     121       0  -4.372557200000000e+07   1.976e+08   1.000e+00
    111  231307.048     122       0  -4.372559600000000e+07   2.372e+08   1.000e+00
    112  233181.788     123       0  -4.372562800000000e+07   3.742e+08   1.000e+00
    113  235091.374     124       0  -4.372566800000000e+07   2.942e+08   1.000e+00
    114  237016.928     125       0  -4.372568800000000e+07   1.815e+08   1.000e+00
    115  238911.025     126       0  -4.372570000000000e+07   2.340e+08   1.000e+00
    116  240789.313     127       0  -4.372572800000000e+07   2.607e+08   1.000e+00
    117  242712.144     128       0  -4.372575200000000e+07   4.133e+08   1.000e+00
    118  244640.238     129       0  -4.372578000000000e+07   2.514e+08   1.000e+00
    119  246514.953     130       0  -4.372580000000000e+07   2.077e+08   1.000e+00
    120  248415.490     131       0  -4.372581600000000e+07   2.274e+08   1.000e+00
    121  250340.194     132       0  -4.372584400000000e+07   3.040e+08   1.000e+00
    122  252225.091     133       0  -4.372585600000000e+07   2.307e+08   1.000e+00
    123  254100.329     134       0  -4.372588000000000e+07   1.979e+08   1.000e+00
    124  256021.716     135       0  -4.372590800000000e+07   2.054e+08   1.000e+00
    125  257927.039     136       0  -4.372592400000000e+07   5.582e+08   1.000e+00
    126  259818.406     137       0  -4.372594800000000e+07   1.866e+08   1.000e+00
    127  261702.783     138       0  -4.372596400000000e+07   1.454e+08   1.000e+00
    128  263623.091     139       0  -4.372598000000000e+07   1.879e+08   1.000e+00
    129  265524.869     140       0  -4.372601200000000e+07   2.778e+08   1.000e+00
    130  267375.133     141       0  -4.372605600000000e+07   3.724e+08   1.000e+00
    131  269303.260     142       0  -4.372608000000000e+07   1.813e+08   1.000e+00
    132  271215.851     143       0  -4.372608800000000e+07   1.789e+08   1.000e+00
    133  273118.303     144       0  -4.372611200000000e+07   2.005e+08   1.000e+00
    134  275009.974     145       0  -4.372614800000000e+07   4.969e+08   1.000e+00
    135  276936.929     146       0  -4.372616800000000e+07   1.976e+08   1.000e+00
    136  278857.162     147       0  -4.372618000000000e+07   1.514e+08   1.000e+00
    137  280729.217     148       0  -4.372620400000000e+07   1.867e+08   1.000e+00
    138  282669.333     149       0  -4.372624000000000e+07   2.595e+08   1.000e+00
    139  284605.279     150       0  -4.372628400000000e+07   4.003e+08   1.000e+00
    140  286511.227     151       0  -4.372629600000000e+07   1.410e+08   1.000e+00
    141  288381.011     152       0  -4.372630000000000e+07   1.367e+08   1.000e+00
    142  290318.419     153       0  -4.372632000000000e+07   1.792e+08   1.000e+00
    143  292239.432     154       0  -4.372636000000000e+07   3.303e+08   1.000e+00
    144  294172.269     155       0  -4.372640000000000e+07   2.423e+08   1.000e+00
    145  296046.547     156       0  -4.372642400000000e+07   1.623e+08   1.000e+00
    146  297972.824     157       0  -4.372645600000000e+07   1.789e+08   1.000e+00
    147  299885.299     158       0  -4.372647600000000e+07   2.199e+08   1.000e+00
    148  301776.379     159       0  -4.372648800000000e+07   1.447e+08   1.000e+00
    149  303670.216     160       0  -4.372651200000000e+07   1.441e+08   1.000e+00
    150  305584.288     161       0  -4.372653200000000e+07   1.911e+08   1.000e+00
    151  307465.575     162       0  -4.372657600000000e+07   1.686e+08   1.000e+00
    152  309338.070     163       0  -4.372660800000000e+07   3.361e+08   1.000e+00
    153  311252.479     164       0  -4.372663200000000e+07   1.367e+08   1.000e+00
    154  313168.133     165       0  -4.372664000000000e+07   1.199e+08   1.000e+00
    155  315035.000     166       0  -4.372665200000000e+07   1.439e+08   1.000e+00
    156  316970.948     167       0  -4.372665600000000e+07   3.011e+08   1.000e+00
    157  318894.998     168       0  -4.372668400000000e+07   1.526e+08   1.000e+00
    158  320830.467     169       0  -4.372669600000000e+07   1.343e+08   1.000e+00
    159  322731.545     170       0  -4.372671200000000e+07   1.480e+08   1.000e+00
    160  324618.564     171       0  -4.372672000000000e+07   3.763e+08   1.000e+00
    161  326527.967     172       0  -4.372673200000000e+07   1.260e+08   1.000e+00
    162  330265.581     174       0  -4.372673600000000e+07   1.017e+08   5.000e-01
    163  332168.791     175       0  -4.372674000000000e+07   1.318e+08   1.000e+00
    164  334050.694     176       0  -4.372674400000000e+07   1.568e+08   1.000e+00
    165  335911.378     177       0  -4.372675200000000e+07   2.748e+08   1.000e+00
    166  337824.540     178       0  -4.372676000000000e+07   1.178e+08   1.000e+00
    167  339740.665     179       0  -4.372676800000000e+07   1.169e+08   1.000e+00
    168  341610.805     180       0  -4.372677200000000e+07   1.324e+08   1.000e+00
    169  349115.205     184       0  -4.372677600000000e+07   1.178e+08   1.005e-01
    170  352850.843     186       0  -4.372678000000000e+07   1.048e+08   5.000e-01
    171  354766.603     187       0  -4.372678400000000e+07   1.180e+08   1.000e+00
    172  358498.780     189       0  -4.372678800000000e+07   1.510e+08   2.295e-01
    173  392178.566     207       0  -4.372678800000000e+07   1.510e+08   8.199e-07
# Termination: function reduction test satisfied
# Iter.   Time (ms)    Eval. Reject.       Obj. Func.           Grad.       Step
# ---------------------------------------------------------------------------------
      0    1881.832       1       0  -3.776546000000000e+07   4.285e+09   0.000e+00
      1   18658.962      10       0  -3.777875600000000e+07   5.688e+09   1.031e-15
      2   20523.283      11       0  -3.778746000000000e+07   3.799e+09   1.000e+00
      3   22424.275      12       0  -3.779590800000000e+07   3.527e+09   1.000e+00
      4   24307.471      13       0  -3.780458000000000e+07   4.687e+09   1.000e+00
      5   26173.466      14       0  -3.781139200000000e+07   3.548e+09   1.000e+00
      6   28085.770      15       0  -3.781528000000000e+07   2.642e+09   1.000e+00
      7   29996.509      16       0  -3.781984400000000e+07   2.645e+09   1.000e+00
      8   31855.722      17       0  -3.782420800000000e+07   3.916e+09   1.000e+00
      9   33776.960      18       0  -3.782739600000000e+07   2.358e+09   1.000e+00
     10   35682.913      19       0  -3.783041200000000e+07   1.989e+09   1.000e+00
     11   37539.752      20       0  -3.783278800000000e+07   2.401e+09   1.000e+00
     12   39463.416      21       0  -3.783557200000000e+07   2.003e+09   1.000e+00
     13   41366.413      22       0  -3.783742800000000e+07   2.021e+09   1.000e+00
     14   43254.986      23       0  -3.783898000000000e+07   1.620e+09   1.000e+00
     15   45131.519      24       0  -3.784033600000000e+07   1.878e+09   1.000e+00
     16   47034.407      25       0  -3.784158000000000e+07   1.771e+09   1.000e+00
     17   48917.286      26       0  -3.784253600000000e+07   1.245e+09   1.000e+00
     18   50783.270      27       0  -3.784367200000000e+07   1.233e+09   1.000e+00
     19   52695.106      28       0  -3.784455600000000e+07   2.299e+09   1.000e+00
     20   54612.728      29       0  -3.784530800000000e+07   1.193e+09   1.000e+00
     21   56466.398      30       0  -3.784600400000000e+07   1.008e+09   1.000e+00
     22   58361.380      31       0  -3.784659600000000e+07   1.127e+09   1.000e+00
     23   60300.965      32       0  -3.784729600000000e+07   2.883e+09   1.000e+00
     24   62197.853      33       0  -3.784808000000000e+07   9.795e+08   1.000e+00
     25   64064.556      34       0  -3.784832400000000e+07   8.095e+08   1.000e+00
     26   65987.286      35       0  -3.784880000000000e+07   8.937e+08   1.000e+00
     27   67900.899      36       0  -3.784930000000000e+07   1.670e+09   1.000e+00
     28   69755.618      37       0  -3.784977600000000e+07   9.413e+08   1.000e+00
     29   71667.986      38       0  -3.784997600000000e+07   6.760e+08   1.000e+00
     30   73585.112      39       0  -3.785025600000000e+07   8.092e+08   1.000e+00
     31   75444.773      40       0  -3.785043600000000e+07   1.496e+09   1.000e+00
     32   77290.906      41       0  -3.785068800000000e+07   7.773e+08   1.000e+00
     33   79190.231      42       0  -3.785091200000000e+07   6.435e+08   1.000e+00
     34   81105.843      43       0  -3.785106000000000e+07   6.564e+08   1.000e+00
     35   82977.141      44       0  -3.785116000000000e+07   1.740e+09   1.000e+00
     36   84878.221      45       0  -3.785142800000000e+07   6.315e+08   1.000e+00
     37   86809.800      46       0  -3.785153200000000e+07   5.097e+08   1.000e+00
     38   88697.555      47       0  -3.785168800000000e+07   6.172e+08   1.000e+00
     39   90603.616      48       0  -3.785170400000000e+07   1.786e+09   1.000e+00
     40   92532.514      49       0  -3.785193200000000e+07   6.721e+08   1.000e+00
     41   94456.106      50       0  -3.785202800000000e+07   4.338e+08   1.000e+00
     42   96325.574      51       0  -3.785211200000000e+07   5.278e+08   1.000e+00
     43   98251.742      52       0  -3.785227200000000e+07   6.157e+08   1.000e+00
     44  100164.028      53       0  -3.785232800000000e+07   1.740e+09   1.000e+00
     45  102049.515      54       0  -3.785258800000000e+07   4.879e+08   1.000e+00
     46  103933.478      55       0  -3.785266400000000e+07   3.759e+08   1.000e+00
     47  105845.570      56       0  -3.785281600000000e+07   4.602e+08   1.000e+00
     48  107768.694      57       0  -3.785298000000000e+07   1.113e+09   1.000e+00
     49  109663.685      58       0  -3.785314000000000e+07   5.297e+08   1.000e+00
     50  111537.455      59       0  -3.785324400000000e+07   3.668e+08   1.000e+00
     51  113465.925      60       0  -3.785333200000000e+07   4.210e+08   1.000e+00
     52  115392.919      61       0  -3.785349600000000e+07   5.970e+08   1.000e+00
     53  117254.030      62       0  -3.785364400000000e+07   7.959e+08   1.000e+00
     54  119160.887      63       0  -3.785371200000000e+07   3.742e+08   1.000e+00
     55  121088.851      64       0  -3.785378400000000e+07   3.395e+08   1.000e+00
     56  122946.129      65       0  -3.785386400000000e+07   3.753e+08   1.000e+00
     57  124869.945      66       0  -3.785404000000000e+07   9.340e+08   1.000e+00
     58  126801.077      67       0  -3.785416000000000e+07   3.561e+08   1.000e+00
     59  128735.364      68       0  -3.785420800000000e+07   2.837e+08   1.000e+00
     60  130612.440      69       0  -3.785430000000000e+07   3.305e+08   1.000e+00
     61  132548.566      70       0  -3.785442800000000e+07   5.690e+08   1.000e+00
     62  134483.209      71       0  -3.785457600000000e+07   3.862e+08   1.000e+00
     63  136398.824      72       0  -3.785464400000000e+07   2.818e+08   1.000e+00
     64  138278.358      73       0  -3.785474400000000e+07   3.359e+08   1.000e+00
     65  140188.843      74       0  -3.785482800000000e+07   4.880e+08   1.000e+00
     66  142127.745      75       0  -3.785486400000000e+07   2.893e+08   1.000e+00
     67  144042.867      76       0  -3.785494000000000e+07   2.581e+08   1.000e+00
     68  145913.627      77       0  -3.785500400000000e+07   2.994e+08   1.000e+00
     69  147841.359      78       0  -3.785511600000000e+07   7.059e+08   1.000e+00
     70  149759.394      79       0  -3.785517600000000e+07   2.581e+08   1.000e+00
     71  151605.650      80       0  -3.785518000000000e+07   2.140e+08   1.000e+00
     72  153512.553      81       0  -3.785520400000000e+07   2.473e+08   1.000e+00
     73  155433.732      82       0  -3.785523200000000e+07   6.775e+08   1.000e+00
     74  157315.345      83       0  -3.785526800000000e+07   2.784e+08   1.000e+00
     75  159184.717      84       0  -3.785529600000000e+07   1.865e+08   1.000e+00
     76  161086.146      85       0  -3.785532400000000e+07   2.149e+08   1.000e+00
     77  162971.368      86       0  -3.785535200000000e+07   2.879e+08   1.000e+00
     78  164833.293      87       0  -3.785536400000000e+07   5.147e+08   1.000e+00
     79  166750.510      88       0  -3.785538400000000e+07   1.770e+08   1.000e+00
     80  172412.763      91       0  -3.785538800000000e+07   1.658e+08   2.500e-01
     81  176208.819      93       0  -3.785539200000000e+07   1.692e+08   5.000e-01
     82  179998.567      95       0  -3.785539600000000e+07   2.249e+08   5.000e-01
     83  183756.166      97       0  -3.785540400000000e+07   2.400e+08   3.807e-01
     84  223026.488     118       0  -3.785540400000000e+07   2.400e+08   9.518e-07
# Termination: function reduction test satisfied
# Iter.   Time (ms)    Eval. Reject.       Obj. Func.           Grad.       Step
# ---------------------------------------------------------------------------------
      0    1875.537       1       0  -4.426789600000000e+07   4.285e+09   0.000e+00
      1   24205.875      13       0  -4.428134800000000e+07   5.964e+09   1.075e-15
      2   26110.674      14       0  -4.429033200000000e+07   3.886e+09   1.000e+00
      3   28016.342      15       0  -4.429924400000000e+07   3.688e+09   1.000e+00
      4   29886.814      16       0  -4.430869200000000e+07   4.909e+09   1.000e+00
      5   31808.954      17       0  -4.431661600000000e+07   4.082e+09   1.000e+00
      6   33735.737      18       0  -4.432130000000000e+07   2.889e+09   1.000e+00
      7   35629.127      19       0  -4.432667600000000e+07   2.870e+09   1.000e+00
      8   37497.814      20       0  -4.433173200000000e+07   3.994e+09   1.000e+00
      9   39424.371      21       0  -4.433621200000000e+07   2.708e+09   1.000e+00
     10   41338.919      22       0  -4.434030800000000e+07   2.471e+09   1.000e+00
     11   43231.496      23       0  -4.434312000000000e+07   2.839e+09   1.000e+00
     12   45112.951      24       0  -4.434559200000000e+07   2.074e+09   1.000e+00
     13   47033.893      25       0  -4.434856000000000e+07   2.320e+09   1.000e+00
     14   48924.462      26       0  -4.435070000000000e+07   2.566e+09   1.000e+00
     15   50796.107      27       0  -4.435242400000000e+07   1.896e+09   1.000e+00
     16   52704.835      28       0  -4.435448000000000e+07   1.806e+09   1.000e+00
     17   54590.436      29       0  -4.435598400000000e+07   2.356e+09   1.000e+00
     18   56454.329      30       0  -4.435730000000000e+07   1.713e+09   1.000e+00
     19   58394.381      31       0  -4.435914400000000e+07   1.764e+09   1.000e+00
     20   60323.154      32       0  -4.436034000000000e+07   2.143e+09   1.000e+00
     21   62211.409      33       0  -4.436124800000000e+07   1.607e+09   1.000e+00
     22   64099.518      34       0  -4.436283200000000e+07   1.505e+09   1.000e+00
     23   66022.725      35       0  -4.436383600000000e+07   2.186e+09   1.000e+00
     24   67941.161      36       0  -4.436464800000000e+07   1.568e+09   1.000e+00
     25   69797.894      37       0  -4.436588000000000e+07   1.246e+09   1.000e+00
     26   71714.694      38       0  -4.436662000000000e+07   1.613e+09   1.000e+00
     27   73622.138      39       0  -4.436740800000000e+07   1.387e+09   1.000e+00
     28   75535.085      40       0  -4.436827600000000e+07   2.235e+09   1.000e+00
     29   77416.961      41       0  -4.436896800000000e+07   1.261e+09   1.000e+00
     30   79346.773      42       0  -4.436935200000000e+07   1.137e+09   1.000e+00
     31   81264.270      43       0  -4.437008800000000e+07   1.325e+09   1.000e+00
     32   83131.828      44       0  -4.437013200000000e+07   3.151e+09   1.000e+00
     33   85047.218      45       0  -4.437090400000000e+07   1.038e+09   1.000e+00
     34   86970.643      46       0  -4.437120800000000e+07   7.345e+08   1.000e+00
     35   88866.983      47       0  -4.437165600000000e+07   9.747e+08   1.000e+00
     36   90757.544      48       0  -4.437221200000000e+07   1.290e+09   1.000e+00
     37   92683.344      49       0  -4.437278000000000e+07   1.946e+09   1.000e+00
     38   94601.608      50       0  -4.437331600000000e+07   8.262e+08   1.000e+00
     39   96490.836      51       0  -4.437368400000000e+07   9.981e+08   1.000e+00
     40   98376.007      52       0  -4.437410800000000e+07   1.096e+09   1.000e+00
     41  100301.935      53       0  -4.437448800000000e+07   2.399e+09   1.000e+00
     42  102190.147      54       0  -4.437507600000000e+07   8.946e+08   1.000e+00
     43  104050.293      55       0  -4.437536400000000e+07   8.052e+08   1.000e+00
     44  105962.835      56       0  -4.437569600000000e+07   9.021e+08   1.000e+00
     45  107894.614      57       0  -4.437608800000000e+07   2.328e+09   1.000e+00
     46  109767.804      58       0  -4.437662000000000e+07   1.003e+09   1.000e+00
     47  111670.601      59       0  -4.437694400000000e+07   7.796e+08   1.000e+00
     48  113598.798      60       0  -4.437725600000000e+07   9.001e+08   1.000e+00
     49  115483.558      61       0  -4.437784400000000e+07   1.091e+09   1.000e+00
     50  117362.423      62       0  -4.437794400000000e+07   2.721e+09   1.000e+00
     51  119300.274      63       0  -4.437854400000000e+07   7.473e+08   1.000e+00
     52  121231.417      64       0  -4.437868800000000e+07   6.130e+08   1.000e+00
     53  123134.382      65       0  -4.437905600000000e+07   7.928e+08   1.000e+00
     54  125014.964      66       0  -4.437949200000000e+07   1.400e+09   1.000e+00
     55  126963.968      67       0  -4.437994400000000e+07   9.432e+08   1.000e+00
     56  128901.826      68       0  -4.438023200000000e+07   6.663e+08   1.000e+00
     57  130836.751      69       0  -4.438060400000000e+07   8.734e+08   1.000e+00
     58  132715.855      70       0  -4.438085200000000e+07   1.103e+09   1.000e+00
     59  134659.866      71       0  -4.438109200000000e+07   7.640e+08   1.000e+00
     60  136600.638      72       0  -4.438160000000000e+07   7.334e+08   1.000e+00
     61  138540.782      73       0  -4.438184800000000e+07   1.233e+09   1.000e+00
     62  140449.140      74       0  -4.438214000000000e+07   8.046e+08   1.000e+00
     63  142372.306      75       0  -4.438249600000000e+07   6.940e+08   1.000e+00
     64  144326.993      76       0  -4.438272400000000e+07   9.360e+08   1.000e+00
     65  146280.510      77       0  -4.438296800000000e+07   7.543e+08   1.000e+00
     66  148175.165      78       0  -4.438337600000000e+07   9.142e+08   1.000e+00
     67  150087.020      79       0  -4.438361600000000e+07   1.160e+09   1.000e+00
     68  152044.771      80       0  -4.438380400000000e+07   6.587e+08   1.000e+00
     69  153968.110      81       0  -4.438403200000000e+07   5.947e+08   1.000e+00
     70  155879.145      82       0  -4.438422800000000e+07   7.089e+08   1.000e+00
     71  157765.197      83       0  -4.438446000000000e+07   1.697e+09   1.000e+00
     72  159720.728      84       0  -4.438478400000000e+07   6.363e+08   1.000e+00
     73  161662.712      85       0  -4.438491600000000e+07   5.448e+08   1.000e+00
     74  163598.580      86       0  -4.438511200000000e+07   6.172e+08   1.000e+00
     75  165468.812      87       0  -4.438528800000000e+07   1.657e+09   1.000e+00
     76  167402.965      88       0  -4.438555600000000e+07   7.141e+08   1.000e+00
     77  169366.053      89       0  -4.438573600000000e+07   5.140e+08   1.000e+00
     78  171328.092      90       0  -4.438590000000000e+07   6.357e+08   1.000e+00
     79  173254.286      91       0  -4.438620800000000e+07   8.797e+08   1.000e+00
     80  175151.806      92       0  -4.438641600000000e+07   1.609e+09   1.000e+00
     81  177102.554      93       0  -4.438667200000000e+07   5.547e+08   1.000e+00
     82  179066.842      94       0  -4.438677200000000e+07   5.227e+08   1.000e+00
     83  180977.241      95       0  -4.438695200000000e+07   6.643e+08   1.000e+00
     84  182892.086      96       0  -4.438725600000000e+07   1.310e+09   1.000e+00
     85  184834.135      97       0  -4.438757600000000e+07   8.223e+08   1.000e+00
     86  186792.542      98       0  -4.438777600000000e+07   5.631e+08   1.000e+00
     87  188760.837      99       0  -4.438801600000000e+07   6.496e+08   1.000e+00
     88  190728.619     100       0  -4.438821200000000e+07   8.096e+08   1.000e+00
     89  192634.751     101       0  -4.438843200000000e+07   6.197e+08   1.000e+00
     90  194551.183     102       0  -4.438873200000000e+07   6.885e+08   1.000e+00
     91  196501.203     103       0  -4.438892000000000e+07   8.117e+08   1.000e+00
     92  198461.205     104       0  -4.438908800000000e+07   5.976e+08   1.000e+00
     93  200393.980     105       0  -4.438932000000000e+07   6.209e+08   1.000e+00
     94  202301.072     106       0  -4.438950800000000e+07   9.631e+08   1.000e+00
     95  204237.490     107       0  -4.438969600000000e+07   6.304e+08   1.000e+00
     96  206193.443     108       0  -4.438993200000000e+07   5.807e+08   1.000e+00
     97  208141.095     109       0  -4.439011200000000e+07   7.947e+08   1.000e+00
     98  210040.989     110       0  -4.439029200000000e+07   6.054e+08   1.000e+00
     99  211962.419     111       0  -4.439047600000000e+07   6.456e+08   1.000e+00
    100  213928.640     112       0  -4.439064800000000e+07   6.771e+08   1.000e+00
    101  215870.084     113       0  -4.439080800000000e+07   6.027e+08   1.000e+00
    102  217824.921     114       0  -4.439104000000000e+07   1.136e+09   1.000e+00
    103  219711.399     115       0  -4.439126800000000e+07   6.677e+08   1.000e+00
    104  221679.873     116       0  -4.439139600000000e+07   5.643e+08   1.000e+00
    105  223626.565     117       0  -4.439159200000000e+07   6.587e+08   1.000e+00
    106  225554.918     118       0  -4.439174400000000e+07   1.246e+09   1.000e+00
    107  227455.006     119       0  -4.439189600000000e+07   6.003e+08   1.000e+00
    108  229367.729     120       0  -4.439203600000000e+07   4.950e+08   1.000e+00
    109  231328.441     121       0  -4.439216000000000e+07   5.656e+08   1.000e+00
    110  233297.819     122       0  -4.439236000000000e+07   7.940e+08   1.000e+00
    111  235230.479     123       0  -4.439255600000000e+07   8.140e+08   1.000e+00
    112  237120.901     124       0  -4.439271600000000e+07   6.281e+08   1.000e+00
    113  239075.740     125       0  -4.439295600000000e+07   7.159e+08   1.000e+00
    114  241046.741     126       0  -4.439312800000000e+07   8.501e+08   1.000e+00
    115  242994.358     127       0  -4.439329600000000e+07   6.784e+08   1.000e+00
    116  244916.842     128       0  -4.439357600000000e+07   8.635e+08   1.000e+00
    117  246816.124     129       0  -4.439370800000000e+07   8.881e+08   1.000e+00
    118  248754.802     130       0  -4.439379200000000e+07   5.360e+08   1.000e+00
    119  250706.375     131       0  -4.439392800000000e+07   4.425e+08   1.000e+00
    120  252627.514     132       0  -4.439405200000000e+07   5.315e+08   1.000e+00
    121  254526.637     133       0  -4.439422800000000e+07   1.556e+09   1.000e+00
    122  256477.137     134       0  -4.439448400000000e+07   5.445e+08   1.000e+00
    123  258448.745     135       0  -4.439459200000000e+07   4.597e+08   1.000e+00
    124  260362.749     136       0  -4.439473600000000e+07   5.189e+08   1.000e+00
    125  262258.893     137       0  -4.439488000000000e+07   1.374e+09   1.000e+00
    126  264202.085     138       0  -4.439508400000000e+07   6.330e+08   1.000e+00
    127  266161.988     139       0  -4.439522400000000e+07   4.819e+08   1.000e+00
    128  268099.109     140       0  -4.439536400000000e+07   5.809e+08   1.000e+00
    129  269993.955     141       0  -4.439559600000000e+07   9.599e+08   1.000e+00
    130  271903.185     142       0  -4.439581200000000e+07   8.374e+08   1.000e+00
    131  273864.153     143       0  -4.439595200000000e+07   4.826e+08   1.000e+00
    132  275799.958     144       0  -4.439609600000000e+07   5.492e+08   1.000e+00
    133  277721.783     145       0  -4.439622800000000e+07   6.678e+08   1.000e+00
    134  279627.437     146       0  -4.439643200000000e+07   6.493e+08   1.000e+00
    135  281579.170     147       0  -4.439661200000000e+07   5.637e+08   1.000e+00
    136  283536.126     148       0  -4.439680800000000e+07   6.962e+08   1.000e+00
    137  285461.710     149       0  -4.439696000000000e+07   6.636e+08   1.000e+00
    138  287366.986     150       0  -4.439710800000000e+07   5.631e+08   1.000e+00
    139  289309.994     151       0  -4.439729600000000e+07   7.493e+08   1.000e+00
    140  291249.127     152       0  -4.439744800000000e+07   9.468e+08   1.000e+00
    141  293171.873     153       0  -4.439758400000000e+07   6.090e+08   1.000e+00
    142  295054.394     154       0  -4.439775200000000e+07   4.581e+08   1.000e+00
    143  296981.275     155       0  -4.439785600000000e+07   5.550e+08   1.000e+00
    144  298924.004     156       0  -4.439803600000000e+07   5.851e+08   1.000e+00
    145  300853.011     157       0  -4.439818800000000e+07   9.452e+08   1.000e+00
    146  302734.299     158       0  -4.439833600000000e+07   5.704e+08   1.000e+00
    147  304655.309     159       0  -4.439848000000000e+07   5.242e+08   1.000e+00
    148  306610.153     160       0  -4.439862800000000e+07   6.813e+08   1.000e+00
    149  308531.569     161       0  -4.439879200000000e+07   7.823e+08   1.000e+00
    150  310405.840     162       0  -4.439892800000000e+07   4.727e+08   1.000e+00
    151  312332.496     163       0  -4.439906400000000e+07   5.205e+08   1.000e+00
    152  314272.606     164       0  -4.439918400000000e+07   6.416e+08   1.000e+00
    153  316172.047     165       0  -4.439936400000000e+07   6.346e+08   1.000e+00
    154  318057.492     166       0  -4.439951200000000e+07   5.419e+08   1.000e+00
    155  319997.117     167       0  -4.439966000000000e+07   5.312e+08   1.000e+00
    156  321931.987     168       0  -4.439977600000000e+07   6.143e+08   1.000e+00
    157  323849.008     169       0  -4.439990000000000e+07   4.908e+08   1.000e+00
    158  325755.628     170       0  -4.440003600000000e+07   6.245e+08   1.000e+00
    159  327705.249     171       0  -4.440015200000000e+07   5.879e+08   1.000e+00
    160  329638.541     172       0  -4.440025200000000e+07   4.996e+08   1.000e+00
    161  331556.693     173       0  -4.440038800000000e+07   6.069e+08   1.000e+00
    162  333449.649     174       0  -4.440047600000000e+07   9.690e+08   1.000e+00
    163  335358.875     175       0  -4.440057200000000e+07   4.873e+08   1.000e+00
    164  337257.234     176       0  -4.440065600000000e+07   3.871e+08   1.000e+00
    165  339183.143     177       0  -4.440072800000000e+07   4.642e+08   1.000e+00
    166  341090.977     178       0  -4.440087200000000e+07   9.016e+08   1.000e+00
    167  343063.443     179       0  -4.440102400000000e+07   7.095e+08   1.000e+00
    168  345026.016     180       0  -4.440114800000000e+07   4.928e+08   1.000e+00
    169  346971.482     181       0  -4.440136000000000e+07   5.524e+08   1.000e+00
    170  348895.887     182       0  -4.440145600000000e+07   1.093e+09   1.000e+00
    171  350805.644     183       0  -4.440157600000000e+07   5.708e+08   1.000e+00
    172  352761.178     184       0  -4.440170800000000e+07   4.316e+08   1.000e+00
    173  354715.085     185       0  -4.440180000000000e+07   4.696e+08   1.000e+00
    174  356659.635     186       0  -4.440198000000000e+07   9.924e+08   1.000e+00
    175  358557.838     187       0  -4.440214800000000e+07   6.773e+08   1.000e+00
    176  360486.110     188       0  -4.440224800000000e+07   4.171e+08   1.000e+00
    177  362459.036     189       0  -4.440236000000000e+07   4.598e+08   1.000e+00
    178  364409.231     190       0  -4.440246400000000e+07   7.251e+08   1.000e+00
    179  366371.123     191       0  -4.440259200000000e+07   5.116e+08   1.000e+00
    180  368295.901     192       0  -4.440276000000000e+07   5.044e+08   1.000e+00
    181  370207.425     193       0  -4.440284000000000e+07   8.215e+08   1.000e+00
    182  372173.171     194       0  -4.440291600000000e+07   4.517e+08   1.000e+00
    183  374118.297     195       0  -4.440302000000000e+07   4.208e+08   1.000e+00
    184  376069.158     196       0  -4.440310000000000e+07   4.853e+08   1.000e+00
    185  378005.700     197       0  -4.440324000000000e+07   1.294e+09   1.000e+00
    186  379928.552     198       0  -4.440342400000000e+07   5.608e+08   1.000e+00
    187  381895.593     199       0  -4.440353600000000e+07   4.199e+08   1.000e+00
    188  383860.262     200       0  -4.440364000000000e+07   4.629e+08   1.000e+00
    189  385818.408     201       0  -4.440377600000000e+07   8.219e+08   1.000e+00
    190  387713.196     202       0  -4.440392400000000e+07   5.047e+08   1.000e+00
    191  389664.645     203       0  -4.440402800000000e+07   4.138e+08   1.000e+00
    192  391648.896     204       0  -4.440414400000000e+07   5.358e+08   1.000e+00
    193  393617.279     205       0  -4.440423600000000e+07   5.952e+08   1.000e+00
    194  395575.916     206       0  -4.440432800000000e+07   4.556e+08   1.000e+00
    195  397515.855     207       0  -4.440446800000000e+07   4.836e+08   1.000e+00
    196  399422.296     208       0  -4.440454800000000e+07   6.989e+08   1.000e+00
    197  401382.798     209       0  -4.440464000000000e+07   4.853e+08   1.000e+00
    198  403358.341     210       0  -4.440477600000000e+07   4.050e+08   1.000e+00
    199  405314.759     211       0  -4.440486800000000e+07   5.688e+08   1.000e+00
    200  407231.551     212       0  -4.440498800000000e+07   4.540e+08   1.000e+00
    201  409131.208     213       0  -4.440508800000000e+07   9.190e+08   1.000e+00
    202  411072.531     214       0  -4.440519200000000e+07   4.405e+08   1.000e+00
    203  413042.339     215       0  -4.440527200000000e+07   4.294e+08   1.000e+00
    204  414970.059     216       0  -4.440536400000000e+07   5.013e+08   1.000e+00
    205  416882.911     217       0  -4.440546400000000e+07   1.150e+09   1.000e+00
    206  418849.467     218       0  -4.440560400000000e+07   5.127e+08   1.000e+00
    207  420799.650     219       0  -4.440568800000000e+07   3.973e+08   1.000e+00
    208  422761.152     220       0  -4.440578000000000e+07   4.419e+08   1.000e+00
    209  424639.751     221       0  -4.440590400000000e+07   7.983e+08   1.000e+00
    210  426574.285     222       0  -4.440603600000000e+07   4.814e+08   1.000e+00
    211  428529.306     223       0  -4.440612800000000e+07   3.828e+08   1.000e+00
    212  430471.912     224       0  -4.440624400000000e+07   5.354e+08   1.000e+00
    213  432383.106     225       0  -4.440633600000000e+07   7.907e+08   1.000e+00
    214  434296.182     226       0  -4.440643200000000e+07   4.868e+08   1.000e+00
    215  436232.123     227       0  -4.440656000000000e+07   4.032e+08   1.000e+00
    216  438182.600     228       0  -4.440664400000000e+07   4.564e+08   1.000e+00
    217  440098.605     229       0  -4.440677200000000e+07   7.625e+08   1.000e+00
    218  442003.757     230       0  -4.440687200000000e+07   4.520e+08   1.000e+00
    219  443951.980     231       0  -4.440693600000000e+07   4.110e+08   1.000e+00
    220  445917.491     232       0  -4.440702400000000e+07   4.586e+08   1.000e+00
    221  447871.468     233       0  -4.440710800000000e+07   1.118e+09   1.000e+00
    222  449753.186     234       0  -4.440721600000000e+07   5.116e+08   1.000e+00
    223  451694.328     235       0  -4.440731200000000e+07   3.957e+08   1.000e+00
    224  453628.091     236       0  -4.440738800000000e+07   4.555e+08   1.000e+00
    225  455577.835     237       0  -4.440750400000000e+07   8.411e+08   1.000e+00
    226  457536.867     238       0  -4.440763600000000e+07   4.889e+08   1.000e+00
    227  459429.782     239       0  -4.440770000000000e+07   3.756e+08   1.000e+00
    228  461365.436     240       0  -4.440780000000000e+07   4.821e+08   1.000e+00
    229  463334.291     241       0  -4.440785600000000e+07   9.078e+08   1.000e+00
    230  465293.947     242       0  -4.440794400000000e+07   4.744e+08   1.000e+00
    231  467221.403     243       0  -4.440803600000000e+07   3.850e+08   1.000e+00
    232  469116.022     244       0  -4.440810000000000e+07   4.159e+08   1.000e+00
    233  471060.813     245       0  -4.440818800000000e+07   9.733e+08   1.000e+00
    234  472995.903     246       0  -4.440830000000000e+07   4.024e+08   1.000e+00
    235  474932.574     247       0  -4.440835600000000e+07   3.562e+08   1.000e+00
    236  476826.981     248       0  -4.440844400000000e+07   4.412e+08   1.000e+00
    237  478775.466     249       0  -4.440850800000000e+07   1.109e+09   1.000e+00
    238  480736.393     250       0  -4.440862400000000e+07   5.214e+08   1.000e+00
    239  482685.201     251       0  -4.440870800000000e+07   3.711e+08   1.000e+00
    240  484612.242     252       0  -4.440877200000000e+07   4.216e+08   1.000e+00
    241  486496.488     253       0  -4.440889200000000e+07   5.792e+08   1.000e+00
    242  488453.252     254       0  -4.440891600000000e+07   1.108e+09   1.000e+00
    243  490440.704     255       0  -4.440904000000000e+07   3.465e+08   1.000e+00
    244  492394.033     256       0  -4.440908000000000e+07   3.124e+08   1.000e+00
    245  494327.720     257       0  -4.440914400000000e+07   4.092e+08   1.000e+00
    246  496234.802     258       0  -4.440921200000000e+07   9.767e+08   1.000e+00
    247  498197.146     259       0  -4.440931600000000e+07   4.881e+08   1.000e+00
    248  500156.526     260       0  -4.440938800000000e+07   3.651e+08   1.000e+00
    249  502129.486     261       0  -4.440945200000000e+07   4.136e+08   1.000e+00
    250  504051.469     262       0  -4.440956000000000e+07   6.105e+08   1.000e+00
    251  505951.829     263       0  -4.440965200000000e+07   6.776e+08   1.000e+00
    252  507926.316     264       0  -4.440972800000000e+07   3.439e+08   1.000e+00
    253  509913.332     265       0  -4.440980000000000e+07   3.947e+08   1.000e+00
    254  511860.758     266       0  -4.440988000000000e+07   4.748e+08   1.000e+00
    255  513839.519     267       0  -4.440996800000000e+07   7.704e+08   1.000e+00
    256  515777.515     268       0  -4.441006400000000e+07   3.712e+08   1.000e+00
    257  517695.074     269       0  -4.441012000000000e+07   3.889e+08   1.000e+00
    258  519667.772     270       0  -4.441018800000000e+07   4.341e+08   1.000e+00
    259  521606.159     271       0  -4.441019600000000e+07   1.420e+09   1.000e+00
    260  523571.095     272       0  -4.441034400000000e+07   4.002e+08   1.000e+00
    261  525504.470     273       0  -4.441038800000000e+07   2.982e+08   1.000e+00
    262  527423.553     274       0  -4.441044800000000e+07   3.796e+08   1.000e+00
    263  529382.360     275       0  -4.441053600000000e+07   4.962e+08   1.000e+00
    264  531343.961     276       0  -4.441060000000000e+07   9.138e+08   1.000e+00
    265  533287.662     277       0  -4.441069200000000e+07   3.498e+08   1.000e+00
    266  535192.943     278       0  -4.441074000000000e+07   3.540e+08   1.000e+00
    267  537139.988     279       0  -4.441081600000000e+07   4.274e+08   1.000e+00
    268  539105.052     280       0  -4.441087200000000e+07   1.210e+09   1.000e+00
    269  541065.845     281       0  -4.441097600000000e+07   4.607e+08   1.000e+00
    270  543008.276     282       0  -4.441102800000000e+07   3.059e+08   1.000e+00
    271  544901.396     283       0  -4.441107600000000e+07   3.768e+08   1.000e+00
    272  546837.740     284       0  -4.441116400000000e+07   4.211e+08   1.000e+00
    273  548779.572     285       0  -4.441125200000000e+07   1.008e+09   1.000e+00
    274  550739.393     286       0  -4.441137200000000e+07   3.901e+08   1.000e+00
    275  552659.804     287       0  -4.441142800000000e+07   3.175e+08   1.000e+00
    276  554578.775     288       0  -4.441151200000000e+07   4.177e+08   1.000e+00
    277  556528.670     289       0  -4.441157200000000e+07   1.049e+09   1.000e+00
    278  558506.651     290       0  -4.441166400000000e+07   4.841e+08   1.000e+00
    279  560453.211     291       0  -4.441173200000000e+07   3.251e+08   1.000e+00
    280  562396.606     292       0  -4.441178000000000e+07   3.746e+08   1.000e+00
    281  564306.348     293       0  -4.441190000000000e+07   5.171e+08   1.000e+00
    282  566273.459     294       0  -4.441192400000000e+07   1.172e+09   1.000e+00
    283  568255.406     295       0  -4.441203600000000e+07   3.525e+08   1.000e+00
    284  570221.204     296       0  -4.441207200000000e+07   2.864e+08   1.000e+00
    285  572188.184     297       0  -4.441213200000000e+07   3.803e+08   1.000e+00
    286  574139.318     298       0  -4.441222400000000e+07   6.329e+08   1.000e+00
    287  576064.847     299       0  -4.441232000000000e+07   5.443e+08   1.000e+00
    288  578008.571     300       0  -4.441238800000000e+07   3.405e+08   1.000e+00
    289  579993.812     301       0  -4.441246800000000e+07   3.784e+08   1.000e+00
    290  581973.148     302       0  -4.441253200000000e+07   5.596e+08   1.000e+00
    291  583961.004     303       0  -4.441260800000000e+07   3.688e+08   1.000e+00
    292  585914.277     304       0  -4.441270800000000e+07   3.533e+08   1.000e+00
    293  587840.168     305       0  -4.441277200000000e+07   7.086e+08   1.000e+00
    294  589801.666     306       0  -4.441284000000000e+07   3.838e+08   1.000e+00
    295  591795.204     307       0  -4.441290400000000e+07   3.424e+08   1.000e+00
    296  593754.897     308       0  -4.441296800000000e+07   4.044e+08   1.000e+00
    297  595743.319     309       0  -4.441303600000000e+07   1.047e+09   1.000e+00
    298  597693.777     310       0  -4.441313600000000e+07   4.181e+08   1.000e+00
    299  599623.336     311       0  -4.441319200000000e+07   3.011e+08   1.000e+00
    300  601637.937     312       0  -4.441324800000000e+07   3.444e+08   1.000e+00
    301  603615.648     313       0  -4.441333200000000e+07   5.102e+08   1.000e+00
    302  605615.401     314       0  -4.441340000000000e+07   6.215e+08   1.000e+00
    303  607602.916     315       0  -4.441346000000000e+07   3.087e+08   1.000e+00
    304  609572.430     316       0  -4.441350800000000e+07   3.483e+08   1.000e+00
    305  611566.657     317       0  -4.441356800000000e+07   4.038e+08   1.000e+00
    306  613538.386     318       0  -4.441360800000000e+07   9.607e+08   1.000e+00
    307  615462.342     319       0  -4.441368400000000e+07   3.486e+08   1.000e+00
    308  617438.216     320       0  -4.441373200000000e+07   2.975e+08   1.000e+00
    309  619431.869     321       0  -4.441378000000000e+07   3.521e+08   1.000e+00
    310  621431.729     322       0  -4.441386000000000e+07   6.755e+08   1.000e+00
    311  623408.655     323       0  -4.441393600000000e+07   3.967e+08   1.000e+00
    312  625362.473     324       0  -4.441398000000000e+07   2.906e+08   1.000e+00
    313  627306.328     325       0  -4.441405200000000e+07   3.396e+08   1.000e+00
    314  629254.686     326       0  -4.441408800000000e+07   8.267e+08   1.000e+00
    315  631254.813     327       0  -4.441415600000000e+07   4.012e+08   1.000e+00
    316  633244.471     328       0  -4.441420800000000e+07   2.947e+08   1.000e+00
    317  635236.543     329       0  -4.441425200000000e+07   3.430e+08   1.000e+00
    318  637212.292     330       0  -4.441433600000000e+07   5.499e+08   1.000e+00
    319  639206.146     331       0  -4.441438400000000e+07   7.851e+08   1.000e+00
    320  641174.074     332       0  -4.441444400000000e+07   2.958e+08   1.000e+00
    321  643107.688     333       0  -4.441447600000000e+07   2.788e+08   1.000e+00
    322  645084.773     334       0  -4.441452000000000e+07   3.605e+08   1.000e+00
    323  647081.918     335       0  -4.441460800000000e+07   7.113e+08   1.000e+00
    324  649072.069     336       0  -4.441468400000000e+07   4.784e+08   1.000e+00
    325  651038.044     337       0  -4.441474000000000e+07   3.203e+08   1.000e+00
    326  652992.131     338       0  -4.441480800000000e+07   3.553e+08   1.000e+00
    327  654910.684     339       0  -4.441484800000000e+07   5.293e+08   1.000e+00
    328  656897.593     340       0  -4.441489200000000e+07   3.361e+08   1.000e+00
    329  658897.582     341       0  -4.441497200000000e+07   3.200e+08   1.000e+00
    330  660897.436     342       0  -4.441502000000000e+07   3.976e+08   1.000e+00
    331  662899.657     343       0  -4.441510000000000e+07   5.006e+08   1.000e+00
    332  664857.966     344       0  -4.441516400000000e+07   4.126e+08   1.000e+00
    333  666850.494     345       0  -4.441521200000000e+07   3.430e+08   1.000e+00
    334  668778.919     346       0  -4.441526800000000e+07   3.322e+08   1.000e+00
    335  670697.594     347       0  -4.441532400000000e+07   5.601e+08   1.000e+00
    336  672660.334     348       0  -4.441538000000000e+07   3.613e+08   1.000e+00
    337  674641.208     349       0  -4.441544800000000e+07   3.192e+08   1.000e+00
    338  676629.346     350       0  -4.441550000000000e+07   4.240e+08   1.000e+00
    339  678630.591     351       0  -4.441557600000000e+07   3.354e+08   1.000e+00
    340  680534.703     352       0  -4.441562800000000e+07   4.848e+08   1.000e+00
    341  682452.493     353       0  -4.441568000000000e+07   3.186e+08   1.000e+00
    342  684387.128     354       0  -4.441572400000000e+07   3.105e+08   1.000e+00
    343  686314.327     355       0  -4.441578400000000e+07   5.066e+08   1.000e+00
    344  688195.169     356       0  -4.441584400000000e+07   4.225e+08   1.000e+00
    345  690159.917     357       0  -4.441589600000000e+07   3.180e+08   1.000e+00
    346  692103.363     358       0  -4.441596000000000e+07   3.538e+08   1.000e+00
    347  694065.971     359       0  -4.441600800000000e+07   4.021e+08   1.000e+00
    348  695988.513     360       0  -4.441605600000000e+07   3.323e+08   1.000e+00
    349  697883.826     361       0  -4.441612400000000e+07   4.916e+08   1.000e+00
    350  699854.331     362       0  -4.441617600000000e+07   5.001e+08   1.000e+00
    351  701802.390     363       0  -4.441620800000000e+07   3.502e+08   1.000e+00
    352  703749.464     364       0  -4.441627200000000e+07   2.611e+08   1.000e+00
    353  705647.278     365       0  -4.441632800000000e+07   3.771e+08   1.000e+00
    354  707572.873     366       0  -4.441640400000000e+07   4.196e+08   1.000e+00
    355  709523.912     367       0  -4.441644800000000e+07   5.555e+08   1.000e+00
    356  711478.702     368       0  -4.441648800000000e+07   3.338e+08   1.000e+00
    357  713409.578     369       0  -4.441654000000000e+07   3.032e+08   1.000e+00
    358  715321.263     370       0  -4.441658400000000e+07   3.532e+08   1.000e+00
    359  717274.598     371       0  -4.441661600000000e+07   9.498e+08   1.000e+00
    360  719230.372     372       0  -4.441669600000000e+07   3.326e+08   1.000e+00
    361  721194.335     373       0  -4.441673200000000e+07   2.755e+08   1.000e+00
    362  723121.130     374       0  -4.441677600000000e+07   3.066e+08   1.000e+00
    363  725036.432     375       0  -4.441682800000000e+07   7.665e+08   1.000e+00
    364  726968.097     376       0  -4.441688800000000e+07   3.416e+08   1.000e+00
    365  728921.562     377       0  -4.441692800000000e+07   2.526e+08   1.000e+00
    366  730879.240     378       0  -4.441696400000000e+07   3.032e+08   1.000e+00
    367  732802.346     379       0  -4.441702400000000e+07   5.453e+08   1.000e+00
    368  734719.279     380       0  -4.441708400000000e+07   3.924e+08   1.000e+00
    369  736668.000     381       0  -4.441712800000000e+07   2.643e+08   1.000e+00
    370  738623.695     382       0  -4.441717600000000e+07   3.286e+08   1.000e+00
    371  740567.587     383       0  -4.441721200000000e+07   5.108e+08   1.000e+00
    372  742473.259     384       0  -4.441726000000000e+07   3.354e+08   1.000e+00
    373  744400.392     385       0  -4.441732800000000e+07   3.008e+08   1.000e+00
    374  746368.191     386       0  -4.441736400000000e+07   4.598e+08   1.000e+00
    375  748319.946     387       0  -4.441742000000000e+07   3.242e+08   1.000e+00
    376  750259.605     388       0  -4.441746800000000e+07   4.146e+08   1.000e+00
    377  752167.770     389       0  -4.441750800000000e+07   3.795e+08   1.000e+00
    378  754105.469     390       0  -4.441754400000000e+07   3.036e+08   1.000e+00
    379  756074.560     391       0  -4.441761200000000e+07   3.790e+08   1.000e+00
    380  758035.115     392       0  -4.441765600000000e+07   6.565e+08   1.000e+00
    381  760001.652     393       0  -4.441770000000000e+07   3.536e+08   1.000e+00
    382  761932.884     394       0  -4.441775200000000e+07   2.593e+08   1.000e+00
    383  763825.085     395       0  -4.441778400000000e+07   2.792e+08   1.000e+00
    384  765755.003     396       0  -4.441784000000000e+07   8.024e+08   1.000e+00
    385  767694.042     397       0  -4.441790800000000e+07   3.087e+08   1.000e+00
    386  769593.362     398       0  -4.441793600000000e+07   2.471e+08   1.000e+00
    387  771475.928     399       0  -4.441798800000000e+07   3.189e+08   1.000e+00
    388  773415.621     400       0  -4.441804800000000e+07   5.515e+08   1.000e+00
    389  775364.174     401       0  -4.441813200000000e+07   3.510e+08   1.000e+00
    390  777290.390     402       0  -4.441818000000000e+07   2.788e+08   1.000e+00
    391  779212.556     403       0  -4.441823200000000e+07   3.634e+08   1.000e+00
    392  781185.904     404       0  -4.441827600000000e+07   3.111e+08   1.000e+00
    393  783155.063     405       0  -4.441831600000000e+07   2.994e+08   1.000e+00
    394  785148.286     406       0  -4.441836800000000e+07   4.442e+08   1.000e+00
    395  787083.645     407       0  -4.441841600000000e+07   3.295e+08   1.000e+00
    396  789007.273     408       0  -4.441845200000000e+07   2.909e+08   1.000e+00
    397  790891.513     409       0  -4.441851200000000e+07   4.322e+08   1.000e+00
    398  792863.075     410       0  -4.441855200000000e+07   5.176e+08   1.000e+00
    399  794837.621     411       0  -4.441857200000000e+07   2.928e+08   1.000e+00
    400  796781.728     412       0  -4.441862400000000e+07   2.268e+08   1.000e+00
    401  798692.555     413       0  -4.441865200000000e+07   2.762e+08   1.000e+00
    402  800611.151     414       0  -4.441869600000000e+07   6.452e+08   1.000e+00
    403  802674.725     415       0  -4.441875200000000e+07   2.857e+08   1.000e+00
    404  804627.252     416       0  -4.441878000000000e+07   2.676e+08   1.000e+00
    405  806594.119     417       0  -4.441882800000000e+07   3.046e+08   1.000e+00
    406  808522.645     418       0  -4.441886400000000e+07   8.319e+08   1.000e+00
    407  810447.470     419       0  -4.441892000000000e+07   3.307e+08   1.000e+00
    408  812385.611     420       0  -4.441895200000000e+07   2.320e+08   1.000e+00
    409  814354.210     421       0  -4.441898000000000e+07   2.729e+08   1.000e+00
    410  816314.918     422       0  -4.441903600000000e+07   3.785e+08   1.000e+00
    411  818232.171     423       0  -4.441906800000000e+07   5.963e+08   1.000e+00
    412  820147.795     424       0  -4.441910000000000e+07   2.241e+08   1.000e+00
    413  822061.275     425       0  -4.441911600000000e+07   2.315e+08   1.000e+00
    414  824041.045     426       0  -4.441914400000000e+07   2.841e+08   1.000e+00
    415  825995.139     427       0  -4.441918400000000e+07   6.790e+08   1.000e+00
    416  827928.924     428       0  -4.441923600000000e+07   3.372e+08   1.000e+00
    417  829839.084     429       0  -4.441926400000000e+07   2.491e+08   1.000e+00
    418  831760.981     430       0  -4.441929200000000e+07   2.711e+08   1.000e+00
    419  833753.988     431       0  -4.441932800000000e+07   3.712e+08   1.000e+00
    420  835712.982     432       0  -4.441936800000000e+07   4.318e+08   1.000e+00
    421  837673.162     433       0  -4.441939600000000e+07   2.398e+08   1.000e+00
    422  839568.791     434       0  -4.441942800000000e+07   2.808e+08   1.000e+00
    423  841491.511     435       0  -4.441945200000000e+07   3.264e+08   1.000e+00
    424  843447.159     436       0  -4.441948800000000e+07   3.513e+08   1.000e+00
    425  845421.649     437       0  -4.441953200000000e+07   2.862e+08   1.000e+00
    426  847374.403     438       0  -4.441957200000000e+07   2.608e+08   1.000e+00
    427  849314.707     439       0  -4.441960400000000e+07   4.116e+08   1.000e+00
    428  851223.568     440       0  -4.441964400000000e+07   2.775e+08   1.000e+00
    429  853176.020     441       0  -4.441967600000000e+07   2.580e+08   1.000e+00
    430  855170.641     442       0  -4.441972000000000e+07   3.534e+08   1.000e+00
    431  857155.049     443       0  -4.441976000000000e+07   3.793e+08   1.000e+00
    432  859115.060     444       0  -4.441979600000000e+07   2.487e+08   1.000e+00
    433  861027.774     445       0  -4.441982000000000e+07   2.459e+08   1.000e+00
    434  862966.008     446       0  -4.441986000000000e+07   4.249e+08   1.000e+00
    435  864939.974     447       0  -4.441990800000000e+07   2.841e+08   1.000e+00
    436  866932.853     448       0  -4.441994000000000e+07   2.564e+08   1.000e+00
    437  868895.991     449       0  -4.442000000000000e+07   4.537e+08   1.000e+00
    438  870844.248     450       0  -4.442004000000000e+07   3.178e+08   1.000e+00
    439  872751.160     451       0  -4.442006400000000e+07   2.542e+08   1.000e+00
    440  874698.564     452       0  -4.442010800000000e+07   2.843e+08   1.000e+00
    441  876680.852     453       0  -4.442014000000000e+07   5.198e+08   1.000e+00
    442  878662.452     454       0  -4.442016800000000e+07   2.913e+08   1.000e+00
    443  880607.951     455       0  -4.442020800000000e+07   2.306e+08   1.000e+00
    444  882530.634     456       0  -4.442024000000000e+07   2.643e+08   1.000e+00
    445  884442.544     457       0  -4.442028400000000e+07   4.846e+08   1.000e+00
    446  886418.570     458       0  -4.442032400000000e+07   2.924e+08   1.000e+00
    447  888383.307     459       0  -4.442034400000000e+07   2.659e+08   1.000e+00
    448  890342.850     460       0  -4.442039200000000e+07   3.073e+08   1.000e+00
    449  892245.218     461       0  -4.442041600000000e+07   7.842e+08   1.000e+00
    450  894180.483     462       0  -4.442046800000000e+07   3.046e+08   1.000e+00
    451  896125.498     463       0  -4.442049200000000e+07   2.179e+08   1.000e+00
    452  898072.973     464       0  -4.442052400000000e+07   2.429e+08   1.000e+00
    453  900016.243     465       0  -4.442055600000000e+07   4.185e+08   1.000e+00
    454  901931.509     466       0  -4.442059200000000e+07   2.225e+08   1.000e+00
    455  903856.742     467       0  -4.442062000000000e+07   2.270e+08   1.000e+00
    456  905840.148     468       0  -4.442066000000000e+07   3.121e+08   1.000e+00
    457  907817.156     469       0  -4.442068800000000e+07   6.704e+08   1.000e+00
    458  909785.494     470       0  -4.442072000000000e+07   3.070e+08   1.000e+00
    459  911739.053     471       0  -4.442075200000000e+07   2.267e+08   1.000e+00
    460  913651.748     472       0  -4.442078000000000e+07   2.764e+08   1.000e+00
    461  915603.795     473       0  -4.442082400000000e+07   4.132e+08   1.000e+00
    462  917585.513     474       0  -4.442085200000000e+07   5.551e+08   1.000e+00
    463  919568.173     475       0  -4.442088400000000e+07   2.359e+08   1.000e+00
    464  921533.697     476       0  -4.442090400000000e+07   2.294e+08   1.000e+00
    465  923486.583     477       0  -4.442092400000000e+07   2.820e+08   1.000e+00
    466  925411.128     478       0  -4.442095600000000e+07   6.145e+08   1.000e+00
    467  927393.262     479       0  -4.442099600000000e+07   2.941e+08   1.000e+00
    468  929382.733     480       0  -4.442102400000000e+07   2.129e+08   1.000e+00
    469  931375.027     481       0  -4.442104000000000e+07   2.481e+08   1.000e+00
    470  933357.919     482       0  -4.442107200000000e+07   3.587e+08   1.000e+00
    471  935305.910     483       0  -4.442110000000000e+07   3.782e+08   1.000e+00
    472  937230.854     484       0  -4.442112800000000e+07   2.291e+08   1.000e+00
    473  939167.618     485       0  -4.442116000000000e+07   2.560e+08   1.000e+00
    474  941150.564     486       0  -4.442118400000000e+07   3.061e+08   1.000e+00
    475  943124.530     487       0  -4.442122000000000e+07   2.669e+08   1.000e+00
    476  945116.137     488       0  -4.442125200000000e+07   2.281e+08   1.000e+00
    477  947061.948     489       0  -4.442128000000000e+07   3.463e+08   1.000e+00
    478  948985.527     490       0  -4.442130800000000e+07   2.822e+08   1.000e+00
    479  950940.999     491       0  -4.442133200000000e+07   2.495e+08   1.000e+00
    480  952915.651     492       0  -4.442136800000000e+07   3.691e+08   1.000e+00
    481  954890.125     493       0  -4.442140000000000e+07   5.406e+08   1.000e+00
    482  956870.128     494       0  -4.442142400000000e+07   2.792e+08   1.000e+00
    483  958812.017     495       0  -4.442144800000000e+07   1.937e+08   1.000e+00
    484  960735.960     496       0  -4.442146800000000e+07   2.373e+08   1.000e+00
    485  962684.751     497       0  -4.442151600000000e+07   4.839e+08   1.000e+00
    486  964631.647     498       0  -4.442155600000000e+07   3.360e+08   1.000e+00
    487  966619.112     499       0  -4.442158800000000e+07   2.335e+08   1.000e+00
    488  968595.511     500       0  -4.442162000000000e+07   2.797e+08   1.000e+00
    489  970543.261     501       0  -4.442164800000000e+07   4.797e+08   1.000e+00
    490  972440.157     502       0  -4.442168000000000e+07   2.712e+08   1.000e+00
    491  974423.647     503       0  -4.442172000000000e+07   2.345e+08   1.000e+00
    492  976412.903     504       0  -4.442174400000000e+07   2.459e+08   1.000e+00
    493  978397.746     505       0  -4.442179200000000e+07   6.776e+08   1.000e+00
    494  980373.233     506       0  -4.442184400000000e+07   2.393e+08   1.000e+00
    495  982326.295     507       0  -4.442186000000000e+07   1.904e+08   1.000e+00
    496  984257.906     508       0  -4.442189200000000e+07   2.188e+08   1.000e+00
    497  986241.181     509       0  -4.442190400000000e+07   7.177e+08   1.000e+00
    498  988219.558     510       0  -4.442194400000000e+07   2.972e+08   1.000e+00
    499  990182.090     511       0  -4.442197600000000e+07   1.868e+08   1.000e+00
    500  992157.209     512       0  -4.442199200000000e+07   2.334e+08   1.000e+00
    501  994104.410     513       0  -4.442203200000000e+07   2.748e+08   1.000e+00
    502  996032.089     514       0  -4.442204800000000e+07   7.592e+08   1.000e+00
    503  997988.828     515       0  -4.442209600000000e+07   2.081e+08   1.000e+00
    504  999976.432     516       0  -4.442211200000000e+07   1.720e+08   1.000e+00
    505 1001960.156     517       0  -4.442213200000000e+07   2.216e+08   1.000e+00
    506 1003943.322     518       0  -4.442215200000000e+07   5.279e+08   1.000e+00
    507 1005891.344     519       0  -4.442218400000000e+07   2.654e+08   1.000e+00
    508 1007830.205     520       0  -4.442220400000000e+07   1.911e+08   1.000e+00
    509 1009769.835     521       0  -4.442222400000000e+07   2.210e+08   1.000e+00
    510 1011756.597     522       0  -4.442225600000000e+07   3.609e+08   1.000e+00
    511 1013748.739     523       0  -4.442228800000000e+07   3.010e+08   1.000e+00
    512 1015726.474     524       0  -4.442231200000000e+07   2.053e+08   1.000e+00
    513 1017686.475     525       0  -4.442233600000000e+07   2.309e+08   1.000e+00
    514 1019609.567     526       0  -4.442235600000000e+07   3.484e+08   1.000e+00
    515 1021561.880     527       0  -4.442237600000000e+07   2.467e+08   1.000e+00
    516 1023517.399     528       0  -4.442241200000000e+07   2.434e+08   1.000e+00
    517 1025503.916     529       0  -4.442243200000000e+07   3.768e+08   1.000e+00
    518 1027499.137     530       0  -4.442244800000000e+07   2.474e+08   1.000e+00
    519 1029494.792     531       0  -4.442248000000000e+07   2.104e+08   1.000e+00
    520 1031489.677     532       0  -4.442249200000000e+07   2.317e+08   1.000e+00
    521 1033454.051     533       0  -4.442251200000000e+07   6.576e+08   1.000e+00
    522 1035386.404     534       0  -4.442255600000000e+07   2.142e+08   1.000e+00
    523 1037346.779     535       0  -4.442256800000000e+07   1.931e+08   1.000e+00
    524 1039340.656     536       0  -4.442260000000000e+07   2.352e+08   1.000e+00
    525 1041325.746     537       0  -4.442261600000000e+07   7.662e+08   1.000e+00
    526 1043290.382     538       0  -4.442265600000000e+07   2.889e+08   1.000e+00
    527 1045203.297     539       0  -4.442268400000000e+07   1.879e+08   1.000e+00
    528 1047133.823     540       0  -4.442271200000000e+07   2.276e+08   1.000e+00
    529 1049121.538     541       0  -4.442274400000000e+07   2.410e+08   1.000e+00
    530 1051098.341     542       0  -4.442275600000000e+07   7.726e+08   1.000e+00
    531 1053043.389     543       0  -4.442280400000000e+07   1.908e+08   1.000e+00
    532 1054968.702     544       0  -4.442282000000000e+07   1.716e+08   1.000e+00
    533 1056886.915     545       0  -4.442284400000000e+07   2.341e+08   1.000e+00
    534 1058840.609     546       0  -4.442286400000000e+07   6.110e+08   1.000e+00
    535 1060827.580     547       0  -4.442290000000000e+07   2.631e+08   1.000e+00
    536 1062832.460     548       0  -4.442291600000000e+07   1.986e+08   1.000e+00
    537 1064785.852     549       0  -4.442294400000000e+07   2.211e+08   1.000e+00
    538 1066689.856     550       0  -4.442297200000000e+07   3.183e+08   1.000e+00
    539 1068612.352     551       0  -4.442299600000000e+07   4.958e+08   1.000e+00
    540 1070593.959     552       0  -4.442302400000000e+07   1.980e+08   1.000e+00
    541 1072553.779     553       0  -4.442303200000000e+07   1.905e+08   1.000e+00
    542 1074501.936     554       0  -4.442305600000000e+07   2.245e+08   1.000e+00
    543 1076405.441     555       0  -4.442306800000000e+07   6.880e+08   1.000e+00
    544 1078353.882     556       0  -4.442310800000000e+07   2.331e+08   1.000e+00
    545 1080329.111     557       0  -4.442312400000000e+07   1.720e+08   1.000e+00
    546 1082295.756     558       0  -4.442314400000000e+07   2.058e+08   1.000e+00
    547 1084250.151     559       0  -4.442317200000000e+07   2.411e+08   1.000e+00
    548 1086170.645     560       0  -4.442318000000000e+07   7.539e+08   1.000e+00
    549 1088094.541     561       0  -4.442322800000000e+07   1.843e+08   1.000e+00
    550 1090055.743     562       0  -4.442323200000000e+07   1.535e+08   1.000e+00
    551 1092026.040     563       0  -4.442325600000000e+07   1.974e+08   1.000e+00
    552 1093996.859     564       0  -4.442328800000000e+07   4.284e+08   1.000e+00
    553 1095938.791     565       0  -4.442331600000000e+07   2.497e+08   1.000e+00
    554 1097852.001     566       0  -4.442334800000000e+07   1.865e+08   1.000e+00
    555 1099799.354     567       0  -4.442336800000000e+07   2.519e+08   1.000e+00
    556 1101753.516     568       0  -4.442339600000000e+07   2.387e+08   1.000e+00
    557 1103732.870     569       0  -4.442342000000000e+07   2.548e+08   1.000e+00
    558 1105668.315     570       0  -4.442345200000000e+07   2.155e+08   1.000e+00
    559 1107587.898     571       0  -4.442346800000000e+07   2.694e+08   1.000e+00
    560 1109563.210     572       0  -4.442349600000000e+07   2.303e+08   1.000e+00
    561 1111539.709     573       0  -4.442351600000000e+07   2.159e+08   1.000e+00
    562 1113512.124     574       0  -4.442354400000000e+07   2.389e+08   1.000e+00
    563 1115468.471     575       0  -4.442356400000000e+07   3.251e+08   1.000e+00
    564 1117406.862     576       0  -4.442358800000000e+07   2.115e+08   1.000e+00
    565 1119317.841     577       0  -4.442362000000000e+07   2.059e+08   1.000e+00
    566 1121284.593     578       0  -4.442364400000000e+07   2.889e+08   1.000e+00
    567 1123255.056     579       0  -4.442367200000000e+07   2.237e+08   1.000e+00
    568 1125207.756     580       0  -4.442370400000000e+07   3.425e+08   1.000e+00
    569 1127142.982     581       0  -4.442373200000000e+07   2.463e+08   1.000e+00
    570 1129056.713     582       0  -4.442374800000000e+07   2.157e+08   1.000e+00
    571 1131036.728     583       0  -4.442378400000000e+07   3.091e+08   1.000e+00
    572 1133000.651     584       0  -4.442380800000000e+07   6.688e+08   1.000e+00
    573 1134960.424     585       0  -4.442383600000000e+07   2.199e+08   1.000e+00
    574 1136885.181     586       0  -4.442384000000000e+07   1.584e+08   1.000e+00
    575 1138819.049     587       0  -4.442386800000000e+07   2.196e+08   1.000e+00
    576 1140782.879     588       0  -4.442389200000000e+07   2.873e+08   1.000e+00
    577 1142737.364     589       0  -4.442392400000000e+07   2.728e+08   1.000e+00
    578 1144711.693     590       0  -4.442394800000000e+07   2.005e+08   1.000e+00
    579 1146670.343     591       0  -4.442397200000000e+07   2.194e+08   1.000e+00
    580 1148574.387     592       0  -4.442398400000000e+07   3.962e+08   1.000e+00
    581 1150511.901     593       0  -4.442400000000000e+07   1.997e+08   1.000e+00
    582 1152462.778     594       0  -4.442401600000000e+07   1.948e+08   1.000e+00
    583 1154446.341     595       0  -4.442402800000000e+07   2.205e+08   1.000e+00
    584 1156376.817     596       0  -4.442405200000000e+07   4.769e+08   1.000e+00
    585 1158298.473     597       0  -4.442408000000000e+07   2.390e+08   1.000e+00
    586 1160262.890     598       0  -4.442409600000000e+07   1.652e+08   1.000e+00
    587 1162248.730     599       0  -4.442410800000000e+07   1.826e+08   1.000e+00
    588 1164212.436     600       0  -4.442411200000000e+07   4.165e+08   1.000e+00
    589 1166143.832     601       0  -4.442412800000000e+07   2.219e+08   1.000e+00
    590 1168070.054     602       0  -4.442414800000000e+07   1.772e+08   1.000e+00
    591 1170051.418     603       0  -4.442415600000000e+07   1.961e+08   1.000e+00
    592 1172038.307     604       0  -4.442417600000000e+07   4.870e+08   1.000e+00
    593 1174030.441     605       0  -4.442420400000000e+07   2.008e+08   1.000e+00
    594 1175996.103     606       0  -4.442421600000000e+07   1.709e+08   1.000e+00
    595 1177958.144     607       0  -4.442423600000000e+07   2.029e+08   1.000e+00
    596 1179871.121     608       0  -4.442425200000000e+07   5.091e+08   1.000e+00
    597 1181805.071     609       0  -4.442427600000000e+07   2.211e+08   1.000e+00
    598 1183766.964     610       0  -4.442429200000000e+07   1.653e+08   1.000e+00
    599 1185740.607     611       0  -4.442430400000000e+07   1.936e+08   1.000e+00
    600 1187713.345     612       0  -4.442432800000000e+07   2.955e+08   1.000e+00
    601 1189673.750     613       0  -4.442436400000000e+07   3.922e+08   1.000e+00
    602 1191595.473     614       0  -4.442437600000000e+07   1.635e+08   1.000e+00
    603 1193553.296     615       0  -4.442438800000000e+07   1.756e+08   1.000e+00
    604 1195529.998     616       0  -4.442440400000000e+07   2.102e+08   1.000e+00
    605 1197515.121     617       0  -4.442442800000000e+07   5.920e+08   1.000e+00
    606 1199499.254     618       0  -4.442446000000000e+07   2.289e+08   1.000e+00
    607 1201445.782     619       0  -4.442446800000000e+07   1.639e+08   1.000e+00
    608 1203360.887     620       0  -4.442448800000000e+07   1.937e+08   1.000e+00
    609 1205322.361     621       0  -4.442451200000000e+07   2.227e+08   1.000e+00
    610 1209150.780     623       0  -4.442452400000000e+07   3.747e+08   5.000e-01
    611 1210985.737     624       0  -4.442455200000000e+07   2.011e+08   1.000e+00
    612 1212883.910     625       0  -4.442456800000000e+07   1.762e+08   1.000e+00
    613 1214778.673     626       0  -4.442458800000000e+07   2.229e+08   1.000e+00
    614 1216621.659     627       0  -4.442460400000000e+07   5.201e+08   1.000e+00
    615 1218528.570     628       0  -4.442463200000000e+07   2.187e+08   1.000e+00
    616 1220416.464     629       0  -4.442464000000000e+07   1.644e+08   1.000e+00
    617 1222267.941     630       0  -4.442466000000000e+07   1.976e+08   1.000e+00
    618 1224168.710     631       0  -4.442468800000000e+07   2.596e+08   1.000e+00
    619 1226085.739     632       0  -4.442469200000000e+07   6.602e+08   1.000e+00
    620 1227935.648     633       0  -4.442472800000000e+07   1.819e+08   1.000e+00
    621 1229840.196     634       0  -4.442473200000000e+07   1.442e+08   1.000e+00
    622 1231756.726     635       0  -4.442474800000000e+07   1.743e+08   1.000e+00
    623 1233639.656     636       0  -4.442477200000000e+07   3.096e+08   1.000e+00
    624 1235509.598     637       0  -4.442479200000000e+07   2.458e+08   1.000e+00
    625 1237413.310     638       0  -4.442480800000000e+07   1.709e+08   1.000e+00
    626 1239302.159     639       0  -4.442483200000000e+07   2.110e+08   1.000e+00
    627 1241162.873     640       0  -4.442484800000000e+07   2.303e+08   1.000e+00
    628 1243078.330     641       0  -4.442486000000000e+07   1.752e+08   1.000e+00
    629 1244990.336     642       0  -4.442489200000000e+07   2.027e+08   1.000e+00
    630 1246845.321     643       0  -4.442490800000000e+07   4.335e+08   1.000e+00
    631 1248749.355     644       0  -4.442492000000000e+07   1.904e+08   1.000e+00
    632 1250663.984     645       0  -4.442493200000000e+07   1.462e+08   1.000e+00
    633 1252503.976     646       0  -4.442494400000000e+07   1.823e+08   1.000e+00
    634 1254412.386     647       0  -4.442496400000000e+07   3.196e+08   1.000e+00
    635 1256308.248     648       0  -4.442498400000000e+07   2.217e+08   1.000e+00
    636 1258161.139     649       0  -4.442500400000000e+07   1.496e+08   1.000e+00
    637 1260078.435     650       0  -4.442502000000000e+07   1.788e+08   1.000e+00
    638 1262002.533     651       0  -4.442502800000000e+07   3.307e+08   1.000e+00
    639 1263919.631     652       0  -4.442504400000000e+07   1.925e+08   1.000e+00
    640 1265784.556     653       0  -4.442506400000000e+07   1.675e+08   1.000e+00
    641 1267709.055     654       0  -4.442507600000000e+07   1.789e+08   1.000e+00
    642 1269605.445     655       0  -4.442509600000000e+07   5.073e+08   1.000e+00
    643 1271512.296     656       0  -4.442512400000000e+07   1.980e+08   1.000e+00
    644 1273391.093     657       0  -4.442513600000000e+07   1.432e+08   1.000e+00
    645 1275298.340     658       0  -4.442516000000000e+07   1.708e+08   1.000e+00
    646 1277218.119     659       0  -4.442516800000000e+07   3.815e+08   1.000e+00
    647 1279071.174     660       0  -4.442519600000000e+07   2.113e+08   1.000e+00
    648 1280970.327     661       0  -4.442521600000000e+07   1.668e+08   1.000e+00
    649 1282894.965     662       0  -4.442524000000000e+07   1.741e+08   1.000e+00
    650 1284742.318     663       0  -4.442526400000000e+07   4.913e+08   1.000e+00
    651 1286644.333     664       0  -4.442529200000000e+07   1.685e+08   1.000e+00
    652 1288556.270     665       0  -4.442529600000000e+07   1.423e+08   1.000e+00
    653 1290407.548     666       0  -4.442531200000000e+07   1.837e+08   1.000e+00
    654 1292306.409     667       0  -4.442533200000000e+07   3.653e+08   1.000e+00
    655 1294245.774     668       0  -4.442536000000000e+07   2.200e+08   1.000e+00
    656 1296153.127     669       0  -4.442538000000000e+07   1.607e+08   1.000e+00
    657 1298039.832     670       0  -4.442539600000000e+07   2.170e+08   1.000e+00
    658 1299882.318     671       0  -4.442541600000000e+07   2.056e+08   1.000e+00
    659 1301789.121     672       0  -4.442542800000000e+07   1.729e+08   1.000e+00
    660 1303678.731     673       0  -4.442545200000000e+07   1.993e+08   1.000e+00
    661 1305542.325     674       0  -4.442547200000000e+07   2.197e+08   1.000e+00
    662 1307450.951     675       0  -4.442547600000000e+07   1.744e+08   1.000e+00
    663 1309370.325     676       0  -4.442550000000000e+07   2.444e+08   1.000e+00
    664 1311238.360     677       0  -4.442551600000000e+07   2.649e+08   1.000e+00
    665 1313165.534     678       0  -4.442552400000000e+07   1.820e+08   1.000e+00
    666 1315083.140     679       0  -4.442554800000000e+07   1.385e+08   1.000e+00
    667 1316934.866     680       0  -4.442556400000000e+07   2.078e+08   1.000e+00
    668 1318851.787     681       0  -4.442558000000000e+07   1.779e+08   1.000e+00
    669 1320784.574     682       0  -4.442560400000000e+07   3.121e+08   1.000e+00
    670 1322722.849     683       0  -4.442562000000000e+07   1.879e+08   1.000e+00
    671 1324584.654     684       0  -4.442563200000000e+07   1.592e+08   1.000e+00
    672 1326514.293     685       0  -4.442564400000000e+07   2.409e+08   1.000e+00
    673 1328427.031     686       0  -4.442565600000000e+07   3.825e+08   1.000e+00
    674 1330306.728     687       0  -4.442567200000000e+07   1.700e+08   1.000e+00
    675 1332157.022     688       0  -4.442569200000000e+07   1.321e+08   1.000e+00
    676 1334076.816     689       0  -4.442570800000000e+07   1.653e+08   1.000e+00
    677 1335990.484     690       0  -4.442572400000000e+07   3.268e+08   1.000e+00
    678 1337864.792     691       0  -4.442574400000000e+07   1.521e+08   1.000e+00
    679 1339787.839     692       0  -4.442575600000000e+07   1.429e+08   1.000e+00
    680 1341707.679     693       0  -4.442576800000000e+07   1.845e+08   1.000e+00
    681 1343565.707     694       0  -4.442578400000000e+07   4.367e+08   1.000e+00
    682 1345487.212     695       0  -4.442580000000000e+07   1.949e+08   1.000e+00
    683 1347404.404     696       0  -4.442581200000000e+07   1.460e+08   1.000e+00
    684 1349300.786     697       0  -4.442582400000000e+07   1.725e+08   1.000e+00
    685 1351190.482     698       0  -4.442584800000000e+07   2.895e+08   1.000e+00
    686 1353109.175     699       0  -4.442587200000000e+07   2.476e+08   1.000e+00
    687 1355041.449     700       0  -4.442588000000000e+07   1.399e+08   1.000e+00
    688 1356928.108     701       0  -4.442588400000000e+07   1.622e+08   1.000e+00
    689 1358806.691     702       0  -4.442590000000000e+07   1.841e+08   1.000e+00
    690 1360727.035     703       0  -4.442591600000000e+07   3.031e+08   1.000e+00
    691 1362605.138     704       0  -4.442593200000000e+07   1.726e+08   1.000e+00
    692 1364472.266     705       0  -4.442594000000000e+07   1.573e+08   1.000e+00
    693 1366403.590     706       0  -4.442595200000000e+07   1.796e+08   1.000e+00
    694 1368311.194     707       0  -4.442596800000000e+07   4.046e+08   1.000e+00
    695 1370175.751     708       0  -4.442598000000000e+07   1.594e+08   1.000e+00
    696 1372109.556     709       0  -4.442598400000000e+07   1.398e+08   1.000e+00
    697 1374047.470     710       0  -4.442599600000000e+07   1.572e+08   1.000e+00
    698 1375947.200     711       0  -4.442600400000000e+07   4.078e+08   1.000e+00
    699 1377818.124     712       0  -4.442602000000000e+07   1.614e+08   1.000e+00
    700 1379750.335     713       0  -4.442603200000000e+07   1.251e+08   1.000e+00
    701 1381682.603     714       0  -4.442603600000000e+07   1.578e+08   1.000e+00
    702 1383579.890     715       0  -4.442604800000000e+07   1.997e+08   1.000e+00
    703 1387347.006     717       0  -4.442606000000000e+07   2.772e+08   5.000e-01
    704 1389223.685     718       0  -4.442606400000000e+07   1.471e+08   1.000e+00
    705 1391094.055     719       0  -4.442608000000000e+07   1.392e+08   1.000e+00
    706 1392987.959     720       0  -4.442609200000000e+07   1.847e+08   1.000e+00
    707 1394852.443     721       0  -4.442609600000000e+07   3.319e+08   1.000e+00
    708 1396714.727     722       0  -4.442610800000000e+07   1.688e+08   1.000e+00
    709 1398631.524     723       0  -4.442612000000000e+07   1.517e+08   1.000e+00
    710 1400493.604     724       0  -4.442612800000000e+07   1.726e+08   1.000e+00
    711 1402359.222     725       0  -4.442614400000000e+07   4.712e+08   1.000e+00
    712 1404270.087     726       0  -4.442616000000000e+07   1.795e+08   1.000e+00
    713 1406146.115     727       0  -4.442617200000000e+07   1.305e+08   1.000e+00
    714 1439643.838     745       0  -4.442617200000000e+07   1.305e+08   1.249e-08
# Termination: function reduction test satisfied
# Iter.   Time (ms)    Eval. Reject.       Obj. Func.           Grad.       Step
# ---------------------------------------------------------------------------------
      0    1852.021       1       0  -4.426730800000000e+07   4.285e+09   0.000e+00
      1   24164.034      13       0  -4.428076000000000e+07   5.966e+09   1.076e-15
      2   26071.906      14       0  -4.428973600000000e+07   3.886e+09   1.000e+00
      3   27946.671      15       0  -4.429865200000000e+07   3.688e+09   1.000e+00
      4   29821.785      16       0  -4.430810000000000e+07   4.907e+09   1.000e+00
      5   31750.054      17       0  -4.431602800000000e+07   4.085e+09   1.000e+00
      6   33666.726      18       0  -4.432070800000000e+07   2.889e+09   1.000e+00
      7   35536.883      19       0  -4.432608800000000e+07   2.869e+09   1.000e+00
      8   37454.779      20       0  -4.433114000000000e+07   3.990e+09   1.000e+00
      9   39357.526      21       0  -4.433562400000000e+07   2.709e+09   1.000e+00
     10   41211.395      22       0  -4.433972000000000e+07   2.474e+09   1.000e+00
     11   43123.126      23       0  -4.434253200000000e+07   2.835e+09   1.000e+00
     12   45029.092      24       0  -4.434500000000000e+07   2.074e+09   1.000e+00
     13   46922.660      25       0  -4.434796800000000e+07   2.318e+09   1.000e+00
     14   48792.361      26       0  -4.435011200000000e+07   2.572e+09   1.000e+00
     15   50711.088      27       0  -4.435182800000000e+07   1.896e+09   1.000e+00
     16   52582.711      28       0  -4.435388400000000e+07   1.799e+09   1.000e+00
     17   54444.131      29       0  -4.435538800000000e+07   2.361e+09   1.000e+00
     18   56362.933      30       0  -4.435671200000000e+07   1.713e+09   1.000e+00
     19   58243.313      31       0  -4.435855200000000e+07   1.762e+09   1.000e+00
     20   60105.796      32       0  -4.435974800000000e+07   2.132e+09   1.000e+00
     21   62029.826      33       0  -4.436066000000000e+07   1.608e+09   1.000e+00
     22   63940.438      34       0  -4.436226000000000e+07   1.528e+09   1.000e+00
     23   65829.379      35       0  -4.436326400000000e+07   2.209e+09   1.000e+00
     24   67706.356      36       0  -4.436404800000000e+07   1.564e+09   1.000e+00
     25   69621.471      37       0  -4.436526000000000e+07   1.213e+09   1.000e+00
     26   71534.119      38       0  -4.436600400000000e+07   1.570e+09   1.000e+00
     27   73401.592      39       0  -4.436685600000000e+07   1.377e+09   1.000e+00
     28   75299.333      40       0  -4.436766400000000e+07   2.344e+09   1.000e+00
     29   77187.327      41       0  -4.436837200000000e+07   1.163e+09   1.000e+00
     30   79029.728      42       0  -4.436877200000000e+07   1.105e+09   1.000e+00
     31   80915.536      43       0  -4.436940800000000e+07   1.243e+09   1.000e+00
     32   84664.201      45       0  -4.436977200000000e+07   1.747e+09   4.925e-01
     33   86584.563      46       0  -4.437024800000000e+07   1.040e+09   1.000e+00
     34   88496.593      47       0  -4.437078400000000e+07   8.863e+08   1.000e+00
     35   90362.687      48       0  -4.437123200000000e+07   1.211e+09   1.000e+00
     36   92273.178      49       0  -4.437178000000000e+07   1.184e+09   1.000e+00
     37   94185.873      50       0  -4.437231600000000e+07   9.546e+08   1.000e+00
     38   96072.535      51       0  -4.437287600000000e+07   1.667e+09   1.000e+00
     39   97938.861      52       0  -4.437332400000000e+07   1.112e+09   1.000e+00
     40   99868.148      53       0  -4.437363600000000e+07   9.494e+08   1.000e+00
     41  101771.868      54       0  -4.437425600000000e+07   1.190e+09   1.000e+00
     42  103639.996      55       0  -4.437450800000000e+07   2.297e+09   1.000e+00
     43  105537.352      56       0  -4.437494000000000e+07   9.709e+08   1.000e+00
     44  107455.474      57       0  -4.437522400000000e+07   6.777e+08   1.000e+00
     45  109336.292      58       0  -4.437554400000000e+07   8.690e+08   1.000e+00
     46  111206.560      59       0  -4.437598800000000e+07   1.287e+09   1.000e+00
     47  113111.304      60       0  -4.437653200000000e+07   1.215e+09   1.000e+00
     48  114992.998      61       0  -4.437688800000000e+07   7.332e+08   1.000e+00
     49  116850.620      62       0  -4.437732400000000e+07   9.288e+08   1.000e+00
     50  118763.925      63       0  -4.437764400000000e+07   1.188e+09   1.000e+00
     51  120691.015      64       0  -4.437802400000000e+07   7.699e+08   1.000e+00
     52  122552.353      65       0  -4.437846000000000e+07   7.221e+08   1.000e+00
     53  124465.808      66       0  -4.437878800000000e+07   1.325e+09   1.000e+00
     54  126387.615      67       0  -4.437912800000000e+07   8.111e+08   1.000e+00
     55  128261.437      68       0  -4.437947600000000e+07   7.680e+08   1.000e+00
     56  130136.833      69       0  -4.437984000000000e+07   9.855e+08   1.000e+00
     57  132061.798      70       0  -4.438009600000000e+07   1.859e+09   1.000e+00
     58  133970.116      71       0  -4.438042000000000e+07   7.544e+08   1.000e+00
     59  135843.323      72       0  -4.438062400000000e+07   5.899e+08   1.000e+00
     60  137733.424      73       0  -4.438084800000000e+07   7.247e+08   1.000e+00
     61  139654.350      74       0  -4.438117200000000e+07   1.487e+09   1.000e+00
     62  141539.049      75       0  -4.438152800000000e+07   7.829e+08   1.000e+00
     63  143456.111      76       0  -4.438178400000000e+07   6.211e+08   1.000e+00
     64  145383.752      77       0  -4.438205600000000e+07   8.068e+08   1.000e+00
     65  147267.101      78       0  -4.438230800000000e+07   1.220e+09   1.000e+00
     66  149124.007      79       0  -4.438255200000000e+07   6.906e+08   1.000e+00
     67  151049.433      80       0  -4.438278400000000e+07   6.754e+08   1.000e+00
     68  152957.796      81       0  -4.438301600000000e+07   7.259e+08   1.000e+00
     69  154820.528      82       0  -4.438317200000000e+07   2.138e+09   1.000e+00
     70  156731.257      83       0  -4.438355600000000e+07   7.095e+08   1.000e+00
     71  158649.573      84       0  -4.438371600000000e+07   5.074e+08   1.000e+00
     72  160524.246      85       0  -4.438390800000000e+07   6.529e+08   1.000e+00
     73  162394.185      86       0  -4.438419200000000e+07   9.346e+08   1.000e+00
     74  164327.170      87       0  -4.438449200000000e+07   1.095e+09   1.000e+00
     75  166242.327      88       0  -4.438470800000000e+07   5.562e+08   1.000e+00
     76  168105.442      89       0  -4.438490000000000e+07   6.619e+08   1.000e+00
     77  170037.727      90       0  -4.438509200000000e+07   7.115e+08   1.000e+00
     78  171950.256      91       0  -4.438534400000000e+07   1.319e+09   1.000e+00
     79  173820.463      92       0  -4.438558800000000e+07   6.185e+08   1.000e+00
     80  175726.630      93       0  -4.438578000000000e+07   5.934e+08   1.000e+00
     81  177657.297      94       0  -4.438596400000000e+07   6.518e+08   1.000e+00
     82  179538.693      95       0  -4.438612000000000e+07   2.089e+09   1.000e+00
     83  181415.626      96       0  -4.438647600000000e+07   6.594e+08   1.000e+00
     84  183349.018      97       0  -4.438660000000000e+07   4.929e+08   1.000e+00
     85  185269.052      98       0  -4.438680000000000e+07   6.263e+08   1.000e+00
     86  187163.400      99       0  -4.438708400000000e+07   7.589e+08   1.000e+00
     87  189029.669     100       0  -4.438727200000000e+07   1.822e+09   1.000e+00
     88  190950.555     101       0  -4.438756400000000e+07   5.136e+08   1.000e+00
     89  192862.459     102       0  -4.438764400000000e+07   4.747e+08   1.000e+00
     90  194720.050     103       0  -4.438784400000000e+07   6.018e+08   1.000e+00
     91  196635.088     104       0  -4.438808800000000e+07   1.435e+09   1.000e+00
     92  198553.751     105       0  -4.438835200000000e+07   7.312e+08   1.000e+00
     93  200380.466     106       0  -4.438856400000000e+07   5.488e+08   1.000e+00
     94  202323.771     107       0  -4.438874800000000e+07   6.319e+08   1.000e+00
     95  204262.379     108       0  -4.438903200000000e+07   9.193e+08   1.000e+00
     96  206154.779     109       0  -4.438929600000000e+07   9.915e+08   1.000e+00
     97  208022.642     110       0  -4.438946800000000e+07   5.377e+08   1.000e+00
     98  209951.818     111       0  -4.438964800000000e+07   6.025e+08   1.000e+00
     99  211877.260     112       0  -4.438980800000000e+07   7.258e+08   1.000e+00
    100  213736.892     113       0  -4.439007600000000e+07   7.096e+08   1.000e+00
    101  215636.014     114       0  -4.439032000000000e+07   6.223e+08   1.000e+00
    102  217565.164     115       0  -4.439055600000000e+07   6.994e+08   1.000e+00
    103  219495.472     116       0  -4.439071600000000e+07   7.855e+08   1.000e+00
    104  221354.710     117       0  -4.439083200000000e+07   5.514e+08   1.000e+00
    105  223277.506     118       0  -4.439103600000000e+07   5.416e+08   1.000e+00
    106  225199.922     119       0  -4.439120400000000e+07   1.067e+09   1.000e+00
    107  227092.229     120       0  -4.439138000000000e+07   7.156e+08   1.000e+00
    108  228954.059     121       0  -4.439158800000000e+07   5.320e+08   1.000e+00
    109  230881.224     122       0  -4.439171200000000e+07   6.264e+08   1.000e+00
    110  232789.155     123       0  -4.439185600000000e+07   5.839e+08   1.000e+00
    111  234657.252     124       0  -4.439199600000000e+07   1.240e+09   1.000e+00
    112  236579.290     125       0  -4.439218400000000e+07   5.394e+08   1.000e+00
    113  238510.139     126       0  -4.439228800000000e+07   5.493e+08   1.000e+00
    114  240421.460     127       0  -4.439246000000000e+07   7.080e+08   1.000e+00
    115  242305.114     128       0  -4.439258400000000e+07   1.625e+09   1.000e+00
    116  244230.254     129       0  -4.439282000000000e+07   6.735e+08   1.000e+00
    117  246174.260     130       0  -4.439296000000000e+07   4.734e+08   1.000e+00
    118  248091.829     131       0  -4.439308000000000e+07   5.427e+08   1.000e+00
    119  249986.295     132       0  -4.439328000000000e+07   7.239e+08   1.000e+00
    120  251937.316     133       0  -4.439338000000000e+07   1.384e+09   1.000e+00
    121  253890.474     134       0  -4.439357600000000e+07   4.613e+08   1.000e+00
    122  255787.600     135       0  -4.439364800000000e+07   4.560e+08   1.000e+00
    123  257660.367     136       0  -4.439379200000000e+07   5.772e+08   1.000e+00
    124  259594.567     137       0  -4.439390000000000e+07   1.399e+09   1.000e+00
    125  261503.992     138       0  -4.439408800000000e+07   6.159e+08   1.000e+00
    126  263348.170     139       0  -4.439420000000000e+07   4.748e+08   1.000e+00
    127  265275.856     140       0  -4.439431600000000e+07   5.577e+08   1.000e+00
    128  267245.731     141       0  -4.439450400000000e+07   7.709e+08   1.000e+00
    129  269148.588     142       0  -4.439462800000000e+07   1.165e+09   1.000e+00
    130  271032.398     143       0  -4.439478400000000e+07   4.720e+08   1.000e+00
    131  272968.541     144       0  -4.439487600000000e+07   4.974e+08   1.000e+00
    132  274923.208     145       0  -4.439500800000000e+07   5.896e+08   1.000e+00
    133  276849.115     146       0  -4.439512400000000e+07   1.534e+09   1.000e+00
    134  278727.895     147       0  -4.439533200000000e+07   5.972e+08   1.000e+00
    135  280646.311     148       0  -4.439542800000000e+07   4.495e+08   1.000e+00
    136  282590.761     149       0  -4.439553600000000e+07   5.144e+08   1.000e+00
    137  284486.789     150       0  -4.439572000000000e+07   6.328e+08   1.000e+00
    138  286380.808     151       0  -4.439576800000000e+07   1.617e+09   1.000e+00
    139  288331.191     152       0  -4.439601600000000e+07   4.855e+08   1.000e+00
    140  290280.365     153       0  -4.439608800000000e+07   4.104e+08   1.000e+00
    141  292187.911     154       0  -4.439622800000000e+07   5.285e+08   1.000e+00
    142  294075.615     155       0  -4.439634400000000e+07   1.343e+09   1.000e+00
    143  296007.854     156       0  -4.439650800000000e+07   6.073e+08   1.000e+00
    144  297931.852     157       0  -4.439662800000000e+07   4.301e+08   1.000e+00
    145  299835.850     158       0  -4.439672000000000e+07   4.883e+08   1.000e+00
    146  301732.068     159       0  -4.439691600000000e+07   5.927e+08   1.000e+00
    147  305567.099     161       0  -4.439703600000000e+07   9.765e+08   4.716e-01
    148  307447.467     162       0  -4.439720800000000e+07   5.256e+08   1.000e+00
    149  309327.027     163       0  -4.439734400000000e+07   4.539e+08   1.000e+00
    150  311241.890     164       0  -4.439750400000000e+07   6.021e+08   1.000e+00
    151  313115.393     165       0  -4.439763200000000e+07   1.003e+09   1.000e+00
    152  314985.229     166       0  -4.439776800000000e+07   5.012e+08   1.000e+00
    153  316888.598     167       0  -4.439787200000000e+07   4.734e+08   1.000e+00
    154  318787.013     168       0  -4.439799200000000e+07   5.471e+08   1.000e+00
    155  320636.236     169       0  -4.439810800000000e+07   1.564e+09   1.000e+00
    156  322536.038     170       0  -4.439833200000000e+07   5.759e+08   1.000e+00
    157  324405.427     171       0  -4.439842800000000e+07   4.107e+08   1.000e+00
    158  326274.094     172       0  -4.439853200000000e+07   4.737e+08   1.000e+00
    159  328194.642     173       0  -4.439870000000000e+07   6.487e+08   1.000e+00
    160  330111.929     174       0  -4.439884000000000e+07   9.898e+08   1.000e+00
    161  331981.014     175       0  -4.439896800000000e+07   4.188e+08   1.000e+00
    162  333910.533     176       0  -4.439904000000000e+07   4.485e+08   1.000e+00
    163  335833.350     177       0  -4.439915200000000e+07   5.244e+08   1.000e+00
    164  337748.521     178       0  -4.439923600000000e+07   1.473e+09   1.000e+00
    165  339590.376     179       0  -4.439941600000000e+07   5.463e+08   1.000e+00
    166  341460.083     180       0  -4.439950800000000e+07   4.121e+08   1.000e+00
    167  343375.231     181       0  -4.439960800000000e+07   5.039e+08   1.000e+00
    168  345230.592     182       0  -4.439977600000000e+07   6.617e+08   1.000e+00
    169  347140.188     183       0  -4.439986800000000e+07   1.192e+09   1.000e+00
    170  349037.060     184       0  -4.440001600000000e+07   4.098e+08   1.000e+00
    171  350898.432     185       0  -4.440007200000000e+07   4.030e+08   1.000e+00
    172  352805.139     186       0  -4.440017200000000e+07   4.968e+08   1.000e+00
    173  354746.371     187       0  -4.440030400000000e+07   1.177e+09   1.000e+00
    174  356609.255     188       0  -4.440045600000000e+07   5.671e+08   1.000e+00
    175  358496.226     189       0  -4.440054400000000e+07   4.276e+08   1.000e+00
    176  360431.755     190       0  -4.440065200000000e+07   4.870e+08   1.000e+00
    177  362313.588     191       0  -4.440079200000000e+07   7.377e+08   1.000e+00
    178  364189.724     192       0  -4.440092400000000e+07   5.934e+08   1.000e+00
    179  366115.946     193       0  -4.440102400000000e+07   4.217e+08   1.000e+00
    180  368032.720     194       0  -4.440118400000000e+07   4.853e+08   1.000e+00
    181  369932.389     195       0  -4.440127200000000e+07   9.381e+08   1.000e+00
    182  371790.153     196       0  -4.440137600000000e+07   5.217e+08   1.000e+00
    183  373700.904     197       0  -4.440149600000000e+07   4.046e+08   1.000e+00
    184  375568.587     198       0  -4.440158800000000e+07   4.403e+08   1.000e+00
    185  377428.829     199       0  -4.440170400000000e+07   1.377e+09   1.000e+00
    186  379337.069     200       0  -4.440188000000000e+07   4.597e+08   1.000e+00
    187  381205.475     201       0  -4.440194400000000e+07   3.632e+08   1.000e+00
    188  383068.043     202       0  -4.440204000000000e+07   4.676e+08   1.000e+00
    189  384960.441     203       0  -4.440218800000000e+07   6.878e+08   1.000e+00
    190  386834.710     204       0  -4.440234400000000e+07   8.775e+08   1.000e+00
    191  388693.472     205       0  -4.440247200000000e+07   4.558e+08   1.000e+00
    192  390610.122     206       0  -4.440256000000000e+07   4.532e+08   1.000e+00
    193  392503.197     207       0  -4.440264400000000e+07   5.015e+08   1.000e+00
    194  394358.103     208       0  -4.440274800000000e+07   1.020e+09   1.000e+00
    195  396272.230     209       0  -4.440285200000000e+07   4.678e+08   1.000e+00
    196  398177.716     210       0  -4.440295600000000e+07   4.354e+08   1.000e+00
    197  400034.899     211       0  -4.440303200000000e+07   4.840e+08   1.000e+00
    198  401950.724     212       0  -4.440312400000000e+07   1.227e+09   1.000e+00
    199  403859.040     213       0  -4.440326800000000e+07   4.447e+08   1.000e+00
    200  405735.186     214       0  -4.440332400000000e+07   3.692e+08   1.000e+00
    201  407642.979     215       0  -4.440340000000000e+07   4.328e+08   1.000e+00
    202  409553.745     216       0  -4.440352000000000e+07   6.682e+08   1.000e+00
    203  411445.762     217       0  -4.440362800000000e+07   7.171e+08   1.000e+00
    204  413322.098     218       0  -4.440372400000000e+07   4.034e+08   1.000e+00
    205  415247.584     219       0  -4.440381600000000e+07   4.416e+08   1.000e+00
    206  417155.217     220       0  -4.440391600000000e+07   5.051e+08   1.000e+00
    207  419011.499     221       0  -4.440398000000000e+07   1.218e+09   1.000e+00
    208  420928.445     222       0  -4.440411600000000e+07   4.282e+08   1.000e+00
    209  422875.679     223       0  -4.440417200000000e+07   3.680e+08   1.000e+00
    210  424790.005     224       0  -4.440425200000000e+07   4.402e+08   1.000e+00
    211  426683.575     225       0  -4.440439200000000e+07   6.922e+08   1.000e+00
    212  428581.528     226       0  -4.440450000000000e+07   7.005e+08   1.000e+00
    213  430490.781     227       0  -4.440458400000000e+07   3.611e+08   1.000e+00
    214  432385.650     228       0  -4.440465600000000e+07   3.876e+08   1.000e+00
    215  434255.137     229       0  -4.440474400000000e+07   4.714e+08   1.000e+00
    216  436178.364     230       0  -4.440484400000000e+07   8.780e+08   1.000e+00
    217  438104.582     231       0  -4.440494000000000e+07   4.119e+08   1.000e+00
    218  439970.062     232       0  -4.440502400000000e+07   4.161e+08   1.000e+00
    219  441897.637     233       0  -4.440510800000000e+07   4.625e+08   1.000e+00
    220  443808.321     234       0  -4.440523600000000e+07   1.071e+09   1.000e+00
    221  445672.441     235       0  -4.440537600000000e+07   4.573e+08   1.000e+00
    222  447582.161     236       0  -4.440544000000000e+07   3.658e+08   1.000e+00
    223  449504.766     237       0  -4.440554800000000e+07   4.210e+08   1.000e+00
    224  451411.412     238       0  -4.440564800000000e+07   9.829e+08   1.000e+00
    225  453274.806     239       0  -4.440576400000000e+07   5.086e+08   1.000e+00
    226  455190.547     240       0  -4.440585600000000e+07   3.695e+08   1.000e+00
    227  457096.330     241       0  -4.440592400000000e+07   4.239e+08   1.000e+00
    228  458950.003     242       0  -4.440602000000000e+07   9.071e+08   1.000e+00
    229  460858.055     243       0  -4.440612800000000e+07   4.330e+08   1.000e+00
    230  462779.516     244       0  -4.440618000000000e+07   3.494e+08   1.000e+00
    231  464645.632     245       0  -4.440625600000000e+07   4.237e+08   1.000e+00
    232  466543.052     246       0  -4.440635200000000e+07   7.001e+08   1.000e+00
    233  468472.688     247       0  -4.440645600000000e+07   5.148e+08   1.000e+00
    234  470359.292     248       0  -4.440656000000000e+07   4.099e+08   1.000e+00
    235  472217.608     249       0  -4.440666400000000e+07   5.913e+08   1.000e+00
    236  474165.473     250       0  -4.440673200000000e+07   4.834e+08   1.000e+00
    237  476096.835     251       0  -4.440679600000000e+07   3.993e+08   1.000e+00
    238  478003.969     252       0  -4.440691200000000e+07   5.448e+08   1.000e+00
    239  479905.011     253       0  -4.440697600000000e+07   6.877e+08   1.000e+00
    240  481835.824     254       0  -4.440704000000000e+07   4.215e+08   1.000e+00
    241  483764.232     255       0  -4.440713200000000e+07   3.503e+08   1.000e+00
    242  485661.065     256       0  -4.440720400000000e+07   4.057e+08   1.000e+00
    243  487535.038     257       0  -4.440728000000000e+07   8.007e+08   1.000e+00
    244  489455.516     258       0  -4.440737600000000e+07   3.712e+08   1.000e+00
    245  491383.917     259       0  -4.440741600000000e+07   3.844e+08   1.000e+00
    246  493248.586     260       0  -4.440752000000000e+07   4.946e+08   1.000e+00
    247  495176.137     261       0  -4.440757600000000e+07   1.086e+09   1.000e+00
    248  497081.188     262       0  -4.440769200000000e+07   4.594e+08   1.000e+00
    249  498945.818     263       0  -4.440776800000000e+07   3.550e+08   1.000e+00
    250  500838.656     264       0  -4.440783600000000e+07   3.924e+08   1.000e+00
    251  502770.371     265       0  -4.440787200000000e+07   1.061e+09   1.000e+00
    252  504662.630     266       0  -4.440797600000000e+07   3.636e+08   1.000e+00
    253  506543.348     267       0  -4.440802000000000e+07   3.207e+08   1.000e+00
    254  508492.567     268       0  -4.440809200000000e+07   4.435e+08   1.000e+00
    255  510412.776     269       0  -4.440819200000000e+07   5.972e+08   1.000e+00
    256  512304.562     270       0  -4.440826800000000e+07   1.117e+09   1.000e+00
    257  514186.186     271       0  -4.440838800000000e+07   3.893e+08   1.000e+00
    258  516139.430     272       0  -4.440843200000000e+07   3.481e+08   1.000e+00
    259  518094.401     273       0  -4.440850000000000e+07   4.155e+08   1.000e+00
    260  519995.267     274       0  -4.440857200000000e+07   9.672e+08   1.000e+00
    261  521881.186     275       0  -4.440867200000000e+07   4.896e+08   1.000e+00
    262  523817.768     276       0  -4.440873600000000e+07   3.501e+08   1.000e+00
    263  525750.046     277       0  -4.440878800000000e+07   4.008e+08   1.000e+00
    264  527657.122     278       0  -4.440887200000000e+07   6.083e+08   1.000e+00
    265  529555.800     279       0  -4.440894000000000e+07   5.237e+08   1.000e+00
    266  531492.005     280       0  -4.440899600000000e+07   3.515e+08   1.000e+00
    267  533409.567     281       0  -4.440908400000000e+07   4.012e+08   1.000e+00
    268  535292.363     282       0  -4.440914400000000e+07   5.817e+08   1.000e+00
    269  537225.973     283       0  -4.440922000000000e+07   4.098e+08   1.000e+00
    270  539171.709     284       0  -4.440930400000000e+07   4.041e+08   1.000e+00
    271  541083.650     285       0  -4.440934400000000e+07   6.041e+08   1.000e+00
    272  542993.729     286       0  -4.440938800000000e+07   3.441e+08   1.000e+00
    273  544911.998     287       0  -4.440944800000000e+07   3.302e+08   1.000e+00
    274  546873.422     288       0  -4.440950000000000e+07   3.947e+08   1.000e+00
    275  548810.832     289       0  -4.440954800000000e+07   1.036e+09   1.000e+00
    276  550729.333     290       0  -4.440965200000000e+07   3.724e+08   1.000e+00
    277  552615.412     291       0  -4.440969600000000e+07   2.978e+08   1.000e+00
    278  554552.764     292       0  -4.440975600000000e+07   3.357e+08   1.000e+00
    279  556496.098     293       0  -4.440982800000000e+07   7.051e+08   1.000e+00
    280  558398.414     294       0  -4.440990400000000e+07   3.816e+08   1.000e+00
    281  560296.848     295       0  -4.440996800000000e+07   2.927e+08   1.000e+00
    282  562242.040     296       0  -4.441002400000000e+07   4.002e+08   1.000e+00
    283  564202.408     297       0  -4.441008800000000e+07   5.545e+08   1.000e+00
    284  566159.481     298       0  -4.441015200000000e+07   3.751e+08   1.000e+00
    285  568045.174     299       0  -4.441022800000000e+07   3.559e+08   1.000e+00
    286  569983.916     300       0  -4.441029200000000e+07   4.240e+08   1.000e+00
    287  571938.309     301       0  -4.441038000000000e+07   4.273e+08   1.000e+00
    288  573873.803     302       0  -4.441044800000000e+07   4.308e+08   1.000e+00
    289  575796.950     303       0  -4.441050800000000e+07   3.356e+08   1.000e+00
    290  577703.150     304       0  -4.441057200000000e+07   3.688e+08   1.000e+00
    291  579667.085     305       0  -4.441064000000000e+07   6.434e+08   1.000e+00
    292  581610.435     306       0  -4.441070400000000e+07   3.458e+08   1.000e+00
    293  583546.576     307       0  -4.441076800000000e+07   3.152e+08   1.000e+00
    294  585436.268     308       0  -4.441083200000000e+07   3.607e+08   1.000e+00
    295  587390.866     309       0  -4.441089600000000e+07   8.699e+08   1.000e+00
    296  589337.137     310       0  -4.441096400000000e+07   3.035e+08   1.000e+00
    297  591297.331     311       0  -4.441100000000000e+07   2.887e+08   1.000e+00
    298  593187.247     312       0  -4.441106800000000e+07   3.479e+08   1.000e+00
    299  595109.562     313       0  -4.441112400000000e+07   9.415e+08   1.000e+00
    300  597063.018     314       0  -4.441121600000000e+07   4.119e+08   1.000e+00
    301  599027.652     315       0  -4.441126400000000e+07   2.935e+08   1.000e+00
    302  600943.449     316       0  -4.441132000000000e+07   3.402e+08   1.000e+00
    303  602832.468     317       0  -4.441140800000000e+07   5.560e+08   1.000e+00
    304  604777.738     318       0  -4.441148000000000e+07   4.545e+08   1.000e+00
    305  606738.054     319       0  -4.441152000000000e+07   2.753e+08   1.000e+00
    306  608675.791     320       0  -4.441157600000000e+07   3.559e+08   1.000e+00
    307  610559.112     321       0  -4.441163600000000e+07   4.318e+08   1.000e+00
    308  612493.718     322       0  -4.441171600000000e+07   5.690e+08   1.000e+00
    309  614437.472     323       0  -4.441179600000000e+07   3.682e+08   1.000e+00
    310  616375.111     324       0  -4.441186000000000e+07   3.371e+08   1.000e+00
    311  618261.637     325       0  -4.441192000000000e+07   4.387e+08   1.000e+00
    312  620199.032     326       0  -4.441198800000000e+07   4.101e+08   1.000e+00
    313  622147.051     327       0  -4.441204000000000e+07   4.314e+08   1.000e+00
    314  624114.384     328       0  -4.441209600000000e+07   3.421e+08   1.000e+00
    315  626039.565     329       0  -4.441215600000000e+07   3.745e+08   1.000e+00
    316  627938.645     330       0  -4.441221200000000e+07   6.175e+08   1.000e+00
    317  629898.445     331       0  -4.441226400000000e+07   3.441e+08   1.000e+00
    318  631862.049     332       0  -4.441232400000000e+07   2.990e+08   1.000e+00
    319  633814.849     333       0  -4.441237200000000e+07   3.494e+08   1.000e+00
    320  635750.343     334       0  -4.441243600000000e+07   6.507e+08   1.000e+00
    321  637649.221     335       0  -4.441250400000000e+07   3.178e+08   1.000e+00
    322  639612.108     336       0  -4.441254000000000e+07   3.307e+08   1.000e+00
    323  641576.072     337       0  -4.441260400000000e+07   3.725e+08   1.000e+00
    324  643523.253     338       0  -4.441264400000000e+07   9.458e+08   1.000e+00
    325  645424.090     339       0  -4.441273200000000e+07   3.625e+08   1.000e+00
    326  647336.946     340       0  -4.441277200000000e+07   2.846e+08   1.000e+00
    327  649293.124     341       0  -4.441282400000000e+07   3.305e+08   1.000e+00
    328  651247.344     342       0  -4.441287200000000e+07   7.691e+08   1.000e+00
    329  653154.043     343       0  -4.441293600000000e+07   3.336e+08   1.000e+00
    330  655065.668     344       0  -4.441298400000000e+07   2.842e+08   1.000e+00
    331  657002.405     345       0  -4.441302800000000e+07   3.389e+08   1.000e+00
    332  658957.851     346       0  -4.441309200000000e+07   6.400e+08   1.000e+00
    333  660877.674     347       0  -4.441316800000000e+07   3.797e+08   1.000e+00
    334  662786.053     348       0  -4.441322000000000e+07   2.967e+08   1.000e+00
    335  664708.472     349       0  -4.441328000000000e+07   4.074e+08   1.000e+00
    336  666671.046     350       0  -4.441332800000000e+07   6.219e+08   1.000e+00
    337  668629.702     351       0  -4.441337600000000e+07   3.573e+08   1.000e+00
    338  670586.051     352       0  -4.441344800000000e+07   3.153e+08   1.000e+00
    339  672470.011     353       0  -4.441349200000000e+07   3.320e+08   1.000e+00
    340  674419.280     354       0  -4.441354000000000e+07   8.860e+08   1.000e+00
    341  676400.299     355       0  -4.441362800000000e+07   3.053e+08   1.000e+00
    342  678347.818     356       0  -4.441365200000000e+07   2.568e+08   1.000e+00
    343  680276.808     357       0  -4.441370000000000e+07   3.192e+08   1.000e+00
    344  682184.951     358       0  -4.441374800000000e+07   7.830e+08   1.000e+00
    345  684128.412     359       0  -4.441381600000000e+07   3.935e+08   1.000e+00
    346  686102.045     360       0  -4.441387200000000e+07   2.818e+08   1.000e+00
    347  688055.091     361       0  -4.441391600000000e+07   3.113e+08   1.000e+00
    348  689961.313     362       0  -4.441399200000000e+07   6.273e+08   1.000e+00
    349  691902.372     363       0  -4.441406400000000e+07   3.173e+08   1.000e+00
    350  693858.456     364       0  -4.441408800000000e+07   2.551e+08   1.000e+00
    351  695814.360     365       0  -4.441414400000000e+07   3.258e+08   1.000e+00
    352  697771.046     366       0  -4.441418000000000e+07   7.606e+08   1.000e+00
    353  699683.977     367       0  -4.441424000000000e+07   3.552e+08   1.000e+00
    354  701623.188     368       0  -4.441428800000000e+07   2.684e+08   1.000e+00
    355  703579.071     369       0  -4.441433200000000e+07   2.927e+08   1.000e+00
    356  705529.667     370       0  -4.441440000000000e+07   5.247e+08   1.000e+00
    357  707457.739     371       0  -4.441446800000000e+07   4.650e+08   1.000e+00
    358  709364.919     372       0  -4.441450400000000e+07   2.614e+08   1.000e+00
    359  711342.023     373       0  -4.441454800000000e+07   3.009e+08   1.000e+00
    360  713306.243     374       0  -4.441459200000000e+07   3.785e+08   1.000e+00
    361  715265.331     375       0  -4.441464800000000e+07   4.085e+08   1.000e+00
    362  717199.843     376       0  -4.441469600000000e+07   3.478e+08   1.000e+00
    363  719103.590     377       0  -4.441474400000000e+07   2.935e+08   1.000e+00
    364  721067.358     378       0  -4.441478400000000e+07   3.950e+08   1.000e+00
    365  723022.290     379       0  -4.441483200000000e+07   3.460e+08   1.000e+00
    366  724993.335     380       0  -4.441486000000000e+07   2.908e+08   1.000e+00
    367  726971.695     381       0  -4.441490800000000e+07   2.880e+08   1.000e+00
    368  728906.994     382       0  -4.441493200000000e+07   4.860e+08   1.000e+00
    369  730816.964     383       0  -4.441497600000000e+07   2.702e+08   1.000e+00
    370  732778.229     384       0  -4.441500800000000e+07   2.503e+08   1.000e+00
    371  734746.917     385       0  -4.441504400000000e+07   3.192e+08   1.000e+00
    372  736690.691     386       0  -4.441508000000000e+07   6.012e+08   1.000e+00
    373  738634.708     387       0  -4.441513200000000e+07   2.927e+08   1.000e+00
    374  740538.772     388       0  -4.441516400000000e+07   2.682e+08   1.000e+00
    375  742498.743     389       0  -4.441520400000000e+07   3.156e+08   1.000e+00
    376  744429.822     390       0  -4.441523200000000e+07   8.460e+08   1.000e+00
    377  746350.058     391       0  -4.441528800000000e+07   3.196e+08   1.000e+00
    378  748256.843     392       0  -4.441531600000000e+07   2.164e+08   1.000e+00
    379  750205.335     393       0  -4.441534800000000e+07   2.692e+08   1.000e+00
    380  752163.258     394       0  -4.441540000000000e+07   3.565e+08   1.000e+00
    381  754110.713     395       0  -4.441544400000000e+07   6.290e+08   1.000e+00
    382  756032.272     396       0  -4.441548400000000e+07   2.481e+08   1.000e+00
    383  757936.554     397       0  -4.441550800000000e+07   2.640e+08   1.000e+00
    384  759898.487     398       0  -4.441554400000000e+07   3.140e+08   1.000e+00
    385  761845.748     399       0  -4.441558000000000e+07   8.208e+08   1.000e+00
    386  763769.361     400       0  -4.441563600000000e+07   3.358e+08   1.000e+00
    387  765672.897     401       0  -4.441566800000000e+07   2.354e+08   1.000e+00
    388  767620.851     402       0  -4.441569600000000e+07   2.759e+08   1.000e+00
    389  769578.054     403       0  -4.441574800000000e+07   3.086e+08   1.000e+00
    390  771532.401     404       0  -4.441577600000000e+07   8.666e+08   1.000e+00
    391  773428.230     405       0  -4.441583600000000e+07   2.679e+08   1.000e+00
    392  775365.281     406       0  -4.441585600000000e+07   2.015e+08   1.000e+00
    393  777312.159     407       0  -4.441589600000000e+07   2.647e+08   1.000e+00
    394  779252.419     408       0  -4.441594000000000e+07   4.992e+08   1.000e+00
    395  781130.744     409       0  -4.441599600000000e+07   3.130e+08   1.000e+00
    396  783054.530     410       0  -4.441603600000000e+07   2.279e+08   1.000e+00
    397  784977.945     411       0  -4.441607600000000e+07   3.272e+08   1.000e+00
    398  786913.358     412       0  -4.441611200000000e+07   3.301e+08   1.000e+00
    399  788823.253     413       0  -4.441614800000000e+07   2.662e+08   1.000e+00
    400  790700.689     414       0  -4.441620400000000e+07   3.492e+08   1.000e+00
    401  792629.575     415       0  -4.441623200000000e+07   4.611e+08   1.000e+00
    402  794572.733     416       0  -4.441626000000000e+07   2.685e+08   1.000e+00
    403  796471.504     417       0  -4.441630800000000e+07   2.399e+08   1.000e+00
    404  798358.798     418       0  -4.441633600000000e+07   2.683e+08   1.000e+00
    405  800297.523     419       0  -4.441637200000000e+07   7.669e+08   1.000e+00
    406  802240.228     420       0  -4.441643200000000e+07   2.602e+08   1.000e+00
    407  804172.226     421       0  -4.441645200000000e+07   2.206e+08   1.000e+00
    408  806074.014     422       0  -4.441648000000000e+07   2.670e+08   1.000e+00
    409  808032.481     423       0  -4.441652000000000e+07   5.589e+08   1.000e+00
    410  809983.169     424       0  -4.441656800000000e+07   3.254e+08   1.000e+00
    411  811895.733     425       0  -4.441661200000000e+07   2.395e+08   1.000e+00
    412  813806.746     426       0  -4.441665200000000e+07   2.948e+08   1.000e+00
    413  815744.197     427       0  -4.441668400000000e+07   5.449e+08   1.000e+00
    414  817702.460     428       0  -4.441672800000000e+07   2.778e+08   1.000e+00
    415  819636.715     429       0  -4.441676000000000e+07   2.541e+08   1.000e+00
    416  821509.431     430       0  -4.441678400000000e+07   2.858e+08   1.000e+00
    417  823372.126     431       0  -4.441680800000000e+07   8.137e+08   1.000e+00
    418  825347.682     432       0  -4.441686400000000e+07   3.097e+08   1.000e+00
    419  827232.770     433       0  -4.441689200000000e+07   2.096e+08   1.000e+00
    420  829140.589     434       0  -4.441691600000000e+07   2.504e+08   1.000e+00
    421  831018.372     435       0  -4.441695200000000e+07   3.268e+08   1.000e+00
    422  832926.581     436       0  -4.441698800000000e+07   6.790e+08   1.000e+00
    423  834844.203     437       0  -4.441703600000000e+07   2.511e+08   1.000e+00
    424  836748.468     438       0  -4.441705600000000e+07   2.350e+08   1.000e+00
    425  838614.054     439       0  -4.441708800000000e+07   2.838e+08   1.000e+00
    426  840531.491     440       0  -4.441713200000000e+07   6.635e+08   1.000e+00
    427  842449.283     441       0  -4.441718400000000e+07   3.121e+08   1.000e+00
    428  844357.886     442       0  -4.441721600000000e+07   2.224e+08   1.000e+00
    429  846247.723     443       0  -4.441724800000000e+07   2.563e+08   1.000e+00
    430  848130.327     444       0  -4.441729200000000e+07   3.981e+08   1.000e+00
    431  850065.278     445       0  -4.441732800000000e+07   2.967e+08   1.000e+00
    432  851996.243     446       0  -4.441737200000000e+07   2.326e+08   1.000e+00
    433  853862.404     447       0  -4.441740800000000e+07   3.207e+08   1.000e+00
    434  855754.132     448       0  -4.441743600000000e+07   4.087e+08   1.000e+00
    435  857670.085     449       0  -4.441746400000000e+07   2.836e+08   1.000e+00
    436  859582.252     450       0  -4.441751600000000e+07   2.575e+08   1.000e+00
    437  861452.107     451       0  -4.441754800000000e+07   3.356e+08   1.000e+00
    438  863373.573     452       0  -4.441758000000000e+07   2.834e+08   1.000e+00
    439  865299.507     453       0  -4.441761600000000e+07   6.879e+08   1.000e+00
    440  867226.155     454       0  -4.441766000000000e+07   2.319e+08   1.000e+00
    441  869092.965     455       0  -4.441768000000000e+07   2.074e+08   1.000e+00
    442  871007.650     456       0  -4.441770800000000e+07   2.658e+08   1.000e+00
    443  872932.606     457       0  -4.441774400000000e+07   5.619e+08   1.000e+00
    444  874838.591     458       0  -4.441778800000000e+07   3.018e+08   1.000e+00
    445  876703.486     459       0  -4.441782400000000e+07   2.060e+08   1.000e+00
    446  878600.400     460       0  -4.441785600000000e+07   2.400e+08   1.000e+00
    447  880514.520     461       0  -4.441788400000000e+07   5.403e+08   1.000e+00
    448  882427.868     462       0  -4.441792400000000e+07   2.502e+08   1.000e+00
    449  884295.448     463       0  -4.441795200000000e+07   2.205e+08   1.000e+00
    450  886212.223     464       0  -4.441797600000000e+07   2.610e+08   1.000e+00
    451  888144.573     465       0  -4.441802400000000e+07   5.553e+08   1.000e+00
    452  890061.340     466       0  -4.441806800000000e+07   2.872e+08   1.000e+00
    453  891928.546     467       0  -4.441809600000000e+07   2.073e+08   1.000e+00
    454  893844.829     468       0  -4.441812000000000e+07   2.535e+08   1.000e+00
    455  895775.851     469       0  -4.441814800000000e+07   4.110e+08   1.000e+00
    456  897701.873     470       0  -4.441818000000000e+07   2.630e+08   1.000e+00
    457  899573.769     471       0  -4.441821600000000e+07   2.280e+08   1.000e+00
    458  901497.341     472       0  -4.441824800000000e+07   2.739e+08   1.000e+00
    459  903422.243     473       0  -4.441828000000000e+07   4.391e+08   1.000e+00
    460  905339.249     474       0  -4.441831200000000e+07   2.337e+08   1.000e+00
    461  907230.299     475       0  -4.441833200000000e+07   2.272e+08   1.000e+00
    462  909104.213     476       0  -4.441836000000000e+07   2.638e+08   1.000e+00
    463  911029.242     477       0  -4.441838400000000e+07   6.561e+08   1.000e+00
    464  912945.496     478       0  -4.441841600000000e+07   2.349e+08   1.000e+00
    465  914808.840     479       0  -4.441844000000000e+07   1.972e+08   1.000e+00
    466  916721.581     480       0  -4.441846000000000e+07   2.443e+08   1.000e+00
    467  918648.033     481       0  -4.441850400000000e+07   4.719e+08   1.000e+00
    468  920536.551     482       0  -4.441854400000000e+07   2.639e+08   1.000e+00
    469  922411.887     483       0  -4.441856400000000e+07   1.984e+08   1.000e+00
    470  924314.688     484       0  -4.441859600000000e+07   2.550e+08   1.000e+00
    471  926230.017     485       0  -4.441862000000000e+07   4.568e+08   1.000e+00
    472  928095.415     486       0  -4.441864400000000e+07   2.479e+08   1.000e+00
    473  929984.230     487       0  -4.441867200000000e+07   2.239e+08   1.000e+00
    474  931893.744     488       0  -4.441869600000000e+07   2.448e+08   1.000e+00
    475  933799.976     489       0  -4.441872800000000e+07   6.337e+08   1.000e+00
    476  935693.254     490       0  -4.441877200000000e+07   2.614e+08   1.000e+00
    477  937562.774     491       0  -4.441878800000000e+07   1.952e+08   1.000e+00
    478  939467.422     492       0  -4.441881200000000e+07   2.394e+08   1.000e+00
    479  941356.756     493       0  -4.441882800000000e+07   3.992e+08   1.000e+00
    480  943212.656     494       0  -4.441885600000000e+07   2.682e+08   1.000e+00
    481  945126.744     495       0  -4.441888000000000e+07   2.079e+08   1.000e+00
    482  947055.282     496       0  -4.441891200000000e+07   2.569e+08   1.000e+00
    483  948930.696     497       0  -4.441892800000000e+07   4.751e+08   1.000e+00
    484  950799.581     498       0  -4.441895200000000e+07   2.306e+08   1.000e+00
    485  952709.587     499       0  -4.441897600000000e+07   1.996e+08   1.000e+00
    486  954612.670     500       0  -4.441899600000000e+07   2.377e+08   1.000e+00
    487  956480.723     501       0  -4.441902400000000e+07   5.129e+08   1.000e+00
    488  958384.517     502       0  -4.441906800000000e+07   2.777e+08   1.000e+00
    489  960298.037     503       0  -4.441908800000000e+07   2.004e+08   1.000e+00
    490  962214.164     504       0  -4.441910000000000e+07   2.461e+08   1.000e+00
    491  964081.121     505       0  -4.441913200000000e+07   4.104e+08   1.000e+00
    492  965982.956     506       0  -4.441915600000000e+07   2.337e+08   1.000e+00
    493  967892.254     507       0  -4.441918000000000e+07   2.043e+08   1.000e+00
    494  969805.762     508       0  -4.441920400000000e+07   2.268e+08   1.000e+00
    495  971674.137     509       0  -4.441922800000000e+07   6.572e+08   1.000e+00
    496  973567.465     510       0  -4.441926800000000e+07   2.237e+08   1.000e+00
    497  975629.983     511       0  -4.441927600000000e+07   1.824e+08   1.000e+00
    498  977539.625     512       0  -4.441929600000000e+07   2.242e+08   1.000e+00
    499  979422.064     513       0  -4.441933200000000e+07   4.086e+08   1.000e+00
    500  981273.239     514       0  -4.441936400000000e+07   2.678e+08   1.000e+00
    501  983141.572     515       0  -4.441938800000000e+07   1.977e+08   1.000e+00
    502  985054.558     516       0  -4.441942800000000e+07   2.747e+08   1.000e+00
    503  986923.902     517       0  -4.441945600000000e+07   3.542e+08   1.000e+00
    504  988765.869     518       0  -4.441946800000000e+07   2.245e+08   1.000e+00
    505  990657.828     519       0  -4.441951200000000e+07   2.087e+08   1.000e+00
    506  992543.225     520       0  -4.441953600000000e+07   2.257e+08   1.000e+00
    507  994413.564     521       0  -4.441958000000000e+07   4.811e+08   1.000e+00
    508  996255.626     522       0  -4.441961200000000e+07   2.305e+08   1.000e+00
    509  998136.351     523       0  -4.441962800000000e+07   2.091e+08   1.000e+00
    510 1000014.280     524       0  -4.441965600000000e+07   2.359e+08   1.000e+00
    511 1001875.510     525       0  -4.441968000000000e+07   6.141e+08   1.000e+00
    512 1003724.125     526       0  -4.441971200000000e+07   2.509e+08   1.000e+00
    513 1005604.613     527       0  -4.441972800000000e+07   1.758e+08   1.000e+00
    514 1007519.558     528       0  -4.441976000000000e+07   2.145e+08   1.000e+00
    515 1009399.431     529       0  -4.441979200000000e+07   2.817e+08   1.000e+00
    516 1011316.774     530       0  -4.441982800000000e+07   5.133e+08   1.000e+00
    517 1013243.529     531       0  -4.441985200000000e+07   1.692e+08   1.000e+00
    518 1015170.442     532       0  -4.441985600000000e+07   1.750e+08   1.000e+00
    519 1017053.600     533       0  -4.441987600000000e+07   2.178e+08   1.000e+00
    520 1019012.282     534       0  -4.441990000000000e+07   5.593e+08   1.000e+00
    521 1020952.176     535       0  -4.441993200000000e+07   2.652e+08   1.000e+00
    522 1022876.902     536       0  -4.441996000000000e+07   1.984e+08   1.000e+00
    523 1024759.662     537       0  -4.441998000000000e+07   2.300e+08   1.000e+00
    524 1026644.045     538       0  -4.442001200000000e+07   3.286e+08   1.000e+00
    525 1028566.719     539       0  -4.442002800000000e+07   3.506e+08   1.000e+00
    526 1030476.941     540       0  -4.442004800000000e+07   1.849e+08   1.000e+00
    527 1032357.010     541       0  -4.442006400000000e+07   2.159e+08   1.000e+00
    528 1034298.104     542       0  -4.442008000000000e+07   2.403e+08   1.000e+00
    529 1036221.931     543       0  -4.442009600000000e+07   5.002e+08   1.000e+00
    530 1038135.363     544       0  -4.442013200000000e+07   2.198e+08   1.000e+00
    531 1040003.462     545       0  -4.442014400000000e+07   2.041e+08   1.000e+00
    532 1041934.500     546       0  -4.442016400000000e+07   2.187e+08   1.000e+00
    533 1043877.033     547       0  -4.442019200000000e+07   5.367e+08   1.000e+00
    534 1045788.838     548       0  -4.442022000000000e+07   2.234e+08   1.000e+00
    535 1047697.167     549       0  -4.442024000000000e+07   1.779e+08   1.000e+00
    536 1049624.257     550       0  -4.442025600000000e+07   2.169e+08   1.000e+00
    537 1051569.793     551       0  -4.442028400000000e+07   3.849e+08   1.000e+00
    538 1053472.038     552       0  -4.442032000000000e+07   2.278e+08   1.000e+00
    539 1055365.494     553       0  -4.442033600000000e+07   1.819e+08   1.000e+00
    540 1057295.576     554       0  -4.442037200000000e+07   2.381e+08   1.000e+00
    541 1059223.101     555       0  -4.442039600000000e+07   4.414e+08   1.000e+00
    542 1061142.129     556       0  -4.442042000000000e+07   2.307e+08   1.000e+00
    543 1063033.968     557       0  -4.442044400000000e+07   1.895e+08   1.000e+00
    544 1064959.736     558       0  -4.442046000000000e+07   2.138e+08   1.000e+00
    545 1066894.129     559       0  -4.442050400000000e+07   5.101e+08   1.000e+00
    546 1068791.938     560       0  -4.442054000000000e+07   2.497e+08   1.000e+00
    547 1070672.022     561       0  -4.442054800000000e+07   1.769e+08   1.000e+00
    548 1072610.308     562       0  -4.442057600000000e+07   2.119e+08   1.000e+00
    549 1074556.848     563       0  -4.442059600000000e+07   3.217e+08   1.000e+00
    550 1076456.844     564       0  -4.442062000000000e+07   2.245e+08   1.000e+00
    551 1078344.365     565       0  -4.442065200000000e+07   1.932e+08   1.000e+00
    552 1080294.157     566       0  -4.442068000000000e+07   2.788e+08   1.000e+00
    553 1082230.156     567       0  -4.442070800000000e+07   2.404e+08   1.000e+00
    554 1084166.815     568       0  -4.442072400000000e+07   1.853e+08   1.000e+00
    555 1086062.745     569       0  -4.442074800000000e+07   2.036e+08   1.000e+00
    556 1087933.365     570       0  -4.442077200000000e+07   2.687e+08   1.000e+00
    557 1089859.519     571       0  -4.442080000000000e+07   2.051e+08   1.000e+00
    558 1091789.728     572       0  -4.442083600000000e+07   3.047e+08   1.000e+00
    559 1093670.670     573       0  -4.442086400000000e+07   2.614e+08   1.000e+00
    560 1095605.477     574       0  -4.442087200000000e+07   1.745e+08   1.000e+00
    561 1097537.182     575       0  -4.442088800000000e+07   1.529e+08   1.000e+00
    562 1099474.128     576       0  -4.442091200000000e+07   3.122e+08   1.000e+00
    563 1101356.744     577       0  -4.442094000000000e+07   2.278e+08   1.000e+00
    564 1103284.174     578       0  -4.442096800000000e+07   2.144e+08   1.000e+00
    565 1105206.722     579       0  -4.442098800000000e+07   2.245e+08   1.000e+00
    566 1107105.570     580       0  -4.442101600000000e+07   2.170e+08   1.000e+00
    567 1108977.461     581       0  -4.442104000000000e+07   4.297e+08   1.000e+00
    568 1110894.064     582       0  -4.442106800000000e+07   2.037e+08   1.000e+00
    569 1112803.625     583       0  -4.442108400000000e+07   1.781e+08   1.000e+00
    570 1114704.531     584       0  -4.442110400000000e+07   2.534e+08   1.000e+00
    571 1116568.055     585       0  -4.442112800000000e+07   4.451e+08   1.000e+00
    572 1118471.219     586       0  -4.442114800000000e+07   2.038e+08   1.000e+00
    573 1120382.690     587       0  -4.442116800000000e+07   1.720e+08   1.000e+00
    574 1122290.896     588       0  -4.442118800000000e+07   2.004e+08   1.000e+00
    575 1124159.845     589       0  -4.442121600000000e+07   3.871e+08   1.000e+00
    576 1126071.809     590       0  -4.442124000000000e+07   1.822e+08   1.000e+00
    577 1127995.422     591       0  -4.442125600000000e+07   1.784e+08   1.000e+00
    578 1129899.578     592       0  -4.442127600000000e+07   2.202e+08   1.000e+00
    579 1131753.487     593       0  -4.442128800000000e+07   5.234e+08   1.000e+00
    580 1133670.075     594       0  -4.442131600000000e+07   2.262e+08   1.000e+00
    581 1135603.819     595       0  -4.442133600000000e+07   1.696e+08   1.000e+00
    582 1137510.129     596       0  -4.442135200000000e+07   2.033e+08   1.000e+00
    583 1139390.531     597       0  -4.442138000000000e+07   3.151e+08   1.000e+00
    584 1141312.159     598       0  -4.442141600000000e+07   3.267e+08   1.000e+00
    585 1143240.193     599       0  -4.442142000000000e+07   1.611e+08   1.000e+00
    586 1145171.226     600       0  -4.442143600000000e+07   1.847e+08   1.000e+00
    587 1147087.197     601       0  -4.442145200000000e+07   2.094e+08   1.000e+00
    588 1148952.091     602       0  -4.442148000000000e+07   4.614e+08   1.000e+00
    589 1150884.399     603       0  -4.442149600000000e+07   2.156e+08   1.000e+00
    590 1152808.835     604       0  -4.442151200000000e+07   1.796e+08   1.000e+00
    591 1154720.943     605       0  -4.442152800000000e+07   2.000e+08   1.000e+00
    592 1156614.897     606       0  -4.442155600000000e+07   4.064e+08   1.000e+00
    593 1158540.187     607       0  -4.442157600000000e+07   1.991e+08   1.000e+00
    594 1160454.867     608       0  -4.442158800000000e+07   1.632e+08   1.000e+00
    595 1162359.710     609       0  -4.442160800000000e+07   1.957e+08   1.000e+00
    596 1164257.722     610       0  -4.442162400000000e+07   4.238e+08   1.000e+00
    597 1166198.264     611       0  -4.442164400000000e+07   2.096e+08   1.000e+00
    598 1168150.218     612       0  -4.442165200000000e+07   1.661e+08   1.000e+00
    599 1170070.601     613       0  -4.442166800000000e+07   1.931e+08   1.000e+00
    600 1171971.126     614       0  -4.442169200000000e+07   3.956e+08   1.000e+00
    601 1173914.495     615       0  -4.442171200000000e+07   2.267e+08   1.000e+00
    602 1175866.194     616       0  -4.442172800000000e+07   1.581e+08   1.000e+00
    603 1177816.490     617       0  -4.442174400000000e+07   1.911e+08   1.000e+00
    604 1179736.948     618       0  -4.442176400000000e+07   3.314e+08   1.000e+00
    605 1181639.771     619       0  -4.442177200000000e+07   2.022e+08   1.000e+00
    606 1183598.987     620       0  -4.442179600000000e+07   1.786e+08   1.000e+00
    607 1185573.646     621       0  -4.442181200000000e+07   2.159e+08   1.000e+00
    608 1187526.175     622       0  -4.442182800000000e+07   2.684e+08   1.000e+00
    609 1189414.161     623       0  -4.442184400000000e+07   1.884e+08   1.000e+00
    610 1191359.068     624       0  -4.442185600000000e+07   1.915e+08   1.000e+00
    611 1193310.489     625       0  -4.442188400000000e+07   2.145e+08   1.000e+00
    612 1195235.542     626       0  -4.442189600000000e+07   4.409e+08   1.000e+00
    613 1197105.308     627       0  -4.442192000000000e+07   1.929e+08   1.000e+00
    614 1199028.501     628       0  -4.442192800000000e+07   1.596e+08   1.000e+00
    615 1200955.834     629       0  -4.442194000000000e+07   1.844e+08   1.000e+00
    616 1202893.455     630       0  -4.442196800000000e+07   3.742e+08   1.000e+00
    617 1204761.062     631       0  -4.442198800000000e+07   1.889e+08   1.000e+00
    618 1206645.057     632       0  -4.442200000000000e+07   1.595e+08   1.000e+00
    619 1208563.771     633       0  -4.442201600000000e+07   1.895e+08   1.000e+00
    620 1210485.544     634       0  -4.442202800000000e+07   4.961e+08   1.000e+00
    621 1212358.917     635       0  -4.442205200000000e+07   2.070e+08   1.000e+00
    622 1214297.654     636       0  -4.442206800000000e+07   1.520e+08   1.000e+00
    623 1216233.860     637       0  -4.442208000000000e+07   1.863e+08   1.000e+00
    624 1218132.142     638       0  -4.442210400000000e+07   2.570e+08   1.000e+00
    625 1220000.865     639       0  -4.442212400000000e+07   4.043e+08   1.000e+00
    626 1221906.484     640       0  -4.442214000000000e+07   1.554e+08   1.000e+00
    627 1223838.093     641       0  -4.442215200000000e+07   1.547e+08   1.000e+00
    628 1225704.828     642       0  -4.442216000000000e+07   1.926e+08   1.000e+00
    629 1227623.269     643       0  -4.442217200000000e+07   4.414e+08   1.000e+00
    630 1229557.995     644       0  -4.442220400000000e+07   2.184e+08   1.000e+00
    631 1231488.931     645       0  -4.442221600000000e+07   1.607e+08   1.000e+00
    632 1233349.781     646       0  -4.442222800000000e+07   1.783e+08   1.000e+00
    633 1235297.798     647       0  -4.442225200000000e+07   2.168e+08   1.000e+00
    634 1237230.772     648       0  -4.442226000000000e+07   4.918e+08   1.000e+00
    635 1239161.555     649       0  -4.442227600000000e+07   1.554e+08   1.000e+00
    636 1241031.962     650       0  -4.442228400000000e+07   1.363e+08   1.000e+00
    637 1242971.796     651       0  -4.442230000000000e+07   1.774e+08   1.000e+00
    638 1244891.744     652       0  -4.442232000000000e+07   3.436e+08   1.000e+00
    639 1246758.577     653       0  -4.442234400000000e+07   2.074e+08   1.000e+00
    640 1248678.023     654       0  -4.442235600000000e+07   1.484e+08   1.000e+00
    641 1250620.477     655       0  -4.442238000000000e+07   1.720e+08   1.000e+00
    642 1252518.620     656       0  -4.442239200000000e+07   3.475e+08   1.000e+00
    643 1254406.829     657       0  -4.442240400000000e+07   1.701e+08   1.000e+00
    644 1256334.267     658       0  -4.442241600000000e+07   1.425e+08   1.000e+00
    645 1258277.033     659       0  -4.442242800000000e+07   1.708e+08   1.000e+00
    646 1260149.454     660       0  -4.442244800000000e+07   3.487e+08   1.000e+00
    647 1262082.765     661       0  -4.442246800000000e+07   2.125e+08   1.000e+00
    648 1264033.722     662       0  -4.442248000000000e+07   1.384e+08   1.000e+00
    649 1265978.531     663       0  -4.442250000000000e+07   1.577e+08   1.000e+00
    650 1267866.308     664       0  -4.442251200000000e+07   2.266e+08   1.000e+00
    651 1269735.778     665       0  -4.442253600000000e+07   1.804e+08   1.000e+00
    652 1271668.711     666       0  -4.442255600000000e+07   1.711e+08   1.000e+00
    653 1273579.773     667       0  -4.442257600000000e+07   2.919e+08   1.000e+00
    654 1275454.283     668       0  -4.442258800000000e+07   1.537e+08   1.000e+00
    655 1277390.319     669       0  -4.442260000000000e+07   1.457e+08   1.000e+00
    656 1279317.728     670       0  -4.442261600000000e+07   1.871e+08   1.000e+00
    657 1281186.553     671       0  -4.442264000000000e+07   4.158e+08   1.000e+00
    658 1283093.726     672       0  -4.442266000000000e+07   1.802e+08   1.000e+00
    659 1285017.884     673       0  -4.442266800000000e+07   1.353e+08   1.000e+00
    660 1286906.468     674       0  -4.442268400000000e+07   1.527e+08   1.000e+00
    661 1288784.470     675       0  -4.442270800000000e+07   3.135e+08   1.000e+00
    662 1290702.044     676       0  -4.442272000000000e+07   1.573e+08   1.000e+00
    663 1292622.723     677       0  -4.442273600000000e+07   1.292e+08   1.000e+00
    664 1294487.507     678       0  -4.442274800000000e+07   1.739e+08   1.000e+00
    665 1296420.416     679       0  -4.442276400000000e+07   3.801e+08   1.000e+00
    666 1298318.735     680       0  -4.442278000000000e+07   1.820e+08   1.000e+00
    667 1300238.122     681       0  -4.442279200000000e+07   1.498e+08   1.000e+00
    668 1302102.839     682       0  -4.442280800000000e+07   1.682e+08   1.000e+00
    669 1304019.043     683       0  -4.442282800000000e+07   3.084e+08   1.000e+00
    670 1305947.286     684       0  -4.442285200000000e+07   2.217e+08   1.000e+00
    671 1307851.541     685       0  -4.442286400000000e+07   1.331e+08   1.000e+00
    672 1309721.475     686       0  -4.442287600000000e+07   1.501e+08   1.000e+00
    673 1311655.111     687       0  -4.442289200000000e+07   2.035e+08   1.000e+00
    674 1313583.322     688       0  -4.442291600000000e+07   1.824e+08   1.000e+00
    675 1315459.716     689       0  -4.442293600000000e+07   1.760e+08   1.000e+00
    676 1317389.057     690       0  -4.442295600000000e+07   1.732e+08   1.000e+00
    677 1319341.093     691       0  -4.442297200000000e+07   1.739e+08   1.000e+00
    678 1321268.046     692       0  -4.442299600000000e+07   1.581e+08   1.000e+00
    679 1323190.993     693       0  -4.442301200000000e+07   2.410e+08   1.000e+00
    680 1325071.520     694       0  -4.442302400000000e+07   1.750e+08   1.000e+00
    681 1326990.403     695       0  -4.442304000000000e+07   1.508e+08   1.000e+00
    682 1328913.825     696       0  -4.442304800000000e+07   1.750e+08   1.000e+00
    683 1330814.649     697       0  -4.442307200000000e+07   2.312e+08   1.000e+00
    684 1332684.124     698       0  -4.442307600000000e+07   1.422e+08   1.000e+00
    685 1334608.340     699       0  -4.442308800000000e+07   1.404e+08   1.000e+00
    686 1336533.691     700       0  -4.442310000000000e+07   1.685e+08   1.000e+00
    687 1338413.609     701       0  -4.442312000000000e+07   2.494e+08   1.000e+00
    688 1340349.494     702       0  -4.442313200000000e+07   1.618e+08   1.000e+00
    689 1342291.394     703       0  -4.442314400000000e+07   1.544e+08   1.000e+00
    690 1344196.811     704       0  -4.442315600000000e+07   1.825e+08   1.000e+00
    691 1346090.051     705       0  -4.442316400000000e+07   2.855e+08   1.000e+00
    692 1348013.205     706       0  -4.442317600000000e+07   1.537e+08   1.000e+00
    693 1349961.285     707       0  -4.442318000000000e+07   1.499e+08   1.000e+00
    694 1351866.183     708       0  -4.442319200000000e+07   1.613e+08   1.000e+00
    695 1353769.445     709       0  -4.442320800000000e+07   2.510e+08   1.000e+00
    696 1355708.241     710       0  -4.442322400000000e+07   1.677e+08   1.000e+00
    697 1357668.843     711       0  -4.442323600000000e+07   1.544e+08   1.000e+00
    698 1359567.567     712       0  -4.442324400000000e+07   2.038e+08   1.000e+00
    699 1361471.218     713       0  -4.442325600000000e+07   2.155e+08   1.000e+00
    700 1363417.530     714       0  -4.442326400000000e+07   1.576e+08   1.000e+00
    701 1365357.798     715       0  -4.442327600000000e+07   1.541e+08   1.000e+00
    702 1367281.630     716       0  -4.442328800000000e+07   2.382e+08   1.000e+00
    703 1369175.193     717       0  -4.442330000000000e+07   1.616e+08   1.000e+00
    704 1371151.914     718       0  -4.442331600000000e+07   1.349e+08   1.000e+00
    705 1373089.544     719       0  -4.442332400000000e+07   2.014e+08   1.000e+00
    706 1374952.462     720       0  -4.442333200000000e+07   1.717e+08   1.000e+00
    707 1376903.845     721       0  -4.442335200000000e+07   2.758e+08   1.000e+00
    708 1378848.990     722       0  -4.442336000000000e+07   2.246e+08   1.000e+00
    709 1380800.426     723       0  -4.442336800000000e+07   1.382e+08   1.000e+00
    710 1382672.749     724       0  -4.442338000000000e+07   1.177e+08   1.000e+00
    711 1386484.248     726       0  -4.442338400000000e+07   1.334e+08   5.000e-01
    712 1388355.525     727       0  -4.442339200000000e+07   2.264e+08   1.000e+00
    713 1390218.966     728       0  -4.442340800000000e+07   2.466e+08   1.000e+00
    714 1392125.814     729       0  -4.442341200000000e+07   1.636e+08   1.000e+00
    715 1393998.600     730       0  -4.442343200000000e+07   1.323e+08   1.000e+00
    716 1395859.392     731       0  -4.442343600000000e+07   1.841e+08   1.000e+00
    717 1397763.553     732       0  -4.442344800000000e+07   1.665e+08   1.000e+00
    718 1399637.776     733       0  -4.442347200000000e+07   3.032e+08   1.000e+00
    719 1401509.209     734       0  -4.442348800000000e+07   2.422e+08   1.000e+00
    720 1403420.433     735       0  -4.442349200000000e+07   1.246e+08   1.000e+00
    721 1405290.861     736       0  -4.442350000000000e+07   1.108e+08   1.000e+00
    722 1407164.929     737       0  -4.442350800000000e+07   1.772e+08   1.000e+00
    723 1409071.325     738       0  -4.442351600000000e+07   2.452e+08   1.000e+00
    724 1410947.320     739       0  -4.442353200000000e+07   1.443e+08   1.000e+00
    725 1412815.065     740       0  -4.442354400000000e+07   1.402e+08   1.000e+00
    726 1414735.615     741       0  -4.442355200000000e+07   1.560e+08   1.000e+00
    727 1416632.983     742       0  -4.442356400000000e+07   2.680e+08   1.000e+00
    728 1418471.045     743       0  -4.442357200000000e+07   1.409e+08   1.000e+00
    729 1420359.301     744       0  -4.442358000000000e+07   1.467e+08   1.000e+00
    730 1422254.864     745       0  -4.442358400000000e+07   1.620e+08   1.000e+00
    731 1424101.205     746       0  -4.442360000000000e+07   2.221e+08   1.000e+00
    732 1426005.599     747       0  -4.442361200000000e+07   1.782e+08   1.000e+00
    733 1427914.149     748       0  -4.442362000000000e+07   1.485e+08   1.000e+00
    734 1429789.662     749       0  -4.442362400000000e+07   1.746e+08   1.000e+00
    735 1431655.325     750       0  -4.442363200000000e+07   1.428e+08   1.000e+00
    736 1433563.150     751       0  -4.442364400000000e+07   1.580e+08   1.000e+00
    737 1435443.587     752       0  -4.442365200000000e+07   2.555e+08   1.000e+00
    738 1437306.573     753       0  -4.442366000000000e+07   1.535e+08   1.000e+00
    739 1439206.394     754       0  -4.442367600000000e+07   1.338e+08   1.000e+00
    740 1441097.407     755       0  -4.442368400000000e+07   1.780e+08   1.000e+00
    741 1442957.725     756       0  -4.442368800000000e+07   3.406e+08   1.000e+00
    742 1444873.322     757       0  -4.442370000000000e+07   1.505e+08   1.000e+00
    743 1446762.169     758       0  -4.442370400000000e+07   1.086e+08   1.000e+00
    744 1448610.141     759       0  -4.442371600000000e+07   1.404e+08   1.000e+00
    745 1450504.098     760       0  -4.442372800000000e+07   2.307e+08   1.000e+00
    746 1452393.845     761       0  -4.442374400000000e+07   1.620e+08   1.000e+00
    747 1456134.580     763       0  -4.442374800000000e+07   1.322e+08   5.000e-01
    748 1458036.811     764       0  -4.442376800000000e+07   1.561e+08   1.000e+00
    749 1461796.170     766       0  -4.442377200000000e+07   1.689e+08   5.000e-01
    750 1463710.609     767       0  -4.442378000000000e+07   1.688e+08   1.000e+00
    751 1465567.993     768       0  -4.442380000000000e+07   3.709e+08   1.000e+00
    752 1467464.076     769       0  -4.442382000000000e+07   1.952e+08   1.000e+00
    753 1469369.978     770       0  -4.442382800000000e+07   1.090e+08   1.000e+00
    754 1471217.466     771       0  -4.442383200000000e+07   9.487e+07   1.000e+00
    755 1473119.241     772       0  -4.442384400000000e+07   1.911e+08   1.000e+00
    756 1475028.474     773       0  -4.442387200000000e+07   2.038e+08   1.000e+00
    757 1476896.014     774       0  -4.442389200000000e+07   1.310e+08   1.000e+00
    758 1478761.782     775       0  -4.442390800000000e+07   1.220e+08   1.000e+00
    759 1480667.140     776       0  -4.442392000000000e+07   1.610e+08   1.000e+00
    760 1482544.113     777       0  -4.442393600000000e+07   1.175e+08   1.000e+00
    761 1484419.823     778       0  -4.442395600000000e+07   2.067e+08   1.000e+00
    762 1486327.592     779       0  -4.442397200000000e+07   1.621e+08   1.000e+00
    763 1488214.555     780       0  -4.442398400000000e+07   1.352e+08   1.000e+00
    764 1490077.622     781       0  -4.442400400000000e+07   1.603e+08   1.000e+00
    765 1491983.658     782       0  -4.442402000000000e+07   3.668e+08   1.000e+00
    766 1493857.738     783       0  -4.442402400000000e+07   1.470e+08   1.000e+00
    767 1495724.323     784       0  -4.442402800000000e+07   9.483e+07   1.000e+00
    768 1497624.342     785       0  -4.442404800000000e+07   1.268e+08   1.000e+00
    769 1499494.933     786       0  -4.442406000000000e+07   1.574e+08   1.000e+00
    770 1501358.440     787       0  -4.442408400000000e+07   4.224e+08   1.000e+00
    771 1503264.237     788       0  -4.442410000000000e+07   1.360e+08   1.000e+00
    772 1505171.434     789       0  -4.442410400000000e+07   1.089e+08   1.000e+00
    773 1508909.324     791       0  -4.442410800000000e+07   1.137e+08   5.000e-01
    774 1510787.409     792       0  -4.442412000000000e+07   3.400e+08   1.000e+00
    775 1512635.364     793       0  -4.442412800000000e+07   1.533e+08   1.000e+00
    776 1514542.040     794       0  -4.442413200000000e+07   1.106e+08   1.000e+00
    777 1516412.996     795       0  -4.442414400000000e+07   1.275e+08   1.000e+00
    778 1518281.059     796       0  -4.442416000000000e+07   2.227e+08   1.000e+00
    779 1520180.159     797       0  -4.442417200000000e+07   1.483e+08   1.000e+00
    780 1522051.688     798       0  -4.442418000000000e+07   1.274e+08   1.000e+00
    781 1523918.499     799       0  -4.442418800000000e+07   1.540e+08   1.000e+00
    782 1525812.742     800       0  -4.442420000000000e+07   1.370e+08   1.000e+00
    783 1527671.754     801       0  -4.442420400000000e+07   1.526e+08   1.000e+00
    784 1529528.232     802       0  -4.442422000000000e+07   1.986e+08   1.000e+00
    785 1531436.764     803       0  -4.442422800000000e+07   1.411e+08   1.000e+00
    786 1533300.004     804       0  -4.442424800000000e+07   1.628e+08   1.000e+00
    787 1555577.582     816       0  -4.442424800000000e+07   1.628e+08   3.532e-06
# Termination: function reduction test satisfied
# Iter.   Time (ms)    Eval. Reject.       Obj. Func.           Grad.       Step
# ---------------------------------------------------------------------------------
      0    1869.563       1       0  -4.426145600000000e+07   4.285e+09   0.000e+00
      1   24003.166      13       0  -4.427490800000000e+07   5.987e+09   1.079e-15
      2   25904.158      14       0  -4.428389200000000e+07   3.885e+09   1.000e+00
      3   27790.559      15       0  -4.429277200000000e+07   3.685e+09   1.000e+00
      4   29633.133      16       0  -4.430222000000000e+07   4.895e+09   1.000e+00
      5   31518.306      17       0  -4.431016400000000e+07   4.119e+09   1.000e+00
      6   33400.834      18       0  -4.431484800000000e+07   2.888e+09   1.000e+00
      7   35257.026      19       0  -4.432019200000000e+07   2.856e+09   1.000e+00
      8   37152.557      20       0  -4.432523200000000e+07   3.942e+09   1.000e+00
      9   39053.602      21       0  -4.432980800000000e+07   2.715e+09   1.000e+00
     10   40926.907      22       0  -4.433389200000000e+07   2.514e+09   1.000e+00
     11   42818.768      23       0  -4.433669600000000e+07   2.786e+09   1.000e+00
     12   44734.597      24       0  -4.433909200000000e+07   2.065e+09   1.000e+00
     13   46617.364      25       0  -4.434203600000000e+07   2.279e+09   1.000e+00
     14   48501.840      26       0  -4.434419200000000e+07   2.636e+09   1.000e+00
     15   50413.591      27       0  -4.434594400000000e+07   1.895e+09   1.000e+00
     16   52286.564      28       0  -4.434800000000000e+07   1.744e+09   1.000e+00
     17   54164.793      29       0  -4.434950800000000e+07   2.350e+09   1.000e+00
     18   56078.549      30       0  -4.435089600000000e+07   1.700e+09   1.000e+00
     19   57948.813      31       0  -4.435272000000000e+07   1.802e+09   1.000e+00
     20   59828.093      32       0  -4.435390800000000e+07   2.054e+09   1.000e+00
     21   61731.487      33       0  -4.435483200000000e+07   1.592e+09   1.000e+00
     22   63602.647      34       0  -4.435643600000000e+07   1.621e+09   1.000e+00
     23   65481.458      35       0  -4.435744800000000e+07   2.376e+09   1.000e+00
     24   67385.737      36       0  -4.435817600000000e+07   1.523e+09   1.000e+00
     25   69251.801      37       0  -4.435921600000000e+07   1.116e+09   1.000e+00
     26   71104.848      38       0  -4.435995200000000e+07   1.304e+09   1.000e+00
     27   73012.165      39       0  -4.436102800000000e+07   2.093e+09   1.000e+00
     28   74882.822      40       0  -4.436177600000000e+07   1.473e+09   1.000e+00
     29   76743.343      41       0  -4.436218800000000e+07   1.150e+09   1.000e+00
     30   78660.580      42       0  -4.436279200000000e+07   1.104e+09   1.000e+00
     31   80545.009      43       0  -4.436310000000000e+07   2.549e+09   1.000e+00
     32   82411.735      44       0  -4.436370000000000e+07   1.108e+09   1.000e+00
     33   84315.639      45       0  -4.436413600000000e+07   8.549e+08   1.000e+00
     34   86195.777      46       0  -4.436449600000000e+07   9.754e+08   1.000e+00
     35   88067.353      47       0  -4.436513200000000e+07   1.697e+09   1.000e+00
     36   89979.849      48       0  -4.436579200000000e+07   1.410e+09   1.000e+00
     37   91863.355      49       0  -4.436622400000000e+07   9.302e+08   1.000e+00
     38   93728.526      50       0  -4.436678000000000e+07   1.028e+09   1.000e+00
     39   95640.024      51       0  -4.436710800000000e+07   1.656e+09   1.000e+00
     40   97516.903      52       0  -4.436749600000000e+07   1.047e+09   1.000e+00
     41   99391.082      53       0  -4.436812400000000e+07   8.514e+08   1.000e+00
     42  101308.576      54       0  -4.436848800000000e+07   9.680e+08   1.000e+00
     43  103248.824      55       0  -4.436914400000000e+07   1.432e+09   1.000e+00
     44  105136.907      56       0  -4.436958400000000e+07   1.142e+09   1.000e+00
     45  107029.088      57       0  -4.436987200000000e+07   9.440e+08   1.000e+00
     46  108952.850      58       0  -4.437035600000000e+07   9.256e+08   1.000e+00
     47  110832.546      59       0  -4.437069600000000e+07   1.770e+09   1.000e+00
     48  112703.075      60       0  -4.437105600000000e+07   9.187e+08   1.000e+00
     49  114605.363      61       0  -4.437141600000000e+07   7.304e+08   1.000e+00
     50  116487.169      62       0  -4.437168000000000e+07   7.964e+08   1.000e+00
     51  118359.012      63       0  -4.437214000000000e+07   1.481e+09   1.000e+00
     52  120264.061      64       0  -4.437256400000000e+07   9.547e+08   1.000e+00
     53  122144.257      65       0  -4.437277200000000e+07   7.630e+08   1.000e+00
     54  124022.487      66       0  -4.437316400000000e+07   8.526e+08   1.000e+00
     55  125947.403      67       0  -4.437337600000000e+07   1.786e+09   1.000e+00
     56  127832.137      68       0  -4.437365200000000e+07   8.414e+08   1.000e+00
     57  129696.142      69       0  -4.437394400000000e+07   6.416e+08   1.000e+00
     58  131613.186      70       0  -4.437419200000000e+07   7.445e+08   1.000e+00
     59  133533.096      71       0  -4.437462400000000e+07   1.244e+09   1.000e+00
     60  135408.728      72       0  -4.437503200000000e+07   1.024e+09   1.000e+00
     61  137315.178      73       0  -4.437522800000000e+07   6.454e+08   1.000e+00
     62  139259.435      74       0  -4.437549600000000e+07   6.495e+08   1.000e+00
     63  141156.327      75       0  -4.437574800000000e+07   1.088e+09   1.000e+00
     64  143035.771      76       0  -4.437605600000000e+07   7.903e+08   1.000e+00
     65  144961.722      77       0  -4.437640800000000e+07   8.594e+08   1.000e+00
     66  146901.189      78       0  -4.437671200000000e+07   9.005e+08   1.000e+00
     67  148758.586      79       0  -4.437695200000000e+07   7.171e+08   1.000e+00
     68  150666.936      80       0  -4.437727200000000e+07   9.751e+08   1.000e+00
     69  152590.894      81       0  -4.437747200000000e+07   1.113e+09   1.000e+00
     70  154446.361      82       0  -4.437761200000000e+07   6.715e+08   1.000e+00
     71  156371.999      83       0  -4.437783200000000e+07   5.249e+08   1.000e+00
     72  158280.394      84       0  -4.437799200000000e+07   6.292e+08   1.000e+00
     73  160173.754      85       0  -4.437826000000000e+07   1.235e+09   1.000e+00
     74  162044.749      86       0  -4.437850800000000e+07   6.818e+08   1.000e+00
     75  163976.268      87       0  -4.437866400000000e+07   6.124e+08   1.000e+00
     76  165880.400      88       0  -4.437888800000000e+07   6.959e+08   1.000e+00
     77  167754.945      89       0  -4.437902800000000e+07   1.643e+09   1.000e+00
     78  169684.440      90       0  -4.437924800000000e+07   6.799e+08   1.000e+00
     79  171616.052      91       0  -4.437940000000000e+07   4.929e+08   1.000e+00
     80  173469.512      92       0  -4.437954000000000e+07   5.993e+08   1.000e+00
     81  175386.195      93       0  -4.437977200000000e+07   9.044e+08   1.000e+00
     82  177302.116      94       0  -4.438002800000000e+07   8.927e+08   1.000e+00
     83  179182.520      95       0  -4.438019200000000e+07   4.910e+08   1.000e+00
     84  181060.464      96       0  -4.438038000000000e+07   5.941e+08   1.000e+00
     85  182978.576      97       0  -4.438053600000000e+07   6.905e+08   1.000e+00
     86  184857.642      98       0  -4.438078400000000e+07   7.439e+08   1.000e+00
     87  186726.520      99       0  -4.438100800000000e+07   6.443e+08   1.000e+00
     88  188636.092     100       0  -4.438124000000000e+07   6.954e+08   1.000e+00
     89  190548.152     101       0  -4.438142000000000e+07   7.004e+08   1.000e+00
     90  192391.121     102       0  -4.438159600000000e+07   5.860e+08   1.000e+00
     91  194317.006     103       0  -4.438177600000000e+07   6.584e+08   1.000e+00
     92  196237.761     104       0  -4.438193200000000e+07   6.489e+08   1.000e+00
     93  198073.374     105       0  -4.438208800000000e+07   5.888e+08   1.000e+00
     94  200007.267     106       0  -4.438224800000000e+07   7.971e+08   1.000e+00
     95  201917.679     107       0  -4.438240000000000e+07   5.897e+08   1.000e+00
     96  203774.293     108       0  -4.438252000000000e+07   5.489e+08   1.000e+00
     97  205690.845     109       0  -4.438268800000000e+07   6.293e+08   1.000e+00
     98  207608.061     110       0  -4.438281600000000e+07   1.005e+09   1.000e+00
     99  209475.779     111       0  -4.438294800000000e+07   5.756e+08   1.000e+00
    100  211347.132     112       0  -4.438311200000000e+07   5.205e+08   1.000e+00
    101  213247.045     113       0  -4.438324400000000e+07   5.994e+08   1.000e+00
    102  215134.479     114       0  -4.438344400000000e+07   8.242e+08   1.000e+00
    103  216992.120     115       0  -4.438363200000000e+07   6.647e+08   1.000e+00
    104  218901.540     116       0  -4.438378400000000e+07   6.003e+08   1.000e+00
    105  220796.266     117       0  -4.438401600000000e+07   8.088e+08   1.000e+00
    106  222653.497     118       0  -4.438416400000000e+07   8.076e+08   1.000e+00
    107  224563.796     119       0  -4.438427200000000e+07   5.368e+08   1.000e+00
    108  226473.691     120       0  -4.438444400000000e+07   4.730e+08   1.000e+00
    109  228328.760     121       0  -4.438456400000000e+07   5.760e+08   1.000e+00
    110  230243.168     122       0  -4.438476400000000e+07   6.205e+08   1.000e+00
    111  232134.799     123       0  -4.438490800000000e+07   5.219e+08   1.000e+00
    112  233982.675     124       0  -4.438503200000000e+07   5.183e+08   1.000e+00
    113  235892.554     125       0  -4.438514800000000e+07   6.550e+08   1.000e+00
    114  237807.427     126       0  -4.438529600000000e+07   5.496e+08   1.000e+00
    115  239680.689     127       0  -4.438544400000000e+07   5.353e+08   1.000e+00
    116  241547.820     128       0  -4.438560000000000e+07   6.982e+08   1.000e+00
    117  243482.078     129       0  -4.438572400000000e+07   6.073e+08   1.000e+00
    118  245370.598     130       0  -4.438583200000000e+07   4.704e+08   1.000e+00
    119  247238.921     131       0  -4.438595200000000e+07   5.310e+08   1.000e+00
    120  249168.866     132       0  -4.438603200000000e+07   1.002e+09   1.000e+00
    121  251097.740     133       0  -4.438613600000000e+07   5.039e+08   1.000e+00
    122  252989.901     134       0  -4.438625200000000e+07   3.906e+08   1.000e+00
    123  254865.623     135       0  -4.438634000000000e+07   4.535e+08   1.000e+00
    124  256785.929     136       0  -4.438648400000000e+07   1.131e+09   1.000e+00
    125  258669.658     137       0  -4.438665600000000e+07   4.925e+08   1.000e+00
    126  260528.198     138       0  -4.438673600000000e+07   4.072e+08   1.000e+00
    127  262460.148     139       0  -4.438688400000000e+07   4.950e+08   1.000e+00
    128  264361.027     140       0  -4.438702000000000e+07   1.047e+09   1.000e+00
    129  266225.535     141       0  -4.438718400000000e+07   5.281e+08   1.000e+00
    130  268145.874     142       0  -4.438729600000000e+07   4.133e+08   1.000e+00
    131  270064.273     143       0  -4.438740400000000e+07   5.007e+08   1.000e+00
    132  271942.914     144       0  -4.438755200000000e+07   9.092e+08   1.000e+00
    133  273819.055     145       0  -4.438768800000000e+07   4.805e+08   1.000e+00
    134  275743.955     146       0  -4.438780000000000e+07   4.194e+08   1.000e+00
    135  277644.333     147       0  -4.438790800000000e+07   4.837e+08   1.000e+00
    136  279501.266     148       0  -4.438801200000000e+07   1.267e+09   1.000e+00
    137  281421.929     149       0  -4.438816000000000e+07   4.725e+08   1.000e+00
    138  283346.844     150       0  -4.438823200000000e+07   3.653e+08   1.000e+00
    139  285231.411     151       0  -4.438832400000000e+07   4.451e+08   1.000e+00
    140  287095.416     152       0  -4.438848400000000e+07   5.973e+08   1.000e+00
    141  288994.262     153       0  -4.438861200000000e+07   1.242e+09   1.000e+00
    142  290870.516     154       0  -4.438875600000000e+07   4.123e+08   1.000e+00
    143  292729.783     155       0  -4.438881200000000e+07   3.690e+08   1.000e+00
    144  294625.043     156       0  -4.438890400000000e+07   4.477e+08   1.000e+00
    145  296508.347     157       0  -4.438902000000000e+07   1.178e+09   1.000e+00
    146  298368.387     158       0  -4.438915200000000e+07   5.387e+08   1.000e+00
    147  300275.466     159       0  -4.438924400000000e+07   3.740e+08   1.000e+00
    148  302144.488     160       0  -4.438933200000000e+07   4.352e+08   1.000e+00
    149  303984.982     161       0  -4.438947600000000e+07   5.441e+08   1.000e+00
    150  305883.488     162       0  -4.438953600000000e+07   1.365e+09   1.000e+00
    151  307760.933     163       0  -4.438968800000000e+07   3.843e+08   1.000e+00
    152  309632.100     164       0  -4.438972400000000e+07   3.368e+08   1.000e+00
    153  311572.319     165       0  -4.438982000000000e+07   4.386e+08   1.000e+00
    154  313500.465     166       0  -4.438996400000000e+07   9.110e+08   1.000e+00
    155  315402.555     167       0  -4.439012400000000e+07   5.667e+08   1.000e+00
    156  317256.056     168       0  -4.439023600000000e+07   3.819e+08   1.000e+00
    157  319181.556     169       0  -4.439034800000000e+07   4.802e+08   1.000e+00
    158  321087.271     170       0  -4.439044000000000e+07   6.362e+08   1.000e+00
    159  322942.472     171       0  -4.439052000000000e+07   4.132e+08   1.000e+00
    160  324844.302     172       0  -4.439063600000000e+07   4.030e+08   1.000e+00
    161  326751.820     173       0  -4.439071600000000e+07   4.999e+08   1.000e+00
    162  328609.686     174       0  -4.439082800000000e+07   4.748e+08   1.000e+00
    163  330518.758     175       0  -4.439093200000000e+07   4.719e+08   1.000e+00
    164  332418.095     176       0  -4.439104000000000e+07   4.586e+08   1.000e+00
    165  334259.863     177       0  -4.439110800000000e+07   4.169e+08   1.000e+00
    166  336174.920     178       0  -4.439118800000000e+07   3.955e+08   1.000e+00
    167  338083.218     179       0  -4.439129200000000e+07   6.560e+08   1.000e+00
    168  339977.461     180       0  -4.439138000000000e+07   4.728e+08   1.000e+00
    169  341841.457     181       0  -4.439143600000000e+07   3.665e+08   1.000e+00
    170  343763.916     182       0  -4.439150000000000e+07   3.806e+08   1.000e+00
    171  345638.270     183       0  -4.439157200000000e+07   5.744e+08   1.000e+00
    172  347503.610     184       0  -4.439163600000000e+07   3.640e+08   1.000e+00
    173  349430.100     185       0  -4.439171600000000e+07   3.553e+08   1.000e+00
    174  351349.787     186       0  -4.439178400000000e+07   4.878e+08   1.000e+00
    175  353214.025     187       0  -4.439187200000000e+07   3.838e+08   1.000e+00
    176  355135.250     188       0  -4.439196400000000e+07   4.222e+08   1.000e+00
    177  357046.578     189       0  -4.439208000000000e+07   5.616e+08   1.000e+00
    178  358906.477     190       0  -4.439215600000000e+07   3.821e+08   1.000e+00
    179  360817.176     191       0  -4.439222400000000e+07   3.888e+08   1.000e+00
    180  362742.305     192       0  -4.439233600000000e+07   7.666e+08   1.000e+00
    181  364631.941     193       0  -4.439244400000000e+07   4.957e+08   1.000e+00
    182  366503.425     194       0  -4.439251200000000e+07   3.878e+08   1.000e+00
    183  368446.661     195       0  -4.439260400000000e+07   4.045e+08   1.000e+00
    184  370366.875     196       0  -4.439267600000000e+07   4.248e+08   1.000e+00
    185  372259.530     197       0  -4.439274400000000e+07   3.354e+08   1.000e+00
    186  374131.775     198       0  -4.439284000000000e+07   4.615e+08   1.000e+00
    187  376053.446     199       0  -4.439290400000000e+07   4.802e+08   1.000e+00
    188  377948.959     200       0  -4.439295600000000e+07   3.699e+08   1.000e+00
    189  379810.491     201       0  -4.439308000000000e+07   3.951e+08   1.000e+00
    190  381722.805     202       0  -4.439316000000000e+07   7.768e+08   1.000e+00
    191  383612.204     203       0  -4.439322400000000e+07   4.210e+08   1.000e+00
    192  385467.777     204       0  -4.439328400000000e+07   3.008e+08   1.000e+00
    193  387376.232     205       0  -4.439333200000000e+07   3.590e+08   1.000e+00
    194  389283.431     206       0  -4.439342800000000e+07   5.457e+08   1.000e+00
    195  391150.140     207       0  -4.439349600000000e+07   9.521e+08   1.000e+00
    196  393056.527     208       0  -4.439358000000000e+07   4.195e+08   1.000e+00
    197  394962.577     209       0  -4.439363200000000e+07   3.314e+08   1.000e+00
    198  396811.626     210       0  -4.439366400000000e+07   3.739e+08   1.000e+00
    199  398736.408     211       0  -4.439371600000000e+07   7.733e+08   1.000e+00
    200  400662.075     212       0  -4.439377600000000e+07   2.982e+08   1.000e+00
    201  402564.865     213       0  -4.439381600000000e+07   2.687e+08   1.000e+00
    202  404425.409     214       0  -4.439385200000000e+07   3.541e+08   1.000e+00
    203  406334.570     215       0  -4.439392400000000e+07   5.018e+08   1.000e+00
    204  408236.257     216       0  -4.439398400000000e+07   6.961e+08   1.000e+00
    205  410101.852     217       0  -4.439404400000000e+07   2.888e+08   1.000e+00
    206  412007.825     218       0  -4.439407200000000e+07   2.821e+08   1.000e+00
    207  413928.970     219       0  -4.439412000000000e+07   3.358e+08   1.000e+00
    208  415793.213     220       0  -4.439416000000000e+07   1.052e+09   1.000e+00
    209  417709.237     221       0  -4.439424400000000e+07   3.653e+08   1.000e+00
    210  419617.650     222       0  -4.439428400000000e+07   2.497e+08   1.000e+00
    211  421465.198     223       0  -4.439432400000000e+07   3.037e+08   1.000e+00
    212  423379.842     224       0  -4.439440000000000e+07   3.990e+08   1.000e+00
    213  425307.215     225       0  -4.439445600000000e+07   7.474e+08   1.000e+00
    214  427209.026     226       0  -4.439451600000000e+07   2.792e+08   1.000e+00
    215  429073.407     227       0  -4.439454400000000e+07   2.839e+08   1.000e+00
    216  431012.420     228       0  -4.439460000000000e+07   3.450e+08   1.000e+00
    217  432952.047     229       0  -4.439463600000000e+07   9.969e+08   1.000e+00
    218  434854.264     230       0  -4.439471200000000e+07   3.599e+08   1.000e+00
    219  436714.314     231       0  -4.439475200000000e+07   2.454e+08   1.000e+00
    220  438621.249     232       0  -4.439478800000000e+07   3.068e+08   1.000e+00
    221  440520.587     233       0  -4.439485200000000e+07   3.533e+08   1.000e+00
    222  442391.561     234       0  -4.439490400000000e+07   1.065e+09   1.000e+00
    223  444309.308     235       0  -4.439500000000000e+07   2.939e+08   1.000e+00
    224  446226.179     236       0  -4.439502800000000e+07   2.254e+08   1.000e+00
    225  448085.483     237       0  -4.439507600000000e+07   2.837e+08   1.000e+00
    226  449991.952     238       0  -4.439512800000000e+07   6.459e+08   1.000e+00
    227  451897.910     239       0  -4.439519200000000e+07   3.585e+08   1.000e+00
    228  453748.695     240       0  -4.439524400000000e+07   2.618e+08   1.000e+00
    229  455667.291     241       0  -4.439528400000000e+07   3.530e+08   1.000e+00
    230  457557.676     242       0  -4.439533600000000e+07   3.689e+08   1.000e+00
    231  459404.576     243       0  -4.439539200000000e+07   4.059e+08   1.000e+00
    232  461321.894     244       0  -4.439545600000000e+07   3.090e+08   1.000e+00
    233  463237.118     245       0  -4.439550400000000e+07   3.926e+08   1.000e+00
    234  465120.688     246       0  -4.439554000000000e+07   2.785e+08   1.000e+00
    235  466999.699     247       0  -4.439557600000000e+07   2.731e+08   1.000e+00
    236  468911.784     248       0  -4.439562400000000e+07   5.803e+08   1.000e+00
    237  470800.003     249       0  -4.439567600000000e+07   3.487e+08   1.000e+00
    238  472666.538     250       0  -4.439570400000000e+07   2.678e+08   1.000e+00
    239  474599.089     251       0  -4.439574800000000e+07   2.955e+08   1.000e+00
    240  476529.783     252       0  -4.439579200000000e+07   5.049e+08   1.000e+00
    241  478394.162     253       0  -4.439584400000000e+07   2.904e+08   1.000e+00
    242  480304.912     254       0  -4.439588000000000e+07   2.612e+08   1.000e+00
    243  482233.195     255       0  -4.439592000000000e+07   3.071e+08   1.000e+00
    244  484146.810     256       0  -4.439597200000000e+07   4.944e+08   1.000e+00
    245  486017.607     257       0  -4.439601600000000e+07   2.745e+08   1.000e+00
    246  487950.014     258       0  -4.439605600000000e+07   2.787e+08   1.000e+00
    247  489873.977     259       0  -4.439610000000000e+07   3.073e+08   1.000e+00
    248  491806.428     260       0  -4.439612800000000e+07   9.226e+08   1.000e+00
    249  493686.154     261       0  -4.439619600000000e+07   2.784e+08   1.000e+00
    250  495620.092     262       0  -4.439621600000000e+07   2.048e+08   1.000e+00
    251  497529.476     263       0  -4.439625200000000e+07   2.628e+08   1.000e+00
    252  499429.692     264       0  -4.439630000000000e+07   3.572e+08   1.000e+00
    253  501275.758     265       0  -4.439636000000000e+07   4.864e+08   1.000e+00
    254  503174.054     266       0  -4.439640800000000e+07   2.551e+08   1.000e+00
    255  505085.418     267       0  -4.439644400000000e+07   2.881e+08   1.000e+00
    256  506948.808     268       0  -4.439648800000000e+07   3.223e+08   1.000e+00
    257  508861.663     269       0  -4.439654000000000e+07   6.798e+08   1.000e+00
    258  510757.045     270       0  -4.439658800000000e+07   2.884e+08   1.000e+00
    259  512632.157     271       0  -4.439662400000000e+07   2.572e+08   1.000e+00
    260  514524.846     272       0  -4.439666400000000e+07   2.986e+08   1.000e+00
    261  516452.888     273       0  -4.439672400000000e+07   6.570e+08   1.000e+00
    262  518379.941     274       0  -4.439678400000000e+07   2.899e+08   1.000e+00
    263  520273.240     275       0  -4.439680800000000e+07   2.230e+08   1.000e+00
    264  522157.671     276       0  -4.439685200000000e+07   2.522e+08   1.000e+00
    265  524083.210     277       0  -4.439690400000000e+07   3.413e+08   1.000e+00
    266  525995.908     278       0  -4.439696400000000e+07   4.520e+08   1.000e+00
    267  527860.172     279       0  -4.439700400000000e+07   2.435e+08   1.000e+00
    268  529774.979     280       0  -4.439703600000000e+07   2.647e+08   1.000e+00
    269  531710.385     281       0  -4.439708400000000e+07   3.229e+08   1.000e+00
    270  533598.102     282       0  -4.439713200000000e+07   6.740e+08   1.000e+00
    271  535482.839     283       0  -4.439718000000000e+07   2.698e+08   1.000e+00
    272  537423.556     284       0  -4.439721200000000e+07   2.344e+08   1.000e+00
    273  539367.286     285       0  -4.439725200000000e+07   2.679e+08   1.000e+00
    274  541259.955     286       0  -4.439732400000000e+07   4.835e+08   1.000e+00
    275  543166.110     287       0  -4.439738400000000e+07   2.871e+08   1.000e+00
    276  545078.783     288       0  -4.439741600000000e+07   2.127e+08   1.000e+00
    277  546994.476     289       0  -4.439746000000000e+07   2.700e+08   1.000e+00
    278  548858.504     290       0  -4.439750000000000e+07   5.692e+08   1.000e+00
    279  550770.874     291       0  -4.439753200000000e+07   3.114e+08   1.000e+00
    280  552727.283     292       0  -4.439758800000000e+07   2.434e+08   1.000e+00
    281  554632.378     293       0  -4.439762400000000e+07   2.682e+08   1.000e+00
    282  556498.686     294       0  -4.439769600000000e+07   5.259e+08   1.000e+00
    283  558424.211     295       0  -4.439776000000000e+07   4.158e+08   1.000e+00
    284  560353.081     296       0  -4.439777600000000e+07   2.266e+08   1.000e+00
    285  562266.981     297       0  -4.439781200000000e+07   2.389e+08   1.000e+00
    286  564151.969     298       0  -4.439783600000000e+07   2.978e+08   1.000e+00
    287  566093.203     299       0  -4.439789600000000e+07   6.005e+08   1.000e+00
    288  568008.625     300       0  -4.439795200000000e+07   2.927e+08   1.000e+00
    289  569914.684     301       0  -4.439798400000000e+07   2.354e+08   1.000e+00
    290  571799.329     302       0  -4.439802000000000e+07   2.474e+08   1.000e+00
    291  573713.702     303       0  -4.439806000000000e+07   6.295e+08   1.000e+00
    292  575623.864     304       0  -4.439809600000000e+07   2.550e+08   1.000e+00
    293  577481.530     305       0  -4.439812000000000e+07   2.184e+08   1.000e+00
    294  579399.111     306       0  -4.439814800000000e+07   2.677e+08   1.000e+00
    295  581324.765     307       0  -4.439819600000000e+07   4.302e+08   1.000e+00
    296  583250.857     308       0  -4.439824400000000e+07   4.051e+08   1.000e+00
    297  585123.819     309       0  -4.439827200000000e+07   1.974e+08   1.000e+00
    298  587055.057     310       0  -4.439829200000000e+07   2.133e+08   1.000e+00
    299  588980.687     311       0  -4.439831200000000e+07   2.431e+08   1.000e+00
    300  590870.922     312       0  -4.439835200000000e+07   6.239e+08   1.000e+00
    301  592742.478     313       0  -4.439840000000000e+07   2.723e+08   1.000e+00
    302  594684.170     314       0  -4.439842000000000e+07   2.235e+08   1.000e+00
    303  596622.222     315       0  -4.439844400000000e+07   2.532e+08   1.000e+00
    304  598540.484     316       0  -4.439849600000000e+07   3.600e+08   1.000e+00
    305  600403.895     317       0  -4.439853200000000e+07   4.534e+08   1.000e+00
    306  602333.772     318       0  -4.439855200000000e+07   2.095e+08   1.000e+00
    307  604255.841     319       0  -4.439858000000000e+07   2.195e+08   1.000e+00
    308  606168.948     320       0  -4.439860800000000e+07   2.641e+08   1.000e+00
    309  608064.101     321       0  -4.439864800000000e+07   6.894e+08   1.000e+00
    310  609998.945     322       0  -4.439869600000000e+07   2.746e+08   1.000e+00
    311  611963.750     323       0  -4.439871200000000e+07   2.025e+08   1.000e+00
    312  613900.156     324       0  -4.439874000000000e+07   2.295e+08   1.000e+00
    313  615821.924     325       0  -4.439878400000000e+07   2.495e+08   1.000e+00
    314  617701.374     326       0  -4.439880800000000e+07   7.716e+08   1.000e+00
    315  619643.083     327       0  -4.439885600000000e+07   2.195e+08   1.000e+00
    316  621559.843     328       0  -4.439888000000000e+07   1.791e+08   1.000e+00
    317  623449.620     329       0  -4.439891200000000e+07   2.300e+08   1.000e+00
    318  625339.214     330       0  -4.439895200000000e+07   5.417e+08   1.000e+00
    319  627284.814     331       0  -4.439899200000000e+07   2.847e+08   1.000e+00
    320  629204.193     332       0  -4.439902800000000e+07   2.094e+08   1.000e+00
    321  631098.822     333       0  -4.439905600000000e+07   2.401e+08   1.000e+00
    322  633005.125     334       0  -4.439908800000000e+07   4.034e+08   1.000e+00
    323  634944.359     335       0  -4.439911600000000e+07   2.895e+08   1.000e+00
    324  636876.797     336       0  -4.439914800000000e+07   2.308e+08   1.000e+00
    325  638784.861     337       0  -4.439918800000000e+07   2.575e+08   1.000e+00
    326  640662.221     338       0  -4.439921200000000e+07   5.448e+08   1.000e+00
    327  642586.697     339       0  -4.439923600000000e+07   2.554e+08   1.000e+00
    328  644550.015     340       0  -4.439926800000000e+07   1.822e+08   1.000e+00
    329  646449.000     341       0  -4.439928400000000e+07   2.117e+08   1.000e+00
    330  648321.810     342       0  -4.439933200000000e+07   3.381e+08   1.000e+00
    331  650228.902     343       0  -4.439937200000000e+07   3.941e+08   1.000e+00
    332  652174.360     344       0  -4.439939200000000e+07   1.830e+08   1.000e+00
    333  654091.194     345       0  -4.439940400000000e+07   2.023e+08   1.000e+00
    334  655973.288     346       0  -4.439943200000000e+07   2.339e+08   1.000e+00
    335  657910.252     347       0  -4.439947200000000e+07   5.955e+08   1.000e+00
    336  659856.814     348       0  -4.439950000000000e+07   2.289e+08   1.000e+00
    337  661772.919     349       0  -4.439952400000000e+07   1.826e+08   1.000e+00
    338  663660.562     350       0  -4.439954400000000e+07   2.049e+08   1.000e+00
    339  665595.305     351       0  -4.439957600000000e+07   3.284e+08   1.000e+00
    340  667535.817     352       0  -4.439962000000000e+07   2.487e+08   1.000e+00
    341  669471.026     353       0  -4.439964000000000e+07   1.709e+08   1.000e+00
    342  671350.199     354       0  -4.439966400000000e+07   2.029e+08   1.000e+00
    343  673251.200     355       0  -4.439968800000000e+07   3.705e+08   1.000e+00
    344  675217.482     356       0  -4.439971200000000e+07   2.236e+08   1.000e+00
    345  677152.819     357       0  -4.439975200000000e+07   1.888e+08   1.000e+00
    346  679064.172     358       0  -4.439978000000000e+07   2.033e+08   1.000e+00
    347  680957.925     359       0  -4.439982000000000e+07   6.322e+08   1.000e+00
    348  682920.765     360       0  -4.439986000000000e+07   1.898e+08   1.000e+00
    349  684863.208     361       0  -4.439986800000000e+07   1.528e+08   1.000e+00
    350  686819.300     362       0  -4.439989200000000e+07   1.998e+08   1.000e+00
    351  688714.968     363       0  -4.439991600000000e+07   4.506e+08   1.000e+00
    352  690638.556     364       0  -4.439995600000000e+07   2.586e+08   1.000e+00
    353  692597.553     365       0  -4.439998800000000e+07   1.780e+08   1.000e+00
    354  694541.436     366       0  -4.440001600000000e+07   2.068e+08   1.000e+00
    355  696464.980     367       0  -4.440004800000000e+07   3.362e+08   1.000e+00
    356  698361.459     368       0  -4.440007200000000e+07   1.847e+08   1.000e+00
    357  700316.324     369       0  -4.440009200000000e+07   1.985e+08   1.000e+00
    358  702269.844     370       0  -4.440011600000000e+07   2.255e+08   1.000e+00
    359  704231.236     371       0  -4.440012800000000e+07   6.923e+08   1.000e+00
    360  706168.167     372       0  -4.440017200000000e+07   2.093e+08   1.000e+00
    361  708078.010     373       0  -4.440018000000000e+07   1.494e+08   1.000e+00
    362  710018.471     374       0  -4.440020000000000e+07   1.798e+08   1.000e+00
    363  711974.407     375       0  -4.440023200000000e+07   2.825e+08   1.000e+00
    364  713921.070     376       0  -4.440027200000000e+07   2.578e+08   1.000e+00
    365  715800.364     377       0  -4.440029600000000e+07   1.789e+08   1.000e+00
    366  717732.496     378       0  -4.440031200000000e+07   1.956e+08   1.000e+00
    367  719674.037     379       0  -4.440033200000000e+07   2.522e+08   1.000e+00
    368  721597.686     380       0  -4.440035200000000e+07   1.885e+08   1.000e+00
    369  723508.847     381       0  -4.440039200000000e+07   1.862e+08   1.000e+00
    370  725423.612     382       0  -4.440041600000000e+07   3.834e+08   1.000e+00
    371  727376.500     383       0  -4.440044400000000e+07   1.765e+08   1.000e+00
    372  729325.295     384       0  -4.440046400000000e+07   1.599e+08   1.000e+00
    373  731246.776     385       0  -4.440048800000000e+07   2.174e+08   1.000e+00
    374  733143.062     386       0  -4.440051200000000e+07   3.970e+08   1.000e+00
    375  735096.510     387       0  -4.440052800000000e+07   1.871e+08   1.000e+00
    376  737064.696     388       0  -4.440054400000000e+07   1.552e+08   1.000e+00
    377  738970.797     389       0  -4.440057200000000e+07   1.761e+08   1.000e+00
    378  740872.166     390       0  -4.440058800000000e+07   4.407e+08   1.000e+00
    379  742826.021     391       0  -4.440061200000000e+07   1.673e+08   1.000e+00
    380  744768.737     392       0  -4.440062800000000e+07   1.473e+08   1.000e+00
    381  746707.739     393       0  -4.440063600000000e+07   1.801e+08   1.000e+00
    382  748590.281     394       0  -4.440066400000000e+07   2.591e+08   1.000e+00
    383  750528.579     395       0  -4.440069200000000e+07   4.670e+08   1.000e+00
    384  752467.938     396       0  -4.440071600000000e+07   1.630e+08   1.000e+00
    385  758100.836     399       0  -4.440072000000000e+07   1.495e+08   2.500e-01
    386  760005.676     400       0  -4.440073200000000e+07   1.820e+08   1.000e+00
    387  761842.073     401       0  -4.440074800000000e+07   2.778e+08   1.000e+00
    388  763741.063     402       0  -4.440077600000000e+07   2.262e+08   1.000e+00
    389  765639.150     403       0  -4.440081200000000e+07   2.539e+08   1.000e+00
    390  767487.449     404       0  -4.440084400000000e+07   2.514e+08   1.000e+00
    391  769381.177     405       0  -4.440085200000000e+07   1.555e+08   1.000e+00
    392  771256.294     406       0  -4.440085600000000e+07   1.632e+08   1.000e+00
    393  773119.833     407       0  -4.440087600000000e+07   2.791e+08   1.000e+00
    394  775035.963     408       0  -4.440090000000000e+07   2.043e+08   1.000e+00
    395  776912.288     409       0  -4.440092800000000e+07   2.126e+08   1.000e+00
    396  778785.989     410       0  -4.440094800000000e+07   2.193e+08   1.000e+00
    397  780691.220     411       0  -4.440096000000000e+07   1.688e+08   1.000e+00
    398  782572.038     412       0  -4.440097600000000e+07   1.566e+08   1.000e+00
    399  784434.592     413       0  -4.440100000000000e+07   3.452e+08   1.000e+00
    400  786347.458     414       0  -4.440102000000000e+07   1.800e+08   1.000e+00
    401  788224.386     415       0  -4.440103600000000e+07   1.545e+08   1.000e+00
    402  790080.600     416       0  -4.440105200000000e+07   1.787e+08   1.000e+00
    403  791996.947     417       0  -4.440107600000000e+07   3.493e+08   1.000e+00
    404  793899.162     418       0  -4.440110000000000e+07   1.567e+08   1.000e+00
    405  795740.995     419       0  -4.440111200000000e+07   1.495e+08   1.000e+00
    406  797649.125     420       0  -4.440112400000000e+07   1.741e+08   1.000e+00
    407  799560.779     421       0  -4.440114400000000e+07   5.391e+08   1.000e+00
    408  801405.531     422       0  -4.440116400000000e+07   2.061e+08   1.000e+00
    409  803332.318     423       0  -4.440117600000000e+07   1.227e+08   1.000e+00
    410  805224.302     424       0  -4.440118800000000e+07   1.604e+08   1.000e+00
    411  807071.827     425       0  -4.440120800000000e+07   1.938e+08   1.000e+00
    412  808971.276     426       0  -4.440121600000000e+07   5.533e+08   1.000e+00
    413  810875.571     427       0  -4.440124400000000e+07   1.424e+08   1.000e+00
    414  846188.916     446       0  -4.440124400000000e+07   1.424e+08   3.808e-06
# Termination: function reduction test satisfied
# Iter.   Time (ms)    Eval. Reject.       Obj. Func.           Grad.       Step
# ---------------------------------------------------------------------------------
      0    1882.565       1       0  -4.420293600000000e+07   4.285e+09   0.000e+00
      1   22387.541      12       0  -4.420684400000000e+07   1.154e+10   2.013e-15
      2   24279.632      13       0  -4.422572400000000e+07   3.821e+09   1.000e+00
      3   26129.927      14       0  -4.423055600000000e+07   2.683e+09   1.000e+00
      4   28037.217      15       0  -4.423945600000000e+07   3.221e+09   1.000e+00
      5   29938.400      16       0  -4.425031600000000e+07   5.614e+09   1.000e+00
      6   31789.949      17       0  -4.425656400000000e+07   4.060e+09   1.000e+00
      7   33710.073      18       0  -4.425949200000000e+07   2.790e+09   1.000e+00
      8   35622.646      19       0  -4.426467200000000e+07   2.574e+09   1.000e+00
      9   37461.846      20       0  -4.426943200000000e+07   3.900e+09   1.000e+00
     10   39366.427      21       0  -4.427380400000000e+07   2.560e+09   1.000e+00
     11   41276.723      22       0  -4.427690400000000e+07   2.111e+09   1.000e+00
     12   43107.131      23       0  -4.428019600000000e+07   2.584e+09   1.000e+00
     13   45018.982      24       0  -4.428264000000000e+07   2.532e+09   1.000e+00
     14   46914.049      25       0  -4.428468000000000e+07   1.918e+09   1.000e+00
     15   48749.666      26       0  -4.428717600000000e+07   2.154e+09   1.000e+00
     16   50654.448      27       0  -4.428872000000000e+07   2.757e+09   1.000e+00
     17   52539.986      28       0  -4.428988800000000e+07   1.674e+09   1.000e+00
     18   54389.613      29       0  -4.429140400000000e+07   1.414e+09   1.000e+00
     19   56277.680      30       0  -4.429260800000000e+07   1.695e+09   1.000e+00
     20   58149.286      31       0  -4.429432800000000e+07   2.235e+09   1.000e+00
     21   60009.471      32       0  -4.429550000000000e+07   1.566e+09   1.000e+00
     22   61904.650      33       0  -4.429628400000000e+07   1.396e+09   1.000e+00
     23   63781.083      34       0  -4.429744800000000e+07   1.535e+09   1.000e+00
     24   65643.933      35       0  -4.429831200000000e+07   2.987e+09   1.000e+00
     25   67562.890      36       0  -4.429924800000000e+07   1.277e+09   1.000e+00
     26   69475.160      37       0  -4.429990000000000e+07   1.042e+09   1.000e+00
     27   71327.391      38       0  -4.430058400000000e+07   1.199e+09   1.000e+00
     28   73254.563      39       0  -4.430141600000000e+07   2.646e+09   1.000e+00
     29   75161.510      40       0  -4.430235600000000e+07   1.082e+09   1.000e+00
     30   77010.101      41       0  -4.430289600000000e+07   1.033e+09   1.000e+00
     31   78909.978      42       0  -4.430359600000000e+07   1.219e+09   1.000e+00
     32   80814.401      43       0  -4.430409600000000e+07   2.837e+09   1.000e+00
     33   82657.542      44       0  -4.430489600000000e+07   1.066e+09   1.000e+00
     34   84564.959      45       0  -4.430526400000000e+07   8.394e+08   1.000e+00
     35   86461.520      46       0  -4.430566800000000e+07   1.020e+09   1.000e+00
     36   88311.844      47       0  -4.430637200000000e+07   1.474e+09   1.000e+00
     37   90223.204      48       0  -4.430683600000000e+07   2.078e+09   1.000e+00
     38   92133.118      49       0  -4.430729600000000e+07   8.481e+08   1.000e+00
     39   94019.957      50       0  -4.430756000000000e+07   8.289e+08   1.000e+00
     40   95896.914      51       0  -4.430792000000000e+07   9.820e+08   1.000e+00
     41   97810.789      52       0  -4.430830400000000e+07   2.326e+09   1.000e+00
     42   99691.988      53       0  -4.430882800000000e+07   9.934e+08   1.000e+00
     43  101570.353      54       0  -4.430914800000000e+07   7.826e+08   1.000e+00
     44  103485.058      55       0  -4.430944800000000e+07   8.775e+08   1.000e+00
     45  105367.780      56       0  -4.430995200000000e+07   1.146e+09   1.000e+00
     46  107240.523      57       0  -4.431018400000000e+07   2.247e+09   1.000e+00
     47  109164.512      58       0  -4.431065200000000e+07   7.600e+08   1.000e+00
     48  111037.320      59       0  -4.431083600000000e+07   6.913e+08   1.000e+00
     49  112903.444      60       0  -4.431114800000000e+07   8.386e+08   1.000e+00
     50  114807.230      61       0  -4.431137200000000e+07   2.141e+09   1.000e+00
     51  116693.940      62       0  -4.431174800000000e+07   8.305e+08   1.000e+00
     52  118567.319      63       0  -4.431194000000000e+07   6.083e+08   1.000e+00
     53  120472.100      64       0  -4.431213600000000e+07   7.234e+08   1.000e+00
     54  122353.022      65       0  -4.431246800000000e+07   8.341e+08   1.000e+00
     55  124219.713      66       0  -4.431259600000000e+07   2.356e+09   1.000e+00
     56  126153.140      67       0  -4.431308000000000e+07   7.533e+08   1.000e+00
     57  128060.967      68       0  -4.431323600000000e+07   5.317e+08   1.000e+00
     58  129916.789      69       0  -4.431347600000000e+07   6.714e+08   1.000e+00
     59  131847.712      70       0  -4.431380400000000e+07   1.009e+09   1.000e+00
     60  133779.136      71       0  -4.431412400000000e+07   8.817e+08   1.000e+00
     61  135665.158      72       0  -4.431432400000000e+07   6.194e+08   1.000e+00
     62  137547.700      73       0  -4.431452000000000e+07   6.772e+08   1.000e+00
     63  139456.225      74       0  -4.431470400000000e+07   7.354e+08   1.000e+00
     64  141339.341      75       0  -4.431493600000000e+07   6.239e+08   1.000e+00
     65  143193.771      76       0  -4.431522000000000e+07   6.333e+08   1.000e+00
     66  145108.859      77       0  -4.431539200000000e+07   1.349e+09   1.000e+00
     67  146975.087      78       0  -4.431558400000000e+07   5.449e+08   1.000e+00
     68  148843.159      79       0  -4.431570000000000e+07   4.745e+08   1.000e+00
     69  150744.759      80       0  -4.431587200000000e+07   5.865e+08   1.000e+00
     70  152622.009      81       0  -4.431609200000000e+07   1.010e+09   1.000e+00
     71  154482.621      82       0  -4.431633600000000e+07   6.243e+08   1.000e+00
     72  156404.015      83       0  -4.431646400000000e+07   4.436e+08   1.000e+00
     73  158314.835      84       0  -4.431663200000000e+07   5.661e+08   1.000e+00
     74  160150.617      85       0  -4.431674000000000e+07   9.615e+08   1.000e+00
     75  162033.552      86       0  -4.431684400000000e+07   5.551e+08   1.000e+00
     76  163928.468      87       0  -4.431703200000000e+07   4.619e+08   1.000e+00
     77  165777.526      88       0  -4.431714800000000e+07   4.970e+08   1.000e+00
     78  167695.157      89       0  -4.431737600000000e+07   1.209e+09   1.000e+00
     79  169553.787      90       0  -4.431757600000000e+07   6.602e+08   1.000e+00
     80  171403.029      91       0  -4.431764000000000e+07   3.926e+08   1.000e+00
     81  173294.372      92       0  -4.431773200000000e+07   3.987e+08   1.000e+00
     82  175175.655      93       0  -4.431786000000000e+07   5.957e+08   1.000e+00
     83  177028.115      94       0  -4.431804800000000e+07   6.873e+08   1.000e+00
     84  178932.144      95       0  -4.431819600000000e+07   4.677e+08   1.000e+00
     85  180804.998      96       0  -4.431834000000000e+07   4.333e+08   1.000e+00
     86  182660.394      97       0  -4.431843600000000e+07   4.816e+08   1.000e+00
     87  184553.508      98       0  -4.431854800000000e+07   4.411e+08   1.000e+00
     88  186441.429      99       0  -4.431867600000000e+07   6.515e+08   1.000e+00
     89  188278.397     100       0  -4.431877200000000e+07   4.540e+08   1.000e+00
     90  190170.813     101       0  -4.431884400000000e+07   4.184e+08   1.000e+00
     91  192063.066     102       0  -4.431894000000000e+07   5.516e+08   1.000e+00
     92  193903.456     103       0  -4.431904400000000e+07   6.110e+08   1.000e+00
     93  195797.073     104       0  -4.431912000000000e+07   3.938e+08   1.000e+00
     94  197693.739     105       0  -4.431920800000000e+07   3.688e+08   1.000e+00
     95  199555.712     106       0  -4.431927200000000e+07   4.217e+08   1.000e+00
     96  201456.279     107       0  -4.431936400000000e+07   4.043e+08   1.000e+00
     97  203358.214     108       0  -4.431947200000000e+07   6.547e+08   1.000e+00
     98  205245.947     109       0  -4.431957600000000e+07   4.058e+08   1.000e+00
     99  207109.852     110       0  -4.431965200000000e+07   3.517e+08   1.000e+00
    100  209022.586     111       0  -4.431974000000000e+07   5.865e+08   1.000e+00
    101  210895.546     112       0  -4.431983200000000e+07   5.276e+08   1.000e+00
    102  212764.384     113       0  -4.431988800000000e+07   3.641e+08   1.000e+00
    103  214665.508     114       0  -4.431995600000000e+07   3.456e+08   1.000e+00
    104  216592.258     115       0  -4.432001200000000e+07   4.559e+08   1.000e+00
    105  218444.058     116       0  -4.432007600000000e+07   3.272e+08   1.000e+00
    106  220369.313     117       0  -4.432016400000000e+07   3.832e+08   1.000e+00
    107  222292.666     118       0  -4.432020800000000e+07   7.095e+08   1.000e+00
    108  224147.416     119       0  -4.432025600000000e+07   3.257e+08   1.000e+00
    109  226062.336     120       0  -4.432030400000000e+07   2.797e+08   1.000e+00
    110  228001.661     121       0  -4.432034400000000e+07   3.484e+08   1.000e+00
    111  229922.113     122       0  -4.432044000000000e+07   6.092e+08   1.000e+00
    112  231776.547     123       0  -4.432051200000000e+07   4.953e+08   1.000e+00
    113  233695.432     124       0  -4.432054800000000e+07   2.553e+08   1.000e+00
    114  235584.078     125       0  -4.432058000000000e+07   2.604e+08   1.000e+00
    115  237439.534     126       0  -4.432062000000000e+07   3.120e+08   1.000e+00
    116  239361.997     127       0  -4.432068400000000e+07   6.428e+08   1.000e+00
    117  241285.256     128       0  -4.432073600000000e+07   3.028e+08   1.000e+00
    118  243179.211     129       0  -4.432078000000000e+07   2.760e+08   1.000e+00
    119  245047.046     130       0  -4.432082000000000e+07   2.850e+08   1.000e+00
    120  246984.336     131       0  -4.432086000000000e+07   8.344e+08   1.000e+00
    121  248920.797     132       0  -4.432092400000000e+07   2.785e+08   1.000e+00
    122  250802.876     133       0  -4.432095200000000e+07   2.144e+08   1.000e+00
    123  252742.020     134       0  -4.432098800000000e+07   2.827e+08   1.000e+00
    124  254680.759     135       0  -4.432103200000000e+07   4.355e+08   1.000e+00
    125  256574.403     136       0  -4.432110000000000e+07   3.951e+08   1.000e+00
    126  258442.511     137       0  -4.432114000000000e+07   2.517e+08   1.000e+00
    127  260425.017     138       0  -4.432118000000000e+07   2.765e+08   1.000e+00
    128  262341.719     139       0  -4.432122000000000e+07   3.350e+08   1.000e+00
    129  264197.970     140       0  -4.432126800000000e+07   2.854e+08   1.000e+00
    130  266133.516     141       0  -4.432132000000000e+07   2.508e+08   1.000e+00
    131  268071.912     142       0  -4.432137200000000e+07   4.375e+08   1.000e+00
    132  269976.692     143       0  -4.432141200000000e+07   2.770e+08   1.000e+00
    133  271866.187     144       0  -4.432144400000000e+07   2.366e+08   1.000e+00
    134  273812.297     145       0  -4.432149600000000e+07   3.120e+08   1.000e+00
    135  275751.047     146       0  -4.432154000000000e+07   5.681e+08   1.000e+00
    136  277689.110     147       0  -4.432157200000000e+07   2.813e+08   1.000e+00
    137  279555.120     148       0  -4.432161200000000e+07   2.078e+08   1.000e+00
    138  281491.691     149       0  -4.432164000000000e+07   2.371e+08   1.000e+00
    139  283433.847     150       0  -4.432170000000000e+07   4.943e+08   1.000e+00
    140  285326.798     151       0  -4.432174800000000e+07   2.419e+08   1.000e+00
    141  287219.752     152       0  -4.432178800000000e+07   2.154e+08   1.000e+00
    142  289130.177     153       0  -4.432183200000000e+07   2.793e+08   1.000e+00
    143  291018.134     154       0  -4.432188400000000e+07   6.228e+08   1.000e+00
    144  292888.764     155       0  -4.432193200000000e+07   2.698e+08   1.000e+00
    145  294794.846     156       0  -4.432196400000000e+07   2.114e+08   1.000e+00
    146  296717.219     157       0  -4.432200000000000e+07   2.362e+08   1.000e+00
    147  298594.249     158       0  -4.432205600000000e+07   4.545e+08   1.000e+00
    148  300514.404     159       0  -4.432212000000000e+07   2.778e+08   1.000e+00
    149  302440.199     160       0  -4.432215200000000e+07   2.046e+08   1.000e+00
    150  304333.598     161       0  -4.432219600000000e+07   2.745e+08   1.000e+00
    151  306215.946     162       0  -4.432222800000000e+07   4.432e+08   1.000e+00
    152  308155.584     163       0  -4.432224400000000e+07   2.351e+08   1.000e+00
    153  310087.745     164       0  -4.432227600000000e+07   2.002e+08   1.000e+00
    154  311953.810     165       0  -4.432231200000000e+07   2.274e+08   1.000e+00
    155  313906.333     166       0  -4.432235600000000e+07   5.757e+08   1.000e+00
    156  315859.371     167       0  -4.432239600000000e+07   2.421e+08   1.000e+00
    157  317751.177     168       0  -4.432241600000000e+07   1.841e+08   1.000e+00
    158  319626.741     169       0  -4.432244000000000e+07   2.143e+08   1.000e+00
    159  321570.995     170       0  -4.432247200000000e+07   4.376e+08   1.000e+00
    160  323499.287     171       0  -4.432250800000000e+07   2.563e+08   1.000e+00
    161  325353.924     172       0  -4.432254000000000e+07   2.019e+08   1.000e+00
    162  327281.747     173       0  -4.432257200000000e+07   2.305e+08   1.000e+00
    163  329222.401     174       0  -4.432260400000000e+07   6.221e+08   1.000e+00
    164  331117.903     175       0  -4.432262800000000e+07   2.091e+08   1.000e+00
    165  332992.152     176       0  -4.432263600000000e+07   1.613e+08   1.000e+00
    166  334912.284     177       0  -4.432266400000000e+07   2.069e+08   1.000e+00
    167  336835.510     178       0  -4.432269600000000e+07   2.778e+08   1.000e+00
    168  338729.065     179       0  -4.432272800000000e+07   6.172e+08   1.000e+00
    169  340600.605     180       0  -4.432276000000000e+07   1.957e+08   1.000e+00
    170  342526.215     181       0  -4.432276400000000e+07   1.612e+08   1.000e+00
    171  344470.345     182       0  -4.432279200000000e+07   1.928e+08   1.000e+00
    172  346341.083     183       0  -4.432282000000000e+07   4.174e+08   1.000e+00
    173  348285.801     184       0  -4.432285600000000e+07   2.302e+08   1.000e+00
    174  350211.065     185       0  -4.432287600000000e+07   1.657e+08   1.000e+00
    175  352105.656     186       0  -4.432290000000000e+07   1.927e+08   1.000e+00
    176  354023.951     187       0  -4.432292400000000e+07   4.124e+08   1.000e+00
    177  355955.803     188       0  -4.432295200000000e+07   1.921e+08   1.000e+00
    178  357886.175     189       0  -4.432296800000000e+07   1.651e+08   1.000e+00
    179  359761.913     190       0  -4.432298800000000e+07   2.044e+08   1.000e+00
    180  361699.906     191       0  -4.432302800000000e+07   4.145e+08   1.000e+00
    181  363649.423     192       0  -4.432306400000000e+07   2.332e+08   1.000e+00
    182  365563.638     193       0  -4.432308000000000e+07   1.570e+08   1.000e+00
    183  367478.170     194       0  -4.432310400000000e+07   1.851e+08   1.000e+00
    184  369378.920     195       0  -4.432312800000000e+07   3.225e+08   1.000e+00
    185  371309.161     196       0  -4.432314800000000e+07   1.955e+08   1.000e+00
    186  373248.195     197       0  -4.432317600000000e+07   1.679e+08   1.000e+00
    187  375125.532     198       0  -4.432319200000000e+07   2.021e+08   1.000e+00
    188  377070.970     199       0  -4.432322400000000e+07   3.514e+08   1.000e+00
    189  379015.767     200       0  -4.432323600000000e+07   1.812e+08   1.000e+00
    190  380954.035     201       0  -4.432325600000000e+07   1.650e+08   1.000e+00
    191  382833.610     202       0  -4.432326800000000e+07   1.788e+08   1.000e+00
    192  384757.177     203       0  -4.432328000000000e+07   5.843e+08   1.000e+00
    193  386685.996     204       0  -4.432330400000000e+07   1.833e+08   1.000e+00
    194  388553.127     205       0  -4.432332000000000e+07   1.214e+08   1.000e+00
    195  390472.732     206       0  -4.432332800000000e+07   1.607e+08   1.000e+00
    196  392418.650     207       0  -4.432335200000000e+07   1.919e+08   1.000e+00
    197  394368.499     208       0  -4.432337200000000e+07   5.173e+08   1.000e+00
    198  396262.423     209       0  -4.432339600000000e+07   1.498e+08   1.000e+00
    199  398127.994     210       0  -4.432340000000000e+07   1.284e+08   1.000e+00
    200  400069.216     211       0  -4.432342400000000e+07   1.575e+08   1.000e+00
    201  402008.338     212       0  -4.432344800000000e+07   3.577e+08   1.000e+00
    202  403878.022     213       0  -4.432347200000000e+07   2.142e+08   1.000e+00
    203  405791.335     214       0  -4.432349200000000e+07   1.493e+08   1.000e+00
    204  407739.800     215       0  -4.432351200000000e+07   1.898e+08   1.000e+00
    205  409667.640     216       0  -4.432352400000000e+07   2.008e+08   1.000e+00
    206  411555.419     217       0  -4.432354400000000e+07   1.657e+08   1.000e+00
    207  413488.030     218       0  -4.432356800000000e+07   1.707e+08   1.000e+00
    208  415430.017     219       0  -4.432358000000000e+07   1.862e+08   1.000e+00
    209  417379.687     220       0  -4.432360000000000e+07   1.900e+08   1.000e+00
    210  419259.628     221       0  -4.432362400000000e+07   1.875e+08   1.000e+00
    211  421193.057     222       0  -4.432364400000000e+07   1.687e+08   1.000e+00
    212  423132.102     223       0  -4.432365600000000e+07   1.639e+08   1.000e+00
    213  425067.864     224       0  -4.432366800000000e+07   1.347e+08   1.000e+00
    214  426962.446     225       0  -4.432368800000000e+07   1.481e+08   1.000e+00
    215  428844.647     226       0  -4.432370000000000e+07   2.144e+08   1.000e+00
    216  430779.511     227       0  -4.432371600000000e+07   1.383e+08   1.000e+00
    217  432712.681     228       0  -4.432372800000000e+07   1.298e+08   1.000e+00
    218  434591.723     229       0  -4.432375200000000e+07   1.963e+08   1.000e+00
    219  436495.559     230       0  -4.432376000000000e+07   1.749e+08   1.000e+00
    220  438450.451     231       0  -4.432377200000000e+07   1.297e+08   1.000e+00
    221  440397.356     232       0  -4.432378400000000e+07   1.445e+08   1.000e+00
    222  442303.728     233       0  -4.432379200000000e+07   1.710e+08   1.000e+00
    223  444206.617     234       0  -4.432380800000000e+07   1.432e+08   1.000e+00
    224  446158.621     235       0  -4.432383200000000e+07   1.986e+08   1.000e+00
    225  448097.075     236       0  -4.432384800000000e+07   2.717e+08   1.000e+00
    226  450017.751     237       0  -4.432385600000000e+07   1.313e+08   1.000e+00
    227  451894.080     238       0  -4.432386400000000e+07   1.126e+08   1.000e+00
    228  453841.529     239       0  -4.432387600000000e+07   1.504e+08   1.000e+00
    229  455790.085     240       0  -4.432389600000000e+07   2.492e+08   1.000e+00
    230  457730.355     241       0  -4.432390400000000e+07   1.951e+08   1.000e+00
    231  459613.099     242       0  -4.432392000000000e+07   1.494e+08   1.000e+00
    232  461548.442     243       0  -4.432394000000000e+07   1.781e+08   1.000e+00
    233  463489.774     244       0  -4.432394400000000e+07   2.576e+08   1.000e+00
    234  465420.798     245       0  -4.432395200000000e+07   1.424e+08   1.000e+00
    235  467291.992     246       0  -4.432396000000000e+07   1.258e+08   1.000e+00
    236  469241.239     247       0  -4.432396800000000e+07   1.455e+08   1.000e+00
    237  471182.183     248       0  -4.432397600000000e+07   2.022e+08   1.000e+00
    238  473109.526     249       0  -4.432398400000000e+07   2.589e+08   1.000e+00
    239  510083.275     269       0  -4.432398400000000e+07   2.589e+08   1.904e-06
# Termination: function reduction test satisfied
# Iter.   Time (ms)    Eval. Reject.       Obj. Func.           Grad.       Step
# ---------------------------------------------------------------------------------
      0    1838.102       1       0  -4.361770800000000e+07   4.285e+09   0.000e+00
      1   22155.645      12       0  -4.363114000000000e+07   5.758e+09   1.041e-15
      2   24040.471      13       0  -4.364009600000000e+07   3.883e+09   1.000e+00
      3   25916.826      14       0  -4.364922000000000e+07   3.693e+09   1.000e+00
      4   27770.900      15       0  -4.365856000000000e+07   4.989e+09   1.000e+00
      5   29666.156      16       0  -4.366611200000000e+07   3.765e+09   1.000e+00
      6   31538.031      17       0  -4.367074400000000e+07   2.866e+09   1.000e+00
      7   33384.365      18       0  -4.367613200000000e+07   2.942e+09   1.000e+00
      8   35309.011      19       0  -4.368118400000000e+07   4.287e+09   1.000e+00
      9   37229.979      20       0  -4.368498000000000e+07   2.611e+09   1.000e+00
     10   39105.222      21       0  -4.368867200000000e+07   2.224e+09   1.000e+00
     11   41031.982      22       0  -4.369145600000000e+07   2.675e+09   1.000e+00
     12   42951.783      23       0  -4.369476800000000e+07   2.166e+09   1.000e+00
     13   44809.630      24       0  -4.369712800000000e+07   2.370e+09   1.000e+00
     14   46727.661      25       0  -4.369910000000000e+07   1.833e+09   1.000e+00
     15   48637.266      26       0  -4.370076000000000e+07   1.992e+09   1.000e+00
     16   50515.033      27       0  -4.370225200000000e+07   2.188e+09   1.000e+00
     17   52394.519      28       0  -4.370351200000000e+07   1.461e+09   1.000e+00
     18   54319.053      29       0  -4.370488400000000e+07   1.415e+09   1.000e+00
     19   56216.019      30       0  -4.370612000000000e+07   2.372e+09   1.000e+00
     20   58083.898      31       0  -4.370731600000000e+07   1.390e+09   1.000e+00
     21   60013.743      32       0  -4.370835600000000e+07   1.250e+09   1.000e+00
     22   61930.189      33       0  -4.370929600000000e+07   1.577e+09   1.000e+00
     23   63790.153      34       0  -4.371034800000000e+07   1.493e+09   1.000e+00
     24   65699.081      35       0  -4.371120800000000e+07   1.543e+09   1.000e+00
     25   67629.014      36       0  -4.371192000000000e+07   1.135e+09   1.000e+00
     26   69508.915      37       0  -4.371260800000000e+07   1.240e+09   1.000e+00
     27   71380.931      38       0  -4.371312400000000e+07   1.675e+09   1.000e+00
     28   73304.167      39       0  -4.371362000000000e+07   1.016e+09   1.000e+00
     29   75196.363      40       0  -4.371423200000000e+07   9.577e+08   1.000e+00
     30   77074.239      41       0  -4.371471600000000e+07   1.111e+09   1.000e+00
     31   79003.629      42       0  -4.371529600000000e+07   1.653e+09   1.000e+00
     32   80890.791      43       0  -4.371572000000000e+07   1.004e+09   1.000e+00
     33   82764.073      44       0  -4.371595600000000e+07   8.719e+08   1.000e+00
     34   84684.786      45       0  -4.371634400000000e+07   9.234e+08   1.000e+00
     35   86568.716      46       0  -4.371647200000000e+07   2.356e+09   1.000e+00
     36   88442.931      47       0  -4.371692000000000e+07   9.190e+08   1.000e+00
     37   90366.479      48       0  -4.371714800000000e+07   6.631e+08   1.000e+00
     38   92271.973      49       0  -4.371733200000000e+07   7.612e+08   1.000e+00
     39   94124.811      50       0  -4.371765600000000e+07   1.099e+09   1.000e+00
     40   96047.458      51       0  -4.371788800000000e+07   1.534e+09   1.000e+00
     41   97968.093      52       0  -4.371821600000000e+07   7.111e+08   1.000e+00
     42   99857.644      53       0  -4.371847600000000e+07   7.397e+08   1.000e+00
     43  101721.605      54       0  -4.371868800000000e+07   8.159e+08   1.000e+00
     44  103652.745      55       0  -4.371882400000000e+07   1.786e+09   1.000e+00
     45  105559.484      56       0  -4.371913200000000e+07   6.489e+08   1.000e+00
     46  107431.127      57       0  -4.371926000000000e+07   6.105e+08   1.000e+00
     47  109354.722      58       0  -4.371943600000000e+07   7.254e+08   1.000e+00
     48  111281.821      59       0  -4.371967200000000e+07   1.369e+09   1.000e+00
     49  113138.474      60       0  -4.371990400000000e+07   7.815e+08   1.000e+00
     50  115060.045      61       0  -4.372004400000000e+07   5.444e+08   1.000e+00
     51  116972.004      62       0  -4.372024000000000e+07   5.557e+08   1.000e+00
     52  118845.979      63       0  -4.372036400000000e+07   1.182e+09   1.000e+00
     53  120733.892      64       0  -4.372052800000000e+07   6.775e+08   1.000e+00
     54  122672.800      65       0  -4.372068800000000e+07   5.238e+08   1.000e+00
     55  124585.124      66       0  -4.372081600000000e+07   5.834e+08   1.000e+00
     56  126456.317      67       0  -4.372097600000000e+07   1.417e+09   1.000e+00
     57  128403.226      68       0  -4.372118000000000e+07   5.885e+08   1.000e+00
     58  130321.632      69       0  -4.372126400000000e+07   4.519e+08   1.000e+00
     59  132179.177      70       0  -4.372141200000000e+07   5.374e+08   1.000e+00
     60  134100.612      71       0  -4.372160000000000e+07   7.231e+08   1.000e+00
     61  136026.547      72       0  -4.372182000000000e+07   9.170e+08   1.000e+00
     62  137869.269      73       0  -4.372196800000000e+07   4.829e+08   1.000e+00
     63  139781.658      74       0  -4.372209200000000e+07   4.799e+08   1.000e+00
     64  141700.358      75       0  -4.372221200000000e+07   5.207e+08   1.000e+00
     65  143586.026      76       0  -4.372235200000000e+07   1.080e+09   1.000e+00
     66  145467.380      77       0  -4.372248800000000e+07   4.377e+08   1.000e+00
     67  147380.540      78       0  -4.372256400000000e+07   4.156e+08   1.000e+00
     68  149256.286      79       0  -4.372268000000000e+07   4.660e+08   1.000e+00
     69  151132.395      80       0  -4.372282000000000e+07   1.101e+09   1.000e+00
     70  153045.125      81       0  -4.372296800000000e+07   4.568e+08   1.000e+00
     71  154952.546      82       0  -4.372304800000000e+07   3.722e+08   1.000e+00
     72  156788.404      83       0  -4.372315600000000e+07   4.300e+08   1.000e+00
     73  158680.543      84       0  -4.372329200000000e+07   8.134e+08   1.000e+00
     74  160572.918      85       0  -4.372342400000000e+07   4.159e+08   1.000e+00
     75  162433.282      86       0  -4.372348800000000e+07   3.425e+08   1.000e+00
     76  164331.331      87       0  -4.372360000000000e+07   4.086e+08   1.000e+00
     77  166240.411      88       0  -4.372371600000000e+07   9.380e+08   1.000e+00
     78  168122.014      89       0  -4.372380800000000e+07   4.592e+08   1.000e+00
     79  169998.648      90       0  -4.372388800000000e+07   3.334e+08   1.000e+00
     80  171905.177      91       0  -4.372396400000000e+07   3.757e+08   1.000e+00
     81  173791.469      92       0  -4.372409600000000e+07   5.636e+08   1.000e+00
     82  175659.594      93       0  -4.372420000000000e+07   7.509e+08   1.000e+00
     83  177585.227      94       0  -4.372424800000000e+07   3.144e+08   1.000e+00
     84  179494.370      95       0  -4.372428800000000e+07   3.067e+08   1.000e+00
     85  181356.735      96       0  -4.372433600000000e+07   3.917e+08   1.000e+00
     86  183272.599      97       0  -4.372443200000000e+07   7.966e+08   1.000e+00
     87  185176.541      98       0  -4.372452800000000e+07   4.186e+08   1.000e+00
     88  187079.687      99       0  -4.372457600000000e+07   2.865e+08   1.000e+00
     89  188922.456     100       0  -4.372462400000000e+07   3.201e+08   1.000e+00
     90  190821.754     101       0  -4.372467600000000e+07   4.438e+08   1.000e+00
     91  192723.235     102       0  -4.372473600000000e+07   3.136e+08   1.000e+00
     92  194542.534     103       0  -4.372478400000000e+07   2.787e+08   1.000e+00
     93  196454.204     104       0  -4.372482000000000e+07   3.751e+08   1.000e+00
     94  198367.896     105       0  -4.372485600000000e+07   3.982e+08   1.000e+00
     95  200224.404     106       0  -4.372488800000000e+07   3.020e+08   1.000e+00
     96  202110.369     107       0  -4.372493600000000e+07   3.845e+08   1.000e+00
     97  204015.235     108       0  -4.372496800000000e+07   3.370e+08   1.000e+00
     98  205891.368     109       0  -4.372499200000000e+07   2.945e+08   1.000e+00
     99  207752.352     110       0  -4.372503600000000e+07   4.731e+08   1.000e+00
    100  209672.941     111       0  -4.372506800000000e+07   3.797e+08   1.000e+00
    101  211566.092     112       0  -4.372508800000000e+07   2.507e+08   1.000e+00
    102  213446.085     113       0  -4.372511200000000e+07   1.959e+08   1.000e+00
    103  215363.108     114       0  -4.372513600000000e+07   2.758e+08   1.000e+00
    104  217283.002     115       0  -4.372517600000000e+07   3.269e+08   1.000e+00
    105  219153.328     116       0  -4.372521600000000e+07   3.734e+08   1.000e+00
    106  221059.066     117       0  -4.372525200000000e+07   2.750e+08   1.000e+00
    107  222991.601     118       0  -4.372530400000000e+07   2.430e+08   1.000e+00
    108  224878.530     119       0  -4.372534400000000e+07   3.846e+08   1.000e+00
    109  226749.897     120       0  -4.372538000000000e+07   2.464e+08   1.000e+00
    110  228666.728     121       0  -4.372540800000000e+07   2.230e+08   1.000e+00
    111  230586.476     122       0  -4.372542800000000e+07   2.354e+08   1.000e+00
    112  232446.164     123       0  -4.372545600000000e+07   2.171e+08   1.000e+00
    113  234366.633     124       0  -4.372548000000000e+07   2.520e+08   1.000e+00
    114  236279.367     125       0  -4.372550800000000e+07   2.546e+08   1.000e+00
    115  238140.462     126       0  -4.372553600000000e+07   2.171e+08   1.000e+00
    116  240063.217     127       0  -4.372555600000000e+07   2.178e+08   1.000e+00
    117  241982.527     128       0  -4.372558000000000e+07   2.152e+08   1.000e+00
    118  243881.672     129       0  -4.372560000000000e+07   1.867e+08   1.000e+00
    119  245741.793     130       0  -4.372562000000000e+07   2.056e+08   1.000e+00
    120  247659.589     131       0  -4.372564400000000e+07   2.688e+08   1.000e+00
    121  249574.517     132       0  -4.372565600000000e+07   1.689e+08   1.000e+00
    122  251454.861     133       0  -4.372567200000000e+07   1.647e+08   1.000e+00
    123  253328.076     134       0  -4.372569600000000e+07   2.678e+08   1.000e+00
    124  255266.447     135       0  -4.372572400000000e+07   2.225e+08   1.000e+00
    125  257182.919     136       0  -4.372574800000000e+07   1.960e+08   1.000e+00
    126  259058.804     137       0  -4.372577200000000e+07   1.939e+08   1.000e+00
    127  260954.923     138       0  -4.372579200000000e+07   1.747e+08   1.000e+00
    128  262876.779     139       0  -4.372581600000000e+07   2.052e+08   1.000e+00
    129  264754.733     140       0  -4.372584800000000e+07   2.860e+08   1.000e+00
    130  266638.290     141       0  -4.372587200000000e+07   2.440e+08   1.000e+00
    131  268584.079     142       0  -4.372589600000000e+07   1.873e+08   1.000e+00
    132  270518.841     143       0  -4.372592000000000e+07   1.742e+08   1.000e+00
    133  272385.525     144       0  -4.372594800000000e+07   2.497e+08   1.000e+00
    134  274289.501     145       0  -4.372597200000000e+07   1.748e+08   1.000e+00
    135  276232.576     146       0  -4.372599600000000e+07   1.693e+08   1.000e+00
    136  278172.216     147       0  -4.372601600000000e+07   2.551e+08   1.000e+00
    137  280026.499     148       0  -4.372604000000000e+07   1.490e+08   1.000e+00
    138  281957.161     149       0  -4.372605600000000e+07   1.501e+08   1.000e+00
    139  283882.001     150       0  -4.372608400000000e+07   1.842e+08   1.000e+00
    140  285732.405     151       0  -4.372611600000000e+07   2.158e+08   1.000e+00
    141  287651.852     152       0  -4.372615200000000e+07   3.026e+08   1.000e+00
    142  289545.721     153       0  -4.372618000000000e+07   1.719e+08   1.000e+00
    143  291391.444     154       0  -4.372620400000000e+07   1.475e+08   1.000e+00
    144  293303.653     155       0  -4.372622000000000e+07   2.058e+08   1.000e+00
    145  295225.990     156       0  -4.372624800000000e+07   1.467e+08   1.000e+00
    146  297123.769     157       0  -4.372627600000000e+07   1.607e+08   1.000e+00
    147  299000.230     158       0  -4.372632000000000e+07   3.102e+08   1.000e+00
    148  300936.304     159       0  -4.372633600000000e+07   1.382e+08   1.000e+00
    149  302883.918     160       0  -4.372634800000000e+07   1.256e+08   1.000e+00
    150  304782.276     161       0  -4.372636400000000e+07   1.577e+08   1.000e+00
    151  306656.086     162       0  -4.372638400000000e+07   3.320e+08   1.000e+00
    152  308607.362     163       0  -4.372640800000000e+07   1.728e+08   1.000e+00
    153  310536.540     164       0  -4.372642800000000e+07   1.351e+08   1.000e+00
    154  312386.976     165       0  -4.372644400000000e+07   1.545e+08   1.000e+00
    155  314314.976     166       0  -4.372646000000000e+07   3.894e+08   1.000e+00
    156  316273.489     167       0  -4.372646800000000e+07   1.351e+08   1.000e+00
    157  318172.270     168       0  -4.372647600000000e+07   1.091e+08   1.000e+00
    158  320043.121     169       0  -4.372648400000000e+07   1.475e+08   1.000e+00
    159  321971.921     170       0  -4.372649600000000e+07   1.927e+08   1.000e+00
    160  323883.778     171       0  -4.372650400000000e+07   4.627e+08   1.000e+00
    161  325750.290     172       0  -4.372652000000000e+07   1.449e+08   1.000e+00
    162  360992.861     191       0  -4.372652000000000e+07   1.449e+08   3.808e-06
# Termination: function reduction test satisfied
# Iter.   Time (ms)    Eval. Reject.       Obj. Func.           Grad.       Step
# ---------------------------------------------------------------------------------
      0    1874.773       1       0  -3.776546000000000e+07   4.285e+09   0.000e+00
      1   18607.065      10       0  -3.777874800000000e+07   5.686e+09   1.030e-15
      2   20501.205      11       0  -3.778744400000000e+07   3.797e+09   1.000e+00
      3   22399.122      12       0  -3.779587600000000e+07   3.525e+09   1.000e+00
      4   24248.197      13       0  -3.780454400000000e+07   4.683e+09   1.000e+00
      5   26163.441      14       0  -3.781134800000000e+07   3.549e+09   1.000e+00
      6   28091.256      15       0  -3.781523600000000e+07   2.640e+09   1.000e+00
      7   29976.878      16       0  -3.781978400000000e+07   2.641e+09   1.000e+00
      8   31846.182      17       0  -3.782413600000000e+07   3.909e+09   1.000e+00
      9   33797.991      18       0  -3.782732800000000e+07   2.356e+09   1.000e+00
     10   35707.647      19       0  -3.783033200000000e+07   1.988e+09   1.000e+00
     11   37567.320      20       0  -3.783270800000000e+07   2.401e+09   1.000e+00
     12   39486.686      21       0  -3.783548400000000e+07   1.991e+09   1.000e+00
     13   41399.796      22       0  -3.783733200000000e+07   2.022e+09   1.000e+00
     14   43259.286      23       0  -3.783888400000000e+07   1.619e+09   1.000e+00
     15   45155.335      24       0  -3.784024000000000e+07   1.867e+09   1.000e+00
     16   47072.312      25       0  -3.784147600000000e+07   1.764e+09   1.000e+00
     17   48965.987      26       0  -3.784242400000000e+07   1.244e+09   1.000e+00
     18   50848.683      27       0  -3.784356000000000e+07   1.234e+09   1.000e+00
     19   52763.916      28       0  -3.784444000000000e+07   2.289e+09   1.000e+00
     20   54676.664      29       0  -3.784518800000000e+07   1.188e+09   1.000e+00
     21   56534.962      30       0  -3.784587600000000e+07   1.007e+09   1.000e+00
     22   58444.073      31       0  -3.784647200000000e+07   1.125e+09   1.000e+00
     23   60337.656      32       0  -3.784716400000000e+07   2.876e+09   1.000e+00
     24   62206.755      33       0  -3.784793600000000e+07   9.762e+08   1.000e+00
     25   64113.889      34       0  -3.784818400000000e+07   8.082e+08   1.000e+00
     26   66053.502      35       0  -3.784865600000000e+07   8.934e+08   1.000e+00
     27   67928.666      36       0  -3.784916400000000e+07   1.665e+09   1.000e+00
     28   69797.999      37       0  -3.784963200000000e+07   9.444e+08   1.000e+00
     29   71712.116      38       0  -3.784983600000000e+07   6.742e+08   1.000e+00
     30   73615.067      39       0  -3.785010800000000e+07   8.017e+08   1.000e+00
     31   75488.096      40       0  -3.785029600000000e+07   1.479e+09   1.000e+00
     32   77437.008      41       0  -3.785054400000000e+07   7.743e+08   1.000e+00
     33   79359.949      42       0  -3.785076800000000e+07   6.397e+08   1.000e+00
     34   81202.634      43       0  -3.785091200000000e+07   6.537e+08   1.000e+00
     35   83127.687      44       0  -3.785098800000000e+07   1.786e+09   1.000e+00
     36   85042.048      45       0  -3.785127200000000e+07   6.216e+08   1.000e+00
     37   86882.096      46       0  -3.785137600000000e+07   5.045e+08   1.000e+00
     38   88812.642      47       0  -3.785152400000000e+07   6.143e+08   1.000e+00
     39   90726.140      48       0  -3.785157200000000e+07   1.697e+09   1.000e+00
     40   92628.790      49       0  -3.785177600000000e+07   6.692e+08   1.000e+00
     41   94504.510      50       0  -3.785187200000000e+07   4.396e+08   1.000e+00
     42   96443.909      51       0  -3.785196000000000e+07   5.252e+08   1.000e+00
     43   98372.868      52       0  -3.785212800000000e+07   6.237e+08   1.000e+00
     44  100233.834      53       0  -3.785218800000000e+07   1.726e+09   1.000e+00
     45  102165.722      54       0  -3.785243600000000e+07   4.996e+08   1.000e+00
     46  104112.741      55       0  -3.785251600000000e+07   3.722e+08   1.000e+00
     47  105994.984      56       0  -3.785265600000000e+07   4.514e+08   1.000e+00
     48  107852.900      57       0  -3.785283600000000e+07   8.893e+08   1.000e+00
     49  109778.486      58       0  -3.785301600000000e+07   5.229e+08   1.000e+00
     50  111654.691      59       0  -3.785311600000000e+07   3.652e+08   1.000e+00
     51  113530.411      60       0  -3.785323200000000e+07   4.709e+08   1.000e+00
     52  115439.642      61       0  -3.785335200000000e+07   5.382e+08   1.000e+00
     53  117360.202      62       0  -3.785346400000000e+07   4.014e+08   1.000e+00
     54  119235.136      63       0  -3.785360800000000e+07   3.940e+08   1.000e+00
     55  121175.344      64       0  -3.785372400000000e+07   5.829e+08   1.000e+00
     56  123109.098      65       0  -3.785380000000000e+07   3.540e+08   1.000e+00
     57  125064.603      66       0  -3.785390800000000e+07   3.278e+08   1.000e+00
     58  126942.484      67       0  -3.785401200000000e+07   3.746e+08   1.000e+00
     59  128879.716      68       0  -3.785419600000000e+07   7.339e+08   1.000e+00
     60  130812.369      69       0  -3.785427600000000e+07   3.078e+08   1.000e+00
     61  132715.325      70       0  -3.785432800000000e+07   2.878e+08   1.000e+00
     62  134591.514      71       0  -3.785439600000000e+07   3.270e+08   1.000e+00
     63  136524.951      72       0  -3.785449600000000e+07   9.630e+08   1.000e+00
     64  138430.610      73       0  -3.785458000000000e+07   3.228e+08   1.000e+00
     65  140293.279      74       0  -3.785462400000000e+07   2.284e+08   1.000e+00
     66  142225.777      75       0  -3.785468800000000e+07   2.783e+08   1.000e+00
     67  144182.368      76       0  -3.785478400000000e+07   3.350e+08   1.000e+00
     68  146086.796      77       0  -3.785488800000000e+07   9.383e+08   1.000e+00
     69  147963.783      78       0  -3.785492800000000e+07   2.256e+08   1.000e+00
     70  149913.151      79       0  -3.785493600000000e+07   1.956e+08   1.000e+00
     71  151835.128      80       0  -3.785496800000000e+07   2.450e+08   1.000e+00
     72  153763.001      81       0  -3.785501600000000e+07   5.919e+08   1.000e+00
     73  155652.772      82       0  -3.785506000000000e+07   2.918e+08   1.000e+00
     74  157607.734      83       0  -3.785508800000000e+07   2.063e+08   1.000e+00
     75  159568.134      84       0  -3.785511200000000e+07   2.308e+08   1.000e+00
     76  161484.169      85       0  -3.785514400000000e+07   3.514e+08   1.000e+00
     77  163363.080      86       0  -3.785516000000000e+07   3.074e+08   1.000e+00
     78  165317.747      87       0  -3.785516800000000e+07   1.922e+08   1.000e+00
     79  167252.382      88       0  -3.785517600000000e+07   2.015e+08   1.000e+00
     80  169132.343      89       0  -3.785518400000000e+07   2.401e+08   1.000e+00
     81  171056.459      90       0  -3.785518800000000e+07   2.658e+08   1.000e+00
     82  173025.139      91       0  -3.785520000000000e+07   2.043e+08   1.000e+00
     83  174969.668      92       0  -3.785520800000000e+07   1.747e+08   1.000e+00
     84  176842.199      93       0  -3.785522800000000e+07   2.117e+08   1.000e+00
     85  178779.470      94       0  -3.785523600000000e+07   2.472e+08   1.000e+00
     86  180729.674      95       0  -3.785525200000000e+07   1.929e+08   1.000e+00
     87  182687.036      96       0  -3.785525600000000e+07   1.676e+08   1.000e+00
     88  184587.375      97       0  -3.785526800000000e+07   2.250e+08   1.000e+00
     89  186500.259      98       0  -3.785528000000000e+07   1.455e+08   1.000e+00
     90  188435.773      99       0  -3.785528800000000e+07   1.454e+08   1.000e+00
     91  190388.032     100       0  -3.785530400000000e+07   1.970e+08   1.000e+00
     92  192303.471     101       0  -3.785532000000000e+07   1.907e+08   1.000e+00
     93  194202.193     102       0  -3.785532800000000e+07   1.565e+08   1.000e+00
     94  196145.498     103       0  -3.785535200000000e+07   1.871e+08   1.000e+00
     95  198052.848     104       0  -3.785536000000000e+07   2.238e+08   1.000e+00
     96  199906.313     105       0  -3.785537200000000e+07   1.384e+08   1.000e+00
     97  201840.594     106       0  -3.785538400000000e+07   1.126e+08   1.000e+00
     98  203762.122     107       0  -3.785540000000000e+07   1.529e+08   1.000e+00
     99  205628.929     108       0  -3.785542800000000e+07   1.758e+08   1.000e+00
    100  207543.346     109       0  -3.785544000000000e+07   1.479e+08   1.000e+00
    101  209487.295     110       0  -3.785546000000000e+07   1.324e+08   1.000e+00
    102  211415.932     111       0  -3.785548400000000e+07   1.644e+08   1.000e+00
    103  213288.037     112       0  -3.785550400000000e+07   1.867e+08   1.000e+00
    104  215223.580     113       0  -3.785551200000000e+07   1.261e+08   1.000e+00
    105  217165.063     114       0  -3.785552800000000e+07   1.046e+08   1.000e+00
    106  219119.148     115       0  -3.785553600000000e+07   1.436e+08   1.000e+00
    107  221004.580     116       0  -3.785556000000000e+07   1.039e+08   1.000e+00
    108  222951.682     117       0  -3.785557600000000e+07   1.222e+08   1.000e+00
    109  224900.443     118       0  -3.785558800000000e+07   1.643e+08   1.000e+00
    110  226803.777     119       0  -3.785559200000000e+07   1.010e+08   1.000e+00
    111  228694.801     120       0  -3.785560000000000e+07   9.131e+07   1.000e+00
    112  232519.672     122       0  -3.785560400000000e+07   9.959e+07   5.000e-01
    113  234374.921     123       0  -3.785560800000000e+07   1.136e+08   1.000e+00
    114  236283.668     124       0  -3.785561200000000e+07   2.792e+08   1.000e+00
    115  238186.358     125       0  -3.785561600000000e+07   1.120e+08   1.000e+00
    116  269841.311     142       0  -3.785561600000000e+07   1.120e+08   6.094e-06
# Termination: function reduction test satisfied
# Iter.   Time (ms)    Eval. Reject.       Obj. Func.           Grad.       Step
# ---------------------------------------------------------------------------------
      0    1874.240       1       0  -4.426789600000000e+07   4.285e+09   0.000e+00
      1   24211.902      13       0  -4.428127600000000e+07   5.997e+09   1.081e-15
      2   26103.737      14       0  -4.429018000000000e+07   3.861e+09   1.000e+00
      3   27979.216      15       0  -4.429889200000000e+07   3.649e+09   1.000e+00
      4   29851.701      16       0  -4.430828400000000e+07   4.841e+09   1.000e+00
      5   31774.104      17       0  -4.431617200000000e+07   4.171e+09   1.000e+00
      6   33643.111      18       0  -4.432074400000000e+07   2.865e+09   1.000e+00
      7   35487.649      19       0  -4.432594000000000e+07   2.806e+09   1.000e+00
      8   37366.615      20       0  -4.433087200000000e+07   3.813e+09   1.000e+00
      9   39230.134      21       0  -4.433553600000000e+07   2.709e+09   1.000e+00
     10   41100.008      22       0  -4.433948800000000e+07   2.574e+09   1.000e+00
     11   43021.071      23       0  -4.434224400000000e+07   2.615e+09   1.000e+00
     12   44861.308      24       0  -4.434448400000000e+07   2.032e+09   1.000e+00
     13   46752.801      25       0  -4.434729200000000e+07   2.218e+09   1.000e+00
     14   48650.074      26       0  -4.434944800000000e+07   2.701e+09   1.000e+00
     15   50495.268      27       0  -4.435120000000000e+07   1.851e+09   1.000e+00
     16   52407.601      28       0  -4.435316000000000e+07   1.649e+09   1.000e+00
     17   54298.342      29       0  -4.435466800000000e+07   2.314e+09   1.000e+00
     18   56147.558      30       0  -4.435611600000000e+07   1.647e+09   1.000e+00
     19   58052.175      31       0  -4.435782400000000e+07   1.753e+09   1.000e+00
     20   59954.351      32       0  -4.435898400000000e+07   1.896e+09   1.000e+00
     21   61798.611      33       0  -4.435992800000000e+07   1.537e+09   1.000e+00
     22   63713.442      34       0  -4.436146400000000e+07   1.853e+09   1.000e+00
     23   65617.426      35       0  -4.436248400000000e+07   2.293e+09   1.000e+00
     24   67492.306      36       0  -4.436313600000000e+07   1.391e+09   1.000e+00
     25   69343.114      37       0  -4.436399200000000e+07   1.056e+09   1.000e+00
     26   71242.767      38       0  -4.436472800000000e+07   1.290e+09   1.000e+00
     27   73141.843      39       0  -4.436560800000000e+07   2.418e+09   1.000e+00
     28   75000.196      40       0  -4.436640000000000e+07   1.225e+09   1.000e+00
     29   76901.583      41       0  -4.436676400000000e+07   1.070e+09   1.000e+00
     30   78795.244      42       0  -4.436736400000000e+07   1.133e+09   1.000e+00
     31   80640.254      43       0  -4.436758400000000e+07   3.386e+09   1.000e+00
     32   82530.985      44       0  -4.436842000000000e+07   1.158e+09   1.000e+00
     33   84442.738      45       0  -4.436875600000000e+07   7.526e+08   1.000e+00
     34   86296.667      46       0  -4.436914000000000e+07   9.476e+08   1.000e+00
     35   88202.420      47       0  -4.436972800000000e+07   1.143e+09   1.000e+00
     36   90101.575      48       0  -4.437004800000000e+07   3.050e+09   1.000e+00
     37   91924.370      49       0  -4.437090400000000e+07   8.688e+08   1.000e+00
     38   93818.784      50       0  -4.437114400000000e+07   7.640e+08   1.000e+00
     39   95722.275      51       0  -4.437158000000000e+07   9.368e+08   1.000e+00
     40   97589.512      52       0  -4.437190400000000e+07   2.663e+09   1.000e+00
     41   99468.269      53       0  -4.437248400000000e+07   1.057e+09   1.000e+00
     42  101372.240      54       0  -4.437282400000000e+07   7.262e+08   1.000e+00
     43  103255.257      55       0  -4.437311600000000e+07   8.752e+08   1.000e+00
     44  105121.404      56       0  -4.437364800000000e+07   1.086e+09   1.000e+00
     45  107022.078      57       0  -4.437390000000000e+07   2.776e+09   1.000e+00
     46  108896.487      58       0  -4.437454400000000e+07   8.525e+08   1.000e+00
     47  110756.503      59       0  -4.437474400000000e+07   6.496e+08   1.000e+00
     48  112672.711      60       0  -4.437506800000000e+07   7.919e+08   1.000e+00
     49  114582.137      61       0  -4.437552000000000e+07   1.246e+09   1.000e+00
     50  116437.052      62       0  -4.437596800000000e+07   1.000e+09   1.000e+00
     51  118326.282      63       0  -4.437624400000000e+07   7.118e+08   1.000e+00
     52  120227.264      64       0  -4.437654000000000e+07   8.114e+08   1.000e+00
     53  122071.367      65       0  -4.437681200000000e+07   9.734e+08   1.000e+00
     54  123963.442      66       0  -4.437712400000000e+07   7.105e+08   1.000e+00
     55  125854.918      67       0  -4.437750000000000e+07   7.165e+08   1.000e+00
     56  127702.547      68       0  -4.437777200000000e+07   1.461e+09   1.000e+00
     57  129610.879      69       0  -4.437804400000000e+07   6.877e+08   1.000e+00
     58  131520.536      70       0  -4.437824400000000e+07   6.520e+08   1.000e+00
     59  133411.311      71       0  -4.437851600000000e+07   7.725e+08   1.000e+00
     60  135292.835      72       0  -4.437887200000000e+07   1.451e+09   1.000e+00
     61  137212.959      73       0  -4.437925600000000e+07   7.699e+08   1.000e+00
     62  139091.908      74       0  -4.437948400000000e+07   5.645e+08   1.000e+00
     63  140961.933      75       0  -4.437971200000000e+07   7.112e+08   1.000e+00
     64  142863.235      76       0  -4.437995200000000e+07   1.164e+09   1.000e+00
     65  144741.891      77       0  -4.438017600000000e+07   7.037e+08   1.000e+00
     66  146609.652      78       0  -4.438047600000000e+07   6.084e+08   1.000e+00
     67  148525.180      79       0  -4.438068000000000e+07   6.750e+08   1.000e+00
     68  150390.261      80       0  -4.438097600000000e+07   1.453e+09   1.000e+00
     69  152237.044      81       0  -4.438121600000000e+07   5.597e+08   1.000e+00
     70  154155.533      82       0  -4.438134800000000e+07   5.563e+08   1.000e+00
     71  156100.532      83       0  -4.438153600000000e+07   6.432e+08   1.000e+00
     72  157989.259      84       0  -4.438178400000000e+07   1.609e+09   1.000e+00
     73  159872.468      85       0  -4.438209200000000e+07   6.861e+08   1.000e+00
     74  161789.312      86       0  -4.438225600000000e+07   5.018e+08   1.000e+00
     75  163664.921      87       0  -4.438243200000000e+07   5.717e+08   1.000e+00
     76  165545.124      88       0  -4.438268400000000e+07   9.893e+08   1.000e+00
     77  167466.867      89       0  -4.438296000000000e+07   6.364e+08   1.000e+00
     78  169352.750      90       0  -4.438313600000000e+07   4.999e+08   1.000e+00
     79  171237.878      91       0  -4.438335600000000e+07   6.714e+08   1.000e+00
     80  173149.612      92       0  -4.438352400000000e+07   1.161e+09   1.000e+00
     81  175020.069      93       0  -4.438367200000000e+07   6.238e+08   1.000e+00
     82  176889.340      94       0  -4.438387600000000e+07   5.069e+08   1.000e+00
     83  178807.607      95       0  -4.438404400000000e+07   5.668e+08   1.000e+00
     84  180690.873      96       0  -4.438434000000000e+07   1.308e+09   1.000e+00
     85  182567.234      97       0  -4.438462400000000e+07   6.526e+08   1.000e+00
     86  184487.267      98       0  -4.438473600000000e+07   4.640e+08   1.000e+00
     87  186364.866      99       0  -4.438489200000000e+07   5.232e+08   1.000e+00
     88  188241.001     100       0  -4.438505600000000e+07   1.042e+09   1.000e+00
     89  190139.384     101       0  -4.438524000000000e+07   6.059e+08   1.000e+00
     90  192016.216     102       0  -4.438542800000000e+07   4.652e+08   1.000e+00
     91  193882.159     103       0  -4.438556800000000e+07   5.555e+08   1.000e+00
     92  195803.446     104       0  -4.438577200000000e+07   9.634e+08   1.000e+00
     93  197672.463     105       0  -4.438593600000000e+07   5.120e+08   1.000e+00
     94  199549.696     106       0  -4.438606800000000e+07   4.806e+08   1.000e+00
     95  201457.465     107       0  -4.438619600000000e+07   5.769e+08   1.000e+00
     96  203340.029     108       0  -4.438635600000000e+07   1.185e+09   1.000e+00
     97  205224.656     109       0  -4.438652000000000e+07   5.138e+08   1.000e+00
     98  207132.578     110       0  -4.438664000000000e+07   4.667e+08   1.000e+00
     99  209022.302     111       0  -4.438676400000000e+07   5.281e+08   1.000e+00
    100  210896.396     112       0  -4.438696000000000e+07   1.066e+09   1.000e+00
    101  212821.120     113       0  -4.438716400000000e+07   5.644e+08   1.000e+00
    102  214725.063     114       0  -4.438726400000000e+07   4.194e+08   1.000e+00
    103  216568.948     115       0  -4.438738400000000e+07   5.167e+08   1.000e+00
    104  218475.170     116       0  -4.438749600000000e+07   9.171e+08   1.000e+00
    105  220383.506     117       0  -4.438761200000000e+07   5.223e+08   1.000e+00
    106  222229.777     118       0  -4.438776000000000e+07   4.524e+08   1.000e+00
    107  224147.056     119       0  -4.438786800000000e+07   4.877e+08   1.000e+00
    108  226064.850     120       0  -4.438801600000000e+07   1.243e+09   1.000e+00
    109  227931.474     121       0  -4.438819600000000e+07   4.668e+08   1.000e+00
    110  229849.731     122       0  -4.438826400000000e+07   3.889e+08   1.000e+00
    111  231762.955     123       0  -4.438838400000000e+07   4.977e+08   1.000e+00
    112  233613.076     124       0  -4.438850400000000e+07   1.109e+09   1.000e+00
    113  235536.249     125       0  -4.438864800000000e+07   5.463e+08   1.000e+00
    114  237461.384     126       0  -4.438876800000000e+07   4.178e+08   1.000e+00
    115  239329.772     127       0  -4.438886000000000e+07   4.650e+08   1.000e+00
    116  241241.892     128       0  -4.438905200000000e+07   7.501e+08   1.000e+00
    117  243162.230     129       0  -4.438919600000000e+07   8.117e+08   1.000e+00
    118  245063.175     130       0  -4.438928800000000e+07   3.793e+08   1.000e+00
    119  246898.340     131       0  -4.438935200000000e+07   4.195e+08   1.000e+00
    120  248798.010     132       0  -4.438944800000000e+07   5.226e+08   1.000e+00
    121  250704.758     133       0  -4.438959200000000e+07   9.877e+08   1.000e+00
    122  252564.600     134       0  -4.438973600000000e+07   4.731e+08   1.000e+00
    123  254460.583     135       0  -4.438986000000000e+07   4.569e+08   1.000e+00
    124  256374.860     136       0  -4.438996800000000e+07   4.837e+08   1.000e+00
    125  258257.486     137       0  -4.439004800000000e+07   1.561e+09   1.000e+00
    126  260128.656     138       0  -4.439023600000000e+07   4.711e+08   1.000e+00
    127  262033.649     139       0  -4.439029600000000e+07   3.400e+08   1.000e+00
    128  263924.642     140       0  -4.439038800000000e+07   4.708e+08   1.000e+00
    129  265794.586     141       0  -4.439052400000000e+07   5.583e+08   1.000e+00
    130  267706.715     142       0  -4.439062800000000e+07   1.350e+09   1.000e+00
    131  269599.422     143       0  -4.439080800000000e+07   4.093e+08   1.000e+00
    132  271473.514     144       0  -4.439086400000000e+07   3.514e+08   1.000e+00
    133  273383.513     145       0  -4.439097600000000e+07   4.259e+08   1.000e+00
    134  275306.416     146       0  -4.439110400000000e+07   1.014e+09   1.000e+00
    135  277186.794     147       0  -4.439124400000000e+07   5.298e+08   1.000e+00
    136  279048.093     148       0  -4.439135600000000e+07   3.838e+08   1.000e+00
    137  280940.644     149       0  -4.439144400000000e+07   4.558e+08   1.000e+00
    138  282814.065     150       0  -4.439157200000000e+07   7.321e+08   1.000e+00
    139  284678.409     151       0  -4.439169600000000e+07   5.463e+08   1.000e+00
    140  286583.651     152       0  -4.439177600000000e+07   4.263e+08   1.000e+00
    141  288474.827     153       0  -4.439190000000000e+07   4.537e+08   1.000e+00
    142  290338.103     154       0  -4.439200000000000e+07   9.483e+08   1.000e+00
    143  292258.337     155       0  -4.439210400000000e+07   4.920e+08   1.000e+00
    144  294170.235     156       0  -4.439221600000000e+07   3.753e+08   1.000e+00
    145  296029.399     157       0  -4.439230000000000e+07   4.066e+08   1.000e+00
    146  297936.122     158       0  -4.439244800000000e+07   7.709e+08   1.000e+00
    147  299875.429     159       0  -4.439258000000000e+07   5.711e+08   1.000e+00
    148  301718.155     160       0  -4.439264800000000e+07   3.491e+08   1.000e+00
    149  303652.560     161       0  -4.439272800000000e+07   3.714e+08   1.000e+00
    150  305616.802     162       0  -4.439282000000000e+07   6.080e+08   1.000e+00
    151  307537.474     163       0  -4.439294800000000e+07   4.501e+08   1.000e+00
    152  309392.322     164       0  -4.439307600000000e+07   4.660e+08   1.000e+00
    153  311335.906     165       0  -4.439319600000000e+07   5.115e+08   1.000e+00
    154  313268.704     166       0  -4.439328800000000e+07   3.849e+08   1.000e+00
    155  315171.295     167       0  -4.439338400000000e+07   3.965e+08   1.000e+00
    156  317075.110     168       0  -4.439346800000000e+07   7.694e+08   1.000e+00
    157  319021.989     169       0  -4.439354800000000e+07   4.401e+08   1.000e+00
    158  320912.167     170       0  -4.439365600000000e+07   3.675e+08   1.000e+00
    159  322781.355     171       0  -4.439373200000000e+07   4.053e+08   1.000e+00
    160  324719.406     172       0  -4.439383200000000e+07   8.243e+08   1.000e+00
    161  326623.726     173       0  -4.439392800000000e+07   3.720e+08   1.000e+00
    162  328492.924     174       0  -4.439399200000000e+07   3.584e+08   1.000e+00
    163  330417.983     175       0  -4.439407200000000e+07   4.292e+08   1.000e+00
    164  332350.059     176       0  -4.439411200000000e+07   1.183e+09   1.000e+00
    165  334250.289     177       0  -4.439422400000000e+07   4.561e+08   1.000e+00
    166  336122.366     178       0  -4.439428000000000e+07   2.998e+08   1.000e+00
    167  338051.345     179       0  -4.439434800000000e+07   3.807e+08   1.000e+00
    168  340002.092     180       0  -4.439444400000000e+07   4.734e+08   1.000e+00
    169  341883.428     181       0  -4.439450400000000e+07   1.202e+09   1.000e+00
    170  343789.753     182       0  -4.439462000000000e+07   3.128e+08   1.000e+00
    171  345742.029     183       0  -4.439464800000000e+07   2.732e+08   1.000e+00
    172  347686.935     184       0  -4.439471200000000e+07   3.547e+08   1.000e+00
    173  349564.517     185       0  -4.439480800000000e+07   7.833e+08   1.000e+00
    174  351510.865     186       0  -4.439491200000000e+07   4.613e+08   1.000e+00
    175  353440.949     187       0  -4.439500400000000e+07   3.365e+08   1.000e+00
    176  355349.758     188       0  -4.439508000000000e+07   4.331e+08   1.000e+00
    177  357249.799     189       0  -4.439517200000000e+07   5.142e+08   1.000e+00
    178  359178.718     190       0  -4.439524400000000e+07   3.775e+08   1.000e+00
    179  361053.103     191       0  -4.439533600000000e+07   3.725e+08   1.000e+00
    180  362924.387     192       0  -4.439540000000000e+07   3.964e+08   1.000e+00
    181  364856.031     193       0  -4.439548400000000e+07   3.614e+08   1.000e+00
    182  366781.645     194       0  -4.439558800000000e+07   5.506e+08   1.000e+00
    183  368667.686     195       0  -4.439566000000000e+07   3.953e+08   1.000e+00
    184  370550.005     196       0  -4.439569200000000e+07   3.106e+08   1.000e+00
    185  372510.304     197       0  -4.439576800000000e+07   3.698e+08   1.000e+00
    186  374450.546     198       0  -4.439584400000000e+07   5.929e+08   1.000e+00
    187  376330.404     199       0  -4.439590000000000e+07   3.612e+08   1.000e+00
    188  378250.047     200       0  -4.439597600000000e+07   2.916e+08   1.000e+00
    189  380179.529     201       0  -4.439602800000000e+07   3.657e+08   1.000e+00
    190  382075.722     202       0  -4.439612000000000e+07   3.382e+08   1.000e+00
    191  383963.051     203       0  -4.439618000000000e+07   6.076e+08   1.000e+00
    192  385907.887     204       0  -4.439624400000000e+07   3.583e+08   1.000e+00
    193  387850.060     205       0  -4.439630800000000e+07   3.215e+08   1.000e+00
    194  389724.945     206       0  -4.439636000000000e+07   3.805e+08   1.000e+00
    195  391647.844     207       0  -4.439643600000000e+07   5.966e+08   1.000e+00
    196  393576.120     208       0  -4.439650800000000e+07   3.366e+08   1.000e+00
    197  395475.067     209       0  -4.439655200000000e+07   3.265e+08   1.000e+00
    198  397351.504     210       0  -4.439662000000000e+07   3.826e+08   1.000e+00
    199  399237.222     211       0  -4.439668800000000e+07   7.934e+08   1.000e+00
    200  401154.615     212       0  -4.439675200000000e+07   3.352e+08   1.000e+00
    201  403079.521     213       0  -4.439680000000000e+07   2.984e+08   1.000e+00
    202  404940.947     214       0  -4.439684400000000e+07   3.408e+08   1.000e+00
    203  406851.532     215       0  -4.439692000000000e+07   6.662e+08   1.000e+00
    204  408782.276     216       0  -4.439699200000000e+07   3.312e+08   1.000e+00
    205  410696.349     217       0  -4.439705200000000e+07   2.914e+08   1.000e+00
    206  412597.599     218       0  -4.439711200000000e+07   3.300e+08   1.000e+00
    207  414542.900     219       0  -4.439716000000000e+07   8.862e+08   1.000e+00
    208  416478.968     220       0  -4.439723200000000e+07   3.609e+08   1.000e+00
    209  418356.661     221       0  -4.439728000000000e+07   2.517e+08   1.000e+00
    210  420284.383     222       0  -4.439732400000000e+07   3.193e+08   1.000e+00
    211  422237.214     223       0  -4.439741200000000e+07   4.454e+08   1.000e+00
    212  424170.887     224       0  -4.439748400000000e+07   7.662e+08   1.000e+00
    213  426060.648     225       0  -4.439754400000000e+07   2.805e+08   1.000e+00
    214  427946.965     226       0  -4.439758000000000e+07   2.696e+08   1.000e+00
    215  429841.141     227       0  -4.439761600000000e+07   3.189e+08   1.000e+00
    216  431775.308     228       0  -4.439769600000000e+07   6.763e+08   1.000e+00
    217  433639.822     229       0  -4.439777600000000e+07   3.760e+08   1.000e+00
    218  435559.295     230       0  -4.439782800000000e+07   2.732e+08   1.000e+00
    219  437495.588     231       0  -4.439788400000000e+07   3.383e+08   1.000e+00
    220  439432.895     232       0  -4.439794400000000e+07   5.041e+08   1.000e+00
    221  441311.354     233       0  -4.439800000000000e+07   3.234e+08   1.000e+00
    222  443251.005     234       0  -4.439806800000000e+07   2.916e+08   1.000e+00
    223  445198.041     235       0  -4.439812000000000e+07   3.502e+08   1.000e+00
    224  447110.960     236       0  -4.439818400000000e+07   3.769e+08   1.000e+00
    225  449013.359     237       0  -4.439824800000000e+07   3.079e+08   1.000e+00
    226  450964.317     238       0  -4.439830800000000e+07   3.494e+08   1.000e+00
    227  452913.319     239       0  -4.439835200000000e+07   3.151e+08   1.000e+00
    228  454852.856     240       0  -4.439841200000000e+07   2.861e+08   1.000e+00
    229  456724.329     241       0  -4.439848400000000e+07   5.342e+08   1.000e+00
    230  458644.269     242       0  -4.439854800000000e+07   3.224e+08   1.000e+00
    231  460600.551     243       0  -4.439858400000000e+07   2.786e+08   1.000e+00
    232  462546.585     244       0  -4.439863200000000e+07   3.514e+08   1.000e+00
    233  464431.574     245       0  -4.439869200000000e+07   3.891e+08   1.000e+00
    234  466366.031     246       0  -4.439873200000000e+07   2.747e+08   1.000e+00
    235  468285.623     247       0  -4.439878400000000e+07   2.639e+08   1.000e+00
    236  470139.033     248       0  -4.439882800000000e+07   3.290e+08   1.000e+00
    237  472063.206     249       0  -4.439888400000000e+07   2.669e+08   1.000e+00
    238  474002.043     250       0  -4.439893600000000e+07   4.076e+08   1.000e+00
    239  475946.045     251       0  -4.439898800000000e+07   3.094e+08   1.000e+00
    240  477812.123     252       0  -4.439901600000000e+07   2.650e+08   1.000e+00
    241  479733.014     253       0  -4.439906400000000e+07   3.533e+08   1.000e+00
    242  481658.155     254       0  -4.439911200000000e+07   5.907e+08   1.000e+00
    243  483554.613     255       0  -4.439914800000000e+07   3.024e+08   1.000e+00
    244  485442.084     256       0  -4.439918800000000e+07   2.277e+08   1.000e+00
    245  487365.336     257       0  -4.439922800000000e+07   2.602e+08   1.000e+00
    246  489294.700     258       0  -4.439929600000000e+07   4.655e+08   1.000e+00
    247  491153.447     259       0  -4.439936400000000e+07   4.071e+08   1.000e+00
    248  493091.986     260       0  -4.439939200000000e+07   2.301e+08   1.000e+00
    249  495008.045     261       0  -4.439942800000000e+07   2.583e+08   1.000e+00
    250  496873.613     262       0  -4.439946400000000e+07   3.531e+08   1.000e+00
    251  498798.056     263       0  -4.439951600000000e+07   3.399e+08   1.000e+00
    252  500739.797     264       0  -4.439956400000000e+07   3.186e+08   1.000e+00
    253  502638.123     265       0  -4.439959200000000e+07   2.560e+08   1.000e+00
    254  504520.883     266       0  -4.439963200000000e+07   2.702e+08   1.000e+00
    255  506436.513     267       0  -4.439968400000000e+07   3.997e+08   1.000e+00
    256  508324.091     268       0  -4.439972000000000e+07   2.840e+08   1.000e+00
    257  510192.204     269       0  -4.439975200000000e+07   2.612e+08   1.000e+00
    258  512134.910     270       0  -4.439978000000000e+07   4.130e+08   1.000e+00
    259  514041.771     271       0  -4.439981200000000e+07   2.473e+08   1.000e+00
    260  515936.936     272       0  -4.439985200000000e+07   2.443e+08   1.000e+00
    261  517809.025     273       0  -4.439988400000000e+07   2.846e+08   1.000e+00
    262  519723.529     274       0  -4.439994000000000e+07   4.453e+08   1.000e+00
    263  521642.003     275       0  -4.439998000000000e+07   2.790e+08   1.000e+00
    264  523521.788     276       0  -4.440000800000000e+07   2.661e+08   1.000e+00
    265  525458.277     277       0  -4.440004800000000e+07   3.012e+08   1.000e+00
    266  527394.292     278       0  -4.440008800000000e+07   5.492e+08   1.000e+00
    267  529282.637     279       0  -4.440012400000000e+07   2.778e+08   1.000e+00
    268  531155.930     280       0  -4.440016000000000e+07   2.323e+08   1.000e+00
    269  533071.768     281       0  -4.440018800000000e+07   2.506e+08   1.000e+00
    270  534961.060     282       0  -4.440023600000000e+07   6.090e+08   1.000e+00
    271  536835.471     283       0  -4.440028400000000e+07   2.352e+08   1.000e+00
    272  538771.793     284       0  -4.440030000000000e+07   2.257e+08   1.000e+00
    273  540706.438     285       0  -4.440034400000000e+07   2.642e+08   1.000e+00
    274  542570.969     286       0  -4.440038000000000e+07   7.398e+08   1.000e+00
    275  544481.717     287       0  -4.440042400000000e+07   2.864e+08   1.000e+00
    276  546421.870     288       0  -4.440045200000000e+07   2.000e+08   1.000e+00
    277  548354.684     289       0  -4.440047600000000e+07   2.462e+08   1.000e+00
    278  550210.214     290       0  -4.440053200000000e+07   3.199e+08   1.000e+00
    279  552120.041     291       0  -4.440058000000000e+07   5.242e+08   1.000e+00
    280  554034.556     292       0  -4.440061200000000e+07   1.910e+08   1.000e+00
    281  555929.710     293       0  -4.440062400000000e+07   2.023e+08   1.000e+00
    282  557787.468     294       0  -4.440065600000000e+07   2.550e+08   1.000e+00
    283  559716.691     295       0  -4.440070000000000e+07   5.922e+08   1.000e+00
    284  561643.586     296       0  -4.440074400000000e+07   2.722e+08   1.000e+00
    285  563519.740     297       0  -4.440077600000000e+07   2.136e+08   1.000e+00
    286  565467.818     298       0  -4.440080400000000e+07   2.357e+08   1.000e+00
    287  567404.614     299       0  -4.440085600000000e+07   3.747e+08   1.000e+00
    288  569349.257     300       0  -4.440090400000000e+07   3.185e+08   1.000e+00
    289  571230.247     301       0  -4.440092800000000e+07   1.989e+08   1.000e+00
    290  573149.713     302       0  -4.440096000000000e+07   2.249e+08   1.000e+00
    291  575073.365     303       0  -4.440099200000000e+07   3.218e+08   1.000e+00
    292  576993.245     304       0  -4.440103600000000e+07   2.503e+08   1.000e+00
    293  578867.804     305       0  -4.440107600000000e+07   2.286e+08   1.000e+00
    294  580792.867     306       0  -4.440112000000000e+07   2.861e+08   1.000e+00
    295  582732.616     307       0  -4.440115600000000e+07   2.447e+08   1.000e+00
    296  584623.102     308       0  -4.440118800000000e+07   2.255e+08   1.000e+00
    297  586483.593     309       0  -4.440122000000000e+07   3.783e+08   1.000e+00
    298  588415.545     310       0  -4.440125200000000e+07   2.456e+08   1.000e+00
    299  590328.661     311       0  -4.440128000000000e+07   2.233e+08   1.000e+00
    300  592188.895     312       0  -4.440131600000000e+07   2.635e+08   1.000e+00
    301  594107.705     313       0  -4.440134400000000e+07   4.047e+08   1.000e+00
    302  596075.214     314       0  -4.440136400000000e+07   2.236e+08   1.000e+00
    303  597970.449     315       0  -4.440140400000000e+07   1.992e+08   1.000e+00
    304  599848.718     316       0  -4.440142400000000e+07   2.254e+08   1.000e+00
    305  601767.356     317       0  -4.440147200000000e+07   3.536e+08   1.000e+00
    306  603652.801     318       0  -4.440151200000000e+07   2.477e+08   1.000e+00
    307  605515.900     319       0  -4.440153200000000e+07   2.356e+08   1.000e+00
    308  607430.255     320       0  -4.440157200000000e+07   2.498e+08   1.000e+00
    309  609360.339     321       0  -4.440159200000000e+07   6.086e+08   1.000e+00
    310  611220.399     322       0  -4.440162400000000e+07   2.222e+08   1.000e+00
    311  613172.147     323       0  -4.440164000000000e+07   1.658e+08   1.000e+00
    312  615148.024     324       0  -4.440166400000000e+07   2.160e+08   1.000e+00
    313  617090.204     325       0  -4.440170000000000e+07   3.031e+08   1.000e+00
    314  618976.344     326       0  -4.440174800000000e+07   2.687e+08   1.000e+00
    315  620898.392     327       0  -4.440176800000000e+07   1.791e+08   1.000e+00
    316  622856.771     328       0  -4.440180000000000e+07   2.187e+08   1.000e+00
    317  624803.064     329       0  -4.440182400000000e+07   3.219e+08   1.000e+00
    318  626688.208     330       0  -4.440184800000000e+07   2.202e+08   1.000e+00
    319  628635.235     331       0  -4.440188800000000e+07   2.016e+08   1.000e+00
    320  630567.858     332       0  -4.440191200000000e+07   3.437e+08   1.000e+00
    321  632514.056     333       0  -4.440193600000000e+07   2.192e+08   1.000e+00
    322  634410.684     334       0  -4.440196400000000e+07   1.738e+08   1.000e+00
    323  636294.869     335       0  -4.440198400000000e+07   2.452e+08   1.000e+00
    324  638223.611     336       0  -4.440201600000000e+07   2.182e+08   1.000e+00
    325  640151.392     337       0  -4.440204000000000e+07   2.533e+08   1.000e+00
    326  642020.373     338       0  -4.440207200000000e+07   2.132e+08   1.000e+00
    327  643925.229     339       0  -4.440209600000000e+07   1.857e+08   1.000e+00
    328  645846.516     340       0  -4.440212000000000e+07   2.357e+08   1.000e+00
    329  647784.337     341       0  -4.440214400000000e+07   3.367e+08   1.000e+00
    330  649651.901     342       0  -4.440216000000000e+07   1.927e+08   1.000e+00
    331  651594.212     343       0  -4.440218800000000e+07   1.635e+08   1.000e+00
    332  653553.390     344       0  -4.440220400000000e+07   1.973e+08   1.000e+00
    333  655495.417     345       0  -4.440223600000000e+07   3.689e+08   1.000e+00
    334  657369.124     346       0  -4.440225600000000e+07   1.810e+08   1.000e+00
    335  659306.048     347       0  -4.440226400000000e+07   1.777e+08   1.000e+00
    336  661269.563     348       0  -4.440228800000000e+07   2.131e+08   1.000e+00
    337  663222.310     349       0  -4.440231600000000e+07   5.746e+08   1.000e+00
    338  665110.413     350       0  -4.440233600000000e+07   2.267e+08   1.000e+00
    339  667042.792     351       0  -4.440236000000000e+07   1.506e+08   1.000e+00
    340  669020.276     352       0  -4.440237600000000e+07   1.826e+08   1.000e+00
    341  670967.905     353       0  -4.440241600000000e+07   2.376e+08   1.000e+00
    342  672862.009     354       0  -4.440244800000000e+07   4.014e+08   1.000e+00
    343  674786.182     355       0  -4.440247200000000e+07   1.560e+08   1.000e+00
    344  676753.102     356       0  -4.440248000000000e+07   1.641e+08   1.000e+00
    345  678718.056     357       0  -4.440250000000000e+07   1.896e+08   1.000e+00
    346  680647.443     358       0  -4.440252800000000e+07   4.842e+08   1.000e+00
    347  682539.942     359       0  -4.440255200000000e+07   2.028e+08   1.000e+00
    348  684492.362     360       0  -4.440257200000000e+07   1.527e+08   1.000e+00
    349  686443.081     361       0  -4.440258400000000e+07   1.787e+08   1.000e+00
    350  688342.497     362       0  -4.440262000000000e+07   2.336e+08   1.000e+00
    351  690262.981     363       0  -4.440264800000000e+07   4.638e+08   1.000e+00
    352  692212.087     364       0  -4.440266400000000e+07   1.672e+08   1.000e+00
    353  694146.049     365       0  -4.440267200000000e+07   1.463e+08   1.000e+00
    354  696051.620     366       0  -4.440269200000000e+07   1.789e+08   1.000e+00
    355  697938.009     367       0  -4.440272800000000e+07   3.557e+08   1.000e+00
    356  699905.272     368       0  -4.440275200000000e+07   2.030e+08   1.000e+00
    357  701850.506     369       0  -4.440277600000000e+07   1.517e+08   1.000e+00
    358  703732.498     370       0  -4.440280000000000e+07   1.914e+08   1.000e+00
    359  705656.375     371       0  -4.440282800000000e+07   3.401e+08   1.000e+00
    360  707600.372     372       0  -4.440284800000000e+07   1.933e+08   1.000e+00
    361  709545.874     373       0  -4.440286800000000e+07   1.671e+08   1.000e+00
    362  711441.733     374       0  -4.440288800000000e+07   1.873e+08   1.000e+00
    363  713393.762     375       0  -4.440291200000000e+07   5.015e+08   1.000e+00
    364  715361.474     376       0  -4.440293600000000e+07   1.814e+08   1.000e+00
    365  717297.319     377       0  -4.440294400000000e+07   1.413e+08   1.000e+00
    366  719196.938     378       0  -4.440296000000000e+07   1.755e+08   1.000e+00
    367  721132.334     379       0  -4.440298800000000e+07   2.367e+08   1.000e+00
    368  723088.396     380       0  -4.440301600000000e+07   4.468e+08   1.000e+00
    369  725044.156     381       0  -4.440303600000000e+07   1.547e+08   1.000e+00
    370  726970.101     382       0  -4.440304400000000e+07   1.442e+08   1.000e+00
    371  728879.955     383       0  -4.440306000000000e+07   1.709e+08   1.000e+00
    372  730845.785     384       0  -4.440308400000000e+07   4.916e+08   1.000e+00
    373  732807.759     385       0  -4.440310800000000e+07   2.061e+08   1.000e+00
    374  734723.946     386       0  -4.440312000000000e+07   1.423e+08   1.000e+00
    375  736637.049     387       0  -4.440313600000000e+07   1.719e+08   1.000e+00
    376  738597.013     388       0  -4.440316000000000e+07   2.076e+08   1.000e+00
    377  740567.221     389       0  -4.440319200000000e+07   4.885e+08   1.000e+00
    378  742477.376     390       0  -4.440321600000000e+07   1.700e+08   1.000e+00
    379  744376.668     391       0  -4.440322000000000e+07   1.333e+08   1.000e+00
    380  746324.394     392       0  -4.440324400000000e+07   1.593e+08   1.000e+00
    381  748288.768     393       0  -4.440326800000000e+07   3.600e+08   1.000e+00
    382  750189.692     394       0  -4.440328400000000e+07   1.972e+08   1.000e+00
    383  752095.856     395       0  -4.440330000000000e+07   1.388e+08   1.000e+00
    384  754034.600     396       0  -4.440331200000000e+07   1.660e+08   1.000e+00
    385  755992.736     397       0  -4.440332800000000e+07   2.432e+08   1.000e+00
    386  757944.584     398       0  -4.440334800000000e+07   2.065e+08   1.000e+00
    387  759835.123     399       0  -4.440336000000000e+07   1.597e+08   1.000e+00
    388  761752.766     400       0  -4.440338000000000e+07   1.745e+08   1.000e+00
    389  763710.516     401       0  -4.440339200000000e+07   3.328e+08   1.000e+00
    390  765630.254     402       0  -4.440341200000000e+07   1.751e+08   1.000e+00
    391  767509.135     403       0  -4.440342400000000e+07   1.344e+08   1.000e+00
    392  769455.345     404       0  -4.440343200000000e+07   1.513e+08   1.000e+00
    393  771390.570     405       0  -4.440345200000000e+07   3.957e+08   1.000e+00
    394  773318.154     406       0  -4.440347200000000e+07   1.627e+08   1.000e+00
    395  775197.738     407       0  -4.440348400000000e+07   1.263e+08   1.000e+00
    396  777142.715     408       0  -4.440350000000000e+07   1.486e+08   1.000e+00
    397  779097.497     409       0  -4.440351600000000e+07   2.517e+08   1.000e+00
    398  781026.291     410       0  -4.440354400000000e+07   2.066e+08   1.000e+00
    399  782906.057     411       0  -4.440355600000000e+07   1.327e+08   1.000e+00
    400  784815.063     412       0  -4.440357200000000e+07   1.506e+08   1.000e+00
    401  786777.526     413       0  -4.440358800000000e+07   2.535e+08   1.000e+00
    402  788745.128     414       0  -4.440360000000000e+07   1.584e+08   1.000e+00
    403  790668.704     415       0  -4.440361600000000e+07   1.450e+08   1.000e+00
    404  792556.391     416       0  -4.440362800000000e+07   1.886e+08   1.000e+00
    405  794498.414     417       0  -4.440365200000000e+07   1.648e+08   1.000e+00
    406  796438.457     418       0  -4.440367200000000e+07   1.806e+08   1.000e+00
    407  798345.727     419       0  -4.440369200000000e+07   1.583e+08   1.000e+00
    408  800239.160     420       0  -4.440370400000000e+07   1.594e+08   1.000e+00
    409  802176.947     421       0  -4.440372000000000e+07   1.611e+08   1.000e+00
    410  804110.094     422       0  -4.440374400000000e+07   1.868e+08   1.000e+00
    411  805989.560     423       0  -4.440376400000000e+07   1.650e+08   1.000e+00
    412  807916.968     424       0  -4.440377200000000e+07   1.518e+08   1.000e+00
    413  809858.580     425       0  -4.440379600000000e+07   1.402e+08   1.000e+00
    414  811791.893     426       0  -4.440380400000000e+07   1.388e+08   1.000e+00
    415  813712.205     427       0  -4.440382000000000e+07   1.442e+08   1.000e+00
    416  815623.141     428       0  -4.440384000000000e+07   1.616e+08   1.000e+00
    417  817599.896     429       0  -4.440385200000000e+07   1.388e+08   1.000e+00
    418  819575.689     430       0  -4.440386000000000e+07   1.418e+08   1.000e+00
    419  821503.274     431       0  -4.440387600000000e+07   1.570e+08   1.000e+00
    420  823390.146     432       0  -4.440388800000000e+07   1.384e+08   1.000e+00
    421  825344.388     433       0  -4.440390800000000e+07   1.352e+08   1.000e+00
    422  827317.230     434       0  -4.440392000000000e+07   1.547e+08   1.000e+00
    423  829250.580     435       0  -4.440392800000000e+07   1.115e+08   1.000e+00
    424  831163.693     436       0  -4.440394400000000e+07   1.168e+08   1.000e+00
    425  833061.762     437       0  -4.440395600000000e+07   2.181e+08   1.000e+00
    426  835004.992     438       0  -4.440396800000000e+07   1.304e+08   1.000e+00
    427  836952.853     439       0  -4.440397600000000e+07   1.168e+08   1.000e+00
    428  838868.997     440       0  -4.440398800000000e+07   1.522e+08   1.000e+00
    429  840759.513     441       0  -4.440400400000000e+07   1.720e+08   1.000e+00
    430  842700.460     442       0  -4.440401200000000e+07   1.422e+08   1.000e+00
    431  844657.104     443       0  -4.440402400000000e+07   1.332e+08   1.000e+00
    432  846613.313     444       0  -4.440403600000000e+07   1.537e+08   1.000e+00
    433  848509.985     445       0  -4.440404800000000e+07   2.870e+08   1.000e+00
    434  850434.783     446       0  -4.440405600000000e+07   1.455e+08   1.000e+00
    435  852383.025     447       0  -4.440406400000000e+07   1.102e+08   1.000e+00
    436  854330.493     448       0  -4.440407200000000e+07   1.217e+08   1.000e+00
    437  856214.624     449       0  -4.440408400000000e+07   2.441e+08   1.000e+00
    438  858143.356     450       0  -4.440409600000000e+07   1.416e+08   1.000e+00
    439  860082.294     451       0  -4.440410400000000e+07   1.134e+08   1.000e+00
    440  862001.163     452       0  -4.440412400000000e+07   1.278e+08   1.000e+00
    441  863886.423     453       0  -4.440412800000000e+07   2.991e+08   1.000e+00
    442  865824.804     454       0  -4.440414000000000e+07   1.432e+08   1.000e+00
    443  867751.839     455       0  -4.440415200000000e+07   1.111e+08   1.000e+00
    444  869689.660     456       0  -4.440416000000000e+07   1.280e+08   1.000e+00
    445  871584.975     457       0  -4.440417600000000e+07   2.110e+08   1.000e+00
    446  873530.209     458       0  -4.440420000000000e+07   1.848e+08   1.000e+00
    447  875501.804     459       0  -4.440420800000000e+07   1.083e+08   1.000e+00
    448  877458.027     460       0  -4.440421600000000e+07   1.171e+08   1.000e+00
    449  879409.479     461       0  -4.440423200000000e+07   1.523e+08   1.000e+00
    450  881290.203     462       0  -4.440425200000000e+07   1.470e+08   1.000e+00
    451  883247.453     463       0  -4.440426800000000e+07   1.560e+08   1.000e+00
    452  885201.718     464       0  -4.440428400000000e+07   1.284e+08   1.000e+00
    453  887137.481     465       0  -4.440429200000000e+07   1.382e+08   1.000e+00
    454  889015.382     466       0  -4.440430800000000e+07   1.326e+08   1.000e+00
    455  890950.005     467       0  -4.440431600000000e+07   1.423e+08   1.000e+00
    456  892907.196     468       0  -4.440432800000000e+07   1.452e+08   1.000e+00
    457  894850.573     469       0  -4.440434400000000e+07   1.406e+08   1.000e+00
    458  896735.992     470       0  -4.440435600000000e+07   1.219e+08   1.000e+00
    459  898653.051     471       0  -4.440436800000000e+07   1.200e+08   1.000e+00
    460  900604.575     472       0  -4.440438400000000e+07   1.300e+08   1.000e+00
    461  902555.163     473       0  -4.440440400000000e+07   1.566e+08   1.000e+00
    462  904472.682     474       0  -4.440440800000000e+07   1.163e+08   1.000e+00
    463  906370.994     475       0  -4.440442000000000e+07   1.176e+08   1.000e+00
    464  908310.916     476       0  -4.440443600000000e+07   1.760e+08   1.000e+00
    465  910238.314     477       0  -4.440444400000000e+07   1.214e+08   1.000e+00
    466  912155.149     478       0  -4.440445600000000e+07   1.102e+08   1.000e+00
    467  914037.750     479       0  -4.440447200000000e+07   1.665e+08   1.000e+00
    468  915980.757     480       0  -4.440447600000000e+07   1.182e+08   1.000e+00
    469  917911.524     481       0  -4.440449600000000e+07   1.275e+08   1.000e+00
    470  919803.347     482       0  -4.440450400000000e+07   1.416e+08   1.000e+00
    471  921727.752     483       0  -4.440451200000000e+07   1.340e+08   1.000e+00
    472  923681.689     484       0  -4.440452400000000e+07   1.992e+08   1.000e+00
    473  925644.223     485       0  -4.440453600000000e+07   1.453e+08   1.000e+00
    474  927564.308     486       0  -4.440454000000000e+07   1.212e+08   1.000e+00
    475  929459.916     487       0  -4.440455200000000e+07   1.408e+08   1.000e+00
    476  931401.846     488       0  -4.440456000000000e+07   1.724e+08   1.000e+00
    477  933350.842     489       0  -4.440456800000000e+07   1.273e+08   1.000e+00
    478  935294.604     490       0  -4.440458000000000e+07   1.206e+08   1.000e+00
    479  937194.531     491       0  -4.440458800000000e+07   1.644e+08   1.000e+00
    480  939121.426     492       0  -4.440459600000000e+07   1.251e+08   1.000e+00
    481  941069.673     493       0  -4.440461600000000e+07   1.362e+08   1.000e+00
    482  943013.466     494       0  -4.440462800000000e+07   2.265e+08   1.000e+00
    483  976611.402     512       0  -4.440462800000000e+07   2.260e+08   3.047e-06
# Termination: function reduction test satisfied
# Iter.   Time (ms)    Eval. Reject.       Obj. Func.           Grad.       Step
# ---------------------------------------------------------------------------------
      0    1857.191       1       0  -4.426730800000000e+07   4.285e+09   0.000e+00
      1   24264.548      13       0  -4.428068800000000e+07   5.999e+09   1.081e-15
      2   26185.178      14       0  -4.428959200000000e+07   3.860e+09   1.000e+00
      3   28101.957      15       0  -4.429830000000000e+07   3.649e+09   1.000e+00
      4   29956.598      16       0  -4.430769600000000e+07   4.839e+09   1.000e+00
      5   31874.876      17       0  -4.431558400000000e+07   4.174e+09   1.000e+00
      6   33782.673      18       0  -4.432015600000000e+07   2.865e+09   1.000e+00
      7   35617.382      19       0  -4.432534400000000e+07   2.805e+09   1.000e+00
      8   37535.974      20       0  -4.433028000000000e+07   3.809e+09   1.000e+00
      9   39443.123      21       0  -4.433495200000000e+07   2.709e+09   1.000e+00
     10   41294.814      22       0  -4.433889600000000e+07   2.579e+09   1.000e+00
     11   43213.997      23       0  -4.434165600000000e+07   2.607e+09   1.000e+00
     12   45124.663      24       0  -4.434389600000000e+07   2.031e+09   1.000e+00
     13   47007.548      25       0  -4.434669600000000e+07   2.220e+09   1.000e+00
     14   48869.682      26       0  -4.434885600000000e+07   2.702e+09   1.000e+00
     15   50805.299      27       0  -4.435061200000000e+07   1.850e+09   1.000e+00
     16   52740.019      28       0  -4.435256400000000e+07   1.649e+09   1.000e+00
     17   54601.693      29       0  -4.435408000000000e+07   2.320e+09   1.000e+00
     18   56523.147      30       0  -4.435551200000000e+07   1.647e+09   1.000e+00
     19   58433.998      31       0  -4.435722800000000e+07   1.744e+09   1.000e+00
     20   60277.985      32       0  -4.435838000000000e+07   1.898e+09   1.000e+00
     21   62180.439      33       0  -4.435934000000000e+07   1.538e+09   1.000e+00
     22   64086.918      34       0  -4.436087200000000e+07   1.865e+09   1.000e+00
     23   65946.881      35       0  -4.436189600000000e+07   2.258e+09   1.000e+00
     24   67859.660      36       0  -4.436254400000000e+07   1.389e+09   1.000e+00
     25   69773.226      37       0  -4.436341600000000e+07   1.058e+09   1.000e+00
     26   71629.168      38       0  -4.436415200000000e+07   1.319e+09   1.000e+00
     27   73538.145      39       0  -4.436508400000000e+07   2.170e+09   1.000e+00
     28   75442.038      40       0  -4.436581600000000e+07   1.274e+09   1.000e+00
     29   77289.304      41       0  -4.436621200000000e+07   1.111e+09   1.000e+00
     30   79192.163      42       0  -4.436682400000000e+07   1.133e+09   1.000e+00
     31   81102.573      43       0  -4.436701600000000e+07   3.291e+09   1.000e+00
     32   82951.458      44       0  -4.436782800000000e+07   1.127e+09   1.000e+00
     33   84877.062      45       0  -4.436817200000000e+07   7.514e+08   1.000e+00
     34   86801.847      46       0  -4.436855200000000e+07   9.496e+08   1.000e+00
     35   88662.791      47       0  -4.436914400000000e+07   1.187e+09   1.000e+00
     36   90583.085      48       0  -4.436949600000000e+07   2.898e+09   1.000e+00
     37   92518.979      49       0  -4.437028800000000e+07   8.589e+08   1.000e+00
     38   94415.533      50       0  -4.437052000000000e+07   7.883e+08   1.000e+00
     39   96290.549      51       0  -4.437094000000000e+07   9.533e+08   1.000e+00
     40   98220.895      52       0  -4.437126000000000e+07   2.706e+09   1.000e+00
     41  100130.006      53       0  -4.437185200000000e+07   1.054e+09   1.000e+00
     42  101991.559      54       0  -4.437218000000000e+07   7.295e+08   1.000e+00
     43  103894.733      55       0  -4.437247200000000e+07   8.865e+08   1.000e+00
     44  105781.258      56       0  -4.437301600000000e+07   1.075e+09   1.000e+00
     45  107672.963      57       0  -4.437342000000000e+07   2.404e+09   1.000e+00
     46  109542.047      58       0  -4.437400800000000e+07   8.331e+08   1.000e+00
     47  111453.852      59       0  -4.437422400000000e+07   6.684e+08   1.000e+00
     48  113331.729      60       0  -4.437454800000000e+07   8.235e+08   1.000e+00
     49  115227.506      61       0  -4.437488800000000e+07   2.007e+09   1.000e+00
     50  117135.239      62       0  -4.437527600000000e+07   9.335e+08   1.000e+00
     51  119012.915      63       0  -4.437558800000000e+07   6.545e+08   1.000e+00
     52  120867.654      64       0  -4.437580800000000e+07   7.526e+08   1.000e+00
     53  122782.881      65       0  -4.437627200000000e+07   9.823e+08   1.000e+00
     54  124663.819      66       0  -4.437638000000000e+07   2.395e+09   1.000e+00
     55  126526.662      67       0  -4.437685600000000e+07   7.201e+08   1.000e+00
     56  128434.027      68       0  -4.437699200000000e+07   5.548e+08   1.000e+00
     57  130311.334      69       0  -4.437725200000000e+07   6.992e+08   1.000e+00
     58  132195.799      70       0  -4.437762400000000e+07   9.776e+08   1.000e+00
     59  134114.904      71       0  -4.437793200000000e+07   1.371e+09   1.000e+00
     60  136004.851      72       0  -4.437820400000000e+07   5.794e+08   1.000e+00
     61  137856.110      73       0  -4.437836000000000e+07   6.191e+08   1.000e+00
     62  139756.127      74       0  -4.437861200000000e+07   7.684e+08   1.000e+00
     63  141640.000      75       0  -4.437886000000000e+07   1.694e+09   1.000e+00
     64  143490.668      76       0  -4.437914400000000e+07   6.608e+08   1.000e+00
     65  145387.661      77       0  -4.437933200000000e+07   5.656e+08   1.000e+00
     66  147310.924      78       0  -4.437951600000000e+07   6.400e+08   1.000e+00
     67  149189.278      79       0  -4.437976000000000e+07   1.374e+09   1.000e+00
     68  151062.082      80       0  -4.438004000000000e+07   6.196e+08   1.000e+00
     69  152968.251      81       0  -4.438024000000000e+07   5.638e+08   1.000e+00
     70  154851.979      82       0  -4.438044000000000e+07   6.583e+08   1.000e+00
     71  156709.851      83       0  -4.438072800000000e+07   1.430e+09   1.000e+00
     72  158626.882      84       0  -4.438104800000000e+07   6.938e+08   1.000e+00
     73  160516.895      85       0  -4.438120400000000e+07   5.228e+08   1.000e+00
     74  162397.662      86       0  -4.438139600000000e+07   6.128e+08   1.000e+00
     75  164329.026      87       0  -4.438163200000000e+07   1.122e+09   1.000e+00
     76  166251.070      88       0  -4.438188400000000e+07   6.537e+08   1.000e+00
     77  168143.111      89       0  -4.438208000000000e+07   5.366e+08   1.000e+00
     78  170001.454      90       0  -4.438227600000000e+07   7.059e+08   1.000e+00
     79  171860.142      91       0  -4.438250400000000e+07   7.671e+08   1.000e+00
     80  173726.347      92       0  -4.438269200000000e+07   5.851e+08   1.000e+00
     81  175582.464      93       0  -4.438291600000000e+07   6.195e+08   1.000e+00
     82  177476.740      94       0  -4.438307200000000e+07   6.501e+08   1.000e+00
     83  179367.620      95       0  -4.438326800000000e+07   5.529e+08   1.000e+00
     84  181226.804      96       0  -4.438349600000000e+07   9.532e+08   1.000e+00
     85  183156.245      97       0  -4.438369200000000e+07   6.153e+08   1.000e+00
     86  185065.655      98       0  -4.438381200000000e+07   5.400e+08   1.000e+00
     87  186916.776      99       0  -4.438401200000000e+07   6.793e+08   1.000e+00
     88  188830.613     100       0  -4.438418800000000e+07   1.129e+09   1.000e+00
     89  190732.149     101       0  -4.438431200000000e+07   5.132e+08   1.000e+00
     90  192640.485     102       0  -4.438442000000000e+07   4.493e+08   1.000e+00
     91  194524.829     103       0  -4.438457200000000e+07   5.418e+08   1.000e+00
     92  196446.438     104       0  -4.438478400000000e+07   9.111e+08   1.000e+00
     93  198348.817     105       0  -4.438498400000000e+07   5.554e+08   1.000e+00
     94  200234.950     106       0  -4.438512000000000e+07   5.261e+08   1.000e+00
     95  202120.316     107       0  -4.438536000000000e+07   6.304e+08   1.000e+00
     96  204037.418     108       0  -4.438548000000000e+07   1.627e+09   1.000e+00
     97  205902.334     109       0  -4.438567600000000e+07   6.487e+08   1.000e+00
     98  207778.406     110       0  -4.438579600000000e+07   4.360e+08   1.000e+00
     99  209683.867     111       0  -4.438593600000000e+07   5.421e+08   1.000e+00
    100  211580.221     112       0  -4.438614400000000e+07   6.349e+08   1.000e+00
    101  213432.264     113       0  -4.438627200000000e+07   1.620e+09   1.000e+00
    102  215354.048     114       0  -4.438647200000000e+07   4.417e+08   1.000e+00
    103  217226.987     115       0  -4.438652000000000e+07   3.804e+08   1.000e+00
    104  219091.299     116       0  -4.438664800000000e+07   4.968e+08   1.000e+00
    105  221006.485     117       0  -4.438680000000000e+07   1.036e+09   1.000e+00
    106  222876.951     118       0  -4.438697600000000e+07   5.875e+08   1.000e+00
    107  224731.465     119       0  -4.438711200000000e+07   4.450e+08   1.000e+00
    108  226642.768     120       0  -4.438726000000000e+07   5.417e+08   1.000e+00
    109  228552.195     121       0  -4.438738400000000e+07   9.787e+08   1.000e+00
    110  230407.409     122       0  -4.438750000000000e+07   4.823e+08   1.000e+00
    111  232319.861     123       0  -4.438759200000000e+07   4.452e+08   1.000e+00
    112  234227.944     124       0  -4.438768400000000e+07   5.228e+08   1.000e+00
    113  236101.567     125       0  -4.438782800000000e+07   1.203e+09   1.000e+00
    114  238028.470     126       0  -4.438798800000000e+07   5.915e+08   1.000e+00
    115  239955.167     127       0  -4.438807600000000e+07   4.040e+08   1.000e+00
    116  241825.508     128       0  -4.438815200000000e+07   4.524e+08   1.000e+00
    117  243738.319     129       0  -4.438826000000000e+07   5.777e+08   1.000e+00
    118  245660.388     130       0  -4.438837200000000e+07   9.722e+08   1.000e+00
    119  247546.079     131       0  -4.438848800000000e+07   4.211e+08   1.000e+00
    120  249410.942     132       0  -4.438856800000000e+07   4.264e+08   1.000e+00
    121  251331.107     133       0  -4.438864000000000e+07   4.750e+08   1.000e+00
    122  253204.996     134       0  -4.438874000000000e+07   1.142e+09   1.000e+00
    123  255086.533     135       0  -4.438888400000000e+07   4.920e+08   1.000e+00
    124  257008.667     136       0  -4.438897200000000e+07   4.039e+08   1.000e+00
    125  258931.927     137       0  -4.438905600000000e+07   4.543e+08   1.000e+00
    126  260789.171     138       0  -4.438915200000000e+07   1.036e+09   1.000e+00
    127  262722.936     139       0  -4.438928400000000e+07   5.030e+08   1.000e+00
    128  264640.348     140       0  -4.438938400000000e+07   3.819e+08   1.000e+00
    129  266499.189     141       0  -4.438946000000000e+07   4.580e+08   1.000e+00
    130  268420.944     142       0  -4.438959600000000e+07   8.515e+08   1.000e+00
    131  270339.343     143       0  -4.438972400000000e+07   4.985e+08   1.000e+00
    132  272203.482     144       0  -4.438981200000000e+07   3.889e+08   1.000e+00
    133  274129.637     145       0  -4.438992400000000e+07   5.018e+08   1.000e+00
    134  276064.180     146       0  -4.439002800000000e+07   8.794e+08   1.000e+00
    135  277945.014     147       0  -4.439012400000000e+07   4.839e+08   1.000e+00
    136  279824.946     148       0  -4.439024800000000e+07   3.976e+08   1.000e+00
    137  281747.553     149       0  -4.439032000000000e+07   4.172e+08   1.000e+00
    138  283651.339     150       0  -4.439042400000000e+07   1.245e+09   1.000e+00
    139  285519.297     151       0  -4.439057600000000e+07   4.195e+08   1.000e+00
    140  287456.252     152       0  -4.439063600000000e+07   3.265e+08   1.000e+00
    141  289372.233     153       0  -4.439072000000000e+07   4.307e+08   1.000e+00
    142  291272.863     154       0  -4.439085600000000e+07   5.858e+08   1.000e+00
    143  293146.506     155       0  -4.439099200000000e+07   9.493e+08   1.000e+00
    144  295065.735     156       0  -4.439110000000000e+07   3.897e+08   1.000e+00
    145  297011.267     157       0  -4.439116400000000e+07   3.866e+08   1.000e+00
    146  298905.052     158       0  -4.439124800000000e+07   4.437e+08   1.000e+00
    147  300830.963     159       0  -4.439133600000000e+07   1.241e+09   1.000e+00
    148  302763.860     160       0  -4.439146400000000e+07   4.638e+08   1.000e+00
    149  304654.206     161       0  -4.439152800000000e+07   3.271e+08   1.000e+00
    150  306534.682     162       0  -4.439160800000000e+07   4.048e+08   1.000e+00
    151  308483.273     163       0  -4.439173600000000e+07   4.867e+08   1.000e+00
    152  310430.091     164       0  -4.439182800000000e+07   1.129e+09   1.000e+00
    153  312360.825     165       0  -4.439194400000000e+07   3.352e+08   1.000e+00
    154  314250.848     166       0  -4.439198000000000e+07   3.228e+08   1.000e+00
    155  316197.738     167       0  -4.439207200000000e+07   4.222e+08   1.000e+00
    156  318096.614     168       0  -4.439220400000000e+07   9.696e+08   1.000e+00
    157  319990.812     169       0  -4.439232800000000e+07   4.989e+08   1.000e+00
    158  321867.492     170       0  -4.439242000000000e+07   3.648e+08   1.000e+00
    159  323801.549     171       0  -4.439250000000000e+07   4.133e+08   1.000e+00
    160  325723.629     172       0  -4.439260800000000e+07   6.592e+08   1.000e+00
    161  327580.669     173       0  -4.439270800000000e+07   4.599e+08   1.000e+00
    162  329491.333     174       0  -4.439277200000000e+07   3.597e+08   1.000e+00
    163  331448.766     175       0  -4.439288400000000e+07   4.023e+08   1.000e+00
    164  333355.020     176       0  -4.439295600000000e+07   9.355e+08   1.000e+00
    165  335240.478     177       0  -4.439303600000000e+07   4.739e+08   1.000e+00
    166  337178.274     178       0  -4.439313600000000e+07   3.405e+08   1.000e+00
    167  339141.371     179       0  -4.439320400000000e+07   3.917e+08   1.000e+00
    168  341066.820     180       0  -4.439332800000000e+07   6.562e+08   1.000e+00
    169  342946.443     181       0  -4.439344000000000e+07   6.859e+08   1.000e+00
    170  344899.114     182       0  -4.439349600000000e+07   3.176e+08   1.000e+00
    171  346820.360     183       0  -4.439354000000000e+07   3.355e+08   1.000e+00
    172  348743.451     184       0  -4.439360800000000e+07   4.038e+08   1.000e+00
    173  350620.509     185       0  -4.439369600000000e+07   1.025e+09   1.000e+00
    174  352559.188     186       0  -4.439379600000000e+07   4.264e+08   1.000e+00
    175  354466.693     187       0  -4.439385600000000e+07   3.250e+08   1.000e+00
    176  356366.520     188       0  -4.439391600000000e+07   3.850e+08   1.000e+00
    177  358259.813     189       0  -4.439402000000000e+07   4.737e+08   1.000e+00
    178  360183.304     190       0  -4.439409600000000e+07   1.024e+09   1.000e+00
    179  362117.496     191       0  -4.439418800000000e+07   3.324e+08   1.000e+00
    180  363997.843     192       0  -4.439422400000000e+07   2.965e+08   1.000e+00
    181  365916.310     193       0  -4.439428800000000e+07   3.766e+08   1.000e+00
    182  367831.976     194       0  -4.439437600000000e+07   8.050e+08   1.000e+00
    183  369694.731     195       0  -4.439446800000000e+07   3.914e+08   1.000e+00
    184  371617.638     196       0  -4.439452800000000e+07   3.028e+08   1.000e+00
    185  373562.406     197       0  -4.439459600000000e+07   3.641e+08   1.000e+00
    186  375502.847     198       0  -4.439467600000000e+07   6.586e+08   1.000e+00
    187  377373.113     199       0  -4.439476400000000e+07   3.653e+08   1.000e+00
    188  379300.246     200       0  -4.439482000000000e+07   2.988e+08   1.000e+00
    189  381243.125     201       0  -4.439488800000000e+07   3.540e+08   1.000e+00
    190  383134.025     202       0  -4.439494400000000e+07   8.460e+08   1.000e+00
    191  385016.501     203       0  -4.439500800000000e+07   3.736e+08   1.000e+00
    192  386944.415     204       0  -4.439506400000000e+07   2.932e+08   1.000e+00
    193  388881.558     205       0  -4.439511600000000e+07   3.479e+08   1.000e+00
    194  390750.214     206       0  -4.439520800000000e+07   5.650e+08   1.000e+00
    195  392693.836     207       0  -4.439529200000000e+07   5.960e+08   1.000e+00
    196  394622.963     208       0  -4.439534000000000e+07   2.749e+08   1.000e+00
    197  396493.203     209       0  -4.439538400000000e+07   2.899e+08   1.000e+00
    198  398412.098     210       0  -4.439542400000000e+07   3.285e+08   1.000e+00
    199  400355.521     211       0  -4.439548400000000e+07   8.280e+08   1.000e+00
    200  402314.505     212       0  -4.439555200000000e+07   3.296e+08   1.000e+00
    201  404192.760     213       0  -4.439559200000000e+07   2.790e+08   1.000e+00
    202  406133.088     214       0  -4.439564000000000e+07   3.280e+08   1.000e+00
    203  408085.281     215       0  -4.439572000000000e+07   5.252e+08   1.000e+00
    204  410024.389     216       0  -4.439580400000000e+07   4.934e+08   1.000e+00
    205  411924.081     217       0  -4.439584000000000e+07   2.706e+08   1.000e+00
    206  413805.398     218       0  -4.439590000000000e+07   2.977e+08   1.000e+00
    207  415755.392     219       0  -4.439594800000000e+07   3.411e+08   1.000e+00
    208  417694.468     220       0  -4.439603200000000e+07   6.731e+08   1.000e+00
    209  419578.198     221       0  -4.439609200000000e+07   3.141e+08   1.000e+00
    210  421497.806     222       0  -4.439613200000000e+07   2.955e+08   1.000e+00
    211  423442.572     223       0  -4.439618400000000e+07   3.413e+08   1.000e+00
    212  425376.265     224       0  -4.439624400000000e+07   9.602e+08   1.000e+00
    213  427267.330     225       0  -4.439631200000000e+07   3.382e+08   1.000e+00
    214  429203.829     226       0  -4.439634800000000e+07   2.492e+08   1.000e+00
    215  431161.615     227       0  -4.439640000000000e+07   3.074e+08   1.000e+00
    216  433101.497     228       0  -4.439647200000000e+07   3.874e+08   1.000e+00
    217  434981.140     229       0  -4.439653600000000e+07   8.231e+08   1.000e+00
    218  436914.124     230       0  -4.439660400000000e+07   2.555e+08   1.000e+00
    219  438862.028     231       0  -4.439662400000000e+07   2.390e+08   1.000e+00
    220  440798.782     232       0  -4.439667600000000e+07   2.983e+08   1.000e+00
    221  442681.849     233       0  -4.439674800000000e+07   7.128e+08   1.000e+00
    222  444625.072     234       0  -4.439681200000000e+07   3.432e+08   1.000e+00
    223  446577.508     235       0  -4.439684800000000e+07   2.609e+08   1.000e+00
    224  448522.560     236       0  -4.439689600000000e+07   3.024e+08   1.000e+00
    225  450406.435     237       0  -4.439697200000000e+07   4.095e+08   1.000e+00
    226  452360.178     238       0  -4.439704000000000e+07   6.318e+08   1.000e+00
    227  454308.816     239       0  -4.439708400000000e+07   2.665e+08   1.000e+00
    228  456218.129     240       0  -4.439712000000000e+07   2.710e+08   1.000e+00
    229  458110.691     241       0  -4.439716000000000e+07   3.194e+08   1.000e+00
    230  460057.697     242       0  -4.439722400000000e+07   7.531e+08   1.000e+00
    231  461993.812     243       0  -4.439728800000000e+07   3.238e+08   1.000e+00
    232  463906.310     244       0  -4.439732400000000e+07   2.503e+08   1.000e+00
    233  465794.365     245       0  -4.439736800000000e+07   2.812e+08   1.000e+00
    234  467738.336     246       0  -4.439743200000000e+07   4.356e+08   1.000e+00
    235  469655.811     247       0  -4.439750000000000e+07   3.980e+08   1.000e+00
    236  471564.684     248       0  -4.439754400000000e+07   2.451e+08   1.000e+00
    237  473455.776     249       0  -4.439758800000000e+07   2.827e+08   1.000e+00
    238  475387.644     250       0  -4.439763600000000e+07   3.903e+08   1.000e+00
    239  477322.725     251       0  -4.439769200000000e+07   2.894e+08   1.000e+00
    240  479285.347     252       0  -4.439774400000000e+07   2.762e+08   1.000e+00
    241  481166.067     253       0  -4.439780400000000e+07   4.216e+08   1.000e+00
    242  483099.452     254       0  -4.439784000000000e+07   2.596e+08   1.000e+00
    243  485046.426     255       0  -4.439788000000000e+07   2.586e+08   1.000e+00
    244  486990.107     256       0  -4.439793200000000e+07   3.522e+08   1.000e+00
    245  488875.914     257       0  -4.439798000000000e+07   4.860e+08   1.000e+00
    246  490812.256     258       0  -4.439802000000000e+07   2.558e+08   1.000e+00
    247  492751.154     259       0  -4.439804800000000e+07   2.336e+08   1.000e+00
    248  494690.092     260       0  -4.439808800000000e+07   2.704e+08   1.000e+00
    249  496565.830     261       0  -4.439814000000000e+07   6.111e+08   1.000e+00
    250  498479.316     262       0  -4.439818000000000e+07   2.458e+08   1.000e+00
    251  500433.607     263       0  -4.439820800000000e+07   2.269e+08   1.000e+00
    252  502376.711     264       0  -4.439824800000000e+07   2.738e+08   1.000e+00
    253  504287.176     265       0  -4.439830000000000e+07   4.805e+08   1.000e+00
    254  506180.202     266       0  -4.439836000000000e+07   3.421e+08   1.000e+00
    255  508127.427     267       0  -4.439838800000000e+07   2.241e+08   1.000e+00
    256  510072.589     268       0  -4.439842400000000e+07   2.589e+08   1.000e+00
    257  511941.228     269       0  -4.439845200000000e+07   3.578e+08   1.000e+00
    258  513844.010     270       0  -4.439848800000000e+07   2.616e+08   1.000e+00
    259  515783.434     271       0  -4.439854800000000e+07   2.411e+08   1.000e+00
    260  517725.131     272       0  -4.439858400000000e+07   4.039e+08   1.000e+00
    261  519654.457     273       0  -4.439862800000000e+07   2.612e+08   1.000e+00
    262  521556.013     274       0  -4.439868000000000e+07   2.217e+08   1.000e+00
    263  523502.633     275       0  -4.439871600000000e+07   3.434e+08   1.000e+00
    264  525444.529     276       0  -4.439875600000000e+07   2.586e+08   1.000e+00
    265  527349.409     277       0  -4.439880000000000e+07   2.699e+08   1.000e+00
    266  529239.257     278       0  -4.439884000000000e+07   3.747e+08   1.000e+00
    267  531185.468     279       0  -4.439886400000000e+07   2.471e+08   1.000e+00
    268  533154.172     280       0  -4.439890400000000e+07   2.254e+08   1.000e+00
    269  535108.833     281       0  -4.439893600000000e+07   3.118e+08   1.000e+00
    270  536995.046     282       0  -4.439898000000000e+07   2.651e+08   1.000e+00
    271  538948.850     283       0  -4.439902800000000e+07   3.531e+08   1.000e+00
    272  540918.206     284       0  -4.439906800000000e+07   2.274e+08   1.000e+00
    273  542885.115     285       0  -4.439909200000000e+07   2.073e+08   1.000e+00
    274  544750.717     286       0  -4.439912400000000e+07   3.425e+08   1.000e+00
    275  546680.285     287       0  -4.439916800000000e+07   2.878e+08   1.000e+00
    276  548585.522     288       0  -4.439919200000000e+07   2.333e+08   1.000e+00
    277  550442.292     289       0  -4.439924800000000e+07   2.856e+08   1.000e+00
    278  552357.210     290       0  -4.439928000000000e+07   3.454e+08   1.000e+00
    279  554282.265     291       0  -4.439929600000000e+07   2.277e+08   1.000e+00
    280  556183.418     292       0  -4.439934400000000e+07   1.877e+08   1.000e+00
    281  558060.059     293       0  -4.439936400000000e+07   2.611e+08   1.000e+00
    282  559980.140     294       0  -4.439940800000000e+07   2.304e+08   1.000e+00
    283  561905.555     295       0  -4.439946400000000e+07   4.258e+08   1.000e+00
    284  563761.102     296       0  -4.439950000000000e+07   2.077e+08   1.000e+00
    285  565692.454     297       0  -4.439952400000000e+07   1.979e+08   1.000e+00
    286  567608.310     298       0  -4.439955200000000e+07   2.548e+08   1.000e+00
    287  569466.400     299       0  -4.439958800000000e+07   4.305e+08   1.000e+00
    288  571382.760     300       0  -4.439962000000000e+07   2.289e+08   1.000e+00
    289  573323.244     301       0  -4.439964800000000e+07   2.036e+08   1.000e+00
    290  575264.839     302       0  -4.439967600000000e+07   2.204e+08   1.000e+00
    291  577123.185     303       0  -4.439970800000000e+07   6.303e+08   1.000e+00
    292  579038.031     304       0  -4.439974000000000e+07   1.995e+08   1.000e+00
    293  580978.754     305       0  -4.439976000000000e+07   1.713e+08   1.000e+00
    294  582849.476     306       0  -4.439978400000000e+07   2.232e+08   1.000e+00
    295  584792.937     307       0  -4.439981600000000e+07   3.255e+08   1.000e+00
    296  586725.353     308       0  -4.439987200000000e+07   4.260e+08   1.000e+00
    297  588643.286     309       0  -4.439990000000000e+07   2.037e+08   1.000e+00
    298  590518.661     310       0  -4.439992000000000e+07   2.070e+08   1.000e+00
    299  592449.674     311       0  -4.439994800000000e+07   2.340e+08   1.000e+00
    300  594379.228     312       0  -4.439998800000000e+07   5.478e+08   1.000e+00
    301  596247.260     313       0  -4.440001600000000e+07   2.138e+08   1.000e+00
    302  598159.826     314       0  -4.440004000000000e+07   1.857e+08   1.000e+00
    303  600091.555     315       0  -4.440006400000000e+07   2.188e+08   1.000e+00
    304  601985.374     316       0  -4.440011600000000e+07   4.518e+08   1.000e+00
    305  603858.724     317       0  -4.440015600000000e+07   2.376e+08   1.000e+00
    306  605796.026     318       0  -4.440016800000000e+07   1.779e+08   1.000e+00
    307  607713.776     319       0  -4.440019600000000e+07   1.895e+08   1.000e+00
    308  609589.462     320       0  -4.440022800000000e+07   3.599e+08   1.000e+00
    309  611537.960     321       0  -4.440025600000000e+07   2.174e+08   1.000e+00
    310  613472.862     322       0  -4.440028800000000e+07   1.750e+08   1.000e+00
    311  615371.261     323       0  -4.440031600000000e+07   2.373e+08   1.000e+00
    312  617242.549     324       0  -4.440033600000000e+07   2.631e+08   1.000e+00
    313  619184.745     325       0  -4.440036800000000e+07   2.026e+08   1.000e+00
    314  621115.841     326       0  -4.440040400000000e+07   2.509e+08   1.000e+00
    315  622979.065     327       0  -4.440041200000000e+07   2.190e+08   1.000e+00
    316  624904.258     328       0  -4.440043200000000e+07   1.947e+08   1.000e+00
    317  626837.306     329       0  -4.440047600000000e+07   3.460e+08   1.000e+00
    318  628737.683     330       0  -4.440050000000000e+07   3.210e+08   1.000e+00
    319  630619.241     331       0  -4.440050800000000e+07   1.725e+08   1.000e+00
    320  632571.540     332       0  -4.440052400000000e+07   1.253e+08   1.000e+00
    321  634516.363     333       0  -4.440055200000000e+07   1.892e+08   1.000e+00
    322  636400.274     334       0  -4.440057600000000e+07   3.540e+08   1.000e+00
    323  638351.198     335       0  -4.440060800000000e+07   2.027e+08   1.000e+00
    324  640298.030     336       0  -4.440064000000000e+07   1.705e+08   1.000e+00
    325  642239.937     337       0  -4.440066000000000e+07   2.031e+08   1.000e+00
    326  644119.895     338       0  -4.440068400000000e+07   4.573e+08   1.000e+00
    327  646058.723     339       0  -4.440070000000000e+07   1.917e+08   1.000e+00
    328  648013.656     340       0  -4.440072000000000e+07   1.616e+08   1.000e+00
    329  649968.321     341       0  -4.440074400000000e+07   1.913e+08   1.000e+00
    330  651861.047     342       0  -4.440077600000000e+07   3.291e+08   1.000e+00
    331  653769.287     343       0  -4.440080800000000e+07   2.757e+08   1.000e+00
    332  655710.543     344       0  -4.440082400000000e+07   1.596e+08   1.000e+00
    333  657633.229     345       0  -4.440084400000000e+07   1.711e+08   1.000e+00
    334  659506.873     346       0  -4.440086400000000e+07   2.393e+08   1.000e+00
    335  661446.113     347       0  -4.440088800000000e+07   1.926e+08   1.000e+00
    336  663394.849     348       0  -4.440092400000000e+07   2.223e+08   1.000e+00
    337  665345.225     349       0  -4.440094800000000e+07   3.647e+08   1.000e+00
    338  667233.638     350       0  -4.440096000000000e+07   1.745e+08   1.000e+00
    339  669174.535     351       0  -4.440096800000000e+07   1.458e+08   1.000e+00
    340  671138.878     352       0  -4.440099200000000e+07   1.954e+08   1.000e+00
    341  673077.222     353       0  -4.440101200000000e+07   4.128e+08   1.000e+00
    342  674962.718     354       0  -4.440104000000000e+07   2.016e+08   1.000e+00
    343  676918.112     355       0  -4.440106400000000e+07   1.505e+08   1.000e+00
    344  678872.442     356       0  -4.440108000000000e+07   1.670e+08   1.000e+00
    345  680823.628     357       0  -4.440110800000000e+07   4.227e+08   1.000e+00
    346  682711.634     358       0  -4.440112800000000e+07   1.734e+08   1.000e+00
    347  684629.733     359       0  -4.440114800000000e+07   1.475e+08   1.000e+00
    348  686594.147     360       0  -4.440116000000000e+07   1.827e+08   1.000e+00
    349  688544.132     361       0  -4.440119200000000e+07   3.259e+08   1.000e+00
    350  690437.901     362       0  -4.440122800000000e+07   2.600e+08   1.000e+00
    351  692362.672     363       0  -4.440124000000000e+07   1.502e+08   1.000e+00
    352  694318.081     364       0  -4.440125600000000e+07   1.573e+08   1.000e+00
    353  696248.534     365       0  -4.440127600000000e+07   1.954e+08   1.000e+00
    354  698144.240     366       0  -4.440130400000000e+07   1.858e+08   1.000e+00
    355  700094.621     367       0  -4.440133200000000e+07   1.975e+08   1.000e+00
    356  702016.679     368       0  -4.440135600000000e+07   1.880e+08   1.000e+00
    357  703958.305     369       0  -4.440137200000000e+07   1.771e+08   1.000e+00
    358  705851.228     370       0  -4.440138800000000e+07   1.686e+08   1.000e+00
    359  707786.572     371       0  -4.440141600000000e+07   2.684e+08   1.000e+00
    360  709738.500     372       0  -4.440143600000000e+07   1.715e+08   1.000e+00
    361  711692.150     373       0  -4.440145600000000e+07   1.577e+08   1.000e+00
    362  713580.753     374       0  -4.440148000000000e+07   1.900e+08   1.000e+00
    363  715492.786     375       0  -4.440151200000000e+07   1.979e+08   1.000e+00
    364  717445.008     376       0  -4.440152400000000e+07   1.673e+08   1.000e+00
    365  719393.182     377       0  -4.440154400000000e+07   1.577e+08   1.000e+00
    366  721279.946     378       0  -4.440156400000000e+07   1.623e+08   1.000e+00
    367  723199.275     379       0  -4.440158400000000e+07   2.814e+08   1.000e+00
    368  725149.737     380       0  -4.440161600000000e+07   1.736e+08   1.000e+00
    369  727112.116     381       0  -4.440163200000000e+07   1.480e+08   1.000e+00
    370  728991.532     382       0  -4.440165200000000e+07   1.641e+08   1.000e+00
    371  730914.028     383       0  -4.440167600000000e+07   1.859e+08   1.000e+00
    372  732853.481     384       0  -4.440169600000000e+07   1.706e+08   1.000e+00
    373  734780.885     385       0  -4.440172000000000e+07   1.691e+08   1.000e+00
    374  736670.259     386       0  -4.440173200000000e+07   1.950e+08   1.000e+00
    375  738603.264     387       0  -4.440175600000000e+07   1.697e+08   1.000e+00
    376  740566.630     388       0  -4.440177200000000e+07   1.979e+08   1.000e+00
    377  742518.696     389       0  -4.440178400000000e+07   1.638e+08   1.000e+00
    378  744421.052     390       0  -4.440180400000000e+07   1.470e+08   1.000e+00
    379  746332.290     391       0  -4.440182000000000e+07   1.616e+08   1.000e+00
    380  748298.717     392       0  -4.440183600000000e+07   2.295e+08   1.000e+00
    381  750252.125     393       0  -4.440186400000000e+07   1.604e+08   1.000e+00
    382  752173.261     394       0  -4.440186800000000e+07   1.324e+08   1.000e+00
    383  754064.357     395       0  -4.440188800000000e+07   1.636e+08   1.000e+00
    384  756019.298     396       0  -4.440190400000000e+07   1.772e+08   1.000e+00
    385  757979.468     397       0  -4.440192800000000e+07   1.659e+08   1.000e+00
    386  759900.578     398       0  -4.440194800000000e+07   1.726e+08   1.000e+00
    387  761787.404     399       0  -4.440195600000000e+07   1.712e+08   1.000e+00
    388  763747.646     400       0  -4.440197200000000e+07   1.385e+08   1.000e+00
    389  765694.128     401       0  -4.440199200000000e+07   1.584e+08   1.000e+00
    390  767611.894     402       0  -4.440200800000000e+07   2.591e+08   1.000e+00
    391  769513.067     403       0  -4.440202000000000e+07   1.468e+08   1.000e+00
    392  771466.435     404       0  -4.440203200000000e+07   1.243e+08   1.000e+00
    393  773414.712     405       0  -4.440204800000000e+07   1.508e+08   1.000e+00
    394  775327.593     406       0  -4.440207200000000e+07   2.900e+08   1.000e+00
    395  777207.271     407       0  -4.440207600000000e+07   1.261e+08   1.000e+00
    396  779145.889     408       0  -4.440209200000000e+07   1.221e+08   1.000e+00
    397  781057.708     409       0  -4.440209600000000e+07   1.492e+08   1.000e+00
    398  782933.297     410       0  -4.440212400000000e+07   2.804e+08   1.000e+00
    399  784862.773     411       0  -4.440213600000000e+07   1.583e+08   1.000e+00
    400  786803.840     412       0  -4.440214400000000e+07   1.145e+08   1.000e+00
    401  788677.572     413       0  -4.440216400000000e+07   1.320e+08   1.000e+00
    402  790599.993     414       0  -4.440217200000000e+07   2.474e+08   1.000e+00
    403  792548.141     415       0  -4.440218000000000e+07   1.487e+08   1.000e+00
    404  794480.655     416       0  -4.440219600000000e+07   1.233e+08   1.000e+00
    405  796357.751     417       0  -4.440221200000000e+07   1.502e+08   1.000e+00
    406  798292.014     418       0  -4.440222400000000e+07   2.332e+08   1.000e+00
    407  800214.150     419       0  -4.440223600000000e+07   1.359e+08   1.000e+00
    408  802105.082     420       0  -4.440224800000000e+07   1.256e+08   1.000e+00
    409  803977.509     421       0  -4.440226000000000e+07   1.485e+08   1.000e+00
    410  805914.332     422       0  -4.440227600000000e+07   2.981e+08   1.000e+00
    411  807827.944     423       0  -4.440229200000000e+07   1.444e+08   1.000e+00
    412  809698.135     424       0  -4.440230000000000e+07   1.224e+08   1.000e+00
    413  811627.374     425       0  -4.440231600000000e+07   1.380e+08   1.000e+00
    414  813547.504     426       0  -4.440233600000000e+07   2.905e+08   1.000e+00
    415  815427.138     427       0  -4.440234800000000e+07   1.481e+08   1.000e+00
    416  817331.123     428       0  -4.440236400000000e+07   1.169e+08   1.000e+00
    417  819274.360     429       0  -4.440237600000000e+07   1.403e+08   1.000e+00
    418  821230.576     430       0  -4.440239200000000e+07   2.884e+08   1.000e+00
    419  823104.018     431       0  -4.440240800000000e+07   1.489e+08   1.000e+00
    420  825038.663     432       0  -4.440241600000000e+07   1.230e+08   1.000e+00
    421  826969.015     433       0  -4.440243600000000e+07   1.409e+08   1.000e+00
    422  828842.651     434       0  -4.440244800000000e+07   3.095e+08   1.000e+00
    423  830709.748     435       0  -4.440246400000000e+07   1.461e+08   1.000e+00
    424  862236.337     452       0  -4.440246400000000e+07   1.459e+08   3.979e-06
# Termination: function reduction test satisfied
# Iter.   Time (ms)    Eval. Reject.       Obj. Func.           Grad.       Step
# ---------------------------------------------------------------------------------
      0    1811.893       1       0  -4.426145600000000e+07   4.285e+09   0.000e+00
      1   23958.104      13       0  -4.427483600000000e+07   6.023e+09   1.085e-15
      2   25849.166      14       0  -4.428374000000000e+07   3.860e+09   1.000e+00
      3   27734.335      15       0  -4.429241200000000e+07   3.645e+09   1.000e+00
      4   29562.305      16       0  -4.430181200000000e+07   4.826e+09   1.000e+00
      5   31446.144      17       0  -4.430972400000000e+07   4.213e+09   1.000e+00
      6   33353.491      18       0  -4.431428400000000e+07   2.864e+09   1.000e+00
      7   35193.307      19       0  -4.431944400000000e+07   2.794e+09   1.000e+00
      8   37094.769      20       0  -4.432436400000000e+07   3.755e+09   1.000e+00
      9   38968.531      21       0  -4.432914800000000e+07   2.723e+09   1.000e+00
     10   40831.857      22       0  -4.433304400000000e+07   2.630e+09   1.000e+00
     11   42736.531      23       0  -4.433579600000000e+07   2.511e+09   1.000e+00
     12   44638.208      24       0  -4.433800000000000e+07   2.032e+09   1.000e+00
     13   46519.754      25       0  -4.434075600000000e+07   2.217e+09   1.000e+00
     14   48446.919      26       0  -4.434295600000000e+07   2.688e+09   1.000e+00
     15   50382.422      27       0  -4.434473200000000e+07   1.825e+09   1.000e+00
     16   52266.109      28       0  -4.434665600000000e+07   1.648e+09   1.000e+00
     17   54182.760      29       0  -4.434819200000000e+07   2.356e+09   1.000e+00
     18   56103.279      30       0  -4.434961600000000e+07   1.626e+09   1.000e+00
     19   57964.449      31       0  -4.435127200000000e+07   1.633e+09   1.000e+00
     20   59874.852      32       0  -4.435242400000000e+07   1.926e+09   1.000e+00
     21   61802.443      33       0  -4.435346400000000e+07   1.534e+09   1.000e+00
     22   63693.383      34       0  -4.435499600000000e+07   1.908e+09   1.000e+00
     23   65557.069      35       0  -4.435602400000000e+07   1.971e+09   1.000e+00
     24   67460.877      36       0  -4.435666800000000e+07   1.367e+09   1.000e+00
     25   69339.367      37       0  -4.435765200000000e+07   1.152e+09   1.000e+00
     26   71212.126      38       0  -4.435837200000000e+07   1.916e+09   1.000e+00
     27   73118.152      39       0  -4.435910000000000e+07   1.346e+09   1.000e+00
     28   74998.510      40       0  -4.435994400000000e+07   1.130e+09   1.000e+00
     29   76879.878      41       0  -4.436052400000000e+07   1.428e+09   1.000e+00
     30   78819.437      42       0  -4.436114400000000e+07   1.246e+09   1.000e+00
     31   80743.605      43       0  -4.436180000000000e+07   2.014e+09   1.000e+00
     32   82610.484      44       0  -4.436236400000000e+07   1.120e+09   1.000e+00
     33   84545.461      45       0  -4.436267200000000e+07   9.351e+08   1.000e+00
     34   86473.112      46       0  -4.436314800000000e+07   1.109e+09   1.000e+00
     35   88345.832      47       0  -4.436334800000000e+07   2.459e+09   1.000e+00
     36   90195.008      48       0  -4.436386000000000e+07   1.039e+09   1.000e+00
     37   92094.271      49       0  -4.436420000000000e+07   7.592e+08   1.000e+00
     38   93969.152      50       0  -4.436450800000000e+07   9.330e+08   1.000e+00
     39   95822.328      51       0  -4.436500800000000e+07   1.479e+09   1.000e+00
     40   97726.441      52       0  -4.436556000000000e+07   1.378e+09   1.000e+00
     41   99594.986      53       0  -4.436596000000000e+07   8.444e+08   1.000e+00
     42  101455.972      54       0  -4.436646400000000e+07   9.434e+08   1.000e+00
     43  103358.216      55       0  -4.436676400000000e+07   1.348e+09   1.000e+00
     44  105237.831      56       0  -4.436711200000000e+07   8.310e+08   1.000e+00
     45  107093.199      57       0  -4.436760000000000e+07   7.403e+08   1.000e+00
     46  109022.916      58       0  -4.436796000000000e+07   9.543e+08   1.000e+00
     47  110943.589      59       0  -4.436844400000000e+07   1.168e+09   1.000e+00
     48  112806.974      60       0  -4.436881200000000e+07   7.862e+08   1.000e+00
     49  114720.181      61       0  -4.436913600000000e+07   7.835e+08   1.000e+00
     50  116620.167      62       0  -4.436944800000000e+07   1.010e+09   1.000e+00
     51  118472.795      63       0  -4.436983600000000e+07   8.113e+08   1.000e+00
     52  120372.229      64       0  -4.437015600000000e+07   7.149e+08   1.000e+00
     53  122291.335      65       0  -4.437051200000000e+07   8.928e+08   1.000e+00
     54  124176.227      66       0  -4.437081200000000e+07   8.671e+08   1.000e+00
     55  126050.395      67       0  -4.437109600000000e+07   7.319e+08   1.000e+00
     56  127964.458      68       0  -4.437147200000000e+07   1.096e+09   1.000e+00
     57  129843.947      69       0  -4.437173200000000e+07   1.035e+09   1.000e+00
     58  131686.129      70       0  -4.437190400000000e+07   7.135e+08   1.000e+00
     59  133580.314      71       0  -4.437223200000000e+07   5.736e+08   1.000e+00
     60  135446.411      72       0  -4.437250000000000e+07   9.236e+08   1.000e+00
     61  137307.468      73       0  -4.437283200000000e+07   7.190e+08   1.000e+00
     62  139224.117      74       0  -4.437316400000000e+07   8.764e+08   1.000e+00
     63  141101.200      75       0  -4.437344400000000e+07   7.817e+08   1.000e+00
     64  142959.641      76       0  -4.437361600000000e+07   6.301e+08   1.000e+00
     65  144873.440      77       0  -4.437387600000000e+07   7.600e+08   1.000e+00
     66  146745.582      78       0  -4.437407600000000e+07   1.379e+09   1.000e+00
     67  148612.500      79       0  -4.437428000000000e+07   6.758e+08   1.000e+00
     68  150529.850      80       0  -4.437448400000000e+07   5.226e+08   1.000e+00
     69  152409.695      81       0  -4.437465200000000e+07   5.923e+08   1.000e+00
     70  154276.758      82       0  -4.437499200000000e+07   1.160e+09   1.000e+00
     71  156192.763      83       0  -4.437527600000000e+07   8.145e+08   1.000e+00
     72  158080.229      84       0  -4.437538000000000e+07   4.757e+08   1.000e+00
     73  159948.722      85       0  -4.437551600000000e+07   5.137e+08   1.000e+00
     74  161895.230      86       0  -4.437568000000000e+07   6.793e+08   1.000e+00
     75  163812.778      87       0  -4.437593600000000e+07   7.460e+08   1.000e+00
     76  165666.682      88       0  -4.437613600000000e+07   6.534e+08   1.000e+00
     77  167583.627      89       0  -4.437633200000000e+07   5.643e+08   1.000e+00
     78  169484.462      90       0  -4.437649600000000e+07   6.708e+08   1.000e+00
     79  171333.672      91       0  -4.437667200000000e+07   6.226e+08   1.000e+00
     80  173251.068      92       0  -4.437681600000000e+07   5.271e+08   1.000e+00
     81  175174.006      93       0  -4.437699200000000e+07   6.005e+08   1.000e+00
     82  177044.073      94       0  -4.437712800000000e+07   7.989e+08   1.000e+00
     83  178938.224      95       0  -4.437724800000000e+07   5.094e+08   1.000e+00
     84  180860.674      96       0  -4.437743600000000e+07   4.504e+08   1.000e+00
     85  182756.730      97       0  -4.437757600000000e+07   6.763e+08   1.000e+00
     86  184626.873      98       0  -4.437774800000000e+07   5.432e+08   1.000e+00
     87  186548.824      99       0  -4.437794400000000e+07   8.691e+08   1.000e+00
     88  188429.128     100       0  -4.437809600000000e+07   4.894e+08   1.000e+00
     89  190295.044     101       0  -4.437818800000000e+07   4.940e+08   1.000e+00
     90  192219.334     102       0  -4.437836000000000e+07   6.283e+08   1.000e+00
     91  194097.133     103       0  -4.437851600000000e+07   1.376e+09   1.000e+00
     92  195957.824     104       0  -4.437870800000000e+07   5.511e+08   1.000e+00
     93  197876.166     105       0  -4.437883200000000e+07   4.352e+08   1.000e+00
     94  199758.162     106       0  -4.437897600000000e+07   5.023e+08   1.000e+00
     95  201620.500     107       0  -4.437910400000000e+07   1.261e+09   1.000e+00
     96  203533.425     108       0  -4.437928000000000e+07   4.958e+08   1.000e+00
     97  205412.755     109       0  -4.437936800000000e+07   3.805e+08   1.000e+00
     98  207271.609     110       0  -4.437946800000000e+07   4.773e+08   1.000e+00
     99  209190.649     111       0  -4.437964800000000e+07   5.815e+08   1.000e+00
    100  211119.085     112       0  -4.437972400000000e+07   1.666e+09   1.000e+00
    101  212979.828     113       0  -4.437994800000000e+07   4.452e+08   1.000e+00
    102  214902.129     114       0  -4.438000400000000e+07   3.543e+08   1.000e+00
    103  216821.629     115       0  -4.438012400000000e+07   4.447e+08   1.000e+00
    104  218682.212     116       0  -4.438025600000000e+07   9.648e+08   1.000e+00
    105  220604.374     117       0  -4.438041600000000e+07   5.261e+08   1.000e+00
    106  222538.481     118       0  -4.438053600000000e+07   3.783e+08   1.000e+00
    107  224448.372     119       0  -4.438063600000000e+07   4.830e+08   1.000e+00
    108  226320.297     120       0  -4.438075600000000e+07   6.659e+08   1.000e+00
    109  228244.445     121       0  -4.438085200000000e+07   4.562e+08   1.000e+00
    110  230177.162     122       0  -4.438094800000000e+07   4.323e+08   1.000e+00
    111  232034.446     123       0  -4.438104400000000e+07   4.948e+08   1.000e+00
    112  233948.284     124       0  -4.438114800000000e+07   8.972e+08   1.000e+00
    113  235871.087     125       0  -4.438125600000000e+07   4.340e+08   1.000e+00
    114  237730.797     126       0  -4.438134800000000e+07   3.860e+08   1.000e+00
    115  239663.881     127       0  -4.438142800000000e+07   4.305e+08   1.000e+00
    116  241574.536     128       0  -4.438151600000000e+07   1.040e+09   1.000e+00
    117  243438.120     129       0  -4.438163600000000e+07   3.920e+08   1.000e+00
    118  245362.647     130       0  -4.438170000000000e+07   3.665e+08   1.000e+00
    119  247287.127     131       0  -4.438177600000000e+07   4.307e+08   1.000e+00
    120  249194.098     132       0  -4.438189200000000e+07   8.500e+08   1.000e+00
    121  251055.061     133       0  -4.438202400000000e+07   4.457e+08   1.000e+00
    122  253001.890     134       0  -4.438208800000000e+07   3.381e+08   1.000e+00
    123  254927.152     135       0  -4.438217200000000e+07   4.199e+08   1.000e+00
    124  256791.192     136       0  -4.438225200000000e+07   8.362e+08   1.000e+00
    125  258741.359     137       0  -4.438233200000000e+07   4.187e+08   1.000e+00
    126  260693.892     138       0  -4.438241200000000e+07   3.690e+08   1.000e+00
    127  262597.907     139       0  -4.438248400000000e+07   4.201e+08   1.000e+00
    128  264479.375     140       0  -4.438262800000000e+07   7.864e+08   1.000e+00
    129  266428.521     141       0  -4.438276800000000e+07   5.715e+08   1.000e+00
    130  268374.201     142       0  -4.438282800000000e+07   3.344e+08   1.000e+00
    131  270321.671     143       0  -4.438291200000000e+07   3.632e+08   1.000e+00
    132  272204.739     144       0  -4.438298800000000e+07   5.007e+08   1.000e+00
    133  274145.326     145       0  -4.438310400000000e+07   4.052e+08   1.000e+00
    134  276101.108     146       0  -4.438324000000000e+07   4.184e+08   1.000e+00
    135  278017.085     147       0  -4.438334400000000e+07   9.130e+08   1.000e+00
    136  279907.636     148       0  -4.438343200000000e+07   3.538e+08   1.000e+00
    137  281859.758     149       0  -4.438347200000000e+07   2.909e+08   1.000e+00
    138  283804.255     150       0  -4.438354000000000e+07   3.889e+08   1.000e+00
    139  285683.638     151       0  -4.438364400000000e+07   9.045e+08   1.000e+00
    140  287602.387     152       0  -4.438374400000000e+07   4.473e+08   1.000e+00
    141  289544.388     153       0  -4.438383600000000e+07   3.127e+08   1.000e+00
    142  291467.139     154       0  -4.438390800000000e+07   3.349e+08   1.000e+00
    143  293356.423     155       0  -4.438400400000000e+07   7.230e+08   1.000e+00
    144  295291.344     156       0  -4.438410000000000e+07   3.265e+08   1.000e+00
    145  297255.268     157       0  -4.438416000000000e+07   2.974e+08   1.000e+00
    146  299188.370     158       0  -4.438422800000000e+07   3.790e+08   1.000e+00
    147  301078.178     159       0  -4.438430400000000e+07   8.976e+08   1.000e+00
    148  303024.910     160       0  -4.438438800000000e+07   3.961e+08   1.000e+00
    149  304979.585     161       0  -4.438445600000000e+07   3.103e+08   1.000e+00
    150  306873.502     162       0  -4.438452000000000e+07   3.559e+08   1.000e+00
    151  308757.906     163       0  -4.438462000000000e+07   6.449e+08   1.000e+00
    152  310694.543     164       0  -4.438472000000000e+07   4.743e+08   1.000e+00
    153  312642.576     165       0  -4.438477600000000e+07   2.917e+08   1.000e+00
    154  314513.181     166       0  -4.438484000000000e+07   3.268e+08   1.000e+00
    155  316443.024     167       0  -4.438491200000000e+07   4.545e+08   1.000e+00
    156  318395.194     168       0  -4.438500000000000e+07   3.548e+08   1.000e+00
    157  320351.268     169       0  -4.438507600000000e+07   3.541e+08   1.000e+00
    158  322204.947     170       0  -4.438514400000000e+07   3.589e+08   1.000e+00
    159  324142.114     171       0  -4.438520000000000e+07   3.340e+08   1.000e+00
    160  326098.163     172       0  -4.438526800000000e+07   3.166e+08   1.000e+00
    161  328058.364     173       0  -4.438532400000000e+07   5.258e+08   1.000e+00
    162  329955.902     174       0  -4.438538400000000e+07   3.273e+08   1.000e+00
    163  331896.862     175       0  -4.438544000000000e+07   2.970e+08   1.000e+00
    164  333865.073     176       0  -4.438549200000000e+07   3.686e+08   1.000e+00
    165  335822.790     177       0  -4.438556400000000e+07   3.841e+08   1.000e+00
    166  337713.544     178       0  -4.438562400000000e+07   3.024e+08   1.000e+00
    167  339639.509     179       0  -4.438567200000000e+07   3.011e+08   1.000e+00
    168  341601.208     180       0  -4.438572800000000e+07   3.554e+08   1.000e+00
    169  343559.577     181       0  -4.438578400000000e+07   3.557e+08   1.000e+00
    170  345471.713     182       0  -4.438584800000000e+07   3.179e+08   1.000e+00
    171  347391.733     183       0  -4.438591600000000e+07   3.583e+08   1.000e+00
    172  349359.824     184       0  -4.438596000000000e+07   3.180e+08   1.000e+00
    173  351317.123     185       0  -4.438599600000000e+07   2.610e+08   1.000e+00
    174  353245.270     186       0  -4.438606400000000e+07   4.169e+08   1.000e+00
    175  355139.410     187       0  -4.438611600000000e+07   4.744e+08   1.000e+00
    176  357079.385     188       0  -4.438614400000000e+07   2.941e+08   1.000e+00
    177  359022.601     189       0  -4.438619200000000e+07   2.397e+08   1.000e+00
    178  360943.202     190       0  -4.438623200000000e+07   3.114e+08   1.000e+00
    179  362847.969     191       0  -4.438630400000000e+07   4.644e+08   1.000e+00
    180  364797.355     192       0  -4.438634800000000e+07   2.898e+08   1.000e+00
    181  366737.412     193       0  -4.438638800000000e+07   2.911e+08   1.000e+00
    182  368619.482     194       0  -4.438644400000000e+07   3.277e+08   1.000e+00
    183  370506.540     195       0  -4.438649600000000e+07   8.240e+08   1.000e+00
    184  372439.666     196       0  -4.438655200000000e+07   3.012e+08   1.000e+00
    185  374377.732     197       0  -4.438658400000000e+07   2.116e+08   1.000e+00
    186  376338.456     198       0  -4.438661600000000e+07   2.589e+08   1.000e+00
    187  378231.582     199       0  -4.438667200000000e+07   3.488e+08   1.000e+00
    188  380178.094     200       0  -4.438674400000000e+07   5.999e+08   1.000e+00
    189  382125.308     201       0  -4.438678800000000e+07   2.407e+08   1.000e+00
    190  384055.783     202       0  -4.438681200000000e+07   2.425e+08   1.000e+00
    191  385936.264     203       0  -4.438684400000000e+07   2.807e+08   1.000e+00
    192  387856.939     204       0  -4.438690800000000e+07   7.329e+08   1.000e+00
    193  389817.923     205       0  -4.438696000000000e+07   3.057e+08   1.000e+00
    194  391757.673     206       0  -4.438698800000000e+07   2.138e+08   1.000e+00
    195  393631.813     207       0  -4.438702000000000e+07   2.474e+08   1.000e+00
    196  395568.858     208       0  -4.438707200000000e+07   3.328e+08   1.000e+00
    197  397523.233     209       0  -4.438712400000000e+07   5.487e+08   1.000e+00
    198  399417.241     210       0  -4.438716000000000e+07   2.247e+08   1.000e+00
    199  401317.847     211       0  -4.438717600000000e+07   2.274e+08   1.000e+00
    200  403263.754     212       0  -4.438721200000000e+07   2.743e+08   1.000e+00
    201  405195.616     213       0  -4.438725600000000e+07   6.878e+08   1.000e+00
    202  407092.568     214       0  -4.438730800000000e+07   2.984e+08   1.000e+00
    203  408982.685     215       0  -4.438734400000000e+07   2.114e+08   1.000e+00
    204  410898.177     216       0  -4.438736800000000e+07   2.412e+08   1.000e+00
    205  412827.408     217       0  -4.438742400000000e+07   3.330e+08   1.000e+00
    206  414704.654     218       0  -4.438746800000000e+07   4.666e+08   1.000e+00
    207  416645.616     219       0  -4.438750400000000e+07   2.122e+08   1.000e+00
    208  418586.509     220       0  -4.438752000000000e+07   2.259e+08   1.000e+00
    209  420491.312     221       0  -4.438755200000000e+07   2.576e+08   1.000e+00
    210  422383.272     222       0  -4.438759200000000e+07   7.222e+08   1.000e+00
    211  424332.915     223       0  -4.438763200000000e+07   2.459e+08   1.000e+00
    212  426280.291     224       0  -4.438766400000000e+07   1.829e+08   1.000e+00
    213  428162.946     225       0  -4.438768800000000e+07   2.257e+08   1.000e+00
    214  430086.672     226       0  -4.438774000000000e+07   3.020e+08   1.000e+00
    215  432026.288     227       0  -4.438779600000000e+07   5.207e+08   1.000e+00
    216  433967.659     228       0  -4.438782800000000e+07   1.952e+08   1.000e+00
    217  435840.043     229       0  -4.438784400000000e+07   2.029e+08   1.000e+00
    218  437782.896     230       0  -4.438787200000000e+07   2.325e+08   1.000e+00
    219  439729.119     231       0  -4.438791600000000e+07   6.459e+08   1.000e+00
    220  441635.350     232       0  -4.438794800000000e+07   2.442e+08   1.000e+00
    221  443522.450     233       0  -4.438797200000000e+07   1.807e+08   1.000e+00
    222  445459.373     234       0  -4.438799600000000e+07   2.188e+08   1.000e+00
    223  447411.962     235       0  -4.438804400000000e+07   2.611e+08   1.000e+00
    224  449327.627     236       0  -4.438807600000000e+07   7.185e+08   1.000e+00
    225  451195.407     237       0  -4.438812400000000e+07   2.018e+08   1.000e+00
    226  453159.823     238       0  -4.438813200000000e+07   1.654e+08   1.000e+00
    227  455089.377     239       0  -4.438816400000000e+07   2.072e+08   1.000e+00
    228  456973.840     240       0  -4.438820400000000e+07   4.399e+08   1.000e+00
    229  458897.494     241       0  -4.438825200000000e+07   2.473e+08   1.000e+00
    230  460845.544     242       0  -4.438827600000000e+07   1.822e+08   1.000e+00
    231  462784.080     243       0  -4.438830800000000e+07   2.222e+08   1.000e+00
    232  464655.587     244       0  -4.438834400000000e+07   3.418e+08   1.000e+00
    233  466607.828     245       0  -4.438836400000000e+07   2.322e+08   1.000e+00
    234  468554.741     246       0  -4.438838800000000e+07   2.030e+08   1.000e+00
    235  470472.162     247       0  -4.438841600000000e+07   2.171e+08   1.000e+00
    236  472362.136     248       0  -4.438844000000000e+07   5.816e+08   1.000e+00
    237  474314.349     249       0  -4.438846800000000e+07   2.183e+08   1.000e+00
    238  476268.161     250       0  -4.438847600000000e+07   1.506e+08   1.000e+00
    239  478207.545     251       0  -4.438849600000000e+07   1.945e+08   1.000e+00
    240  480078.950     252       0  -4.438852800000000e+07   2.626e+08   1.000e+00
    241  482009.285     253       0  -4.438856000000000e+07   4.643e+08   1.000e+00
    242  483958.972     254       0  -4.438858000000000e+07   1.715e+08   1.000e+00
    243  485876.268     255       0  -4.438858800000000e+07   1.700e+08   1.000e+00
    244  487776.261     256       0  -4.438861200000000e+07   1.961e+08   1.000e+00
    245  489744.129     257       0  -4.438863600000000e+07   5.052e+08   1.000e+00
    246  491694.138     258       0  -4.438866000000000e+07   2.143e+08   1.000e+00
    247  493590.544     259       0  -4.438868000000000e+07   1.556e+08   1.000e+00
    248  495511.390     260       0  -4.438869600000000e+07   1.877e+08   1.000e+00
    249  497466.159     261       0  -4.438872000000000e+07   2.269e+08   1.000e+00
    250  499427.914     262       0  -4.438873200000000e+07   7.342e+08   1.000e+00
    251  501315.733     263       0  -4.438877200000000e+07   2.018e+08   1.000e+00
    252  503232.044     264       0  -4.438877600000000e+07   1.392e+08   1.000e+00
    253  505184.464     265       0  -4.438879200000000e+07   1.837e+08   1.000e+00
    254  507117.040     266       0  -4.438882400000000e+07   2.128e+08   1.000e+00
    255  509055.546     267       0  -4.438884800000000e+07   6.949e+08   1.000e+00
    256  510954.655     268       0  -4.438888800000000e+07   1.710e+08   1.000e+00
    257  512915.931     269       0  -4.438889600000000e+07   1.327e+08   1.000e+00
    258  514897.703     270       0  -4.438891600000000e+07   1.594e+08   1.000e+00
    259  516834.097     271       0  -4.438894400000000e+07   3.309e+08   1.000e+00
    260  518733.135     272       0  -4.438898000000000e+07   1.895e+08   1.000e+00
    261  520688.846     273       0  -4.438900000000000e+07   1.425e+08   1.000e+00
    262  522646.110     274       0  -4.438902000000000e+07   2.021e+08   1.000e+00
    263  524578.219     275       0  -4.438904800000000e+07   2.188e+08   1.000e+00
    264  526488.254     276       0  -4.438906400000000e+07   1.764e+08   1.000e+00
    265  528451.341     277       0  -4.438909200000000e+07   1.996e+08   1.000e+00
    266  530428.210     278       0  -4.438911200000000e+07   1.957e+08   1.000e+00
    267  532374.879     279       0  -4.438913200000000e+07   1.703e+08   1.000e+00
    268  534281.300     280       0  -4.438916400000000e+07   2.850e+08   1.000e+00
    269  536204.518     281       0  -4.438918400000000e+07   2.001e+08   1.000e+00
    270  538174.098     282       0  -4.438919600000000e+07   1.624e+08   1.000e+00
    271  540142.115     283       0  -4.438922400000000e+07   1.762e+08   1.000e+00
    272  542084.512     284       0  -4.438925600000000e+07   3.850e+08   1.000e+00
    273  543996.848     285       0  -4.438926800000000e+07   1.557e+08   1.000e+00
    274  545973.662     286       0  -4.438927600000000e+07   1.236e+08   1.000e+00
    275  547946.119     287       0  -4.438929600000000e+07   1.520e+08   1.000e+00
    276  549912.278     288       0  -4.438931600000000e+07   2.228e+08   1.000e+00
    277  551861.722     289       0  -4.438934800000000e+07   1.842e+08   1.000e+00
    278  553774.603     290       0  -4.438935600000000e+07   1.488e+08   1.000e+00
    279  555722.914     291       0  -4.438938400000000e+07   1.703e+08   1.000e+00
    280  557678.205     292       0  -4.438939600000000e+07   3.838e+08   1.000e+00
    281  559610.314     293       0  -4.438940800000000e+07   1.762e+08   1.000e+00
    282  561521.033     294       0  -4.438942400000000e+07   1.174e+08   1.000e+00
    283  563474.351     295       0  -4.438944000000000e+07   1.438e+08   1.000e+00
    284  565450.197     296       0  -4.438946800000000e+07   1.837e+08   1.000e+00
    285  567404.117     297       0  -4.438949200000000e+07   4.537e+08   1.000e+00
    286  569296.660     298       0  -4.438950800000000e+07   1.339e+08   1.000e+00
    287  571256.036     299       0  -4.438951200000000e+07   1.168e+08   1.000e+00
    288  573221.553     300       0  -4.438952800000000e+07   1.472e+08   1.000e+00
    289  575175.323     301       0  -4.438954000000000e+07   3.531e+08   1.000e+00
    290  577072.870     302       0  -4.438956400000000e+07   1.757e+08   1.000e+00
    291  579005.290     303       0  -4.438957600000000e+07   1.252e+08   1.000e+00
    292  580973.687     304       0  -4.438958800000000e+07   1.427e+08   1.000e+00
    293  582944.977     305       0  -4.438960800000000e+07   2.397e+08   1.000e+00
    294  584882.108     306       0  -4.438962400000000e+07   1.695e+08   1.000e+00
    295  586788.470     307       0  -4.438963200000000e+07   1.319e+08   1.000e+00
    296  588752.202     308       0  -4.438964800000000e+07   1.711e+08   1.000e+00
    297  590698.906     309       0  -4.438966400000000e+07   2.571e+08   1.000e+00
    298  592625.127     310       0  -4.438967200000000e+07   1.566e+08   1.000e+00
    299  594523.473     311       0  -4.438969200000000e+07   1.242e+08   1.000e+00
    300  596483.062     312       0  -4.438970400000000e+07   1.415e+08   1.000e+00
    301  598457.156     313       0  -4.438972800000000e+07   2.846e+08   1.000e+00
    302  600408.272     314       0  -4.438974400000000e+07   1.428e+08   1.000e+00
    303  602300.438     315       0  -4.438974800000000e+07   1.317e+08   1.000e+00
    304  604237.571     316       0  -4.438976800000000e+07   1.530e+08   1.000e+00
    305  606191.997     317       0  -4.438978000000000e+07   3.802e+08   1.000e+00
    306  608120.567     318       0  -4.438979200000000e+07   1.521e+08   1.000e+00
    307  610011.448     319       0  -4.438980000000000e+07   1.117e+08   1.000e+00
    308  611986.135     320       0  -4.438981600000000e+07   1.406e+08   1.000e+00
    309  613961.230     321       0  -4.438983600000000e+07   1.874e+08   1.000e+00
    310  615870.902     322       0  -4.438986400000000e+07   2.970e+08   1.000e+00
    311  617772.809     323       0  -4.438987200000000e+07   1.193e+08   1.000e+00
    312  619725.022     324       0  -4.438988000000000e+07   1.206e+08   1.000e+00
    313  621680.121     325       0  -4.438988800000000e+07   1.419e+08   1.000e+00
    314  623594.612     326       0  -4.438990400000000e+07   3.578e+08   1.000e+00
    315  625489.719     327       0  -4.438991600000000e+07   1.362e+08   1.000e+00
    316  627429.872     328       0  -4.438992400000000e+07   1.047e+08   1.000e+00
    317  629406.115     329       0  -4.438993200000000e+07   1.269e+08   1.000e+00
    318  631364.884     330       0  -4.438995200000000e+07   1.602e+08   1.000e+00
    319  633259.382     331       0  -4.438997200000000e+07   3.627e+08   1.000e+00
    320  635180.053     332       0  -4.438998000000000e+07   1.156e+08   1.000e+00
    321  637140.304     333       0  -4.438998400000000e+07   1.008e+08   1.000e+00
    322  639092.898     334       0  -4.438999600000000e+07   1.218e+08   1.000e+00
    323  640984.599     335       0  -4.439001600000000e+07   2.969e+08   1.000e+00
    324  642918.239     336       0  -4.439002800000000e+07   1.487e+08   1.000e+00
    325  644881.390     337       0  -4.439004000000000e+07   1.115e+08   1.000e+00
    326  646832.752     338       0  -4.439005200000000e+07   1.304e+08   1.000e+00
    327  648729.421     339       0  -4.439007200000000e+07   1.744e+08   1.000e+00
    328  650644.397     340       0  -4.439008800000000e+07   3.406e+08   1.000e+00
    329  652584.869     341       0  -4.439009600000000e+07   1.172e+08   1.000e+00
    330  676806.605     354       0  -4.439009600000000e+07   1.172e+08   2.498e-06
# Termination: function reduction test satisfied
# Iter.   Time (ms)    Eval. Reject.       Obj. Func.           Grad.       Step
# ---------------------------------------------------------------------------------
      0    1857.534       1       0  -4.420293600000000e+07   4.285e+09   0.000e+00
      1   22436.659      12       0  -4.420826800000000e+07   1.109e+10   1.931e-15
      2   24333.317      13       0  -4.422553600000000e+07   3.797e+09   1.000e+00
      3   26231.199      14       0  -4.423038000000000e+07   2.660e+09   1.000e+00
      4   28116.023      15       0  -4.423928400000000e+07   3.291e+09   1.000e+00
      5   29984.307      16       0  -4.424982800000000e+07   5.579e+09   1.000e+00
      6   31900.904      17       0  -4.425599600000000e+07   3.831e+09   1.000e+00
      7   33783.077      18       0  -4.425898400000000e+07   2.755e+09   1.000e+00
      8   35666.148      19       0  -4.426416800000000e+07   2.650e+09   1.000e+00
      9   37580.827      20       0  -4.426880800000000e+07   4.265e+09   1.000e+00
     10   39490.351      21       0  -4.427280400000000e+07   2.463e+09   1.000e+00
     11   41350.652      22       0  -4.427577600000000e+07   2.097e+09   1.000e+00
     12   43260.791      23       0  -4.427875600000000e+07   2.454e+09   1.000e+00
     13   45161.067      24       0  -4.428156000000000e+07   3.069e+09   1.000e+00
     14   47002.878      25       0  -4.428355200000000e+07   1.855e+09   1.000e+00
     15   48905.094      26       0  -4.428542800000000e+07   1.785e+09   1.000e+00
     16   50816.061      27       0  -4.428714800000000e+07   1.992e+09   1.000e+00
     17   52671.916      28       0  -4.428885200000000e+07   2.937e+09   1.000e+00
     18   54583.887      29       0  -4.429014800000000e+07   1.477e+09   1.000e+00
     19   56493.575      30       0  -4.429100000000000e+07   1.437e+09   1.000e+00
     20   58341.067      31       0  -4.429221200000000e+07   1.649e+09   1.000e+00
     21   60263.537      32       0  -4.429311600000000e+07   3.626e+09   1.000e+00
     22   62150.246      33       0  -4.429440400000000e+07   1.305e+09   1.000e+00
     23   63991.433      34       0  -4.429502800000000e+07   1.127e+09   1.000e+00
     24   65895.879      35       0  -4.429594400000000e+07   1.409e+09   1.000e+00
     25   67808.535      36       0  -4.429712800000000e+07   2.376e+09   1.000e+00
     26   69658.421      37       0  -4.429824400000000e+07   1.373e+09   1.000e+00
     27   71585.538      38       0  -4.429878400000000e+07   1.018e+09   1.000e+00
     28   73509.340      39       0  -4.429961600000000e+07   1.239e+09   1.000e+00
     29   75365.722      40       0  -4.430020400000000e+07   2.329e+09   1.000e+00
     30   77286.387      41       0  -4.430081200000000e+07   1.210e+09   1.000e+00
     31   79200.751      42       0  -4.430153200000000e+07   1.035e+09   1.000e+00
     32   81083.554      43       0  -4.430206400000000e+07   1.093e+09   1.000e+00
     33   82960.216      44       0  -4.430283600000000e+07   2.176e+09   1.000e+00
     34   84873.352      45       0  -4.430356400000000e+07   1.173e+09   1.000e+00
     35   86750.953      46       0  -4.430384800000000e+07   8.610e+08   1.000e+00
     36   88627.526      47       0  -4.430428800000000e+07   9.258e+08   1.000e+00
     37   90535.867      48       0  -4.430466000000000e+07   2.017e+09   1.000e+00
     38   92410.550      49       0  -4.430511200000000e+07   1.036e+09   1.000e+00
     39   94269.039      50       0  -4.430556400000000e+07   8.140e+08   1.000e+00
     40   96177.602      51       0  -4.430588800000000e+07   8.831e+08   1.000e+00
     41   98051.221      52       0  -4.430640800000000e+07   1.736e+09   1.000e+00
     42   99913.938      53       0  -4.430692400000000e+07   9.991e+08   1.000e+00
     43  101835.529      54       0  -4.430716400000000e+07   7.860e+08   1.000e+00
     44  103709.186      55       0  -4.430762400000000e+07   8.433e+08   1.000e+00
     45  105574.009      56       0  -4.430780800000000e+07   2.195e+09   1.000e+00
     46  107482.087      57       0  -4.430819600000000e+07   9.070e+08   1.000e+00
     47  109338.620      58       0  -4.430845600000000e+07   6.297e+08   1.000e+00
     48  111222.422      59       0  -4.430869200000000e+07   7.598e+08   1.000e+00
     49  113135.227      60       0  -4.430909200000000e+07   9.604e+08   1.000e+00
     50  115029.928      61       0  -4.430922800000000e+07   2.289e+09   1.000e+00
     51  116918.155      62       0  -4.430966400000000e+07   6.468e+08   1.000e+00
     52  118829.740      63       0  -4.430978400000000e+07   5.491e+08   1.000e+00
     53  120721.117      64       0  -4.431003600000000e+07   7.207e+08   1.000e+00
     54  122590.065      65       0  -4.431038000000000e+07   1.171e+09   1.000e+00
     55  124508.115      66       0  -4.431070800000000e+07   9.475e+08   1.000e+00
     56  126384.484      67       0  -4.431091200000000e+07   5.622e+08   1.000e+00
     57  128251.757      68       0  -4.431114800000000e+07   6.309e+08   1.000e+00
     58  130172.664      69       0  -4.431135600000000e+07   8.203e+08   1.000e+00
     59  132073.934      70       0  -4.431162400000000e+07   6.631e+08   1.000e+00
     60  133933.783      71       0  -4.431185600000000e+07   7.010e+08   1.000e+00
     61  135848.556      72       0  -4.431208800000000e+07   7.062e+08   1.000e+00
     62  137769.646      73       0  -4.431224800000000e+07   5.888e+08   1.000e+00
     63  139625.448      74       0  -4.431250000000000e+07   6.253e+08   1.000e+00
     64  141537.252      75       0  -4.431266000000000e+07   1.116e+09   1.000e+00
     65  143447.455      76       0  -4.431283600000000e+07   5.715e+08   1.000e+00
     66  145302.581      77       0  -4.431300000000000e+07   5.258e+08   1.000e+00
     67  147222.032      78       0  -4.431315200000000e+07   5.703e+08   1.000e+00
     68  149135.480      79       0  -4.431329600000000e+07   1.455e+09   1.000e+00
     69  150984.871      80       0  -4.431349200000000e+07   4.718e+08   1.000e+00
     70  152903.513      81       0  -4.431357600000000e+07   4.429e+08   1.000e+00
     71  154817.044      82       0  -4.431372400000000e+07   5.424e+08   1.000e+00
     72  156667.132      83       0  -4.431391600000000e+07   9.329e+08   1.000e+00
     73  158575.670      84       0  -4.431412000000000e+07   6.182e+08   1.000e+00
     74  160499.177      85       0  -4.431424800000000e+07   4.297e+08   1.000e+00
     75  162377.720      86       0  -4.431440800000000e+07   5.024e+08   1.000e+00
     76  164260.078      87       0  -4.431450400000000e+07   9.384e+08   1.000e+00
     77  166171.591      88       0  -4.431460800000000e+07   5.172e+08   1.000e+00
     78  168052.642      89       0  -4.431473600000000e+07   4.293e+08   1.000e+00
     79  169929.258      90       0  -4.431483600000000e+07   4.746e+08   1.000e+00
     80  171851.104      91       0  -4.431498000000000e+07   1.248e+09   1.000e+00
     81  173739.937      92       0  -4.431514400000000e+07   4.446e+08   1.000e+00
     82  175607.994      93       0  -4.431520000000000e+07   3.391e+08   1.000e+00
     83  177530.517      94       0  -4.431528400000000e+07   3.972e+08   1.000e+00
     84  179413.692      95       0  -4.431541200000000e+07   5.634e+08   1.000e+00
     85  181284.446      96       0  -4.431554800000000e+07   7.548e+08   1.000e+00
     86  183203.201      97       0  -4.431565200000000e+07   3.928e+08   1.000e+00
     87  185085.833      98       0  -4.431573200000000e+07   4.039e+08   1.000e+00
     88  186954.235      99       0  -4.431582000000000e+07   4.669e+08   1.000e+00
     89  188860.885     100       0  -4.431592800000000e+07   6.646e+08   1.000e+00
     90  190752.154     101       0  -4.431601200000000e+07   3.675e+08   1.000e+00
     91  192611.170     102       0  -4.431609200000000e+07   3.768e+08   1.000e+00
     92  194534.453     103       0  -4.431616800000000e+07   4.223e+08   1.000e+00
     93  196434.684     104       0  -4.431625600000000e+07   8.749e+08   1.000e+00
     94  198283.772     105       0  -4.431634000000000e+07   3.325e+08   1.000e+00
     95  200197.654     106       0  -4.431638400000000e+07   3.168e+08   1.000e+00
     96  202118.022     107       0  -4.431645200000000e+07   3.647e+08   1.000e+00
     97  203976.393     108       0  -4.431654400000000e+07   8.040e+08   1.000e+00
     98  205880.794     109       0  -4.431663600000000e+07   3.764e+08   1.000e+00
     99  207805.946     110       0  -4.431670000000000e+07   2.907e+08   1.000e+00
    100  209677.527     111       0  -4.431675200000000e+07   3.212e+08   1.000e+00
    101  211594.158     112       0  -4.431682800000000e+07   6.986e+08   1.000e+00
    102  213534.125     113       0  -4.431690800000000e+07   3.207e+08   1.000e+00
    103  215378.734     114       0  -4.431694000000000e+07   2.746e+08   1.000e+00
    104  217306.664     115       0  -4.431699200000000e+07   3.510e+08   1.000e+00
    105  219201.040     116       0  -4.431707200000000e+07   6.758e+08   1.000e+00
    106  221080.624     117       0  -4.431715200000000e+07   3.828e+08   1.000e+00
    107  222941.411     118       0  -4.431720800000000e+07   2.792e+08   1.000e+00
    108  224853.643     119       0  -4.431726000000000e+07   3.303e+08   1.000e+00
    109  226725.372     120       0  -4.431732400000000e+07   4.773e+08   1.000e+00
    110  228587.193     121       0  -4.431737600000000e+07   3.285e+08   1.000e+00
    111  230510.668     122       0  -4.431742800000000e+07   2.805e+08   1.000e+00
    112  232419.772     123       0  -4.431747600000000e+07   3.300e+08   1.000e+00
    113  234270.099     124       0  -4.431752400000000e+07   5.872e+08   1.000e+00
    114  236181.688     125       0  -4.431756000000000e+07   2.781e+08   1.000e+00
    115  238077.397     126       0  -4.431759600000000e+07   2.370e+08   1.000e+00
    116  239940.015     127       0  -4.431762800000000e+07   2.663e+08   1.000e+00
    117  241858.456     128       0  -4.431768800000000e+07   5.523e+08   1.000e+00
    118  243782.302     129       0  -4.431774800000000e+07   3.172e+08   1.000e+00
    119  245636.199     130       0  -4.431777600000000e+07   2.222e+08   1.000e+00
    120  247556.840     131       0  -4.431781600000000e+07   2.589e+08   1.000e+00
    121  249467.891     132       0  -4.431786000000000e+07   4.725e+08   1.000e+00
    122  251334.435     133       0  -4.431789600000000e+07   2.951e+08   1.000e+00
    123  253194.013     134       0  -4.431794400000000e+07   2.316e+08   1.000e+00
    124  255101.447     135       0  -4.431798000000000e+07   2.675e+08   1.000e+00
    125  256978.826     136       0  -4.431802800000000e+07   3.866e+08   1.000e+00
    126  258849.022     137       0  -4.431806000000000e+07   2.735e+08   1.000e+00
    127  260753.129     138       0  -4.431809200000000e+07   2.413e+08   1.000e+00
    128  262616.969     139       0  -4.431812400000000e+07   2.491e+08   1.000e+00
    129  264479.552     140       0  -4.431816800000000e+07   5.509e+08   1.000e+00
    130  266374.760     141       0  -4.431820000000000e+07   2.647e+08   1.000e+00
    131  268256.781     142       0  -4.431822800000000e+07   2.020e+08   1.000e+00
    132  270130.776     143       0  -4.431826000000000e+07   2.261e+08   1.000e+00
    133  272027.723     144       0  -4.431830400000000e+07   4.100e+08   1.000e+00
    134  273892.497     145       0  -4.431834000000000e+07   2.847e+08   1.000e+00
    135  275751.246     146       0  -4.431836800000000e+07   1.917e+08   1.000e+00
    136  277655.899     147       0  -4.431840000000000e+07   2.254e+08   1.000e+00
    137  279531.541     148       0  -4.431843200000000e+07   3.876e+08   1.000e+00
    138  281402.593     149       0  -4.431846400000000e+07   2.466e+08   1.000e+00
    139  283331.872     150       0  -4.431850800000000e+07   1.984e+08   1.000e+00
    140  285212.347     151       0  -4.431853600000000e+07   3.124e+08   1.000e+00
    141  287068.388     152       0  -4.431856400000000e+07   2.338e+08   1.000e+00
    142  289002.566     153       0  -4.431861600000000e+07   2.407e+08   1.000e+00
    143  290933.384     154       0  -4.431864800000000e+07   3.184e+08   1.000e+00
    144  292787.015     155       0  -4.431866800000000e+07   2.100e+08   1.000e+00
    145  294695.860     156       0  -4.431870400000000e+07   1.840e+08   1.000e+00
    146  296589.435     157       0  -4.431873200000000e+07   2.655e+08   1.000e+00
    147  298437.941     158       0  -4.431877200000000e+07   2.226e+08   1.000e+00
    148  300365.940     159       0  -4.431881200000000e+07   3.905e+08   1.000e+00
    149  302286.215     160       0  -4.431885200000000e+07   1.872e+08   1.000e+00
    150  304157.139     161       0  -4.431886400000000e+07   1.765e+08   1.000e+00
    151  306080.654     162       0  -4.431889600000000e+07   2.377e+08   1.000e+00
    152  307997.107     163       0  -4.431892000000000e+07   5.198e+08   1.000e+00
    153  309884.742     164       0  -4.431894400000000e+07   1.899e+08   1.000e+00
    154  311774.553     165       0  -4.431896000000000e+07   1.462e+08   1.000e+00
    155  313705.870     166       0  -4.431898400000000e+07   1.815e+08   1.000e+00
    156  315596.840     167       0  -4.431902000000000e+07   3.677e+08   1.000e+00
    157  317492.205     168       0  -4.431905600000000e+07   1.774e+08   1.000e+00
    158  319414.061     169       0  -4.431908000000000e+07   1.514e+08   1.000e+00
    159  321306.070     170       0  -4.431910400000000e+07   1.928e+08   1.000e+00
    160  323177.579     171       0  -4.431912800000000e+07   4.383e+08   1.000e+00
    161  325111.263     172       0  -4.431914400000000e+07   2.041e+08   1.000e+00
    162  327023.336     173       0  -4.431917600000000e+07   1.693e+08   1.000e+00
    163  328874.669     174       0  -4.431918400000000e+07   1.961e+08   1.000e+00
    164  330788.693     175       0  -4.431922000000000e+07   3.188e+08   1.000e+00
    165  332694.872     176       0  -4.431925200000000e+07   3.041e+08   1.000e+00
    166  334543.410     177       0  -4.431926400000000e+07   1.576e+08   1.000e+00
    167  336451.379     178       0  -4.431928800000000e+07   1.662e+08   1.000e+00
    168  338313.258     179       0  -4.431930400000000e+07   1.884e+08   1.000e+00
    169  340163.308     180       0  -4.431932800000000e+07   3.785e+08   1.000e+00
    170  342080.186     181       0  -4.431935200000000e+07   1.576e+08   1.000e+00
    171  343991.980     182       0  -4.431936400000000e+07   1.481e+08   1.000e+00
    172  345854.582     183       0  -4.431938000000000e+07   1.607e+08   1.000e+00
    173  347772.492     184       0  -4.431940000000000e+07   4.469e+08   1.000e+00
    174  349703.346     185       0  -4.431942400000000e+07   1.716e+08   1.000e+00
    175  351561.942     186       0  -4.431943600000000e+07   1.398e+08   1.000e+00
    176  353482.934     187       0  -4.431945200000000e+07   1.715e+08   1.000e+00
    177  355403.020     188       0  -4.431948400000000e+07   2.270e+08   1.000e+00
    178  357270.386     189       0  -4.431951200000000e+07   3.853e+08   1.000e+00
    179  359195.935     190       0  -4.431952400000000e+07   1.363e+08   1.000e+00
    180  361111.227     191       0  -4.431953200000000e+07   1.308e+08   1.000e+00
    181  362998.516     192       0  -4.431954400000000e+07   1.649e+08   1.000e+00
    182  364875.811     193       0  -4.431956800000000e+07   3.812e+08   1.000e+00
    183  366783.185     194       0  -4.431958800000000e+07   1.835e+08   1.000e+00
    184  368643.661     195       0  -4.431960400000000e+07   1.413e+08   1.000e+00
    185  370483.345     196       0  -4.431962000000000e+07   1.556e+08   1.000e+00
    186  372372.786     197       0  -4.431964400000000e+07   1.850e+08   1.000e+00
    187  374235.662     198       0  -4.431966000000000e+07   4.469e+08   1.000e+00
    188  376104.075     199       0  -4.431967200000000e+07   1.218e+08   1.000e+00
    189  409512.050     217       0  -4.431967200000000e+07   1.218e+08   7.616e-06
# Termination: function reduction test satisfied
# Iter.   Time (ms)    Eval. Reject.       Obj. Func.           Grad.       Step
# ---------------------------------------------------------------------------------
      0    1876.453       1       0  -4.361770800000000e+07   4.285e+09   0.000e+00
      1   22391.023      12       0  -4.363106400000000e+07   5.745e+09   1.039e-15
      2   24226.733      13       0  -4.363995200000000e+07   3.859e+09   1.000e+00
      3   26150.832      14       0  -4.364893200000000e+07   3.660e+09   1.000e+00
      4   28061.638      15       0  -4.365822000000000e+07   4.944e+09   1.000e+00
      5   29913.718      16       0  -4.366568800000000e+07   3.775e+09   1.000e+00
      6   31840.105      17       0  -4.367021200000000e+07   2.841e+09   1.000e+00
      7   33763.581      18       0  -4.367550400000000e+07   2.896e+09   1.000e+00
      8   35629.920      19       0  -4.368043600000000e+07   4.232e+09   1.000e+00
      9   37557.195      20       0  -4.368419200000000e+07   2.593e+09   1.000e+00
     10   39487.853      21       0  -4.368784800000000e+07   2.203e+09   1.000e+00
     11   41339.032      22       0  -4.369056400000000e+07   2.660e+09   1.000e+00
     12   43248.123      23       0  -4.369375200000000e+07   2.106e+09   1.000e+00
     13   45170.063      24       0  -4.369609600000000e+07   2.378e+09   1.000e+00
     14   47030.646      25       0  -4.369802800000000e+07   1.818e+09   1.000e+00
     15   48918.251      26       0  -4.369961200000000e+07   1.914e+09   1.000e+00
     16   50841.550      27       0  -4.370105600000000e+07   2.133e+09   1.000e+00
     17   52738.316      28       0  -4.370230000000000e+07   1.460e+09   1.000e+00
     18   54598.546      29       0  -4.370362400000000e+07   1.400e+09   1.000e+00
     19   56504.877      30       0  -4.370484800000000e+07   2.326e+09   1.000e+00
     20   58419.643      31       0  -4.370600400000000e+07   1.344e+09   1.000e+00
     21   60279.904      32       0  -4.370693600000000e+07   1.214e+09   1.000e+00
     22   62207.155      33       0  -4.370786800000000e+07   1.537e+09   1.000e+00
     23   64121.996      34       0  -4.370888800000000e+07   1.585e+09   1.000e+00
     24   65982.206      35       0  -4.370969600000000e+07   1.316e+09   1.000e+00
     25   67893.409      36       0  -4.371039600000000e+07   1.113e+09   1.000e+00
     26   69834.787      37       0  -4.371111200000000e+07   1.481e+09   1.000e+00
     27   71737.151      38       0  -4.371168400000000e+07   1.322e+09   1.000e+00
     28   73619.689      39       0  -4.371212000000000e+07   9.735e+08   1.000e+00
     29   75521.625      40       0  -4.371278000000000e+07   1.037e+09   1.000e+00
     30   77371.898      41       0  -4.371317600000000e+07   1.670e+09   1.000e+00
     31   79253.049      42       0  -4.371355200000000e+07   9.841e+08   1.000e+00
     32   81151.627      43       0  -4.371403600000000e+07   7.779e+08   1.000e+00
     33   83010.578      44       0  -4.371434000000000e+07   8.671e+08   1.000e+00
     34   84853.245      45       0  -4.371465200000000e+07   2.105e+09   1.000e+00
     35   86745.797      46       0  -4.371512800000000e+07   8.810e+08   1.000e+00
     36   88620.327      47       0  -4.371532400000000e+07   7.282e+08   1.000e+00
     37   90484.563      48       0  -4.371564400000000e+07   7.818e+08   1.000e+00
     38   94182.371      50       0  -4.371582400000000e+07   1.290e+09   4.886e-01
     39   96080.676      51       0  -4.371605600000000e+07   8.561e+08   1.000e+00
     40   97965.036      52       0  -4.371632400000000e+07   7.170e+08   1.000e+00
     41   99799.247      53       0  -4.371650000000000e+07   1.056e+09   1.000e+00
     42  101709.097      54       0  -4.371670000000000e+07   7.790e+08   1.000e+00
     43  103635.601      55       0  -4.371702800000000e+07   7.116e+08   1.000e+00
     44  105489.679      56       0  -4.371722800000000e+07   1.180e+09   1.000e+00
     45  107407.141      57       0  -4.371744800000000e+07   7.360e+08   1.000e+00
     46  109292.700      58       0  -4.371764000000000e+07   5.792e+08   1.000e+00
     47  111165.168      59       0  -4.371778800000000e+07   7.710e+08   1.000e+00
     48  113020.223      60       0  -4.371796800000000e+07   6.930e+08   1.000e+00
     49  114921.017      61       0  -4.371817200000000e+07   8.716e+08   1.000e+00
     50  116788.559      62       0  -4.371834400000000e+07   6.408e+08   1.000e+00
     51  118656.825      63       0  -4.371846800000000e+07   5.483e+08   1.000e+00
     52  120544.934      64       0  -4.371863600000000e+07   7.503e+08   1.000e+00
     53  122414.440      65       0  -4.371877200000000e+07   8.035e+08   1.000e+00
     54  124284.421      66       0  -4.371888000000000e+07   5.676e+08   1.000e+00
     55  126177.917      67       0  -4.371904800000000e+07   5.161e+08   1.000e+00
     56  128060.426      68       0  -4.371915200000000e+07   7.733e+08   1.000e+00
     57  129941.613      69       0  -4.371926400000000e+07   5.716e+08   1.000e+00
     58  131853.509      70       0  -4.371945200000000e+07   5.593e+08   1.000e+00
     59  133728.524      71       0  -4.371956000000000e+07   7.224e+08   1.000e+00
     60  135592.474      72       0  -4.371965600000000e+07   5.847e+08   1.000e+00
     61  137501.136      73       0  -4.371992000000000e+07   6.548e+08   1.000e+00
     62  139375.711      74       0  -4.372004400000000e+07   9.885e+08   1.000e+00
     63  141234.067      75       0  -4.372013200000000e+07   5.362e+08   1.000e+00
     64  143147.720      76       0  -4.372025600000000e+07   3.820e+08   1.000e+00
     65  145002.180      77       0  -4.372036400000000e+07   4.566e+08   1.000e+00
     66  146894.276      78       0  -4.372057200000000e+07   8.642e+08   1.000e+00
     67  148820.794      79       0  -4.372077200000000e+07   6.424e+08   1.000e+00
     68  150677.155      80       0  -4.372085200000000e+07   3.862e+08   1.000e+00
     69  152562.386      81       0  -4.372095600000000e+07   3.926e+08   1.000e+00
     70  154456.171      82       0  -4.372105200000000e+07   5.046e+08   1.000e+00
     71  156290.859      83       0  -4.372118800000000e+07   4.162e+08   1.000e+00
     72  158188.059      84       0  -4.372132800000000e+07   5.084e+08   1.000e+00
     73  160098.128      85       0  -4.372144000000000e+07   4.137e+08   1.000e+00
     74  161942.141      86       0  -4.372150000000000e+07   3.324e+08   1.000e+00
     75  163853.458      87       0  -4.372161200000000e+07   5.555e+08   1.000e+00
     76  165745.095      88       0  -4.372169600000000e+07   5.797e+08   1.000e+00
     77  167598.748      89       0  -4.372174400000000e+07   3.684e+08   1.000e+00
     78  169532.946      90       0  -4.372184400000000e+07   2.803e+08   1.000e+00
     79  171459.754      91       0  -4.372191200000000e+07   3.773e+08   1.000e+00
     80  173319.552      92       0  -4.372204000000000e+07   3.188e+08   1.000e+00
     81  175246.833      93       0  -4.372211200000000e+07   5.170e+08   1.000e+00
     82  177176.964      94       0  -4.372218000000000e+07   3.546e+08   1.000e+00
     83  179068.503      95       0  -4.372224400000000e+07   3.181e+08   1.000e+00
     84  180942.037      96       0  -4.372230400000000e+07   4.980e+08   1.000e+00
     85  182858.192      97       0  -4.372238400000000e+07   3.328e+08   1.000e+00
     86  184742.447      98       0  -4.372243600000000e+07   3.329e+08   1.000e+00
     87  186628.374      99       0  -4.372249200000000e+07   3.482e+08   1.000e+00
     88  188537.430     100       0  -4.372252400000000e+07   2.967e+08   1.000e+00
     89  190432.333     101       0  -4.372259600000000e+07   4.514e+08   1.000e+00
     90  192316.260     102       0  -4.372265200000000e+07   4.464e+08   1.000e+00
     91  194227.691     103       0  -4.372268000000000e+07   2.910e+08   1.000e+00
     92  196102.693     104       0  -4.372271200000000e+07   2.419e+08   1.000e+00
     93  197981.150     105       0  -4.372274400000000e+07   4.194e+08   1.000e+00
     94  199907.633     106       0  -4.372276800000000e+07   3.132e+08   1.000e+00
     95  201810.103     107       0  -4.372281600000000e+07   2.985e+08   1.000e+00
     96  203661.043     108       0  -4.372284000000000e+07   3.737e+08   1.000e+00
     97  205580.864     109       0  -4.372286800000000e+07   2.798e+08   1.000e+00
     98  207508.778     110       0  -4.372290800000000e+07   2.734e+08   1.000e+00
     99  209364.717     111       0  -4.372293200000000e+07   4.696e+08   1.000e+00
    100  211277.445     112       0  -4.372295600000000e+07   2.976e+08   1.000e+00
    101  213187.193     113       0  -4.372299200000000e+07   2.289e+08   1.000e+00
    102  215052.804     114       0  -4.372300800000000e+07   2.656e+08   1.000e+00
    103  216966.499     115       0  -4.372302400000000e+07   5.467e+08   1.000e+00
    104  218860.302     116       0  -4.372306000000000e+07   2.392e+08   1.000e+00
    105  220708.752     117       0  -4.372308000000000e+07   2.088e+08   1.000e+00
    106  222609.006     118       0  -4.372310400000000e+07   2.471e+08   1.000e+00
    107  224479.898     119       0  -4.372311200000000e+07   5.986e+08   1.000e+00
    108  226351.173     120       0  -4.372314000000000e+07   2.282e+08   1.000e+00
    109  228254.698     121       0  -4.372315200000000e+07   1.828e+08   1.000e+00
    110  230121.632     122       0  -4.372317600000000e+07   2.075e+08   1.000e+00
    111  231989.988     123       0  -4.372319200000000e+07   3.516e+08   1.000e+00
    112  233897.011     124       0  -4.372322000000000e+07   1.951e+08   1.000e+00
    113  235742.493     125       0  -4.372324000000000e+07   1.643e+08   1.000e+00
    114  237659.348     126       0  -4.372327200000000e+07   2.224e+08   1.000e+00
    115  239601.621     127       0  -4.372329200000000e+07   3.863e+08   1.000e+00
    116  241496.047     128       0  -4.372331600000000e+07   2.260e+08   1.000e+00
    117  243389.310     129       0  -4.372334800000000e+07   1.831e+08   1.000e+00
    118  245315.962     130       0  -4.372337600000000e+07   2.043e+08   1.000e+00
    119  247199.843     131       0  -4.372340400000000e+07   6.422e+08   1.000e+00
    120  249072.370     132       0  -4.372344400000000e+07   1.773e+08   1.000e+00
    121  250976.021     133       0  -4.372346000000000e+07   1.443e+08   1.000e+00
    122  252882.704     134       0  -4.372348400000000e+07   1.724e+08   1.000e+00
    123  254760.793     135       0  -4.372352000000000e+07   3.926e+08   1.000e+00
    124  256669.337     136       0  -4.372355600000000e+07   1.937e+08   1.000e+00
    125  258546.793     137       0  -4.372358400000000e+07   1.401e+08   1.000e+00
    126  260394.089     138       0  -4.372360000000000e+07   1.674e+08   1.000e+00
    127  262336.134     139       0  -4.372363200000000e+07   3.286e+08   1.000e+00
    128  264240.602     140       0  -4.372365600000000e+07   1.767e+08   1.000e+00
    129  266122.338     141       0  -4.372367200000000e+07   1.547e+08   1.000e+00
    130  268056.902     142       0  -4.372368400000000e+07   1.711e+08   1.000e+00
    131  270002.117     143       0  -4.372372000000000e+07   4.374e+08   1.000e+00
    132  271920.803     144       0  -4.372374400000000e+07   1.727e+08   1.000e+00
    133  273806.222     145       0  -4.372375600000000e+07   1.235e+08   1.000e+00
    134  275757.213     146       0  -4.372376800000000e+07   1.471e+08   1.000e+00
    135  277684.106     147       0  -4.372379600000000e+07   1.925e+08   1.000e+00
    136  279542.300     148       0  -4.372382400000000e+07   4.772e+08   1.000e+00
    137  281470.168     149       0  -4.372384400000000e+07   1.565e+08   1.000e+00
    138  283392.509     150       0  -4.372384800000000e+07   1.225e+08   1.000e+00
    139  285300.800     151       0  -4.372386400000000e+07   1.446e+08   1.000e+00
    140  287192.293     152       0  -4.372388400000000e+07   2.288e+08   1.000e+00
    141  289113.744     153       0  -4.372391200000000e+07   1.763e+08   1.000e+00
    142  291037.312     154       0  -4.372392000000000e+07   1.151e+08   1.000e+00
    143  292904.595     155       0  -4.372394000000000e+07   1.323e+08   1.000e+00
    144  294849.781     156       0  -4.372395600000000e+07   2.303e+08   1.000e+00
    145  296768.436     157       0  -4.372396800000000e+07   1.365e+08   1.000e+00
    146  298632.524     158       0  -4.372398400000000e+07   1.146e+08   1.000e+00
    147  300560.175     159       0  -4.372399600000000e+07   1.369e+08   1.000e+00
    148  302492.005     160       0  -4.372401200000000e+07   2.482e+08   1.000e+00
    149  304396.068     161       0  -4.372402800000000e+07   1.182e+08   1.000e+00
    150  306267.234     162       0  -4.372403600000000e+07   1.284e+08   1.000e+00
    151  308191.027     163       0  -4.372404400000000e+07   1.480e+08   1.000e+00
    152  310091.089     164       0  -4.372405600000000e+07   4.535e+08   1.000e+00
    153  311965.569     165       0  -4.372407200000000e+07   1.391e+08   1.000e+00
    154  313890.765     166       0  -4.372407600000000e+07   9.449e+07   1.000e+00
    155  315824.234     167       0  -4.372408800000000e+07   1.094e+08   1.000e+00
    156  317682.283     168       0  -4.372409200000000e+07   1.301e+08   1.000e+00
    157  319580.088     169       0  -4.372411200000000e+07   3.294e+08   1.000e+00
    158  321470.401     170       0  -4.372412000000000e+07   1.018e+08   1.000e+00
    159  323342.095     171       0  -4.372412800000000e+07   1.008e+08   1.000e+00
    160  325239.281     172       0  -4.372413600000000e+07   1.267e+08   1.000e+00
    161  327163.739     173       0  -4.372414000000000e+07   3.595e+08   1.000e+00
    162  329068.603     174       0  -4.372415200000000e+07   1.425e+08   1.000e+00
    163  330929.261     175       0  -4.372416400000000e+07   1.011e+08   1.000e+00
    164  362499.333     192       0  -4.372416400000000e+07   1.011e+08   6.269e-06
# Termination: function reduction test satisfied
# Iter.   Time (ms)    Eval. Reject.       Obj. Func.           Grad.       Step
# ---------------------------------------------------------------------------------
      0    1857.676       1       0  -3.776546000000000e+07   4.285e+09   0.000e+00
      1   18616.941      10       0  -3.777867200000000e+07   5.669e+09   1.028e-15
      2   20508.463      11       0  -3.778730400000000e+07   3.773e+09   1.000e+00
      3   22374.257      12       0  -3.779560000000000e+07   3.494e+09   1.000e+00
      4   24249.766      13       0  -3.780421600000000e+07   4.641e+09   1.000e+00
      5   26135.913      14       0  -3.781095600000000e+07   3.555e+09   1.000e+00
      6   28020.321      15       0  -3.781473200000000e+07   2.616e+09   1.000e+00
      7   29882.841      16       0  -3.781918400000000e+07   2.597e+09   1.000e+00
      8   31789.773      17       0  -3.782344800000000e+07   3.845e+09   1.000e+00
      9   33652.067      18       0  -3.782660400000000e+07   2.336e+09   1.000e+00
     10   35533.486      19       0  -3.782957600000000e+07   1.968e+09   1.000e+00
     11   37450.793      20       0  -3.783188400000000e+07   2.395e+09   1.000e+00
     12   39333.647      21       0  -3.783452000000000e+07   1.916e+09   1.000e+00
     13   41224.872      22       0  -3.783636000000000e+07   2.010e+09   1.000e+00
     14   43143.460      23       0  -3.783789600000000e+07   1.617e+09   1.000e+00
     15   45033.119      24       0  -3.783918000000000e+07   1.805e+09   1.000e+00
     16   46898.489      25       0  -3.784037200000000e+07   1.645e+09   1.000e+00
     17   48828.964      26       0  -3.784132800000000e+07   1.246e+09   1.000e+00
     18   50727.610      27       0  -3.784245200000000e+07   1.259e+09   1.000e+00
     19   52581.924      28       0  -3.784331200000000e+07   2.196e+09   1.000e+00
     20   54489.174      29       0  -3.784398000000000e+07   1.134e+09   1.000e+00
     21   56384.233      30       0  -3.784460800000000e+07   9.910e+08   1.000e+00
     22   58244.862      31       0  -3.784519200000000e+07   1.107e+09   1.000e+00
     23   60179.666      32       0  -3.784586000000000e+07   2.823e+09   1.000e+00
     24   62103.445      33       0  -3.784662800000000e+07   9.515e+08   1.000e+00
     25   63970.155      34       0  -3.784686400000000e+07   7.840e+08   1.000e+00
     26   65895.100      35       0  -3.784732800000000e+07   8.818e+08   1.000e+00
     27   67813.863      36       0  -3.784774400000000e+07   1.888e+09   1.000e+00
     28   69667.526      37       0  -3.784820400000000e+07   8.448e+08   1.000e+00
     29   71602.958      38       0  -3.784840400000000e+07   6.545e+08   1.000e+00
     30   73529.479      39       0  -3.784864000000000e+07   7.893e+08   1.000e+00
     31   75416.860      40       0  -3.784884400000000e+07   1.567e+09   1.000e+00
     32   77269.977      41       0  -3.784909200000000e+07   7.648e+08   1.000e+00
     33   79160.729      42       0  -3.784925600000000e+07   6.229e+08   1.000e+00
     34   81068.542      43       0  -3.784940000000000e+07   6.577e+08   1.000e+00
     35   82926.604      44       0  -3.784956000000000e+07   1.204e+09   1.000e+00
     36   84841.959      45       0  -3.784972000000000e+07   7.142e+08   1.000e+00
     37   86727.784      46       0  -3.784983200000000e+07   5.017e+08   1.000e+00
     38   88584.811      47       0  -3.784998000000000e+07   5.725e+08   1.000e+00
     39   90467.983      48       0  -3.785005600000000e+07   1.139e+09   1.000e+00
     40   92381.397      49       0  -3.785020800000000e+07   6.191e+08   1.000e+00
     41   94235.093      50       0  -3.785033600000000e+07   4.745e+08   1.000e+00
     42   96134.352      51       0  -3.785042400000000e+07   5.120e+08   1.000e+00
     43   98014.945      52       0  -3.785053600000000e+07   1.234e+09   1.000e+00
     44   99864.313      53       0  -3.785071600000000e+07   5.044e+08   1.000e+00
     45  101758.772      54       0  -3.785079600000000e+07   4.146e+08   1.000e+00
     46  103656.272      55       0  -3.785095200000000e+07   5.231e+08   1.000e+00
     47  105508.712      56       0  -3.785106000000000e+07   1.239e+09   1.000e+00
     48  107409.673      57       0  -3.785118000000000e+07   4.736e+08   1.000e+00
     49  109320.597      58       0  -3.785125200000000e+07   3.321e+08   1.000e+00
     50  111175.146      59       0  -3.785134000000000e+07   3.954e+08   1.000e+00
     51  113112.980      60       0  -3.785149200000000e+07   4.926e+08   1.000e+00
     52  115050.723      61       0  -3.785162400000000e+07   1.309e+09   1.000e+00
     53  116943.031      62       0  -3.785174800000000e+07   3.396e+08   1.000e+00
     54  118806.692      63       0  -3.785179200000000e+07   2.903e+08   1.000e+00
     55  120718.162      64       0  -3.785188400000000e+07   3.688e+08   1.000e+00
     56  122590.255      65       0  -3.785201600000000e+07   8.865e+08   1.000e+00
     57  124474.035      66       0  -3.785211200000000e+07   3.935e+08   1.000e+00
     58  126385.428      67       0  -3.785220000000000e+07   2.812e+08   1.000e+00
     59  128277.757      68       0  -3.785228000000000e+07   3.265e+08   1.000e+00
     60  130154.775      69       0  -3.785242000000000e+07   3.724e+08   1.000e+00
     61  132071.894      70       0  -3.785250400000000e+07   1.374e+09   1.000e+00
     62  133961.013      71       0  -3.785260400000000e+07   3.258e+08   1.000e+00
     63  135838.576      72       0  -3.785263200000000e+07   2.291e+08   1.000e+00
     64  137771.599      73       0  -3.785269200000000e+07   2.729e+08   1.000e+00
     65  139694.867      74       0  -3.785278400000000e+07   3.053e+08   1.000e+00
     66  141562.886      75       0  -3.785286000000000e+07   1.076e+09   1.000e+00
     67  143489.622      76       0  -3.785294400000000e+07   2.290e+08   1.000e+00
     68  145397.421      77       0  -3.785296000000000e+07   1.854e+08   1.000e+00
     69  147240.278      78       0  -3.785301600000000e+07   2.225e+08   1.000e+00
     70  149170.947      79       0  -3.785307200000000e+07   5.630e+08   1.000e+00
     71  151085.976      80       0  -3.785312000000000e+07   2.629e+08   1.000e+00
     72  152926.911      81       0  -3.785315200000000e+07   1.854e+08   1.000e+00
     73  154845.207      82       0  -3.785317200000000e+07   2.082e+08   1.000e+00
     74  156769.175      83       0  -3.785320000000000e+07   2.923e+08   1.000e+00
     75  158612.803      84       0  -3.785322000000000e+07   5.054e+08   1.000e+00
     76  160540.123      85       0  -3.785324400000000e+07   2.022e+08   1.000e+00
     77  162450.988      86       0  -3.785324800000000e+07   1.688e+08   1.000e+00
     78  164310.887      87       0  -3.785325600000000e+07   1.967e+08   1.000e+00
     79  166234.713      88       0  -3.785326000000000e+07   4.630e+08   1.000e+00
     80  168175.114      89       0  -3.785326800000000e+07   1.804e+08   1.000e+00
     81  170094.411      90       0  -3.785328000000000e+07   1.477e+08   1.000e+00
     82  171954.885      91       0  -3.785328800000000e+07   1.770e+08   1.000e+00
     83  173874.504      92       0  -3.785329600000000e+07   2.655e+08   1.000e+00
     84  175786.936      93       0  -3.785330400000000e+07   3.064e+08   1.000e+00
     85  177660.738      94       0  -3.785331600000000e+07   1.384e+08   1.000e+00
     86  183292.144      97       0  -3.785332000000000e+07   1.268e+08   2.500e-01
     87  185214.372      98       0  -3.785332800000000e+07   1.671e+08   1.000e+00
     88  187094.988      99       0  -3.785333600000000e+07   3.088e+08   1.000e+00
     89  188960.893     100       0  -3.785334400000000e+07   2.099e+08   1.000e+00
     90  190871.878     101       0  -3.785334800000000e+07   1.245e+08   1.000e+00
     91  194595.193     103       0  -3.785335200000000e+07   1.182e+08   5.000e-01
     92  200200.884     106       0  -3.785335600000000e+07   1.158e+08   1.478e-01
     93  203908.672     108       0  -3.785336000000000e+07   1.597e+08   5.000e-01
     94  237397.202     126       0  -3.785336000000000e+07   1.597e+08   8.663e-07
# Termination: function reduction test satisfied
# Iter.   Time (ms)    Eval. Reject.       Obj. Func.           Grad.       Step
# ---------------------------------------------------------------------------------
      0    1899.555       1       0  -4.426789600000000e+07   4.285e+09   0.000e+00
      1   22386.875      12       0  -4.427692800000000e+07   9.277e+09   1.612e-15
      2   24238.353      13       0  -4.428900800000000e+07   3.616e+09   1.000e+00
      3   26151.724      14       0  -4.429360000000000e+07   2.604e+09   1.000e+00
      4   28057.182      15       0  -4.430181600000000e+07   3.401e+09   1.000e+00
      5   29901.565      16       0  -4.431084400000000e+07   5.401e+09   1.000e+00
      6   31803.558      17       0  -4.431614400000000e+07   3.061e+09   1.000e+00
      7   33685.191      18       0  -4.431888800000000e+07   2.511e+09   1.000e+00
      8   35559.754      19       0  -4.432321600000000e+07   2.658e+09   1.000e+00
      9   37475.336      20       0  -4.432719200000000e+07   4.711e+09   1.000e+00
     10   39356.018      21       0  -4.433067600000000e+07   2.206e+09   1.000e+00
     11   41231.989      22       0  -4.433260000000000e+07   1.902e+09   1.000e+00
     12   43154.208      23       0  -4.433496400000000e+07   2.086e+09   1.000e+00
     13   45029.398      24       0  -4.433711200000000e+07   4.178e+09   1.000e+00
     14   46902.426      25       0  -4.433925200000000e+07   1.667e+09   1.000e+00
     15   48806.143      26       0  -4.434036800000000e+07   1.500e+09   1.000e+00
     16   50676.635      27       0  -4.434173200000000e+07   1.693e+09   1.000e+00
     17   52545.286      28       0  -4.434340800000000e+07   2.960e+09   1.000e+00
     18   54470.679      29       0  -4.434494400000000e+07   1.664e+09   1.000e+00
     19   56349.819      30       0  -4.434556800000000e+07   1.189e+09   1.000e+00
     20   58229.361      31       0  -4.434663600000000e+07   1.178e+09   1.000e+00
     21   60145.502      32       0  -4.434768400000000e+07   2.331e+09   1.000e+00
     22   62026.418      33       0  -4.434866400000000e+07   1.254e+09   1.000e+00
     23   63894.636      34       0  -4.434949600000000e+07   1.077e+09   1.000e+00
     24   65806.397      35       0  -4.435026400000000e+07   1.314e+09   1.000e+00
     25   67678.713      36       0  -4.435114400000000e+07   1.724e+09   1.000e+00
     26   69550.664      37       0  -4.435178000000000e+07   1.035e+09   1.000e+00
     27   71458.883      38       0  -4.435236400000000e+07   9.944e+08   1.000e+00
     28   73337.515      39       0  -4.435289600000000e+07   1.203e+09   1.000e+00
     29   75212.935      40       0  -4.435360400000000e+07   1.429e+09   1.000e+00
     30   77114.517      41       0  -4.435414400000000e+07   9.419e+08   1.000e+00
     31   79001.055      42       0  -4.435464800000000e+07   8.898e+08   1.000e+00
     32   80860.519      43       0  -4.435505200000000e+07   1.086e+09   1.000e+00
     33   82784.965      44       0  -4.435555200000000e+07   9.374e+08   1.000e+00
     34   84671.417      45       0  -4.435600000000000e+07   8.504e+08   1.000e+00
     35   86554.509      46       0  -4.435647600000000e+07   9.600e+08   1.000e+00
     36   88466.600      47       0  -4.435681200000000e+07   9.694e+08   1.000e+00
     37   90351.552      48       0  -4.435713600000000e+07   7.496e+08   1.000e+00
     38   92237.702      49       0  -4.435762000000000e+07   1.096e+09   1.000e+00
     39   94157.473      50       0  -4.435795200000000e+07   1.372e+09   1.000e+00
     40   96046.968      51       0  -4.435817600000000e+07   7.645e+08   1.000e+00
     41   97926.419      52       0  -4.435845600000000e+07   6.031e+08   1.000e+00
     42   99846.380      53       0  -4.435876400000000e+07   7.261e+08   1.000e+00
     43  101729.767      54       0  -4.435917200000000e+07   1.427e+09   1.000e+00
     44  103608.876      55       0  -4.435954400000000e+07   7.301e+08   1.000e+00
     45  105531.530      56       0  -4.435978000000000e+07   6.481e+08   1.000e+00
     46  107411.238      57       0  -4.436011200000000e+07   6.986e+08   1.000e+00
     47  109272.673      58       0  -4.436036400000000e+07   1.876e+09   1.000e+00
     48  111192.316      59       0  -4.436062400000000e+07   6.820e+08   1.000e+00
     49  113086.635      60       0  -4.436078400000000e+07   5.003e+08   1.000e+00
     50  114934.381      61       0  -4.436100000000000e+07   6.557e+08   1.000e+00
     51  116828.137      62       0  -4.436128800000000e+07   7.959e+08   1.000e+00
     52  118717.347      63       0  -4.436154800000000e+07   1.637e+09   1.000e+00
     53  120588.287      64       0  -4.436179600000000e+07   5.173e+08   1.000e+00
     54  122513.773      65       0  -4.436188800000000e+07   4.764e+08   1.000e+00
     55  124413.925      66       0  -4.436206000000000e+07   5.929e+08   1.000e+00
     56  126304.066      67       0  -4.436230800000000e+07   9.084e+08   1.000e+00
     57  128238.477      68       0  -4.436257200000000e+07   6.982e+08   1.000e+00
     58  130122.730      69       0  -4.436271600000000e+07   4.840e+08   1.000e+00
     59  132011.820      70       0  -4.436290400000000e+07   5.132e+08   1.000e+00
     60  133945.584      71       0  -4.436310800000000e+07   8.176e+08   1.000e+00
     61  135896.787      72       0  -4.436329200000000e+07   5.421e+08   1.000e+00
     62  137759.512      73       0  -4.436346000000000e+07   4.702e+08   1.000e+00
     63  139687.407      74       0  -4.436360400000000e+07   5.489e+08   1.000e+00
     64  141619.836      75       0  -4.436377600000000e+07   5.629e+08   1.000e+00
     65  143543.011      76       0  -4.436398000000000e+07   5.509e+08   1.000e+00
     66  145411.771      77       0  -4.436416000000000e+07   6.345e+08   1.000e+00
     67  147325.991      78       0  -4.436425600000000e+07   4.328e+08   1.000e+00
     68  149226.428      79       0  -4.436436400000000e+07   4.217e+08   1.000e+00
     69  151081.049      80       0  -4.436455200000000e+07   6.817e+08   1.000e+00
     70  153002.592      81       0  -4.436470400000000e+07   6.695e+08   1.000e+00
     71  154937.512      82       0  -4.436479600000000e+07   4.263e+08   1.000e+00
     72  156784.826      83       0  -4.436490800000000e+07   4.136e+08   1.000e+00
     73  158722.284      84       0  -4.436503600000000e+07   4.658e+08   1.000e+00
     74  160642.151      85       0  -4.436518800000000e+07   6.127e+08   1.000e+00
     75  162509.002      86       0  -4.436531600000000e+07   3.824e+08   1.000e+00
     76  164422.927      87       0  -4.436543200000000e+07   3.940e+08   1.000e+00
     77  166350.165      88       0  -4.436552800000000e+07   4.638e+08   1.000e+00
     78  168246.896      89       0  -4.436562800000000e+07   3.779e+08   1.000e+00
     79  170128.948      90       0  -4.436576400000000e+07   4.051e+08   1.000e+00
     80  172075.103      91       0  -4.436588000000000e+07   5.390e+08   1.000e+00
     81  174012.974      92       0  -4.436595200000000e+07   3.680e+08   1.000e+00
     82  175872.738      93       0  -4.436608000000000e+07   3.476e+08   1.000e+00
     83  177809.542      94       0  -4.436619200000000e+07   5.336e+08   1.000e+00
     84  179733.667      95       0  -4.436629200000000e+07   3.898e+08   1.000e+00
     85  181593.128      96       0  -4.436638400000000e+07   3.351e+08   1.000e+00
     86  183519.985      97       0  -4.436650000000000e+07   4.114e+08   1.000e+00
     87  185453.237      98       0  -4.436660400000000e+07   4.712e+08   1.000e+00
     88  187356.981      99       0  -4.436668400000000e+07   3.346e+08   1.000e+00
     89  189228.211     100       0  -4.436678800000000e+07   3.298e+08   1.000e+00
     90  191177.346     101       0  -4.436688800000000e+07   4.048e+08   1.000e+00
     91  193092.488     102       0  -4.436697600000000e+07   3.727e+08   1.000e+00
     92  194961.214     103       0  -4.436707200000000e+07   3.346e+08   1.000e+00
     93  196885.355     104       0  -4.436717600000000e+07   4.181e+08   1.000e+00
     94  198808.924     105       0  -4.436724000000000e+07   3.244e+08   1.000e+00
     95  200664.708     106       0  -4.436729600000000e+07   2.824e+08   1.000e+00
     96  202575.536     107       0  -4.436740400000000e+07   3.973e+08   1.000e+00
     97  204527.450     108       0  -4.436748400000000e+07   4.798e+08   1.000e+00
     98  206437.106     109       0  -4.436751600000000e+07   3.028e+08   1.000e+00
     99  208322.640     110       0  -4.436759200000000e+07   2.549e+08   1.000e+00
    100  210269.659     111       0  -4.436766800000000e+07   3.216e+08   1.000e+00
    101  212196.688     112       0  -4.436774400000000e+07   3.904e+08   1.000e+00
    102  214070.915     113       0  -4.436782400000000e+07   2.850e+08   1.000e+00
    103  216021.547     114       0  -4.436789600000000e+07   2.875e+08   1.000e+00
    104  217954.609     115       0  -4.436796400000000e+07   3.490e+08   1.000e+00
    105  219815.374     116       0  -4.436801200000000e+07   3.014e+08   1.000e+00
    106  221733.844     117       0  -4.436806400000000e+07   2.711e+08   1.000e+00
    107  223690.126     118       0  -4.436812800000000e+07   3.660e+08   1.000e+00
    108  225619.607     119       0  -4.436818000000000e+07   4.120e+08   1.000e+00
    109  227481.631     120       0  -4.436821200000000e+07   2.862e+08   1.000e+00
    110  229396.444     121       0  -4.436827600000000e+07   2.555e+08   1.000e+00
    111  231323.767     122       0  -4.436831600000000e+07   3.142e+08   1.000e+00
    112  233187.756     123       0  -4.436835200000000e+07   2.523e+08   1.000e+00
    113  235112.196     124       0  -4.436840000000000e+07   2.450e+08   1.000e+00
    114  237043.176     125       0  -4.436845600000000e+07   3.150e+08   1.000e+00
    115  238947.184     126       0  -4.436850000000000e+07   2.580e+08   1.000e+00
    116  240823.456     127       0  -4.436852000000000e+07   2.310e+08   1.000e+00
    117  242768.810     128       0  -4.436856400000000e+07   2.945e+08   1.000e+00
    118  244700.771     129       0  -4.436860400000000e+07   3.808e+08   1.000e+00
    119  246579.400     130       0  -4.436864000000000e+07   2.445e+08   1.000e+00
    120  248524.608     131       0  -4.436868400000000e+07   2.219e+08   1.000e+00
    121  250447.914     132       0  -4.436871600000000e+07   2.613e+08   1.000e+00
    122  252352.983     133       0  -4.436875200000000e+07   2.556e+08   1.000e+00
    123  254250.421     134       0  -4.436879200000000e+07   2.235e+08   1.000e+00
    124  256199.558     135       0  -4.436882800000000e+07   2.572e+08   1.000e+00
    125  258136.463     136       0  -4.436887200000000e+07   2.608e+08   1.000e+00
    126  259995.171     137       0  -4.436890400000000e+07   2.300e+08   1.000e+00
    127  261962.518     138       0  -4.436894400000000e+07   2.418e+08   1.000e+00
    128  263916.522     139       0  -4.436897600000000e+07   2.889e+08   1.000e+00
    129  265815.937     140       0  -4.436900400000000e+07   2.178e+08   1.000e+00
    130  267713.522     141       0  -4.436903600000000e+07   2.107e+08   1.000e+00
    131  269599.487     142       0  -4.436906400000000e+07   2.322e+08   1.000e+00
    132  271531.980     143       0  -4.436910000000000e+07   2.293e+08   1.000e+00
    133  273377.229     144       0  -4.436913600000000e+07   2.203e+08   1.000e+00
    134  275288.529     145       0  -4.436916400000000e+07   2.182e+08   1.000e+00
    135  277235.748     146       0  -4.436919200000000e+07   1.975e+08   1.000e+00
    136  279136.627     147       0  -4.436923600000000e+07   2.254e+08   1.000e+00
    137  281005.925     148       0  -4.436926800000000e+07   2.272e+08   1.000e+00
    138  282921.053     149       0  -4.436930800000000e+07   1.964e+08   1.000e+00
    139  284841.396     150       0  -4.436934400000000e+07   2.338e+08   1.000e+00
    140  286707.181     151       0  -4.436936800000000e+07   2.157e+08   1.000e+00
    141  288643.706     152       0  -4.436940400000000e+07   1.979e+08   1.000e+00
    142  290606.409     153       0  -4.436944000000000e+07   2.057e+08   1.000e+00
    143  292534.895     154       0  -4.436947200000000e+07   2.086e+08   1.000e+00
    144  294409.642     155       0  -4.436951600000000e+07   2.006e+08   1.000e+00
    145  296367.955     156       0  -4.436955200000000e+07   2.319e+08   1.000e+00
    146  298311.512     157       0  -4.436958000000000e+07   2.167e+08   1.000e+00
    147  300206.500     158       0  -4.436961200000000e+07   2.019e+08   1.000e+00
    148  302076.491     159       0  -4.436965600000000e+07   2.298e+08   1.000e+00
    149  304028.585     160       0  -4.436969200000000e+07   2.249e+08   1.000e+00
    150  305953.974     161       0  -4.436971600000000e+07   1.846e+08   1.000e+00
    151  307831.703     162       0  -4.436974800000000e+07   2.063e+08   1.000e+00
    152  309772.695     163       0  -4.436976800000000e+07   2.013e+08   1.000e+00
    153  311744.499     164       0  -4.436980000000000e+07   1.885e+08   1.000e+00
    154  313685.848     165       0  -4.436982400000000e+07   1.926e+08   1.000e+00
    155  315561.044     166       0  -4.436984800000000e+07   1.878e+08   1.000e+00
    156  317485.982     167       0  -4.436987200000000e+07   1.766e+08   1.000e+00
    157  319440.434     168       0  -4.436989600000000e+07   1.954e+08   1.000e+00
    158  321360.205     169       0  -4.436991600000000e+07   1.850e+08   1.000e+00
    159  323232.465     170       0  -4.436994000000000e+07   1.767e+08   1.000e+00
    160  325147.337     171       0  -4.436996400000000e+07   1.810e+08   1.000e+00
    161  327096.339     172       0  -4.436998800000000e+07   1.718e+08   1.000e+00
    162  328959.714     173       0  -4.437000800000000e+07   1.653e+08   1.000e+00
    163  330890.312     174       0  -4.437002800000000e+07   1.753e+08   1.000e+00
    164  332808.755     175       0  -4.437004400000000e+07   1.714e+08   1.000e+00
    165  334716.178     176       0  -4.437006400000000e+07   1.702e+08   1.000e+00
    166  336604.397     177       0  -4.437008800000000e+07   1.746e+08   1.000e+00
    167  338559.808     178       0  -4.437010400000000e+07   1.639e+08   1.000e+00
    168  340452.703     179       0  -4.437012400000000e+07   1.595e+08   1.000e+00
    169  342350.396     180       0  -4.437013200000000e+07   1.671e+08   1.000e+00
    170  344289.798     181       0  -4.437014800000000e+07   1.643e+08   1.000e+00
    171  346243.325     182       0  -4.437016000000000e+07   1.633e+08   1.000e+00
    172  348154.785     183       0  -4.437017600000000e+07   1.598e+08   1.000e+00
    173  350023.512     184       0  -4.437018800000000e+07   1.531e+08   1.000e+00
    174  351981.569     185       0  -4.437020000000000e+07   1.552e+08   1.000e+00
    175  353927.357     186       0  -4.437020800000000e+07   1.578e+08   1.000e+00
    176  355783.275     187       0  -4.437022000000000e+07   1.534e+08   1.000e+00
    177  357715.694     188       0  -4.437023200000000e+07   1.524e+08   1.000e+00
    178  359661.467     189       0  -4.437024400000000e+07   1.543e+08   1.000e+00
    179  361618.575     190       0  -4.437025600000000e+07   1.494e+08   1.000e+00
    180  363487.164     191       0  -4.437026800000000e+07   1.478e+08   1.000e+00
    181  365425.928     192       0  -4.437028000000000e+07   1.502e+08   1.000e+00
    182  367359.797     193       0  -4.437028400000000e+07   1.463e+08   1.000e+00
    183  369218.174     194       0  -4.437030000000000e+07   1.460e+08   1.000e+00
    184  371137.554     195       0  -4.437030800000000e+07   1.472e+08   1.000e+00
    185  373084.488     196       0  -4.437032000000000e+07   1.438e+08   1.000e+00
    186  375027.152     197       0  -4.437033200000000e+07   1.466e+08   1.000e+00
    187  376896.910     198       0  -4.437034400000000e+07   1.463e+08   1.000e+00
    188  378848.914     199       0  -4.437035200000000e+07   1.391e+08   1.000e+00
    189  380789.449     200       0  -4.437036800000000e+07   1.374e+08   1.000e+00
    190  406764.735     214       0  -4.437036800000000e+07   1.505e+08   1.052e-07
# Termination: function reduction test satisfied
# Iter.   Time (ms)    Eval. Reject.       Obj. Func.           Grad.       Step
# ---------------------------------------------------------------------------------
      0    1887.552       1       0  -4.426730800000000e+07   4.285e+09   0.000e+00
      1   22303.272      12       0  -4.427636000000000e+07   9.266e+09   1.610e-15
      2   24138.778      13       0  -4.428842000000000e+07   3.616e+09   1.000e+00
      3   26019.854      14       0  -4.429301200000000e+07   2.605e+09   1.000e+00
      4   27923.778      15       0  -4.430123600000000e+07   3.404e+09   1.000e+00
      5   29757.579      16       0  -4.431025600000000e+07   5.403e+09   1.000e+00
      6   31654.519      17       0  -4.431554800000000e+07   3.057e+09   1.000e+00
      7   33570.008      18       0  -4.431830000000000e+07   2.511e+09   1.000e+00
      8   35477.734      19       0  -4.432262400000000e+07   2.660e+09   1.000e+00
      9   37334.505      20       0  -4.432660000000000e+07   4.717e+09   1.000e+00
     10   39251.617      21       0  -4.433008800000000e+07   2.205e+09   1.000e+00
     11   41153.838      22       0  -4.433200800000000e+07   1.901e+09   1.000e+00
     12   43004.274      23       0  -4.433437600000000e+07   2.085e+09   1.000e+00
     13   44915.469      24       0  -4.433652400000000e+07   4.182e+09   1.000e+00
     14   46807.947      25       0  -4.433865600000000e+07   1.668e+09   1.000e+00
     15   48657.440      26       0  -4.433978000000000e+07   1.499e+09   1.000e+00
     16   50551.933      27       0  -4.434114000000000e+07   1.693e+09   1.000e+00
     17   52432.446      28       0  -4.434282000000000e+07   2.955e+09   1.000e+00
     18   54302.027      29       0  -4.434435200000000e+07   1.673e+09   1.000e+00
     19   56226.192      30       0  -4.434498000000000e+07   1.189e+09   1.000e+00
     20   58093.135      31       0  -4.434604800000000e+07   1.175e+09   1.000e+00
     21   59962.059      32       0  -4.434710000000000e+07   2.295e+09   1.000e+00
     22   61864.842      33       0  -4.434808800000000e+07   1.251e+09   1.000e+00
     23   63731.633      34       0  -4.434891600000000e+07   1.081e+09   1.000e+00
     24   65587.575      35       0  -4.434969200000000e+07   1.342e+09   1.000e+00
     25   67491.327      36       0  -4.435054800000000e+07   1.614e+09   1.000e+00
     26   69367.615      37       0  -4.435118000000000e+07   1.041e+09   1.000e+00
     27   71259.287      38       0  -4.435179600000000e+07   1.011e+09   1.000e+00
     28   73180.652      39       0  -4.435234000000000e+07   1.225e+09   1.000e+00
     29   75068.178      40       0  -4.435304400000000e+07   1.151e+09   1.000e+00
     30   76943.995      41       0  -4.435364400000000e+07   1.057e+09   1.000e+00
     31   78843.594      42       0  -4.435417200000000e+07   9.378e+08   1.000e+00
     32   80695.148      43       0  -4.435456400000000e+07   9.954e+08   1.000e+00
     33   82594.054      44       0  -4.435499600000000e+07   8.454e+08   1.000e+00
     34   84522.402      45       0  -4.435550400000000e+07   9.389e+08   1.000e+00
     35   86406.986      46       0  -4.435594000000000e+07   1.352e+09   1.000e+00
     36   88292.544      47       0  -4.435624400000000e+07   7.662e+08   1.000e+00
     37   90215.068      48       0  -4.435648800000000e+07   6.952e+08   1.000e+00
     38   92089.376      49       0  -4.435688400000000e+07   1.007e+09   1.000e+00
     39   93928.136      50       0  -4.435730400000000e+07   1.394e+09   1.000e+00
     40   95812.821      51       0  -4.435760000000000e+07   7.596e+08   1.000e+00
     41   97677.714      52       0  -4.435790800000000e+07   6.831e+08   1.000e+00
     42   99547.687      53       0  -4.435822400000000e+07   7.979e+08   1.000e+00
     43  101451.257      54       0  -4.435861600000000e+07   1.640e+09   1.000e+00
     44  103331.372      55       0  -4.435894800000000e+07   7.154e+08   1.000e+00
     45  105205.207      56       0  -4.435918800000000e+07   6.248e+08   1.000e+00
     46  107130.137      57       0  -4.435943200000000e+07   7.184e+08   1.000e+00
     47  109018.182      58       0  -4.435980800000000e+07   1.252e+09   1.000e+00
     48  110896.231      59       0  -4.436015600000000e+07   8.548e+08   1.000e+00
     49  112808.041      60       0  -4.436033200000000e+07   5.518e+08   1.000e+00
     50  114690.747      61       0  -4.436054400000000e+07   5.644e+08   1.000e+00
     51  116564.559      62       0  -4.436078000000000e+07   8.868e+08   1.000e+00
     52  118479.666      63       0  -4.436102000000000e+07   6.197e+08   1.000e+00
     53  120360.004      64       0  -4.436124400000000e+07   5.436e+08   1.000e+00
     54  122225.441      65       0  -4.436147200000000e+07   7.481e+08   1.000e+00
     55  124119.323      66       0  -4.436169200000000e+07   6.951e+08   1.000e+00
     56  125971.294      67       0  -4.436186400000000e+07   5.391e+08   1.000e+00
     57  127836.802      68       0  -4.436207200000000e+07   7.071e+08   1.000e+00
     58  129734.633      69       0  -4.436223600000000e+07   6.031e+08   1.000e+00
     59  131608.548      70       0  -4.436238000000000e+07   5.409e+08   1.000e+00
     60  133470.779      71       0  -4.436266000000000e+07   7.664e+08   1.000e+00
     61  135358.543      72       0  -4.436281200000000e+07   1.003e+09   1.000e+00
     62  137235.187      73       0  -4.436289200000000e+07   5.007e+08   1.000e+00
     63  139105.954      74       0  -4.436299200000000e+07   3.612e+08   1.000e+00
     64  141015.421      75       0  -4.436316800000000e+07   5.188e+08   1.000e+00
     65  142880.159      76       0  -4.436334000000000e+07   7.256e+08   1.000e+00
     66  144742.636      77       0  -4.436355600000000e+07   4.997e+08   1.000e+00
     67  146644.565      78       0  -4.436372000000000e+07   4.176e+08   1.000e+00
     68  148530.691      79       0  -4.436393600000000e+07   4.835e+08   1.000e+00
     69  150413.777      80       0  -4.436408400000000e+07   9.641e+08   1.000e+00
     70  152335.152      81       0  -4.436418400000000e+07   4.475e+08   1.000e+00
     71  154237.521      82       0  -4.436426800000000e+07   3.767e+08   1.000e+00
     72  156101.078      83       0  -4.436435200000000e+07   4.407e+08   1.000e+00
     73  158008.735      84       0  -4.436451200000000e+07   6.031e+08   1.000e+00
     74  159897.032      85       0  -4.436468000000000e+07   6.423e+08   1.000e+00
     75  161749.153      86       0  -4.436478400000000e+07   3.684e+08   1.000e+00
     76  163665.961      87       0  -4.436487600000000e+07   3.531e+08   1.000e+00
     77  165552.329      88       0  -4.436498000000000e+07   4.925e+08   1.000e+00
     78  167424.549      89       0  -4.436509600000000e+07   4.952e+08   1.000e+00
     79  169339.507      90       0  -4.436520000000000e+07   3.596e+08   1.000e+00
     80  171217.398      91       0  -4.436532800000000e+07   3.896e+08   1.000e+00
     81  173102.483      92       0  -4.436541600000000e+07   5.345e+08   1.000e+00
     82  175024.833      93       0  -4.436548400000000e+07   3.574e+08   1.000e+00
     83  176914.827      94       0  -4.436560800000000e+07   3.484e+08   1.000e+00
     84  178786.809      95       0  -4.436568800000000e+07   4.278e+08   1.000e+00
     85  180702.476      96       0  -4.436577600000000e+07   3.371e+08   1.000e+00
     86  182581.518      97       0  -4.436592800000000e+07   4.125e+08   1.000e+00
     87  184437.633      98       0  -4.436603200000000e+07   6.101e+08   1.000e+00
     88  186343.761      99       0  -4.436607600000000e+07   3.436e+08   1.000e+00
     89  188232.699     100       0  -4.436614000000000e+07   3.056e+08   1.000e+00
     90  190105.155     101       0  -4.436622000000000e+07   3.667e+08   1.000e+00
     91  192029.393     102       0  -4.436632000000000e+07   5.343e+08   1.000e+00
     92  193879.191     103       0  -4.436642800000000e+07   3.464e+08   1.000e+00
     93  195772.911     104       0  -4.436651600000000e+07   2.990e+08   1.000e+00
     94  197711.999     105       0  -4.436662000000000e+07   3.231e+08   1.000e+00
     95  199591.586     106       0  -4.436670800000000e+07   5.241e+08   1.000e+00
     96  201480.928     107       0  -4.436676400000000e+07   2.977e+08   1.000e+00
     97  203413.473     108       0  -4.436682400000000e+07   2.906e+08   1.000e+00
     98  205297.214     109       0  -4.436689200000000e+07   3.490e+08   1.000e+00
     99  207179.126     110       0  -4.436699200000000e+07   4.766e+08   1.000e+00
    100  209098.432     111       0  -4.436706000000000e+07   2.924e+08   1.000e+00
    101  210973.876     112       0  -4.436710800000000e+07   2.772e+08   1.000e+00
    102  212836.741     113       0  -4.436718400000000e+07   2.970e+08   1.000e+00
    103  214752.495     114       0  -4.436726000000000e+07   4.191e+08   1.000e+00
    104  216627.705     115       0  -4.436730400000000e+07   2.543e+08   1.000e+00
    105  218506.293     116       0  -4.436734400000000e+07   2.495e+08   1.000e+00
    106  220420.730     117       0  -4.436739600000000e+07   3.218e+08   1.000e+00
    107  222298.402     118       0  -4.436746400000000e+07   3.861e+08   1.000e+00
    108  224179.611     119       0  -4.436753200000000e+07   2.682e+08   1.000e+00
    109  226084.531     120       0  -4.436758800000000e+07   2.560e+08   1.000e+00
    110  227970.057     121       0  -4.436763600000000e+07   3.099e+08   1.000e+00
    111  229845.821     122       0  -4.436769200000000e+07   2.787e+08   1.000e+00
    112  231767.719     123       0  -4.436772800000000e+07   2.681e+08   1.000e+00
    113  233648.734     124       0  -4.436776800000000e+07   3.144e+08   1.000e+00
    114  235535.261     125       0  -4.436780000000000e+07   2.480e+08   1.000e+00
    115  237453.564     126       0  -4.436786000000000e+07   2.650e+08   1.000e+00
    116  239344.064     127       0  -4.436791200000000e+07   3.946e+08   1.000e+00
    117  241215.206     128       0  -4.436794400000000e+07   2.258e+08   1.000e+00
    118  243131.345     129       0  -4.436798000000000e+07   2.135e+08   1.000e+00
    119  245030.702     130       0  -4.436802400000000e+07   2.518e+08   1.000e+00
    120  246896.203     131       0  -4.436806000000000e+07   2.436e+08   1.000e+00
    121  248812.952     132       0  -4.436812000000000e+07   2.325e+08   1.000e+00
    122  250724.479     133       0  -4.436816800000000e+07   3.418e+08   1.000e+00
    123  252585.119     134       0  -4.436819600000000e+07   2.149e+08   1.000e+00
    124  254500.634     135       0  -4.436821600000000e+07   2.192e+08   1.000e+00
    125  256408.157     136       0  -4.436827200000000e+07   2.729e+08   1.000e+00
    126  258265.533     137       0  -4.436831200000000e+07   2.277e+08   1.000e+00
    127  260203.114     138       0  -4.436836400000000e+07   2.265e+08   1.000e+00
    128  262107.879     139       0  -4.436840800000000e+07   2.879e+08   1.000e+00
    129  263965.723     140       0  -4.436844800000000e+07   2.551e+08   1.000e+00
    130  265890.963     141       0  -4.436846800000000e+07   2.106e+08   1.000e+00
    131  267795.886     142       0  -4.436850400000000e+07   2.321e+08   1.000e+00
    132  269643.677     143       0  -4.436854400000000e+07   2.204e+08   1.000e+00
    133  271551.399     144       0  -4.436859600000000e+07   2.102e+08   1.000e+00
    134  273449.987     145       0  -4.436863200000000e+07   3.236e+08   1.000e+00
    135  275324.449     146       0  -4.436865200000000e+07   2.047e+08   1.000e+00
    136  277256.934     147       0  -4.436867600000000e+07   2.150e+08   1.000e+00
    137  279147.965     148       0  -4.436871600000000e+07   2.506e+08   1.000e+00
    138  281000.330     149       0  -4.436875600000000e+07   2.056e+08   1.000e+00
    139  282900.930     150       0  -4.436877600000000e+07   1.971e+08   1.000e+00
    140  284779.724     151       0  -4.436881600000000e+07   2.252e+08   1.000e+00
    141  286649.422     152       0  -4.436885200000000e+07   2.574e+08   1.000e+00
    142  288560.923     153       0  -4.436887600000000e+07   2.103e+08   1.000e+00
    143  290403.034     154       0  -4.436890000000000e+07   1.908e+08   1.000e+00
    144  292312.378     155       0  -4.436892800000000e+07   2.097e+08   1.000e+00
    145  294208.707     156       0  -4.436896400000000e+07   2.098e+08   1.000e+00
    146  296044.456     157       0  -4.436901200000000e+07   2.076e+08   1.000e+00
    147  297954.313     158       0  -4.436903600000000e+07   2.382e+08   1.000e+00
    148  299854.694     159       0  -4.436905200000000e+07   1.891e+08   1.000e+00
    149  301702.030     160       0  -4.436908000000000e+07   1.999e+08   1.000e+00
    150  303601.538     161       0  -4.436911600000000e+07   2.060e+08   1.000e+00
    151  305505.717     162       0  -4.436913600000000e+07   1.895e+08   1.000e+00
    152  307348.067     163       0  -4.436916400000000e+07   1.827e+08   1.000e+00
    153  309253.741     164       0  -4.436919200000000e+07   2.140e+08   1.000e+00
    154  311152.281     165       0  -4.436921600000000e+07   2.134e+08   1.000e+00
    155  313009.568     166       0  -4.436922800000000e+07   1.769e+08   1.000e+00
    156  314920.333     167       0  -4.436925200000000e+07   1.858e+08   1.000e+00
    157  316833.863     168       0  -4.436927600000000e+07   1.861e+08   1.000e+00
    158  318688.807     169       0  -4.436929200000000e+07   1.723e+08   1.000e+00
    159  320609.043     170       0  -4.436931600000000e+07   1.774e+08   1.000e+00
    160  322517.519     171       0  -4.436932800000000e+07   1.930e+08   1.000e+00
    161  324373.603     172       0  -4.436934800000000e+07   1.762e+08   1.000e+00
    162  326290.878     173       0  -4.436936000000000e+07   1.806e+08   1.000e+00
    163  328183.598     174       0  -4.436938000000000e+07   1.775e+08   1.000e+00
    164  330025.641     175       0  -4.436940000000000e+07   1.698e+08   1.000e+00
    165  331921.620     176       0  -4.436942000000000e+07   1.676e+08   1.000e+00
    166  333812.091     177       0  -4.436943600000000e+07   1.663e+08   1.000e+00
    167  335663.275     178       0  -4.436945600000000e+07   1.639e+08   1.000e+00
    168  337574.157     179       0  -4.436946800000000e+07   1.720e+08   1.000e+00
    169  339493.398     180       0  -4.436948400000000e+07   1.670e+08   1.000e+00
    170  341359.494     181       0  -4.436950000000000e+07   1.559e+08   1.000e+00
    171  343222.158     182       0  -4.436951600000000e+07   1.585e+08   1.000e+00
    172  345132.370     183       0  -4.436952800000000e+07   1.551e+08   1.000e+00
    173  347021.877     184       0  -4.436954000000000e+07   1.529e+08   1.000e+00
    174  348877.598     185       0  -4.436955600000000e+07   1.583e+08   1.000e+00
    175  350769.371     186       0  -4.436956800000000e+07   1.553e+08   1.000e+00
    176  352641.612     187       0  -4.436957600000000e+07   1.522e+08   1.000e+00
    177  354496.706     188       0  -4.436958800000000e+07   1.548e+08   1.000e+00
    178  356402.686     189       0  -4.436959600000000e+07   1.472e+08   1.000e+00
    179  358274.714     190       0  -4.436960400000000e+07   1.472e+08   1.000e+00
    180  360145.913     191       0  -4.436961200000000e+07   1.529e+08   1.000e+00
    181  362058.490     192       0  -4.436962000000000e+07   1.491e+08   1.000e+00
    182  363972.358     193       0  -4.436963200000000e+07   1.473e+08   1.000e+00
    183  365818.019     194       0  -4.436964400000000e+07   1.496e+08   1.000e+00
    184  367742.214     195       0  -4.436965200000000e+07   1.446e+08   1.000e+00
    185  369634.782     196       0  -4.436966400000000e+07   1.409e+08   1.000e+00
    186  371523.258     197       0  -4.436967200000000e+07   1.459e+08   1.000e+00
    187  373432.100     198       0  -4.436968400000000e+07   1.496e+08   1.000e+00
    188  408699.919     217       0  -4.436968400000000e+07   1.568e+08   3.808e-06
# Termination: function reduction test satisfied
# Iter.   Time (ms)    Eval. Reject.       Obj. Func.           Grad.       Step
# ---------------------------------------------------------------------------------
      0    1850.394       1       0  -4.426145600000000e+07   4.285e+09   0.000e+00
      1   22365.210      12       0  -4.427073200000000e+07   9.157e+09   1.592e-15
      2   24257.208      13       0  -4.428255600000000e+07   3.615e+09   1.000e+00
      3   26112.108      14       0  -4.428719600000000e+07   2.619e+09   1.000e+00
      4   28023.591      15       0  -4.429546000000000e+07   3.438e+09   1.000e+00
      5   29952.604      16       0  -4.430440000000000e+07   5.425e+09   1.000e+00
      6   31832.396      17       0  -4.430966400000000e+07   3.012e+09   1.000e+00
      7   33779.425      18       0  -4.431244400000000e+07   2.509e+09   1.000e+00
      8   35706.853      19       0  -4.431671600000000e+07   2.673e+09   1.000e+00
      9   37611.981      20       0  -4.432074400000000e+07   4.761e+09   1.000e+00
     10   39510.082      21       0  -4.432428400000000e+07   2.205e+09   1.000e+00
     11   41434.669      22       0  -4.432614000000000e+07   1.895e+09   1.000e+00
     12   43310.728      23       0  -4.432850800000000e+07   2.079e+09   1.000e+00
     13   45176.268      24       0  -4.433062800000000e+07   4.219e+09   1.000e+00
     14   47108.217      25       0  -4.433275200000000e+07   1.679e+09   1.000e+00
     15   49011.120      26       0  -4.433390000000000e+07   1.491e+09   1.000e+00
     16   50885.507      27       0  -4.433526400000000e+07   1.694e+09   1.000e+00
     17   52821.948      28       0  -4.433700800000000e+07   2.833e+09   1.000e+00
     18   54724.771      29       0  -4.433852000000000e+07   1.830e+09   1.000e+00
     19   56587.803      30       0  -4.433914400000000e+07   1.188e+09   1.000e+00
     20   58502.112      31       0  -4.434012000000000e+07   1.144e+09   1.000e+00
     21   60402.315      32       0  -4.434116800000000e+07   1.785e+09   1.000e+00
     22   62263.371      33       0  -4.434227200000000e+07   1.336e+09   1.000e+00
     23   64179.031      34       0  -4.434306000000000e+07   1.212e+09   1.000e+00
     24   66080.525      35       0  -4.434392000000000e+07   1.110e+09   1.000e+00
     25   67943.862      36       0  -4.434468400000000e+07   1.504e+09   1.000e+00
     26   69863.244      37       0  -4.434544800000000e+07   1.039e+09   1.000e+00
     27   71760.568      38       0  -4.434608000000000e+07   1.028e+09   1.000e+00
     28   73622.022      39       0  -4.434668400000000e+07   1.288e+09   1.000e+00
     29   75524.901      40       0  -4.434726400000000e+07   1.029e+09   1.000e+00
     30   77433.542      41       0  -4.434784000000000e+07   9.385e+08   1.000e+00
     31   79291.827      42       0  -4.434838400000000e+07   1.255e+09   1.000e+00
     32   81215.174      43       0  -4.434881200000000e+07   8.724e+08   1.000e+00
     33   83104.681      44       0  -4.434920400000000e+07   7.834e+08   1.000e+00
     34   84960.477      45       0  -4.434973600000000e+07   1.220e+09   1.000e+00
     35   86882.062      46       0  -4.435013200000000e+07   1.104e+09   1.000e+00
     36   88786.153      47       0  -4.435038000000000e+07   7.482e+08   1.000e+00
     37   90646.667      48       0  -4.435080000000000e+07   7.708e+08   1.000e+00
     38   92572.340      49       0  -4.435116000000000e+07   1.170e+09   1.000e+00
     39   94471.709      50       0  -4.435149600000000e+07   7.691e+08   1.000e+00
     40   96354.748      51       0  -4.435190400000000e+07   6.845e+08   1.000e+00
     41   98225.318      52       0  -4.435230400000000e+07   8.752e+08   1.000e+00
     42  100133.907      53       0  -4.435271200000000e+07   1.018e+09   1.000e+00
     43  102040.190      54       0  -4.435296000000000e+07   6.402e+08   1.000e+00
     44  103890.966      55       0  -4.435324400000000e+07   6.825e+08   1.000e+00
     45  105823.171      56       0  -4.435354000000000e+07   1.094e+09   1.000e+00
     46  107758.700      57       0  -4.435386000000000e+07   7.273e+08   1.000e+00
     47  109641.584      58       0  -4.435413200000000e+07   6.085e+08   1.000e+00
     48  111496.792      59       0  -4.435436400000000e+07   7.711e+08   1.000e+00
     49  113406.678      60       0  -4.435456000000000e+07   6.432e+08   1.000e+00
     50  115330.404      61       0  -4.435474800000000e+07   5.735e+08   1.000e+00
     51  117190.690      62       0  -4.435497600000000e+07   7.957e+08   1.000e+00
     52  119118.893      63       0  -4.435518800000000e+07   7.746e+08   1.000e+00
     53  121027.384      64       0  -4.435536400000000e+07   5.765e+08   1.000e+00
     54  122871.604      65       0  -4.435557600000000e+07   5.848e+08   1.000e+00
     55  124777.156      66       0  -4.435572400000000e+07   6.889e+08   1.000e+00
     56  126692.657      67       0  -4.435586400000000e+07   5.384e+08   1.000e+00
     57  128587.938      68       0  -4.435612000000000e+07   6.202e+08   1.000e+00
     58  130463.386      69       0  -4.435627200000000e+07   1.073e+09   1.000e+00
     59  132383.512      70       0  -4.435637600000000e+07   5.602e+08   1.000e+00
     60  134292.624      71       0  -4.435650400000000e+07   4.141e+08   1.000e+00
     61  136175.261      72       0  -4.435665600000000e+07   5.125e+08   1.000e+00
     62  138122.642      73       0  -4.435689200000000e+07   6.450e+08   1.000e+00
     63  140032.708      74       0  -4.435713600000000e+07   1.234e+09   1.000e+00
     64  141887.520      75       0  -4.435733200000000e+07   4.768e+08   1.000e+00
     65  143828.079      76       0  -4.435742800000000e+07   4.360e+08   1.000e+00
     66  145770.047      77       0  -4.435756800000000e+07   4.881e+08   1.000e+00
     67  147671.592      78       0  -4.435770000000000e+07   1.062e+09   1.000e+00
     68  149543.436      79       0  -4.435783200000000e+07   4.310e+08   1.000e+00
     69  151461.764      80       0  -4.435791600000000e+07   3.701e+08   1.000e+00
     70  153348.197      81       0  -4.435799600000000e+07   4.301e+08   1.000e+00
     71  155229.208      82       0  -4.435815200000000e+07   5.652e+08   1.000e+00
     72  157187.538      83       0  -4.435829600000000e+07   9.607e+08   1.000e+00
     73  159137.446      84       0  -4.435840000000000e+07   3.914e+08   1.000e+00
     74  161025.648      85       0  -4.435846800000000e+07   3.571e+08   1.000e+00
     75  162928.917      86       0  -4.435855600000000e+07   4.062e+08   1.000e+00
     76  164860.948      87       0  -4.435870400000000e+07   4.968e+08   1.000e+00
     77  166789.832      88       0  -4.435884000000000e+07   8.463e+08   1.000e+00
     78  168662.149      89       0  -4.435892400000000e+07   3.478e+08   1.000e+00
     79  170607.364      90       0  -4.435897600000000e+07   3.276e+08   1.000e+00
     80  172546.146      91       0  -4.435906800000000e+07   3.849e+08   1.000e+00
     81  174430.082      92       0  -4.435921600000000e+07   4.316e+08   1.000e+00
     82  176339.188      93       0  -4.435937600000000e+07   8.660e+08   1.000e+00
     83  178274.934      94       0  -4.435946000000000e+07   3.395e+08   1.000e+00
     84  180166.387      95       0  -4.435950400000000e+07   3.013e+08   1.000e+00
     85  182026.491      96       0  -4.435958400000000e+07   3.901e+08   1.000e+00
     86  183961.506      97       0  -4.435968800000000e+07   5.225e+08   1.000e+00
     87  185894.081      98       0  -4.435979600000000e+07   3.313e+08   1.000e+00
     88  187763.059      99       0  -4.435989600000000e+07   3.234e+08   1.000e+00
     89  189695.462     100       0  -4.436000000000000e+07   3.733e+08   1.000e+00
     90  191627.970     101       0  -4.436009600000000e+07   4.006e+08   1.000e+00
     91  193520.439     102       0  -4.436015600000000e+07   2.919e+08   1.000e+00
     92  195403.282     103       0  -4.436024000000000e+07   3.384e+08   1.000e+00
     93  197328.876     104       0  -4.436032800000000e+07   4.075e+08   1.000e+00
     94  199260.656     105       0  -4.436042800000000e+07   3.423e+08   1.000e+00
     95  201124.662     106       0  -4.436053600000000e+07   3.375e+08   1.000e+00
     96  203045.672     107       0  -4.436060400000000e+07   3.743e+08   1.000e+00
     97  204976.743     108       0  -4.436064400000000e+07   2.715e+08   1.000e+00
     98  206839.526     109       0  -4.436071200000000e+07   2.682e+08   1.000e+00
     99  208782.821     110       0  -4.436077200000000e+07   4.285e+08   1.000e+00
    100  210728.795     111       0  -4.436082000000000e+07   2.712e+08   1.000e+00
    101  212639.065     112       0  -4.436088800000000e+07   2.630e+08   1.000e+00
    102  214520.353     113       0  -4.436097600000000e+07   2.856e+08   1.000e+00
    103  216475.090     114       0  -4.436106000000000e+07   3.705e+08   1.000e+00
    104  218412.755     115       0  -4.436111200000000e+07   2.889e+08   1.000e+00
    105  220282.734     116       0  -4.436115200000000e+07   2.528e+08   1.000e+00
    106  222214.668     117       0  -4.436122000000000e+07   2.970e+08   1.000e+00
    107  224174.314     118       0  -4.436129200000000e+07   5.148e+08   1.000e+00
    108  226123.990     119       0  -4.436132800000000e+07   2.628e+08   1.000e+00
    109  227997.648     120       0  -4.436136800000000e+07   2.346e+08   1.000e+00
    110  229953.941     121       0  -4.436140400000000e+07   2.724e+08   1.000e+00
    111  231909.905     122       0  -4.436146000000000e+07   2.844e+08   1.000e+00
    112  233848.682     123       0  -4.436152400000000e+07   3.605e+08   1.000e+00
    113  235737.650     124       0  -4.436155600000000e+07   3.354e+08   1.000e+00
    114  237692.554     125       0  -4.436157200000000e+07   2.460e+08   1.000e+00
    115  239624.079     126       0  -4.436159600000000e+07   2.378e+08   1.000e+00
    116  241527.701     127       0  -4.436163200000000e+07   2.696e+08   1.000e+00
    117  243430.683     128       0  -4.436168800000000e+07   3.636e+08   1.000e+00
    118  245360.644     129       0  -4.436172000000000e+07   2.217e+08   1.000e+00
    119  247304.180     130       0  -4.436174400000000e+07   2.132e+08   1.000e+00
    120  249176.511     131       0  -4.436178800000000e+07   2.571e+08   1.000e+00
    121  251120.282     132       0  -4.436182400000000e+07   2.547e+08   1.000e+00
    122  253072.886     133       0  -4.436187600000000e+07   2.710e+08   1.000e+00
    123  255018.518     134       0  -4.436190000000000e+07   2.802e+08   1.000e+00
    124  256898.143     135       0  -4.436192400000000e+07   2.143e+08   1.000e+00
    125  258844.676     136       0  -4.436195600000000e+07   2.216e+08   1.000e+00
    126  260797.842     137       0  -4.436198400000000e+07   2.318e+08   1.000e+00
    127  262713.828     138       0  -4.436201600000000e+07   2.698e+08   1.000e+00
    128  264593.251     139       0  -4.436203600000000e+07   2.084e+08   1.000e+00
    129  266534.678     140       0  -4.436206400000000e+07   2.115e+08   1.000e+00
    130  268459.640     141       0  -4.436210000000000e+07   2.450e+08   1.000e+00
    131  270321.157     142       0  -4.436214000000000e+07   2.721e+08   1.000e+00
    132  272267.924     143       0  -4.436216400000000e+07   2.052e+08   1.000e+00
    133  274223.146     144       0  -4.436217600000000e+07   1.920e+08   1.000e+00
    134  276117.187     145       0  -4.436221200000000e+07   2.190e+08   1.000e+00
    135  278009.727     146       0  -4.436224800000000e+07   2.257e+08   1.000e+00
    136  279955.340     147       0  -4.436228000000000e+07   2.519e+08   1.000e+00
    137  281899.692     148       0  -4.436229600000000e+07   2.119e+08   1.000e+00
    138  283803.182     149       0  -4.436230800000000e+07   1.935e+08   1.000e+00
    139  285703.065     150       0  -4.436234800000000e+07   2.169e+08   1.000e+00
    140  287661.429     151       0  -4.436238800000000e+07   2.137e+08   1.000e+00
    141  289590.159     152       0  -4.436241600000000e+07   1.885e+08   1.000e+00
    142  291465.716     153       0  -4.436243600000000e+07   2.039e+08   1.000e+00
    143  293418.837     154       0  -4.436246000000000e+07   1.964e+08   1.000e+00
    144  295375.374     155       0  -4.436249200000000e+07   1.959e+08   1.000e+00
    145  297267.622     156       0  -4.436252400000000e+07   1.965e+08   1.000e+00
    146  299148.873     157       0  -4.436254400000000e+07   1.888e+08   1.000e+00
    147  301084.995     158       0  -4.436256400000000e+07   1.770e+08   1.000e+00
    148  303028.460     159       0  -4.436258400000000e+07   1.858e+08   1.000e+00
    149  304890.318     160       0  -4.436260800000000e+07   1.894e+08   1.000e+00
    150  306834.470     161       0  -4.436264000000000e+07   1.833e+08   1.000e+00
    151  308782.494     162       0  -4.436267200000000e+07   1.956e+08   1.000e+00
    152  310673.827     163       0  -4.436269600000000e+07   2.019e+08   1.000e+00
    153  312547.088     164       0  -4.436271600000000e+07   1.692e+08   1.000e+00
    154  314473.709     165       0  -4.436273600000000e+07   1.755e+08   1.000e+00
    155  316391.686     166       0  -4.436276400000000e+07   1.783e+08   1.000e+00
    156  318254.568     167       0  -4.436278400000000e+07   1.651e+08   1.000e+00
    157  320182.097     168       0  -4.436281200000000e+07   1.645e+08   1.000e+00
    158  322112.716     169       0  -4.436283200000000e+07   1.698e+08   1.000e+00
    159  324014.847     170       0  -4.436285200000000e+07   1.671e+08   1.000e+00
    160  325888.570     171       0  -4.436287600000000e+07   1.704e+08   1.000e+00
    161  327820.874     172       0  -4.436289200000000e+07   1.650e+08   1.000e+00
    162  329765.271     173       0  -4.436292000000000e+07   1.574e+08   1.000e+00
    163  331641.555     174       0  -4.436293600000000e+07   1.605e+08   1.000e+00
    164  333579.124     175       0  -4.436295600000000e+07   1.569e+08   1.000e+00
    165  335509.285     176       0  -4.436297600000000e+07   1.527e+08   1.000e+00
    166  337372.874     177       0  -4.436299200000000e+07   1.607e+08   1.000e+00
    167  339281.250     178       0  -4.436300400000000e+07   1.566e+08   1.000e+00
    168  341209.222     179       0  -4.436302800000000e+07   1.506e+08   1.000e+00
    169  343107.598     180       0  -4.436304400000000e+07   1.510e+08   1.000e+00
    170  344980.962     181       0  -4.436305600000000e+07   1.426e+08   1.000e+00
    171  346884.059     182       0  -4.436306800000000e+07   1.423e+08   1.000e+00
    172  348808.929     183       0  -4.436308000000000e+07   1.512e+08   1.000e+00
    173  350666.169     184       0  -4.436309600000000e+07   1.475e+08   1.000e+00
    174  352614.426     185       0  -4.436310800000000e+07   1.430e+08   1.000e+00
    175  354551.216     186       0  -4.436312400000000e+07   1.478e+08   1.000e+00
    176  356502.627     187       0  -4.436314000000000e+07   1.392e+08   1.000e+00
    177  358394.972     188       0  -4.436314800000000e+07   1.336e+08   1.000e+00
    178  360345.126     189       0  -4.436316000000000e+07   1.430e+08   1.000e+00
    179  362281.419     190       0  -4.436316800000000e+07   1.430e+08   1.000e+00
    180  364193.016     191       0  -4.436317600000000e+07   1.394e+08   1.000e+00
    181  366092.449     192       0  -4.436319600000000e+07   1.438e+08   1.000e+00
    182  368046.293     193       0  -4.436320400000000e+07   1.395e+08   1.000e+00
    183  369993.434     194       0  -4.436321200000000e+07   1.328e+08   1.000e+00
    184  371909.276     195       0  -4.436322000000000e+07   1.403e+08   1.000e+00
    185  373802.053     196       0  -4.436323200000000e+07   1.443e+08   1.000e+00
    186  386818.965     203       0  -4.436323600000000e+07   1.509e+08   1.119e-03
    187  388697.221     204       0  -4.436324000000000e+07   1.708e+08   1.000e+00
    188  394284.867     207       0  -4.436324400000000e+07   1.533e+08   6.046e-02
    189  425956.401     224       0  -4.436324400000000e+07   1.662e+08   2.706e-06
# Termination: function reduction test satisfied
# Iter.   Time (ms)    Eval. Reject.       Obj. Func.           Grad.       Step
# ---------------------------------------------------------------------------------
      0    1898.459       1       0  -4.420293600000000e+07   4.285e+09   0.000e+00
      1   22515.120      12       0  -4.421395200000000e+07   8.118e+09   1.422e-15
      2   24434.605      13       0  -4.422395200000000e+07   3.616e+09   1.000e+00
      3   26286.403      14       0  -4.422914400000000e+07   2.818e+09   1.000e+00
      4   28211.711      15       0  -4.423768000000000e+07   3.753e+09   1.000e+00
      5   30123.502      16       0  -4.424590000000000e+07   5.642e+09   1.000e+00
      6   31968.779      17       0  -4.425076400000000e+07   2.781e+09   1.000e+00
      7   33869.847      18       0  -4.425385600000000e+07   2.495e+09   1.000e+00
      8   35778.566      19       0  -4.425759200000000e+07   2.717e+09   1.000e+00
      9   37686.321      20       0  -4.426218400000000e+07   4.782e+09   1.000e+00
     10   39554.655      21       0  -4.426622000000000e+07   2.474e+09   1.000e+00
     11   41482.632      22       0  -4.426762800000000e+07   1.852e+09   1.000e+00
     12   43373.355      23       0  -4.426998000000000e+07   1.889e+09   1.000e+00
     13   45246.580      24       0  -4.427207600000000e+07   3.962e+09   1.000e+00
     14   47163.413      25       0  -4.427389600000000e+07   1.791e+09   1.000e+00
     15   49044.109      26       0  -4.427534800000000e+07   1.516e+09   1.000e+00
     16   50923.980      27       0  -4.427672800000000e+07   1.674e+09   1.000e+00
     17   52844.653      28       0  -4.427847600000000e+07   3.196e+09   1.000e+00
     18   54747.405      29       0  -4.428004800000000e+07   1.373e+09   1.000e+00
     19   56617.026      30       0  -4.428060800000000e+07   1.206e+09   1.000e+00
     20   58558.558      31       0  -4.428160400000000e+07   1.352e+09   1.000e+00
     21   60471.918      32       0  -4.428207600000000e+07   3.514e+09   1.000e+00
     22   62335.087      33       0  -4.428314400000000e+07   1.278e+09   1.000e+00
     23   64264.786      34       0  -4.428371200000000e+07   9.396e+08   1.000e+00
     24   66189.763      35       0  -4.428440400000000e+07   1.201e+09   1.000e+00
     25   68084.064      36       0  -4.428549200000000e+07   1.342e+09   1.000e+00
     26   69974.565      37       0  -4.428621200000000e+07   2.889e+09   1.000e+00
     27   71899.332      38       0  -4.428712800000000e+07   8.949e+08   1.000e+00
     28   73789.185      39       0  -4.428736400000000e+07   7.921e+08   1.000e+00
     29   75663.051      40       0  -4.428789600000000e+07   1.061e+09   1.000e+00
     30   77597.625      41       0  -4.428844800000000e+07   2.291e+09   1.000e+00
     31   79513.762      42       0  -4.428898400000000e+07   9.575e+08   1.000e+00
     32   81377.224      43       0  -4.428936800000000e+07   7.549e+08   1.000e+00
     33   83290.642      44       0  -4.428969200000000e+07   8.498e+08   1.000e+00
     34   85211.073      45       0  -4.429025200000000e+07   1.279e+09   1.000e+00
     35   87053.306      46       0  -4.429066400000000e+07   1.714e+09   1.000e+00
     36   88970.177      47       0  -4.429099600000000e+07   6.979e+08   1.000e+00
     37   90895.955      48       0  -4.429120000000000e+07   6.776e+08   1.000e+00
     38   92761.578      49       0  -4.429146800000000e+07   7.855e+08   1.000e+00
     39   94660.096      50       0  -4.429181600000000e+07   1.824e+09   1.000e+00
     40   96571.286      51       0  -4.429222000000000e+07   7.577e+08   1.000e+00
     41   98484.322      52       0  -4.429243600000000e+07   6.418e+08   1.000e+00
     42  100337.068      53       0  -4.429270000000000e+07   7.366e+08   1.000e+00
     43  102235.798      54       0  -4.429303600000000e+07   1.662e+09   1.000e+00
     44  104146.432      55       0  -4.429337200000000e+07   7.705e+08   1.000e+00
     45  106039.083      56       0  -4.429359600000000e+07   6.030e+08   1.000e+00
     46  107912.905      57       0  -4.429380800000000e+07   6.699e+08   1.000e+00
     47  109836.651      58       0  -4.429420000000000e+07   9.579e+08   1.000e+00
     48  111721.422      59       0  -4.429447600000000e+07   1.225e+09   1.000e+00
     49  113590.870      60       0  -4.429467200000000e+07   5.380e+08   1.000e+00
     50  115507.036      61       0  -4.429480400000000e+07   5.079e+08   1.000e+00
     51  117380.639      62       0  -4.429498400000000e+07   6.118e+08   1.000e+00
     52  119252.089      63       0  -4.429522400000000e+07   1.471e+09   1.000e+00
     53  121194.586      64       0  -4.429545200000000e+07   5.658e+08   1.000e+00
     54  123122.234      65       0  -4.429559600000000e+07   4.699e+08   1.000e+00
     55  124993.949      66       0  -4.429573600000000e+07   5.220e+08   1.000e+00
     56  126939.673      67       0  -4.429597200000000e+07   7.905e+08   1.000e+00
     57  128897.346      68       0  -4.429623200000000e+07   8.522e+08   1.000e+00
     58  130843.094      69       0  -4.429636800000000e+07   4.540e+08   1.000e+00
     59  132707.445      70       0  -4.429650000000000e+07   4.506e+08   1.000e+00
     60  134654.382      71       0  -4.429664400000000e+07   6.059e+08   1.000e+00
     61  136614.385      72       0  -4.429684000000000e+07   6.517e+08   1.000e+00
     62  138563.186      73       0  -4.429698400000000e+07   4.469e+08   1.000e+00
     63  140428.011      74       0  -4.429716400000000e+07   4.515e+08   1.000e+00
     64  142363.861      75       0  -4.429730800000000e+07   6.464e+08   1.000e+00
     65  144315.975      76       0  -4.429746400000000e+07   4.601e+08   1.000e+00
     66  146229.141      77       0  -4.429760000000000e+07   4.118e+08   1.000e+00
     67  148135.325      78       0  -4.429773200000000e+07   5.141e+08   1.000e+00
     68  150088.248      79       0  -4.429787200000000e+07   4.739e+08   1.000e+00
     69  152035.930      80       0  -4.429799200000000e+07   4.338e+08   1.000e+00
     70  153908.225      81       0  -4.429809200000000e+07   4.723e+08   1.000e+00
     71  155857.293      82       0  -4.429818000000000e+07   4.059e+08   1.000e+00
     72  157809.295      83       0  -4.429827600000000e+07   3.714e+08   1.000e+00
     73  159766.112      84       0  -4.429841200000000e+07   5.384e+08   1.000e+00
     74  161661.201      85       0  -4.429850400000000e+07   4.622e+08   1.000e+00
     75  163586.454      86       0  -4.429856000000000e+07   3.370e+08   1.000e+00
     76  165544.838      87       0  -4.429863600000000e+07   3.432e+08   1.000e+00
     77  167480.594      88       0  -4.429871600000000e+07   5.025e+08   1.000e+00
     78  169370.061      89       0  -4.429878000000000e+07   3.421e+08   1.000e+00
     79  171327.062      90       0  -4.429886800000000e+07   3.066e+08   1.000e+00
     80  173275.775      91       0  -4.429896800000000e+07   3.763e+08   1.000e+00
     81  175231.998      92       0  -4.429906400000000e+07   5.304e+08   1.000e+00
     82  177128.651      93       0  -4.429912800000000e+07   3.103e+08   1.000e+00
     83  179083.322      94       0  -4.429918400000000e+07   3.022e+08   1.000e+00
     84  181056.165      95       0  -4.429926800000000e+07   3.719e+08   1.000e+00
     85  182967.378      96       0  -4.429935200000000e+07   5.115e+08   1.000e+00
     86  184844.308      97       0  -4.429943600000000e+07   3.257e+08   1.000e+00
     87  186767.522      98       0  -4.429952800000000e+07   2.950e+08   1.000e+00
     88  188690.124      99       0  -4.429959600000000e+07   4.279e+08   1.000e+00
     89  190599.100     100       0  -4.429965200000000e+07   2.874e+08   1.000e+00
     90  192492.311     101       0  -4.429970000000000e+07   2.768e+08   1.000e+00
     91  194439.753     102       0  -4.429976000000000e+07   3.753e+08   1.000e+00
     92  196365.308     103       0  -4.429982000000000e+07   3.891e+08   1.000e+00
     93  198239.680     104       0  -4.429986000000000e+07   2.684e+08   1.000e+00
     94  200161.926     105       0  -4.429990800000000e+07   2.731e+08   1.000e+00
     95  202089.058     106       0  -4.429994400000000e+07   3.962e+08   1.000e+00
     96  203978.049     107       0  -4.429999200000000e+07   2.749e+08   1.000e+00
     97  205901.061     108       0  -4.430003600000000e+07   2.536e+08   1.000e+00
     98  207836.083     109       0  -4.430008000000000e+07   3.094e+08   1.000e+00
     99  209731.652     110       0  -4.430012000000000e+07   2.702e+08   1.000e+00
    100  211608.904     111       0  -4.430016000000000e+07   2.530e+08   1.000e+00
    101  213556.580     112       0  -4.430019600000000e+07   2.959e+08   1.000e+00
    102  215490.676     113       0  -4.430022400000000e+07   2.509e+08   1.000e+00
    103  217363.652     114       0  -4.430025600000000e+07   2.373e+08   1.000e+00
    104  219260.442     115       0  -4.430028800000000e+07   3.022e+08   1.000e+00
    105  221176.560     116       0  -4.430032000000000e+07   2.661e+08   1.000e+00
    106  223069.666     117       0  -4.430035200000000e+07   2.145e+08   1.000e+00
    107  224943.942     118       0  -4.430037200000000e+07   2.441e+08   1.000e+00
    108  226862.858     119       0  -4.430040800000000e+07   2.701e+08   1.000e+00
    109  228780.231     120       0  -4.430042400000000e+07   2.168e+08   1.000e+00
    110  230656.678     121       0  -4.430046400000000e+07   2.325e+08   1.000e+00
    111  232582.338     122       0  -4.430050000000000e+07   2.815e+08   1.000e+00
    112  234527.517     123       0  -4.430052000000000e+07   1.960e+08   1.000e+00
    113  236472.366     124       0  -4.430054400000000e+07   1.936e+08   1.000e+00
    114  238349.363     125       0  -4.430057200000000e+07   2.312e+08   1.000e+00
    115  240264.295     126       0  -4.430060000000000e+07   2.271e+08   1.000e+00
    116  242212.060     127       0  -4.430063600000000e+07   2.145e+08   1.000e+00
    117  244109.030     128       0  -4.430067600000000e+07   2.492e+08   1.000e+00
    118  245985.633     129       0  -4.430070800000000e+07   2.090e+08   1.000e+00
    119  247895.268     130       0  -4.430074000000000e+07   2.111e+08   1.000e+00
    120  249803.682     131       0  -4.430077200000000e+07   2.456e+08   1.000e+00
    121  251662.770     132       0  -4.430080000000000e+07   2.199e+08   1.000e+00
    122  253589.005     133       0  -4.430082000000000e+07   1.848e+08   1.000e+00
    123  255519.676     134       0  -4.430084000000000e+07   2.036e+08   1.000e+00
    124  257441.976     135       0  -4.430087200000000e+07   2.035e+08   1.000e+00
    125  259304.915     136       0  -4.430090000000000e+07   1.766e+08   1.000e+00
    126  261227.588     137       0  -4.430092400000000e+07   1.917e+08   1.000e+00
    127  263155.228     138       0  -4.430094000000000e+07   1.960e+08   1.000e+00
    128  265013.588     139       0  -4.430096000000000e+07   1.724e+08   1.000e+00
    129  266949.580     140       0  -4.430097600000000e+07   1.840e+08   1.000e+00
    130  268878.596     141       0  -4.430099600000000e+07   1.893e+08   1.000e+00
    131  270779.434     142       0  -4.430102800000000e+07   1.765e+08   1.000e+00
    132  272676.164     143       0  -4.430105600000000e+07   1.872e+08   1.000e+00
    133  274641.746     144       0  -4.430107600000000e+07   1.977e+08   1.000e+00
    134  276579.317     145       0  -4.430110000000000e+07   1.684e+08   1.000e+00
    135  278452.737     146       0  -4.430111200000000e+07   1.800e+08   1.000e+00
    136  280394.691     147       0  -4.430113200000000e+07   1.824e+08   1.000e+00
    137  282350.093     148       0  -4.430115600000000e+07   1.749e+08   1.000e+00
    138  284293.906     149       0  -4.430119200000000e+07   1.767e+08   1.000e+00
    139  286175.243     150       0  -4.430120400000000e+07   1.760e+08   1.000e+00
    140  288104.262     151       0  -4.430122000000000e+07   1.610e+08   1.000e+00
    141  290020.757     152       0  -4.430123200000000e+07   1.704e+08   1.000e+00
    142  291902.240     153       0  -4.430124800000000e+07   1.683e+08   1.000e+00
    143  293820.357     154       0  -4.430127200000000e+07   1.670e+08   1.000e+00
    144  295754.648     155       0  -4.430129200000000e+07   1.647e+08   1.000e+00
    145  297697.933     156       0  -4.430131200000000e+07   1.519e+08   1.000e+00
    146  299573.662     157       0  -4.430132400000000e+07   1.537e+08   1.000e+00
    147  301530.219     158       0  -4.430133600000000e+07   1.678e+08   1.000e+00
    148  303474.644     159       0  -4.430135200000000e+07   1.664e+08   1.000e+00
    149  305373.399     160       0  -4.430137600000000e+07   1.747e+08   1.000e+00
    150  307253.844     161       0  -4.430140000000000e+07   1.707e+08   1.000e+00
    151  309192.916     162       0  -4.430142400000000e+07   1.514e+08   1.000e+00
    152  311123.624     163       0  -4.430143600000000e+07   1.426e+08   1.000e+00
    153  333466.807     175       0  -4.430143600000000e+07   1.497e+08   3.199e-07
# Termination: function reduction test satisfied
# Iter.   Time (ms)    Eval. Reject.       Obj. Func.           Grad.       Step
# ---------------------------------------------------------------------------------
      0    1880.903       1       0  -4.361770800000000e+07   4.285e+09   0.000e+00
      1   22319.181      12       0  -4.363034800000000e+07   5.703e+09   1.034e-15
      2   24185.620      13       0  -4.363855200000000e+07   3.631e+09   1.000e+00
      3   26091.609      14       0  -4.364604800000000e+07   3.351e+09   1.000e+00
      4   27974.391      15       0  -4.365483200000000e+07   4.479e+09   1.000e+00
      5   29845.609      16       0  -4.366168800000000e+07   4.112e+09   1.000e+00
      6   31758.074      17       0  -4.366527600000000e+07   2.642e+09   1.000e+00
      7   33611.989      18       0  -4.366942000000000e+07   2.463e+09   1.000e+00
      8   35509.148      19       0  -4.367346400000000e+07   3.154e+09   1.000e+00
      9   37423.672      20       0  -4.367776800000000e+07   2.606e+09   1.000e+00
     10   39299.288      21       0  -4.368068800000000e+07   2.517e+09   1.000e+00
     11   41175.853      22       0  -4.368272800000000e+07   1.943e+09   1.000e+00
     12   43096.170      23       0  -4.368441600000000e+07   1.918e+09   1.000e+00
     13   44971.310      24       0  -4.368643200000000e+07   1.963e+09   1.000e+00
     14   46849.649      25       0  -4.368821200000000e+07   1.917e+09   1.000e+00
     15   48773.338      26       0  -4.368985200000000e+07   1.570e+09   1.000e+00
     16   50659.511      27       0  -4.369126800000000e+07   1.720e+09   1.000e+00
     17   52538.138      28       0  -4.369245200000000e+07   1.391e+09   1.000e+00
     18   54446.489      29       0  -4.369350800000000e+07   1.275e+09   1.000e+00
     19   56326.041      30       0  -4.369460000000000e+07   1.797e+09   1.000e+00
     20   58204.103      31       0  -4.369542400000000e+07   1.373e+09   1.000e+00
     21   60107.949      32       0  -4.369597600000000e+07   1.121e+09   1.000e+00
     22   61986.736      33       0  -4.369685600000000e+07   1.558e+09   1.000e+00
     23   63861.773      34       0  -4.369743600000000e+07   1.858e+09   1.000e+00
     24   65776.552      35       0  -4.369787200000000e+07   1.067e+09   1.000e+00
     25   67649.642      36       0  -4.369842800000000e+07   8.696e+08   1.000e+00
     26   69507.148      37       0  -4.369898000000000e+07   1.010e+09   1.000e+00
     27   71416.286      38       0  -4.369951600000000e+07   1.936e+09   1.000e+00
     28   73305.156      39       0  -4.370002800000000e+07   9.251e+08   1.000e+00
     29   75175.919      40       0  -4.370029600000000e+07   8.278e+08   1.000e+00
     30   77095.994      41       0  -4.370069600000000e+07   9.170e+08   1.000e+00
     31   78982.666      42       0  -4.370081600000000e+07   2.497e+09   1.000e+00
     32   80857.402      43       0  -4.370130000000000e+07   8.738e+08   1.000e+00
     33   82772.459      44       0  -4.370149200000000e+07   6.156e+08   1.000e+00
     34   84658.243      45       0  -4.370171600000000e+07   7.740e+08   1.000e+00
     35   86534.223      46       0  -4.370202400000000e+07   9.469e+08   1.000e+00
     36   88451.867      47       0  -4.370216800000000e+07   1.891e+09   1.000e+00
     37   90327.234      48       0  -4.370254000000000e+07   6.392e+08   1.000e+00
     38   92206.396      49       0  -4.370269200000000e+07   6.097e+08   1.000e+00
     39   94119.418      50       0  -4.370289200000000e+07   7.279e+08   1.000e+00
     40   96042.502      51       0  -4.370310000000000e+07   1.677e+09   1.000e+00
     41   97900.262      52       0  -4.370338800000000e+07   7.494e+08   1.000e+00
     42   99818.388      53       0  -4.370356800000000e+07   5.607e+08   1.000e+00
     43  101730.461      54       0  -4.370370000000000e+07   6.329e+08   1.000e+00
     44  103597.405      55       0  -4.370395600000000e+07   8.980e+08   1.000e+00
     45  105515.862      56       0  -4.370412800000000e+07   1.201e+09   1.000e+00
     46  107421.358      57       0  -4.370432400000000e+07   5.527e+08   1.000e+00
     47  109287.916      58       0  -4.370446800000000e+07   5.213e+08   1.000e+00
     48  111221.336      59       0  -4.370462800000000e+07   6.014e+08   1.000e+00
     49  113144.568      60       0  -4.370477200000000e+07   1.417e+09   1.000e+00
     50  114998.863      61       0  -4.370496800000000e+07   5.107e+08   1.000e+00
     51  116921.265      62       0  -4.370506400000000e+07   4.381e+08   1.000e+00
     52  118836.996      63       0  -4.370517200000000e+07   5.142e+08   1.000e+00
     53  120686.611      64       0  -4.370535600000000e+07   7.066e+08   1.000e+00
     54  122598.219      65       0  -4.370549200000000e+07   1.073e+09   1.000e+00
     55  124501.957      66       0  -4.370561600000000e+07   4.218e+08   1.000e+00
     56  126356.747      67       0  -4.370569600000000e+07   4.077e+08   1.000e+00
     57  128271.586      68       0  -4.370580400000000e+07   4.675e+08   1.000e+00
     58  130183.162      69       0  -4.370594000000000e+07   9.313e+08   1.000e+00
     59  132059.358      70       0  -4.370608800000000e+07   4.768e+08   1.000e+00
     60  133931.199      71       0  -4.370617600000000e+07   4.202e+08   1.000e+00
     61  135849.623      72       0  -4.370630400000000e+07   4.602e+08   1.000e+00
     62  137722.789      73       0  -4.370646400000000e+07   7.968e+08   1.000e+00
     63  139603.834      74       0  -4.370658400000000e+07   4.172e+08   1.000e+00
     64  141523.531      75       0  -4.370664400000000e+07   3.555e+08   1.000e+00
     65  143404.111      76       0  -4.370675200000000e+07   4.249e+08   1.000e+00
     66  145286.473      77       0  -4.370686800000000e+07   8.486e+08   1.000e+00
     67  147213.122      78       0  -4.370696400000000e+07   4.179e+08   1.000e+00
     68  149090.203      79       0  -4.370705200000000e+07   3.256e+08   1.000e+00
     69  150937.780      80       0  -4.370711600000000e+07   3.554e+08   1.000e+00
     70  152828.388      81       0  -4.370724000000000e+07   6.211e+08   1.000e+00
     71  154701.739      82       0  -4.370732800000000e+07   4.730e+08   1.000e+00
     72  156551.798      83       0  -4.370737600000000e+07   3.203e+08   1.000e+00
     73  158446.355      84       0  -4.370745200000000e+07   3.104e+08   1.000e+00
     74  160349.712      85       0  -4.370754000000000e+07   3.963e+08   1.000e+00
     75  162200.760      86       0  -4.370765200000000e+07   4.532e+08   1.000e+00
     76  164112.206      87       0  -4.370772800000000e+07   3.007e+08   1.000e+00
     77  166014.720      88       0  -4.370780800000000e+07   2.901e+08   1.000e+00
     78  167878.032      89       0  -4.370786800000000e+07   3.726e+08   1.000e+00
     79  169785.608      90       0  -4.370793200000000e+07   3.000e+08   1.000e+00
     80  171691.240      91       0  -4.370799200000000e+07   2.806e+08   1.000e+00
     81  173550.826      92       0  -4.370807200000000e+07   3.853e+08   1.000e+00
     82  175468.041      93       0  -4.370813600000000e+07   4.145e+08   1.000e+00
     83  177376.002      94       0  -4.370816800000000e+07   2.589e+08   1.000e+00
     84  179232.527      95       0  -4.370821600000000e+07   2.433e+08   1.000e+00
     85  181145.264      96       0  -4.370826000000000e+07   2.860e+08   1.000e+00
     86  183051.658      97       0  -4.370832800000000e+07   3.030e+08   1.000e+00
     87  184903.048      98       0  -4.370839200000000e+07   3.987e+08   1.000e+00
     88  186800.347      99       0  -4.370843200000000e+07   2.408e+08   1.000e+00
     89  188703.108     100       0  -4.370845600000000e+07   2.240e+08   1.000e+00
     90  190546.975     101       0  -4.370850000000000e+07   2.702e+08   1.000e+00
     91  192453.937     102       0  -4.370854800000000e+07   3.641e+08   1.000e+00
     92  194353.605     103       0  -4.370859600000000e+07   2.602e+08   1.000e+00
     93  196197.986     104       0  -4.370862400000000e+07   2.264e+08   1.000e+00
     94  198092.348     105       0  -4.370866800000000e+07   2.736e+08   1.000e+00
     95  200011.573     106       0  -4.370870400000000e+07   3.672e+08   1.000e+00
     96  201879.294     107       0  -4.370873200000000e+07   2.242e+08   1.000e+00
     97  203757.899     108       0  -4.370876400000000e+07   2.025e+08   1.000e+00
     98  205663.778     109       0  -4.370878800000000e+07   2.223e+08   1.000e+00
     99  207546.204     110       0  -4.370883600000000e+07   2.413e+08   1.000e+00
    100  209423.665     111       0  -4.370887600000000e+07   3.000e+08   1.000e+00
    101  211341.413     112       0  -4.370889600000000e+07   1.848e+08   1.000e+00
    102  213231.706     113       0  -4.370891600000000e+07   1.830e+08   1.000e+00
    103  215101.162     114       0  -4.370893600000000e+07   2.162e+08   1.000e+00
    104  217029.713     115       0  -4.370896800000000e+07   2.515e+08   1.000e+00
    105  218968.739     116       0  -4.370901200000000e+07   2.727e+08   1.000e+00
    106  220832.527     117       0  -4.370903600000000e+07   1.817e+08   1.000e+00
    107  222737.700     118       0  -4.370906000000000e+07   1.745e+08   1.000e+00
    108  224654.107     119       0  -4.370908000000000e+07   2.085e+08   1.000e+00
    109  226507.537     120       0  -4.370909600000000e+07   1.862e+08   1.000e+00
    110  228423.527     121       0  -4.370912400000000e+07   1.673e+08   1.000e+00
    111  230318.567     122       0  -4.370915200000000e+07   2.096e+08   1.000e+00
    112  232178.467     123       0  -4.370916400000000e+07   1.722e+08   1.000e+00
    113  234096.016     124       0  -4.370918000000000e+07   1.526e+08   1.000e+00
    114  236004.789     125       0  -4.370920800000000e+07   1.711e+08   1.000e+00
    115  237868.166     126       0  -4.370921600000000e+07   1.943e+08   1.000e+00
    116  239781.523     127       0  -4.370924400000000e+07   1.495e+08   1.000e+00
    117  241680.179     128       0  -4.370925600000000e+07   1.574e+08   1.000e+00
    118  243540.584     129       0  -4.370926400000000e+07   1.607e+08   1.000e+00
    119  245455.082     130       0  -4.370928800000000e+07   1.442e+08   1.000e+00
    120  247355.958     131       0  -4.370930400000000e+07   1.576e+08   1.000e+00
    121  249207.943     132       0  -4.370932400000000e+07   1.830e+08   1.000e+00
    122  251116.288     133       0  -4.370934400000000e+07   1.344e+08   1.000e+00
    123  253020.213     134       0  -4.370935200000000e+07   1.360e+08   1.000e+00
    124  254881.099     135       0  -4.370936800000000e+07   1.444e+08   1.000e+00
    125  256801.812     136       0  -4.370938800000000e+07   1.412e+08   1.000e+00
    126  258721.040     137       0  -4.370940800000000e+07   1.424e+08   1.000e+00
    127  260602.274     138       0  -4.370942000000000e+07   1.616e+08   1.000e+00
    128  262451.383     139       0  -4.370943200000000e+07   1.276e+08   1.000e+00
    129  264347.132     140       0  -4.370944000000000e+07   1.331e+08   1.000e+00
    130  266223.347     141       0  -4.370945200000000e+07   1.422e+08   1.000e+00
    131  268085.564     142       0  -4.370947200000000e+07   1.361e+08   1.000e+00
    132  269976.786     143       0  -4.370948800000000e+07   1.314e+08   1.000e+00
    133  271854.134     144       0  -4.370950400000000e+07   1.378e+08   1.000e+00
    134  273709.751     145       0  -4.370951600000000e+07   1.143e+08   1.000e+00
    135  307221.116     163       0  -4.370951600000000e+07   1.203e+08   3.549e-06
# Termination: function reduction test satisfied
# Iter.   Time (ms)    Eval. Reject.       Obj. Func.           Grad.       Step
# ---------------------------------------------------------------------------------
      0    1827.848       1       0  -3.776546000000000e+07   4.285e+09   0.000e+00
      1   18565.554      10       0  -3.777796000000000e+07   5.500e+09   1.002e-15
      2   20467.355      11       0  -3.778591600000000e+07   3.555e+09   1.000e+00
      3   22319.893      12       0  -3.779298800000000e+07   3.210e+09   1.000e+00
      4   24232.883      13       0  -3.780110400000000e+07   4.242e+09   1.000e+00
      5   26124.782      14       0  -3.780715600000000e+07   3.694e+09   1.000e+00
      6   27987.214      15       0  -3.781012400000000e+07   2.429e+09   1.000e+00
      7   29910.169      16       0  -3.781363600000000e+07   2.241e+09   1.000e+00
      8   31826.270      17       0  -3.781713200000000e+07   3.034e+09   1.000e+00
      9   33680.864      18       0  -3.782039600000000e+07   2.236e+09   1.000e+00
     10   35597.338      19       0  -3.782287600000000e+07   2.057e+09   1.000e+00
     11   37513.708      20       0  -3.782466400000000e+07   1.962e+09   1.000e+00
     12   39357.200      21       0  -3.782606400000000e+07   1.664e+09   1.000e+00
     13   41280.683      22       0  -3.782768400000000e+07   1.601e+09   1.000e+00
     14   43189.213      23       0  -3.782898400000000e+07   2.008e+09   1.000e+00
     15   45036.969      24       0  -3.783014800000000e+07   1.396e+09   1.000e+00
     16   46958.962      25       0  -3.783123600000000e+07   1.233e+09   1.000e+00
     17   48882.456      26       0  -3.783216400000000e+07   1.696e+09   1.000e+00
     18   50741.260      27       0  -3.783299200000000e+07   1.160e+09   1.000e+00
     19   52655.335      28       0  -3.783366000000000e+07   1.052e+09   1.000e+00
     20   54582.500      29       0  -3.783426800000000e+07   1.213e+09   1.000e+00
     21   56469.182      30       0  -3.783485600000000e+07   1.144e+09   1.000e+00
     22   58329.569      31       0  -3.783532400000000e+07   9.588e+08   1.000e+00
     23   60251.969      32       0  -3.783572800000000e+07   8.958e+08   1.000e+00
     24   62163.745      33       0  -3.783606400000000e+07   1.206e+09   1.000e+00
     25   64022.771      34       0  -3.783636000000000e+07   8.210e+08   1.000e+00
     26   65930.202      35       0  -3.783662800000000e+07   7.450e+08   1.000e+00
     27   67854.536      36       0  -3.783687600000000e+07   1.183e+09   1.000e+00
     28   69718.169      37       0  -3.783708000000000e+07   7.834e+08   1.000e+00
     29   71646.756      38       0  -3.783722400000000e+07   6.349e+08   1.000e+00
     30   73558.744      39       0  -3.783742400000000e+07   7.131e+08   1.000e+00
     31   75431.162      40       0  -3.783751200000000e+07   1.169e+09   1.000e+00
     32   77300.685      41       0  -3.783768800000000e+07   6.420e+08   1.000e+00
     33   79210.191      42       0  -3.783782800000000e+07   5.444e+08   1.000e+00
     34   81089.591      43       0  -3.783792800000000e+07   6.686e+08   1.000e+00
     35   82946.189      44       0  -3.783802400000000e+07   8.018e+08   1.000e+00
     36   84847.484      45       0  -3.783816400000000e+07   5.456e+08   1.000e+00
     37   86730.927      46       0  -3.783828800000000e+07   5.273e+08   1.000e+00
     38   88588.150      47       0  -3.783844800000000e+07   6.221e+08   1.000e+00
     39   90497.699      48       0  -3.783857600000000e+07   9.281e+08   1.000e+00
     40   92407.647      49       0  -3.783868000000000e+07   4.470e+08   1.000e+00
     41   94247.590      50       0  -3.783877200000000e+07   3.834e+08   1.000e+00
     42   96173.679      51       0  -3.783887600000000e+07   4.338e+08   1.000e+00
     43   98066.242      52       0  -3.783906000000000e+07   8.397e+08   1.000e+00
     44   99900.736      53       0  -3.783923200000000e+07   5.160e+08   1.000e+00
     45  101809.646      54       0  -3.783931600000000e+07   3.734e+08   1.000e+00
     46  103711.756      55       0  -3.783946000000000e+07   4.081e+08   1.000e+00
     47  105560.820      56       0  -3.783957600000000e+07   6.985e+08   1.000e+00
     48  107470.146      57       0  -3.783964000000000e+07   3.909e+08   1.000e+00
     49  109373.863      58       0  -3.783976000000000e+07   3.212e+08   1.000e+00
     50  111208.732      59       0  -3.783985600000000e+07   3.452e+08   1.000e+00
     51  113127.266      60       0  -3.784004000000000e+07   5.702e+08   1.000e+00
     52  115038.338      61       0  -3.784015200000000e+07   6.299e+08   1.000e+00
     53  116886.958      62       0  -3.784016000000000e+07   2.794e+08   1.000e+00
     54  118782.920      63       0  -3.784018800000000e+07   2.211e+08   1.000e+00
     55  120693.437      64       0  -3.784025200000000e+07   2.918e+08   1.000e+00
     56  122566.832      65       0  -3.784036000000000e+07   3.904e+08   1.000e+00
     57  124449.101      66       0  -3.784047200000000e+07   7.173e+08   1.000e+00
     58  126367.149      67       0  -3.784050400000000e+07   2.218e+08   1.000e+00
     59  128243.597      68       0  -3.784052800000000e+07   1.910e+08   1.000e+00
     60  130118.494      69       0  -3.784056800000000e+07   2.354e+08   1.000e+00
     61  132037.269      70       0  -3.784063600000000e+07   2.795e+08   1.000e+00
     62  133922.123      71       0  -3.784071600000000e+07   5.678e+08   1.000e+00
     63  135791.445      72       0  -3.784074800000000e+07   1.875e+08   1.000e+00
     64  137702.965      73       0  -3.784076000000000e+07   1.647e+08   1.000e+00
     65  139569.240      74       0  -3.784079600000000e+07   1.994e+08   1.000e+00
     66  141432.082      75       0  -3.784084400000000e+07   2.411e+08   1.000e+00
     67  143322.826      76       0  -3.784088800000000e+07   4.167e+08   1.000e+00
     68  145197.662      77       0  -3.784090000000000e+07   1.547e+08   1.000e+00
     69  147047.182      78       0  -3.784091200000000e+07   1.405e+08   1.000e+00
     70  148961.749      79       0  -3.784093200000000e+07   1.727e+08   1.000e+00
     71  150874.536      80       0  -3.784095600000000e+07   1.886e+08   1.000e+00
     72  152732.208      81       0  -3.784097600000000e+07   3.976e+08   1.000e+00
     73  154644.882      82       0  -3.784098800000000e+07   1.400e+08   1.000e+00
     74  156565.800      83       0  -3.784099200000000e+07   1.231e+08   1.000e+00
     75  158415.463      84       0  -3.784100400000000e+07   1.513e+08   1.000e+00
     76  160334.856      85       0  -3.784101600000000e+07   1.588e+08   1.000e+00
     77  162252.974      86       0  -3.784102400000000e+07   2.560e+08   1.000e+00
     78  195762.981     104       0  -3.784102400000000e+07   2.542e+08   2.060e-07
# Termination: function reduction test satisfied
# Iter.   Time (ms)    Eval. Reject.       Obj. Func.           Grad.       Step
# ---------------------------------------------------------------------------------
      0    1881.928       1       0  -4.426789600000000e+07   4.285e+09   0.000e+00
      1   20522.251      11       0  -4.427414000000000e+07   5.215e+09   9.042e-16
      2   22385.986      12       0  -4.427804000000000e+07   2.842e+09   1.000e+00
      3   24263.200      13       0  -4.427952400000000e+07   2.438e+09   1.000e+00
      4   26176.929      14       0  -4.428283200000000e+07   2.953e+09   1.000e+00
      5   28020.936      15       0  -4.428775600000000e+07   3.087e+09   1.000e+00
      6   29924.386      16       0  -4.429246400000000e+07   2.435e+09   1.000e+00
      7   31826.123      17       0  -4.429427200000000e+07   2.368e+09   1.000e+00
      8   33662.993      18       0  -4.429528000000000e+07   1.930e+09   1.000e+00
      9   35581.165      19       0  -4.429706400000000e+07   1.982e+09   1.000e+00
     10   37485.822      20       0  -4.429954000000000e+07   1.992e+09   1.000e+00
     11   39325.979      21       0  -4.430103600000000e+07   1.696e+09   1.000e+00
     12   41232.044      22       0  -4.430187200000000e+07   1.479e+09   1.000e+00
     13   43118.621      23       0  -4.430257600000000e+07   1.604e+09   1.000e+00
     14   44957.342      24       0  -4.430355200000000e+07   1.600e+09   1.000e+00
     15   46862.542      25       0  -4.430430000000000e+07   1.593e+09   1.000e+00
     16   48756.813      26       0  -4.430472000000000e+07   1.449e+09   1.000e+00
     17   50603.376      27       0  -4.430509200000000e+07   1.415e+09   1.000e+00
     18   52506.755      28       0  -4.430559200000000e+07   1.568e+09   1.000e+00
     19   54396.111      29       0  -4.430600000000000e+07   1.517e+09   1.000e+00
     20   56244.415      30       0  -4.430636400000000e+07   1.324e+09   1.000e+00
     21   58137.112      31       0  -4.430666400000000e+07   1.354e+09   1.000e+00
     22   60010.996      32       0  -4.430699200000000e+07   1.415e+09   1.000e+00
     23   61874.391      33       0  -4.430739200000000e+07   1.496e+09   1.000e+00
     24   63776.485      34       0  -4.430770800000000e+07   1.401e+09   1.000e+00
     25   65663.220      35       0  -4.430792400000000e+07   1.390e+09   1.000e+00
     26   67534.882      36       0  -4.430816800000000e+07   1.414e+09   1.000e+00
     27   69442.460      37       0  -4.430846000000000e+07   1.444e+09   1.000e+00
     28   71314.727      38       0  -4.430867200000000e+07   1.418e+09   1.000e+00
     29   73170.623      39       0  -4.430880400000000e+07   1.336e+09   1.000e+00
     30   75036.613      40       0  -4.430888000000000e+07   1.394e+09   1.000e+00
     31   76901.294      41       0  -4.430895200000000e+07   1.357e+09   1.000e+00
     32   78752.607      42       0  -4.430905600000000e+07   1.340e+09   1.000e+00
     33   80651.302      43       0  -4.430915600000000e+07   1.382e+09   1.000e+00
     34   82518.328      44       0  -4.430922800000000e+07   1.325e+09   1.000e+00
     35   84384.039      45       0  -4.430930000000000e+07   1.329e+09   1.000e+00
     36   86292.797      46       0  -4.430936400000000e+07   1.397e+09   1.000e+00
     37   88162.852      47       0  -4.430943200000000e+07   1.343e+09   1.000e+00
     38   90035.627      48       0  -4.430950000000000e+07   1.356e+09   1.000e+00
     39   91945.174      49       0  -4.430956800000000e+07   1.366e+09   1.000e+00
     40   93820.842      50       0  -4.430962800000000e+07   1.297e+09   1.000e+00
     41   95711.607      51       0  -4.430967600000000e+07   1.298e+09   1.000e+00
     42   97620.658      52       0  -4.430974000000000e+07   1.351e+09   1.000e+00
     43   99496.311      53       0  -4.430985200000000e+07   1.398e+09   1.000e+00
     44  101376.337      54       0  -4.430993600000000e+07   1.391e+09   1.000e+00
     45  103266.656      55       0  -4.430998000000000e+07   1.236e+09   1.000e+00
     46  105133.391      56       0  -4.431003200000000e+07   1.283e+09   1.000e+00
     47  106979.500      57       0  -4.431014400000000e+07   1.395e+09   1.000e+00
     48  108889.163      58       0  -4.431032000000000e+07   1.502e+09   1.000e+00
     49  110761.073      59       0  -4.431040800000000e+07   1.369e+09   1.000e+00
     50  112632.045      60       0  -4.431044000000000e+07   1.202e+09   1.000e+00
     51  114531.793      61       0  -4.431049600000000e+07   1.303e+09   1.000e+00
     52  116410.255      62       0  -4.431062800000000e+07   1.390e+09   1.000e+00
     53  118267.762      63       0  -4.431082800000000e+07   1.554e+09   1.000e+00
     54  120159.288      64       0  -4.431095600000000e+07   1.327e+09   1.000e+00
     55  122030.811      65       0  -4.431098000000000e+07   1.216e+09   1.000e+00
     56  123904.432      66       0  -4.431102000000000e+07   1.305e+09   1.000e+00
     57  125826.761      67       0  -4.431113200000000e+07   1.331e+09   1.000e+00
     58  127707.100      68       0  -4.431128400000000e+07   1.515e+09   1.000e+00
     59  129569.095      69       0  -4.431137200000000e+07   1.314e+09   1.000e+00
     60  131483.861      70       0  -4.431139600000000e+07   1.197e+09   1.000e+00
     61  133391.897      71       0  -4.431142400000000e+07   1.277e+09   1.000e+00
     62  135241.127      72       0  -4.431149200000000e+07   1.336e+09   1.000e+00
     63  137153.076      73       0  -4.431157600000000e+07   1.429e+09   1.000e+00
     64  139016.297      74       0  -4.431162400000000e+07   1.256e+09   1.000e+00
     65  140890.924      75       0  -4.431163200000000e+07   1.148e+09   1.000e+00
     66  142793.171      76       0  -4.431164000000000e+07   1.270e+09   1.000e+00
     67  144636.733      77       0  -4.431166000000000e+07   1.314e+09   1.000e+00
     68  146541.485      78       0  -4.431166400000000e+07   1.326e+09   1.000e+00
     69  148438.655      79       0  -4.431167600000000e+07   1.153e+09   1.000e+00
     70  150273.702      80       0  -4.431168000000000e+07   1.216e+09   1.000e+00
     71  163335.070      87       0  -4.431168400000000e+07   1.440e+09   1.298e-02
     72  191212.556     102       0  -4.431168400000000e+07   1.506e+09   3.268e-07
# Termination: function reduction test satisfied
# Iter.   Time (ms)    Eval. Reject.       Obj. Func.           Grad.       Step
# ---------------------------------------------------------------------------------
      0    1807.759       1       0  -4.426730800000000e+07   4.285e+09   0.000e+00
      1   20328.692      11       0  -4.427355600000000e+07   5.211e+09   9.036e-16
      2   22227.325      12       0  -4.427745600000000e+07   2.841e+09   1.000e+00
      3   24110.192      13       0  -4.427893600000000e+07   2.438e+09   1.000e+00
      4   25962.157      14       0  -4.428225200000000e+07   2.954e+09   1.000e+00
      5   27851.779      15       0  -4.428717600000000e+07   3.087e+09   1.000e+00
      6   29764.814      16       0  -4.429188000000000e+07   2.434e+09   1.000e+00
      7   31649.251      17       0  -4.429368400000000e+07   2.371e+09   1.000e+00
      8   33522.346      18       0  -4.429468800000000e+07   1.931e+09   1.000e+00
      9   35447.179      19       0  -4.429647200000000e+07   1.983e+09   1.000e+00
     10   37342.133      20       0  -4.429894800000000e+07   1.993e+09   1.000e+00
     11   39209.122      21       0  -4.430044800000000e+07   1.696e+09   1.000e+00
     12   41121.018      22       0  -4.430128400000000e+07   1.479e+09   1.000e+00
     13   43010.975      23       0  -4.430198000000000e+07   1.602e+09   1.000e+00
     14   44879.913      24       0  -4.430296400000000e+07   1.601e+09   1.000e+00
     15   46796.959      25       0  -4.430370400000000e+07   1.591e+09   1.000e+00
     16   48685.905      26       0  -4.430413200000000e+07   1.450e+09   1.000e+00
     17   50557.658      27       0  -4.430450000000000e+07   1.417e+09   1.000e+00
     18   52476.065      28       0  -4.430500400000000e+07   1.567e+09   1.000e+00
     19   54371.791      29       0  -4.430541200000000e+07   1.518e+09   1.000e+00
     20   56234.024      30       0  -4.430578000000000e+07   1.321e+09   1.000e+00
     21   58152.836      31       0  -4.430607600000000e+07   1.356e+09   1.000e+00
     22   60032.219      32       0  -4.430640400000000e+07   1.416e+09   1.000e+00
     23   61889.221      33       0  -4.430680800000000e+07   1.500e+09   1.000e+00
     24   63785.480      34       0  -4.430712000000000e+07   1.403e+09   1.000e+00
     25   65679.508      35       0  -4.430732800000000e+07   1.387e+09   1.000e+00
     26   67528.304      36       0  -4.430757600000000e+07   1.411e+09   1.000e+00
     27   69431.344      37       0  -4.430787600000000e+07   1.449e+09   1.000e+00
     28   71318.770      38       0  -4.430809200000000e+07   1.424e+09   1.000e+00
     29   73162.431      39       0  -4.430822000000000e+07   1.333e+09   1.000e+00
     30   75047.468      40       0  -4.430828800000000e+07   1.393e+09   1.000e+00
     31   76947.400      41       0  -4.430835200000000e+07   1.347e+09   1.000e+00
     32   78805.022      42       0  -4.430846000000000e+07   1.342e+09   1.000e+00
     33   80705.826      43       0  -4.430856400000000e+07   1.382e+09   1.000e+00
     34   82578.048      44       0  -4.430864000000000e+07   1.326e+09   1.000e+00
     35   84444.052      45       0  -4.430871200000000e+07   1.335e+09   1.000e+00
     36   86364.750      46       0  -4.430876800000000e+07   1.377e+09   1.000e+00
     37   88245.996      47       0  -4.430883200000000e+07   1.345e+09   1.000e+00
     38   90110.407      48       0  -4.430890800000000e+07   1.369e+09   1.000e+00
     39   92037.757      49       0  -4.430898400000000e+07   1.376e+09   1.000e+00
     40   93950.667      50       0  -4.430904000000000e+07   1.285e+09   1.000e+00
     41   95809.553      51       0  -4.430908000000000e+07   1.291e+09   1.000e+00
     42   97734.316      52       0  -4.430915600000000e+07   1.346e+09   1.000e+00
     43   99657.807      53       0  -4.430926800000000e+07   1.411e+09   1.000e+00
     44  101513.106      54       0  -4.430935200000000e+07   1.399e+09   1.000e+00
     45  103440.988      55       0  -4.430940000000000e+07   1.213e+09   1.000e+00
     46  105359.225      56       0  -4.430944400000000e+07   1.276e+09   1.000e+00
     47  107229.651      57       0  -4.430954800000000e+07   1.373e+09   1.000e+00
     48  109156.374      58       0  -4.430971600000000e+07   1.496e+09   1.000e+00
     49  111082.135      59       0  -4.430982400000000e+07   1.427e+09   1.000e+00
     50  112981.622      60       0  -4.430986800000000e+07   1.207e+09   1.000e+00
     51  114872.465      61       0  -4.430991200000000e+07   1.296e+09   1.000e+00
     52  116798.407      62       0  -4.431004000000000e+07   1.381e+09   1.000e+00
     53  118674.187      63       0  -4.431023200000000e+07   1.511e+09   1.000e+00
     54  120528.593      64       0  -4.431036800000000e+07   1.317e+09   1.000e+00
     55  122444.941      65       0  -4.431039200000000e+07   1.203e+09   1.000e+00
     56  124360.415      66       0  -4.431042400000000e+07   1.272e+09   1.000e+00
     57  126208.988      67       0  -4.431050400000000e+07   1.333e+09   1.000e+00
     58  128119.488      68       0  -4.431062000000000e+07   1.464e+09   1.000e+00
     59  130021.390      69       0  -4.431070800000000e+07   1.327e+09   1.000e+00
     60  131875.024      70       0  -4.431072800000000e+07   1.174e+09   1.000e+00
     61  133794.626      71       0  -4.431075600000000e+07   1.263e+09   1.000e+00
     62  135714.810      72       0  -4.431080000000000e+07   1.356e+09   1.000e+00
     63  137586.700      73       0  -4.431084800000000e+07   1.426e+09   1.000e+00
     64  139443.001      74       0  -4.431089200000000e+07   1.223e+09   1.000e+00
     65  141350.546      75       0  -4.431090400000000e+07   1.165e+09   1.000e+00
     66  143273.586      76       0  -4.431091200000000e+07   1.282e+09   1.000e+00
     67  145129.815      77       0  -4.431092800000000e+07   1.316e+09   1.000e+00
     68  147042.317      78       0  -4.431093200000000e+07   1.286e+09   1.000e+00
     69  148966.347      79       0  -4.431094000000000e+07   1.163e+09   1.000e+00
     70  150823.196      80       0  -4.431094800000000e+07   1.210e+09   1.000e+00
     71  152754.951      81       0  -4.431095200000000e+07   1.328e+09   1.000e+00
     72  154670.150      82       0  -4.431096000000000e+07   1.222e+09   1.000e+00
     73  156532.345      83       0  -4.431096400000000e+07   1.138e+09   1.000e+00
     74  158449.023      84       0  -4.431096800000000e+07   1.243e+09   1.000e+00
     75  195646.157     104       0  -4.431096800000000e+07   1.474e+09   9.863e-07
# Termination: function reduction test satisfied
# Iter.   Time (ms)    Eval. Reject.       Obj. Func.           Grad.       Step
# ---------------------------------------------------------------------------------
      0    1894.779       1       0  -4.426145600000000e+07   4.285e+09   0.000e+00
      1   20489.439      11       0  -4.426772400000000e+07   5.174e+09   8.979e-16
      2   22406.119      12       0  -4.427159600000000e+07   2.837e+09   1.000e+00
      3   24316.219      13       0  -4.427308400000000e+07   2.441e+09   1.000e+00
      4   26157.931      14       0  -4.427646400000000e+07   2.967e+09   1.000e+00
      5   28041.049      15       0  -4.428139200000000e+07   3.087e+09   1.000e+00
      6   29923.795      16       0  -4.428606000000000e+07   2.425e+09   1.000e+00
      7   31773.428      17       0  -4.428785200000000e+07   2.361e+09   1.000e+00
      8   33674.591      18       0  -4.428886800000000e+07   1.940e+09   1.000e+00
      9   35561.251      19       0  -4.429066000000000e+07   1.995e+09   1.000e+00
     10   37404.260      20       0  -4.429307600000000e+07   1.999e+09   1.000e+00
     11   39300.115      21       0  -4.429457200000000e+07   1.694e+09   1.000e+00
     12   41190.864      22       0  -4.429542000000000e+07   1.485e+09   1.000e+00
     13   43040.912      23       0  -4.429614000000000e+07   1.592e+09   1.000e+00
     14   44957.910      24       0  -4.429710000000000e+07   1.602e+09   1.000e+00
     15   46872.344      25       0  -4.429783200000000e+07   1.581e+09   1.000e+00
     16   48718.548      26       0  -4.429825200000000e+07   1.467e+09   1.000e+00
     17   50637.299      27       0  -4.429863600000000e+07   1.421e+09   1.000e+00
     18   52566.272      28       0  -4.429913200000000e+07   1.565e+09   1.000e+00
     19   54419.117      29       0  -4.429956000000000e+07   1.513e+09   1.000e+00
     20   56347.882      30       0  -4.429991600000000e+07   1.336e+09   1.000e+00
     21   58273.288      31       0  -4.430020800000000e+07   1.367e+09   1.000e+00
     22   60135.756      32       0  -4.430052000000000e+07   1.400e+09   1.000e+00
     23   62067.609      33       0  -4.430090000000000e+07   1.488e+09   1.000e+00
     24   63998.318      34       0  -4.430120800000000e+07   1.436e+09   1.000e+00
     25   65888.004      35       0  -4.430143600000000e+07   1.387e+09   1.000e+00
     26   67787.900      36       0  -4.430169600000000e+07   1.392e+09   1.000e+00
     27   69724.063      37       0  -4.430198400000000e+07   1.457e+09   1.000e+00
     28   71614.685      38       0  -4.430220400000000e+07   1.399e+09   1.000e+00
     29   73496.197      39       0  -4.430232000000000e+07   1.347e+09   1.000e+00
     30   75411.349      40       0  -4.430239200000000e+07   1.367e+09   1.000e+00
     31   77306.125      41       0  -4.430244800000000e+07   1.373e+09   1.000e+00
     32   79163.174      42       0  -4.430254800000000e+07   1.326e+09   1.000e+00
     33   81063.011      43       0  -4.430264000000000e+07   1.377e+09   1.000e+00
     34   82960.975      44       0  -4.430271600000000e+07   1.309e+09   1.000e+00
     35   84815.493      45       0  -4.430279600000000e+07   1.326e+09   1.000e+00
     36   86734.284      46       0  -4.430285600000000e+07   1.396e+09   1.000e+00
     37   88636.345      47       0  -4.430292400000000e+07   1.336e+09   1.000e+00
     38   90494.326      48       0  -4.430300000000000e+07   1.343e+09   1.000e+00
     39   92412.126      49       0  -4.430309600000000e+07   1.384e+09   1.000e+00
     40   94309.686      50       0  -4.430317600000000e+07   1.335e+09   1.000e+00
     41   96173.466      51       0  -4.430322400000000e+07   1.259e+09   1.000e+00
     42   98089.144      52       0  -4.430328800000000e+07   1.318e+09   1.000e+00
     43   99977.334      53       0  -4.430339600000000e+07   1.372e+09   1.000e+00
     44  101846.167      54       0  -4.430351200000000e+07   1.445e+09   1.000e+00
     45  103742.697      55       0  -4.430357600000000e+07   1.256e+09   1.000e+00
     46  105630.550      56       0  -4.430359600000000e+07   1.247e+09   1.000e+00
     47  107491.823      57       0  -4.430366400000000e+07   1.337e+09   1.000e+00
     48  109400.661      58       0  -4.430380800000000e+07   1.372e+09   1.000e+00
     49  111312.521      59       0  -4.430396000000000e+07   1.515e+09   1.000e+00
     50  113195.130      60       0  -4.430405200000000e+07   1.224e+09   1.000e+00
     51  115058.580      61       0  -4.430409200000000e+07   1.270e+09   1.000e+00
     52  116966.022      62       0  -4.430416400000000e+07   1.351e+09   1.000e+00
     53  118860.594      63       0  -4.430428000000000e+07   1.431e+09   1.000e+00
     54  120728.811      64       0  -4.430436000000000e+07   1.376e+09   1.000e+00
     55  122669.950      65       0  -4.430438800000000e+07   1.197e+09   1.000e+00
     56  124574.615      66       0  -4.430441600000000e+07   1.262e+09   1.000e+00
     57  126436.144      67       0  -4.430446800000000e+07   1.334e+09   1.000e+00
     58  128351.251      68       0  -4.430452800000000e+07   1.441e+09   1.000e+00
     59  130279.571      69       0  -4.430457600000000e+07   1.229e+09   1.000e+00
     60  132134.988      70       0  -4.430459200000000e+07   1.175e+09   1.000e+00
     61  134064.778      71       0  -4.430462000000000e+07   1.256e+09   1.000e+00
     62  135971.161      72       0  -4.430466800000000e+07   1.366e+09   1.000e+00
     63  137843.610      73       0  -4.430472400000000e+07   1.341e+09   1.000e+00
     64  139712.392      74       0  -4.430475600000000e+07   1.157e+09   1.000e+00
     65  141624.116      75       0  -4.430478000000000e+07   1.197e+09   1.000e+00
     66  143516.194      76       0  -4.430479600000000e+07   1.324e+09   1.000e+00
     67  145379.119      77       0  -4.430480800000000e+07   1.346e+09   1.000e+00
     68  147303.762      78       0  -4.430482400000000e+07   1.182e+09   1.000e+00
     69  149184.669      79       0  -4.430483200000000e+07   1.173e+09   1.000e+00
     70  151045.937      80       0  -4.430484000000000e+07   1.315e+09   1.000e+00
     71  152975.700      81       0  -4.430484400000000e+07   1.305e+09   1.000e+00
     72  154885.968      82       0  -4.430485600000000e+07   1.102e+09   1.000e+00
     73  156749.249      83       0  -4.430486000000000e+07   1.192e+09   1.000e+00
     74  158663.211      84       0  -4.430486400000000e+07   1.310e+09   1.000e+00
     75  160604.764      85       0  -4.430486800000000e+07   1.336e+09   1.000e+00
     76  162497.714      86       0  -4.430488000000000e+07   1.148e+09   1.000e+00
     77  164367.039      87       0  -4.430488800000000e+07   1.169e+09   1.000e+00
     78  166294.529      88       0  -4.430490000000000e+07   1.281e+09   1.000e+00
     79  168225.838      89       0  -4.430491600000000e+07   1.329e+09   1.000e+00
     80  170098.960      90       0  -4.430492800000000e+07   1.171e+09   1.000e+00
     81  172023.847      91       0  -4.430493600000000e+07   1.111e+09   1.000e+00
     82  173964.430      92       0  -4.430494400000000e+07   1.250e+09   1.000e+00
     83  203740.139     108       0  -4.430494400000000e+07   1.414e+09   3.122e-07
# Termination: function reduction test satisfied
# Iter.   Time (ms)    Eval. Reject.       Obj. Func.           Grad.       Step
# ---------------------------------------------------------------------------------
      0    1824.658       1       0  -4.420293600000000e+07   4.285e+09   0.000e+00
      1   20437.856      11       0  -4.420928000000000e+07   5.022e+09   8.744e-16
      2   22333.026      12       0  -4.421303600000000e+07   2.819e+09   1.000e+00
      3   24220.502      13       0  -4.421458000000000e+07   2.452e+09   1.000e+00
      4   26075.897      14       0  -4.421823200000000e+07   3.020e+09   1.000e+00
      5   27982.248      15       0  -4.422313200000000e+07   3.072e+09   1.000e+00
      6   29891.915      16       0  -4.422762800000000e+07   2.372e+09   1.000e+00
      7   31748.138      17       0  -4.422937600000000e+07   2.322e+09   1.000e+00
      8   33659.362      18       0  -4.423046800000000e+07   1.991e+09   1.000e+00
      9   35571.856      19       0  -4.423229600000000e+07   2.049e+09   1.000e+00
     10   37428.824      20       0  -4.423449600000000e+07   1.987e+09   1.000e+00
     11   39340.778      21       0  -4.423594400000000e+07   1.675e+09   1.000e+00
     12   41246.848      22       0  -4.423684800000000e+07   1.496e+09   1.000e+00
     13   43104.249      23       0  -4.423759200000000e+07   1.593e+09   1.000e+00
     14   45025.924      24       0  -4.423852400000000e+07   1.596e+09   1.000e+00
     15   46923.600      25       0  -4.423918400000000e+07   1.581e+09   1.000e+00
     16   48779.552      26       0  -4.423959200000000e+07   1.473e+09   1.000e+00
     17   50719.480      27       0  -4.424000400000000e+07   1.469e+09   1.000e+00
     18   52623.733      28       0  -4.424053600000000e+07   1.557e+09   1.000e+00
     19   54467.963      29       0  -4.424097600000000e+07   1.514e+09   1.000e+00
     20   56381.072      30       0  -4.424130400000000e+07   1.342e+09   1.000e+00
     21   58288.924      31       0  -4.424155200000000e+07   1.354e+09   1.000e+00
     22   60132.333      32       0  -4.424184000000000e+07   1.437e+09   1.000e+00
     23   62033.435      33       0  -4.424218000000000e+07   1.481e+09   1.000e+00
     24   63930.081      34       0  -4.424246800000000e+07   1.431e+09   1.000e+00
     25   65786.329      35       0  -4.424270000000000e+07   1.388e+09   1.000e+00
     26   67699.878      36       0  -4.424296000000000e+07   1.420e+09   1.000e+00
     27   69605.816      37       0  -4.424328000000000e+07   1.460e+09   1.000e+00
     28   71458.496      38       0  -4.424351600000000e+07   1.423e+09   1.000e+00
     29   73381.377      39       0  -4.424365200000000e+07   1.335e+09   1.000e+00
     30   75296.080      40       0  -4.424372800000000e+07   1.369e+09   1.000e+00
     31   77149.919      41       0  -4.424381600000000e+07   1.388e+09   1.000e+00
     32   79067.084      42       0  -4.424392800000000e+07   1.376e+09   1.000e+00
     33   80971.118      43       0  -4.424404000000000e+07   1.366e+09   1.000e+00
     34   82819.818      44       0  -4.424412800000000e+07   1.331e+09   1.000e+00
     35   84727.223      45       0  -4.424421600000000e+07   1.343e+09   1.000e+00
     36   86637.457      46       0  -4.424431200000000e+07   1.411e+09   1.000e+00
     37   88494.976      47       0  -4.424441200000000e+07   1.381e+09   1.000e+00
     38   90419.389      48       0  -4.424450000000000e+07   1.326e+09   1.000e+00
     39   92338.285      49       0  -4.424459200000000e+07   1.366e+09   1.000e+00
     40   94189.590      50       0  -4.424468800000000e+07   1.349e+09   1.000e+00
     41   96112.040      51       0  -4.424478400000000e+07   1.329e+09   1.000e+00
     42   98031.307      52       0  -4.424485200000000e+07   1.323e+09   1.000e+00
     43   99891.509      53       0  -4.424494400000000e+07   1.330e+09   1.000e+00
     44  101820.327      54       0  -4.424506000000000e+07   1.392e+09   1.000e+00
     45  103746.538      55       0  -4.424514800000000e+07   1.346e+09   1.000e+00
     46  105624.529      56       0  -4.424519600000000e+07   1.267e+09   1.000e+00
     47  107506.974      57       0  -4.424526800000000e+07   1.323e+09   1.000e+00
     48  109417.911      58       0  -4.424539600000000e+07   1.386e+09   1.000e+00
     49  111299.157      59       0  -4.424550000000000e+07   1.443e+09   1.000e+00
     50  113176.538      60       0  -4.424558000000000e+07   1.260e+09   1.000e+00
     51  115116.152      61       0  -4.424565200000000e+07   1.290e+09   1.000e+00
     52  117046.975      62       0  -4.424579200000000e+07   1.401e+09   1.000e+00
     53  118914.702      63       0  -4.424594400000000e+07   1.450e+09   1.000e+00
     54  120855.184      64       0  -4.424602000000000e+07   1.309e+09   1.000e+00
     55  122770.106      65       0  -4.424603200000000e+07   1.238e+09   1.000e+00
     56  124634.001      66       0  -4.424608800000000e+07   1.303e+09   1.000e+00
     57  126562.370      67       0  -4.424621600000000e+07   1.370e+09   1.000e+00
     58  128488.906      68       0  -4.424633600000000e+07   1.537e+09   1.000e+00
     59  130377.230      69       0  -4.424642400000000e+07   1.249e+09   1.000e+00
     60  132262.181      70       0  -4.424645200000000e+07   1.215e+09   1.000e+00
     61  134187.455      71       0  -4.424652000000000e+07   1.312e+09   1.000e+00
     62  136073.001      72       0  -4.424666000000000e+07   1.391e+09   1.000e+00
     63  137939.384      73       0  -4.424678800000000e+07   1.422e+09   1.000e+00
     64  139862.843      74       0  -4.424683200000000e+07   1.159e+09   1.000e+00
     65  141790.748      75       0  -4.424686800000000e+07   1.218e+09   1.000e+00
     66  143659.726      76       0  -4.424690400000000e+07   1.358e+09   1.000e+00
     67  145587.202      77       0  -4.424698000000000e+07   1.417e+09   1.000e+00
     68  147513.465      78       0  -4.424704800000000e+07   1.284e+09   1.000e+00
     69  149379.487      79       0  -4.424706000000000e+07   1.121e+09   1.000e+00
     70  151300.665      80       0  -4.424709200000000e+07   1.233e+09   1.000e+00
     71  153229.112      81       0  -4.424710800000000e+07   1.402e+09   1.000e+00
     72  155128.903      82       0  -4.424713600000000e+07   1.280e+09   1.000e+00
     73  157007.023      83       0  -4.424714800000000e+07   1.174e+09   1.000e+00
     74  158941.821      84       0  -4.424718000000000e+07   1.203e+09   1.000e+00
     75  160872.722      85       0  -4.424720400000000e+07   1.427e+09   1.000e+00
     76  162752.105      86       0  -4.424721200000000e+07   1.294e+09   1.000e+00
     77  164681.754      87       0  -4.424722400000000e+07   1.101e+09   1.000e+00
     78  166609.150      88       0  -4.424724400000000e+07   1.190e+09   1.000e+00
     79  168468.411      89       0  -4.424726800000000e+07   1.409e+09   1.000e+00
     80  170400.103      90       0  -4.424729200000000e+07   1.308e+09   1.000e+00
     81  172323.427      91       0  -4.424729600000000e+07   1.079e+09   1.000e+00
     82  174215.687      92       0  -4.424731200000000e+07   1.166e+09   1.000e+00
     83  176090.659      93       0  -4.424731600000000e+07   1.370e+09   1.000e+00
     84  178014.381      94       0  -4.424733200000000e+07   1.259e+09   1.000e+00
     85  215110.138     114       0  -4.424733200000000e+07   1.306e+09   1.085e-06
# Termination: function reduction test satisfied
# Iter.   Time (ms)    Eval. Reject.       Obj. Func.           Grad.       Step
# ---------------------------------------------------------------------------------
      0    1837.640       1       0  -4.361770800000000e+07   4.285e+09   0.000e+00
      1   20350.008      11       0  -4.362422000000000e+07   4.490e+09   7.908e-16
      2   22185.595      12       0  -4.362765600000000e+07   2.746e+09   1.000e+00
      3   24079.390      13       0  -4.362944800000000e+07   2.490e+09   1.000e+00
      4   25972.678      14       0  -4.363404400000000e+07   3.169e+09   1.000e+00
      5   27813.920      15       0  -4.363859600000000e+07   2.899e+09   1.000e+00
      6   29697.260      16       0  -4.364223600000000e+07   2.203e+09   1.000e+00
      7   31567.808      17       0  -4.364396400000000e+07   2.316e+09   1.000e+00
      8   33412.254      18       0  -4.364530400000000e+07   2.116e+09   1.000e+00
      9   35265.865      19       0  -4.364723200000000e+07   2.090e+09   1.000e+00
     10   37119.591      20       0  -4.364883600000000e+07   1.842e+09   1.000e+00
     11   38989.722      21       0  -4.364998000000000e+07   1.642e+09   1.000e+00
     12   40872.745      22       0  -4.365098000000000e+07   1.557e+09   1.000e+00
     13   42743.753      23       0  -4.365175200000000e+07   1.592e+09   1.000e+00
     14   44607.346      24       0  -4.365243600000000e+07   1.657e+09   1.000e+00
     15   46505.971      25       0  -4.365297200000000e+07   1.557e+09   1.000e+00
     16   48409.407      26       0  -4.365337200000000e+07   1.568e+09   1.000e+00
     17   50259.021      27       0  -4.365386000000000e+07   1.454e+09   1.000e+00
     18   52161.540      28       0  -4.365441600000000e+07   1.563e+09   1.000e+00
     19   54056.935      29       0  -4.365490000000000e+07   1.458e+09   1.000e+00
     20   55907.558      30       0  -4.365525200000000e+07   1.368e+09   1.000e+00
     21   57815.898      31       0  -4.365554000000000e+07   1.363e+09   1.000e+00
     22   59722.191      32       0  -4.365581200000000e+07   1.464e+09   1.000e+00
     23   61573.064      33       0  -4.365608400000000e+07   1.483e+09   1.000e+00
     24   63468.905      34       0  -4.365634800000000e+07   1.444e+09   1.000e+00
     25   65340.564      35       0  -4.365659200000000e+07   1.426e+09   1.000e+00
     26   67197.832      36       0  -4.365680800000000e+07   1.390e+09   1.000e+00
     27   69100.150      37       0  -4.365704000000000e+07   1.386e+09   1.000e+00
     28   70971.896      38       0  -4.365728800000000e+07   1.413e+09   1.000e+00
     29   72836.427      39       0  -4.365750000000000e+07   1.386e+09   1.000e+00
     30   74748.395      40       0  -4.365763200000000e+07   1.379e+09   1.000e+00
     31   76605.911      41       0  -4.365775600000000e+07   1.347e+09   1.000e+00
     32   78448.699      42       0  -4.365790400000000e+07   1.380e+09   1.000e+00
     33   80345.148      43       0  -4.365805600000000e+07   1.398e+09   1.000e+00
     34   82210.538      44       0  -4.365816800000000e+07   1.354e+09   1.000e+00
     35   84073.354      45       0  -4.365827600000000e+07   1.333e+09   1.000e+00
     36   85974.922      46       0  -4.365839600000000e+07   1.328e+09   1.000e+00
     37   87839.357      47       0  -4.365851600000000e+07   1.376e+09   1.000e+00
     38   89701.584      48       0  -4.365862000000000e+07   1.370e+09   1.000e+00
     39   91585.689      49       0  -4.365870400000000e+07   1.337e+09   1.000e+00
     40   93413.825      50       0  -4.365878800000000e+07   1.331e+09   1.000e+00
     41   95310.420      51       0  -4.365889600000000e+07   1.355e+09   1.000e+00
     42   97204.954      52       0  -4.365900000000000e+07   1.366e+09   1.000e+00
     43   99039.309      53       0  -4.365908800000000e+07   1.329e+09   1.000e+00
     44  100944.529      54       0  -4.365916000000000e+07   1.302e+09   1.000e+00
     45  102831.649      55       0  -4.365925200000000e+07   1.336e+09   1.000e+00
     46  104661.644      56       0  -4.365936800000000e+07   1.380e+09   1.000e+00
     47  106557.589      57       0  -4.365943600000000e+07   1.332e+09   1.000e+00
     48  108450.041      58       0  -4.365947200000000e+07   1.260e+09   1.000e+00
     49  110285.595      59       0  -4.365954000000000e+07   1.318e+09   1.000e+00
     50  112199.310      60       0  -4.365964400000000e+07   1.364e+09   1.000e+00
     51  114093.368      61       0  -4.365974000000000e+07   1.414e+09   1.000e+00
     52  115947.193      62       0  -4.365979200000000e+07   1.187e+09   1.000e+00
     53  117841.178      63       0  -4.365982400000000e+07   1.229e+09   1.000e+00
     54  119725.499      64       0  -4.365990000000000e+07   1.353e+09   1.000e+00
     55  121581.892      65       0  -4.366000400000000e+07   1.376e+09   1.000e+00
     56  123488.155      66       0  -4.366005200000000e+07   1.335e+09   1.000e+00
     57  125356.344      67       0  -4.366006400000000e+07   1.180e+09   1.000e+00
     58  127229.366      68       0  -4.366008800000000e+07   1.265e+09   1.000e+00
     59  129144.997      69       0  -4.366015200000000e+07   1.306e+09   1.000e+00
     60  131017.881      70       0  -4.366024800000000e+07   1.461e+09   1.000e+00
     61  132899.940      71       0  -4.366032000000000e+07   1.220e+09   1.000e+00
     62  134814.036      72       0  -4.366033200000000e+07   1.151e+09   1.000e+00
     63  136687.028      73       0  -4.366035600000000e+07   1.235e+09   1.000e+00
     64  138546.447      74       0  -4.366040400000000e+07   1.301e+09   1.000e+00
     65  140449.876      75       0  -4.366047200000000e+07   1.372e+09   1.000e+00
     66  142304.182      76       0  -4.366050800000000e+07   1.166e+09   1.000e+00
     67  144177.304      77       0  -4.366051600000000e+07   1.144e+09   1.000e+00
     68  149788.164      80       0  -4.366052400000000e+07   1.331e+09   2.500e-01
     69  184969.940      99       0  -4.366052400000000e+07   1.447e+09   1.343e-07
# Termination: function reduction test satisfied
# Iter.   Time (ms)    Eval. Reject.       Obj. Func.           Grad.       Step
# ---------------------------------------------------------------------------------
      0    1844.397       1       0  -3.776546000000000e+07   4.285e+09   0.000e+00
      1   18536.805      10       0  -3.777187600000000e+07   4.551e+09   8.012e-16
      2   20363.496      11       0  -3.777524800000000e+07   2.728e+09   1.000e+00
      3   22260.797      12       0  -3.777682000000000e+07   2.421e+09   1.000e+00
      4   24148.370      13       0  -3.778065600000000e+07   3.010e+09   1.000e+00
      5   25993.338      14       0  -3.778482400000000e+07   2.820e+09   1.000e+00
      6   27880.989      15       0  -3.778819200000000e+07   2.147e+09   1.000e+00
      7   29751.737      16       0  -3.778948800000000e+07   2.134e+09   1.000e+00
      8   31610.232      17       0  -3.779045600000000e+07   1.958e+09   1.000e+00
      9   33511.024      18       0  -3.779191200000000e+07   2.059e+09   1.000e+00
     10   35364.973      19       0  -3.779328000000000e+07   1.803e+09   1.000e+00
     11   37256.949      20       0  -3.779422400000000e+07   1.562e+09   1.000e+00
     12   39148.404      21       0  -3.779507600000000e+07   1.463e+09   1.000e+00
     13   40977.176      22       0  -3.779584400000000e+07   1.507e+09   1.000e+00
     14   42867.696      23       0  -3.779648800000000e+07   1.549e+09   1.000e+00
     15   44753.042      24       0  -3.779682000000000e+07   1.435e+09   1.000e+00
     16   46596.752      25       0  -3.779703600000000e+07   1.429e+09   1.000e+00
     17   48492.226      26       0  -3.779734400000000e+07   1.395e+09   1.000e+00
     18   50383.657      27       0  -3.779772400000000e+07   1.502e+09   1.000e+00
     19   52219.276      28       0  -3.779810400000000e+07   1.377e+09   1.000e+00
     20   54121.805      29       0  -3.779840400000000e+07   1.270e+09   1.000e+00
     21   56018.722      30       0  -3.779863600000000e+07   1.330e+09   1.000e+00
     22   57869.581      31       0  -3.779886800000000e+07   1.320e+09   1.000e+00
     23   59777.361      32       0  -3.779910400000000e+07   1.388e+09   1.000e+00
     24   61698.764      33       0  -3.779930800000000e+07   1.340e+09   1.000e+00
     25   63556.504      34       0  -3.779946400000000e+07   1.295e+09   1.000e+00
     26   65471.347      35       0  -3.779961200000000e+07   1.302e+09   1.000e+00
     27   67391.755      36       0  -3.779980000000000e+07   1.297e+09   1.000e+00
     28   69255.490      37       0  -3.779997200000000e+07   1.336e+09   1.000e+00
     29   71168.853      38       0  -3.780009600000000e+07   1.239e+09   1.000e+00
     30   73081.358      39       0  -3.780017200000000e+07   1.238e+09   1.000e+00
     31   74963.963      40       0  -3.780024800000000e+07   1.276e+09   1.000e+00
     32   76838.824      41       0  -3.780034400000000e+07   1.289e+09   1.000e+00
     33   78753.342      42       0  -3.780042800000000e+07   1.312e+09   1.000e+00
     34   80640.738      43       0  -3.780048400000000e+07   1.239e+09   1.000e+00
     35   82534.775      44       0  -3.780053200000000e+07   1.221e+09   1.000e+00
     36   84453.405      45       0  -3.780059200000000e+07   1.248e+09   1.000e+00
     37   86348.718      46       0  -3.780066400000000e+07   1.305e+09   1.000e+00
     38   88210.988      47       0  -3.780072000000000e+07   1.255e+09   1.000e+00
     39   90140.461      48       0  -3.780074000000000e+07   1.163e+09   1.000e+00
     40   92017.673      49       0  -3.780077200000000e+07   1.195e+09   1.000e+00
     41   93896.484      50       0  -3.780080800000000e+07   1.234e+09   1.000e+00
     42   95811.605      51       0  -3.780086000000000e+07   1.304e+09   1.000e+00
     43   97692.305      52       0  -3.780089200000000e+07   1.164e+09   1.000e+00
     44   99559.905      53       0  -3.780090000000000e+07   1.086e+09   1.000e+00
     45  101476.187      54       0  -3.780091600000000e+07   1.145e+09   1.000e+00
     46  103376.504      55       0  -3.780097600000000e+07   1.232e+09   1.000e+00
     47  105245.411      56       0  -3.780103200000000e+07   1.387e+09   1.000e+00
     48  107153.096      57       0  -3.780108400000000e+07   1.094e+09   1.000e+00
     49  109047.165      58       0  -3.780108800000000e+07   1.034e+09   1.000e+00
     50  110902.997      59       0  -3.780109200000000e+07   1.169e+09   1.000e+00
     51  112835.931      60       0  -3.780110800000000e+07   1.224e+09   1.000e+00
     52  114736.780      61       0  -3.780118000000000e+07   1.209e+09   1.000e+00
     53  116592.166      62       0  -3.780121200000000e+07   1.029e+09   1.000e+00
     54  118507.842      63       0  -3.780123600000000e+07   1.105e+09   1.000e+00
     55  120403.902      64       0  -3.780127200000000e+07   1.323e+09   1.000e+00
     56  122267.213      65       0  -3.780129600000000e+07   1.191e+09   1.000e+00
     57  124186.251      66       0  -3.780132000000000e+07   1.124e+09   1.000e+00
     58  126106.606      67       0  -3.780135600000000e+07   1.095e+09   1.000e+00
     59  127954.179      68       0  -3.780144400000000e+07   1.295e+09   1.000e+00
     60  129875.918      69       0  -3.780158800000000e+07   1.337e+09   1.000e+00
     61  131782.880      70       0  -3.780162800000000e+07   1.035e+09   1.000e+00
     62  165162.819      88       0  -3.780162800000000e+07   1.265e+09   5.305e-07
# Termination: function reduction test satisfied
# Iter.   Time (ms)    Eval. Reject.       Obj. Func.           Grad.       Step
# ---------------------------------------------------------------------------------
      0    1841.202       1       0  -4.426789600000000e+07   4.285e+09   0.000e+00
      1   53739.348      29       0  -4.426789600000000e+07   2.264e+10   1.865e-24
# Termination: function reduction test satisfied
# Iter.   Time (ms)    Eval. Reject.       Obj. Func.           Grad.       Step
# ---------------------------------------------------------------------------------
      0    1876.104       1       0  -4.426730800000000e+07   4.285e+09   0.000e+00
      1   53857.927      29       0  -4.426730800000000e+07   2.264e+10   1.865e-24
# Termination: function reduction test satisfied
# Iter.   Time (ms)    Eval. Reject.       Obj. Func.           Grad.       Step
# ---------------------------------------------------------------------------------
      0    1863.014       1       0  -4.426145600000000e+07   4.285e+09   0.000e+00
      1   53861.170      29       0  -4.426145600000000e+07   2.264e+10   1.865e-24
# Termination: function reduction test satisfied
# Iter.   Time (ms)    Eval. Reject.       Obj. Func.           Grad.       Step
# ---------------------------------------------------------------------------------
      0    1801.024       1       0  -4.420293600000000e+07   4.285e+09   0.000e+00
      1   53905.707      29       0  -4.420293600000000e+07   2.264e+10   1.865e-24
# Termination: function reduction test satisfied
# Iter.   Time (ms)    Eval. Reject.       Obj. Func.           Grad.       Step
# ---------------------------------------------------------------------------------
      0    1826.411       1       0  -4.361770800000000e+07   4.285e+09   0.000e+00
      1   53641.793      29       0  -4.361770800000000e+07   2.264e+10   1.865e-24
# Termination: function reduction test satisfied
# Iter.   Time (ms)    Eval. Reject.       Obj. Func.           Grad.       Step
# ---------------------------------------------------------------------------------
      0    1851.499       1       0  -3.776546000000000e+07   4.285e+09   0.000e+00
      1   54097.595      29       0  -3.776546000000000e+07   2.264e+10   1.865e-24
# Termination: function reduction test satisfied
