path_folder=PosixPath('/srv/storage/thoth1@storage4.grenoble.grid5000.fr/chalucas/codes/EXMILDPACO/data/real_data/DISKS_IRDIS_CHARLES/RX_J161533255/2019-05-18/IRDIS/data')
Not using recentered data
Not using centered data
waffle_amplitude=0.04
(2, 48, 1024, 1024)
sorting vector not found
y.shape=(2, 48, 1024, 1024)
Using all channels
path_sources='/srv/storage/thoth1@storage4.grenoble.grid5000.fr/chalucas/codes/EXMILDPACO/data/real_data/DISKS_IRDIS_CHARLES/RX_J161533255/2019-05-18/IRDIS/data/sources_256_northaligned.csv'
No source file found
Loading checkpoint /srv/storage/thoth1@storage4.grenoble.grid5000.fr/chalucas/codes/EXMILDPACO/checkpoints_calib_exomild/checkpoints/exomild_H2/ckpt/ckpt_40000.pt
Conserved blocks : [0, 1, 2, 3, 4, 5, 6, 7, 8, 9, 10, 11]
Conserved weights : 176 out of 176
[ExoMILD] self.use_modelco_loss=False
i=0 params={'type': 'spatial', 'name': 'p8_s1', 'repeat': 1, 'patch_size': 8, 'stride': 4, 'dilation': 1, 'temporal_length': None, 'temporal_dilation': 1, 'temporal_stride': 1, 'dim_samples': 't l', 'dim_prefeatures': 'h w', 'denoise_mean': False, 'groups': 1, 'mode_ab': 'left', 'grad_params': True, 'use_dataparallel': False, 'batch_size': None, 'low_memory_mode': False, 'symmetry': 1, 'params_pipeline': [{'type': 'linear', 'patch_wise': '${model.patch_wise}', 'size_in': 64, 'size_out': 64, 'learnable': '${model.learnable_proj}', 'is_identity': False}]}
params={'name': 'p8_s1', 'repeat': 1, 'patch_size': 8, 'stride': 4, 'dilation': 1, 'temporal_length': None, 'temporal_dilation': 1, 'temporal_stride': 1, 'dim_samples': 't l', 'dim_prefeatures': 'h w', 'denoise_mean': False, 'groups': 1, 'mode_ab': 'left', 'grad_params': True, 'use_dataparallel': False, 'batch_size': None, 'low_memory_mode': False, 'symmetry': 1, 'params_pipeline': [{'type': 'linear', 'patch_wise': '${model.patch_wise}', 'size_in': 64, 'size_out': 64, 'learnable': '${model.learnable_proj}', 'is_identity': False}]}
[SpatialTerm] self.name='p8_s1'
[SpatialTerm] self.use_dataparallel=False
[SpatialTerm] self.dilation=1
[SpatialTerm] self.denoise_mean=False
[SpatialTerm] self.stat_model='gaussian'
[SpatialTerm] self.bsp=3969
[SpatialTerm] self.symmetry=1
[LinearFeatures] self.learnable=True
[FeaturesPipeline] self.transforms=ModuleList(
  (0): LinearFeatures()
)
[Engine] self.batch_size=None
[Engine] self.low_memory_mode=False
[Engine] self.grad_params=True
[Engine] self.low_memory_mode=False
[SpatialTerm] self.device_ids=[0]
[SpatialTerm] Not using DataParallel
[SpatialPatchesHandler (8)] spatial stride: 4
[SpatialPatchesHandler (8)] spatial patch_size: 8
i=1 params={'type': 'spatial', 'name': 'p8_s2', 'repeat': 1, 'patch_size': 8, 'stride': 4, 'dilation': 1, 'temporal_length': None, 'temporal_dilation': 1, 'temporal_stride': 1, 'dim_samples': 't l', 'dim_prefeatures': 'h w', 'groups': 1, 'mode_ab': 'left', 'grad_params': True, 'use_dataparallel': False, 'batch_size': None, 'low_memory_mode': False, 'symmetry': 2, 'params_pipeline': [{'type': 'linear', 'patch_wise': '${model.patch_wise}', 'size_in': 128, 'size_out': 64, 'learnable': '${model.learnable_proj}', 'is_identity': False}]}
params={'name': 'p8_s2', 'repeat': 1, 'patch_size': 8, 'stride': 4, 'dilation': 1, 'temporal_length': None, 'temporal_dilation': 1, 'temporal_stride': 1, 'dim_samples': 't l', 'dim_prefeatures': 'h w', 'groups': 1, 'mode_ab': 'left', 'grad_params': True, 'use_dataparallel': False, 'batch_size': None, 'low_memory_mode': False, 'symmetry': 2, 'params_pipeline': [{'type': 'linear', 'patch_wise': '${model.patch_wise}', 'size_in': 128, 'size_out': 64, 'learnable': '${model.learnable_proj}', 'is_identity': False}]}
[SpatialTerm] self.name='p8_s2'
[SpatialTerm] self.use_dataparallel=False
[SpatialTerm] self.dilation=1
[SpatialTerm] self.denoise_mean=False
[SpatialTerm] self.stat_model='gaussian'
[SpatialTerm] self.bsp=3969
[SpatialTerm] self.symmetry=2
[LinearFeatures] self.learnable=True
[FeaturesPipeline] self.transforms=ModuleList(
  (0): LinearFeatures()
)
[Engine] self.batch_size=None
[Engine] self.low_memory_mode=False
[Engine] self.grad_params=True
[Engine] self.low_memory_mode=False
[SpatialTerm] self.device_ids=[0]
[SpatialTerm] Not using DataParallel
[SpatialPatchesHandler (8)] spatial stride: 4
[SpatialPatchesHandler (8)] spatial patch_size: 8
i=2 params={'type': 'spatial', 'name': 'p8_s4', 'repeat': 1, 'patch_size': 8, 'stride': 4, 'dilation': 1, 'temporal_length': None, 'temporal_dilation': 1, 'temporal_stride': 1, 'dim_samples': 't l', 'dim_prefeatures': 'h w', 'groups': 1, 'mode_ab': 'left', 'grad_params': True, 'use_dataparallel': False, 'batch_size': None, 'low_memory_mode': False, 'symmetry': 4, 'params_pipeline': [{'type': 'linear', 'patch_wise': '${model.patch_wise}', 'size_in': 256, 'size_out': 64, 'learnable': '${model.learnable_proj}', 'is_identity': False}]}
params={'name': 'p8_s4', 'repeat': 1, 'patch_size': 8, 'stride': 4, 'dilation': 1, 'temporal_length': None, 'temporal_dilation': 1, 'temporal_stride': 1, 'dim_samples': 't l', 'dim_prefeatures': 'h w', 'groups': 1, 'mode_ab': 'left', 'grad_params': True, 'use_dataparallel': False, 'batch_size': None, 'low_memory_mode': False, 'symmetry': 4, 'params_pipeline': [{'type': 'linear', 'patch_wise': '${model.patch_wise}', 'size_in': 256, 'size_out': 64, 'learnable': '${model.learnable_proj}', 'is_identity': False}]}
[SpatialTerm] self.name='p8_s4'
[SpatialTerm] self.use_dataparallel=False
[SpatialTerm] self.dilation=1
[SpatialTerm] self.denoise_mean=False
[SpatialTerm] self.stat_model='gaussian'
[SpatialTerm] self.bsp=3969
[SpatialTerm] self.symmetry=4
[LinearFeatures] self.learnable=True
[FeaturesPipeline] self.transforms=ModuleList(
  (0): LinearFeatures()
)
[Engine] self.batch_size=None
[Engine] self.low_memory_mode=False
[Engine] self.grad_params=True
[Engine] self.low_memory_mode=False
[SpatialTerm] self.device_ids=[0]
[SpatialTerm] Not using DataParallel
[SpatialPatchesHandler (8)] spatial stride: 4
[SpatialPatchesHandler (8)] spatial patch_size: 8
i=3 params={'type': 'spatial', 'name': 'p16_s1', 'repeat': 1, 'patch_size': 16, 'stride': 8, 'dilation': 1, 'temporal_length': None, 'temporal_dilation': 1, 'temporal_stride': 1, 'dim_samples': 't l', 'dim_prefeatures': 'h w', 'groups': 1, 'mode_ab': 'left', 'grad_params': True, 'use_dataparallel': False, 'batch_size': None, 'low_memory_mode': False, 'symmetry': 1, 'params_pipeline': [{'type': 'linear', 'patch_wise': '${model.patch_wise}', 'size_in': 256, 'size_out': 64, 'learnable': '${model.learnable_proj}', 'is_identity': False}]}
params={'name': 'p16_s1', 'repeat': 1, 'patch_size': 16, 'stride': 8, 'dilation': 1, 'temporal_length': None, 'temporal_dilation': 1, 'temporal_stride': 1, 'dim_samples': 't l', 'dim_prefeatures': 'h w', 'groups': 1, 'mode_ab': 'left', 'grad_params': True, 'use_dataparallel': False, 'batch_size': None, 'low_memory_mode': False, 'symmetry': 1, 'params_pipeline': [{'type': 'linear', 'patch_wise': '${model.patch_wise}', 'size_in': 256, 'size_out': 64, 'learnable': '${model.learnable_proj}', 'is_identity': False}]}
[SpatialTerm] self.name='p16_s1'
[SpatialTerm] self.use_dataparallel=False
[SpatialTerm] self.dilation=1
[SpatialTerm] self.denoise_mean=False
[SpatialTerm] self.stat_model='gaussian'
[SpatialTerm] self.bsp=961
[SpatialTerm] self.symmetry=1
[LinearFeatures] self.learnable=True
[FeaturesPipeline] self.transforms=ModuleList(
  (0): LinearFeatures()
)
[Engine] self.batch_size=None
[Engine] self.low_memory_mode=False
[Engine] self.grad_params=True
[Engine] self.low_memory_mode=False
[SpatialTerm] self.device_ids=[0]
[SpatialTerm] Not using DataParallel
[SpatialPatchesHandler (16)] spatial stride: 8
[SpatialPatchesHandler (16)] spatial patch_size: 16
i=4 params={'type': 'spatial', 'name': 'p16_s2', 'repeat': 1, 'patch_size': 16, 'stride': 8, 'dilation': 1, 'temporal_length': None, 'temporal_dilation': 1, 'temporal_stride': 1, 'dim_samples': 't l', 'dim_prefeatures': 'h w', 'groups': 1, 'mode_ab': 'left', 'grad_params': True, 'use_dataparallel': False, 'batch_size': None, 'low_memory_mode': False, 'symmetry': 2, 'params_pipeline': [{'type': 'linear', 'patch_wise': '${model.patch_wise}', 'size_in': 512, 'size_out': 64, 'learnable': '${model.learnable_proj}', 'is_identity': False}]}
params={'name': 'p16_s2', 'repeat': 1, 'patch_size': 16, 'stride': 8, 'dilation': 1, 'temporal_length': None, 'temporal_dilation': 1, 'temporal_stride': 1, 'dim_samples': 't l', 'dim_prefeatures': 'h w', 'groups': 1, 'mode_ab': 'left', 'grad_params': True, 'use_dataparallel': False, 'batch_size': None, 'low_memory_mode': False, 'symmetry': 2, 'params_pipeline': [{'type': 'linear', 'patch_wise': '${model.patch_wise}', 'size_in': 512, 'size_out': 64, 'learnable': '${model.learnable_proj}', 'is_identity': False}]}
[SpatialTerm] self.name='p16_s2'
[SpatialTerm] self.use_dataparallel=False
[SpatialTerm] self.dilation=1
[SpatialTerm] self.denoise_mean=False
[SpatialTerm] self.stat_model='gaussian'
[SpatialTerm] self.bsp=961
[SpatialTerm] self.symmetry=2
[LinearFeatures] self.learnable=True
[FeaturesPipeline] self.transforms=ModuleList(
  (0): LinearFeatures()
)
[Engine] self.batch_size=None
[Engine] self.low_memory_mode=False
[Engine] self.grad_params=True
[Engine] self.low_memory_mode=False
[SpatialTerm] self.device_ids=[0]
[SpatialTerm] Not using DataParallel
[SpatialPatchesHandler (16)] spatial stride: 8
[SpatialPatchesHandler (16)] spatial patch_size: 16
i=5 params={'type': 'spatial', 'name': 'p16_s4', 'repeat': 1, 'patch_size': 16, 'stride': 8, 'dilation': 1, 'temporal_length': None, 'temporal_dilation': 1, 'temporal_stride': 1, 'dim_samples': 't l', 'dim_prefeatures': 'h w', 'groups': 1, 'mode_ab': 'left', 'grad_params': True, 'use_dataparallel': False, 'batch_size': None, 'low_memory_mode': False, 'symmetry': 4, 'params_pipeline': [{'type': 'linear', 'patch_wise': '${model.patch_wise}', 'size_in': 1024, 'size_out': 64, 'learnable': '${model.learnable_proj}', 'is_identity': False}]}
params={'name': 'p16_s4', 'repeat': 1, 'patch_size': 16, 'stride': 8, 'dilation': 1, 'temporal_length': None, 'temporal_dilation': 1, 'temporal_stride': 1, 'dim_samples': 't l', 'dim_prefeatures': 'h w', 'groups': 1, 'mode_ab': 'left', 'grad_params': True, 'use_dataparallel': False, 'batch_size': None, 'low_memory_mode': False, 'symmetry': 4, 'params_pipeline': [{'type': 'linear', 'patch_wise': '${model.patch_wise}', 'size_in': 1024, 'size_out': 64, 'learnable': '${model.learnable_proj}', 'is_identity': False}]}
[SpatialTerm] self.name='p16_s4'
[SpatialTerm] self.use_dataparallel=False
[SpatialTerm] self.dilation=1
[SpatialTerm] self.denoise_mean=False
[SpatialTerm] self.stat_model='gaussian'
[SpatialTerm] self.bsp=961
[SpatialTerm] self.symmetry=4
[LinearFeatures] self.learnable=True
[FeaturesPipeline] self.transforms=ModuleList(
  (0): LinearFeatures()
)
[Engine] self.batch_size=None
[Engine] self.low_memory_mode=False
[Engine] self.grad_params=True
[Engine] self.low_memory_mode=False
[SpatialTerm] self.device_ids=[0]
[SpatialTerm] Not using DataParallel
[SpatialPatchesHandler (16)] spatial stride: 8
[SpatialPatchesHandler (16)] spatial patch_size: 16
i=6 params={'type': 'spatial', 'name': 'p32_s1', 'repeat': 1, 'patch_size': 32, 'stride': 16, 'dilation': 1, 'temporal_length': None, 'temporal_dilation': 1, 'temporal_stride': 1, 'dim_samples': 't l', 'dim_prefeatures': 'h w', 'groups': 1, 'mode_ab': 'left', 'grad_params': True, 'use_dataparallel': False, 'batch_size': None, 'low_memory_mode': False, 'symmetry': 1, 'params_pipeline': [{'type': 'linear', 'patch_wise': '${model.patch_wise}', 'size_in': 1024, 'size_out': 64, 'learnable': '${model.learnable_proj}', 'is_identity': False}]}
params={'name': 'p32_s1', 'repeat': 1, 'patch_size': 32, 'stride': 16, 'dilation': 1, 'temporal_length': None, 'temporal_dilation': 1, 'temporal_stride': 1, 'dim_samples': 't l', 'dim_prefeatures': 'h w', 'groups': 1, 'mode_ab': 'left', 'grad_params': True, 'use_dataparallel': False, 'batch_size': None, 'low_memory_mode': False, 'symmetry': 1, 'params_pipeline': [{'type': 'linear', 'patch_wise': '${model.patch_wise}', 'size_in': 1024, 'size_out': 64, 'learnable': '${model.learnable_proj}', 'is_identity': False}]}
[SpatialTerm] self.name='p32_s1'
[SpatialTerm] self.use_dataparallel=False
[SpatialTerm] self.dilation=1
[SpatialTerm] self.denoise_mean=False
[SpatialTerm] self.stat_model='gaussian'
[SpatialTerm] self.bsp=225
[SpatialTerm] self.symmetry=1
[LinearFeatures] self.learnable=True
[FeaturesPipeline] self.transforms=ModuleList(
  (0): LinearFeatures()
)
[Engine] self.batch_size=None
[Engine] self.low_memory_mode=False
[Engine] self.grad_params=True
[Engine] self.low_memory_mode=False
[SpatialTerm] self.device_ids=[0]
[SpatialTerm] Not using DataParallel
[SpatialPatchesHandler (32)] spatial stride: 16
[SpatialPatchesHandler (32)] spatial patch_size: 32
i=7 params={'type': 'spatial', 'name': 'p32_s2', 'repeat': 1, 'patch_size': 32, 'stride': 16, 'dilation': 1, 'temporal_length': None, 'temporal_dilation': 1, 'temporal_stride': 1, 'dim_samples': 't l', 'dim_prefeatures': 'h w', 'groups': 1, 'mode_ab': 'left', 'grad_params': True, 'use_dataparallel': False, 'batch_size': None, 'low_memory_mode': False, 'symmetry': 2, 'params_pipeline': [{'type': 'linear', 'patch_wise': '${model.patch_wise}', 'size_in': 2048, 'size_out': 64, 'learnable': '${model.learnable_proj}', 'is_identity': False}]}
params={'name': 'p32_s2', 'repeat': 1, 'patch_size': 32, 'stride': 16, 'dilation': 1, 'temporal_length': None, 'temporal_dilation': 1, 'temporal_stride': 1, 'dim_samples': 't l', 'dim_prefeatures': 'h w', 'groups': 1, 'mode_ab': 'left', 'grad_params': True, 'use_dataparallel': False, 'batch_size': None, 'low_memory_mode': False, 'symmetry': 2, 'params_pipeline': [{'type': 'linear', 'patch_wise': '${model.patch_wise}', 'size_in': 2048, 'size_out': 64, 'learnable': '${model.learnable_proj}', 'is_identity': False}]}
[SpatialTerm] self.name='p32_s2'
[SpatialTerm] self.use_dataparallel=False
[SpatialTerm] self.dilation=1
[SpatialTerm] self.denoise_mean=False
[SpatialTerm] self.stat_model='gaussian'
[SpatialTerm] self.bsp=225
[SpatialTerm] self.symmetry=2
[LinearFeatures] self.learnable=True
[FeaturesPipeline] self.transforms=ModuleList(
  (0): LinearFeatures()
)
[Engine] self.batch_size=None
[Engine] self.low_memory_mode=False
[Engine] self.grad_params=True
[Engine] self.low_memory_mode=False
[SpatialTerm] self.device_ids=[0]
[SpatialTerm] Not using DataParallel
[SpatialPatchesHandler (32)] spatial stride: 16
[SpatialPatchesHandler (32)] spatial patch_size: 32
i=8 params={'type': 'spatial', 'name': 'p32_s4', 'repeat': 1, 'patch_size': 32, 'stride': 16, 'dilation': 1, 'temporal_length': None, 'temporal_dilation': 1, 'temporal_stride': 1, 'dim_samples': 't l', 'dim_prefeatures': 'h w', 'groups': 1, 'mode_ab': 'left', 'grad_params': True, 'use_dataparallel': False, 'batch_size': None, 'low_memory_mode': False, 'symmetry': 4, 'params_pipeline': [{'type': 'linear', 'patch_wise': '${model.patch_wise}', 'size_in': 4096, 'size_out': 64, 'learnable': '${model.learnable_proj}', 'is_identity': False}]}
params={'name': 'p32_s4', 'repeat': 1, 'patch_size': 32, 'stride': 16, 'dilation': 1, 'temporal_length': None, 'temporal_dilation': 1, 'temporal_stride': 1, 'dim_samples': 't l', 'dim_prefeatures': 'h w', 'groups': 1, 'mode_ab': 'left', 'grad_params': True, 'use_dataparallel': False, 'batch_size': None, 'low_memory_mode': False, 'symmetry': 4, 'params_pipeline': [{'type': 'linear', 'patch_wise': '${model.patch_wise}', 'size_in': 4096, 'size_out': 64, 'learnable': '${model.learnable_proj}', 'is_identity': False}]}
[SpatialTerm] self.name='p32_s4'
[SpatialTerm] self.use_dataparallel=False
[SpatialTerm] self.dilation=1
[SpatialTerm] self.denoise_mean=False
[SpatialTerm] self.stat_model='gaussian'
[SpatialTerm] self.bsp=225
[SpatialTerm] self.symmetry=4
[LinearFeatures] self.learnable=True
[FeaturesPipeline] self.transforms=ModuleList(
  (0): LinearFeatures()
)
[Engine] self.batch_size=None
[Engine] self.low_memory_mode=False
[Engine] self.grad_params=True
[Engine] self.low_memory_mode=False
[SpatialTerm] self.device_ids=[0]
[SpatialTerm] Not using DataParallel
[SpatialPatchesHandler (32)] spatial stride: 16
[SpatialPatchesHandler (32)] spatial patch_size: 32
i=9 params={'type': 'spatial', 'name': 'p64_s1', 'repeat': 1, 'patch_size': 64, 'stride': 32, 'dilation': 1, 'temporal_length': None, 'temporal_dilation': 1, 'temporal_stride': 1, 'dim_samples': 't l', 'dim_prefeatures': 'h w', 'groups': 1, 'mode_ab': 'left', 'grad_params': True, 'use_dataparallel': False, 'batch_size': None, 'low_memory_mode': False, 'symmetry': 1, 'params_pipeline': [{'type': 'linear', 'patch_wise': '${model.patch_wise}', 'size_in': 4096, 'size_out': 64, 'learnable': '${model.learnable_proj}', 'is_identity': False}]}
params={'name': 'p64_s1', 'repeat': 1, 'patch_size': 64, 'stride': 32, 'dilation': 1, 'temporal_length': None, 'temporal_dilation': 1, 'temporal_stride': 1, 'dim_samples': 't l', 'dim_prefeatures': 'h w', 'groups': 1, 'mode_ab': 'left', 'grad_params': True, 'use_dataparallel': False, 'batch_size': None, 'low_memory_mode': False, 'symmetry': 1, 'params_pipeline': [{'type': 'linear', 'patch_wise': '${model.patch_wise}', 'size_in': 4096, 'size_out': 64, 'learnable': '${model.learnable_proj}', 'is_identity': False}]}
[SpatialTerm] self.name='p64_s1'
[SpatialTerm] self.use_dataparallel=False
[SpatialTerm] self.dilation=1
[SpatialTerm] self.denoise_mean=False
[SpatialTerm] self.stat_model='gaussian'
[SpatialTerm] self.bsp=49
[SpatialTerm] self.symmetry=1
[LinearFeatures] self.learnable=True
[FeaturesPipeline] self.transforms=ModuleList(
  (0): LinearFeatures()
)
[Engine] self.batch_size=None
[Engine] self.low_memory_mode=False
[Engine] self.grad_params=True
[Engine] self.low_memory_mode=False
[SpatialTerm] self.device_ids=[0]
[SpatialTerm] Not using DataParallel
[SpatialPatchesHandler (64)] spatial stride: 32
[SpatialPatchesHandler (64)] spatial patch_size: 64
i=10 params={'type': 'spatial', 'name': 'p64_s2', 'repeat': 1, 'patch_size': 64, 'stride': 32, 'dilation': 1, 'temporal_length': None, 'temporal_dilation': 1, 'temporal_stride': 1, 'dim_samples': 't l', 'dim_prefeatures': 'h w', 'groups': 1, 'mode_ab': 'left', 'grad_params': True, 'use_dataparallel': False, 'batch_size': None, 'low_memory_mode': False, 'symmetry': 2, 'params_pipeline': [{'type': 'linear', 'patch_wise': '${model.patch_wise}', 'size_in': 8192, 'size_out': 64, 'learnable': '${model.learnable_proj}', 'is_identity': False}]}
params={'name': 'p64_s2', 'repeat': 1, 'patch_size': 64, 'stride': 32, 'dilation': 1, 'temporal_length': None, 'temporal_dilation': 1, 'temporal_stride': 1, 'dim_samples': 't l', 'dim_prefeatures': 'h w', 'groups': 1, 'mode_ab': 'left', 'grad_params': True, 'use_dataparallel': False, 'batch_size': None, 'low_memory_mode': False, 'symmetry': 2, 'params_pipeline': [{'type': 'linear', 'patch_wise': '${model.patch_wise}', 'size_in': 8192, 'size_out': 64, 'learnable': '${model.learnable_proj}', 'is_identity': False}]}
[SpatialTerm] self.name='p64_s2'
[SpatialTerm] self.use_dataparallel=False
[SpatialTerm] self.dilation=1
[SpatialTerm] self.denoise_mean=False
[SpatialTerm] self.stat_model='gaussian'
[SpatialTerm] self.bsp=49
[SpatialTerm] self.symmetry=2
[LinearFeatures] self.learnable=True
[FeaturesPipeline] self.transforms=ModuleList(
  (0): LinearFeatures()
)
[Engine] self.batch_size=None
[Engine] self.low_memory_mode=False
[Engine] self.grad_params=True
[Engine] self.low_memory_mode=False
[SpatialTerm] self.device_ids=[0]
[SpatialTerm] Not using DataParallel
[SpatialPatchesHandler (64)] spatial stride: 32
[SpatialPatchesHandler (64)] spatial patch_size: 64
i=11 params={'type': 'spatial', 'name': 'p64_s2', 'repeat': 1, 'patch_size': 64, 'stride': 32, 'dilation': 1, 'temporal_length': None, 'temporal_dilation': 1, 'temporal_stride': 1, 'dim_samples': 't l', 'dim_prefeatures': 'h w', 'groups': 1, 'mode_ab': 'left', 'grad_params': True, 'use_dataparallel': False, 'batch_size': None, 'low_memory_mode': False, 'symmetry': 4, 'params_pipeline': [{'type': 'linear', 'patch_wise': '${model.patch_wise}', 'size_in': 16384, 'size_out': 64, 'learnable': '${model.learnable_proj}', 'is_identity': False}]}
params={'name': 'p64_s2', 'repeat': 1, 'patch_size': 64, 'stride': 32, 'dilation': 1, 'temporal_length': None, 'temporal_dilation': 1, 'temporal_stride': 1, 'dim_samples': 't l', 'dim_prefeatures': 'h w', 'groups': 1, 'mode_ab': 'left', 'grad_params': True, 'use_dataparallel': False, 'batch_size': None, 'low_memory_mode': False, 'symmetry': 4, 'params_pipeline': [{'type': 'linear', 'patch_wise': '${model.patch_wise}', 'size_in': 16384, 'size_out': 64, 'learnable': '${model.learnable_proj}', 'is_identity': False}]}
[SpatialTerm] self.name='p64_s2'
[SpatialTerm] self.use_dataparallel=False
[SpatialTerm] self.dilation=1
[SpatialTerm] self.denoise_mean=False
[SpatialTerm] self.stat_model='gaussian'
[SpatialTerm] self.bsp=49
[SpatialTerm] self.symmetry=4
[LinearFeatures] self.learnable=True
[FeaturesPipeline] self.transforms=ModuleList(
  (0): LinearFeatures()
)
[Engine] self.batch_size=None
[Engine] self.low_memory_mode=False
[Engine] self.grad_params=True
[Engine] self.low_memory_mode=False
[SpatialTerm] self.device_ids=[0]
[SpatialTerm] Not using DataParallel
[SpatialPatchesHandler (64)] spatial stride: 32
[SpatialPatchesHandler (64)] spatial patch_size: 64
[ExoMILD] self.G_tot=12
all_terms=[SpatialTerm(
  (engine): EngineSpatial(
    (features_pipeline): FeaturesPipeline(
      (transforms): ModuleList(
        (0): LinearFeatures()
      )
    )
    (psf_sampler_shift): BatchPSFSampler()
    (psf_sampler_center): BatchPSFSampler()
  )
  (patch_formatter): PatchFormatter()
  (wavelength_aligner): WavelengthAligner()
), SpatialTerm(
  (engine): EngineSpatial(
    (features_pipeline): FeaturesPipeline(
      (transforms): ModuleList(
        (0): LinearFeatures()
      )
    )
    (psf_sampler_shift): BatchPSFSampler()
    (psf_sampler_center): BatchPSFSampler()
  )
  (patch_formatter): PatchFormatter()
  (wavelength_aligner): WavelengthAligner()
), SpatialTerm(
  (engine): EngineSpatial(
    (features_pipeline): FeaturesPipeline(
      (transforms): ModuleList(
        (0): LinearFeatures()
      )
    )
    (psf_sampler_shift): BatchPSFSampler()
    (psf_sampler_center): BatchPSFSampler()
  )
  (patch_formatter): PatchFormatter()
  (wavelength_aligner): WavelengthAligner()
), SpatialTerm(
  (engine): EngineSpatial(
    (features_pipeline): FeaturesPipeline(
      (transforms): ModuleList(
        (0): LinearFeatures()
      )
    )
    (psf_sampler_shift): BatchPSFSampler()
    (psf_sampler_center): BatchPSFSampler()
  )
  (patch_formatter): PatchFormatter()
  (wavelength_aligner): WavelengthAligner()
), SpatialTerm(
  (engine): EngineSpatial(
    (features_pipeline): FeaturesPipeline(
      (transforms): ModuleList(
        (0): LinearFeatures()
      )
    )
    (psf_sampler_shift): BatchPSFSampler()
    (psf_sampler_center): BatchPSFSampler()
  )
  (patch_formatter): PatchFormatter()
  (wavelength_aligner): WavelengthAligner()
), SpatialTerm(
  (engine): EngineSpatial(
    (features_pipeline): FeaturesPipeline(
      (transforms): ModuleList(
        (0): LinearFeatures()
      )
    )
    (psf_sampler_shift): BatchPSFSampler()
    (psf_sampler_center): BatchPSFSampler()
  )
  (patch_formatter): PatchFormatter()
  (wavelength_aligner): WavelengthAligner()
), SpatialTerm(
  (engine): EngineSpatial(
    (features_pipeline): FeaturesPipeline(
      (transforms): ModuleList(
        (0): LinearFeatures()
      )
    )
    (psf_sampler_shift): BatchPSFSampler()
    (psf_sampler_center): BatchPSFSampler()
  )
  (patch_formatter): PatchFormatter()
  (wavelength_aligner): WavelengthAligner()
), SpatialTerm(
  (engine): EngineSpatial(
    (features_pipeline): FeaturesPipeline(
      (transforms): ModuleList(
        (0): LinearFeatures()
      )
    )
    (psf_sampler_shift): BatchPSFSampler()
    (psf_sampler_center): BatchPSFSampler()
  )
  (patch_formatter): PatchFormatter()
  (wavelength_aligner): WavelengthAligner()
), SpatialTerm(
  (engine): EngineSpatial(
    (features_pipeline): FeaturesPipeline(
      (transforms): ModuleList(
        (0): LinearFeatures()
      )
    )
    (psf_sampler_shift): BatchPSFSampler()
    (psf_sampler_center): BatchPSFSampler()
  )
  (patch_formatter): PatchFormatter()
  (wavelength_aligner): WavelengthAligner()
), SpatialTerm(
  (engine): EngineSpatial(
    (features_pipeline): FeaturesPipeline(
      (transforms): ModuleList(
        (0): LinearFeatures()
      )
    )
    (psf_sampler_shift): BatchPSFSampler()
    (psf_sampler_center): BatchPSFSampler()
  )
  (patch_formatter): PatchFormatter()
  (wavelength_aligner): WavelengthAligner()
), SpatialTerm(
  (engine): EngineSpatial(
    (features_pipeline): FeaturesPipeline(
      (transforms): ModuleList(
        (0): LinearFeatures()
      )
    )
    (psf_sampler_shift): BatchPSFSampler()
    (psf_sampler_center): BatchPSFSampler()
  )
  (patch_formatter): PatchFormatter()
  (wavelength_aligner): WavelengthAligner()
), SpatialTerm(
  (engine): EngineSpatial(
    (features_pipeline): FeaturesPipeline(
      (transforms): ModuleList(
        (0): LinearFeatures()
      )
    )
    (psf_sampler_shift): BatchPSFSampler()
    (psf_sampler_center): BatchPSFSampler()
  )
  (patch_formatter): PatchFormatter()
  (wavelength_aligner): WavelengthAligner()
)]
[ExoMILD] self.learnable_weights=True
[ExoMILD] self.pixel_wise_weights=True
[ExoMILD] self.use_local_max=False
[ExoMILD] self.n_sources_max=16
[ExoMILD] self.iterative=False
[ExoMILD] self.oracle=False
[Filter] self.is_residual=False
[Filter] self.gate_type='unet_normal'
[U-Net] self.skip_norm=False
[UNet] False
[ExoMILD] linalg_library='cusolver'
[ExoMILD] self.grad_iterative=True
[ExoMILD] self.grad_astrometry=False
N params model: 3.783 M
ExoMILD(
  (all_terms): ModuleList(
    (0-11): 12 x SpatialTerm(
      (engine): EngineSpatial(
        (features_pipeline): FeaturesPipeline(
          (transforms): ModuleList(
            (0): LinearFeatures()
          )
        )
        (psf_sampler_shift): BatchPSFSampler()
        (psf_sampler_center): BatchPSFSampler()
      )
      (patch_formatter): PatchFormatter()
      (wavelength_aligner): WavelengthAligner()
    )
  )
  (filter): Filter(
    (psf_sampler_center): BatchPSFSampler()
    (unet): UNet(
      (image_proj): Conv2d(2, 16, kernel_size=(3, 3), stride=(1, 1), padding=(1, 1))
      (time_emb): TimeEmbedding(
        (lin1): Linear(in_features=16, out_features=64, bias=True)
        (act): Swish()
        (lin2): Linear(in_features=64, out_features=64, bias=True)
      )
      (down): ModuleList(
        (0): DownBlock(
          (res): ResidualBlock(
            (norm1): GroupNorm(16, 16, eps=1e-05, affine=True)
            (norm2): GroupNorm(16, 16, eps=1e-05, affine=True)
            (act1): Swish()
            (conv1): Conv2d(16, 16, kernel_size=(3, 3), stride=(1, 1), padding=(1, 1))
            (act2): Swish()
            (conv2): Conv2d(16, 16, kernel_size=(3, 3), stride=(1, 1), padding=(1, 1))
            (shortcut): Identity()
            (time_emb): Linear(in_features=64, out_features=16, bias=True)
            (time_act): Swish()
            (dropout): Dropout(p=0.1, inplace=False)
          )
          (attn): Identity()
        )
        (1): Downsample(
          (conv): Conv2d(16, 16, kernel_size=(3, 3), stride=(2, 2), padding=(1, 1))
        )
        (2): DownBlock(
          (res): ResidualBlock(
            (norm1): GroupNorm(16, 16, eps=1e-05, affine=True)
            (norm2): GroupNorm(16, 32, eps=1e-05, affine=True)
            (act1): Swish()
            (conv1): Conv2d(16, 32, kernel_size=(3, 3), stride=(1, 1), padding=(1, 1))
            (act2): Swish()
            (conv2): Conv2d(32, 32, kernel_size=(3, 3), stride=(1, 1), padding=(1, 1))
            (shortcut): Conv2d(16, 32, kernel_size=(1, 1), stride=(1, 1))
            (time_emb): Linear(in_features=64, out_features=32, bias=True)
            (time_act): Swish()
            (dropout): Dropout(p=0.1, inplace=False)
          )
          (attn): Identity()
        )
        (3): Downsample(
          (conv): Conv2d(32, 32, kernel_size=(3, 3), stride=(2, 2), padding=(1, 1))
        )
        (4): DownBlock(
          (res): ResidualBlock(
            (norm1): GroupNorm(16, 32, eps=1e-05, affine=True)
            (norm2): GroupNorm(16, 64, eps=1e-05, affine=True)
            (act1): Swish()
            (conv1): Conv2d(32, 64, kernel_size=(3, 3), stride=(1, 1), padding=(1, 1))
            (act2): Swish()
            (conv2): Conv2d(64, 64, kernel_size=(3, 3), stride=(1, 1), padding=(1, 1))
            (shortcut): Conv2d(32, 64, kernel_size=(1, 1), stride=(1, 1))
            (time_emb): Linear(in_features=64, out_features=64, bias=True)
            (time_act): Swish()
            (dropout): Dropout(p=0.1, inplace=False)
          )
          (attn): AttentionBlock(
            (norm): GroupNorm(16, 64, eps=1e-05, affine=True)
            (projection): Linear(in_features=64, out_features=192, bias=True)
            (output): Linear(in_features=64, out_features=64, bias=True)
          )
        )
      )
      (middle): MiddleBlock(
        (res1): ResidualBlock(
          (norm1): GroupNorm(16, 64, eps=1e-05, affine=True)
          (norm2): GroupNorm(16, 64, eps=1e-05, affine=True)
          (act1): Swish()
          (conv1): Conv2d(64, 64, kernel_size=(3, 3), stride=(1, 1), padding=(1, 1))
          (act2): Swish()
          (conv2): Conv2d(64, 64, kernel_size=(3, 3), stride=(1, 1), padding=(1, 1))
          (shortcut): Identity()
          (time_emb): Linear(in_features=64, out_features=64, bias=True)
          (time_act): Swish()
          (dropout): Dropout(p=0.1, inplace=False)
        )
        (attn): AttentionBlock(
          (norm): GroupNorm(16, 64, eps=1e-05, affine=True)
          (projection): Linear(in_features=64, out_features=192, bias=True)
          (output): Linear(in_features=64, out_features=64, bias=True)
        )
        (res2): ResidualBlock(
          (norm1): GroupNorm(16, 64, eps=1e-05, affine=True)
          (norm2): GroupNorm(16, 64, eps=1e-05, affine=True)
          (act1): Swish()
          (conv1): Conv2d(64, 64, kernel_size=(3, 3), stride=(1, 1), padding=(1, 1))
          (act2): Swish()
          (conv2): Conv2d(64, 64, kernel_size=(3, 3), stride=(1, 1), padding=(1, 1))
          (shortcut): Identity()
          (time_emb): Linear(in_features=64, out_features=64, bias=True)
          (time_act): Swish()
          (dropout): Dropout(p=0.1, inplace=False)
        )
      )
      (up): ModuleList(
        (0): UpBlock(
          (res): ResidualBlock(
            (norm1): GroupNorm(16, 128, eps=1e-05, affine=True)
            (norm2): GroupNorm(16, 64, eps=1e-05, affine=True)
            (act1): Swish()
            (conv1): Conv2d(128, 64, kernel_size=(3, 3), stride=(1, 1), padding=(1, 1))
            (act2): Swish()
            (conv2): Conv2d(64, 64, kernel_size=(3, 3), stride=(1, 1), padding=(1, 1))
            (shortcut): Conv2d(128, 64, kernel_size=(1, 1), stride=(1, 1))
            (time_emb): Linear(in_features=64, out_features=64, bias=True)
            (time_act): Swish()
            (dropout): Dropout(p=0.1, inplace=False)
          )
          (attn): AttentionBlock(
            (norm): GroupNorm(16, 64, eps=1e-05, affine=True)
            (projection): Linear(in_features=64, out_features=192, bias=True)
            (output): Linear(in_features=64, out_features=64, bias=True)
          )
        )
        (1): UpBlock(
          (res): ResidualBlock(
            (norm1): GroupNorm(16, 96, eps=1e-05, affine=True)
            (norm2): GroupNorm(16, 32, eps=1e-05, affine=True)
            (act1): Swish()
            (conv1): Conv2d(96, 32, kernel_size=(3, 3), stride=(1, 1), padding=(1, 1))
            (act2): Swish()
            (conv2): Conv2d(32, 32, kernel_size=(3, 3), stride=(1, 1), padding=(1, 1))
            (shortcut): Conv2d(96, 32, kernel_size=(1, 1), stride=(1, 1))
            (time_emb): Linear(in_features=64, out_features=32, bias=True)
            (time_act): Swish()
            (dropout): Dropout(p=0.1, inplace=False)
          )
          (attn): AttentionBlock(
            (norm): GroupNorm(16, 32, eps=1e-05, affine=True)
            (projection): Linear(in_features=32, out_features=96, bias=True)
            (output): Linear(in_features=32, out_features=32, bias=True)
          )
        )
        (2): Upsample(
          (conv): ConvTranspose2d(32, 32, kernel_size=(4, 4), stride=(2, 2), padding=(1, 1))
        )
        (3): UpBlock(
          (res): ResidualBlock(
            (norm1): GroupNorm(16, 64, eps=1e-05, affine=True)
            (norm2): GroupNorm(16, 32, eps=1e-05, affine=True)
            (act1): Swish()
            (conv1): Conv2d(64, 32, kernel_size=(3, 3), stride=(1, 1), padding=(1, 1))
            (act2): Swish()
            (conv2): Conv2d(32, 32, kernel_size=(3, 3), stride=(1, 1), padding=(1, 1))
            (shortcut): Conv2d(64, 32, kernel_size=(1, 1), stride=(1, 1))
            (time_emb): Linear(in_features=64, out_features=32, bias=True)
            (time_act): Swish()
            (dropout): Dropout(p=0.1, inplace=False)
          )
          (attn): Identity()
        )
        (4): UpBlock(
          (res): ResidualBlock(
            (norm1): GroupNorm(16, 48, eps=1e-05, affine=True)
            (norm2): GroupNorm(16, 16, eps=1e-05, affine=True)
            (act1): Swish()
            (conv1): Conv2d(48, 16, kernel_size=(3, 3), stride=(1, 1), padding=(1, 1))
            (act2): Swish()
            (conv2): Conv2d(16, 16, kernel_size=(3, 3), stride=(1, 1), padding=(1, 1))
            (shortcut): Conv2d(48, 16, kernel_size=(1, 1), stride=(1, 1))
            (time_emb): Linear(in_features=64, out_features=16, bias=True)
            (time_act): Swish()
            (dropout): Dropout(p=0.1, inplace=False)
          )
          (attn): Identity()
        )
        (5): Upsample(
          (conv): ConvTranspose2d(16, 16, kernel_size=(4, 4), stride=(2, 2), padding=(1, 1))
        )
        (6-7): 2 x UpBlock(
          (res): ResidualBlock(
            (norm1): GroupNorm(16, 32, eps=1e-05, affine=True)
            (norm2): GroupNorm(16, 16, eps=1e-05, affine=True)
            (act1): Swish()
            (conv1): Conv2d(32, 16, kernel_size=(3, 3), stride=(1, 1), padding=(1, 1))
            (act2): Swish()
            (conv2): Conv2d(16, 16, kernel_size=(3, 3), stride=(1, 1), padding=(1, 1))
            (shortcut): Conv2d(32, 16, kernel_size=(1, 1), stride=(1, 1))
            (time_emb): Linear(in_features=64, out_features=16, bias=True)
            (time_act): Swish()
            (dropout): Dropout(p=0.1, inplace=False)
          )
          (attn): Identity()
        )
      )
      (norm): GroupNorm(8, 16, eps=1e-05, affine=True)
      (act): Swish()
      (final): Conv2d(16, 2, kernel_size=(3, 3), stride=(1, 1), padding=(1, 1))
    )
  )
  (psf_sampler_center): BatchPSFSampler()
  (injector): Injector(
    (psf_sampler_shift): BatchPSFSampler()
  )
  (local_masker): LocalMasker()
)
[ExoMILD] self.use_modelco_loss=False
i=0 params={'type': 'spatial', 'name': 'p8_s1', 'repeat': 1, 'patch_size': 8, 'stride': 4, 'dilation': 1, 'temporal_length': None, 'temporal_dilation': 1, 'temporal_stride': 1, 'dim_samples': 't l', 'dim_prefeatures': 'h w', 'denoise_mean': False, 'groups': 1, 'mode_ab': 'left', 'grad_params': True, 'use_dataparallel': False, 'batch_size': None, 'low_memory_mode': False, 'symmetry': 1, 'params_pipeline': [{'type': 'linear', 'patch_wise': '${model.patch_wise}', 'size_in': 64, 'size_out': 64, 'learnable': '${model.learnable_proj}', 'is_identity': False}]}
params={'name': 'p8_s1', 'repeat': 1, 'patch_size': 8, 'stride': 4, 'dilation': 1, 'temporal_length': None, 'temporal_dilation': 1, 'temporal_stride': 1, 'dim_samples': 't l', 'dim_prefeatures': 'h w', 'denoise_mean': False, 'groups': 1, 'mode_ab': 'left', 'grad_params': True, 'use_dataparallel': False, 'batch_size': None, 'low_memory_mode': False, 'symmetry': 1, 'params_pipeline': [{'type': 'linear', 'patch_wise': '${model.patch_wise}', 'size_in': 64, 'size_out': 64, 'learnable': '${model.learnable_proj}', 'is_identity': False}]}
[SpatialTerm] self.name='p8_s1'
[SpatialTerm] self.use_dataparallel=False
[SpatialTerm] self.dilation=1
[SpatialTerm] self.denoise_mean=False
[SpatialTerm] self.stat_model='gaussian'
[SpatialTerm] self.bsp=3969
[SpatialTerm] self.symmetry=1
[LinearFeatures] self.learnable=True
[FeaturesPipeline] self.transforms=ModuleList(
  (0): LinearFeatures()
)
[Engine] self.batch_size=None
[Engine] self.low_memory_mode=False
[Engine] self.grad_params=True
[Engine] self.low_memory_mode=False
[SpatialTerm] self.device_ids=[0]
[SpatialTerm] Not using DataParallel
[SpatialPatchesHandler (8)] spatial stride: 4
[SpatialPatchesHandler (8)] spatial patch_size: 8
i=1 params={'type': 'spatial', 'name': 'p8_s2', 'repeat': 1, 'patch_size': 8, 'stride': 4, 'dilation': 1, 'temporal_length': None, 'temporal_dilation': 1, 'temporal_stride': 1, 'dim_samples': 't l', 'dim_prefeatures': 'h w', 'groups': 1, 'mode_ab': 'left', 'grad_params': True, 'use_dataparallel': False, 'batch_size': None, 'low_memory_mode': False, 'symmetry': 2, 'params_pipeline': [{'type': 'linear', 'patch_wise': '${model.patch_wise}', 'size_in': 128, 'size_out': 64, 'learnable': '${model.learnable_proj}', 'is_identity': False}]}
params={'name': 'p8_s2', 'repeat': 1, 'patch_size': 8, 'stride': 4, 'dilation': 1, 'temporal_length': None, 'temporal_dilation': 1, 'temporal_stride': 1, 'dim_samples': 't l', 'dim_prefeatures': 'h w', 'groups': 1, 'mode_ab': 'left', 'grad_params': True, 'use_dataparallel': False, 'batch_size': None, 'low_memory_mode': False, 'symmetry': 2, 'params_pipeline': [{'type': 'linear', 'patch_wise': '${model.patch_wise}', 'size_in': 128, 'size_out': 64, 'learnable': '${model.learnable_proj}', 'is_identity': False}]}
[SpatialTerm] self.name='p8_s2'
[SpatialTerm] self.use_dataparallel=False
[SpatialTerm] self.dilation=1
[SpatialTerm] self.denoise_mean=False
[SpatialTerm] self.stat_model='gaussian'
[SpatialTerm] self.bsp=3969
[SpatialTerm] self.symmetry=2
[LinearFeatures] self.learnable=True
[FeaturesPipeline] self.transforms=ModuleList(
  (0): LinearFeatures()
)
[Engine] self.batch_size=None
[Engine] self.low_memory_mode=False
[Engine] self.grad_params=True
[Engine] self.low_memory_mode=False
[SpatialTerm] self.device_ids=[0]
[SpatialTerm] Not using DataParallel
[SpatialPatchesHandler (8)] spatial stride: 4
[SpatialPatchesHandler (8)] spatial patch_size: 8
i=2 params={'type': 'spatial', 'name': 'p8_s4', 'repeat': 1, 'patch_size': 8, 'stride': 4, 'dilation': 1, 'temporal_length': None, 'temporal_dilation': 1, 'temporal_stride': 1, 'dim_samples': 't l', 'dim_prefeatures': 'h w', 'groups': 1, 'mode_ab': 'left', 'grad_params': True, 'use_dataparallel': False, 'batch_size': None, 'low_memory_mode': False, 'symmetry': 4, 'params_pipeline': [{'type': 'linear', 'patch_wise': '${model.patch_wise}', 'size_in': 256, 'size_out': 64, 'learnable': '${model.learnable_proj}', 'is_identity': False}]}
params={'name': 'p8_s4', 'repeat': 1, 'patch_size': 8, 'stride': 4, 'dilation': 1, 'temporal_length': None, 'temporal_dilation': 1, 'temporal_stride': 1, 'dim_samples': 't l', 'dim_prefeatures': 'h w', 'groups': 1, 'mode_ab': 'left', 'grad_params': True, 'use_dataparallel': False, 'batch_size': None, 'low_memory_mode': False, 'symmetry': 4, 'params_pipeline': [{'type': 'linear', 'patch_wise': '${model.patch_wise}', 'size_in': 256, 'size_out': 64, 'learnable': '${model.learnable_proj}', 'is_identity': False}]}
[SpatialTerm] self.name='p8_s4'
[SpatialTerm] self.use_dataparallel=False
[SpatialTerm] self.dilation=1
[SpatialTerm] self.denoise_mean=False
[SpatialTerm] self.stat_model='gaussian'
[SpatialTerm] self.bsp=3969
[SpatialTerm] self.symmetry=4
[LinearFeatures] self.learnable=True
[FeaturesPipeline] self.transforms=ModuleList(
  (0): LinearFeatures()
)
[Engine] self.batch_size=None
[Engine] self.low_memory_mode=False
[Engine] self.grad_params=True
[Engine] self.low_memory_mode=False
[SpatialTerm] self.device_ids=[0]
[SpatialTerm] Not using DataParallel
[SpatialPatchesHandler (8)] spatial stride: 4
[SpatialPatchesHandler (8)] spatial patch_size: 8
i=3 params={'type': 'spatial', 'name': 'p16_s1', 'repeat': 1, 'patch_size': 16, 'stride': 8, 'dilation': 1, 'temporal_length': None, 'temporal_dilation': 1, 'temporal_stride': 1, 'dim_samples': 't l', 'dim_prefeatures': 'h w', 'groups': 1, 'mode_ab': 'left', 'grad_params': True, 'use_dataparallel': False, 'batch_size': None, 'low_memory_mode': False, 'symmetry': 1, 'params_pipeline': [{'type': 'linear', 'patch_wise': '${model.patch_wise}', 'size_in': 256, 'size_out': 64, 'learnable': '${model.learnable_proj}', 'is_identity': False}]}
params={'name': 'p16_s1', 'repeat': 1, 'patch_size': 16, 'stride': 8, 'dilation': 1, 'temporal_length': None, 'temporal_dilation': 1, 'temporal_stride': 1, 'dim_samples': 't l', 'dim_prefeatures': 'h w', 'groups': 1, 'mode_ab': 'left', 'grad_params': True, 'use_dataparallel': False, 'batch_size': None, 'low_memory_mode': False, 'symmetry': 1, 'params_pipeline': [{'type': 'linear', 'patch_wise': '${model.patch_wise}', 'size_in': 256, 'size_out': 64, 'learnable': '${model.learnable_proj}', 'is_identity': False}]}
[SpatialTerm] self.name='p16_s1'
[SpatialTerm] self.use_dataparallel=False
[SpatialTerm] self.dilation=1
[SpatialTerm] self.denoise_mean=False
[SpatialTerm] self.stat_model='gaussian'
[SpatialTerm] self.bsp=961
[SpatialTerm] self.symmetry=1
[LinearFeatures] self.learnable=True
[FeaturesPipeline] self.transforms=ModuleList(
  (0): LinearFeatures()
)
[Engine] self.batch_size=None
[Engine] self.low_memory_mode=False
[Engine] self.grad_params=True
[Engine] self.low_memory_mode=False
[SpatialTerm] self.device_ids=[0]
[SpatialTerm] Not using DataParallel
[SpatialPatchesHandler (16)] spatial stride: 8
[SpatialPatchesHandler (16)] spatial patch_size: 16
i=4 params={'type': 'spatial', 'name': 'p16_s2', 'repeat': 1, 'patch_size': 16, 'stride': 8, 'dilation': 1, 'temporal_length': None, 'temporal_dilation': 1, 'temporal_stride': 1, 'dim_samples': 't l', 'dim_prefeatures': 'h w', 'groups': 1, 'mode_ab': 'left', 'grad_params': True, 'use_dataparallel': False, 'batch_size': None, 'low_memory_mode': False, 'symmetry': 2, 'params_pipeline': [{'type': 'linear', 'patch_wise': '${model.patch_wise}', 'size_in': 512, 'size_out': 64, 'learnable': '${model.learnable_proj}', 'is_identity': False}]}
params={'name': 'p16_s2', 'repeat': 1, 'patch_size': 16, 'stride': 8, 'dilation': 1, 'temporal_length': None, 'temporal_dilation': 1, 'temporal_stride': 1, 'dim_samples': 't l', 'dim_prefeatures': 'h w', 'groups': 1, 'mode_ab': 'left', 'grad_params': True, 'use_dataparallel': False, 'batch_size': None, 'low_memory_mode': False, 'symmetry': 2, 'params_pipeline': [{'type': 'linear', 'patch_wise': '${model.patch_wise}', 'size_in': 512, 'size_out': 64, 'learnable': '${model.learnable_proj}', 'is_identity': False}]}
[SpatialTerm] self.name='p16_s2'
[SpatialTerm] self.use_dataparallel=False
[SpatialTerm] self.dilation=1
[SpatialTerm] self.denoise_mean=False
[SpatialTerm] self.stat_model='gaussian'
[SpatialTerm] self.bsp=961
[SpatialTerm] self.symmetry=2
[LinearFeatures] self.learnable=True
[FeaturesPipeline] self.transforms=ModuleList(
  (0): LinearFeatures()
)
[Engine] self.batch_size=None
[Engine] self.low_memory_mode=False
[Engine] self.grad_params=True
[Engine] self.low_memory_mode=False
[SpatialTerm] self.device_ids=[0]
[SpatialTerm] Not using DataParallel
[SpatialPatchesHandler (16)] spatial stride: 8
[SpatialPatchesHandler (16)] spatial patch_size: 16
i=5 params={'type': 'spatial', 'name': 'p16_s4', 'repeat': 1, 'patch_size': 16, 'stride': 8, 'dilation': 1, 'temporal_length': None, 'temporal_dilation': 1, 'temporal_stride': 1, 'dim_samples': 't l', 'dim_prefeatures': 'h w', 'groups': 1, 'mode_ab': 'left', 'grad_params': True, 'use_dataparallel': False, 'batch_size': None, 'low_memory_mode': False, 'symmetry': 4, 'params_pipeline': [{'type': 'linear', 'patch_wise': '${model.patch_wise}', 'size_in': 1024, 'size_out': 64, 'learnable': '${model.learnable_proj}', 'is_identity': False}]}
params={'name': 'p16_s4', 'repeat': 1, 'patch_size': 16, 'stride': 8, 'dilation': 1, 'temporal_length': None, 'temporal_dilation': 1, 'temporal_stride': 1, 'dim_samples': 't l', 'dim_prefeatures': 'h w', 'groups': 1, 'mode_ab': 'left', 'grad_params': True, 'use_dataparallel': False, 'batch_size': None, 'low_memory_mode': False, 'symmetry': 4, 'params_pipeline': [{'type': 'linear', 'patch_wise': '${model.patch_wise}', 'size_in': 1024, 'size_out': 64, 'learnable': '${model.learnable_proj}', 'is_identity': False}]}
[SpatialTerm] self.name='p16_s4'
[SpatialTerm] self.use_dataparallel=False
[SpatialTerm] self.dilation=1
[SpatialTerm] self.denoise_mean=False
[SpatialTerm] self.stat_model='gaussian'
[SpatialTerm] self.bsp=961
[SpatialTerm] self.symmetry=4
[LinearFeatures] self.learnable=True
[FeaturesPipeline] self.transforms=ModuleList(
  (0): LinearFeatures()
)
[Engine] self.batch_size=None
[Engine] self.low_memory_mode=False
[Engine] self.grad_params=True
[Engine] self.low_memory_mode=False
[SpatialTerm] self.device_ids=[0]
[SpatialTerm] Not using DataParallel
[SpatialPatchesHandler (16)] spatial stride: 8
[SpatialPatchesHandler (16)] spatial patch_size: 16
i=6 params={'type': 'spatial', 'name': 'p32_s1', 'repeat': 1, 'patch_size': 32, 'stride': 16, 'dilation': 1, 'temporal_length': None, 'temporal_dilation': 1, 'temporal_stride': 1, 'dim_samples': 't l', 'dim_prefeatures': 'h w', 'groups': 1, 'mode_ab': 'left', 'grad_params': True, 'use_dataparallel': False, 'batch_size': None, 'low_memory_mode': False, 'symmetry': 1, 'params_pipeline': [{'type': 'linear', 'patch_wise': '${model.patch_wise}', 'size_in': 1024, 'size_out': 64, 'learnable': '${model.learnable_proj}', 'is_identity': False}]}
params={'name': 'p32_s1', 'repeat': 1, 'patch_size': 32, 'stride': 16, 'dilation': 1, 'temporal_length': None, 'temporal_dilation': 1, 'temporal_stride': 1, 'dim_samples': 't l', 'dim_prefeatures': 'h w', 'groups': 1, 'mode_ab': 'left', 'grad_params': True, 'use_dataparallel': False, 'batch_size': None, 'low_memory_mode': False, 'symmetry': 1, 'params_pipeline': [{'type': 'linear', 'patch_wise': '${model.patch_wise}', 'size_in': 1024, 'size_out': 64, 'learnable': '${model.learnable_proj}', 'is_identity': False}]}
[SpatialTerm] self.name='p32_s1'
[SpatialTerm] self.use_dataparallel=False
[SpatialTerm] self.dilation=1
[SpatialTerm] self.denoise_mean=False
[SpatialTerm] self.stat_model='gaussian'
[SpatialTerm] self.bsp=225
[SpatialTerm] self.symmetry=1
[LinearFeatures] self.learnable=True
[FeaturesPipeline] self.transforms=ModuleList(
  (0): LinearFeatures()
)
[Engine] self.batch_size=None
[Engine] self.low_memory_mode=False
[Engine] self.grad_params=True
[Engine] self.low_memory_mode=False
[SpatialTerm] self.device_ids=[0]
[SpatialTerm] Not using DataParallel
[SpatialPatchesHandler (32)] spatial stride: 16
[SpatialPatchesHandler (32)] spatial patch_size: 32
i=7 params={'type': 'spatial', 'name': 'p32_s2', 'repeat': 1, 'patch_size': 32, 'stride': 16, 'dilation': 1, 'temporal_length': None, 'temporal_dilation': 1, 'temporal_stride': 1, 'dim_samples': 't l', 'dim_prefeatures': 'h w', 'groups': 1, 'mode_ab': 'left', 'grad_params': True, 'use_dataparallel': False, 'batch_size': None, 'low_memory_mode': False, 'symmetry': 2, 'params_pipeline': [{'type': 'linear', 'patch_wise': '${model.patch_wise}', 'size_in': 2048, 'size_out': 64, 'learnable': '${model.learnable_proj}', 'is_identity': False}]}
params={'name': 'p32_s2', 'repeat': 1, 'patch_size': 32, 'stride': 16, 'dilation': 1, 'temporal_length': None, 'temporal_dilation': 1, 'temporal_stride': 1, 'dim_samples': 't l', 'dim_prefeatures': 'h w', 'groups': 1, 'mode_ab': 'left', 'grad_params': True, 'use_dataparallel': False, 'batch_size': None, 'low_memory_mode': False, 'symmetry': 2, 'params_pipeline': [{'type': 'linear', 'patch_wise': '${model.patch_wise}', 'size_in': 2048, 'size_out': 64, 'learnable': '${model.learnable_proj}', 'is_identity': False}]}
[SpatialTerm] self.name='p32_s2'
[SpatialTerm] self.use_dataparallel=False
[SpatialTerm] self.dilation=1
[SpatialTerm] self.denoise_mean=False
[SpatialTerm] self.stat_model='gaussian'
[SpatialTerm] self.bsp=225
[SpatialTerm] self.symmetry=2
[LinearFeatures] self.learnable=True
[FeaturesPipeline] self.transforms=ModuleList(
  (0): LinearFeatures()
)
[Engine] self.batch_size=None
[Engine] self.low_memory_mode=False
[Engine] self.grad_params=True
[Engine] self.low_memory_mode=False
[SpatialTerm] self.device_ids=[0]
[SpatialTerm] Not using DataParallel
[SpatialPatchesHandler (32)] spatial stride: 16
[SpatialPatchesHandler (32)] spatial patch_size: 32
i=8 params={'type': 'spatial', 'name': 'p32_s4', 'repeat': 1, 'patch_size': 32, 'stride': 16, 'dilation': 1, 'temporal_length': None, 'temporal_dilation': 1, 'temporal_stride': 1, 'dim_samples': 't l', 'dim_prefeatures': 'h w', 'groups': 1, 'mode_ab': 'left', 'grad_params': True, 'use_dataparallel': False, 'batch_size': None, 'low_memory_mode': False, 'symmetry': 4, 'params_pipeline': [{'type': 'linear', 'patch_wise': '${model.patch_wise}', 'size_in': 4096, 'size_out': 64, 'learnable': '${model.learnable_proj}', 'is_identity': False}]}
params={'name': 'p32_s4', 'repeat': 1, 'patch_size': 32, 'stride': 16, 'dilation': 1, 'temporal_length': None, 'temporal_dilation': 1, 'temporal_stride': 1, 'dim_samples': 't l', 'dim_prefeatures': 'h w', 'groups': 1, 'mode_ab': 'left', 'grad_params': True, 'use_dataparallel': False, 'batch_size': None, 'low_memory_mode': False, 'symmetry': 4, 'params_pipeline': [{'type': 'linear', 'patch_wise': '${model.patch_wise}', 'size_in': 4096, 'size_out': 64, 'learnable': '${model.learnable_proj}', 'is_identity': False}]}
[SpatialTerm] self.name='p32_s4'
[SpatialTerm] self.use_dataparallel=False
[SpatialTerm] self.dilation=1
[SpatialTerm] self.denoise_mean=False
[SpatialTerm] self.stat_model='gaussian'
[SpatialTerm] self.bsp=225
[SpatialTerm] self.symmetry=4
[LinearFeatures] self.learnable=True
[FeaturesPipeline] self.transforms=ModuleList(
  (0): LinearFeatures()
)
[Engine] self.batch_size=None
[Engine] self.low_memory_mode=False
[Engine] self.grad_params=True
[Engine] self.low_memory_mode=False
[SpatialTerm] self.device_ids=[0]
[SpatialTerm] Not using DataParallel
[SpatialPatchesHandler (32)] spatial stride: 16
[SpatialPatchesHandler (32)] spatial patch_size: 32
i=9 params={'type': 'spatial', 'name': 'p64_s1', 'repeat': 1, 'patch_size': 64, 'stride': 32, 'dilation': 1, 'temporal_length': None, 'temporal_dilation': 1, 'temporal_stride': 1, 'dim_samples': 't l', 'dim_prefeatures': 'h w', 'groups': 1, 'mode_ab': 'left', 'grad_params': True, 'use_dataparallel': False, 'batch_size': None, 'low_memory_mode': False, 'symmetry': 1, 'params_pipeline': [{'type': 'linear', 'patch_wise': '${model.patch_wise}', 'size_in': 4096, 'size_out': 64, 'learnable': '${model.learnable_proj}', 'is_identity': False}]}
params={'name': 'p64_s1', 'repeat': 1, 'patch_size': 64, 'stride': 32, 'dilation': 1, 'temporal_length': None, 'temporal_dilation': 1, 'temporal_stride': 1, 'dim_samples': 't l', 'dim_prefeatures': 'h w', 'groups': 1, 'mode_ab': 'left', 'grad_params': True, 'use_dataparallel': False, 'batch_size': None, 'low_memory_mode': False, 'symmetry': 1, 'params_pipeline': [{'type': 'linear', 'patch_wise': '${model.patch_wise}', 'size_in': 4096, 'size_out': 64, 'learnable': '${model.learnable_proj}', 'is_identity': False}]}
[SpatialTerm] self.name='p64_s1'
[SpatialTerm] self.use_dataparallel=False
[SpatialTerm] self.dilation=1
[SpatialTerm] self.denoise_mean=False
[SpatialTerm] self.stat_model='gaussian'
[SpatialTerm] self.bsp=49
[SpatialTerm] self.symmetry=1
[LinearFeatures] self.learnable=True
[FeaturesPipeline] self.transforms=ModuleList(
  (0): LinearFeatures()
)
[Engine] self.batch_size=None
[Engine] self.low_memory_mode=False
[Engine] self.grad_params=True
[Engine] self.low_memory_mode=False
[SpatialTerm] self.device_ids=[0]
[SpatialTerm] Not using DataParallel
[SpatialPatchesHandler (64)] spatial stride: 32
[SpatialPatchesHandler (64)] spatial patch_size: 64
i=10 params={'type': 'spatial', 'name': 'p64_s2', 'repeat': 1, 'patch_size': 64, 'stride': 32, 'dilation': 1, 'temporal_length': None, 'temporal_dilation': 1, 'temporal_stride': 1, 'dim_samples': 't l', 'dim_prefeatures': 'h w', 'groups': 1, 'mode_ab': 'left', 'grad_params': True, 'use_dataparallel': False, 'batch_size': None, 'low_memory_mode': False, 'symmetry': 2, 'params_pipeline': [{'type': 'linear', 'patch_wise': '${model.patch_wise}', 'size_in': 8192, 'size_out': 64, 'learnable': '${model.learnable_proj}', 'is_identity': False}]}
params={'name': 'p64_s2', 'repeat': 1, 'patch_size': 64, 'stride': 32, 'dilation': 1, 'temporal_length': None, 'temporal_dilation': 1, 'temporal_stride': 1, 'dim_samples': 't l', 'dim_prefeatures': 'h w', 'groups': 1, 'mode_ab': 'left', 'grad_params': True, 'use_dataparallel': False, 'batch_size': None, 'low_memory_mode': False, 'symmetry': 2, 'params_pipeline': [{'type': 'linear', 'patch_wise': '${model.patch_wise}', 'size_in': 8192, 'size_out': 64, 'learnable': '${model.learnable_proj}', 'is_identity': False}]}
[SpatialTerm] self.name='p64_s2'
[SpatialTerm] self.use_dataparallel=False
[SpatialTerm] self.dilation=1
[SpatialTerm] self.denoise_mean=False
[SpatialTerm] self.stat_model='gaussian'
[SpatialTerm] self.bsp=49
[SpatialTerm] self.symmetry=2
[LinearFeatures] self.learnable=True
[FeaturesPipeline] self.transforms=ModuleList(
  (0): LinearFeatures()
)
[Engine] self.batch_size=None
[Engine] self.low_memory_mode=False
[Engine] self.grad_params=True
[Engine] self.low_memory_mode=False
[SpatialTerm] self.device_ids=[0]
[SpatialTerm] Not using DataParallel
[SpatialPatchesHandler (64)] spatial stride: 32
[SpatialPatchesHandler (64)] spatial patch_size: 64
i=11 params={'type': 'spatial', 'name': 'p64_s2', 'repeat': 1, 'patch_size': 64, 'stride': 32, 'dilation': 1, 'temporal_length': None, 'temporal_dilation': 1, 'temporal_stride': 1, 'dim_samples': 't l', 'dim_prefeatures': 'h w', 'groups': 1, 'mode_ab': 'left', 'grad_params': True, 'use_dataparallel': False, 'batch_size': None, 'low_memory_mode': False, 'symmetry': 4, 'params_pipeline': [{'type': 'linear', 'patch_wise': '${model.patch_wise}', 'size_in': 16384, 'size_out': 64, 'learnable': '${model.learnable_proj}', 'is_identity': False}]}
params={'name': 'p64_s2', 'repeat': 1, 'patch_size': 64, 'stride': 32, 'dilation': 1, 'temporal_length': None, 'temporal_dilation': 1, 'temporal_stride': 1, 'dim_samples': 't l', 'dim_prefeatures': 'h w', 'groups': 1, 'mode_ab': 'left', 'grad_params': True, 'use_dataparallel': False, 'batch_size': None, 'low_memory_mode': False, 'symmetry': 4, 'params_pipeline': [{'type': 'linear', 'patch_wise': '${model.patch_wise}', 'size_in': 16384, 'size_out': 64, 'learnable': '${model.learnable_proj}', 'is_identity': False}]}
[SpatialTerm] self.name='p64_s2'
[SpatialTerm] self.use_dataparallel=False
[SpatialTerm] self.dilation=1
[SpatialTerm] self.denoise_mean=False
[SpatialTerm] self.stat_model='gaussian'
[SpatialTerm] self.bsp=49
[SpatialTerm] self.symmetry=4
[LinearFeatures] self.learnable=True
[FeaturesPipeline] self.transforms=ModuleList(
  (0): LinearFeatures()
)
[Engine] self.batch_size=None
[Engine] self.low_memory_mode=False
[Engine] self.grad_params=True
[Engine] self.low_memory_mode=False
[SpatialTerm] self.device_ids=[0]
[SpatialTerm] Not using DataParallel
[SpatialPatchesHandler (64)] spatial stride: 32
[SpatialPatchesHandler (64)] spatial patch_size: 64
[ExoMILD] self.G_tot=12
all_terms=[SpatialTerm(
  (engine): EngineSpatial(
    (features_pipeline): FeaturesPipeline(
      (transforms): ModuleList(
        (0): LinearFeatures()
      )
    )
    (psf_sampler_shift): BatchPSFSampler()
    (psf_sampler_center): BatchPSFSampler()
  )
  (patch_formatter): PatchFormatter()
  (wavelength_aligner): WavelengthAligner()
), SpatialTerm(
  (engine): EngineSpatial(
    (features_pipeline): FeaturesPipeline(
      (transforms): ModuleList(
        (0): LinearFeatures()
      )
    )
    (psf_sampler_shift): BatchPSFSampler()
    (psf_sampler_center): BatchPSFSampler()
  )
  (patch_formatter): PatchFormatter()
  (wavelength_aligner): WavelengthAligner()
), SpatialTerm(
  (engine): EngineSpatial(
    (features_pipeline): FeaturesPipeline(
      (transforms): ModuleList(
        (0): LinearFeatures()
      )
    )
    (psf_sampler_shift): BatchPSFSampler()
    (psf_sampler_center): BatchPSFSampler()
  )
  (patch_formatter): PatchFormatter()
  (wavelength_aligner): WavelengthAligner()
), SpatialTerm(
  (engine): EngineSpatial(
    (features_pipeline): FeaturesPipeline(
      (transforms): ModuleList(
        (0): LinearFeatures()
      )
    )
    (psf_sampler_shift): BatchPSFSampler()
    (psf_sampler_center): BatchPSFSampler()
  )
  (patch_formatter): PatchFormatter()
  (wavelength_aligner): WavelengthAligner()
), SpatialTerm(
  (engine): EngineSpatial(
    (features_pipeline): FeaturesPipeline(
      (transforms): ModuleList(
        (0): LinearFeatures()
      )
    )
    (psf_sampler_shift): BatchPSFSampler()
    (psf_sampler_center): BatchPSFSampler()
  )
  (patch_formatter): PatchFormatter()
  (wavelength_aligner): WavelengthAligner()
), SpatialTerm(
  (engine): EngineSpatial(
    (features_pipeline): FeaturesPipeline(
      (transforms): ModuleList(
        (0): LinearFeatures()
      )
    )
    (psf_sampler_shift): BatchPSFSampler()
    (psf_sampler_center): BatchPSFSampler()
  )
  (patch_formatter): PatchFormatter()
  (wavelength_aligner): WavelengthAligner()
), SpatialTerm(
  (engine): EngineSpatial(
    (features_pipeline): FeaturesPipeline(
      (transforms): ModuleList(
        (0): LinearFeatures()
      )
    )
    (psf_sampler_shift): BatchPSFSampler()
    (psf_sampler_center): BatchPSFSampler()
  )
  (patch_formatter): PatchFormatter()
  (wavelength_aligner): WavelengthAligner()
), SpatialTerm(
  (engine): EngineSpatial(
    (features_pipeline): FeaturesPipeline(
      (transforms): ModuleList(
        (0): LinearFeatures()
      )
    )
    (psf_sampler_shift): BatchPSFSampler()
    (psf_sampler_center): BatchPSFSampler()
  )
  (patch_formatter): PatchFormatter()
  (wavelength_aligner): WavelengthAligner()
), SpatialTerm(
  (engine): EngineSpatial(
    (features_pipeline): FeaturesPipeline(
      (transforms): ModuleList(
        (0): LinearFeatures()
      )
    )
    (psf_sampler_shift): BatchPSFSampler()
    (psf_sampler_center): BatchPSFSampler()
  )
  (patch_formatter): PatchFormatter()
  (wavelength_aligner): WavelengthAligner()
), SpatialTerm(
  (engine): EngineSpatial(
    (features_pipeline): FeaturesPipeline(
      (transforms): ModuleList(
        (0): LinearFeatures()
      )
    )
    (psf_sampler_shift): BatchPSFSampler()
    (psf_sampler_center): BatchPSFSampler()
  )
  (patch_formatter): PatchFormatter()
  (wavelength_aligner): WavelengthAligner()
), SpatialTerm(
  (engine): EngineSpatial(
    (features_pipeline): FeaturesPipeline(
      (transforms): ModuleList(
        (0): LinearFeatures()
      )
    )
    (psf_sampler_shift): BatchPSFSampler()
    (psf_sampler_center): BatchPSFSampler()
  )
  (patch_formatter): PatchFormatter()
  (wavelength_aligner): WavelengthAligner()
), SpatialTerm(
  (engine): EngineSpatial(
    (features_pipeline): FeaturesPipeline(
      (transforms): ModuleList(
        (0): LinearFeatures()
      )
    )
    (psf_sampler_shift): BatchPSFSampler()
    (psf_sampler_center): BatchPSFSampler()
  )
  (patch_formatter): PatchFormatter()
  (wavelength_aligner): WavelengthAligner()
)]
[ExoMILD] self.learnable_weights=True
[ExoMILD] self.pixel_wise_weights=True
[ExoMILD] self.use_local_max=False
[ExoMILD] self.n_sources_max=16
[ExoMILD] self.iterative=False
[ExoMILD] self.oracle=False
[Filter] self.is_residual=False
[Filter] self.gate_type='unet_normal'
[U-Net] self.skip_norm=False
[UNet] False
[ExoMILD] linalg_library='cusolver'
[ExoMILD] self.grad_iterative=True
[ExoMILD] self.grad_astrometry=False
[SpatialPatchesHandler (8)] padding=(0, 0)
[SpatialPatchesHandler (8)] padding=(0, 0)
[SpatialPatchesHandler (8)] padding=(0, 0)
[SpatialPatchesHandler (16)] padding=(0, 0)
[SpatialPatchesHandler (16)] padding=(0, 0)
[SpatialPatchesHandler (16)] padding=(0, 0)
[SpatialPatchesHandler (32)] padding=(0, 0)
[SpatialPatchesHandler (32)] padding=(0, 0)
[SpatialPatchesHandler (32)] padding=(0, 0)
[SpatialPatchesHandler (64)] padding=(0, 0)
[SpatialPatchesHandler (64)] padding=(0, 0)
[SpatialPatchesHandler (64)] padding=(0, 0)
# Iter.   Time (ms)    Eval. Reject.       Obj. Func.           Grad.       Step
# ---------------------------------------------------------------------------------
      0     917.056       1       0  -3.701167600000000e+07   1.580e+09   0.000e+00
      1    5282.451      11       0  -3.704689600000000e+07   1.840e+09   2.005e-14
      2    5741.326      12       0  -3.706653200000000e+07   1.099e+09   1.000e+00
      3    6212.679      13       0  -3.707843200000000e+07   9.205e+08   1.000e+00
      4    6669.200      14       0  -3.708427600000000e+07   7.552e+08   1.000e+00
      5    7127.733      15       0  -3.709064400000000e+07   5.679e+08   1.000e+00
      6    7586.061      16       0  -3.709575600000000e+07   6.433e+08   1.000e+00
      7    8044.658      17       0  -3.710049200000000e+07   5.753e+08   1.000e+00
      8    8505.292      18       0  -3.710374000000000e+07   4.276e+08   1.000e+00
      9    8970.545      19       0  -3.710786400000000e+07   4.069e+08   1.000e+00
     10    9447.676      20       0  -3.711231600000000e+07   6.156e+08   1.000e+00
     11    9910.289      21       0  -3.711640800000000e+07   4.061e+08   1.000e+00
     12   10371.180      22       0  -3.712094800000000e+07   3.814e+08   1.000e+00
     13   10831.149      23       0  -3.712524400000000e+07   4.735e+08   1.000e+00
     14   11293.303      24       0  -3.712997200000000e+07   4.201e+08   1.000e+00
     15   11755.384      25       0  -3.713490400000000e+07   4.665e+08   1.000e+00
     16   12215.867      26       0  -3.713905200000000e+07   4.055e+08   1.000e+00
     17   12689.410      27       0  -3.714281600000000e+07   4.034e+08   1.000e+00
     18   13147.817      28       0  -3.714677200000000e+07   5.176e+08   1.000e+00
     19   13605.487      29       0  -3.714991600000000e+07   3.659e+08   1.000e+00
     20   14068.340      30       0  -3.715292400000000e+07   3.459e+08   1.000e+00
     21   14539.684      31       0  -3.715596800000000e+07   4.573e+08   1.000e+00
     22   14999.366      32       0  -3.715901600000000e+07   3.616e+08   1.000e+00
     23   15457.664      33       0  -3.716118000000000e+07   3.376e+08   1.000e+00
     24   15916.189      34       0  -3.716316400000000e+07   3.287e+08   1.000e+00
     25   16375.032      35       0  -3.716521200000000e+07   3.954e+08   1.000e+00
     26   16835.099      36       0  -3.716684000000000e+07   2.958e+08   1.000e+00
     27   17296.595      37       0  -3.716834800000000e+07   2.800e+08   1.000e+00
     28   17758.932      38       0  -3.717000400000000e+07   5.023e+08   1.000e+00
     29   18219.669      39       0  -3.717108800000000e+07   2.726e+08   1.000e+00
     30   18681.702      40       0  -3.717180000000000e+07   2.436e+08   1.000e+00
     31   19143.298      41       0  -3.717321200000000e+07   2.976e+08   1.000e+00
     32   19603.405      42       0  -3.717422000000000e+07   5.980e+08   1.000e+00
     33   20079.877      43       0  -3.717518000000000e+07   2.480e+08   1.000e+00
     34   20542.152      44       0  -3.717579600000000e+07   1.942e+08   1.000e+00
     35   21010.740      45       0  -3.717661600000000e+07   2.264e+08   1.000e+00
     36   21486.469      46       0  -3.717764800000000e+07   4.076e+08   1.000e+00
     37   21947.669      47       0  -3.717864000000000e+07   2.384e+08   1.000e+00
     38   22410.485      48       0  -3.717913600000000e+07   1.776e+08   1.000e+00
     39   22873.383      49       0  -3.717987200000000e+07   2.188e+08   1.000e+00
     40   23331.933      50       0  -3.718024800000000e+07   4.638e+08   1.000e+00
     41   23794.964      51       0  -3.718077200000000e+07   2.172e+08   1.000e+00
     42   24259.462      52       0  -3.718126000000000e+07   1.647e+08   1.000e+00
     43   24721.437      53       0  -3.718168400000000e+07   1.933e+08   1.000e+00
     44   25189.112      54       0  -3.718249200000000e+07   2.509e+08   1.000e+00
     45   25654.122      55       0  -3.718254000000000e+07   6.406e+08   1.000e+00
     46   26120.675      56       0  -3.718337200000000e+07   1.701e+08   1.000e+00
     47   26582.775      57       0  -3.718355200000000e+07   1.323e+08   1.000e+00
     48   27043.162      58       0  -3.718396400000000e+07   1.704e+08   1.000e+00
     49   27501.309      59       0  -3.718445200000000e+07   2.776e+08   1.000e+00
     50   27963.070      60       0  -3.718496000000000e+07   1.924e+08   1.000e+00
     51   28437.882      61       0  -3.718527600000000e+07   1.369e+08   1.000e+00
     52   28899.807      62       0  -3.718570400000000e+07   1.811e+08   1.000e+00
     53   29361.582      63       0  -3.718601200000000e+07   2.763e+08   1.000e+00
     54   29823.565      64       0  -3.718635600000000e+07   1.764e+08   1.000e+00
     55   30285.764      65       0  -3.718688400000000e+07   1.584e+08   1.000e+00
     56   30744.071      66       0  -3.718719600000000e+07   2.103e+08   1.000e+00
     57   31202.785      67       0  -3.718760800000000e+07   1.655e+08   1.000e+00
     58   31661.417      68       0  -3.718800800000000e+07   1.953e+08   1.000e+00
     59   32123.227      69       0  -3.718840400000000e+07   1.859e+08   1.000e+00
     60   32586.813      70       0  -3.718872400000000e+07   1.566e+08   1.000e+00
     61   33048.236      71       0  -3.718914400000000e+07   1.674e+08   1.000e+00
     62   33527.641      72       0  -3.718947200000000e+07   3.024e+08   1.000e+00
     63   33993.512      73       0  -3.718980800000000e+07   1.564e+08   1.000e+00
     64   34456.388      74       0  -3.719008400000000e+07   1.431e+08   1.000e+00
     65   34921.115      75       0  -3.719038400000000e+07   1.693e+08   1.000e+00
     66   35384.324      76       0  -3.719069600000000e+07   3.933e+08   1.000e+00
     67   35846.805      77       0  -3.719114800000000e+07   1.584e+08   1.000e+00
     68   36311.831      78       0  -3.719139600000000e+07   1.479e+08   1.000e+00
     69   36775.257      79       0  -3.719174400000000e+07   1.760e+08   1.000e+00
     70   37252.613      80       0  -3.719223600000000e+07   3.442e+08   1.000e+00
     71   37714.807      81       0  -3.719274800000000e+07   1.928e+08   1.000e+00
     72   38180.630      82       0  -3.719307600000000e+07   1.451e+08   1.000e+00
     73   38655.856      83       0  -3.719345600000000e+07   1.764e+08   1.000e+00
     74   39121.517      84       0  -3.719380400000000e+07   3.216e+08   1.000e+00
     75   39586.708      85       0  -3.719420400000000e+07   1.867e+08   1.000e+00
     76   40052.942      86       0  -3.719461600000000e+07   1.602e+08   1.000e+00
     77   40515.039      87       0  -3.719495600000000e+07   1.832e+08   1.000e+00
     78   40980.275      88       0  -3.719528800000000e+07   4.628e+08   1.000e+00
     79   41446.749      89       0  -3.719582400000000e+07   1.731e+08   1.000e+00
     80   41920.454      90       0  -3.719609200000000e+07   1.442e+08   1.000e+00
     81   42396.829      91       0  -3.719641600000000e+07   1.741e+08   1.000e+00
     82   42870.325      92       0  -3.719697200000000e+07   2.584e+08   1.000e+00
     83   43342.814      93       0  -3.719746000000000e+07   3.233e+08   1.000e+00
     84   43815.770      94       0  -3.719785200000000e+07   1.552e+08   1.000e+00
     85   44289.191      95       0  -3.719814400000000e+07   1.636e+08   1.000e+00
     86   44776.992      96       0  -3.719848800000000e+07   1.919e+08   1.000e+00
     87   45256.065      97       0  -3.719886000000000e+07   4.352e+08   1.000e+00
     88   45745.783      98       0  -3.719933200000000e+07   1.766e+08   1.000e+00
     89   46227.229      99       0  -3.719962400000000e+07   1.538e+08   1.000e+00
     90   46710.698     100       0  -3.719992400000000e+07   1.775e+08   1.000e+00
     91   47191.819     101       0  -3.720042400000000e+07   3.390e+08   1.000e+00
     92   47680.820     102       0  -3.720092000000000e+07   2.064e+08   1.000e+00
     93   48162.712     103       0  -3.720121200000000e+07   1.485e+08   1.000e+00
     94   48645.962     104       0  -3.720165600000000e+07   1.730e+08   1.000e+00
     95   49147.390     105       0  -3.720202800000000e+07   3.149e+08   1.000e+00
     96   49643.159     106       0  -3.720245200000000e+07   1.935e+08   1.000e+00
     97   50134.971     107       0  -3.720292400000000e+07   1.587e+08   1.000e+00
     98   50617.522     108       0  -3.720327600000000e+07   1.997e+08   1.000e+00
     99   51102.209     109       0  -3.720375600000000e+07   1.988e+08   1.000e+00
    100   51584.192     110       0  -3.720414400000000e+07   2.030e+08   1.000e+00
    101   52088.881     111       0  -3.720451200000000e+07   1.655e+08   1.000e+00
    102   52584.769     112       0  -3.720485600000000e+07   1.666e+08   1.000e+00
    103   53092.173     113       0  -3.720525200000000e+07   2.811e+08   1.000e+00
    104   53590.156     114       0  -3.720563200000000e+07   1.645e+08   1.000e+00
    105   54089.934     115       0  -3.720598000000000e+07   1.517e+08   1.000e+00
    106   54587.223     116       0  -3.720631600000000e+07   2.161e+08   1.000e+00
    107   55107.908     117       0  -3.720669200000000e+07   1.555e+08   1.000e+00
    108   55608.393     118       0  -3.720699200000000e+07   1.441e+08   1.000e+00
    109   56100.715     119       0  -3.720734400000000e+07   1.625e+08   1.000e+00
    110   56612.919     120       0  -3.720763600000000e+07   1.534e+08   1.000e+00
    111   57110.342     121       0  -3.720800000000000e+07   1.492e+08   1.000e+00
    112   57605.846     122       0  -3.720843200000000e+07   2.709e+08   1.000e+00
    113   58108.492     123       0  -3.720877600000000e+07   1.697e+08   1.000e+00
    114   58633.446     124       0  -3.720897200000000e+07   1.358e+08   1.000e+00
    115   59143.842     125       0  -3.720930000000000e+07   1.522e+08   1.000e+00
    116   59652.926     126       0  -3.720958800000000e+07   3.013e+08   1.000e+00
    117   60163.565     127       0  -3.720984000000000e+07   1.318e+08   1.000e+00
    118   60678.871     128       0  -3.721003600000000e+07   1.110e+08   1.000e+00
    119   61174.250     129       0  -3.721029600000000e+07   1.286e+08   1.000e+00
    120   61674.421     130       0  -3.721064800000000e+07   2.775e+08   1.000e+00
    121   62173.653     131       0  -3.721100400000000e+07   1.221e+08   1.000e+00
    122   62687.616     132       0  -3.721119600000000e+07   1.101e+08   1.000e+00
    123   63182.283     133       0  -3.721152800000000e+07   1.462e+08   1.000e+00
    124   63678.847     134       0  -3.721181600000000e+07   3.436e+08   1.000e+00
    125   64179.835     135       0  -3.721212800000000e+07   1.652e+08   1.000e+00
    126   64687.855     136       0  -3.721240800000000e+07   1.246e+08   1.000e+00
    127   65199.103     137       0  -3.721264000000000e+07   1.416e+08   1.000e+00
    128   65714.846     138       0  -3.721301200000000e+07   2.545e+08   1.000e+00
    129   66214.149     139       0  -3.721334000000000e+07   1.760e+08   1.000e+00
    130   66717.781     140       0  -3.721347600000000e+07   1.100e+08   1.000e+00
    131   67218.906     141       0  -3.721368400000000e+07   1.248e+08   1.000e+00
    132   67747.406     142       0  -3.721389600000000e+07   1.589e+08   1.000e+00
    133   68272.382     143       0  -3.721423600000000e+07   1.660e+08   1.000e+00
    134   68776.590     144       0  -3.721456400000000e+07   1.522e+08   1.000e+00
    135   69279.227     145       0  -3.721488400000000e+07   1.532e+08   1.000e+00
    136   69782.323     146       0  -3.721509600000000e+07   1.429e+08   1.000e+00
    137   70282.572     147       0  -3.721531200000000e+07   1.200e+08   1.000e+00
    138   70777.426     148       0  -3.721557600000000e+07   1.681e+08   1.000e+00
    139   71274.882     149       0  -3.721587600000000e+07   1.965e+08   1.000e+00
    140   71779.717     150       0  -3.721610400000000e+07   1.287e+08   1.000e+00
    141   72291.878     151       0  -3.721635600000000e+07   1.168e+08   1.000e+00
    142   72809.475     152       0  -3.721654800000000e+07   1.661e+08   1.000e+00
    143   73320.006     153       0  -3.721675600000000e+07   1.321e+08   1.000e+00
    144   73826.992     154       0  -3.721712000000000e+07   1.443e+08   1.000e+00
    145   74327.243     155       0  -3.721734400000000e+07   2.498e+08   1.000e+00
    146   74830.335     156       0  -3.721753200000000e+07   1.390e+08   1.000e+00
    147   75332.985     157       0  -3.721774400000000e+07   1.171e+08   1.000e+00
    148   75852.524     158       0  -3.721795200000000e+07   1.346e+08   1.000e+00
    149   76357.402     159       0  -3.721811600000000e+07   3.853e+08   1.000e+00
    150   76865.301     160       0  -3.721843600000000e+07   1.242e+08   1.000e+00
    151   77369.425     161       0  -3.721854400000000e+07   9.348e+07   1.000e+00
    152   77880.446     162       0  -3.721871600000000e+07   1.154e+08   1.000e+00
    153   78383.115     163       0  -3.721897200000000e+07   1.552e+08   1.000e+00
    154   78893.491     164       0  -3.721924000000000e+07   2.672e+08   1.000e+00
    155   79398.709     165       0  -3.721946400000000e+07   1.104e+08   1.000e+00
    156   79914.175     166       0  -3.721957600000000e+07   1.092e+08   1.000e+00
    157   80421.040     167       0  -3.721974400000000e+07   1.235e+08   1.000e+00
    158   80950.169     168       0  -3.721982000000000e+07   3.935e+08   1.000e+00
    159   81462.149     169       0  -3.722010000000000e+07   1.244e+08   1.000e+00
    160   81973.733     170       0  -3.722020800000000e+07   8.583e+07   1.000e+00
    161   82480.388     171       0  -3.722036800000000e+07   1.077e+08   1.000e+00
    162   82992.655     172       0  -3.722057200000000e+07   1.249e+08   1.000e+00
    163   83503.572     173       0  -3.722067600000000e+07   3.861e+08   1.000e+00
    164   84004.611     174       0  -3.722097200000000e+07   9.802e+07   1.000e+00
    165   84509.738     175       0  -3.722103200000000e+07   8.667e+07   1.000e+00
    166   85019.922     176       0  -3.722122000000000e+07   1.160e+08   1.000e+00
    167   85531.418     177       0  -3.722144400000000e+07   2.608e+08   1.000e+00
    168   86037.039     178       0  -3.722169200000000e+07   1.435e+08   1.000e+00
    169   86540.874     179       0  -3.722188400000000e+07   1.030e+08   1.000e+00
    170   87041.122     180       0  -3.722205200000000e+07   1.162e+08   1.000e+00
    171   87543.853     181       0  -3.722225200000000e+07   1.880e+08   1.000e+00
    172   88053.640     182       0  -3.722243600000000e+07   1.281e+08   1.000e+00
    173   88557.290     183       0  -3.722256800000000e+07   1.164e+08   1.000e+00
    174   89061.835     184       0  -3.722278800000000e+07   1.352e+08   1.000e+00
    175   89567.079     185       0  -3.722289200000000e+07   3.604e+08   1.000e+00
    176   90073.507     186       0  -3.722312800000000e+07   1.340e+08   1.000e+00
    177   90577.329     187       0  -3.722326000000000e+07   8.551e+07   1.000e+00
    178   91084.978     188       0  -3.722340000000000e+07   1.051e+08   1.000e+00
    179   91596.508     189       0  -3.722360000000000e+07   1.314e+08   1.000e+00
    180   92105.665     190       0  -3.722378000000000e+07   2.848e+08   1.000e+00
    181   92615.126     191       0  -3.722399200000000e+07   9.838e+07   1.000e+00
    182   93128.124     192       0  -3.722406800000000e+07   9.679e+07   1.000e+00
    183   93629.881     193       0  -3.722422000000000e+07   1.211e+08   1.000e+00
    184   94136.573     194       0  -3.722439200000000e+07   3.050e+08   1.000e+00
    185   94645.956     195       0  -3.722460400000000e+07   1.367e+08   1.000e+00
    186   95150.651     196       0  -3.722474000000000e+07   9.320e+07   1.000e+00
    187   95653.861     197       0  -3.722484800000000e+07   1.074e+08   1.000e+00
    188   96177.988     198       0  -3.722504800000000e+07   1.254e+08   1.000e+00
    189   97122.192     200       0  -3.722516400000000e+07   1.977e+08   4.643e-01
    190   97586.531     201       0  -3.722532800000000e+07   1.082e+08   1.000e+00
    191   98051.663     202       0  -3.722546000000000e+07   9.480e+07   1.000e+00
    192   98516.748     203       0  -3.722560800000000e+07   1.226e+08   1.000e+00
    193   98981.344     204       0  -3.722573600000000e+07   2.589e+08   1.000e+00
    194   99464.170     205       0  -3.722588800000000e+07   1.148e+08   1.000e+00
    195   99936.226     206       0  -3.722600000000000e+07   9.223e+07   1.000e+00
    196  100407.493     207       0  -3.722609200000000e+07   1.052e+08   1.000e+00
    197  100879.574     208       0  -3.722627200000000e+07   2.215e+08   1.000e+00
    198  101349.564     209       0  -3.722644800000000e+07   1.307e+08   1.000e+00
    199  101821.067     210       0  -3.722654800000000e+07   8.737e+07   1.000e+00
    200  102294.132     211       0  -3.722667600000000e+07   9.599e+07   1.000e+00
    201  102767.248     212       0  -3.722678400000000e+07   1.441e+08   1.000e+00
    202  103238.060     213       0  -3.722692400000000e+07   1.093e+08   1.000e+00
    203  103709.373     214       0  -3.722704400000000e+07   1.037e+08   1.000e+00
    204  104179.895     215       0  -3.722715600000000e+07   1.201e+08   1.000e+00
    205  104666.363     216       0  -3.722724000000000e+07   9.056e+07   1.000e+00
    206  105138.444     217       0  -3.722737200000000e+07   1.054e+08   1.000e+00
    207  105603.079     218       0  -3.722747600000000e+07   1.360e+08   1.000e+00
    208  106067.261     219       0  -3.722758800000000e+07   1.029e+08   1.000e+00
    209  106546.237     220       0  -3.722773600000000e+07   1.259e+08   1.000e+00
    210  107010.693     221       0  -3.722783200000000e+07   1.398e+08   1.000e+00
    211  107476.149     222       0  -3.722790400000000e+07   9.822e+07   1.000e+00
    212  107941.268     223       0  -3.722802400000000e+07   8.144e+07   1.000e+00
    213  108406.916     224       0  -3.722811600000000e+07   1.188e+08   1.000e+00
    214  108871.103     225       0  -3.722824000000000e+07   1.127e+08   1.000e+00
    215  109339.774     226       0  -3.722835600000000e+07   2.549e+08   1.000e+00
    216  109807.333     227       0  -3.722852400000000e+07   8.838e+07   1.000e+00
    217  110280.305     228       0  -3.722860000000000e+07   8.408e+07   1.000e+00
    218  110746.779     229       0  -3.722872000000000e+07   1.055e+08   1.000e+00
    219  111223.404     230       0  -3.722886800000000e+07   2.078e+08   1.000e+00
    220  111702.535     231       0  -3.722904000000000e+07   1.112e+08   1.000e+00
    221  112168.727     232       0  -3.722915600000000e+07   8.212e+07   1.000e+00
    222  112637.743     233       0  -3.722927200000000e+07   1.004e+08   1.000e+00
    223  113107.877     234       0  -3.722937600000000e+07   1.719e+08   1.000e+00
    224  113573.596     235       0  -3.722948000000000e+07   9.245e+07   1.000e+00
    225  114039.139     236       0  -3.722958400000000e+07   8.634e+07   1.000e+00
    226  114503.157     237       0  -3.722967200000000e+07   9.785e+07   1.000e+00
    227  114985.004     238       0  -3.722975200000000e+07   2.862e+08   1.000e+00
    228  115449.306     239       0  -3.722992400000000e+07   9.436e+07   1.000e+00
    229  115920.103     240       0  -3.722998800000000e+07   6.735e+07   1.000e+00
    230  116389.304     241       0  -3.723006400000000e+07   8.062e+07   1.000e+00
    231  116858.090     242       0  -3.723018000000000e+07   1.099e+08   1.000e+00
    232  117325.712     243       0  -3.723030000000000e+07   1.697e+08   1.000e+00
    233  117793.751     244       0  -3.723039200000000e+07   7.909e+07   1.000e+00
    234  118262.043     245       0  -3.723046000000000e+07   8.552e+07   1.000e+00
    235  118729.312     246       0  -3.723055600000000e+07   1.013e+08   1.000e+00
    236  119197.587     247       0  -3.723061600000000e+07   2.643e+08   1.000e+00
    237  119664.924     248       0  -3.723074800000000e+07   9.396e+07   1.000e+00
    238  120135.674     249       0  -3.723081200000000e+07   6.958e+07   1.000e+00
    239  120605.775     250       0  -3.723088400000000e+07   8.461e+07   1.000e+00
    240  121073.214     251       0  -3.723100000000000e+07   1.154e+08   1.000e+00
    241  121541.593     252       0  -3.723108400000000e+07   1.734e+08   1.000e+00
    242  122009.933     253       0  -3.723117600000000e+07   6.803e+07   1.000e+00
    243  122483.942     254       0  -3.723122000000000e+07   7.298e+07   1.000e+00
    244  122949.140     255       0  -3.723129200000000e+07   9.114e+07   1.000e+00
    245  123414.009     256       0  -3.723137600000000e+07   2.268e+08   1.000e+00
    246  123891.224     257       0  -3.723149200000000e+07   9.924e+07   1.000e+00
    247  124356.503     258       0  -3.723156400000000e+07   7.492e+07   1.000e+00
    248  124821.104     259       0  -3.723163200000000e+07   8.382e+07   1.000e+00
    249  125288.731     260       0  -3.723174800000000e+07   9.560e+07   1.000e+00
    250  126196.802     262       0  -3.723182000000000e+07   1.477e+08   5.000e-01
    251  126661.660     263       0  -3.723191600000000e+07   7.721e+07   1.000e+00
    252  127137.416     264       0  -3.723198800000000e+07   7.288e+07   1.000e+00
    253  127602.375     265       0  -3.723208400000000e+07   9.700e+07   1.000e+00
    254  128068.171     266       0  -3.723215200000000e+07   1.995e+08   1.000e+00
    255  128535.208     267       0  -3.723224400000000e+07   8.456e+07   1.000e+00
    256  129000.184     268       0  -3.723230400000000e+07   6.885e+07   1.000e+00
    257  129464.285     269       0  -3.723236400000000e+07   8.024e+07   1.000e+00
    258  129929.353     270       0  -3.723247200000000e+07   1.502e+08   1.000e+00
    259  130394.179     271       0  -3.723257600000000e+07   1.174e+08   1.000e+00
    260  130859.730     272       0  -3.723264400000000e+07   7.047e+07   1.000e+00
    261  131324.880     273       0  -3.723271600000000e+07   7.343e+07   1.000e+00
    262  131789.806     274       0  -3.723278400000000e+07   1.022e+08   1.000e+00
    263  132263.640     275       0  -3.723287600000000e+07   8.249e+07   1.000e+00
    264  132728.141     276       0  -3.723298000000000e+07   9.019e+07   1.000e+00
    265  133192.898     277       0  -3.723307600000000e+07   1.045e+08   1.000e+00
    266  133657.405     278       0  -3.723314800000000e+07   7.909e+07   1.000e+00
    267  134134.159     279       0  -3.723323600000000e+07   7.613e+07   1.000e+00
    268  134605.350     280       0  -3.723330000000000e+07   1.193e+08   1.000e+00
    269  135076.548     281       0  -3.723338800000000e+07   8.124e+07   1.000e+00
    270  135546.578     282       0  -3.723346800000000e+07   7.692e+07   1.000e+00
    271  136011.587     283       0  -3.723353600000000e+07   8.993e+07   1.000e+00
    272  136476.517     284       0  -3.723360400000000e+07   6.761e+07   1.000e+00
    273  136942.368     285       0  -3.723368400000000e+07   8.706e+07   1.000e+00
    274  137415.541     286       0  -3.723375600000000e+07   8.364e+07   1.000e+00
    275  137889.408     287       0  -3.723383200000000e+07   8.075e+07   1.000e+00
    276  138363.666     288       0  -3.723392800000000e+07   1.295e+08   1.000e+00
    277  138841.561     289       0  -3.723402000000000e+07   8.678e+07   1.000e+00
    278  139322.708     290       0  -3.723407600000000e+07   7.357e+07   1.000e+00
    279  139800.685     291       0  -3.723416000000000e+07   8.461e+07   1.000e+00
    280  140280.864     292       0  -3.723422400000000e+07   1.136e+08   1.000e+00
    281  140774.653     293       0  -3.723427200000000e+07   7.104e+07   1.000e+00
    282  141262.414     294       0  -3.723434800000000e+07   6.828e+07   1.000e+00
    283  141740.515     295       0  -3.723440800000000e+07   8.203e+07   1.000e+00
    284  142219.747     296       0  -3.723451200000000e+07   8.556e+07   1.000e+00
    285  142700.347     297       0  -3.723459600000000e+07   1.266e+08   1.000e+00
    286  143180.751     298       0  -3.723466800000000e+07   8.170e+07   1.000e+00
    287  143660.320     299       0  -3.723474400000000e+07   7.476e+07   1.000e+00
    288  144140.211     300       0  -3.723480400000000e+07   8.186e+07   1.000e+00
    289  144608.842     301       0  -3.723489600000000e+07   8.274e+07   1.000e+00
    290  145077.128     302       0  -3.723498000000000e+07   1.685e+08   1.000e+00
    291  145545.427     303       0  -3.723506400000000e+07   7.007e+07   1.000e+00
    292  146013.763     304       0  -3.723510000000000e+07   6.114e+07   1.000e+00
    293  146481.781     305       0  -3.723515600000000e+07   7.426e+07   1.000e+00
    294  146949.361     306       0  -3.723520400000000e+07   1.810e+08   1.000e+00
    295  147416.858     307       0  -3.723528000000000e+07   7.601e+07   1.000e+00
    296  147888.426     308       0  -3.723533200000000e+07   6.122e+07   1.000e+00
    297  148359.812     309       0  -3.723538800000000e+07   7.232e+07   1.000e+00
    298  148828.572     310       0  -3.723548400000000e+07   1.076e+08   1.000e+00
    299  149300.151     311       0  -3.723555600000000e+07   1.169e+08   1.000e+00
    300  149771.627     312       0  -3.723561200000000e+07   5.650e+07   1.000e+00
    301  150240.704     313       0  -3.723565200000000e+07   6.549e+07   1.000e+00
    302  150709.169     314       0  -3.723570800000000e+07   8.064e+07   1.000e+00
    303  151178.160     315       0  -3.723577600000000e+07   1.657e+08   1.000e+00
    304  151645.842     316       0  -3.723585200000000e+07   7.658e+07   1.000e+00
    305  152113.071     317       0  -3.723590800000000e+07   6.779e+07   1.000e+00
    306  152581.698     318       0  -3.723596000000000e+07   7.305e+07   1.000e+00
    307  153049.208     319       0  -3.723603200000000e+07   1.631e+08   1.000e+00
    308  153517.715     320       0  -3.723611600000000e+07   7.183e+07   1.000e+00
    309  153985.796     321       0  -3.723616400000000e+07   5.822e+07   1.000e+00
    310  154455.666     322       0  -3.723622400000000e+07   7.148e+07   1.000e+00
    311  154926.886     323       0  -3.723630000000000e+07   1.397e+08   1.000e+00
    312  155404.360     324       0  -3.723637200000000e+07   7.970e+07   1.000e+00
    313  155882.252     325       0  -3.723643600000000e+07   6.052e+07   1.000e+00
    314  156351.899     326       0  -3.723648800000000e+07   7.185e+07   1.000e+00
    315  156826.463     327       0  -3.723655200000000e+07   1.132e+08   1.000e+00
    316  157303.497     328       0  -3.723660800000000e+07   6.587e+07   1.000e+00
    317  157798.147     329       0  -3.723665600000000e+07   6.167e+07   1.000e+00
    318  158275.505     330       0  -3.723671600000000e+07   7.410e+07   1.000e+00
    319  158755.512     331       0  -3.723678800000000e+07   1.619e+08   1.000e+00
    320  159234.719     332       0  -3.723686400000000e+07   7.320e+07   1.000e+00
    321  159726.321     333       0  -3.723691200000000e+07   6.212e+07   1.000e+00
    322  160202.003     334       0  -3.723697200000000e+07   6.959e+07   1.000e+00
    323  160672.719     335       0  -3.723704800000000e+07   1.445e+08   1.000e+00
    324  161148.054     336       0  -3.723713600000000e+07   7.013e+07   1.000e+00
    325  161620.263     337       0  -3.723718000000000e+07   5.407e+07   1.000e+00
    326  162096.073     338       0  -3.723724000000000e+07   6.649e+07   1.000e+00
    327  162571.509     339       0  -3.723730000000000e+07   1.337e+08   1.000e+00
    328  163047.743     340       0  -3.723736000000000e+07   6.868e+07   1.000e+00
    329  163531.773     341       0  -3.723740800000000e+07   5.931e+07   1.000e+00
    330  164012.325     342       0  -3.723745600000000e+07   6.657e+07   1.000e+00
    331  164492.574     343       0  -3.723752800000000e+07   1.583e+08   1.000e+00
    332  164975.567     344       0  -3.723760800000000e+07   7.416e+07   1.000e+00
    333  165452.252     345       0  -3.723765200000000e+07   5.485e+07   1.000e+00
    334  165931.165     346       0  -3.723770400000000e+07   6.450e+07   1.000e+00
    335  166407.334     347       0  -3.723777200000000e+07   1.081e+08   1.000e+00
    336  166884.478     348       0  -3.723784400000000e+07   7.288e+07   1.000e+00
    337  167359.169     349       0  -3.723790400000000e+07   5.908e+07   1.000e+00
    338  167835.342     350       0  -3.723796800000000e+07   8.235e+07   1.000e+00
    339  168322.035     351       0  -3.723802400000000e+07   1.014e+08   1.000e+00
    340  168796.163     352       0  -3.723805600000000e+07   6.190e+07   1.000e+00
    341  169271.149     353       0  -3.723811600000000e+07   5.538e+07   1.000e+00
    342  169748.043     354       0  -3.723816000000000e+07   6.524e+07   1.000e+00
    343  170234.932     355       0  -3.723824400000000e+07   1.205e+08   1.000e+00
    344  170711.643     356       0  -3.723830000000000e+07   6.391e+07   1.000e+00
    345  171202.337     357       0  -3.723833600000000e+07   5.905e+07   1.000e+00
    346  171679.148     358       0  -3.723839600000000e+07   6.767e+07   1.000e+00
    347  172164.380     359       0  -3.723844800000000e+07   1.666e+08   1.000e+00
    348  172660.424     360       0  -3.723851600000000e+07   7.252e+07   1.000e+00
    349  173156.905     361       0  -3.723856400000000e+07   5.391e+07   1.000e+00
    350  173649.351     362       0  -3.723861600000000e+07   6.402e+07   1.000e+00
    351  174127.810     363       0  -3.723869200000000e+07   1.048e+08   1.000e+00
    352  174618.465     364       0  -3.723876800000000e+07   8.251e+07   1.000e+00
    353  175108.877     365       0  -3.723880800000000e+07   5.091e+07   1.000e+00
    354  175595.582     366       0  -3.723886000000000e+07   6.193e+07   1.000e+00
    355  176083.142     367       0  -3.723891600000000e+07   8.127e+07   1.000e+00
    356  176578.841     368       0  -3.723898800000000e+07   6.679e+07   1.000e+00
    357  177057.662     369       0  -3.723906800000000e+07   6.760e+07   1.000e+00
    358  177537.743     370       0  -3.723913200000000e+07   1.432e+08   1.000e+00
    359  178018.278     371       0  -3.723918400000000e+07   5.989e+07   1.000e+00
    360  178495.474     372       0  -3.723922000000000e+07   4.974e+07   1.000e+00
    361  178974.366     373       0  -3.723926000000000e+07   6.502e+07   1.000e+00
    362  179457.676     374       0  -3.723932400000000e+07   1.474e+08   1.000e+00
    363  179951.390     375       0  -3.723938800000000e+07   7.336e+07   1.000e+00
    364  180428.995     376       0  -3.723944400000000e+07   5.091e+07   1.000e+00
    365  180910.484     377       0  -3.723948800000000e+07   5.651e+07   1.000e+00
    366  181390.690     378       0  -3.723956000000000e+07   1.053e+08   1.000e+00
    367  181870.162     379       0  -3.723962400000000e+07   6.024e+07   1.000e+00
    368  182349.337     380       0  -3.723965600000000e+07   5.013e+07   1.000e+00
    369  182830.420     381       0  -3.723971600000000e+07   7.025e+07   1.000e+00
    370  183324.022     382       0  -3.723975200000000e+07   1.498e+08   1.000e+00
    371  183820.367     383       0  -3.723979600000000e+07   6.538e+07   1.000e+00
    372  184316.284     384       0  -3.723984000000000e+07   4.882e+07   1.000e+00
    373  184812.898     385       0  -3.723989200000000e+07   5.956e+07   1.000e+00
    374  185293.754     386       0  -3.723996000000000e+07   8.606e+07   1.000e+00
    375  185774.712     387       0  -3.724000800000000e+07   1.422e+08   1.000e+00
    376  186258.768     388       0  -3.724005600000000e+07   5.175e+07   1.000e+00
    377  186754.999     389       0  -3.724007200000000e+07   5.033e+07   1.000e+00
    378  187252.877     390       0  -3.724012000000000e+07   6.397e+07   1.000e+00
    379  187748.335     391       0  -3.724016800000000e+07   1.554e+08   1.000e+00
    380  188230.107     392       0  -3.724022800000000e+07   7.282e+07   1.000e+00
    381  188711.527     393       0  -3.724027200000000e+07   5.169e+07   1.000e+00
    382  189190.832     394       0  -3.724030400000000e+07   5.857e+07   1.000e+00
    383  189673.416     395       0  -3.724036400000000e+07   7.840e+07   1.000e+00
    384  190162.421     396       0  -3.724042000000000e+07   1.164e+08   1.000e+00
    385  190658.939     397       0  -3.724046000000000e+07   4.958e+07   1.000e+00
    386  191158.415     398       0  -3.724048400000000e+07   5.359e+07   1.000e+00
    387  191655.800     399       0  -3.724051600000000e+07   6.208e+07   1.000e+00
    388  192148.534     400       0  -3.724054800000000e+07   1.719e+08   1.000e+00
    389  192643.666     401       0  -3.724060800000000e+07   6.144e+07   1.000e+00
    390  193134.726     402       0  -3.724064000000000e+07   4.616e+07   1.000e+00
    391  193631.749     403       0  -3.724066800000000e+07   5.596e+07   1.000e+00
    392  194122.722     404       0  -3.724072800000000e+07   6.882e+07   1.000e+00
    393  194605.382     405       0  -3.724075200000000e+07   1.804e+08   1.000e+00
    394  195090.131     406       0  -3.724081600000000e+07   5.134e+07   1.000e+00
    395  195593.040     407       0  -3.724083200000000e+07   4.385e+07   1.000e+00
    396  196122.659     408       0  -3.724086800000000e+07   5.537e+07   1.000e+00
    397  196648.369     409       0  -3.724091600000000e+07   1.338e+08   1.000e+00
    398  197177.669     410       0  -3.724096400000000e+07   6.808e+07   1.000e+00
    399  197705.733     411       0  -3.724100000000000e+07   5.039e+07   1.000e+00
    400  198234.382     412       0  -3.724103600000000e+07   5.740e+07   1.000e+00
    401  198761.023     413       0  -3.724109200000000e+07   7.969e+07   1.000e+00
    402  199289.177     414       0  -3.724112800000000e+07   1.319e+08   1.000e+00
    403  199816.678     415       0  -3.724116800000000e+07   5.312e+07   1.000e+00
    404  200344.099     416       0  -3.724119200000000e+07   4.738e+07   1.000e+00
    405  200876.404     417       0  -3.724122000000000e+07   5.802e+07   1.000e+00
    406  201409.370     418       0  -3.724126400000000e+07   1.158e+08   1.000e+00
    407  201945.472     419       0  -3.724132000000000e+07   6.296e+07   1.000e+00
    408  202495.632     420       0  -3.724134000000000e+07   4.757e+07   1.000e+00
    409  203032.924     421       0  -3.724139200000000e+07   5.335e+07   1.000e+00
    410  203568.609     422       0  -3.724142400000000e+07   1.158e+08   1.000e+00
    411  204119.063     423       0  -3.724146000000000e+07   5.892e+07   1.000e+00
    412  204653.024     424       0  -3.724150000000000e+07   4.630e+07   1.000e+00
    413  205190.437     425       0  -3.724152800000000e+07   5.192e+07   1.000e+00
    414  205727.298     426       0  -3.724157200000000e+07   1.201e+08   1.000e+00
    415  206267.509     427       0  -3.724162000000000e+07   5.804e+07   1.000e+00
    416  206805.659     428       0  -3.724164400000000e+07   4.304e+07   1.000e+00
    417  207350.981     429       0  -3.724168000000000e+07   5.184e+07   1.000e+00
    418  207910.468     430       0  -3.724172000000000e+07   9.078e+07   1.000e+00
    419  208453.765     431       0  -3.724176000000000e+07   5.795e+07   1.000e+00
    420  208998.946     432       0  -3.724180400000000e+07   4.886e+07   1.000e+00
    421  209548.397     433       0  -3.724184000000000e+07   6.397e+07   1.000e+00
    422  210093.844     434       0  -3.724188400000000e+07   5.765e+07   1.000e+00
    423  210638.167     435       0  -3.724191200000000e+07   5.235e+07   1.000e+00
    424  211192.323     436       0  -3.724195200000000e+07   5.501e+07   1.000e+00
    425  211738.031     437       0  -3.724198800000000e+07   5.864e+07   1.000e+00
    426  212283.125     438       0  -3.724202800000000e+07   5.739e+07   1.000e+00
    427  212830.641     439       0  -3.724206400000000e+07   7.664e+07   1.000e+00
    428  213378.567     440       0  -3.724209600000000e+07   4.929e+07   1.000e+00
    429  213925.409     441       0  -3.724211200000000e+07   4.241e+07   1.000e+00
    430  214470.769     442       0  -3.724214400000000e+07   5.533e+07   1.000e+00
    431  215017.535     443       0  -3.724217600000000e+07   7.260e+07   1.000e+00
    432  215562.423     444       0  -3.724219600000000e+07   4.369e+07   1.000e+00
    433  216083.275     445       0  -3.724222000000000e+07   4.126e+07   1.000e+00
    434  216587.595     446       0  -3.724224400000000e+07   5.023e+07   1.000e+00
    435  217108.931     447       0  -3.724227600000000e+07   8.375e+07   1.000e+00
    436  217636.761     448       0  -3.724230400000000e+07   4.640e+07   1.000e+00
    437  218163.926     449       0  -3.724233200000000e+07   4.894e+07   1.000e+00
    438  218669.390     450       0  -3.724236000000000e+07   5.771e+07   1.000e+00
    439  219178.639     451       0  -3.724238000000000e+07   1.555e+08   1.000e+00
    440  219683.599     452       0  -3.724242400000000e+07   5.174e+07   1.000e+00
    441  220187.144     453       0  -3.724244400000000e+07   3.761e+07   1.000e+00
    442  220687.344     454       0  -3.724246400000000e+07   4.474e+07   1.000e+00
    443  221196.881     455       0  -3.724249600000000e+07   5.812e+07   1.000e+00
    444  221693.060     456       0  -3.724252000000000e+07   9.954e+07   1.000e+00
    445  222195.621     457       0  -3.724255200000000e+07   3.843e+07   1.000e+00
    446  222697.970     458       0  -3.724256400000000e+07   3.955e+07   1.000e+00
    447  223181.967     459       0  -3.724258800000000e+07   4.768e+07   1.000e+00
    448  223681.931     460       0  -3.724260400000000e+07   1.262e+08   1.000e+00
    449  224179.585     461       0  -3.724263600000000e+07   5.336e+07   1.000e+00
    450  224680.235     462       0  -3.724264800000000e+07   3.968e+07   1.000e+00
    451  225177.002     463       0  -3.724267200000000e+07   4.720e+07   1.000e+00
    452  225674.594     464       0  -3.724270400000000e+07   5.203e+07   1.000e+00
    453  226642.787     466       0  -3.724272800000000e+07   8.255e+07   4.683e-01
    454  227107.425     467       0  -3.724275600000000e+07   4.376e+07   1.000e+00
    455  227571.860     468       0  -3.724278000000000e+07   3.731e+07   1.000e+00
    456  228036.311     469       0  -3.724279600000000e+07   5.449e+07   1.000e+00
    457  228512.989     470       0  -3.724282800000000e+07   7.128e+07   1.000e+00
    458  228977.644     471       0  -3.724286000000000e+07   4.755e+07   1.000e+00
    459  229442.041     472       0  -3.724288800000000e+07   4.572e+07   1.000e+00
    460  229918.479     473       0  -3.724290800000000e+07   5.722e+07   1.000e+00
    461  230383.600     474       0  -3.724293600000000e+07   4.707e+07   1.000e+00
    462  230848.336     475       0  -3.724296400000000e+07   7.898e+07   1.000e+00
    463  231313.579     476       0  -3.724298800000000e+07   4.282e+07   1.000e+00
    464  231778.715     477       0  -3.724300400000000e+07   4.034e+07   1.000e+00
    465  232243.850     478       0  -3.724304000000000e+07   5.797e+07   1.000e+00
    466  232708.282     479       0  -3.724306000000000e+07   9.182e+07   1.000e+00
    467  233172.502     480       0  -3.724308400000000e+07   4.488e+07   1.000e+00
    468  233651.436     481       0  -3.724310800000000e+07   3.806e+07   1.000e+00
    469  234115.439     482       0  -3.724312400000000e+07   4.352e+07   1.000e+00
    470  234580.228     483       0  -3.724314800000000e+07   1.061e+08   1.000e+00
    471  235056.863     484       0  -3.724318000000000e+07   4.116e+07   1.000e+00
    472  235525.984     485       0  -3.724319600000000e+07   3.605e+07   1.000e+00
    473  235999.132     486       0  -3.724321200000000e+07   4.592e+07   1.000e+00
    474  236470.853     487       0  -3.724325200000000e+07   7.361e+07   1.000e+00
    475  236935.729     488       0  -3.724328400000000e+07   7.005e+07   1.000e+00
    476  237400.093     489       0  -3.724330800000000e+07   4.109e+07   1.000e+00
    477  237864.562     490       0  -3.724333200000000e+07   4.391e+07   1.000e+00
    478  238329.366     491       0  -3.724335200000000e+07   5.482e+07   1.000e+00
    479  238802.781     492       0  -3.724338400000000e+07   4.884e+07   1.000e+00
    480  239267.077     493       0  -3.724340400000000e+07   4.349e+07   1.000e+00
    481  239731.212     494       0  -3.724343600000000e+07   6.157e+07   1.000e+00
    482  240209.771     495       0  -3.724346000000000e+07   5.196e+07   1.000e+00
    483  240674.334     496       0  -3.724348000000000e+07   4.394e+07   1.000e+00
    484  241139.884     497       0  -3.724351200000000e+07   5.789e+07   1.000e+00
    485  241604.635     498       0  -3.724353200000000e+07   9.773e+07   1.000e+00
    486  242084.265     499       0  -3.724355600000000e+07   4.474e+07   1.000e+00
    487  242557.617     500       0  -3.724357200000000e+07   3.349e+07   1.000e+00
    488  243031.353     501       0  -3.724358800000000e+07   4.200e+07   1.000e+00
    489  243504.692     502       0  -3.724361600000000e+07   7.279e+07   1.000e+00
    490  243981.338     503       0  -3.724364800000000e+07   5.200e+07   1.000e+00
    491  244451.669     504       0  -3.724366400000000e+07   3.757e+07   1.000e+00
    492  244920.260     505       0  -3.724370400000000e+07   4.819e+07   1.000e+00
    493  245403.995     506       0  -3.724372400000000e+07   9.813e+07   1.000e+00
    494  245872.642     507       0  -3.724374400000000e+07   4.794e+07   1.000e+00
    495  246346.556     508       0  -3.724376400000000e+07   3.742e+07   1.000e+00
    496  246823.593     509       0  -3.724378400000000e+07   4.408e+07   1.000e+00
    497  247313.379     510       0  -3.724382800000000e+07   6.240e+07   1.000e+00
    498  247801.273     511       0  -3.724383200000000e+07   1.288e+08   1.000e+00
    499  248290.181     512       0  -3.724386800000000e+07   3.763e+07   1.000e+00
    500  248777.438     513       0  -3.724387600000000e+07   3.149e+07   1.000e+00
    501  249265.830     514       0  -3.724389600000000e+07   4.079e+07   1.000e+00
    502  249753.258     515       0  -3.724392000000000e+07   8.495e+07   1.000e+00
    503  250249.375     516       0  -3.724394000000000e+07   5.045e+07   1.000e+00
    504  250737.949     517       0  -3.724396400000000e+07   3.591e+07   1.000e+00
    505  251225.766     518       0  -3.724398800000000e+07   4.609e+07   1.000e+00
    506  251713.698     519       0  -3.724400000000000e+07   5.912e+07   1.000e+00
    507  252189.070     520       0  -3.724402400000000e+07   3.987e+07   1.000e+00
    508  252669.589     521       0  -3.724404000000000e+07   4.163e+07   1.000e+00
    509  253155.618     522       0  -3.724405600000000e+07   4.912e+07   1.000e+00
    510  253655.720     523       0  -3.724408000000000e+07   5.377e+07   1.000e+00
    511  254153.449     524       0  -3.724410000000000e+07   4.324e+07   1.000e+00
    512  254650.519     525       0  -3.724411600000000e+07   4.150e+07   1.000e+00
    513  255145.744     526       0  -3.724413600000000e+07   4.342e+07   1.000e+00
    514  255629.962     527       0  -3.724415200000000e+07   3.949e+07   1.000e+00
    515  256111.210     528       0  -3.724417600000000e+07   5.820e+07   1.000e+00
    516  256605.369     529       0  -3.724419200000000e+07   4.486e+07   1.000e+00
    517  257116.967     530       0  -3.724420400000000e+07   3.839e+07   1.000e+00
    518  257614.356     531       0  -3.724422400000000e+07   4.657e+07   1.000e+00
    519  258109.564     532       0  -3.724424000000000e+07   5.493e+07   1.000e+00
    520  258605.569     533       0  -3.724426000000000e+07   3.802e+07   1.000e+00
    521  259101.942     534       0  -3.724427200000000e+07   3.815e+07   1.000e+00
    522  259598.915     535       0  -3.724429600000000e+07   6.058e+07   1.000e+00
    523  260094.302     536       0  -3.724430800000000e+07   4.231e+07   1.000e+00
    524  260589.376     537       0  -3.724433600000000e+07   4.097e+07   1.000e+00
    525  261087.076     538       0  -3.724435600000000e+07   7.027e+07   1.000e+00
    526  261581.752     539       0  -3.724437200000000e+07   4.276e+07   1.000e+00
    527  262075.955     540       0  -3.724439600000000e+07   3.751e+07   1.000e+00
    528  262575.736     541       0  -3.724441200000000e+07   4.764e+07   1.000e+00
    529  263073.736     542       0  -3.724444000000000e+07   6.760e+07   1.000e+00
    530  263570.747     543       0  -3.724446000000000e+07   4.265e+07   1.000e+00
    531  264080.899     544       0  -3.724448000000000e+07   3.736e+07   1.000e+00
    532  264578.324     545       0  -3.724450000000000e+07   4.295e+07   1.000e+00
    533  265073.227     546       0  -3.724451600000000e+07   7.638e+07   1.000e+00
    534  265569.781     547       0  -3.724453200000000e+07   3.746e+07   1.000e+00
    535  266055.511     548       0  -3.724454400000000e+07   3.387e+07   1.000e+00
    536  266548.918     549       0  -3.724456400000000e+07   3.781e+07   1.000e+00
    537  267045.729     550       0  -3.724458400000000e+07   8.962e+07   1.000e+00
    538  267555.109     551       0  -3.724460400000000e+07   3.714e+07   1.000e+00
    539  268050.929     552       0  -3.724461200000000e+07   3.082e+07   1.000e+00
    540  268549.966     553       0  -3.724462800000000e+07   3.797e+07   1.000e+00
    541  269045.474     554       0  -3.724465200000000e+07   5.459e+07   1.000e+00
    542  269541.353     555       0  -3.724467200000000e+07   7.210e+07   1.000e+00
    543  270037.203     556       0  -3.724468800000000e+07   3.468e+07   1.000e+00
    544  270534.157     557       0  -3.724470400000000e+07   3.647e+07   1.000e+00
    545  271041.881     558       0  -3.724472400000000e+07   4.203e+07   1.000e+00
    546  271537.977     559       0  -3.724473200000000e+07   1.063e+08   1.000e+00
    547  272033.733     560       0  -3.724475600000000e+07   3.830e+07   1.000e+00
    548  272531.621     561       0  -3.724476800000000e+07   2.975e+07   1.000e+00
    549  273029.900     562       0  -3.724477200000000e+07   3.489e+07   1.000e+00
    550  273509.037     563       0  -3.724480400000000e+07   4.646e+07   1.000e+00
    551  274001.923     564       0  -3.724481200000000e+07   7.217e+07   1.000e+00
    552  274506.426     565       0  -3.724482800000000e+07   2.844e+07   1.000e+00
    553  275013.817     566       0  -3.724483600000000e+07   3.075e+07   1.000e+00
    554  275519.010     567       0  -3.724485200000000e+07   3.893e+07   1.000e+00
    555  276025.496     568       0  -3.724486000000000e+07   1.019e+08   1.000e+00
    556  276530.124     569       0  -3.724488000000000e+07   4.348e+07   1.000e+00
    557  277034.540     570       0  -3.724490000000000e+07   3.356e+07   1.000e+00
    558  277537.906     571       0  -3.724491200000000e+07   3.789e+07   1.000e+00
    559  278042.465     572       0  -3.724494000000000e+07   4.495e+07   1.000e+00
    560  278974.943     574       0  -3.724495200000000e+07   5.565e+07   5.000e-01
    561  279441.661     575       0  -3.724496800000000e+07   3.019e+07   1.000e+00
    562  279915.242     576       0  -3.724497600000000e+07   3.228e+07   1.000e+00
    563  280381.478     577       0  -3.724499600000000e+07   4.030e+07   1.000e+00
    564  280848.292     578       0  -3.724500000000000e+07   1.172e+08   1.000e+00
    565  281315.653     579       0  -3.724502800000000e+07   4.316e+07   1.000e+00
    566  281785.031     580       0  -3.724503600000000e+07   2.890e+07   1.000e+00
    567  282251.369     581       0  -3.724505200000000e+07   3.420e+07   1.000e+00
    568  282718.042     582       0  -3.724507200000000e+07   3.951e+07   1.000e+00
    569  283185.023     583       0  -3.724508000000000e+07   1.319e+08   1.000e+00
    570  283651.858     584       0  -3.724511200000000e+07   3.428e+07   1.000e+00
    571  284118.402     585       0  -3.724512000000000e+07   2.652e+07   1.000e+00
    572  284583.871     586       0  -3.724512400000000e+07   3.249e+07   1.000e+00
    573  285050.580     587       0  -3.724514800000000e+07   6.311e+07   1.000e+00
    574  285517.038     588       0  -3.724516400000000e+07   4.155e+07   1.000e+00
    575  285983.290     589       0  -3.724518400000000e+07   3.262e+07   1.000e+00
    576  286451.630     590       0  -3.724520000000000e+07   5.399e+07   1.000e+00
    577  286919.754     591       0  -3.724521600000000e+07   4.400e+07   1.000e+00
    578  287386.392     592       0  -3.724522800000000e+07   3.566e+07   1.000e+00
    579  287852.593     593       0  -3.724526000000000e+07   4.950e+07   1.000e+00
    580  288327.436     594       0  -3.724526400000000e+07   6.359e+07   1.000e+00
    581  288793.140     595       0  -3.724528000000000e+07   3.649e+07   1.000e+00
    582  289260.131     596       0  -3.724529600000000e+07   2.911e+07   1.000e+00
    583  289727.072     597       0  -3.724530000000000e+07   3.248e+07   1.000e+00
    584  290193.277     598       0  -3.724530800000000e+07   9.855e+07   1.000e+00
    585  290659.829     599       0  -3.724533200000000e+07   2.936e+07   1.000e+00
    586  291126.948     600       0  -3.724534000000000e+07   2.751e+07   1.000e+00
    587  291601.006     601       0  -3.724535600000000e+07   3.553e+07   1.000e+00
    588  292067.873     602       0  -3.724537200000000e+07   8.867e+07   1.000e+00
    589  292534.246     603       0  -3.724538400000000e+07   3.876e+07   1.000e+00
    590  293003.062     604       0  -3.724539600000000e+07   2.920e+07   1.000e+00
    591  293469.818     605       0  -3.724541200000000e+07   3.367e+07   1.000e+00
    592  293939.325     606       0  -3.724542800000000e+07   7.096e+07   1.000e+00
    593  294414.128     607       0  -3.724544800000000e+07   3.353e+07   1.000e+00
    594  294906.289     608       0  -3.724546400000000e+07   3.118e+07   1.000e+00
    595  295378.144     609       0  -3.724548000000000e+07   3.880e+07   1.000e+00
    596  295853.213     610       0  -3.724550000000000e+07   8.219e+07   1.000e+00
    597  296327.667     611       0  -3.724552400000000e+07   3.981e+07   1.000e+00
    598  296800.407     612       0  -3.724553600000000e+07   2.984e+07   1.000e+00
    599  297273.697     613       0  -3.724555200000000e+07   3.450e+07   1.000e+00
    600  297746.212     614       0  -3.724556000000000e+07   7.146e+07   1.000e+00
    601  298217.520     615       0  -3.724558000000000e+07   3.743e+07   1.000e+00
    602  298691.325     616       0  -3.724559200000000e+07   3.067e+07   1.000e+00
    603  299168.433     617       0  -3.724560400000000e+07   3.464e+07   1.000e+00
    604  299641.648     618       0  -3.724561600000000e+07   8.288e+07   1.000e+00
    605  300127.755     619       0  -3.724563600000000e+07   3.656e+07   1.000e+00
    606  300600.729     620       0  -3.724564800000000e+07   2.842e+07   1.000e+00
    607  301074.716     621       0  -3.724566000000000e+07   3.476e+07   1.000e+00
    608  301547.203     622       0  -3.724567600000000e+07   5.935e+07   1.000e+00
    609  302035.828     623       0  -3.724569600000000e+07   4.257e+07   1.000e+00
    610  302508.579     624       0  -3.724570800000000e+07   3.108e+07   1.000e+00
    611  302982.247     625       0  -3.724572000000000e+07   4.210e+07   1.000e+00
    612  303467.077     626       0  -3.724573200000000e+07   5.433e+07   1.000e+00
    613  303941.675     627       0  -3.724574400000000e+07   3.489e+07   1.000e+00
    614  304414.775     628       0  -3.724576000000000e+07   3.085e+07   1.000e+00
    615  304888.848     629       0  -3.724576800000000e+07   3.751e+07   1.000e+00
    616  305362.549     630       0  -3.724578400000000e+07   5.462e+07   1.000e+00
    617  305837.991     631       0  -3.724580000000000e+07   3.661e+07   1.000e+00
    618  314271.612     650       0  -3.724580000000000e+07   3.661e+07   3.808e-06
# Termination: function reduction test satisfied
# Iter.   Time (ms)    Eval. Reject.       Obj. Func.           Grad.       Step
# ---------------------------------------------------------------------------------
      0     440.681       1       0  -3.701108800000000e+07   1.580e+09   0.000e+00
      1    4873.374      11       0  -3.704631600000000e+07   1.839e+09   2.003e-14
      2    5336.817      12       0  -3.706594000000000e+07   1.099e+09   1.000e+00
      3    5802.232      13       0  -3.707784800000000e+07   9.204e+08   1.000e+00
      4    6267.381      14       0  -3.708369200000000e+07   7.555e+08   1.000e+00
      5    6740.473      15       0  -3.709004800000000e+07   5.679e+08   1.000e+00
      6    7207.378      16       0  -3.709516800000000e+07   6.425e+08   1.000e+00
      7    7673.563      17       0  -3.709990000000000e+07   5.769e+08   1.000e+00
      8    8140.428      18       0  -3.710314400000000e+07   4.275e+08   1.000e+00
      9    8607.391      19       0  -3.710725200000000e+07   4.062e+08   1.000e+00
     10    9073.981      20       0  -3.711170800000000e+07   6.143e+08   1.000e+00
     11    9548.477      21       0  -3.711581200000000e+07   4.060e+08   1.000e+00
     12   10023.473      22       0  -3.712034800000000e+07   3.819e+08   1.000e+00
     13   10504.213      23       0  -3.712464400000000e+07   4.726e+08   1.000e+00
     14   11000.959      24       0  -3.712933600000000e+07   4.191e+08   1.000e+00
     15   11484.801      25       0  -3.713426400000000e+07   4.637e+08   1.000e+00
     16   11967.266      26       0  -3.713843200000000e+07   4.077e+08   1.000e+00
     17   12448.268      27       0  -3.714218400000000e+07   4.043e+08   1.000e+00
     18   12931.431      28       0  -3.714611200000000e+07   5.073e+08   1.000e+00
     19   13411.449      29       0  -3.714927200000000e+07   3.664e+08   1.000e+00
     20   13891.832      30       0  -3.715231600000000e+07   3.468e+08   1.000e+00
     21   14380.820      31       0  -3.715535200000000e+07   4.587e+08   1.000e+00
     22   14860.933      32       0  -3.715830400000000e+07   3.573e+08   1.000e+00
     23   15340.611      33       0  -3.716048400000000e+07   3.306e+08   1.000e+00
     24   15819.989      34       0  -3.716249200000000e+07   3.355e+08   1.000e+00
     25   16311.811      35       0  -3.716456000000000e+07   3.952e+08   1.000e+00
     26   16792.189      36       0  -3.716613600000000e+07   2.919e+08   1.000e+00
     27   17271.155      37       0  -3.716761600000000e+07   2.772e+08   1.000e+00
     28   17747.208      38       0  -3.716923600000000e+07   5.096e+08   1.000e+00
     29   18223.307      39       0  -3.717034000000000e+07   2.667e+08   1.000e+00
     30   18699.213      40       0  -3.717107600000000e+07   2.405e+08   1.000e+00
     31   19188.115      41       0  -3.717245200000000e+07   2.906e+08   1.000e+00
     32   19689.074      42       0  -3.717350400000000e+07   5.774e+08   1.000e+00
     33   20184.175      43       0  -3.717446800000000e+07   2.433e+08   1.000e+00
     34   20663.282      44       0  -3.717511200000000e+07   1.948e+08   1.000e+00
     35   21141.468      45       0  -3.717591600000000e+07   2.243e+08   1.000e+00
     36   21643.391      46       0  -3.717692000000000e+07   4.452e+08   1.000e+00
     37   22143.100      47       0  -3.717787600000000e+07   2.253e+08   1.000e+00
     38   22635.690      48       0  -3.717832000000000e+07   1.751e+08   1.000e+00
     39   23131.396      49       0  -3.717896000000000e+07   2.070e+08   1.000e+00
     40   23623.724      50       0  -3.717939600000000e+07   4.648e+08   1.000e+00
     41   24120.535      51       0  -3.717996000000000e+07   2.092e+08   1.000e+00
     42   24616.987      52       0  -3.718039600000000e+07   1.641e+08   1.000e+00
     43   25112.497      53       0  -3.718080000000000e+07   1.877e+08   1.000e+00
     44   25620.057      54       0  -3.718154000000000e+07   2.637e+08   1.000e+00
     45   26098.555      55       0  -3.718178400000000e+07   5.266e+08   1.000e+00
     46   26583.534      56       0  -3.718236800000000e+07   1.584e+08   1.000e+00
     47   27066.676      57       0  -3.718254000000000e+07   1.335e+08   1.000e+00
     48   27550.249      58       0  -3.718289600000000e+07   1.723e+08   1.000e+00
     49   28038.244      59       0  -3.718338000000000e+07   2.916e+08   1.000e+00
     50   28522.532      60       0  -3.718386800000000e+07   1.909e+08   1.000e+00
     51   29016.871      61       0  -3.718415200000000e+07   1.327e+08   1.000e+00
     52   29503.338      62       0  -3.718458000000000e+07   1.622e+08   1.000e+00
     53   29991.419      63       0  -3.718488400000000e+07   2.899e+08   1.000e+00
     54   30487.549      64       0  -3.718523200000000e+07   1.814e+08   1.000e+00
     55   30991.842      65       0  -3.718571600000000e+07   1.489e+08   1.000e+00
     56   31495.571      66       0  -3.718599200000000e+07   1.915e+08   1.000e+00
     57   31999.408      67       0  -3.718640800000000e+07   1.704e+08   1.000e+00
     58   32499.543      68       0  -3.718677200000000e+07   1.912e+08   1.000e+00
     59   32996.188      69       0  -3.718715200000000e+07   1.650e+08   1.000e+00
     60   33499.215      70       0  -3.718748000000000e+07   1.642e+08   1.000e+00
     61   34003.821      71       0  -3.718784000000000e+07   1.852e+08   1.000e+00
     62   34506.884      72       0  -3.718820000000000e+07   1.569e+08   1.000e+00
     63   34989.638      73       0  -3.718852400000000e+07   1.620e+08   1.000e+00
     64   35482.642      74       0  -3.718883200000000e+07   2.031e+08   1.000e+00
     65   35982.138      75       0  -3.718910800000000e+07   1.470e+08   1.000e+00
     66   36469.306      76       0  -3.718941200000000e+07   1.387e+08   1.000e+00
     67   36979.286      77       0  -3.718980400000000e+07   2.363e+08   1.000e+00
     68   37478.115      78       0  -3.719017600000000e+07   1.896e+08   1.000e+00
     69   37978.748      79       0  -3.719045200000000e+07   1.470e+08   1.000e+00
     70   38477.405      80       0  -3.719081200000000e+07   1.709e+08   1.000e+00
     71   39001.472      81       0  -3.719111200000000e+07   2.267e+08   1.000e+00
     72   39510.831      82       0  -3.719141600000000e+07   1.525e+08   1.000e+00
     73   40014.865      83       0  -3.719188400000000e+07   1.573e+08   1.000e+00
     74   40522.890      84       0  -3.719221200000000e+07   2.681e+08   1.000e+00
     75   41018.910      85       0  -3.719257200000000e+07   1.661e+08   1.000e+00
     76   41526.707      86       0  -3.719292800000000e+07   1.541e+08   1.000e+00
     77   42029.996      87       0  -3.719323200000000e+07   2.062e+08   1.000e+00
     78   42549.026      88       0  -3.719356800000000e+07   1.724e+08   1.000e+00
     79   43063.619      89       0  -3.719402800000000e+07   1.970e+08   1.000e+00
     80   43560.743      90       0  -3.719440800000000e+07   2.354e+08   1.000e+00
     81   44082.416      91       0  -3.719471600000000e+07   1.635e+08   1.000e+00
     82   44595.603      92       0  -3.719515600000000e+07   1.576e+08   1.000e+00
     83   45109.256      93       0  -3.719547600000000e+07   2.470e+08   1.000e+00
     84   45620.604      94       0  -3.719582000000000e+07   1.742e+08   1.000e+00
     85   46137.422      95       0  -3.719624000000000e+07   1.710e+08   1.000e+00
     86   46637.949      96       0  -3.719653200000000e+07   1.942e+08   1.000e+00
     87   47148.697      97       0  -3.719681200000000e+07   1.655e+08   1.000e+00
     88   47660.185      98       0  -3.719726400000000e+07   2.810e+08   1.000e+00
     89   48156.215      99       0  -3.719764000000000e+07   2.137e+08   1.000e+00
     90   48655.394     100       0  -3.719786000000000e+07   1.697e+08   1.000e+00
     91   49151.776     101       0  -3.719835600000000e+07   1.799e+08   1.000e+00
     92   49649.123     102       0  -3.719866400000000e+07   3.430e+08   1.000e+00
     93   50143.965     103       0  -3.719895200000000e+07   1.840e+08   1.000e+00
     94   50646.094     104       0  -3.719929600000000e+07   1.379e+08   1.000e+00
     95   51150.651     105       0  -3.719953200000000e+07   1.600e+08   1.000e+00
     96   51695.949     106       0  -3.719996400000000e+07   2.097e+08   1.000e+00
     97   52204.197     107       0  -3.720032000000000e+07   3.009e+08   1.000e+00
     98   52734.936     108       0  -3.720059200000000e+07   1.818e+08   1.000e+00
     99   53244.929     109       0  -3.720099200000000e+07   1.596e+08   1.000e+00
    100   53742.386     110       0  -3.720129600000000e+07   1.704e+08   1.000e+00
    101   54254.607     111       0  -3.720173200000000e+07   3.202e+08   1.000e+00
    102   54755.096     112       0  -3.720208800000000e+07   1.411e+08   1.000e+00
    103   55258.965     113       0  -3.720224400000000e+07   1.359e+08   1.000e+00
    104   55749.595     114       0  -3.720255600000000e+07   1.472e+08   1.000e+00
    105   56241.822     115       0  -3.720272400000000e+07   4.923e+08   1.000e+00
    106   56739.705     116       0  -3.720318000000000e+07   1.561e+08   1.000e+00
    107   57229.802     117       0  -3.720336800000000e+07   1.083e+08   1.000e+00
    108   57740.308     118       0  -3.720365600000000e+07   1.359e+08   1.000e+00
    109   58248.965     119       0  -3.720403200000000e+07   1.831e+08   1.000e+00
    110   58755.685     120       0  -3.720446000000000e+07   2.433e+08   1.000e+00
    111   59256.304     121       0  -3.720466800000000e+07   1.068e+08   1.000e+00
    112   59762.973     122       0  -3.720482000000000e+07   1.307e+08   1.000e+00
    113   60272.599     123       0  -3.720510000000000e+07   1.550e+08   1.000e+00
    114   60784.043     124       0  -3.720549600000000e+07   3.440e+08   1.000e+00
    115   61312.091     125       0  -3.720588400000000e+07   1.509e+08   1.000e+00
    116   61806.759     126       0  -3.720612800000000e+07   1.240e+08   1.000e+00
    117   62305.019     127       0  -3.720638400000000e+07   1.296e+08   1.000e+00
    118   62802.020     128       0  -3.720668400000000e+07   3.277e+08   1.000e+00
    119   63301.599     129       0  -3.720698400000000e+07   1.323e+08   1.000e+00
    120   63822.571     130       0  -3.720715200000000e+07   1.039e+08   1.000e+00
    121   64345.484     131       0  -3.720734800000000e+07   1.314e+08   1.000e+00
    122   64868.890     132       0  -3.720771200000000e+07   1.755e+08   1.000e+00
    123   65406.077     133       0  -3.720801200000000e+07   3.679e+08   1.000e+00
    124   65947.925     134       0  -3.720828000000000e+07   1.157e+08   1.000e+00
    125   66461.877     135       0  -3.720836800000000e+07   9.743e+07   1.000e+00
    126   66973.740     136       0  -3.720855600000000e+07   1.209e+08   1.000e+00
    127   67489.956     137       0  -3.720888000000000e+07   2.058e+08   1.000e+00
    128   67995.813     138       0  -3.720921600000000e+07   1.617e+08   1.000e+00
    129   68501.325     139       0  -3.720941600000000e+07   1.057e+08   1.000e+00
    130   69024.865     140       0  -3.720969200000000e+07   1.138e+08   1.000e+00
    131   69547.731     141       0  -3.720989200000000e+07   1.976e+08   1.000e+00
    132   70080.811     142       0  -3.721008400000000e+07   1.219e+08   1.000e+00
    133   70616.130     143       0  -3.721038800000000e+07   1.086e+08   1.000e+00
    134   71138.710     144       0  -3.721059600000000e+07   1.318e+08   1.000e+00
    135   71665.626     145       0  -3.721091200000000e+07   2.081e+08   1.000e+00
    136   72179.058     146       0  -3.721110800000000e+07   1.102e+08   1.000e+00
    137   72697.816     147       0  -3.721123200000000e+07   1.122e+08   1.000e+00
    138   73212.857     148       0  -3.721143200000000e+07   1.302e+08   1.000e+00
    139   73749.621     149       0  -3.721164400000000e+07   3.475e+08   1.000e+00
    140   74271.877     150       0  -3.721190400000000e+07   1.277e+08   1.000e+00
    141   74798.146     151       0  -3.721205600000000e+07   9.341e+07   1.000e+00
    142   75320.427     152       0  -3.721224400000000e+07   1.124e+08   1.000e+00
    143   75853.637     153       0  -3.721252400000000e+07   1.700e+08   1.000e+00
    144   76375.491     154       0  -3.721284800000000e+07   1.590e+08   1.000e+00
    145   76896.785     155       0  -3.721299600000000e+07   9.301e+07   1.000e+00
    146   77412.553     156       0  -3.721316400000000e+07   1.190e+08   1.000e+00
    147   77936.540     157       0  -3.721335200000000e+07   1.494e+08   1.000e+00
    148   78471.553     158       0  -3.721362000000000e+07   1.372e+08   1.000e+00
    149   79003.688     159       0  -3.721386000000000e+07   1.170e+08   1.000e+00
    150   79531.346     160       0  -3.721412000000000e+07   1.726e+08   1.000e+00
    151   80087.271     161       0  -3.721428400000000e+07   1.204e+08   1.000e+00
    152   80637.627     162       0  -3.721439200000000e+07   1.057e+08   1.000e+00
    153   81151.833     163       0  -3.721457600000000e+07   1.328e+08   1.000e+00
    154   81653.516     164       0  -3.721473600000000e+07   2.454e+08   1.000e+00
    155   82148.407     165       0  -3.721486400000000e+07   1.139e+08   1.000e+00
    156   82662.342     166       0  -3.721499200000000e+07   8.196e+07   1.000e+00
    157   83155.889     167       0  -3.721510400000000e+07   9.784e+07   1.000e+00
    158   83651.751     168       0  -3.721530400000000e+07   1.596e+08   1.000e+00
    159   84155.252     169       0  -3.721552400000000e+07   1.604e+08   1.000e+00
    160   84686.089     170       0  -3.721566000000000e+07   9.842e+07   1.000e+00
    161   85226.199     171       0  -3.721581600000000e+07   1.163e+08   1.000e+00
    162   85756.013     172       0  -3.721593600000000e+07   1.464e+08   1.000e+00
    163   86276.204     173       0  -3.721608000000000e+07   9.161e+07   1.000e+00
    164   86776.386     174       0  -3.721624400000000e+07   8.372e+07   1.000e+00
    165   87279.126     175       0  -3.721638000000000e+07   1.727e+08   1.000e+00
    166   87788.902     176       0  -3.721650800000000e+07   9.246e+07   1.000e+00
    167   88293.565     177       0  -3.721662000000000e+07   8.772e+07   1.000e+00
    168   88811.850     178       0  -3.721676400000000e+07   1.135e+08   1.000e+00
    169   89308.891     179       0  -3.721686000000000e+07   2.602e+08   1.000e+00
    170   89804.298     180       0  -3.721701200000000e+07   1.031e+08   1.000e+00
    171   90307.816     181       0  -3.721711200000000e+07   7.838e+07   1.000e+00
    172   90821.946     182       0  -3.721723200000000e+07   1.000e+08   1.000e+00
    173   91321.156     183       0  -3.721741600000000e+07   1.375e+08   1.000e+00
    174   91821.190     184       0  -3.721758800000000e+07   1.773e+08   1.000e+00
    175   92320.281     185       0  -3.721768800000000e+07   7.900e+07   1.000e+00
    176   92816.250     186       0  -3.721776000000000e+07   8.710e+07   1.000e+00
    177   93316.433     187       0  -3.721787200000000e+07   1.071e+08   1.000e+00
    178   93830.340     188       0  -3.721803200000000e+07   2.601e+08   1.000e+00
    179   94333.622     189       0  -3.721820400000000e+07   1.093e+08   1.000e+00
    180   94839.636     190       0  -3.721833600000000e+07   8.656e+07   1.000e+00
    181   95362.777     191       0  -3.721845200000000e+07   9.787e+07   1.000e+00
    182   95865.498     192       0  -3.721864800000000e+07   2.036e+08   1.000e+00
    183   96376.675     193       0  -3.721882800000000e+07   9.829e+07   1.000e+00
    184   96886.346     194       0  -3.721890000000000e+07   7.625e+07   1.000e+00
    185   97410.097     195       0  -3.721901200000000e+07   9.239e+07   1.000e+00
    186   97908.161     196       0  -3.721915600000000e+07   1.285e+08   1.000e+00
    187   98414.456     197       0  -3.721933200000000e+07   1.251e+08   1.000e+00
    188   98939.290     198       0  -3.721944800000000e+07   8.816e+07   1.000e+00
    189   99444.589     199       0  -3.721958800000000e+07   9.521e+07   1.000e+00
    190   99944.200     200       0  -3.721971600000000e+07   1.274e+08   1.000e+00
    191  100452.383     201       0  -3.721987600000000e+07   9.470e+07   1.000e+00
    192  100961.270     202       0  -3.722005600000000e+07   1.046e+08   1.000e+00
    193  101470.197     203       0  -3.722019600000000e+07   1.352e+08   1.000e+00
    194  101976.112     204       0  -3.722028800000000e+07   8.535e+07   1.000e+00
    195  102487.369     205       0  -3.722040000000000e+07   8.318e+07   1.000e+00
    196  103006.588     206       0  -3.722052400000000e+07   1.154e+08   1.000e+00
    197  103518.686     207       0  -3.722070400000000e+07   1.247e+08   1.000e+00
    198  104052.733     208       0  -3.722083600000000e+07   1.218e+08   1.000e+00
    199  104577.200     209       0  -3.722094000000000e+07   8.847e+07   1.000e+00
    200  105109.797     210       0  -3.722105600000000e+07   8.032e+07   1.000e+00
    201  105655.548     211       0  -3.722115600000000e+07   1.446e+08   1.000e+00
    202  106211.137     212       0  -3.722127200000000e+07   9.949e+07   1.000e+00
    203  106760.534     213       0  -3.722142000000000e+07   9.045e+07   1.000e+00
    204  107292.247     214       0  -3.722152400000000e+07   1.259e+08   1.000e+00
    205  107835.985     215       0  -3.722162400000000e+07   8.972e+07   1.000e+00
    206  108380.786     216       0  -3.722178400000000e+07   9.640e+07   1.000e+00
    207  108924.658     217       0  -3.722188400000000e+07   1.293e+08   1.000e+00
    208  109452.310     218       0  -3.722196000000000e+07   9.153e+07   1.000e+00
    209  109989.609     219       0  -3.722211600000000e+07   8.556e+07   1.000e+00
    210  110547.468     220       0  -3.722222000000000e+07   1.227e+08   1.000e+00
    211  111086.479     221       0  -3.722236000000000e+07   9.879e+07   1.000e+00
    212  111631.981     222       0  -3.722250400000000e+07   1.717e+08   1.000e+00
    213  112169.513     223       0  -3.722261600000000e+07   7.750e+07   1.000e+00
    214  112724.383     224       0  -3.722267200000000e+07   7.290e+07   1.000e+00
    215  113236.229     225       0  -3.722279600000000e+07   9.662e+07   1.000e+00
    216  113716.356     226       0  -3.722290400000000e+07   2.099e+08   1.000e+00
    217  114203.853     227       0  -3.722300400000000e+07   9.133e+07   1.000e+00
    218  114695.592     228       0  -3.722310000000000e+07   7.043e+07   1.000e+00
    219  115194.892     229       0  -3.722320000000000e+07   8.338e+07   1.000e+00
    220  115690.178     230       0  -3.722334800000000e+07   1.559e+08   1.000e+00
    221  116192.821     231       0  -3.722347600000000e+07   7.298e+07   1.000e+00
    222  116690.120     232       0  -3.722354000000000e+07   6.389e+07   1.000e+00
    223  117172.650     233       0  -3.722363200000000e+07   8.555e+07   1.000e+00
    224  117652.374     234       0  -3.722373200000000e+07   1.784e+08   1.000e+00
    225  118132.660     235       0  -3.722382800000000e+07   9.174e+07   1.000e+00
    226  118616.539     236       0  -3.722392400000000e+07   7.883e+07   1.000e+00
    227  119107.741     237       0  -3.722402000000000e+07   8.741e+07   1.000e+00
    228  119617.611     238       0  -3.722418400000000e+07   1.652e+08   1.000e+00
    229  120134.183     239       0  -3.722432800000000e+07   1.081e+08   1.000e+00
    230  120627.428     240       0  -3.722438000000000e+07   6.605e+07   1.000e+00
    231  121133.110     241       0  -3.722444800000000e+07   7.641e+07   1.000e+00
    232  121661.321     242       0  -3.722452800000000e+07   1.056e+08   1.000e+00
    233  122180.829     243       0  -3.722464000000000e+07   8.241e+07   1.000e+00
    234  122691.217     244       0  -3.722476400000000e+07   7.662e+07   1.000e+00
    235  123196.042     245       0  -3.722485600000000e+07   1.773e+08   1.000e+00
    236  123714.913     246       0  -3.722493600000000e+07   7.156e+07   1.000e+00
    237  124247.136     247       0  -3.722497200000000e+07   6.002e+07   1.000e+00
    238  124768.807     248       0  -3.722504000000000e+07   8.008e+07   1.000e+00
    239  125287.910     249       0  -3.722513600000000e+07   1.549e+08   1.000e+00
    240  125807.681     250       0  -3.722523600000000e+07   8.860e+07   1.000e+00
    241  126311.321     251       0  -3.722532000000000e+07   6.231e+07   1.000e+00
    242  126832.517     252       0  -3.722539200000000e+07   7.834e+07   1.000e+00
    243  127344.851     253       0  -3.722548000000000e+07   9.610e+07   1.000e+00
    244  127864.239     254       0  -3.722554800000000e+07   6.753e+07   1.000e+00
    245  128383.391     255       0  -3.722563600000000e+07   7.278e+07   1.000e+00
    246  128898.025     256       0  -3.722571200000000e+07   9.450e+07   1.000e+00
    247  129422.939     257       0  -3.722580000000000e+07   8.817e+07   1.000e+00
    248  129937.268     258       0  -3.722588000000000e+07   7.488e+07   1.000e+00
    249  130450.570     259       0  -3.722596400000000e+07   7.317e+07   1.000e+00
    250  130981.504     260       0  -3.722604400000000e+07   1.028e+08   1.000e+00
    251  131521.039     261       0  -3.722613600000000e+07   7.026e+07   1.000e+00
    252  132063.654     262       0  -3.722622000000000e+07   7.358e+07   1.000e+00
    253  132591.663     263       0  -3.722629200000000e+07   1.122e+08   1.000e+00
    254  133121.356     264       0  -3.722635600000000e+07   6.775e+07   1.000e+00
    255  133659.445     265       0  -3.722641200000000e+07   6.079e+07   1.000e+00
    256  134199.763     266       0  -3.722649600000000e+07   7.777e+07   1.000e+00
    257  134743.376     267       0  -3.722657200000000e+07   1.482e+08   1.000e+00
    258  135273.376     268       0  -3.722664800000000e+07   6.506e+07   1.000e+00
    259  135823.027     269       0  -3.722668000000000e+07   5.837e+07   1.000e+00
    260  136367.484     270       0  -3.722675200000000e+07   6.833e+07   1.000e+00
    261  136920.647     271       0  -3.722681600000000e+07   1.930e+08   1.000e+00
    262  137459.741     272       0  -3.722690000000000e+07   7.650e+07   1.000e+00
    263  137995.619     273       0  -3.722695200000000e+07   5.294e+07   1.000e+00
    264  138541.927     274       0  -3.722700400000000e+07   6.434e+07   1.000e+00
    265  139065.016     275       0  -3.722708800000000e+07   8.971e+07   1.000e+00
    266  139609.806     276       0  -3.722718000000000e+07   1.316e+08   1.000e+00
    267  140165.593     277       0  -3.722723600000000e+07   6.001e+07   1.000e+00
    268  140670.527     278       0  -3.722727600000000e+07   6.813e+07   1.000e+00
    269  141167.957     279       0  -3.722734000000000e+07   8.098e+07   1.000e+00
    270  141683.158     280       0  -3.722740400000000e+07   1.994e+08   1.000e+00
    271  142183.093     281       0  -3.722750400000000e+07   8.502e+07   1.000e+00
    272  142683.928     282       0  -3.722756000000000e+07   6.187e+07   1.000e+00
    273  143183.529     283       0  -3.722760800000000e+07   6.910e+07   1.000e+00
    274  143685.583     284       0  -3.722770400000000e+07   8.188e+07   1.000e+00
    275  144184.907     285       0  -3.722773200000000e+07   2.256e+08   1.000e+00
    276  144685.401     286       0  -3.722782800000000e+07   6.170e+07   1.000e+00
    277  145175.264     287       0  -3.722785200000000e+07   5.147e+07   1.000e+00
    278  145682.759     288       0  -3.722791600000000e+07   6.968e+07   1.000e+00
    279  146174.021     289       0  -3.722800800000000e+07   1.081e+08   1.000e+00
    280  146680.314     290       0  -3.722811600000000e+07   1.161e+08   1.000e+00
    281  147191.249     291       0  -3.722818400000000e+07   6.450e+07   1.000e+00
    282  147710.475     292       0  -3.722824000000000e+07   6.249e+07   1.000e+00
    283  148220.556     293       0  -3.722830800000000e+07   7.288e+07   1.000e+00
    284  148748.216     294       0  -3.722838800000000e+07   1.126e+08   1.000e+00
    285  149257.494     295       0  -3.722844400000000e+07   5.990e+07   1.000e+00
    286  149770.634     296       0  -3.722851200000000e+07   6.189e+07   1.000e+00
    287  150287.458     297       0  -3.722856000000000e+07   7.153e+07   1.000e+00
    288  150791.905     298       0  -3.722865200000000e+07   1.165e+08   1.000e+00
    289  151310.210     299       0  -3.722871200000000e+07   5.734e+07   1.000e+00
    290  151831.016     300       0  -3.722874400000000e+07   6.072e+07   1.000e+00
    291  152403.762     301       0  -3.722880000000000e+07   6.811e+07   1.000e+00
    292  152911.759     302       0  -3.722885200000000e+07   2.061e+08   1.000e+00
    293  153427.556     303       0  -3.722893600000000e+07   6.559e+07   1.000e+00
    294  153944.563     304       0  -3.722896800000000e+07   4.817e+07   1.000e+00
    295  154473.197     305       0  -3.722902000000000e+07   5.795e+07   1.000e+00
    296  154980.777     306       0  -3.722908800000000e+07   8.686e+07   1.000e+00
    297  155508.215     307       0  -3.722917600000000e+07   7.164e+07   1.000e+00
    298  156031.426     308       0  -3.722921200000000e+07   4.557e+07   1.000e+00
    299  156552.634     309       0  -3.722924800000000e+07   5.704e+07   1.000e+00
    300  157074.688     310       0  -3.722930000000000e+07   8.379e+07   1.000e+00
    301  157591.567     311       0  -3.722936400000000e+07   6.526e+07   1.000e+00
    302  158119.055     312       0  -3.722942800000000e+07   6.109e+07   1.000e+00
    303  158639.421     313       0  -3.722950400000000e+07   1.176e+08   1.000e+00
    304  159182.467     314       0  -3.722955200000000e+07   6.290e+07   1.000e+00
    305  159702.759     315       0  -3.722958000000000e+07   5.822e+07   1.000e+00
    306  160218.987     316       0  -3.722964000000000e+07   7.486e+07   1.000e+00
    307  160747.547     317       0  -3.722968000000000e+07   1.618e+08   1.000e+00
    308  161299.813     318       0  -3.722973600000000e+07   6.561e+07   1.000e+00
    309  161826.312     319       0  -3.722977200000000e+07   4.837e+07   1.000e+00
    310  162329.323     320       0  -3.722981600000000e+07   5.590e+07   1.000e+00
    311  162853.689     321       0  -3.722987600000000e+07   9.548e+07   1.000e+00
    312  163366.889     322       0  -3.722994000000000e+07   5.524e+07   1.000e+00
    313  163859.358     323       0  -3.722997200000000e+07   4.724e+07   1.000e+00
    314  164366.055     324       0  -3.723003600000000e+07   7.519e+07   1.000e+00
    315  164880.868     325       0  -3.723006800000000e+07   1.332e+08   1.000e+00
    316  165384.520     326       0  -3.723010800000000e+07   6.432e+07   1.000e+00
    317  165895.489     327       0  -3.723014800000000e+07   5.110e+07   1.000e+00
    318  166433.529     328       0  -3.723018800000000e+07   5.994e+07   1.000e+00
    319  166956.526     329       0  -3.723025200000000e+07   8.208e+07   1.000e+00
    320  167479.193     330       0  -3.723028800000000e+07   1.483e+08   1.000e+00
    321  168000.221     331       0  -3.723033600000000e+07   4.975e+07   1.000e+00
    322  168523.253     332       0  -3.723035600000000e+07   4.516e+07   1.000e+00
    323  169043.182     333       0  -3.723039200000000e+07   6.035e+07   1.000e+00
    324  169567.607     334       0  -3.723043200000000e+07   1.482e+08   1.000e+00
    325  170092.247     335       0  -3.723048400000000e+07   6.450e+07   1.000e+00
    326  170615.354     336       0  -3.723052000000000e+07   4.505e+07   1.000e+00
    327  171139.630     337       0  -3.723054400000000e+07   5.074e+07   1.000e+00
    328  171663.333     338       0  -3.723058800000000e+07   6.145e+07   1.000e+00
    329  172187.445     339       0  -3.723060400000000e+07   1.709e+08   1.000e+00
    330  172707.766     340       0  -3.723066800000000e+07   4.897e+07   1.000e+00
    331  173242.708     341       0  -3.723068400000000e+07   4.274e+07   1.000e+00
    332  173763.094     342       0  -3.723072000000000e+07   5.606e+07   1.000e+00
    333  174284.928     343       0  -3.723076000000000e+07   1.290e+08   1.000e+00
    334  174820.640     344       0  -3.723080400000000e+07   5.901e+07   1.000e+00
    335  175343.360     345       0  -3.723083200000000e+07   4.229e+07   1.000e+00
    336  175864.178     346       0  -3.723085200000000e+07   4.886e+07   1.000e+00
    337  176387.058     347       0  -3.723090000000000e+07   7.526e+07   1.000e+00
    338  176907.439     348       0  -3.723094000000000e+07   7.623e+07   1.000e+00
    339  177431.016     349       0  -3.723096800000000e+07   4.632e+07   1.000e+00
    340  177952.172     350       0  -3.723100800000000e+07   5.035e+07   1.000e+00
    341  178483.710     351       0  -3.723104000000000e+07   6.810e+07   1.000e+00
    342  179003.369     352       0  -3.723108400000000e+07   4.857e+07   1.000e+00
    343  179528.217     353       0  -3.723113200000000e+07   5.575e+07   1.000e+00
    344  180052.041     354       0  -3.723116800000000e+07   7.332e+07   1.000e+00
    345  180539.805     355       0  -3.723118800000000e+07   4.813e+07   1.000e+00
    346  181047.402     356       0  -3.723122800000000e+07   4.485e+07   1.000e+00
    347  181555.368     357       0  -3.723125600000000e+07   5.713e+07   1.000e+00
    348  182053.888     358       0  -3.723130800000000e+07   7.975e+07   1.000e+00
    349  182547.457     359       0  -3.723135200000000e+07   5.798e+07   1.000e+00
    350  183056.833     360       0  -3.723138800000000e+07   5.015e+07   1.000e+00
    351  183550.683     361       0  -3.723142400000000e+07   4.959e+07   1.000e+00
    352  184046.871     362       0  -3.723146800000000e+07   1.252e+08   1.000e+00
    353  184589.251     363       0  -3.723151200000000e+07   5.365e+07   1.000e+00
    354  185120.890     364       0  -3.723153600000000e+07   4.156e+07   1.000e+00
    355  185632.167     365       0  -3.723156400000000e+07   4.844e+07   1.000e+00
    356  186131.955     366       0  -3.723160800000000e+07   8.671e+07   1.000e+00
    357  186648.826     367       0  -3.723165200000000e+07   5.273e+07   1.000e+00
    358  187144.444     368       0  -3.723167600000000e+07   4.765e+07   1.000e+00
    359  187639.825     369       0  -3.723172800000000e+07   6.713e+07   1.000e+00
    360  188141.044     370       0  -3.723176000000000e+07   8.779e+07   1.000e+00
    361  188648.423     371       0  -3.723178400000000e+07   4.857e+07   1.000e+00
    362  189150.040     372       0  -3.723182000000000e+07   4.241e+07   1.000e+00
    363  189664.219     373       0  -3.723184800000000e+07   4.580e+07   1.000e+00
    364  190182.044     374       0  -3.723188400000000e+07   1.063e+08   1.000e+00
    365  190731.302     375       0  -3.723192400000000e+07   4.511e+07   1.000e+00
    366  191310.629     376       0  -3.723194000000000e+07   4.346e+07   1.000e+00
    367  191801.756     377       0  -3.723198000000000e+07   5.257e+07   1.000e+00
    368  192302.066     378       0  -3.723200400000000e+07   1.378e+08   1.000e+00
    369  192799.948     379       0  -3.723204400000000e+07   5.201e+07   1.000e+00
    370  193296.630     380       0  -3.723206400000000e+07   3.802e+07   1.000e+00
    371  193808.463     381       0  -3.723208800000000e+07   4.714e+07   1.000e+00
    372  194315.486     382       0  -3.723213600000000e+07   5.728e+07   1.000e+00
    373  194830.167     383       0  -3.723216800000000e+07   1.206e+08   1.000e+00
    374  195338.149     384       0  -3.723220000000000e+07   3.617e+07   1.000e+00
    375  195841.859     385       0  -3.723220800000000e+07   3.627e+07   1.000e+00
    376  196361.010     386       0  -3.723224000000000e+07   4.843e+07   1.000e+00
    377  196874.204     387       0  -3.723227200000000e+07   1.145e+08   1.000e+00
    378  197367.207     388       0  -3.723230800000000e+07   5.808e+07   1.000e+00
    379  197898.242     389       0  -3.723234000000000e+07   4.469e+07   1.000e+00
    380  198403.070     390       0  -3.723236800000000e+07   4.875e+07   1.000e+00
    381  198905.825     391       0  -3.723240800000000e+07   8.781e+07   1.000e+00
    382  199410.854     392       0  -3.723244000000000e+07   4.693e+07   1.000e+00
    383  199926.071     393       0  -3.723245600000000e+07   3.785e+07   1.000e+00
    384  200436.668     394       0  -3.723248400000000e+07   4.775e+07   1.000e+00
    385  200937.706     395       0  -3.723250800000000e+07   1.017e+08   1.000e+00
    386  201438.390     396       0  -3.723254400000000e+07   5.297e+07   1.000e+00
    387  201943.505     397       0  -3.723256800000000e+07   3.997e+07   1.000e+00
    388  202449.928     398       0  -3.723259200000000e+07   4.292e+07   1.000e+00
    389  202951.008     399       0  -3.723262800000000e+07   1.043e+08   1.000e+00
    390  203487.375     400       0  -3.723266400000000e+07   4.473e+07   1.000e+00
    391  204010.767     401       0  -3.723268000000000e+07   3.686e+07   1.000e+00
    392  204506.153     402       0  -3.723270000000000e+07   4.608e+07   1.000e+00
    393  205016.107     403       0  -3.723272400000000e+07   1.104e+08   1.000e+00
    394  205541.501     404       0  -3.723275200000000e+07   5.089e+07   1.000e+00
    395  206052.873     405       0  -3.723277600000000e+07   3.802e+07   1.000e+00
    396  206557.797     406       0  -3.723279600000000e+07   4.284e+07   1.000e+00
    397  207076.441     407       0  -3.723283200000000e+07   6.634e+07   1.000e+00
    398  207580.039     408       0  -3.723285600000000e+07   9.131e+07   1.000e+00
    399  208090.519     409       0  -3.723287600000000e+07   3.612e+07   1.000e+00
    400  208612.768     410       0  -3.723288800000000e+07   3.625e+07   1.000e+00
    401  209126.732     411       0  -3.723290800000000e+07   4.371e+07   1.000e+00
    402  209680.707     412       0  -3.723292400000000e+07   1.103e+08   1.000e+00
    403  210158.825     413       0  -3.723295200000000e+07   4.734e+07   1.000e+00
    404  210636.879     414       0  -3.723296400000000e+07   3.571e+07   1.000e+00
    405  211114.819     415       0  -3.723298400000000e+07   4.107e+07   1.000e+00
    406  211609.557     416       0  -3.723301200000000e+07   4.934e+07   1.000e+00
    407  212122.741     417       0  -3.723302800000000e+07   1.296e+08   1.000e+00
    408  212621.562     418       0  -3.723306000000000e+07   3.784e+07   1.000e+00
    409  213121.336     419       0  -3.723307200000000e+07   3.118e+07   1.000e+00
    410  213619.818     420       0  -3.723308000000000e+07   4.061e+07   1.000e+00
    411  214120.530     421       0  -3.723311200000000e+07   6.766e+07   1.000e+00
    412  214619.592     422       0  -3.723313600000000e+07   5.330e+07   1.000e+00
    413  215119.172     423       0  -3.723316000000000e+07   3.602e+07   1.000e+00
    414  215619.797     424       0  -3.723318400000000e+07   4.070e+07   1.000e+00
    415  216106.169     425       0  -3.723320400000000e+07   6.713e+07   1.000e+00
    416  216589.546     426       0  -3.723321600000000e+07   4.019e+07   1.000e+00
    417  217095.615     427       0  -3.723324400000000e+07   3.767e+07   1.000e+00
    418  217592.883     428       0  -3.723325600000000e+07   4.160e+07   1.000e+00
    419  218073.832     429       0  -3.723328400000000e+07   1.123e+08   1.000e+00
    420  218570.603     430       0  -3.723330800000000e+07   3.766e+07   1.000e+00
    421  219058.153     431       0  -3.723332400000000e+07   3.308e+07   1.000e+00
    422  219546.060     432       0  -3.723334400000000e+07   4.084e+07   1.000e+00
    423  220036.524     433       0  -3.723336400000000e+07   9.846e+07   1.000e+00
    424  220527.920     434       0  -3.723339200000000e+07   4.801e+07   1.000e+00
    425  221019.831     435       0  -3.723341200000000e+07   3.378e+07   1.000e+00
    426  221512.115     436       0  -3.723342000000000e+07   3.819e+07   1.000e+00
    427  222010.727     437       0  -3.723344800000000e+07   6.808e+07   1.000e+00
    428  222502.531     438       0  -3.723347600000000e+07   4.495e+07   1.000e+00
    429  222994.119     439       0  -3.723348800000000e+07   3.583e+07   1.000e+00
    430  223483.655     440       0  -3.723351200000000e+07   4.503e+07   1.000e+00
    431  223969.257     441       0  -3.723352800000000e+07   1.011e+08   1.000e+00
    432  224466.216     442       0  -3.723354400000000e+07   4.314e+07   1.000e+00
    433  224960.555     443       0  -3.723356400000000e+07   3.193e+07   1.000e+00
    434  225445.425     444       0  -3.723358000000000e+07   3.897e+07   1.000e+00
    435  225935.924     445       0  -3.723360800000000e+07   4.674e+07   1.000e+00
    436  226855.458     447       0  -3.723362400000000e+07   7.185e+07   4.644e-01
    437  227330.129     448       0  -3.723364800000000e+07   3.409e+07   1.000e+00
    438  227790.538     449       0  -3.723367200000000e+07   3.058e+07   1.000e+00
    439  228250.916     450       0  -3.723368800000000e+07   4.114e+07   1.000e+00
    440  228711.193     451       0  -3.723370800000000e+07   7.159e+07   1.000e+00
    441  229171.544     452       0  -3.723372400000000e+07   3.902e+07   1.000e+00
    442  229632.002     453       0  -3.723373600000000e+07   3.589e+07   1.000e+00
    443  230092.777     454       0  -3.723375200000000e+07   4.001e+07   1.000e+00
    444  230553.044     455       0  -3.723377200000000e+07   1.190e+08   1.000e+00
    445  231028.959     456       0  -3.723380000000000e+07   3.852e+07   1.000e+00
    446  231494.029     457       0  -3.723381200000000e+07   2.992e+07   1.000e+00
    447  231961.236     458       0  -3.723383200000000e+07   3.460e+07   1.000e+00
    448  232442.875     459       0  -3.723385200000000e+07   4.734e+07   1.000e+00
    449  232909.530     460       0  -3.723386800000000e+07   7.647e+07   1.000e+00
    450  233376.103     461       0  -3.723389200000000e+07   3.257e+07   1.000e+00
    451  233845.239     462       0  -3.723390000000000e+07   3.235e+07   1.000e+00
    452  234309.271     463       0  -3.723391600000000e+07   3.926e+07   1.000e+00
    453  234776.726     464       0  -3.723392400000000e+07   1.114e+08   1.000e+00
    454  235245.349     465       0  -3.723394800000000e+07   3.906e+07   1.000e+00
    455  235709.638     466       0  -3.723396000000000e+07   2.767e+07   1.000e+00
    456  236180.187     467       0  -3.723397600000000e+07   3.474e+07   1.000e+00
    457  236648.169     468       0  -3.723399600000000e+07   3.858e+07   1.000e+00
    458  237549.554     470       0  -3.723400000000000e+07   6.110e+07   4.514e-01
    459  238014.003     471       0  -3.723402400000000e+07   3.105e+07   1.000e+00
    460  238474.960     472       0  -3.723403600000000e+07   2.847e+07   1.000e+00
    461  238935.248     473       0  -3.723405600000000e+07   4.172e+07   1.000e+00
    462  239396.421     474       0  -3.723406400000000e+07   6.749e+07   1.000e+00
    463  239865.099     475       0  -3.723408400000000e+07   3.617e+07   1.000e+00
    464  240325.413     476       0  -3.723410000000000e+07   3.291e+07   1.000e+00
    465  240785.805     477       0  -3.723410800000000e+07   3.593e+07   1.000e+00
    466  241246.566     478       0  -3.723412000000000e+07   1.065e+08   1.000e+00
    467  241707.791     479       0  -3.723414400000000e+07   3.389e+07   1.000e+00
    468  242167.912     480       0  -3.723415200000000e+07   2.668e+07   1.000e+00
    469  242627.707     481       0  -3.723416000000000e+07   3.219e+07   1.000e+00
    470  243088.346     482       0  -3.723418000000000e+07   4.215e+07   1.000e+00
    471  243549.438     483       0  -3.723419200000000e+07   8.747e+07   1.000e+00
    472  244009.742     484       0  -3.723421200000000e+07   3.214e+07   1.000e+00
    473  244469.700     485       0  -3.723422000000000e+07   2.894e+07   1.000e+00
    474  244939.948     486       0  -3.723423200000000e+07   3.485e+07   1.000e+00
    475  245400.009     487       0  -3.723424400000000e+07   9.585e+07   1.000e+00
    476  245860.481     488       0  -3.723425600000000e+07   3.949e+07   1.000e+00
    477  246331.680     489       0  -3.723427200000000e+07   2.844e+07   1.000e+00
    478  246792.351     490       0  -3.723428800000000e+07   3.576e+07   1.000e+00
    479  247252.758     491       0  -3.723430400000000e+07   4.127e+07   1.000e+00
    480  247713.081     492       0  -3.723432000000000e+07   1.174e+08   1.000e+00
    481  248179.928     493       0  -3.723435200000000e+07   3.493e+07   1.000e+00
    482  248640.974     494       0  -3.723436000000000e+07   2.529e+07   1.000e+00
    483  249101.402     495       0  -3.723437600000000e+07   3.368e+07   1.000e+00
    484  249561.239     496       0  -3.723439200000000e+07   6.419e+07   1.000e+00
    485  250029.473     497       0  -3.723441200000000e+07   4.045e+07   1.000e+00
    486  250494.143     498       0  -3.723443200000000e+07   3.069e+07   1.000e+00
    487  250961.246     499       0  -3.723444000000000e+07   4.349e+07   1.000e+00
    488  251432.190     500       0  -3.723445600000000e+07   3.423e+07   1.000e+00
    489  251919.253     501       0  -3.723448000000000e+07   3.372e+07   1.000e+00
    490  252379.471     502       0  -3.723449600000000e+07   5.828e+07   1.000e+00
    491  252839.690     503       0  -3.723451200000000e+07   3.565e+07   1.000e+00
    492  253303.248     504       0  -3.723452800000000e+07   3.011e+07   1.000e+00
    493  253766.175     505       0  -3.723453600000000e+07   3.968e+07   1.000e+00
    494  254226.849     506       0  -3.723454800000000e+07   3.494e+07   1.000e+00
    495  254687.003     507       0  -3.723456000000000e+07   3.064e+07   1.000e+00
    496  255148.872     508       0  -3.723457600000000e+07   3.511e+07   1.000e+00
    497  255608.950     509       0  -3.723458800000000e+07   4.973e+07   1.000e+00
    498  256069.465     510       0  -3.723460400000000e+07   3.135e+07   1.000e+00
    499  256529.740     511       0  -3.723461600000000e+07   2.940e+07   1.000e+00
    500  256990.526     512       0  -3.723462800000000e+07   4.059e+07   1.000e+00
    501  257451.064     513       0  -3.723464400000000e+07   3.447e+07   1.000e+00
    502  257916.838     514       0  -3.723466400000000e+07   4.051e+07   1.000e+00
    503  258394.288     515       0  -3.723467200000000e+07   3.057e+07   1.000e+00
    504  258861.065     516       0  -3.723468000000000e+07   2.850e+07   1.000e+00
    505  259332.236     517       0  -3.723469600000000e+07   4.554e+07   1.000e+00
    506  259807.565     518       0  -3.723471600000000e+07   3.462e+07   1.000e+00
    507  260280.624     519       0  -3.723473200000000e+07   3.066e+07   1.000e+00
    508  260756.427     520       0  -3.723474400000000e+07   3.426e+07   1.000e+00
    509  261232.783     521       0  -3.723475600000000e+07   3.059e+07   1.000e+00
    510  261711.788     522       0  -3.723477200000000e+07   2.633e+07   1.000e+00
    511  262184.241     523       0  -3.723478400000000e+07   3.101e+07   1.000e+00
    512  262650.210     524       0  -3.723478800000000e+07   6.589e+07   1.000e+00
    513  263113.614     525       0  -3.723480000000000e+07   2.879e+07   1.000e+00
    514  263592.925     526       0  -3.723481200000000e+07   2.450e+07   1.000e+00
    515  264057.549     527       0  -3.723482800000000e+07   2.968e+07   1.000e+00
    516  264528.479     528       0  -3.723485200000000e+07   4.308e+07   1.000e+00
    517  265006.271     529       0  -3.723486400000000e+07   6.227e+07   1.000e+00
    518  265488.688     530       0  -3.723487600000000e+07   2.511e+07   1.000e+00
    519  265966.963     531       0  -3.723488400000000e+07   2.448e+07   1.000e+00
    520  266447.032     532       0  -3.723489600000000e+07   3.213e+07   1.000e+00
    521  266930.296     533       0  -3.723491600000000e+07   7.127e+07   1.000e+00
    522  267411.361     534       0  -3.723493600000000e+07   3.514e+07   1.000e+00
    523  267894.800     535       0  -3.723494400000000e+07   2.509e+07   1.000e+00
    524  268371.506     536       0  -3.723496000000000e+07   2.689e+07   1.000e+00
    525  268853.213     537       0  -3.723498000000000e+07   4.142e+07   1.000e+00
    526  269340.580     538       0  -3.723500000000000e+07   3.230e+07   1.000e+00
    527  276358.441     554       0  -3.723500000000000e+07   3.230e+07   3.025e-06
# Termination: function reduction test satisfied
# Iter.   Time (ms)    Eval. Reject.       Obj. Func.           Grad.       Step
# ---------------------------------------------------------------------------------
      0     437.696       1       0  -3.700523600000000e+07   1.580e+09   0.000e+00
      1    4833.467      11       0  -3.704049600000000e+07   1.828e+09   1.989e-14
      2    5292.960      12       0  -3.706007200000000e+07   1.100e+09   1.000e+00
      3    5754.514      13       0  -3.707202800000000e+07   9.197e+08   1.000e+00
      4    6217.546      14       0  -3.707786400000000e+07   7.578e+08   1.000e+00
      5    6678.434      15       0  -3.708413600000000e+07   5.673e+08   1.000e+00
      6    7139.535      16       0  -3.708928000000000e+07   6.358e+08   1.000e+00
      7    7600.110      17       0  -3.709400800000000e+07   5.900e+08   1.000e+00
      8    8065.152      18       0  -3.709719200000000e+07   4.249e+08   1.000e+00
      9    8529.095      19       0  -3.710122000000000e+07   3.996e+08   1.000e+00
     10    8994.111      20       0  -3.710560400000000e+07   5.997e+08   1.000e+00
     11    9460.375      21       0  -3.710986800000000e+07   4.049e+08   1.000e+00
     12    9924.680      22       0  -3.711438800000000e+07   3.867e+08   1.000e+00
     13   10389.031      23       0  -3.711868400000000e+07   4.617e+08   1.000e+00
     14   10864.975      24       0  -3.712306800000000e+07   4.107e+08   1.000e+00
     15   11325.998      25       0  -3.712791200000000e+07   4.362e+08   1.000e+00
     16   11786.564      26       0  -3.713224000000000e+07   4.315e+08   1.000e+00
     17   12249.679      27       0  -3.713600400000000e+07   4.119e+08   1.000e+00
     18   12726.814      28       0  -3.713960000000000e+07   4.213e+08   1.000e+00
     19   13190.655      29       0  -3.714282400000000e+07   3.707e+08   1.000e+00
     20   13653.987      30       0  -3.714626000000000e+07   3.714e+08   1.000e+00
     21   14117.868      31       0  -3.714904000000000e+07   4.112e+08   1.000e+00
     22   14581.943      32       0  -3.715144000000000e+07   3.335e+08   1.000e+00
     23   15046.623      33       0  -3.715380000000000e+07   3.140e+08   1.000e+00
     24   15509.773      34       0  -3.715586400000000e+07   3.975e+08   1.000e+00
     25   15973.114      35       0  -3.715771600000000e+07   3.056e+08   1.000e+00
     26   16450.356      36       0  -3.715924000000000e+07   2.815e+08   1.000e+00
     27   16914.064      37       0  -3.716080000000000e+07   3.366e+08   1.000e+00
     28   17378.020      38       0  -3.716224000000000e+07   3.132e+08   1.000e+00
     29   17852.088      39       0  -3.716323200000000e+07   2.477e+08   1.000e+00
     30   18316.780      40       0  -3.716444000000000e+07   2.742e+08   1.000e+00
     31   18787.874      41       0  -3.716544000000000e+07   3.987e+08   1.000e+00
     32   19259.243      42       0  -3.716616800000000e+07   2.217e+08   1.000e+00
     33   19736.672      43       0  -3.716702400000000e+07   2.107e+08   1.000e+00
     34   20208.503      44       0  -3.716787600000000e+07   2.326e+08   1.000e+00
     35   20679.731      45       0  -3.716847200000000e+07   6.718e+08   1.000e+00
     36   21156.378      46       0  -3.716946000000000e+07   1.828e+08   1.000e+00
     37   21625.049      47       0  -3.716969600000000e+07   1.456e+08   1.000e+00
     38   22094.794      48       0  -3.717027600000000e+07   1.796e+08   1.000e+00
     39   22567.271      49       0  -3.717084800000000e+07   3.878e+08   1.000e+00
     40   23048.015      50       0  -3.717143200000000e+07   1.863e+08   1.000e+00
     41   23526.543      51       0  -3.717180000000000e+07   1.409e+08   1.000e+00
     42   24002.582      52       0  -3.717214000000000e+07   1.623e+08   1.000e+00
     43   24479.579      53       0  -3.717253200000000e+07   3.328e+08   1.000e+00
     44   24955.325      54       0  -3.717292000000000e+07   1.570e+08   1.000e+00
     45   25441.021      55       0  -3.717315600000000e+07   1.358e+08   1.000e+00
     46   25924.022      56       0  -3.717345200000000e+07   1.469e+08   1.000e+00
     47   26412.154      57       0  -3.717377600000000e+07   3.210e+08   1.000e+00
     48   26919.646      58       0  -3.717411200000000e+07   1.364e+08   1.000e+00
     49   27413.536      59       0  -3.717428400000000e+07   1.078e+08   1.000e+00
     50   27892.057      60       0  -3.717450000000000e+07   1.326e+08   1.000e+00
     51   28385.111      61       0  -3.717480000000000e+07   2.400e+08   1.000e+00
     52   28879.904      62       0  -3.717508800000000e+07   1.359e+08   1.000e+00
     53   29373.473      63       0  -3.717525200000000e+07   1.024e+08   1.000e+00
     54   29883.052      64       0  -3.717546400000000e+07   1.256e+08   1.000e+00
     55   30385.386      65       0  -3.717565200000000e+07   2.129e+08   1.000e+00
     56   30886.937      66       0  -3.717582000000000e+07   1.157e+08   1.000e+00
     57   31387.036      67       0  -3.717601600000000e+07   1.023e+08   1.000e+00
     58   31885.086      68       0  -3.717617600000000e+07   1.100e+08   1.000e+00
     59   32396.305      69       0  -3.717637600000000e+07   3.118e+08   1.000e+00
     60   32895.277      70       0  -3.717662400000000e+07   1.020e+08   1.000e+00
     61   33396.857      71       0  -3.717671600000000e+07   8.102e+07   1.000e+00
     62   33892.207      72       0  -3.717687600000000e+07   9.869e+07   1.000e+00
     63   34395.903      73       0  -3.717711200000000e+07   1.586e+08   1.000e+00
     64   34906.183      74       0  -3.717737200000000e+07   1.317e+08   1.000e+00
     65   35418.249      75       0  -3.717748800000000e+07   8.130e+07   1.000e+00
     66   35920.900      76       0  -3.717763600000000e+07   9.600e+07   1.000e+00
     67   36419.600      77       0  -3.717780400000000e+07   1.280e+08   1.000e+00
     68   36922.121      78       0  -3.717800400000000e+07   9.499e+07   1.000e+00
     69   37424.030      79       0  -3.717820800000000e+07   8.916e+07   1.000e+00
     70   37926.738      80       0  -3.717841200000000e+07   2.077e+08   1.000e+00
     71   38419.118      81       0  -3.717854000000000e+07   8.984e+07   1.000e+00
     72   38920.452      82       0  -3.717862400000000e+07   8.055e+07   1.000e+00
     73   39459.446      83       0  -3.717877200000000e+07   9.802e+07   1.000e+00
     74   39976.546      84       0  -3.717900000000000e+07   1.851e+08   1.000e+00
     75   40473.510      85       0  -3.717921200000000e+07   9.505e+07   1.000e+00
     76   40977.066      86       0  -3.717932800000000e+07   7.002e+07   1.000e+00
     77   41486.665      87       0  -3.717947600000000e+07   8.684e+07   1.000e+00
     78   41998.099      88       0  -3.717964000000000e+07   1.591e+08   1.000e+00
     79   42513.680      89       0  -3.717976800000000e+07   8.652e+07   1.000e+00
     80   43050.602      90       0  -3.717990000000000e+07   7.356e+07   1.000e+00
     81   43557.456      91       0  -3.718002400000000e+07   8.344e+07   1.000e+00
     82   44067.668      92       0  -3.718020000000000e+07   2.249e+08   1.000e+00
     83   44567.286      93       0  -3.718032800000000e+07   8.086e+07   1.000e+00
     84   45076.760      94       0  -3.718039200000000e+07   6.207e+07   1.000e+00
     85   45579.029      95       0  -3.718048800000000e+07   7.602e+07   1.000e+00
     86   46083.979      96       0  -3.718064800000000e+07   1.029e+08   1.000e+00
     87   46610.889      97       0  -3.718083600000000e+07   1.785e+08   1.000e+00
     88   47116.986      98       0  -3.718092400000000e+07   6.653e+07   1.000e+00
     89   47620.225      99       0  -3.718096400000000e+07   6.487e+07   1.000e+00
     90   48141.318     100       0  -3.718106400000000e+07   7.633e+07   1.000e+00
     91   48656.650     101       0  -3.718120800000000e+07   2.038e+08   1.000e+00
     92   49163.146     102       0  -3.718131600000000e+07   8.070e+07   1.000e+00
     93   49661.943     103       0  -3.718138800000000e+07   5.866e+07   1.000e+00
     94   50186.370     104       0  -3.718147600000000e+07   7.253e+07   1.000e+00
     95   50699.048     105       0  -3.718162000000000e+07   8.512e+07   1.000e+00
     96   51210.379     106       0  -3.718176800000000e+07   2.257e+08   1.000e+00
     97   51754.519     107       0  -3.718187200000000e+07   6.672e+07   1.000e+00
     98   52274.409     108       0  -3.718190000000000e+07   5.275e+07   1.000e+00
     99   52792.181     109       0  -3.718198400000000e+07   6.727e+07   1.000e+00
    100   53313.490     110       0  -3.718211600000000e+07   1.108e+08   1.000e+00
    101   53821.770     111       0  -3.718226400000000e+07   9.251e+07   1.000e+00
    102   54318.360     112       0  -3.718233600000000e+07   5.771e+07   1.000e+00
    103   54820.594     113       0  -3.718240800000000e+07   6.360e+07   1.000e+00
    104   55310.960     114       0  -3.718248800000000e+07   7.612e+07   1.000e+00
    105   55810.960     115       0  -3.718260000000000e+07   6.662e+07   1.000e+00
    106   56319.520     116       0  -3.718272000000000e+07   6.436e+07   1.000e+00
    107   56830.672     117       0  -3.718284000000000e+07   1.116e+08   1.000e+00
    108   57319.739     118       0  -3.718290000000000e+07   5.829e+07   1.000e+00
    109   57847.079     119       0  -3.718294400000000e+07   5.712e+07   1.000e+00
    110   58383.888     120       0  -3.718302400000000e+07   6.741e+07   1.000e+00
    111   58927.966     121       0  -3.718313200000000e+07   1.798e+08   1.000e+00
    112   59467.404     122       0  -3.718321600000000e+07   6.568e+07   1.000e+00
    113   60002.788     123       0  -3.718326800000000e+07   4.537e+07   1.000e+00
    114   60540.117     124       0  -3.718335600000000e+07   5.439e+07   1.000e+00
    115   61038.177     125       0  -3.718346800000000e+07   7.455e+07   1.000e+00
    116   61538.950     126       0  -3.718363600000000e+07   8.773e+07   1.000e+00
    117   62049.884     127       0  -3.718366800000000e+07   4.534e+07   1.000e+00
    118   62553.442     128       0  -3.718370400000000e+07   5.812e+07   1.000e+00
    119   63050.261     129       0  -3.718377600000000e+07   6.645e+07   1.000e+00
    120   63548.521     130       0  -3.718390800000000e+07   1.445e+08   1.000e+00
    121   64055.027     131       0  -3.718399200000000e+07   5.662e+07   1.000e+00
    122   64551.744     132       0  -3.718403600000000e+07   4.692e+07   1.000e+00
    123   65042.322     133       0  -3.718410400000000e+07   4.925e+07   1.000e+00
    124   65547.312     134       0  -3.718421600000000e+07   1.473e+08   1.000e+00
    125   66043.710     135       0  -3.718428400000000e+07   5.434e+07   1.000e+00
    126   66552.325     136       0  -3.718432800000000e+07   4.044e+07   1.000e+00
    127   67052.321     137       0  -3.718439200000000e+07   5.149e+07   1.000e+00
    128   67561.851     138       0  -3.718449600000000e+07   6.657e+07   1.000e+00
    129   68068.013     139       0  -3.718464800000000e+07   1.561e+08   1.000e+00
    130   68572.486     140       0  -3.718468400000000e+07   4.591e+07   1.000e+00
    131   69077.299     141       0  -3.718469600000000e+07   3.944e+07   1.000e+00
    132   69586.764     142       0  -3.718476000000000e+07   5.027e+07   1.000e+00
    133   70087.632     143       0  -3.718487200000000e+07   8.894e+07   1.000e+00
    134   70606.899     144       0  -3.718500000000000e+07   6.635e+07   1.000e+00
    135   71118.412     145       0  -3.718507200000000e+07   4.666e+07   1.000e+00
    136   71630.593     146       0  -3.718518000000000e+07   5.912e+07   1.000e+00
    137   72139.745     147       0  -3.718526400000000e+07   6.858e+07   1.000e+00
    138   72664.229     148       0  -3.718529600000000e+07   4.690e+07   1.000e+00
    139   73174.097     149       0  -3.718539600000000e+07   4.873e+07   1.000e+00
    140   73679.359     150       0  -3.718546800000000e+07   7.294e+07   1.000e+00
    141   74189.160     151       0  -3.718557600000000e+07   5.317e+07   1.000e+00
    142   74704.378     152       0  -3.718569200000000e+07   6.683e+07   1.000e+00
    143   75206.624     153       0  -3.718578000000000e+07   4.984e+07   1.000e+00
    144   75722.272     154       0  -3.718582000000000e+07   4.382e+07   1.000e+00
    145   76240.091     155       0  -3.718591200000000e+07   7.877e+07   1.000e+00
    146   76764.721     156       0  -3.718599200000000e+07   6.550e+07   1.000e+00
    147   77280.444     157       0  -3.718602800000000e+07   4.879e+07   1.000e+00
    148   77799.918     158       0  -3.718614400000000e+07   4.202e+07   1.000e+00
    149   78312.356     159       0  -3.718625600000000e+07   8.713e+07   1.000e+00
    150   78832.332     160       0  -3.718630800000000e+07   5.111e+07   1.000e+00
    151   79352.096     161       0  -3.718638400000000e+07   3.789e+07   1.000e+00
    152   79867.452     162       0  -3.718644000000000e+07   4.782e+07   1.000e+00
    153   80404.971     163       0  -3.718656000000000e+07   6.084e+07   1.000e+00
    154   80975.608     164       0  -3.718666000000000e+07   1.166e+08   1.000e+00
    155   81457.406     165       0  -3.718670800000000e+07   5.797e+07   1.000e+00
    156   81935.738     166       0  -3.718674800000000e+07   4.192e+07   1.000e+00
    157   82422.841     167       0  -3.718677600000000e+07   4.393e+07   1.000e+00
    158   82903.373     168       0  -3.718683200000000e+07   8.621e+07   1.000e+00
    159   83394.487     169       0  -3.718687200000000e+07   3.674e+07   1.000e+00
    160   83885.199     170       0  -3.718690800000000e+07   3.809e+07   1.000e+00
    161   84399.879     171       0  -3.718694400000000e+07   4.330e+07   1.000e+00
    162   84904.197     172       0  -3.718701200000000e+07   1.242e+08   1.000e+00
    163   85400.372     173       0  -3.718706000000000e+07   4.538e+07   1.000e+00
    164   85902.886     174       0  -3.718708400000000e+07   3.307e+07   1.000e+00
    165   86411.471     175       0  -3.718711600000000e+07   3.889e+07   1.000e+00
    166   86903.570     176       0  -3.718717200000000e+07   5.627e+07   1.000e+00
    167   87387.103     177       0  -3.718724800000000e+07   7.457e+07   1.000e+00
    168   87897.747     178       0  -3.718726800000000e+07   3.223e+07   1.000e+00
    169   88405.769     179       0  -3.718728000000000e+07   3.457e+07   1.000e+00
    170   88933.478     180       0  -3.718731600000000e+07   4.074e+07   1.000e+00
    171   89497.771     181       0  -3.718738400000000e+07   1.195e+08   1.000e+00
    172   90029.969     182       0  -3.718741600000000e+07   4.337e+07   1.000e+00
    173   90571.519     183       0  -3.718744400000000e+07   3.102e+07   1.000e+00
    174   91119.820     184       0  -3.718748000000000e+07   3.786e+07   1.000e+00
    175   91654.466     185       0  -3.718754400000000e+07   4.268e+07   1.000e+00
    176   92157.819     186       0  -3.718763200000000e+07   1.337e+08   1.000e+00
    177   92660.603     187       0  -3.718766400000000e+07   3.316e+07   1.000e+00
    178   93191.214     188       0  -3.718766800000000e+07   2.766e+07   1.000e+00
    179   93728.810     189       0  -3.718771200000000e+07   3.570e+07   1.000e+00
    180   94268.867     190       0  -3.718777600000000e+07   9.094e+07   1.000e+00
    181   94801.904     191       0  -3.718781600000000e+07   4.496e+07   1.000e+00
    182   95337.389     192       0  -3.718785600000000e+07   3.256e+07   1.000e+00
    183   95874.480     193       0  -3.718788400000000e+07   3.690e+07   1.000e+00
    184   96415.655     194       0  -3.718794800000000e+07   5.369e+07   1.000e+00
    185   96941.992     195       0  -3.718800400000000e+07   8.124e+07   1.000e+00
    186   97456.135     196       0  -3.718801600000000e+07   3.650e+07   1.000e+00
    187   97962.551     197       0  -3.718802800000000e+07   3.344e+07   1.000e+00
    188   98483.724     198       0  -3.718805200000000e+07   4.063e+07   1.000e+00
    189   99024.047     199       0  -3.718812000000000e+07   8.692e+07   1.000e+00
    190   99559.713     200       0  -3.718817600000000e+07   4.214e+07   1.000e+00
    191  100108.633     201       0  -3.718819600000000e+07   3.188e+07   1.000e+00
    192  100656.208     202       0  -3.718824400000000e+07   3.526e+07   1.000e+00
    193  101201.771     203       0  -3.718829600000000e+07   7.524e+07   1.000e+00
    194  101775.843     204       0  -3.718832800000000e+07   3.908e+07   1.000e+00
    195  102272.068     205       0  -3.718836000000000e+07   3.059e+07   1.000e+00
    196  102776.973     206       0  -3.718839600000000e+07   3.547e+07   1.000e+00
    197  103282.620     207       0  -3.718845600000000e+07   8.389e+07   1.000e+00
    198  103786.734     208       0  -3.718850800000000e+07   3.906e+07   1.000e+00
    199  104289.821     209       0  -3.718852800000000e+07   3.154e+07   1.000e+00
    200  104797.717     210       0  -3.718857600000000e+07   3.923e+07   1.000e+00
    201  105304.791     211       0  -3.718863600000000e+07   7.497e+07   1.000e+00
    202  105810.498     212       0  -3.718868000000000e+07   4.055e+07   1.000e+00
    203  106315.041     213       0  -3.718871200000000e+07   3.143e+07   1.000e+00
    204  106819.115     214       0  -3.718875200000000e+07   3.635e+07   1.000e+00
    205  107323.103     215       0  -3.718881600000000e+07   8.183e+07   1.000e+00
    206  107826.110     216       0  -3.718884800000000e+07   3.744e+07   1.000e+00
    207  108329.978     217       0  -3.718887600000000e+07   3.298e+07   1.000e+00
    208  108835.065     218       0  -3.718890800000000e+07   3.837e+07   1.000e+00
    209  109337.978     219       0  -3.718898800000000e+07   6.875e+07   1.000e+00
    210  109819.770     220       0  -3.718906400000000e+07   5.229e+07   1.000e+00
    211  110300.151     221       0  -3.718907600000000e+07   3.013e+07   1.000e+00
    212  110780.343     222       0  -3.718910800000000e+07   3.502e+07   1.000e+00
    213  111259.322     223       0  -3.718914400000000e+07   4.290e+07   1.000e+00
    214  111731.960     224       0  -3.718921200000000e+07   4.864e+07   1.000e+00
    215  112230.931     225       0  -3.718927200000000e+07   3.828e+07   1.000e+00
    216  112707.494     226       0  -3.718933600000000e+07   4.764e+07   1.000e+00
    217  113190.787     227       0  -3.718936400000000e+07   3.834e+07   1.000e+00
    218  113693.979     228       0  -3.718938400000000e+07   3.281e+07   1.000e+00
    219  114180.070     229       0  -3.718943600000000e+07   4.273e+07   1.000e+00
    220  114665.421     230       0  -3.718951600000000e+07   9.764e+07   1.000e+00
    221  115151.405     231       0  -3.718952800000000e+07   4.168e+07   1.000e+00
    222  115666.664     232       0  -3.718956800000000e+07   2.613e+07   1.000e+00
    223  116178.440     233       0  -3.718960000000000e+07   3.150e+07   1.000e+00
    224  116691.823     234       0  -3.718965200000000e+07   4.590e+07   1.000e+00
    225  117218.389     235       0  -3.718973200000000e+07   7.141e+07   1.000e+00
    226  117714.043     236       0  -3.718974400000000e+07   3.445e+07   1.000e+00
    227  118210.416     237       0  -3.718975600000000e+07   3.491e+07   1.000e+00
    228  118697.071     238       0  -3.718977200000000e+07   3.825e+07   1.000e+00
    229  119185.999     239       0  -3.718982400000000e+07   1.462e+08   1.000e+00
    230  119688.933     240       0  -3.718984800000000e+07   3.845e+07   1.000e+00
    231  120170.654     241       0  -3.718986400000000e+07   2.248e+07   1.000e+00
    232  120665.977     242       0  -3.718990800000000e+07   3.091e+07   1.000e+00
    233  121148.854     243       0  -3.718994000000000e+07   3.556e+07   1.000e+00
    234  121632.548     244       0  -3.719003600000000e+07   7.781e+07   1.000e+00
    235  122119.848     245       0  -3.719008800000000e+07   3.199e+07   1.000e+00
    236  130566.185     264       0  -3.719008800000000e+07   3.199e+07   3.808e-06
# Termination: function reduction test satisfied
# Iter.   Time (ms)    Eval. Reject.       Obj. Func.           Grad.       Step
# ---------------------------------------------------------------------------------
      0     448.682       1       0  -3.694671600000000e+07   1.580e+09   0.000e+00
      1    4874.070      11       0  -3.698209600000000e+07   1.737e+09   1.878e-14
      2    5335.954      12       0  -3.700138400000000e+07   1.113e+09   1.000e+00
      3    5799.393      13       0  -3.701367200000000e+07   9.138e+08   1.000e+00
      4    6263.735      14       0  -3.701949600000000e+07   7.849e+08   1.000e+00
      5    6729.716      15       0  -3.702504000000000e+07   5.627e+08   1.000e+00
      6    7195.735      16       0  -3.703036800000000e+07   5.783e+08   1.000e+00
      7    7661.489      17       0  -3.703480400000000e+07   7.043e+08   1.000e+00
      8    8127.060      18       0  -3.703767200000000e+07   4.127e+08   1.000e+00
      9    8607.009      19       0  -3.704103200000000e+07   3.655e+08   1.000e+00
     10    9073.333      20       0  -3.704465200000000e+07   4.432e+08   1.000e+00
     11    9539.300      21       0  -3.705061600000000e+07   5.904e+08   1.000e+00
     12   10004.964      22       0  -3.705374800000000e+07   3.780e+08   1.000e+00
     13   10470.990      23       0  -3.705609200000000e+07   3.561e+08   1.000e+00
     14   10936.762      24       0  -3.706027600000000e+07   3.906e+08   1.000e+00
     15   11403.648      25       0  -3.706595200000000e+07   8.388e+08   1.000e+00
     16   11869.361      26       0  -3.706816800000000e+07   3.467e+08   1.000e+00
     17   12343.248      27       0  -3.707037200000000e+07   2.935e+08   1.000e+00
     18   12811.227      28       0  -3.707334800000000e+07   3.507e+08   1.000e+00
     19   13277.057      29       0  -3.707834400000000e+07   6.296e+08   1.000e+00
     20   13756.992      30       0  -3.708260400000000e+07   3.869e+08   1.000e+00
     21   14223.108      31       0  -3.708364800000000e+07   2.706e+08   1.000e+00
     22   14688.570      32       0  -3.708606800000000e+07   2.906e+08   1.000e+00
     23   15154.834      33       0  -3.708850800000000e+07   5.249e+08   1.000e+00
     24   15620.509      34       0  -3.709027600000000e+07   3.037e+08   1.000e+00
     25   16086.747      35       0  -3.709248400000000e+07   2.451e+08   1.000e+00
     26   16552.629      36       0  -3.709400800000000e+07   2.768e+08   1.000e+00
     27   17036.731      37       0  -3.709638400000000e+07   5.189e+08   1.000e+00
     28   17511.348      38       0  -3.709734000000000e+07   2.286e+08   1.000e+00
     29   17985.782      39       0  -3.709768800000000e+07   2.144e+08   1.000e+00
     30   18462.199      40       0  -3.709865200000000e+07   2.357e+08   1.000e+00
     31   18935.122      41       0  -3.709953600000000e+07   7.703e+08   1.000e+00
     32   19406.666      42       0  -3.710060400000000e+07   2.347e+08   1.000e+00
     33   19878.607      43       0  -3.710108400000000e+07   1.510e+08   1.000e+00
     34   20351.617      44       0  -3.710189600000000e+07   1.890e+08   1.000e+00
     35   20827.777      45       0  -3.710284400000000e+07   2.091e+08   1.000e+00
     36   21300.650      46       0  -3.710354400000000e+07   7.057e+08   1.000e+00
     37   21774.878      47       0  -3.710444400000000e+07   1.541e+08   1.000e+00
     38   22257.115      48       0  -3.710456400000000e+07   1.210e+08   1.000e+00
     39   22730.913      49       0  -3.710497600000000e+07   1.481e+08   1.000e+00
     40   23201.729      50       0  -3.710546800000000e+07   3.525e+08   1.000e+00
     41   23675.203      51       0  -3.710592400000000e+07   1.637e+08   1.000e+00
     42   24148.235      52       0  -3.710619600000000e+07   1.192e+08   1.000e+00
     43   24622.609      53       0  -3.710644000000000e+07   1.380e+08   1.000e+00
     44   25097.052      54       0  -3.710680800000000e+07   2.106e+08   1.000e+00
     45   25574.300      55       0  -3.710711200000000e+07   1.738e+08   1.000e+00
     46   26042.974      56       0  -3.710724800000000e+07   1.105e+08   1.000e+00
     47   26512.568      57       0  -3.710746000000000e+07   1.112e+08   1.000e+00
     48   26988.476      58       0  -3.710764000000000e+07   1.556e+08   1.000e+00
     49   27468.669      59       0  -3.710788000000000e+07   1.118e+08   1.000e+00
     50   27948.527      60       0  -3.710814000000000e+07   1.350e+08   1.000e+00
     51   28427.786      61       0  -3.710833600000000e+07   1.348e+08   1.000e+00
     52   28898.473      62       0  -3.710842800000000e+07   9.113e+07   1.000e+00
     53   29369.954      63       0  -3.710859600000000e+07   8.946e+07   1.000e+00
     54   29839.740      64       0  -3.710875600000000e+07   1.431e+08   1.000e+00
     55   30308.856      65       0  -3.710892400000000e+07   9.755e+07   1.000e+00
     56   30779.573      66       0  -3.710909200000000e+07   1.080e+08   1.000e+00
     57   31260.850      67       0  -3.710920800000000e+07   9.072e+07   1.000e+00
     58   31740.067      68       0  -3.710929600000000e+07   8.328e+07   1.000e+00
     59   32220.359      69       0  -3.710944400000000e+07   1.470e+08   1.000e+00
     60   32700.634      70       0  -3.710957600000000e+07   1.082e+08   1.000e+00
     61   33180.560      71       0  -3.710963600000000e+07   7.732e+07   1.000e+00
     62   33660.570      72       0  -3.710976400000000e+07   7.018e+07   1.000e+00
     63   34139.056      73       0  -3.710986800000000e+07   1.123e+08   1.000e+00
     64   34615.472      74       0  -3.710996000000000e+07   7.979e+07   1.000e+00
     65   35092.066      75       0  -3.711013200000000e+07   6.815e+07   1.000e+00
     66   35571.229      76       0  -3.711022800000000e+07   1.051e+08   1.000e+00
     67   36047.486      77       0  -3.711031200000000e+07   7.579e+07   1.000e+00
     68   36524.630      78       0  -3.711046000000000e+07   7.511e+07   1.000e+00
     69   37004.019      79       0  -3.711054800000000e+07   1.112e+08   1.000e+00
     70   37483.754      80       0  -3.711060400000000e+07   7.465e+07   1.000e+00
     71   37964.965      81       0  -3.711072400000000e+07   6.046e+07   1.000e+00
     72   38443.742      82       0  -3.711079200000000e+07   7.239e+07   1.000e+00
     73   38923.283      83       0  -3.711092800000000e+07   5.704e+07   1.000e+00
     74   39414.609      84       0  -3.711103600000000e+07   9.493e+07   1.000e+00
     75   39885.911      85       0  -3.711111600000000e+07   5.494e+07   1.000e+00
     76   40357.740      86       0  -3.711116000000000e+07   5.145e+07   1.000e+00
     77   40827.210      87       0  -3.711124400000000e+07   7.721e+07   1.000e+00
     78   41298.616      88       0  -3.711131600000000e+07   6.165e+07   1.000e+00
     79   41768.514      89       0  -3.711137600000000e+07   5.060e+07   1.000e+00
     80   42243.597      90       0  -3.711147200000000e+07   6.669e+07   1.000e+00
     81   42722.390      91       0  -3.711152800000000e+07   6.204e+07   1.000e+00
     82   43219.291      92       0  -3.711156000000000e+07   4.657e+07   1.000e+00
     83   43702.618      93       0  -3.711166400000000e+07   5.205e+07   1.000e+00
     84   44193.500      94       0  -3.711174000000000e+07   1.178e+08   1.000e+00
     85   44684.612      95       0  -3.711176000000000e+07   5.402e+07   1.000e+00
     86   45170.326      96       0  -3.711179600000000e+07   3.499e+07   1.000e+00
     87   45655.282      97       0  -3.711184800000000e+07   4.618e+07   1.000e+00
     88   46154.380      98       0  -3.711193200000000e+07   5.587e+07   1.000e+00
     89   46639.097      99       0  -3.711204400000000e+07   1.572e+08   1.000e+00
     90   47123.333     100       0  -3.711212400000000e+07   5.408e+07   1.000e+00
     91   47609.280     101       0  -3.711214800000000e+07   3.544e+07   1.000e+00
     92   48113.488     102       0  -3.711217600000000e+07   4.360e+07   1.000e+00
     93   48605.411     103       0  -3.711223200000000e+07   1.008e+08   1.000e+00
     94   49094.078     104       0  -3.711227600000000e+07   5.251e+07   1.000e+00
     95   49601.832     105       0  -3.711231600000000e+07   3.791e+07   1.000e+00
     96   50091.637     106       0  -3.711234000000000e+07   5.054e+07   1.000e+00
     97   50585.292     107       0  -3.711239200000000e+07   6.391e+07   1.000e+00
     98   51079.170     108       0  -3.711244000000000e+07   6.964e+07   1.000e+00
     99   51615.800     109       0  -3.711247600000000e+07   4.264e+07   1.000e+00
    100   52136.569     110       0  -3.711250000000000e+07   4.445e+07   1.000e+00
    101   52656.595     111       0  -3.711252800000000e+07   4.569e+07   1.000e+00
    102   53191.264     112       0  -3.711255600000000e+07   4.216e+07   1.000e+00
    103   53712.256     113       0  -3.711260400000000e+07   9.694e+07   1.000e+00
    104   54233.716     114       0  -3.711264400000000e+07   3.717e+07   1.000e+00
    105   54757.647     115       0  -3.711265200000000e+07   3.208e+07   1.000e+00
    106   55280.302     116       0  -3.711268400000000e+07   4.227e+07   1.000e+00
    107   55800.912     117       0  -3.711272400000000e+07   1.172e+08   1.000e+00
    108   56322.426     118       0  -3.711275200000000e+07   4.268e+07   1.000e+00
    109   56841.428     119       0  -3.711276800000000e+07   3.071e+07   1.000e+00
    110   57361.477     120       0  -3.711281200000000e+07   3.756e+07   1.000e+00
    111   57880.208     121       0  -3.711286800000000e+07   4.838e+07   1.000e+00
    112   58412.192     122       0  -3.711294400000000e+07   8.935e+07   1.000e+00
    113   58932.846     123       0  -3.711296800000000e+07   3.172e+07   1.000e+00
    114   59452.726     124       0  -3.711297600000000e+07   3.584e+07   1.000e+00
    115   59972.127     125       0  -3.711300800000000e+07   4.671e+07   1.000e+00
    116   60494.634     126       0  -3.711306400000000e+07   1.316e+08   1.000e+00
    117   61016.965     127       0  -3.711309600000000e+07   4.456e+07   1.000e+00
    118   61513.500     128       0  -3.711312800000000e+07   3.053e+07   1.000e+00
    119   61994.315     129       0  -3.711316800000000e+07   3.672e+07   1.000e+00
    120   62484.489     130       0  -3.711323200000000e+07   5.031e+07   1.000e+00
    121   62970.244     131       0  -3.711333200000000e+07   7.271e+07   1.000e+00
    122   63475.698     132       0  -3.711335200000000e+07   3.148e+07   1.000e+00
    123   63962.453     133       0  -3.711336000000000e+07   3.793e+07   1.000e+00
    124   64458.393     134       0  -3.711340000000000e+07   4.433e+07   1.000e+00
    125   64950.118     135       0  -3.711346400000000e+07   1.288e+08   1.000e+00
    126   65438.009     136       0  -3.711350400000000e+07   3.882e+07   1.000e+00
    127   65929.297     137       0  -3.711352000000000e+07   2.743e+07   1.000e+00
    128   66439.834     138       0  -3.711356000000000e+07   3.283e+07   1.000e+00
    129   66938.599     139       0  -3.711362400000000e+07   4.506e+07   1.000e+00
    130   67421.638     140       0  -3.711371600000000e+07   7.077e+07   1.000e+00
    131   67940.022     141       0  -3.711373200000000e+07   2.929e+07   1.000e+00
    132   68433.980     142       0  -3.711374400000000e+07   3.096e+07   1.000e+00
    133   68922.119     143       0  -3.711377600000000e+07   3.562e+07   1.000e+00
    134   69410.064     144       0  -3.711384400000000e+07   1.225e+08   1.000e+00
    135   69889.289     145       0  -3.711386800000000e+07   3.904e+07   1.000e+00
    136   70389.395     146       0  -3.711389200000000e+07   2.504e+07   1.000e+00
    137   70880.263     147       0  -3.711392800000000e+07   3.078e+07   1.000e+00
    138   71365.412     148       0  -3.711398000000000e+07   3.264e+07   1.000e+00
    139   71877.803     149       0  -3.711408400000000e+07   9.482e+07   1.000e+00
    140   72371.949     150       0  -3.711414000000000e+07   2.738e+07   1.000e+00
    141   72872.208     151       0  -3.711414800000000e+07   2.389e+07   1.000e+00
    142   73375.803     152       0  -3.711418400000000e+07   3.048e+07   1.000e+00
    143   73861.272     153       0  -3.711422400000000e+07   1.150e+08   1.000e+00
    144   74355.032     154       0  -3.711425200000000e+07   4.095e+07   1.000e+00
    145   74848.747     155       0  -3.711427600000000e+07   2.333e+07   1.000e+00
    146   75352.116     156       0  -3.711430800000000e+07   2.949e+07   1.000e+00
    147   75847.744     157       0  -3.711434400000000e+07   3.309e+07   1.000e+00
    148   76339.047     158       0  -3.711441200000000e+07   1.273e+08   1.000e+00
    149   76842.946     159       0  -3.711443200000000e+07   2.703e+07   1.000e+00
    150   77335.914     160       0  -3.711443600000000e+07   2.165e+07   1.000e+00
    151   77838.663     161       0  -3.711446400000000e+07   2.589e+07   1.000e+00
    152   78331.229     162       0  -3.711450800000000e+07   4.969e+07   1.000e+00
    153   78814.322     163       0  -3.711456400000000e+07   3.755e+07   1.000e+00
    154   79320.705     164       0  -3.711458400000000e+07   2.354e+07   1.000e+00
    155   79811.948     165       0  -3.711460800000000e+07   2.565e+07   1.000e+00
    156   80310.302     166       0  -3.711462800000000e+07   3.198e+07   1.000e+00
    157   80811.046     167       0  -3.711465200000000e+07   2.460e+07   1.000e+00
    158   81311.679     168       0  -3.711470400000000e+07   2.630e+07   1.000e+00
    159   81812.355     169       0  -3.711474800000000e+07   7.060e+07   1.000e+00
    160   82308.805     170       0  -3.711475200000000e+07   2.509e+07   1.000e+00
    161   82803.678     171       0  -3.711475600000000e+07   1.810e+07   1.000e+00
    162   83295.195     172       0  -3.711478400000000e+07   2.542e+07   1.000e+00
    163   83788.019     173       0  -3.711482400000000e+07   3.028e+07   1.000e+00
    164   84278.443     174       0  -3.711491200000000e+07   1.183e+08   1.000e+00
    165   84775.278     175       0  -3.711492400000000e+07   2.412e+07   1.000e+00
    166   85269.986     176       0  -3.711493200000000e+07   1.757e+07   1.000e+00
    167   85757.468     177       0  -3.711496400000000e+07   1.992e+07   1.000e+00
    168   86244.645     178       0  -3.711501200000000e+07   5.501e+07   1.000e+00
    169   86746.110     179       0  -3.711504400000000e+07   3.240e+07   1.000e+00
    170   87234.231     180       0  -3.711510800000000e+07   2.212e+07   1.000e+00
    171   87732.711     181       0  -3.711514800000000e+07   2.472e+07   1.000e+00
    172   88225.595     182       0  -3.711523200000000e+07   5.652e+07   1.000e+00
    173   88714.608     183       0  -3.711528000000000e+07   2.684e+07   1.000e+00
    174   96706.695     201       0  -3.711528000000000e+07   2.684e+07   7.616e-06
# Termination: function reduction test satisfied
# Iter.   Time (ms)    Eval. Reject.       Obj. Func.           Grad.       Step
# ---------------------------------------------------------------------------------
      0     439.063       1       0  -3.636148800000000e+07   1.580e+09   0.000e+00
      1    4408.296      10       0  -3.639655200000000e+07   1.748e+09   1.896e-14
      2    4868.159      11       0  -3.641546400000000e+07   1.074e+09   1.000e+00
      3    5329.114      12       0  -3.642681200000000e+07   8.710e+08   1.000e+00
      4    5791.964      13       0  -3.643211200000000e+07   7.197e+08   1.000e+00
      5    6255.272      14       0  -3.643712800000000e+07   5.049e+08   1.000e+00
      6    6720.615      15       0  -3.644152800000000e+07   5.155e+08   1.000e+00
      7    7196.794      16       0  -3.644540800000000e+07   5.825e+08   1.000e+00
      8    7668.430      17       0  -3.644769600000000e+07   3.500e+08   1.000e+00
      9    8140.572      18       0  -3.645038800000000e+07   3.111e+08   1.000e+00
     10    8612.889      19       0  -3.645357600000000e+07   3.986e+08   1.000e+00
     11    9083.026      20       0  -3.645846000000000e+07   4.343e+08   1.000e+00
     12    9552.115      21       0  -3.646131200000000e+07   3.388e+08   1.000e+00
     13   10023.035      22       0  -3.646409200000000e+07   3.286e+08   1.000e+00
     14   10494.183      23       0  -3.646826000000000e+07   3.863e+08   1.000e+00
     15   10964.766      24       0  -3.647383200000000e+07   5.440e+08   1.000e+00
     16   11435.106      25       0  -3.647650000000000e+07   3.264e+08   1.000e+00
     17   11907.906      26       0  -3.647994800000000e+07   3.311e+08   1.000e+00
     18   12393.283      27       0  -3.648334400000000e+07   3.845e+08   1.000e+00
     19   12862.934      28       0  -3.648884800000000e+07   4.995e+08   1.000e+00
     20   13334.871      29       0  -3.649130800000000e+07   3.285e+08   1.000e+00
     21   13820.719      30       0  -3.649295600000000e+07   3.114e+08   1.000e+00
     22   14288.955      31       0  -3.649531200000000e+07   3.199e+08   1.000e+00
     23   14756.796      32       0  -3.649809600000000e+07   6.514e+08   1.000e+00
     24   15228.357      33       0  -3.649932000000000e+07   2.544e+08   1.000e+00
     25   15699.733      34       0  -3.650015600000000e+07   2.139e+08   1.000e+00
     26   16170.755      35       0  -3.650140000000000e+07   2.425e+08   1.000e+00
     27   16642.080      36       0  -3.650300800000000e+07   5.165e+08   1.000e+00
     28   17113.007      37       0  -3.650427200000000e+07   2.108e+08   1.000e+00
     29   17584.377      38       0  -3.650471600000000e+07   1.823e+08   1.000e+00
     30   18057.754      39       0  -3.650552400000000e+07   1.989e+08   1.000e+00
     31   18526.884      40       0  -3.650638000000000e+07   5.298e+08   1.000e+00
     32   18997.699      41       0  -3.650711200000000e+07   1.951e+08   1.000e+00
     33   19466.246      42       0  -3.650755200000000e+07   1.417e+08   1.000e+00
     34   19936.797      43       0  -3.650811600000000e+07   1.750e+08   1.000e+00
     35   20408.845      44       0  -3.650899600000000e+07   2.123e+08   1.000e+00
     36   20880.354      45       0  -3.650962800000000e+07   5.563e+08   1.000e+00
     37   21352.790      46       0  -3.651007600000000e+07   1.335e+08   1.000e+00
     38   21824.554      47       0  -3.651016400000000e+07   1.043e+08   1.000e+00
     39   22296.485      48       0  -3.651048400000000e+07   1.235e+08   1.000e+00
     40   22769.011      49       0  -3.651098400000000e+07   2.096e+08   1.000e+00
     41   23238.748      50       0  -3.651148800000000e+07   1.617e+08   1.000e+00
     42   23711.405      51       0  -3.651167600000000e+07   9.530e+07   1.000e+00
     43   24182.668      52       0  -3.651190000000000e+07   1.075e+08   1.000e+00
     44   24660.097      53       0  -3.651217600000000e+07   1.385e+08   1.000e+00
     45   25134.628      54       0  -3.651254800000000e+07   1.137e+08   1.000e+00
     46   25612.149      55       0  -3.651279600000000e+07   9.906e+07   1.000e+00
     47   26090.821      56       0  -3.651306400000000e+07   1.598e+08   1.000e+00
     48   26567.854      57       0  -3.651318400000000e+07   8.807e+07   1.000e+00
     49   27048.054      58       0  -3.651329200000000e+07   8.756e+07   1.000e+00
     50   27527.749      59       0  -3.651347600000000e+07   1.016e+08   1.000e+00
     51   28010.568      60       0  -3.651367600000000e+07   3.118e+08   1.000e+00
     52   28487.793      61       0  -3.651382000000000e+07   8.798e+07   1.000e+00
     53   28968.004      62       0  -3.651389200000000e+07   5.751e+07   1.000e+00
     54   29447.444      63       0  -3.651405200000000e+07   7.719e+07   1.000e+00
     55   29930.602      64       0  -3.651421600000000e+07   9.070e+07   1.000e+00
     56   30409.200      65       0  -3.651449200000000e+07   2.862e+08   1.000e+00
     57   30888.966      66       0  -3.651466400000000e+07   7.303e+07   1.000e+00
     58   31366.750      67       0  -3.651468400000000e+07   5.650e+07   1.000e+00
     59   31844.130      68       0  -3.651478000000000e+07   6.478e+07   1.000e+00
     60   32324.299      69       0  -3.651489600000000e+07   1.947e+08   1.000e+00
     61   32800.176      70       0  -3.651499200000000e+07   7.253e+07   1.000e+00
     62   33271.980      71       0  -3.651506000000000e+07   4.806e+07   1.000e+00
     63   33743.530      72       0  -3.651512800000000e+07   5.935e+07   1.000e+00
     64   34214.551      73       0  -3.651524800000000e+07   7.216e+07   1.000e+00
     65   34701.011      74       0  -3.651537200000000e+07   1.991e+08   1.000e+00
     66   35171.621      75       0  -3.651546000000000e+07   6.471e+07   1.000e+00
     67   35642.234      76       0  -3.651548400000000e+07   4.107e+07   1.000e+00
     68   36115.464      77       0  -3.651552800000000e+07   4.982e+07   1.000e+00
     69   36590.875      78       0  -3.651560400000000e+07   6.041e+07   1.000e+00
     70   37066.349      79       0  -3.651570800000000e+07   1.377e+08   1.000e+00
     71   37542.377      80       0  -3.651574800000000e+07   4.185e+07   1.000e+00
     72   38024.211      81       0  -3.651576400000000e+07   3.940e+07   1.000e+00
     73   38513.314      82       0  -3.651581200000000e+07   4.931e+07   1.000e+00
     74   38999.973      83       0  -3.651589200000000e+07   1.286e+08   1.000e+00
     75   39486.737      84       0  -3.651594800000000e+07   5.102e+07   1.000e+00
     76   39980.624      85       0  -3.651598800000000e+07   3.571e+07   1.000e+00
     77   40467.921      86       0  -3.651603600000000e+07   4.087e+07   1.000e+00
     78   40954.342      87       0  -3.651612400000000e+07   5.748e+07   1.000e+00
     79   41439.079      88       0  -3.651623200000000e+07   9.540e+07   1.000e+00
     80   41927.575      89       0  -3.651624000000000e+07   3.470e+07   1.000e+00
     81   42414.126      90       0  -3.651624400000000e+07   3.530e+07   1.000e+00
     82   42885.626      91       0  -3.651628400000000e+07   4.331e+07   1.000e+00
     83   43362.900      92       0  -3.651635600000000e+07   1.142e+08   1.000e+00
     84   43839.540      93       0  -3.651638400000000e+07   4.095e+07   1.000e+00
     85   44314.745      94       0  -3.651640400000000e+07   2.852e+07   1.000e+00
     86   44798.385      95       0  -3.651644400000000e+07   3.527e+07   1.000e+00
     87   45285.480      96       0  -3.651649200000000e+07   4.123e+07   1.000e+00
     88   45755.641      97       0  -3.651656000000000e+07   1.384e+08   1.000e+00
     89   46239.010      98       0  -3.651659200000000e+07   4.114e+07   1.000e+00
     90   46742.846      99       0  -3.651660000000000e+07   2.647e+07   1.000e+00
     91   47241.082     100       0  -3.651662400000000e+07   3.132e+07   1.000e+00
     92   47733.013     101       0  -3.651664800000000e+07   3.325e+07   1.000e+00
     93   48227.301     102       0  -3.651668000000000e+07   1.221e+08   1.000e+00
     94   48723.267     103       0  -3.651670400000000e+07   3.274e+07   1.000e+00
     95   49220.739     104       0  -3.651671200000000e+07   2.090e+07   1.000e+00
     96   49715.334     105       0  -3.651673200000000e+07   2.601e+07   1.000e+00
     97   50211.015     106       0  -3.651674800000000e+07   3.093e+07   1.000e+00
     98   50712.676     107       0  -3.651677200000000e+07   9.325e+07   1.000e+00
     99   51224.093     108       0  -3.651678800000000e+07   2.539e+07   1.000e+00
    100   57465.565     122       0  -3.651678800000000e+07   2.539e+07   3.122e-06
# Termination: function reduction test satisfied
# Iter.   Time (ms)    Eval. Reject.       Obj. Func.           Grad.       Step
# ---------------------------------------------------------------------------------
      0     438.181       1       0  -3.050923800000000e+07   1.580e+09   0.000e+00
      1    3972.383       9       0  -3.054157600000000e+07   1.556e+09   1.656e-14
      2    4432.662      10       0  -3.055756400000000e+07   9.410e+08   1.000e+00
      3    4894.184      11       0  -3.056636400000000e+07   7.491e+08   1.000e+00
      4    5356.738      12       0  -3.057068400000000e+07   6.388e+08   1.000e+00
      5    5820.367      13       0  -3.057423200000000e+07   4.276e+08   1.000e+00
      6    6285.656      14       0  -3.057747200000000e+07   4.441e+08   1.000e+00
      7    6750.241      15       0  -3.058041000000000e+07   4.585e+08   1.000e+00
      8    7214.053      16       0  -3.058249200000000e+07   3.240e+08   1.000e+00
      9    7678.109      17       0  -3.058542000000000e+07   3.052e+08   1.000e+00
     10    8148.635      18       0  -3.058849400000000e+07   4.195e+08   1.000e+00
     11    8612.436      19       0  -3.059149800000000e+07   3.192e+08   1.000e+00
     12    9079.585      20       0  -3.059613600000000e+07   3.706e+08   1.000e+00
     13    9544.181      21       0  -3.059969400000000e+07   3.957e+08   1.000e+00
     14   10009.664      22       0  -3.060223800000000e+07   3.200e+08   1.000e+00
     15   10474.518      23       0  -3.060724800000000e+07   3.992e+08   1.000e+00
     16   10938.834      24       0  -3.061118400000000e+07   5.211e+08   1.000e+00
     17   11416.124      25       0  -3.061235200000000e+07   3.238e+08   1.000e+00
     18   11880.376      26       0  -3.061503200000000e+07   2.516e+08   1.000e+00
     19   12344.390      27       0  -3.061755400000000e+07   3.017e+08   1.000e+00
     20   12808.162      28       0  -3.062188000000000e+07   4.791e+08   1.000e+00
     21   13272.054      29       0  -3.062338200000000e+07   3.066e+08   1.000e+00
     22   13736.743      30       0  -3.062361200000000e+07   2.270e+08   1.000e+00
     23   14200.509      31       0  -3.062461400000000e+07   1.935e+08   1.000e+00
     24   14672.982      32       0  -3.062650000000000e+07   4.678e+08   1.000e+00
     25   15145.198      33       0  -3.062743000000000e+07   2.061e+08   1.000e+00
     26   15616.391      34       0  -3.062842000000000e+07   1.584e+08   1.000e+00
     27   16086.102      35       0  -3.062937000000000e+07   1.775e+08   1.000e+00
     28   16570.877      36       0  -3.063096800000000e+07   3.035e+08   1.000e+00
     29   17041.381      37       0  -3.063226800000000e+07   2.281e+08   1.000e+00
     30   17511.193      38       0  -3.063235200000000e+07   1.442e+08   1.000e+00
     31   17981.836      39       0  -3.063267400000000e+07   1.406e+08   1.000e+00
     32   18452.397      40       0  -3.063323200000000e+07   2.275e+08   1.000e+00
     33   18925.425      41       0  -3.063371800000000e+07   1.342e+08   1.000e+00
     34   19393.038      42       0  -3.063440000000000e+07   1.096e+08   1.000e+00
     35   19865.137      43       0  -3.063482400000000e+07   1.342e+08   1.000e+00
     36   20339.311      44       0  -3.063537800000000e+07   1.083e+08   1.000e+00
     37   20822.728      45       0  -3.063582000000000e+07   1.547e+08   1.000e+00
     38   21286.583      46       0  -3.063607600000000e+07   1.005e+08   1.000e+00
     39   21751.219      47       0  -3.063612400000000e+07   8.232e+07   1.000e+00
     40   22215.621      48       0  -3.063630200000000e+07   1.027e+08   1.000e+00
     41   22680.513      49       0  -3.063655600000000e+07   1.560e+08   1.000e+00
     42   23145.156      50       0  -3.063669200000000e+07   8.515e+07   1.000e+00
     43   23608.736      51       0  -3.063699000000000e+07   7.237e+07   1.000e+00
     44   24072.531      52       0  -3.063722000000000e+07   8.374e+07   1.000e+00
     45   24535.797      53       0  -3.063775600000000e+07   2.002e+08   1.000e+00
     46   25000.791      54       0  -3.063786000000000e+07   6.627e+07   1.000e+00
     47   25465.133      55       0  -3.063787200000000e+07   6.373e+07   1.000e+00
     48   25953.708      56       0  -3.063799400000000e+07   7.430e+07   1.000e+00
     49   26424.494      57       0  -3.063820000000000e+07   2.286e+08   1.000e+00
     50   26892.830      58       0  -3.063830000000000e+07   7.824e+07   1.000e+00
     51   27364.955      59       0  -3.063839200000000e+07   5.172e+07   1.000e+00
     52   27836.837      60       0  -3.063853400000000e+07   6.321e+07   1.000e+00
     53   28308.528      61       0  -3.063870400000000e+07   7.068e+07   1.000e+00
     54   28776.381      62       0  -3.063897600000000e+07   2.316e+08   1.000e+00
     55   29244.834      63       0  -3.063901600000000e+07   5.337e+07   1.000e+00
     56   35442.951      77       0  -3.063901600000000e+07   5.337e+07   6.140e-07
# Termination: function reduction test satisfied
# Iter.   Time (ms)    Eval. Reject.       Obj. Func.           Grad.       Step
# ---------------------------------------------------------------------------------
      0     438.257       1       0  -3.701167600000000e+07   1.580e+09   0.000e+00
      1    4855.426      11       0  -3.704687200000000e+07   1.836e+09   1.999e-14
      2    5315.539      12       0  -3.706645600000000e+07   1.097e+09   1.000e+00
      3    5777.790      13       0  -3.707833200000000e+07   9.175e+08   1.000e+00
      4    6242.518      14       0  -3.708415600000000e+07   7.541e+08   1.000e+00
      5    6706.930      15       0  -3.709046800000000e+07   5.655e+08   1.000e+00
      6    7171.900      16       0  -3.709555600000000e+07   6.389e+08   1.000e+00
      7    7648.425      17       0  -3.710026800000000e+07   5.752e+08   1.000e+00
      8    8113.341      18       0  -3.710346400000000e+07   4.244e+08   1.000e+00
      9    8577.587      19       0  -3.710753600000000e+07   4.028e+08   1.000e+00
     10    9042.883      20       0  -3.711193600000000e+07   6.087e+08   1.000e+00
     11    9506.916      21       0  -3.711599200000000e+07   4.025e+08   1.000e+00
     12    9972.184      22       0  -3.712050000000000e+07   3.786e+08   1.000e+00
     13   10436.642      23       0  -3.712474800000000e+07   4.671e+08   1.000e+00
     14   10910.139      24       0  -3.712938000000000e+07   4.133e+08   1.000e+00
     15   11375.752      25       0  -3.713428400000000e+07   4.608e+08   1.000e+00
     16   11839.882      26       0  -3.713840400000000e+07   4.036e+08   1.000e+00
     17   12304.374      27       0  -3.714208400000000e+07   3.970e+08   1.000e+00
     18   12769.229      28       0  -3.714600800000000e+07   5.066e+08   1.000e+00
     19   13233.911      29       0  -3.714915600000000e+07   3.632e+08   1.000e+00
     20   13698.182      30       0  -3.715208800000000e+07   3.405e+08   1.000e+00
     21   14162.831      31       0  -3.715515600000000e+07   4.490e+08   1.000e+00
     22   14626.996      32       0  -3.715818800000000e+07   3.632e+08   1.000e+00
     23   15093.321      33       0  -3.716024800000000e+07   3.248e+08   1.000e+00
     24   15557.729      34       0  -3.716221600000000e+07   3.199e+08   1.000e+00
     25   16022.179      35       0  -3.716429200000000e+07   4.156e+08   1.000e+00
     26   16486.780      36       0  -3.716583600000000e+07   2.825e+08   1.000e+00
     27   16951.042      37       0  -3.716730000000000e+07   2.663e+08   1.000e+00
     28   17415.892      38       0  -3.716894400000000e+07   4.855e+08   1.000e+00
     29   17881.526      39       0  -3.717009600000000e+07   2.684e+08   1.000e+00
     30   18345.783      40       0  -3.717087600000000e+07   2.339e+08   1.000e+00
     31   18810.210      41       0  -3.717220000000000e+07   2.870e+08   1.000e+00
     32   19289.312      42       0  -3.717334800000000e+07   4.656e+08   1.000e+00
     33   19753.211      43       0  -3.717420400000000e+07   2.352e+08   1.000e+00
     34   20217.717      44       0  -3.717496400000000e+07   2.046e+08   1.000e+00
     35   20682.239      45       0  -3.717575600000000e+07   2.230e+08   1.000e+00
     36   21147.266      46       0  -3.717644000000000e+07   6.119e+08   1.000e+00
     37   21612.824      47       0  -3.717730800000000e+07   2.106e+08   1.000e+00
     38   22079.539      48       0  -3.717766800000000e+07   1.626e+08   1.000e+00
     39   22548.075      49       0  -3.717815200000000e+07   1.977e+08   1.000e+00
     40   23019.376      50       0  -3.717895200000000e+07   2.420e+08   1.000e+00
     41   23487.639      51       0  -3.717928400000000e+07   6.069e+08   1.000e+00
     42   23955.456      52       0  -3.718006400000000e+07   1.654e+08   1.000e+00
     43   24423.409      53       0  -3.718026400000000e+07   1.366e+08   1.000e+00
     44   24893.213      54       0  -3.718070800000000e+07   1.722e+08   1.000e+00
     45   25365.958      55       0  -3.718120800000000e+07   3.825e+08   1.000e+00
     46   25836.742      56       0  -3.718170800000000e+07   1.937e+08   1.000e+00
     47   26307.812      57       0  -3.718208400000000e+07   1.470e+08   1.000e+00
     48   26779.082      58       0  -3.718242400000000e+07   1.716e+08   1.000e+00
     49   27250.578      59       0  -3.718292400000000e+07   2.647e+08   1.000e+00
     50   27721.351      60       0  -3.718340400000000e+07   2.141e+08   1.000e+00
     51   28198.347      61       0  -3.718371600000000e+07   1.464e+08   1.000e+00
     52   28684.501      62       0  -3.718414400000000e+07   1.642e+08   1.000e+00
     53   29171.441      63       0  -3.718442400000000e+07   2.782e+08   1.000e+00
     54   29642.366      64       0  -3.718472400000000e+07   1.686e+08   1.000e+00
     55   30117.112      65       0  -3.718514400000000e+07   1.383e+08   1.000e+00
     56   30593.933      66       0  -3.718540000000000e+07   1.604e+08   1.000e+00
     57   31078.293      67       0  -3.718586800000000e+07   2.652e+08   1.000e+00
     58   31571.780      68       0  -3.718622800000000e+07   1.832e+08   1.000e+00
     59   32051.152      69       0  -3.718645600000000e+07   1.580e+08   1.000e+00
     60   32530.956      70       0  -3.718683600000000e+07   1.649e+08   1.000e+00
     61   33006.889      71       0  -3.718709200000000e+07   3.587e+08   1.000e+00
     62   33485.628      72       0  -3.718741200000000e+07   1.538e+08   1.000e+00
     63   33968.768      73       0  -3.718764800000000e+07   1.228e+08   1.000e+00
     64   34448.737      74       0  -3.718788800000000e+07   1.475e+08   1.000e+00
     65   34941.783      75       0  -3.718828800000000e+07   2.325e+08   1.000e+00
     66   35436.402      76       0  -3.718869600000000e+07   2.386e+08   1.000e+00
     67   35929.763      77       0  -3.718896400000000e+07   1.399e+08   1.000e+00
     68   36412.187      78       0  -3.718930800000000e+07   1.469e+08   1.000e+00
     69   36900.917      79       0  -3.718960800000000e+07   1.785e+08   1.000e+00
     70   37421.196      80       0  -3.719006000000000e+07   2.038e+08   1.000e+00
     71   37916.560      81       0  -3.719041600000000e+07   1.638e+08   1.000e+00
     72   38419.281      82       0  -3.719075200000000e+07   1.613e+08   1.000e+00
     73   38921.384      83       0  -3.719109200000000e+07   2.070e+08   1.000e+00
     74   39413.006      84       0  -3.719147600000000e+07   1.733e+08   1.000e+00
     75   39900.238      85       0  -3.719181600000000e+07   1.567e+08   1.000e+00
     76   40396.716      86       0  -3.719220000000000e+07   1.804e+08   1.000e+00
     77   40899.480      87       0  -3.719252000000000e+07   2.057e+08   1.000e+00
     78   41403.060      88       0  -3.719282000000000e+07   1.501e+08   1.000e+00
     79   41905.814      89       0  -3.719324800000000e+07   1.674e+08   1.000e+00
     80   42401.108      90       0  -3.719351200000000e+07   3.030e+08   1.000e+00
     81   42892.871      91       0  -3.719377600000000e+07   1.591e+08   1.000e+00
     82   43380.320      92       0  -3.719405200000000e+07   1.327e+08   1.000e+00
     83   43870.192      93       0  -3.719432800000000e+07   1.553e+08   1.000e+00
     84   44365.704      94       0  -3.719479600000000e+07   2.977e+08   1.000e+00
     85   44855.239      95       0  -3.719522800000000e+07   2.012e+08   1.000e+00
     86   45359.391      96       0  -3.719546800000000e+07   1.366e+08   1.000e+00
     87   45851.849      97       0  -3.719584400000000e+07   1.531e+08   1.000e+00
     88   46338.397      98       0  -3.719614400000000e+07   2.512e+08   1.000e+00
     89   46833.127      99       0  -3.719648400000000e+07   1.701e+08   1.000e+00
     90   47333.921     100       0  -3.719694000000000e+07   1.467e+08   1.000e+00
     91   47810.368     101       0  -3.719724800000000e+07   2.103e+08   1.000e+00
     92   48304.277     102       0  -3.719760400000000e+07   1.572e+08   1.000e+00
     93   48800.775     103       0  -3.719802800000000e+07   2.044e+08   1.000e+00
     94   49294.120     104       0  -3.719836800000000e+07   2.133e+08   1.000e+00
     95   49777.052     105       0  -3.719859200000000e+07   1.562e+08   1.000e+00
     96   50265.685     106       0  -3.719905200000000e+07   1.540e+08   1.000e+00
     97   50753.443     107       0  -3.719936800000000e+07   2.741e+08   1.000e+00
     98   51261.041     108       0  -3.719968000000000e+07   1.718e+08   1.000e+00
     99   51780.231     109       0  -3.720008000000000e+07   1.357e+08   1.000e+00
    100   52300.812     110       0  -3.720032000000000e+07   1.665e+08   1.000e+00
    101   52819.468     111       0  -3.720072400000000e+07   1.545e+08   1.000e+00
    102   53340.081     112       0  -3.720104400000000e+07   2.720e+08   1.000e+00
    103   53860.197     113       0  -3.720134000000000e+07   1.430e+08   1.000e+00
    104   54380.856     114       0  -3.720158800000000e+07   1.316e+08   1.000e+00
    105   54899.899     115       0  -3.720187600000000e+07   1.679e+08   1.000e+00
    106   55401.010     116       0  -3.720224400000000e+07   2.627e+08   1.000e+00
    107   55896.470     117       0  -3.720254800000000e+07   1.353e+08   1.000e+00
    108   56389.186     118       0  -3.720280000000000e+07   1.273e+08   1.000e+00
    109   56877.113     119       0  -3.720304800000000e+07   1.402e+08   1.000e+00
    110   57370.273     120       0  -3.720330400000000e+07   4.146e+08   1.000e+00
    111   57858.696     121       0  -3.720366400000000e+07   1.330e+08   1.000e+00
    112   58359.841     122       0  -3.720380800000000e+07   1.038e+08   1.000e+00
    113   58867.459     123       0  -3.720404400000000e+07   1.314e+08   1.000e+00
    114   59379.664     124       0  -3.720440400000000e+07   1.861e+08   1.000e+00
    115   59890.882     125       0  -3.720480800000000e+07   2.500e+08   1.000e+00
    116   60402.669     126       0  -3.720504000000000e+07   1.149e+08   1.000e+00
    117   60926.833     127       0  -3.720519600000000e+07   1.206e+08   1.000e+00
    118   61438.667     128       0  -3.720541600000000e+07   1.371e+08   1.000e+00
    119   61958.975     129       0  -3.720568800000000e+07   3.647e+08   1.000e+00
    120   62488.038     130       0  -3.720596800000000e+07   1.353e+08   1.000e+00
    121   63017.110     131       0  -3.720613200000000e+07   9.970e+07   1.000e+00
    122   63543.189     132       0  -3.720632800000000e+07   1.229e+08   1.000e+00
    123   64072.983     133       0  -3.720666800000000e+07   1.492e+08   1.000e+00
    124   64599.121     134       0  -3.720694000000000e+07   3.705e+08   1.000e+00
    125   65127.311     135       0  -3.720719200000000e+07   1.026e+08   1.000e+00
    126   65654.872     136       0  -3.720726000000000e+07   8.820e+07   1.000e+00
    127   66198.329     137       0  -3.720747600000000e+07   1.145e+08   1.000e+00
    128   66728.542     138       0  -3.720779600000000e+07   2.141e+08   1.000e+00
    129   67255.687     139       0  -3.720813200000000e+07   1.486e+08   1.000e+00
    130   67784.328     140       0  -3.720835600000000e+07   1.062e+08   1.000e+00
    131   68313.406     141       0  -3.720865200000000e+07   1.436e+08   1.000e+00
    132   68843.022     142       0  -3.720885600000000e+07   1.580e+08   1.000e+00
    133   69372.450     143       0  -3.720898800000000e+07   1.117e+08   1.000e+00
    134   69898.823     144       0  -3.720929600000000e+07   1.186e+08   1.000e+00
    135   70444.020     145       0  -3.720947600000000e+07   1.556e+08   1.000e+00
    136   70972.643     146       0  -3.720967600000000e+07   1.166e+08   1.000e+00
    137   71498.915     147       0  -3.721002000000000e+07   1.407e+08   1.000e+00
    138   72027.753     148       0  -3.721022000000000e+07   1.681e+08   1.000e+00
    139   72557.291     149       0  -3.721032800000000e+07   1.084e+08   1.000e+00
    140   73086.619     150       0  -3.721052400000000e+07   1.045e+08   1.000e+00
    141   73629.646     151       0  -3.721070800000000e+07   1.233e+08   1.000e+00
    142   74159.281     152       0  -3.721102800000000e+07   2.108e+08   1.000e+00
    143   74687.116     153       0  -3.721126000000000e+07   1.174e+08   1.000e+00
    144   75215.761     154       0  -3.721139600000000e+07   1.059e+08   1.000e+00
    145   75746.368     155       0  -3.721159200000000e+07   1.106e+08   1.000e+00
    146   76275.143     156       0  -3.721176000000000e+07   2.917e+08   1.000e+00
    147   76802.538     157       0  -3.721194400000000e+07   1.136e+08   1.000e+00
    148   77343.929     158       0  -3.721206800000000e+07   8.794e+07   1.000e+00
    149   77871.830     159       0  -3.721222800000000e+07   1.114e+08   1.000e+00
    150   78398.841     160       0  -3.721247600000000e+07   1.708e+08   1.000e+00
    151   78941.529     161       0  -3.721273200000000e+07   1.685e+08   1.000e+00
    152   79471.262     162       0  -3.721285200000000e+07   8.767e+07   1.000e+00
    153   79999.728     163       0  -3.721297600000000e+07   9.867e+07   1.000e+00
    154   80526.870     164       0  -3.721311200000000e+07   1.098e+08   1.000e+00
    155   81056.202     165       0  -3.721333200000000e+07   2.587e+08   1.000e+00
    156   81582.558     166       0  -3.721351600000000e+07   1.085e+08   1.000e+00
    157   82111.902     167       0  -3.721361200000000e+07   9.088e+07   1.000e+00
    158   82639.623     168       0  -3.721374400000000e+07   9.932e+07   1.000e+00
    159   83168.848     169       0  -3.721394800000000e+07   1.719e+08   1.000e+00
    160   83695.040     170       0  -3.721414800000000e+07   1.120e+08   1.000e+00
    161   84223.650     171       0  -3.721424800000000e+07   8.364e+07   1.000e+00
    162   84751.251     172       0  -3.721442400000000e+07   9.972e+07   1.000e+00
    163   85278.595     173       0  -3.721455600000000e+07   2.090e+08   1.000e+00
    164   85807.256     174       0  -3.721466800000000e+07   1.090e+08   1.000e+00
    165   86334.937     175       0  -3.721481200000000e+07   8.431e+07   1.000e+00
    166   86863.050     176       0  -3.721492400000000e+07   9.402e+07   1.000e+00
    167   87392.094     177       0  -3.721518400000000e+07   1.618e+08   1.000e+00
    168   87919.152     178       0  -3.721537200000000e+07   2.089e+08   1.000e+00
    169   88447.365     179       0  -3.721547200000000e+07   8.620e+07   1.000e+00
    170   88975.479     180       0  -3.721555600000000e+07   8.531e+07   1.000e+00
    171   89518.361     181       0  -3.721566800000000e+07   1.091e+08   1.000e+00
    172   90046.592     182       0  -3.721586800000000e+07   2.360e+08   1.000e+00
    173   90574.798     183       0  -3.721606800000000e+07   1.223e+08   1.000e+00
    174   91102.488     184       0  -3.721619600000000e+07   8.479e+07   1.000e+00
    175   91631.176     185       0  -3.721631200000000e+07   9.298e+07   1.000e+00
    176   92159.805     186       0  -3.721646000000000e+07   1.370e+08   1.000e+00
    177   92698.914     187       0  -3.721662400000000e+07   1.064e+08   1.000e+00
    178   93227.350     188       0  -3.721674400000000e+07   8.346e+07   1.000e+00
    179   93754.817     189       0  -3.721690000000000e+07   1.144e+08   1.000e+00
    180   94283.728     190       0  -3.721700800000000e+07   1.546e+08   1.000e+00
    181   94816.377     191       0  -3.721708800000000e+07   9.888e+07   1.000e+00
    182   95344.144     192       0  -3.721725200000000e+07   8.159e+07   1.000e+00
    183   95871.257     193       0  -3.721736000000000e+07   9.682e+07   1.000e+00
    184   96399.753     194       0  -3.721754000000000e+07   1.456e+08   1.000e+00
    185   96928.218     195       0  -3.721766400000000e+07   9.341e+07   1.000e+00
    186   97455.375     196       0  -3.721774800000000e+07   8.989e+07   1.000e+00
    187   97982.783     197       0  -3.721786400000000e+07   1.048e+08   1.000e+00
    188   98510.783     198       0  -3.721798400000000e+07   1.660e+08   1.000e+00
    189   99038.635     199       0  -3.721808400000000e+07   9.336e+07   1.000e+00
    190   99567.136     200       0  -3.721819600000000e+07   8.231e+07   1.000e+00
    191  100100.765     201       0  -3.721828400000000e+07   8.777e+07   1.000e+00
    192  100628.039     202       0  -3.721841600000000e+07   1.814e+08   1.000e+00
    193  101155.130     203       0  -3.721853600000000e+07   7.825e+07   1.000e+00
    194  101682.486     204       0  -3.721858000000000e+07   7.683e+07   1.000e+00
    195  102210.924     205       0  -3.721868400000000e+07   9.265e+07   1.000e+00
    196  102750.729     206       0  -3.721873200000000e+07   2.693e+08   1.000e+00
    197  103279.955     207       0  -3.721887600000000e+07   9.411e+07   1.000e+00
    198  103785.207     208       0  -3.721894000000000e+07   6.574e+07   1.000e+00
    199  104293.458     209       0  -3.721903200000000e+07   8.090e+07   1.000e+00
    200  104791.038     210       0  -3.721915600000000e+07   1.008e+08   1.000e+00
    201  105287.691     211       0  -3.721927200000000e+07   1.340e+08   1.000e+00
    202  105784.271     212       0  -3.721934800000000e+07   6.643e+07   1.000e+00
    203  106293.540     213       0  -3.721940800000000e+07   8.466e+07   1.000e+00
    204  106789.686     214       0  -3.721950400000000e+07   1.033e+08   1.000e+00
    205  107281.719     215       0  -3.721961200000000e+07   1.755e+08   1.000e+00
    206  107787.158     216       0  -3.721972800000000e+07   8.516e+07   1.000e+00
    207  108281.982     217       0  -3.721981600000000e+07   8.085e+07   1.000e+00
    208  108774.496     218       0  -3.721989600000000e+07   8.568e+07   1.000e+00
    209  109270.593     219       0  -3.721995600000000e+07   2.240e+08   1.000e+00
    210  109776.093     220       0  -3.722006400000000e+07   7.558e+07   1.000e+00
    211  110271.335     221       0  -3.722011600000000e+07   6.523e+07   1.000e+00
    212  110766.472     222       0  -3.722017600000000e+07   8.261e+07   1.000e+00
    213  111261.939     223       0  -3.722028000000000e+07   1.267e+08   1.000e+00
    214  111758.216     224       0  -3.722039600000000e+07   1.162e+08   1.000e+00
    215  112254.692     225       0  -3.722047200000000e+07   6.845e+07   1.000e+00
    216  112750.470     226       0  -3.722055200000000e+07   7.690e+07   1.000e+00
    217  113246.295     227       0  -3.722062800000000e+07   9.964e+07   1.000e+00
    218  113743.353     228       0  -3.722074800000000e+07   8.791e+07   1.000e+00
    219  114238.899     229       0  -3.722084400000000e+07   7.994e+07   1.000e+00
    220  114737.204     230       0  -3.722096400000000e+07   1.191e+08   1.000e+00
    221  115234.252     231       0  -3.722104400000000e+07   8.918e+07   1.000e+00
    222  115730.134     232       0  -3.722109600000000e+07   7.575e+07   1.000e+00
    223  116235.661     233       0  -3.722120400000000e+07   1.023e+08   1.000e+00
    224  116731.465     234       0  -3.722128400000000e+07   1.794e+08   1.000e+00
    225  117226.517     235       0  -3.722135600000000e+07   8.657e+07   1.000e+00
    226  117727.207     236       0  -3.722142800000000e+07   6.338e+07   1.000e+00
    227  118223.173     237       0  -3.722148400000000e+07   7.249e+07   1.000e+00
    228  118721.724     238       0  -3.722159600000000e+07   1.295e+08   1.000e+00
    229  119221.224     239       0  -3.722169600000000e+07   1.005e+08   1.000e+00
    230  119737.424     240       0  -3.722175200000000e+07   6.734e+07   1.000e+00
    231  120237.008     241       0  -3.722184000000000e+07   8.017e+07   1.000e+00
    232  120733.807     242       0  -3.722191200000000e+07   1.300e+08   1.000e+00
    233  121242.885     243       0  -3.722199200000000e+07   7.829e+07   1.000e+00
    234  121754.843     244       0  -3.722209600000000e+07   6.687e+07   1.000e+00
    235  122267.452     245       0  -3.722216400000000e+07   8.592e+07   1.000e+00
    236  122792.078     246       0  -3.722227600000000e+07   8.842e+07   1.000e+00
    237  123302.999     247       0  -3.722235200000000e+07   9.746e+07   1.000e+00
    238  123815.337     248       0  -3.722242400000000e+07   7.013e+07   1.000e+00
    239  124327.591     249       0  -3.722249200000000e+07   6.774e+07   1.000e+00
    240  124839.028     250       0  -3.722257200000000e+07   1.212e+08   1.000e+00
    241  125351.890     251       0  -3.722264000000000e+07   7.180e+07   1.000e+00
    242  125863.873     252       0  -3.722271600000000e+07   6.677e+07   1.000e+00
    243  126372.697     253       0  -3.722279200000000e+07   9.078e+07   1.000e+00
    244  126884.274     254       0  -3.722289200000000e+07   8.456e+07   1.000e+00
    245  127397.594     255       0  -3.722296800000000e+07   7.619e+07   1.000e+00
    246  127917.309     256       0  -3.722304400000000e+07   7.226e+07   1.000e+00
    247  128440.837     257       0  -3.722311600000000e+07   8.394e+07   1.000e+00
    248  128960.698     258       0  -3.722318400000000e+07   7.091e+07   1.000e+00
    249  129492.552     259       0  -3.722326800000000e+07   7.286e+07   1.000e+00
    250  130016.883     260       0  -3.722336000000000e+07   9.888e+07   1.000e+00
    251  130540.946     261       0  -3.722344000000000e+07   7.618e+07   1.000e+00
    252  131061.568     262       0  -3.722350000000000e+07   6.345e+07   1.000e+00
    253  131584.479     263       0  -3.722359200000000e+07   9.637e+07   1.000e+00
    254  132106.373     264       0  -3.722366400000000e+07   1.048e+08   1.000e+00
    255  132628.772     265       0  -3.722371200000000e+07   6.293e+07   1.000e+00
    256  133154.814     266       0  -3.722377600000000e+07   5.720e+07   1.000e+00
    257  133676.891     267       0  -3.722384400000000e+07   7.806e+07   1.000e+00
    258  134198.108     268       0  -3.722392800000000e+07   7.867e+07   1.000e+00
    259  134721.324     269       0  -3.722398800000000e+07   6.162e+07   1.000e+00
    260  135216.572     270       0  -3.722406800000000e+07   7.067e+07   1.000e+00
    261  135705.385     271       0  -3.722413200000000e+07   9.469e+07   1.000e+00
    262  136194.187     272       0  -3.722420000000000e+07   7.088e+07   1.000e+00
    263  136697.416     273       0  -3.722428400000000e+07   7.581e+07   1.000e+00
    264  137190.201     274       0  -3.722435600000000e+07   9.941e+07   1.000e+00
    265  137682.537     275       0  -3.722442000000000e+07   7.046e+07   1.000e+00
    266  138177.782     276       0  -3.722448800000000e+07   6.651e+07   1.000e+00
    267  138675.104     277       0  -3.722454400000000e+07   7.861e+07   1.000e+00
    268  139171.819     278       0  -3.722459600000000e+07   6.515e+07   1.000e+00
    269  139663.605     279       0  -3.722466000000000e+07   7.730e+07   1.000e+00
    270  140168.906     280       0  -3.722471200000000e+07   6.896e+07   1.000e+00
    271  140663.858     281       0  -3.722476000000000e+07   6.086e+07   1.000e+00
    272  141159.351     282       0  -3.722482000000000e+07   8.390e+07   1.000e+00
    273  141649.282     283       0  -3.722488000000000e+07   7.525e+07   1.000e+00
    274  142137.415     284       0  -3.722491600000000e+07   5.873e+07   1.000e+00
    275  142650.962     285       0  -3.722497600000000e+07   6.062e+07   1.000e+00
    276  143164.678     286       0  -3.722502400000000e+07   1.115e+08   1.000e+00
    277  143691.284     287       0  -3.722507600000000e+07   6.644e+07   1.000e+00
    278  144186.775     288       0  -3.722513200000000e+07   5.613e+07   1.000e+00
    279  144680.876     289       0  -3.722518400000000e+07   6.874e+07   1.000e+00
    280  145162.047     290       0  -3.722526400000000e+07   9.065e+07   1.000e+00
    281  145651.423     291       0  -3.722532000000000e+07   8.578e+07   1.000e+00
    282  146141.951     292       0  -3.722536800000000e+07   6.764e+07   1.000e+00
    283  146637.387     293       0  -3.722544400000000e+07   7.425e+07   1.000e+00
    284  147145.325     294       0  -3.722549200000000e+07   1.127e+08   1.000e+00
    285  147657.428     295       0  -3.722554000000000e+07   7.053e+07   1.000e+00
    286  148163.006     296       0  -3.722562000000000e+07   5.806e+07   1.000e+00
    287  148678.653     297       0  -3.722566400000000e+07   6.227e+07   1.000e+00
    288  149178.640     298       0  -3.722574400000000e+07   1.158e+08   1.000e+00
    289  149672.263     299       0  -3.722580000000000e+07   6.123e+07   1.000e+00
    290  150183.322     300       0  -3.722582400000000e+07   5.634e+07   1.000e+00
    291  150696.530     301       0  -3.722588400000000e+07   6.689e+07   1.000e+00
    292  151205.369     302       0  -3.722594000000000e+07   1.513e+08   1.000e+00
    293  151710.200     303       0  -3.722598800000000e+07   6.231e+07   1.000e+00
    294  152211.422     304       0  -3.722602400000000e+07   4.623e+07   1.000e+00
    295  152715.523     305       0  -3.722606800000000e+07   5.475e+07   1.000e+00
    296  153219.526     306       0  -3.722612800000000e+07   9.180e+07   1.000e+00
    297  153737.278     307       0  -3.722619200000000e+07   5.602e+07   1.000e+00
    298  154241.329     308       0  -3.722622800000000e+07   4.936e+07   1.000e+00
    299  154757.770     309       0  -3.722629200000000e+07   6.754e+07   1.000e+00
    300  155279.279     310       0  -3.722632800000000e+07   1.545e+08   1.000e+00
    301  155793.900     311       0  -3.722637200000000e+07   6.357e+07   1.000e+00
    302  156299.197     312       0  -3.722640000000000e+07   4.548e+07   1.000e+00
    303  156825.182     313       0  -3.722644400000000e+07   5.944e+07   1.000e+00
    304  157328.876     314       0  -3.722651600000000e+07   6.782e+07   1.000e+00
    305  157840.249     315       0  -3.722654000000000e+07   2.264e+08   1.000e+00
    306  158351.713     316       0  -3.722663200000000e+07   5.310e+07   1.000e+00
    307  158859.917     317       0  -3.722665600000000e+07   3.986e+07   1.000e+00
    308  159375.905     318       0  -3.722670000000000e+07   5.069e+07   1.000e+00
    309  159880.598     319       0  -3.722675200000000e+07   1.067e+08   1.000e+00
    310  160414.888     320       0  -3.722680400000000e+07   6.211e+07   1.000e+00
    311  160978.464     321       0  -3.722684800000000e+07   4.612e+07   1.000e+00
    312  161538.222     322       0  -3.722688800000000e+07   6.180e+07   1.000e+00
    313  162067.709     323       0  -3.722692800000000e+07   6.694e+07   1.000e+00
    314  162596.095     324       0  -3.722697600000000e+07   5.614e+07   1.000e+00
    315  163123.177     325       0  -3.722702800000000e+07   6.253e+07   1.000e+00
    316  163651.442     326       0  -3.722706400000000e+07   6.860e+07   1.000e+00
    317  164180.642     327       0  -3.722710400000000e+07   5.182e+07   1.000e+00
    318  164707.272     328       0  -3.722716800000000e+07   5.523e+07   1.000e+00
    319  165250.268     329       0  -3.722720800000000e+07   8.887e+07   1.000e+00
    320  165779.741     330       0  -3.722724000000000e+07   5.459e+07   1.000e+00
    321  166306.907     331       0  -3.722728000000000e+07   4.516e+07   1.000e+00
    322  166835.175     332       0  -3.722731200000000e+07   5.466e+07   1.000e+00
    323  167363.958     333       0  -3.722737600000000e+07   7.658e+07   1.000e+00
    324  167890.109     334       0  -3.722742000000000e+07   5.872e+07   1.000e+00
    325  168418.615     335       0  -3.722745200000000e+07   5.139e+07   1.000e+00
    326  168948.919     336       0  -3.722750800000000e+07   5.573e+07   1.000e+00
    327  169478.253     337       0  -3.722755600000000e+07   1.180e+08   1.000e+00
    328  170007.445     338       0  -3.722760000000000e+07   5.925e+07   1.000e+00
    329  170535.294     339       0  -3.722764800000000e+07   4.737e+07   1.000e+00
    330  171063.719     340       0  -3.722768400000000e+07   5.239e+07   1.000e+00
    331  171591.349     341       0  -3.722775600000000e+07   1.178e+08   1.000e+00
    332  172119.724     342       0  -3.722780400000000e+07   4.885e+07   1.000e+00
    333  172647.267     343       0  -3.722782800000000e+07   4.600e+07   1.000e+00
    334  173175.133     344       0  -3.722788000000000e+07   5.499e+07   1.000e+00
    335  173702.821     345       0  -3.722792000000000e+07   1.403e+08   1.000e+00
    336  174230.365     346       0  -3.722797200000000e+07   5.721e+07   1.000e+00
    337  174759.651     347       0  -3.722800400000000e+07   4.243e+07   1.000e+00
    338  175302.344     348       0  -3.722804400000000e+07   5.097e+07   1.000e+00
    339  175830.802     349       0  -3.722810800000000e+07   7.986e+07   1.000e+00
    340  176359.708     350       0  -3.722818000000000e+07   7.199e+07   1.000e+00
    341  176888.172     351       0  -3.722821200000000e+07   4.183e+07   1.000e+00
    342  177414.890     352       0  -3.722824400000000e+07   5.040e+07   1.000e+00
    343  177942.592     353       0  -3.722829200000000e+07   6.334e+07   1.000e+00
    344  178470.708     354       0  -3.722835200000000e+07   5.959e+07   1.000e+00
    345  178999.196     355       0  -3.722839600000000e+07   5.309e+07   1.000e+00
    346  179526.873     356       0  -3.722844000000000e+07   5.361e+07   1.000e+00
    347  180054.498     357       0  -3.722847600000000e+07   6.540e+07   1.000e+00
    348  180597.858     358       0  -3.722851600000000e+07   5.188e+07   1.000e+00
    349  181122.678     359       0  -3.722856800000000e+07   6.015e+07   1.000e+00
    350  181650.771     360       0  -3.722861600000000e+07   7.459e+07   1.000e+00
    351  182179.726     361       0  -3.722864800000000e+07   5.134e+07   1.000e+00
    352  182707.017     362       0  -3.722870000000000e+07   4.725e+07   1.000e+00
    353  183234.443     363       0  -3.722874000000000e+07   7.081e+07   1.000e+00
    354  183762.964     364       0  -3.722877600000000e+07   5.528e+07   1.000e+00
    355  184290.224     365       0  -3.722883600000000e+07   5.885e+07   1.000e+00
    356  184818.380     366       0  -3.722888000000000e+07   7.282e+07   1.000e+00
    357  185361.283     367       0  -3.722890400000000e+07   5.633e+07   1.000e+00
    358  185855.454     368       0  -3.722896000000000e+07   5.523e+07   1.000e+00
    359  186363.363     369       0  -3.722900000000000e+07   9.113e+07   1.000e+00
    360  186868.237     370       0  -3.722903200000000e+07   5.739e+07   1.000e+00
    361  187374.828     371       0  -3.722906800000000e+07   4.241e+07   1.000e+00
    362  187884.372     372       0  -3.722910400000000e+07   4.914e+07   1.000e+00
    363  188430.754     373       0  -3.722916400000000e+07   7.436e+07   1.000e+00
    364  188994.374     374       0  -3.722920000000000e+07   6.218e+07   1.000e+00
    365  189477.841     375       0  -3.722922000000000e+07   4.800e+07   1.000e+00
    366  189964.985     376       0  -3.722926000000000e+07   4.933e+07   1.000e+00
    367  190476.574     377       0  -3.722929200000000e+07   7.517e+07   1.000e+00
    368  190957.089     378       0  -3.722932000000000e+07   4.779e+07   1.000e+00
    369  191440.520     379       0  -3.722935600000000e+07   3.982e+07   1.000e+00
    370  191920.366     380       0  -3.722938400000000e+07   4.473e+07   1.000e+00
    371  192402.194     381       0  -3.722943200000000e+07   6.081e+07   1.000e+00
    372  192888.144     382       0  -3.722946000000000e+07   5.444e+07   1.000e+00
    373  193377.028     383       0  -3.722948000000000e+07   4.821e+07   1.000e+00
    374  193879.782     384       0  -3.722951200000000e+07   5.522e+07   1.000e+00
    375  194368.639     385       0  -3.722954800000000e+07   7.718e+07   1.000e+00
    376  194858.658     386       0  -3.722957600000000e+07   4.698e+07   1.000e+00
    377  195350.118     387       0  -3.722961200000000e+07   3.889e+07   1.000e+00
    378  195843.704     388       0  -3.722963600000000e+07   4.484e+07   1.000e+00
    379  196354.757     389       0  -3.722968800000000e+07   6.240e+07   1.000e+00
    380  196889.102     390       0  -3.722971600000000e+07   5.602e+07   1.000e+00
    381  197409.869     391       0  -3.722973600000000e+07   4.587e+07   1.000e+00
    382  197929.805     392       0  -3.722976800000000e+07   4.779e+07   1.000e+00
    383  198449.728     393       0  -3.722979200000000e+07   7.204e+07   1.000e+00
    384  198970.680     394       0  -3.722981600000000e+07   4.534e+07   1.000e+00
    385  199489.663     395       0  -3.722984400000000e+07   3.770e+07   1.000e+00
    386  200005.856     396       0  -3.722987200000000e+07   4.253e+07   1.000e+00
    387  200533.843     397       0  -3.722992000000000e+07   6.395e+07   1.000e+00
    388  201035.219     398       0  -3.722994800000000e+07   5.549e+07   1.000e+00
    389  201546.377     399       0  -3.722996000000000e+07   4.505e+07   1.000e+00
    390  202057.141     400       0  -3.722999200000000e+07   4.384e+07   1.000e+00
    391  202565.807     401       0  -3.723002400000000e+07   8.068e+07   1.000e+00
    392  203076.540     402       0  -3.723004800000000e+07   4.713e+07   1.000e+00
    393  203570.100     403       0  -3.723007600000000e+07   3.737e+07   1.000e+00
    394  204062.702     404       0  -3.723009600000000e+07   4.054e+07   1.000e+00
    395  204558.295     405       0  -3.723014000000000e+07   7.880e+07   1.000e+00
    396  205070.052     406       0  -3.723017200000000e+07   5.279e+07   1.000e+00
    397  205587.005     407       0  -3.723018000000000e+07   3.917e+07   1.000e+00
    398  206097.874     408       0  -3.723020800000000e+07   3.770e+07   1.000e+00
    399  206595.522     409       0  -3.723022400000000e+07   8.164e+07   1.000e+00
    400  207086.051     410       0  -3.723025200000000e+07   4.339e+07   1.000e+00
    401  207571.644     411       0  -3.723027600000000e+07   3.552e+07   1.000e+00
    402  208062.535     412       0  -3.723029200000000e+07   3.899e+07   1.000e+00
    403  208547.792     413       0  -3.723033600000000e+07   5.918e+07   1.000e+00
    404  209040.350     414       0  -3.723036000000000e+07   6.447e+07   1.000e+00
    405  209539.509     415       0  -3.723036800000000e+07   4.338e+07   1.000e+00
    406  210031.921     416       0  -3.723040000000000e+07   3.598e+07   1.000e+00
    407  210531.223     417       0  -3.723041600000000e+07   5.700e+07   1.000e+00
    408  211031.550     418       0  -3.723044000000000e+07   4.435e+07   1.000e+00
    409  211527.737     419       0  -3.723047200000000e+07   5.541e+07   1.000e+00
    410  212033.057     420       0  -3.723049200000000e+07   5.149e+07   1.000e+00
    411  212531.929     421       0  -3.723050800000000e+07   3.873e+07   1.000e+00
    412  213032.294     422       0  -3.723053200000000e+07   4.245e+07   1.000e+00
    413  213536.826     423       0  -3.723054400000000e+07   8.536e+07   1.000e+00
    414  214031.625     424       0  -3.723056000000000e+07   4.104e+07   1.000e+00
    415  214533.308     425       0  -3.723058000000000e+07   3.022e+07   1.000e+00
    416  215055.118     426       0  -3.723058800000000e+07   3.705e+07   1.000e+00
    417  215576.035     427       0  -3.723062400000000e+07   5.179e+07   1.000e+00
    418  216101.725     428       0  -3.723063600000000e+07   1.160e+08   1.000e+00
    419  216643.950     429       0  -3.723066400000000e+07   3.615e+07   1.000e+00
    420  217170.904     430       0  -3.723067600000000e+07   2.831e+07   1.000e+00
    421  217697.561     431       0  -3.723069600000000e+07   3.602e+07   1.000e+00
    422  218216.296     432       0  -3.723071600000000e+07   5.957e+07   1.000e+00
    423  218717.963     433       0  -3.723074400000000e+07   5.178e+07   1.000e+00
    424  219221.718     434       0  -3.723076800000000e+07   3.540e+07   1.000e+00
    425  219724.577     435       0  -3.723078400000000e+07   3.945e+07   1.000e+00
    426  220245.531     436       0  -3.723080400000000e+07   4.304e+07   1.000e+00
    427  220750.052     437       0  -3.723082800000000e+07   3.392e+07   1.000e+00
    428  221253.055     438       0  -3.723085600000000e+07   3.617e+07   1.000e+00
    429  221758.951     439       0  -3.723087600000000e+07   6.313e+07   1.000e+00
    430  222254.898     440       0  -3.723088800000000e+07   3.268e+07   1.000e+00
    431  222751.192     441       0  -3.723090400000000e+07   3.144e+07   1.000e+00
    432  223255.932     442       0  -3.723092400000000e+07   3.850e+07   1.000e+00
    433  223754.001     443       0  -3.723095200000000e+07   8.562e+07   1.000e+00
    434  224251.945     444       0  -3.723098000000000e+07   3.766e+07   1.000e+00
    435  224760.027     445       0  -3.723100000000000e+07   2.920e+07   1.000e+00
    436  225272.787     446       0  -3.723102000000000e+07   3.330e+07   1.000e+00
    437  225782.928     447       0  -3.723104400000000e+07   7.439e+07   1.000e+00
    438  226294.027     448       0  -3.723106800000000e+07   3.686e+07   1.000e+00
    439  226799.817     449       0  -3.723108400000000e+07   2.977e+07   1.000e+00
    440  227303.445     450       0  -3.723110000000000e+07   3.546e+07   1.000e+00
    441  227818.447     451       0  -3.723112400000000e+07   7.366e+07   1.000e+00
    442  228328.149     452       0  -3.723115200000000e+07   3.661e+07   1.000e+00
    443  228835.317     453       0  -3.723116400000000e+07   3.061e+07   1.000e+00
    444  229338.933     454       0  -3.723118800000000e+07   3.618e+07   1.000e+00
    445  229865.276     455       0  -3.723121200000000e+07   8.244e+07   1.000e+00
    446  230375.695     456       0  -3.723122800000000e+07   3.703e+07   1.000e+00
    447  230892.766     457       0  -3.723124400000000e+07   2.922e+07   1.000e+00
    448  231432.524     458       0  -3.723126000000000e+07   3.394e+07   1.000e+00
    449  231953.650     459       0  -3.723129200000000e+07   5.769e+07   1.000e+00
    450  232479.174     460       0  -3.723131600000000e+07   4.726e+07   1.000e+00
    451  233004.583     461       0  -3.723133200000000e+07   2.889e+07   1.000e+00
    452  233525.143     462       0  -3.723134800000000e+07   3.322e+07   1.000e+00
    453  234032.412     463       0  -3.723136800000000e+07   4.544e+07   1.000e+00
    454  234537.173     464       0  -3.723138800000000e+07   3.442e+07   1.000e+00
    455  235039.038     465       0  -3.723140800000000e+07   3.570e+07   1.000e+00
    456  235548.533     466       0  -3.723143200000000e+07   5.940e+07   1.000e+00
    457  236040.687     467       0  -3.723144800000000e+07   3.256e+07   1.000e+00
    458  236562.109     468       0  -3.723146000000000e+07   3.059e+07   1.000e+00
    459  237078.219     469       0  -3.723147600000000e+07   3.671e+07   1.000e+00
    460  237586.627     470       0  -3.723149200000000e+07   9.315e+07   1.000e+00
    461  238097.482     471       0  -3.723151200000000e+07   3.457e+07   1.000e+00
    462  238624.450     472       0  -3.723152400000000e+07   2.567e+07   1.000e+00
    463  239136.861     473       0  -3.723154000000000e+07   3.085e+07   1.000e+00
    464  239654.265     474       0  -3.723156000000000e+07   4.534e+07   1.000e+00
    465  240155.835     475       0  -3.723158400000000e+07   4.473e+07   1.000e+00
    466  240666.881     476       0  -3.723159600000000e+07   2.625e+07   1.000e+00
    467  241183.222     477       0  -3.723161200000000e+07   3.141e+07   1.000e+00
    468  241702.539     478       0  -3.723162800000000e+07   4.036e+07   1.000e+00
    469  242203.377     479       0  -3.723164800000000e+07   4.063e+07   1.000e+00
    470  242715.320     480       0  -3.723166400000000e+07   3.181e+07   1.000e+00
    471  243231.143     481       0  -3.723168400000000e+07   3.265e+07   1.000e+00
    472  243741.499     482       0  -3.723170000000000e+07   4.598e+07   1.000e+00
    473  244255.921     483       0  -3.723171600000000e+07   3.229e+07   1.000e+00
    474  244780.869     484       0  -3.723173200000000e+07   3.471e+07   1.000e+00
    475  245286.261     485       0  -3.723174400000000e+07   4.302e+07   1.000e+00
    476  245799.935     486       0  -3.723175600000000e+07   3.165e+07   1.000e+00
    477  246305.030     487       0  -3.723177600000000e+07   2.954e+07   1.000e+00
    478  246826.155     488       0  -3.723179200000000e+07   4.131e+07   1.000e+00
    479  247334.648     489       0  -3.723180400000000e+07   3.351e+07   1.000e+00
    480  247830.918     490       0  -3.723182800000000e+07   4.055e+07   1.000e+00
    481  248353.210     491       0  -3.723184000000000e+07   4.070e+07   1.000e+00
    482  248851.178     492       0  -3.723185200000000e+07   3.230e+07   1.000e+00
    483  249355.087     493       0  -3.723186800000000e+07   3.071e+07   1.000e+00
    484  249870.975     494       0  -3.723188800000000e+07   6.598e+07   1.000e+00
    485  250386.743     495       0  -3.723189600000000e+07   3.509e+07   1.000e+00
    486  250905.070     496       0  -3.723190800000000e+07   2.609e+07   1.000e+00
    487  251422.298     497       0  -3.723192400000000e+07   3.060e+07   1.000e+00
    488  251947.384     498       0  -3.723194400000000e+07   4.463e+07   1.000e+00
    489  252473.915     499       0  -3.723196400000000e+07   5.458e+07   1.000e+00
    490  253025.112     500       0  -3.723197200000000e+07   3.036e+07   1.000e+00
    491  253589.175     501       0  -3.723198000000000e+07   2.741e+07   1.000e+00
    492  254080.426     502       0  -3.723199600000000e+07   3.081e+07   1.000e+00
    493  254568.690     503       0  -3.723201600000000e+07   7.943e+07   1.000e+00
    494  255060.282     504       0  -3.723203600000000e+07   3.218e+07   1.000e+00
    495  255549.329     505       0  -3.723204400000000e+07   2.499e+07   1.000e+00
    496  256040.382     506       0  -3.723205600000000e+07   2.706e+07   1.000e+00
    497  256529.207     507       0  -3.723207600000000e+07   4.764e+07   1.000e+00
    498  257016.913     508       0  -3.723208800000000e+07   2.765e+07   1.000e+00
    499  257508.739     509       0  -3.723210400000000e+07   2.373e+07   1.000e+00
    500  258000.423     510       0  -3.723212400000000e+07   3.568e+07   1.000e+00
    501  258507.838     511       0  -3.723213600000000e+07   4.267e+07   1.000e+00
    502  259011.393     512       0  -3.723214800000000e+07   2.856e+07   1.000e+00
    503  259514.380     513       0  -3.723216400000000e+07   2.894e+07   1.000e+00
    504  260017.374     514       0  -3.723217200000000e+07   3.394e+07   1.000e+00
    505  260523.803     515       0  -3.723218000000000e+07   2.842e+07   1.000e+00
    506  261027.658     516       0  -3.723220800000000e+07   5.838e+07   1.000e+00
    507  261530.992     517       0  -3.723222400000000e+07   2.929e+07   1.000e+00
    508  262034.553     518       0  -3.723222800000000e+07   2.364e+07   1.000e+00
    509  262545.514     519       0  -3.723224000000000e+07   2.950e+07   1.000e+00
    510  263049.876     520       0  -3.723225200000000e+07   6.133e+07   1.000e+00
    511  263555.053     521       0  -3.723226400000000e+07   2.893e+07   1.000e+00
    512  264059.363     522       0  -3.723227600000000e+07   2.328e+07   1.000e+00
    513  264562.328     523       0  -3.723228800000000e+07   2.722e+07   1.000e+00
    514  265066.835     524       0  -3.723230400000000e+07   5.708e+07   1.000e+00
    515  265570.621     525       0  -3.723231200000000e+07   2.352e+07   1.000e+00
    516  266088.029     526       0  -3.723232400000000e+07   2.475e+07   1.000e+00
    517  266589.964     527       0  -3.723233600000000e+07   3.100e+07   1.000e+00
    518  267093.652     528       0  -3.723235200000000e+07   6.543e+07   1.000e+00
    519  267597.482     529       0  -3.723236800000000e+07   3.337e+07   1.000e+00
    520  268104.801     530       0  -3.723238000000000e+07   2.448e+07   1.000e+00
    521  268606.685     531       0  -3.723238800000000e+07   2.772e+07   1.000e+00
    522  269109.630     532       0  -3.723240000000000e+07   5.155e+07   1.000e+00
    523  269627.964     533       0  -3.723241200000000e+07   2.682e+07   1.000e+00
    524  270131.228     534       0  -3.723242000000000e+07   2.474e+07   1.000e+00
    525  270635.389     535       0  -3.723243600000000e+07   2.769e+07   1.000e+00
    526  271137.823     536       0  -3.723244400000000e+07   6.014e+07   1.000e+00
    527  271648.346     537       0  -3.723245600000000e+07   2.914e+07   1.000e+00
    528  272151.191     538       0  -3.723246000000000e+07   2.290e+07   1.000e+00
    529  272654.608     539       0  -3.723247600000000e+07   2.805e+07   1.000e+00
    530  273159.111     540       0  -3.723248800000000e+07   5.168e+07   1.000e+00
    531  273662.937     541       0  -3.723250000000000e+07   2.842e+07   1.000e+00
    532  274165.878     542       0  -3.723250800000000e+07   2.384e+07   1.000e+00
    533  274670.043     543       0  -3.723251600000000e+07   2.818e+07   1.000e+00
    534  275174.047     544       0  -3.723253200000000e+07   6.459e+07   1.000e+00
    535  275673.593     545       0  -3.723254400000000e+07   2.774e+07   1.000e+00
    536  276177.883     546       0  -3.723254800000000e+07   2.325e+07   1.000e+00
    537  276676.843     547       0  -3.723256000000000e+07   2.709e+07   1.000e+00
    538  277178.312     548       0  -3.723257600000000e+07   3.708e+07   1.000e+00
    539  277682.672     549       0  -3.723258800000000e+07   6.951e+07   1.000e+00
    540  278200.696     550       0  -3.723260000000000e+07   2.294e+07   1.000e+00
    541  286164.079     568       0  -3.723260000000000e+07   2.293e+07   7.616e-06
# Termination: function reduction test satisfied
# Iter.   Time (ms)    Eval. Reject.       Obj. Func.           Grad.       Step
# ---------------------------------------------------------------------------------
      0     450.145       1       0  -3.701108800000000e+07   1.580e+09   0.000e+00
      1    4839.765      11       0  -3.704628400000000e+07   1.835e+09   1.997e-14
      2    5298.971      12       0  -3.706586800000000e+07   1.097e+09   1.000e+00
      3    5759.772      13       0  -3.707774800000000e+07   9.174e+08   1.000e+00
      4    6222.037      14       0  -3.708357200000000e+07   7.543e+08   1.000e+00
      5    6685.990      15       0  -3.708987600000000e+07   5.655e+08   1.000e+00
      6    7154.509      16       0  -3.709496800000000e+07   6.382e+08   1.000e+00
      7    7620.414      17       0  -3.709967600000000e+07   5.766e+08   1.000e+00
      8    8084.377      18       0  -3.710286800000000e+07   4.242e+08   1.000e+00
      9    8547.700      19       0  -3.710693200000000e+07   4.020e+08   1.000e+00
     10    9022.539      20       0  -3.711133200000000e+07   6.073e+08   1.000e+00
     11    9485.832      21       0  -3.711540400000000e+07   4.024e+08   1.000e+00
     12    9949.560      22       0  -3.711990000000000e+07   3.790e+08   1.000e+00
     13   10413.313      23       0  -3.712416000000000e+07   4.663e+08   1.000e+00
     14   10877.310      24       0  -3.712874400000000e+07   4.122e+08   1.000e+00
     15   11342.191      25       0  -3.713364000000000e+07   4.579e+08   1.000e+00
     16   11806.412      26       0  -3.713778400000000e+07   4.060e+08   1.000e+00
     17   12270.589      27       0  -3.714146400000000e+07   3.979e+08   1.000e+00
     18   12743.389      28       0  -3.714535600000000e+07   4.957e+08   1.000e+00
     19   13212.431      29       0  -3.714850800000000e+07   3.643e+08   1.000e+00
     20   13681.971      30       0  -3.715148800000000e+07   3.413e+08   1.000e+00
     21   14153.334      31       0  -3.715454000000000e+07   4.497e+08   1.000e+00
     22   14623.200      32       0  -3.715748400000000e+07   3.587e+08   1.000e+00
     23   15092.516      33       0  -3.715955200000000e+07   3.191e+08   1.000e+00
     24   15562.580      34       0  -3.716155600000000e+07   3.256e+08   1.000e+00
     25   16047.519      35       0  -3.716364000000000e+07   4.193e+08   1.000e+00
     26   16516.098      36       0  -3.716512000000000e+07   2.794e+08   1.000e+00
     27   16985.869      37       0  -3.716654000000000e+07   2.633e+08   1.000e+00
     28   17456.789      38       0  -3.716817200000000e+07   4.711e+08   1.000e+00
     29   17935.300      39       0  -3.716938400000000e+07   2.685e+08   1.000e+00
     30   18405.373      40       0  -3.717021600000000e+07   2.316e+08   1.000e+00
     31   18875.793      41       0  -3.717153600000000e+07   2.922e+08   1.000e+00
     32   19344.222      42       0  -3.717267600000000e+07   4.039e+08   1.000e+00
     33   19819.432      43       0  -3.717345200000000e+07   2.310e+08   1.000e+00
     34   20289.838      44       0  -3.717432000000000e+07   2.080e+08   1.000e+00
     35   20761.755      45       0  -3.717510000000000e+07   2.261e+08   1.000e+00
     36   21248.480      46       0  -3.717583600000000e+07   5.464e+08   1.000e+00
     37   21720.609      47       0  -3.717658400000000e+07   1.918e+08   1.000e+00
     38   22189.186      48       0  -3.717689200000000e+07   1.668e+08   1.000e+00
     39   22660.933      49       0  -3.717740400000000e+07   1.986e+08   1.000e+00
     40   23132.757      50       0  -3.717813200000000e+07   3.593e+08   1.000e+00
     41   23604.919      51       0  -3.717883200000000e+07   2.163e+08   1.000e+00
     42   24072.812      52       0  -3.717918000000000e+07   1.551e+08   1.000e+00
     43   24544.229      53       0  -3.717968400000000e+07   1.876e+08   1.000e+00
     44   25015.949      54       0  -3.718004800000000e+07   3.152e+08   1.000e+00
     45   25480.183      55       0  -3.718040000000000e+07   1.827e+08   1.000e+00
     46   25948.287      56       0  -3.718089600000000e+07   1.570e+08   1.000e+00
     47   26424.343      57       0  -3.718123600000000e+07   1.662e+08   1.000e+00
     48   26891.990      58       0  -3.718168800000000e+07   4.498e+08   1.000e+00
     49   27360.220      59       0  -3.718225200000000e+07   1.591e+08   1.000e+00
     50   27823.846      60       0  -3.718241600000000e+07   1.308e+08   1.000e+00
     51   28290.080      61       0  -3.718278800000000e+07   1.511e+08   1.000e+00
     52   28759.723      62       0  -3.718308000000000e+07   4.314e+08   1.000e+00
     53   29236.489      63       0  -3.718348800000000e+07   1.754e+08   1.000e+00
     54   29708.850      64       0  -3.718373600000000e+07   1.214e+08   1.000e+00
     55   30195.501      65       0  -3.718395200000000e+07   1.475e+08   1.000e+00
     56   30665.539      66       0  -3.718437600000000e+07   1.830e+08   1.000e+00
     57   31136.326      67       0  -3.718468000000000e+07   4.078e+08   1.000e+00
     58   31611.203      68       0  -3.718512800000000e+07   1.475e+08   1.000e+00
     59   32085.730      69       0  -3.718530800000000e+07   1.241e+08   1.000e+00
     60   32555.539      70       0  -3.718561200000000e+07   1.455e+08   1.000e+00
     61   33023.762      71       0  -3.718589600000000e+07   3.772e+08   1.000e+00
     62   33494.235      72       0  -3.718624000000000e+07   1.553e+08   1.000e+00
     63   33964.953      73       0  -3.718645200000000e+07   1.145e+08   1.000e+00
     64   34434.297      74       0  -3.718664400000000e+07   1.385e+08   1.000e+00
     65   34905.485      75       0  -3.718702800000000e+07   1.764e+08   1.000e+00
     66   35375.873      76       0  -3.718725200000000e+07   4.190e+08   1.000e+00
     67   35845.493      77       0  -3.718767200000000e+07   1.435e+08   1.000e+00
     68   36313.399      78       0  -3.718783200000000e+07   1.114e+08   1.000e+00
     69   36788.160      79       0  -3.718809600000000e+07   1.395e+08   1.000e+00
     70   37272.638      80       0  -3.718846800000000e+07   2.593e+08   1.000e+00
     71   37748.030      81       0  -3.718884800000000e+07   1.540e+08   1.000e+00
     72   38224.078      82       0  -3.718910800000000e+07   1.196e+08   1.000e+00
     73   38708.307      83       0  -3.718942000000000e+07   1.653e+08   1.000e+00
     74   39187.766      84       0  -3.718970800000000e+07   2.127e+08   1.000e+00
     75   39664.697      85       0  -3.718996800000000e+07   1.464e+08   1.000e+00
     76   40144.341      86       0  -3.719036000000000e+07   1.426e+08   1.000e+00
     77   40623.794      87       0  -3.719062000000000e+07   1.961e+08   1.000e+00
     78   41099.809      88       0  -3.719092000000000e+07   1.420e+08   1.000e+00
     79   41575.927      89       0  -3.719128400000000e+07   1.648e+08   1.000e+00
     80   42046.648      90       0  -3.719156000000000e+07   1.698e+08   1.000e+00
     81   42515.132      91       0  -3.719178800000000e+07   1.376e+08   1.000e+00
     82   42985.661      92       0  -3.719220000000000e+07   1.776e+08   1.000e+00
     83   43459.157      93       0  -3.719250800000000e+07   2.274e+08   1.000e+00
     84   43929.966      94       0  -3.719272800000000e+07   1.502e+08   1.000e+00
     85   44397.500      95       0  -3.719306800000000e+07   1.243e+08   1.000e+00
     86   44868.551      96       0  -3.719334000000000e+07   1.677e+08   1.000e+00
     87   45360.957      97       0  -3.719374400000000e+07   1.626e+08   1.000e+00
     88   45845.462      98       0  -3.719404400000000e+07   2.657e+08   1.000e+00
     89   46328.354      99       0  -3.719432000000000e+07   1.430e+08   1.000e+00
     90   46811.356     100       0  -3.719458400000000e+07   1.382e+08   1.000e+00
     91   47307.669     101       0  -3.719486000000000e+07   1.549e+08   1.000e+00
     92   47791.428     102       0  -3.719514000000000e+07   3.495e+08   1.000e+00
     93   48271.365     103       0  -3.719550800000000e+07   1.369e+08   1.000e+00
     94   48765.118     104       0  -3.719570000000000e+07   1.246e+08   1.000e+00
     95   49247.303     105       0  -3.719597200000000e+07   1.469e+08   1.000e+00
     96   49727.112     106       0  -3.719632800000000e+07   3.286e+08   1.000e+00
     97   50206.614     107       0  -3.719672000000000e+07   1.584e+08   1.000e+00
     98   50687.915     108       0  -3.719696000000000e+07   1.194e+08   1.000e+00
     99   51171.189     109       0  -3.719719200000000e+07   1.411e+08   1.000e+00
    100   51650.770     110       0  -3.719750800000000e+07   2.650e+08   1.000e+00
    101   52135.136     111       0  -3.719780000000000e+07   1.418e+08   1.000e+00
    102   52651.989     112       0  -3.719799600000000e+07   1.222e+08   1.000e+00
    103   53156.638     113       0  -3.719825600000000e+07   1.452e+08   1.000e+00
    104   53660.844     114       0  -3.719851600000000e+07   3.199e+08   1.000e+00
    105   54184.860     115       0  -3.719878400000000e+07   1.355e+08   1.000e+00
    106   54689.098     116       0  -3.719897600000000e+07   1.093e+08   1.000e+00
    107   55193.004     117       0  -3.719918400000000e+07   1.275e+08   1.000e+00
    108   55698.975     118       0  -3.719957200000000e+07   1.982e+08   1.000e+00
    109   56202.520     119       0  -3.719994000000000e+07   2.147e+08   1.000e+00
    110   56704.754     120       0  -3.720012400000000e+07   1.059e+08   1.000e+00
    111   57208.270     121       0  -3.720030000000000e+07   1.190e+08   1.000e+00
    112   57719.160     122       0  -3.720051200000000e+07   1.350e+08   1.000e+00
    113   58195.852     123       0  -3.720086400000000e+07   2.797e+08   1.000e+00
    114   58681.614     124       0  -3.720112000000000e+07   1.189e+08   1.000e+00
    115   59174.670     125       0  -3.720129600000000e+07   1.098e+08   1.000e+00
    116   59660.297     126       0  -3.720150000000000e+07   1.204e+08   1.000e+00
    117   60148.159     127       0  -3.720183200000000e+07   2.991e+08   1.000e+00
    118   60631.973     128       0  -3.720214000000000e+07   1.176e+08   1.000e+00
    119   61117.743     129       0  -3.720227200000000e+07   9.369e+07   1.000e+00
    120   61603.864     130       0  -3.720246800000000e+07   1.128e+08   1.000e+00
    121   62087.649     131       0  -3.720278800000000e+07   1.509e+08   1.000e+00
    122   62577.205     132       0  -3.720314400000000e+07   2.443e+08   1.000e+00
    123   63067.251     133       0  -3.720330800000000e+07   9.872e+07   1.000e+00
    124   63543.862     134       0  -3.720340800000000e+07   9.685e+07   1.000e+00
    125   64020.441     135       0  -3.720360800000000e+07   1.170e+08   1.000e+00
    126   64507.302     136       0  -3.720388000000000e+07   3.104e+08   1.000e+00
    127   64987.375     137       0  -3.720408800000000e+07   1.163e+08   1.000e+00
    128   65466.142     138       0  -3.720421600000000e+07   8.379e+07   1.000e+00
    129   65943.048     139       0  -3.720438400000000e+07   9.993e+07   1.000e+00
    130   66420.685     140       0  -3.720464400000000e+07   1.115e+08   1.000e+00
    131   66924.493     141       0  -3.720489600000000e+07   3.389e+08   1.000e+00
    132   67429.242     142       0  -3.720511200000000e+07   8.850e+07   1.000e+00
    133   67945.291     143       0  -3.720516800000000e+07   7.495e+07   1.000e+00
    134   68450.168     144       0  -3.720537600000000e+07   1.035e+08   1.000e+00
    135   68952.844     145       0  -3.720564000000000e+07   2.176e+08   1.000e+00
    136   69458.230     146       0  -3.720589200000000e+07   1.268e+08   1.000e+00
    137   69972.869     147       0  -3.720611200000000e+07   9.274e+07   1.000e+00
    138   70477.476     148       0  -3.720629200000000e+07   1.214e+08   1.000e+00
    139   70981.262     149       0  -3.720651200000000e+07   1.136e+08   1.000e+00
    140   71500.135     150       0  -3.720667200000000e+07   1.150e+08   1.000e+00
    141   72003.999     151       0  -3.720686000000000e+07   1.034e+08   1.000e+00
    142   72508.583     152       0  -3.720702400000000e+07   1.232e+08   1.000e+00
    143   73010.082     153       0  -3.720720800000000e+07   1.084e+08   1.000e+00
    144   73498.958     154       0  -3.720740400000000e+07   1.118e+08   1.000e+00
    145   73978.684     155       0  -3.720757600000000e+07   1.139e+08   1.000e+00
    146   74458.825     156       0  -3.720771600000000e+07   1.037e+08   1.000e+00
    147   74945.314     157       0  -3.720785600000000e+07   8.309e+07   1.000e+00
    148   75433.922     158       0  -3.720804400000000e+07   1.269e+08   1.000e+00
    149   75919.090     159       0  -3.720820800000000e+07   1.174e+08   1.000e+00
    150   76406.960     160       0  -3.720828400000000e+07   8.087e+07   1.000e+00
    151   76908.872     161       0  -3.720841600000000e+07   7.812e+07   1.000e+00
    152   77393.939     162       0  -3.720855200000000e+07   1.615e+08   1.000e+00
    153   77890.499     163       0  -3.720866800000000e+07   9.176e+07   1.000e+00
    154   78390.518     164       0  -3.720881600000000e+07   8.041e+07   1.000e+00
    155   78879.933     165       0  -3.720894400000000e+07   9.210e+07   1.000e+00
    156   79371.145     166       0  -3.720914800000000e+07   2.225e+08   1.000e+00
    157   79872.382     167       0  -3.720930800000000e+07   8.917e+07   1.000e+00
    158   80364.914     168       0  -3.720937200000000e+07   7.489e+07   1.000e+00
    159   80856.771     169       0  -3.720949200000000e+07   9.584e+07   1.000e+00
    160   81368.921     170       0  -3.720966400000000e+07   1.638e+08   1.000e+00
    161   81886.570     171       0  -3.720986000000000e+07   1.160e+08   1.000e+00
    162   82373.505     172       0  -3.721000400000000e+07   8.631e+07   1.000e+00
    163   82865.404     173       0  -3.721015200000000e+07   1.103e+08   1.000e+00
    164   83375.872     174       0  -3.721024800000000e+07   9.557e+07   1.000e+00
    165   83875.825     175       0  -3.721031600000000e+07   7.973e+07   1.000e+00
    166   84394.148     176       0  -3.721047600000000e+07   9.660e+07   1.000e+00
    167   84921.366     177       0  -3.721060000000000e+07   1.648e+08   1.000e+00
    168   85449.334     178       0  -3.721070400000000e+07   9.504e+07   1.000e+00
    169   85978.596     179       0  -3.721085600000000e+07   7.647e+07   1.000e+00
    170   86504.963     180       0  -3.721097600000000e+07   8.657e+07   1.000e+00
    171   87034.821     181       0  -3.721115200000000e+07   1.708e+08   1.000e+00
    172   87560.779     182       0  -3.721124400000000e+07   7.235e+07   1.000e+00
    173   88068.661     183       0  -3.721129200000000e+07   7.695e+07   1.000e+00
    174   88594.636     184       0  -3.721140000000000e+07   9.534e+07   1.000e+00
    175   89131.344     185       0  -3.721154000000000e+07   2.384e+08   1.000e+00
    176   89665.393     186       0  -3.721168400000000e+07   1.069e+08   1.000e+00
    177   90216.082     187       0  -3.721180000000000e+07   7.205e+07   1.000e+00
    178   90754.435     188       0  -3.721189200000000e+07   7.967e+07   1.000e+00
    179   91290.402     189       0  -3.721205600000000e+07   1.018e+08   1.000e+00
    180   91839.361     190       0  -3.721218800000000e+07   2.098e+08   1.000e+00
    181   92373.626     191       0  -3.721228800000000e+07   6.978e+07   1.000e+00
    182   92872.651     192       0  -3.721231600000000e+07   6.512e+07   1.000e+00
    183   93371.012     193       0  -3.721240800000000e+07   8.613e+07   1.000e+00
    184   93880.330     194       0  -3.721253200000000e+07   2.021e+08   1.000e+00
    185   94378.212     195       0  -3.721265600000000e+07   9.840e+07   1.000e+00
    186   94870.474     196       0  -3.721276000000000e+07   7.215e+07   1.000e+00
    187   95363.969     197       0  -3.721284800000000e+07   8.001e+07   1.000e+00
    188   95863.310     198       0  -3.721298800000000e+07   1.008e+08   1.000e+00
    189   96372.711     199       0  -3.721306400000000e+07   2.377e+08   1.000e+00
    190   96880.465     200       0  -3.721316800000000e+07   6.978e+07   1.000e+00
    191   97385.506     201       0  -3.721319200000000e+07   5.879e+07   1.000e+00
    192   97889.260     202       0  -3.721326400000000e+07   7.642e+07   1.000e+00
    193   98386.890     203       0  -3.721336400000000e+07   1.308e+08   1.000e+00
    194   98896.622     204       0  -3.721348800000000e+07   9.709e+07   1.000e+00
    195   99405.427     205       0  -3.721357600000000e+07   6.781e+07   1.000e+00
    196   99930.097     206       0  -3.721368800000000e+07   8.190e+07   1.000e+00
    197  100457.827     207       0  -3.721377600000000e+07   1.280e+08   1.000e+00
    198  100971.048     208       0  -3.721383600000000e+07   7.601e+07   1.000e+00
    199  101489.881     209       0  -3.721394400000000e+07   6.480e+07   1.000e+00
    200  102005.984     210       0  -3.721400800000000e+07   7.185e+07   1.000e+00
    201  102496.789     211       0  -3.721411600000000e+07   1.579e+08   1.000e+00
    202  102999.941     212       0  -3.721419600000000e+07   6.500e+07   1.000e+00
    203  103499.983     213       0  -3.721423600000000e+07   6.571e+07   1.000e+00
    204  103995.956     214       0  -3.721432000000000e+07   8.105e+07   1.000e+00
    205  104493.375     215       0  -3.721440000000000e+07   2.295e+08   1.000e+00
    206  104990.213     216       0  -3.721451200000000e+07   8.707e+07   1.000e+00
    207  105503.263     217       0  -3.721457600000000e+07   5.768e+07   1.000e+00
    208  106001.585     218       0  -3.721464000000000e+07   6.821e+07   1.000e+00
    209  106503.083     219       0  -3.721474800000000e+07   7.924e+07   1.000e+00
    210  106998.677     220       0  -3.721484800000000e+07   1.836e+08   1.000e+00
    211  107504.340     221       0  -3.721492400000000e+07   5.636e+07   1.000e+00
    212  108004.018     222       0  -3.721494800000000e+07   5.613e+07   1.000e+00
    213  108502.844     223       0  -3.721501600000000e+07   7.466e+07   1.000e+00
    214  109005.363     224       0  -3.721509600000000e+07   1.886e+08   1.000e+00
    215  109503.590     225       0  -3.721518800000000e+07   8.332e+07   1.000e+00
    216  109997.835     226       0  -3.721525200000000e+07   6.327e+07   1.000e+00
    217  110499.610     227       0  -3.721532000000000e+07   7.244e+07   1.000e+00
    218  111012.621     228       0  -3.721544000000000e+07   9.472e+07   1.000e+00
    219  111514.617     229       0  -3.721552800000000e+07   1.852e+08   1.000e+00
    220  112014.224     230       0  -3.721560400000000e+07   5.974e+07   1.000e+00
    221  112508.948     231       0  -3.721562000000000e+07   5.543e+07   1.000e+00
    222  113027.789     232       0  -3.721569200000000e+07   7.049e+07   1.000e+00
    223  113547.599     233       0  -3.721578400000000e+07   1.656e+08   1.000e+00
    224  114061.767     234       0  -3.721586400000000e+07   7.756e+07   1.000e+00
    225  114570.930     235       0  -3.721591600000000e+07   5.881e+07   1.000e+00
    226  115074.424     236       0  -3.721598400000000e+07   6.672e+07   1.000e+00
    227  115575.477     237       0  -3.721608000000000e+07   8.691e+07   1.000e+00
    228  116102.882     238       0  -3.721616000000000e+07   1.557e+08   1.000e+00
    229  116611.949     239       0  -3.721621600000000e+07   5.868e+07   1.000e+00
    230  117114.325     240       0  -3.721624800000000e+07   5.678e+07   1.000e+00
    231  117618.388     241       0  -3.721629600000000e+07   6.878e+07   1.000e+00
    232  118127.291     242       0  -3.721637200000000e+07   1.605e+08   1.000e+00
    233  118634.998     243       0  -3.721645600000000e+07   7.087e+07   1.000e+00
    234  119142.285     244       0  -3.721650800000000e+07   5.664e+07   1.000e+00
    235  119645.578     245       0  -3.721656400000000e+07   6.419e+07   1.000e+00
    236  120151.148     246       0  -3.721665600000000e+07   1.046e+08   1.000e+00
    237  120654.992     247       0  -3.721674800000000e+07   8.335e+07   1.000e+00
    238  121173.672     248       0  -3.721678800000000e+07   5.109e+07   1.000e+00
    239  121678.401     249       0  -3.721683200000000e+07   5.769e+07   1.000e+00
    240  122182.598     250       0  -3.721688800000000e+07   7.988e+07   1.000e+00
    241  122686.439     251       0  -3.721696800000000e+07   7.186e+07   1.000e+00
    242  123199.791     252       0  -3.721702800000000e+07   6.169e+07   1.000e+00
    243  123706.542     253       0  -3.721709600000000e+07   6.278e+07   1.000e+00
    244  124210.585     254       0  -3.721715600000000e+07   8.000e+07   1.000e+00
    245  124691.853     255       0  -3.721721200000000e+07   6.193e+07   1.000e+00
    246  125177.679     256       0  -3.721728400000000e+07   6.774e+07   1.000e+00
    247  125664.446     257       0  -3.721734400000000e+07   8.334e+07   1.000e+00
    248  126161.842     258       0  -3.721739600000000e+07   5.972e+07   1.000e+00
    249  126694.110     259       0  -3.721746800000000e+07   5.674e+07   1.000e+00
    250  127213.939     260       0  -3.721753200000000e+07   9.761e+07   1.000e+00
    251  127732.975     261       0  -3.721757200000000e+07   5.918e+07   1.000e+00
    252  128252.798     262       0  -3.721762800000000e+07   4.951e+07   1.000e+00
    253  128789.578     263       0  -3.721767200000000e+07   6.296e+07   1.000e+00
    254  129308.502     264       0  -3.721775200000000e+07   7.276e+07   1.000e+00
    255  129828.842     265       0  -3.721781600000000e+07   9.342e+07   1.000e+00
    256  130349.905     266       0  -3.721787200000000e+07   6.242e+07   1.000e+00
    257  130869.967     267       0  -3.721794000000000e+07   5.932e+07   1.000e+00
    258  131388.367     268       0  -3.721799600000000e+07   7.663e+07   1.000e+00
    259  131906.537     269       0  -3.721806400000000e+07   6.358e+07   1.000e+00
    260  132415.077     270       0  -3.721812800000000e+07   6.572e+07   1.000e+00
    261  132910.237     271       0  -3.721818800000000e+07   7.501e+07   1.000e+00
    262  133411.572     272       0  -3.721823200000000e+07   5.414e+07   1.000e+00
    263  133909.576     273       0  -3.721827600000000e+07   5.282e+07   1.000e+00
    264  134407.262     274       0  -3.721833200000000e+07   9.967e+07   1.000e+00
    265  134910.199     275       0  -3.721838800000000e+07   6.001e+07   1.000e+00
    266  135430.226     276       0  -3.721842000000000e+07   4.919e+07   1.000e+00
    267  135934.461     277       0  -3.721847200000000e+07   5.479e+07   1.000e+00
    268  136442.129     278       0  -3.721851600000000e+07   7.188e+07   1.000e+00
    269  136950.295     279       0  -3.721856000000000e+07   5.264e+07   1.000e+00
    270  137450.088     280       0  -3.721860400000000e+07   5.224e+07   1.000e+00
    271  137964.723     281       0  -3.721864800000000e+07   6.627e+07   1.000e+00
    272  138471.899     282       0  -3.721868800000000e+07   6.738e+07   1.000e+00
    273  138976.162     283       0  -3.721873200000000e+07   5.631e+07   1.000e+00
    274  139504.500     284       0  -3.721878000000000e+07   5.235e+07   1.000e+00
    275  140015.239     285       0  -3.721882000000000e+07   5.879e+07   1.000e+00
    276  140528.625     286       0  -3.721886000000000e+07   4.824e+07   1.000e+00
    277  141052.627     287       0  -3.721890800000000e+07   6.876e+07   1.000e+00
    278  141548.993     288       0  -3.721894800000000e+07   6.255e+07   1.000e+00
    279  142071.831     289       0  -3.721897600000000e+07   4.750e+07   1.000e+00
    280  142590.862     290       0  -3.721900400000000e+07   4.429e+07   1.000e+00
    281  143134.473     291       0  -3.721905600000000e+07   1.075e+08   1.000e+00
    282  143655.294     292       0  -3.721909600000000e+07   5.814e+07   1.000e+00
    283  144180.885     293       0  -3.721913200000000e+07   4.743e+07   1.000e+00
    284  144701.410     294       0  -3.721917200000000e+07   5.485e+07   1.000e+00
    285  145216.846     295       0  -3.721923600000000e+07   8.055e+07   1.000e+00
    286  145729.075     296       0  -3.721928000000000e+07   8.643e+07   1.000e+00
    287  146251.333     297       0  -3.721930800000000e+07   5.207e+07   1.000e+00
    288  146782.164     298       0  -3.721936400000000e+07   5.660e+07   1.000e+00
    289  147292.486     299       0  -3.721940400000000e+07   5.498e+07   1.000e+00
    290  147815.935     300       0  -3.721946800000000e+07   7.064e+07   1.000e+00
    291  148333.483     301       0  -3.721952000000000e+07   7.697e+07   1.000e+00
    292  148847.221     302       0  -3.721954800000000e+07   4.730e+07   1.000e+00
    293  149362.675     303       0  -3.721957600000000e+07   4.232e+07   1.000e+00
    294  149912.197     304       0  -3.721961200000000e+07   5.674e+07   1.000e+00
    295  150467.665     305       0  -3.721966800000000e+07   6.029e+07   1.000e+00
    296  150956.548     306       0  -3.721972400000000e+07   6.014e+07   1.000e+00
    297  151447.938     307       0  -3.721977600000000e+07   4.773e+07   1.000e+00
    298  151927.069     308       0  -3.721981200000000e+07   4.148e+07   1.000e+00
    299  152402.837     309       0  -3.721985200000000e+07   7.633e+07   1.000e+00
    300  152883.731     310       0  -3.721989600000000e+07   5.207e+07   1.000e+00
    301  153362.104     311       0  -3.721993600000000e+07   4.842e+07   1.000e+00
    302  153866.335     312       0  -3.721998800000000e+07   6.470e+07   1.000e+00
    303  154364.482     313       0  -3.722002800000000e+07   5.908e+07   1.000e+00
    304  154855.184     314       0  -3.722006000000000e+07   4.431e+07   1.000e+00
    305  155345.845     315       0  -3.722010800000000e+07   4.401e+07   1.000e+00
    306  155837.237     316       0  -3.722014000000000e+07   6.233e+07   1.000e+00
    307  156329.909     317       0  -3.722018400000000e+07   4.500e+07   1.000e+00
    308  156820.998     318       0  -3.722024400000000e+07   4.933e+07   1.000e+00
    309  157312.021     319       0  -3.722028400000000e+07   1.069e+08   1.000e+00
    310  157814.514     320       0  -3.722030800000000e+07   4.535e+07   1.000e+00
    311  158303.928     321       0  -3.722033200000000e+07   3.737e+07   1.000e+00
    312  158796.106     322       0  -3.722035200000000e+07   4.796e+07   1.000e+00
    313  159288.042     323       0  -3.722040400000000e+07   6.598e+07   1.000e+00
    314  159791.999     324       0  -3.722045200000000e+07   1.068e+08   1.000e+00
    315  160282.104     325       0  -3.722048000000000e+07   4.210e+07   1.000e+00
    316  160771.271     326       0  -3.722050400000000e+07   3.757e+07   1.000e+00
    317  161255.043     327       0  -3.722053200000000e+07   4.493e+07   1.000e+00
    318  161754.348     328       0  -3.722057600000000e+07   9.774e+07   1.000e+00
    319  162247.351     329       0  -3.722061200000000e+07   4.813e+07   1.000e+00
    320  162757.005     330       0  -3.722063600000000e+07   3.821e+07   1.000e+00
    321  163272.558     331       0  -3.722066400000000e+07   4.495e+07   1.000e+00
    322  163788.997     332       0  -3.722071200000000e+07   7.991e+07   1.000e+00
    323  164304.173     333       0  -3.722075600000000e+07   4.976e+07   1.000e+00
    324  164822.507     334       0  -3.722078000000000e+07   3.699e+07   1.000e+00
    325  165337.814     335       0  -3.722081600000000e+07   4.587e+07   1.000e+00
    326  165852.508     336       0  -3.722084800000000e+07   8.016e+07   1.000e+00
    327  166369.620     337       0  -3.722086400000000e+07   4.471e+07   1.000e+00
    328  166886.244     338       0  -3.722089600000000e+07   3.724e+07   1.000e+00
    329  167401.890     339       0  -3.722092000000000e+07   4.072e+07   1.000e+00
    330  167918.532     340       0  -3.722096800000000e+07   1.197e+08   1.000e+00
    331  168445.071     341       0  -3.722100000000000e+07   4.114e+07   1.000e+00
    332  168962.091     342       0  -3.722102000000000e+07   3.318e+07   1.000e+00
    333  169457.103     343       0  -3.722104800000000e+07   4.194e+07   1.000e+00
    334  169943.545     344       0  -3.722109200000000e+07   5.757e+07   1.000e+00
    335  170443.971     345       0  -3.722115200000000e+07   9.123e+07   1.000e+00
    336  170952.588     346       0  -3.722118400000000e+07   4.190e+07   1.000e+00
    337  171471.125     347       0  -3.722120000000000e+07   4.101e+07   1.000e+00
    338  171985.004     348       0  -3.722123600000000e+07   4.627e+07   1.000e+00
    339  172500.775     349       0  -3.722128800000000e+07   1.258e+08   1.000e+00
    340  173018.194     350       0  -3.722131600000000e+07   4.358e+07   1.000e+00
    341  173533.749     351       0  -3.722134000000000e+07   3.177e+07   1.000e+00
    342  174049.027     352       0  -3.722136400000000e+07   3.916e+07   1.000e+00
    343  174564.816     353       0  -3.722140800000000e+07   4.902e+07   1.000e+00
    344  175081.226     354       0  -3.722146800000000e+07   1.012e+08   1.000e+00
    345  175598.425     355       0  -3.722148800000000e+07   3.279e+07   1.000e+00
    346  176085.472     356       0  -3.722149200000000e+07   3.118e+07   1.000e+00
    347  176571.138     357       0  -3.722153200000000e+07   3.941e+07   1.000e+00
    348  177054.179     358       0  -3.722157600000000e+07   1.000e+08   1.000e+00
    349  177535.942     359       0  -3.722161200000000e+07   4.747e+07   1.000e+00
    350  178019.326     360       0  -3.722165200000000e+07   3.542e+07   1.000e+00
    351  178501.002     361       0  -3.722168000000000e+07   4.020e+07   1.000e+00
    352  178985.806     362       0  -3.722173600000000e+07   5.135e+07   1.000e+00
    353  179466.821     363       0  -3.722178400000000e+07   1.081e+08   1.000e+00
    354  179946.017     364       0  -3.722180400000000e+07   3.406e+07   1.000e+00
    355  180435.679     365       0  -3.722180800000000e+07   3.009e+07   1.000e+00
    356  180928.272     366       0  -3.722183200000000e+07   3.933e+07   1.000e+00
    357  181418.631     367       0  -3.722188000000000e+07   7.562e+07   1.000e+00
    358  181915.475     368       0  -3.722192800000000e+07   4.792e+07   1.000e+00
    359  182402.845     369       0  -3.722195600000000e+07   3.381e+07   1.000e+00
    360  182889.548     370       0  -3.722199600000000e+07   4.240e+07   1.000e+00
    361  183388.655     371       0  -3.722204000000000e+07   6.136e+07   1.000e+00
    362  183878.084     372       0  -3.722204800000000e+07   3.727e+07   1.000e+00
    363  184373.864     373       0  -3.722208400000000e+07   3.489e+07   1.000e+00
    364  184861.597     374       0  -3.722211200000000e+07   3.918e+07   1.000e+00
    365  185375.269     375       0  -3.722217200000000e+07   8.491e+07   1.000e+00
    366  185868.564     376       0  -3.722220400000000e+07   3.631e+07   1.000e+00
    367  186352.720     377       0  -3.722221600000000e+07   3.469e+07   1.000e+00
    368  186861.394     378       0  -3.722224000000000e+07   3.827e+07   1.000e+00
    369  187343.248     379       0  -3.722228000000000e+07   1.083e+08   1.000e+00
    370  187826.248     380       0  -3.722231200000000e+07   4.229e+07   1.000e+00
    371  188310.578     381       0  -3.722233600000000e+07   2.948e+07   1.000e+00
    372  188791.609     382       0  -3.722236000000000e+07   3.583e+07   1.000e+00
    373  189275.189     383       0  -3.722240000000000e+07   4.372e+07   1.000e+00
    374  189767.643     384       0  -3.722245600000000e+07   1.059e+08   1.000e+00
    375  190293.347     385       0  -3.722247200000000e+07   3.057e+07   1.000e+00
    376  190816.617     386       0  -3.722247600000000e+07   2.762e+07   1.000e+00
    377  191334.522     387       0  -3.722250400000000e+07   3.495e+07   1.000e+00
    378  191878.901     388       0  -3.722253600000000e+07   7.789e+07   1.000e+00
    379  192440.004     389       0  -3.722256800000000e+07   4.181e+07   1.000e+00
    380  192933.853     390       0  -3.722259600000000e+07   3.182e+07   1.000e+00
    381  193444.884     391       0  -3.722261600000000e+07   3.687e+07   1.000e+00
    382  193975.208     392       0  -3.722265200000000e+07   6.034e+07   1.000e+00
    383  194513.090     393       0  -3.722268000000000e+07   3.892e+07   1.000e+00
    384  195048.899     394       0  -3.722269600000000e+07   3.154e+07   1.000e+00
    385  195586.055     395       0  -3.722272000000000e+07   3.946e+07   1.000e+00
    386  196121.079     396       0  -3.722274000000000e+07   7.198e+07   1.000e+00
    387  196613.453     397       0  -3.722276000000000e+07   3.831e+07   1.000e+00
    388  197109.696     398       0  -3.722278000000000e+07   3.085e+07   1.000e+00
    389  197612.467     399       0  -3.722280000000000e+07   3.394e+07   1.000e+00
    390  198114.716     400       0  -3.722283600000000e+07   8.751e+07   1.000e+00
    391  198615.398     401       0  -3.722286400000000e+07   3.465e+07   1.000e+00
    392  199116.170     402       0  -3.722287600000000e+07   2.765e+07   1.000e+00
    393  199614.747     403       0  -3.722290000000000e+07   3.340e+07   1.000e+00
    394  200109.358     404       0  -3.722292000000000e+07   6.327e+07   1.000e+00
    395  200607.659     405       0  -3.722294800000000e+07   3.722e+07   1.000e+00
    396  201120.440     406       0  -3.722297200000000e+07   2.984e+07   1.000e+00
    397  201615.092     407       0  -3.722300000000000e+07   3.573e+07   1.000e+00
    398  202132.328     408       0  -3.722302000000000e+07   7.808e+07   1.000e+00
    399  202652.560     409       0  -3.722303600000000e+07   3.279e+07   1.000e+00
    400  203158.962     410       0  -3.722305200000000e+07   2.704e+07   1.000e+00
    401  203651.577     411       0  -3.722306400000000e+07   3.318e+07   1.000e+00
    402  204158.235     412       0  -3.722309600000000e+07   5.277e+07   1.000e+00
    403  204652.543     413       0  -3.722314000000000e+07   5.765e+07   1.000e+00
    404  205156.491     414       0  -3.722315600000000e+07   2.906e+07   1.000e+00
    405  205661.997     415       0  -3.722316400000000e+07   3.137e+07   1.000e+00
    406  206163.574     416       0  -3.722318800000000e+07   3.570e+07   1.000e+00
    407  206663.473     417       0  -3.722322400000000e+07   7.269e+07   1.000e+00
    408  207159.211     418       0  -3.722324800000000e+07   3.228e+07   1.000e+00
    409  207665.427     419       0  -3.722326800000000e+07   3.022e+07   1.000e+00
    410  208167.532     420       0  -3.722328400000000e+07   3.279e+07   1.000e+00
    411  208663.647     421       0  -3.722331600000000e+07   9.321e+07   1.000e+00
    412  209166.229     422       0  -3.722334000000000e+07   3.319e+07   1.000e+00
    413  209657.752     423       0  -3.722334800000000e+07   2.507e+07   1.000e+00
    414  210164.272     424       0  -3.722336800000000e+07   3.140e+07   1.000e+00
    415  210674.608     425       0  -3.722339200000000e+07   3.873e+07   1.000e+00
    416  211173.456     426       0  -3.722342800000000e+07   8.975e+07   1.000e+00
    417  211674.637     427       0  -3.722344400000000e+07   2.784e+07   1.000e+00
    418  212171.452     428       0  -3.722345200000000e+07   2.400e+07   1.000e+00
    419  212663.633     429       0  -3.722347200000000e+07   2.952e+07   1.000e+00
    420  213168.879     430       0  -3.722350400000000e+07   6.610e+07   1.000e+00
    421  213671.965     431       0  -3.722352400000000e+07   3.536e+07   1.000e+00
    422  214187.257     432       0  -3.722354000000000e+07   2.636e+07   1.000e+00
    423  214692.246     433       0  -3.722356000000000e+07   3.083e+07   1.000e+00
    424  215201.030     434       0  -3.722358400000000e+07   4.641e+07   1.000e+00
    425  215704.319     435       0  -3.722360800000000e+07   3.824e+07   1.000e+00
    426  216214.175     436       0  -3.722361600000000e+07   2.710e+07   1.000e+00
    427  216720.465     437       0  -3.722364000000000e+07   2.920e+07   1.000e+00
    428  217228.099     438       0  -3.722366000000000e+07   5.312e+07   1.000e+00
    429  217730.300     439       0  -3.722366800000000e+07   3.333e+07   1.000e+00
    430  218223.499     440       0  -3.722369600000000e+07   2.576e+07   1.000e+00
    431  218757.274     441       0  -3.722371200000000e+07   3.172e+07   1.000e+00
    432  219268.450     442       0  -3.722373600000000e+07   3.414e+07   1.000e+00
    433  219784.145     443       0  -3.722376000000000e+07   3.857e+07   1.000e+00
    434  220298.449     444       0  -3.722377600000000e+07   2.838e+07   1.000e+00
    435  220819.825     445       0  -3.722379200000000e+07   2.856e+07   1.000e+00
    436  221357.587     446       0  -3.722380800000000e+07   4.442e+07   1.000e+00
    437  221868.723     447       0  -3.722382400000000e+07   2.973e+07   1.000e+00
    438  222384.241     448       0  -3.722384000000000e+07   2.678e+07   1.000e+00
    439  222899.879     449       0  -3.722386000000000e+07   4.155e+07   1.000e+00
    440  223450.811     450       0  -3.722387600000000e+07   2.696e+07   1.000e+00
    441  224012.053     451       0  -3.722388800000000e+07   2.590e+07   1.000e+00
    442  224490.617     452       0  -3.722390800000000e+07   3.463e+07   1.000e+00
    443  224970.446     453       0  -3.722392400000000e+07   2.824e+07   1.000e+00
    444  225455.096     454       0  -3.722394400000000e+07   3.500e+07   1.000e+00
    445  225945.748     455       0  -3.722395600000000e+07   3.271e+07   1.000e+00
    446  226452.033     456       0  -3.722396800000000e+07   2.612e+07   1.000e+00
    447  226964.579     457       0  -3.722398800000000e+07   3.135e+07   1.000e+00
    448  227453.317     458       0  -3.722400800000000e+07   4.550e+07   1.000e+00
    449  227941.016     459       0  -3.722401200000000e+07   2.860e+07   1.000e+00
    450  228451.997     460       0  -3.722402800000000e+07   2.160e+07   1.000e+00
    451  228963.138     461       0  -3.722404800000000e+07   2.534e+07   1.000e+00
    452  229457.953     462       0  -3.722407600000000e+07   3.431e+07   1.000e+00
    453  229973.563     463       0  -3.722408800000000e+07   4.288e+07   1.000e+00
    454  230470.480     464       0  -3.722409200000000e+07   2.719e+07   1.000e+00
    455  230973.874     465       0  -3.722410000000000e+07   2.492e+07   1.000e+00
    456  231468.854     466       0  -3.722411200000000e+07   2.746e+07   1.000e+00
    457  231985.278     467       0  -3.722412800000000e+07   4.793e+07   1.000e+00
    458  232487.925     468       0  -3.722414400000000e+07   2.546e+07   1.000e+00
    459  232989.549     469       0  -3.722415200000000e+07   2.400e+07   1.000e+00
    460  233488.218     470       0  -3.722417200000000e+07   2.710e+07   1.000e+00
    461  233989.520     471       0  -3.722418800000000e+07   6.092e+07   1.000e+00
    462  234492.468     472       0  -3.722419600000000e+07   2.436e+07   1.000e+00
    463  235007.864     473       0  -3.722420400000000e+07   2.235e+07   1.000e+00
    464  235527.617     474       0  -3.722422000000000e+07   2.585e+07   1.000e+00
    465  236070.977     475       0  -3.722423200000000e+07   5.627e+07   1.000e+00
    466  236581.645     476       0  -3.722424800000000e+07   2.501e+07   1.000e+00
    467  237129.201     477       0  -3.722426000000000e+07   2.156e+07   1.000e+00
    468  237685.225     478       0  -3.722426400000000e+07   2.452e+07   1.000e+00
    469  238184.271     479       0  -3.722428400000000e+07   4.886e+07   1.000e+00
    470  238704.845     480       0  -3.722430000000000e+07   2.724e+07   1.000e+00
    471  239245.222     481       0  -3.722431600000000e+07   2.094e+07   1.000e+00
    472  239769.835     482       0  -3.722433200000000e+07   2.586e+07   1.000e+00
    473  240295.801     483       0  -3.722434400000000e+07   5.072e+07   1.000e+00
    474  240822.767     484       0  -3.722435200000000e+07   2.738e+07   1.000e+00
    475  241345.745     485       0  -3.722436800000000e+07   2.191e+07   1.000e+00
    476  241871.097     486       0  -3.722437600000000e+07   2.401e+07   1.000e+00
    477  242405.364     487       0  -3.722439200000000e+07   6.605e+07   1.000e+00
    478  242931.082     488       0  -3.722440400000000e+07   2.328e+07   1.000e+00
    479  243455.303     489       0  -3.722440800000000e+07   1.886e+07   1.000e+00
    480  243979.894     490       0  -3.722442000000000e+07   2.375e+07   1.000e+00
    481  244506.576     491       0  -3.722444000000000e+07   3.515e+07   1.000e+00
    482  245014.683     492       0  -3.722445600000000e+07   3.964e+07   1.000e+00
    483  245527.137     493       0  -3.722446800000000e+07   2.237e+07   1.000e+00
    484  246043.383     494       0  -3.722448000000000e+07   2.327e+07   1.000e+00
    485  246561.107     495       0  -3.722448400000000e+07   2.787e+07   1.000e+00
    486  247079.193     496       0  -3.722450400000000e+07   3.594e+07   1.000e+00
    487  247594.209     497       0  -3.722451600000000e+07   2.188e+07   1.000e+00
    488  248110.612     498       0  -3.722452000000000e+07   2.215e+07   1.000e+00
    489  248627.113     499       0  -3.722453200000000e+07   2.725e+07   1.000e+00
    490  249144.253     500       0  -3.722456400000000e+07   2.868e+07   1.000e+00
    491  249661.124     501       0  -3.722456800000000e+07   2.842e+07   1.000e+00
    492  250178.171     502       0  -3.722457600000000e+07   2.304e+07   1.000e+00
    493  250693.600     503       0  -3.722459200000000e+07   2.253e+07   1.000e+00
    494  251210.268     504       0  -3.722460800000000e+07   4.499e+07   1.000e+00
    495  251725.842     505       0  -3.722461600000000e+07   2.391e+07   1.000e+00
    496  252241.865     506       0  -3.722462400000000e+07   2.034e+07   1.000e+00
    497  252768.994     507       0  -3.722464000000000e+07   2.204e+07   1.000e+00
    498  253287.095     508       0  -3.722465600000000e+07   5.070e+07   1.000e+00
    499  253803.229     509       0  -3.722467200000000e+07   1.991e+07   1.000e+00
    500  261752.764     527       0  -3.722467200000000e+07   1.990e+07   7.616e-06
# Termination: function reduction test satisfied
# Iter.   Time (ms)    Eval. Reject.       Obj. Func.           Grad.       Step
# ---------------------------------------------------------------------------------
      0     434.818       1       0  -3.700523600000000e+07   1.580e+09   0.000e+00
      1    4812.061      11       0  -3.704046400000000e+07   1.823e+09   1.983e-14
      2    5285.347      12       0  -3.705999600000000e+07   1.099e+09   1.000e+00
      3    5744.036      13       0  -3.707192800000000e+07   9.168e+08   1.000e+00
      4    6204.347      14       0  -3.707774400000000e+07   7.567e+08   1.000e+00
      5    6667.804      15       0  -3.708396800000000e+07   5.650e+08   1.000e+00
      6    7136.133      16       0  -3.708908000000000e+07   6.316e+08   1.000e+00
      7    7599.187      17       0  -3.709377200000000e+07   5.899e+08   1.000e+00
      8    8060.292      18       0  -3.709691600000000e+07   4.217e+08   1.000e+00
      9    8520.788      19       0  -3.710089200000000e+07   3.955e+08   1.000e+00
     10    8985.080      20       0  -3.710522000000000e+07   5.919e+08   1.000e+00
     11    9452.238      21       0  -3.710946000000000e+07   4.014e+08   1.000e+00
     12    9920.460      22       0  -3.711394800000000e+07   3.849e+08   1.000e+00
     13   10386.769      23       0  -3.711819200000000e+07   4.540e+08   1.000e+00
     14   10869.110      24       0  -3.712247600000000e+07   4.039e+08   1.000e+00
     15   11335.917      25       0  -3.712728000000000e+07   4.297e+08   1.000e+00
     16   11804.468      26       0  -3.713159200000000e+07   4.326e+08   1.000e+00
     17   12272.431      27       0  -3.713528000000000e+07   4.048e+08   1.000e+00
     18   12743.369      28       0  -3.713882400000000e+07   4.095e+08   1.000e+00
     19   13211.154      29       0  -3.714206800000000e+07   3.713e+08   1.000e+00
     20   13680.041      30       0  -3.714544400000000e+07   3.655e+08   1.000e+00
     21   14161.781      31       0  -3.714818800000000e+07   3.909e+08   1.000e+00
     22   14630.290      32       0  -3.715065600000000e+07   3.353e+08   1.000e+00
     23   15098.790      33       0  -3.715294400000000e+07   3.124e+08   1.000e+00
     24   15566.522      34       0  -3.715493200000000e+07   3.639e+08   1.000e+00
     25   16035.133      35       0  -3.715684400000000e+07   3.061e+08   1.000e+00
     26   16504.346      36       0  -3.715834000000000e+07   2.860e+08   1.000e+00
     27   16970.977      37       0  -3.715981200000000e+07   3.044e+08   1.000e+00
     28   17438.659      38       0  -3.716125600000000e+07   3.182e+08   1.000e+00
     29   17908.491      39       0  -3.716221200000000e+07   2.464e+08   1.000e+00
     30   18374.650      40       0  -3.716330800000000e+07   2.500e+08   1.000e+00
     31   18840.533      41       0  -3.716436000000000e+07   3.913e+08   1.000e+00
     32   19323.205      42       0  -3.716514800000000e+07   2.212e+08   1.000e+00
     33   19795.007      43       0  -3.716592000000000e+07   2.075e+08   1.000e+00
     34   20270.807      44       0  -3.716676400000000e+07   2.384e+08   1.000e+00
     35   20747.465      45       0  -3.716761200000000e+07   4.718e+08   1.000e+00
     36   21222.631      46       0  -3.716824000000000e+07   1.821e+08   1.000e+00
     37   21699.774      47       0  -3.716853200000000e+07   1.638e+08   1.000e+00
     38   22178.676      48       0  -3.716909600000000e+07   1.924e+08   1.000e+00
     39   22666.243      49       0  -3.716965600000000e+07   4.408e+08   1.000e+00
     40   23145.891      50       0  -3.717023600000000e+07   1.871e+08   1.000e+00
     41   23626.878      51       0  -3.717054000000000e+07   1.382e+08   1.000e+00
     42   24110.951      52       0  -3.717084000000000e+07   1.564e+08   1.000e+00
     43   24603.153      53       0  -3.717133600000000e+07   2.109e+08   1.000e+00
     44   25086.187      54       0  -3.717168800000000e+07   3.386e+08   1.000e+00
     45   25571.633      55       0  -3.717198000000000e+07   1.315e+08   1.000e+00
     46   26066.467      56       0  -3.717213200000000e+07   1.212e+08   1.000e+00
     47   26551.522      57       0  -3.717236800000000e+07   1.421e+08   1.000e+00
     48   27022.770      58       0  -3.717264400000000e+07   3.373e+08   1.000e+00
     49   27492.708      59       0  -3.717294800000000e+07   1.340e+08   1.000e+00
     50   27965.962      60       0  -3.717310800000000e+07   1.031e+08   1.000e+00
     51   28456.034      61       0  -3.717330400000000e+07   1.233e+08   1.000e+00
     52   28948.905      62       0  -3.717361200000000e+07   1.527e+08   1.000e+00
     53   29457.037      63       0  -3.717386400000000e+07   3.025e+08   1.000e+00
     54   29947.324      64       0  -3.717408800000000e+07   1.042e+08   1.000e+00
     55   30439.372      65       0  -3.717417600000000e+07   9.425e+07   1.000e+00
     56   30930.864      66       0  -3.717434800000000e+07   1.121e+08   1.000e+00
     57   31432.196      67       0  -3.717455200000000e+07   2.739e+08   1.000e+00
     58   31924.171      68       0  -3.717476000000000e+07   1.163e+08   1.000e+00
     59   32429.258      69       0  -3.717489600000000e+07   8.615e+07   1.000e+00
     60   32922.546      70       0  -3.717502800000000e+07   1.035e+08   1.000e+00
     61   33415.834      71       0  -3.717526800000000e+07   1.230e+08   1.000e+00
     62   33909.080      72       0  -3.717543200000000e+07   3.260e+08   1.000e+00
     63   34399.393      73       0  -3.717564800000000e+07   9.373e+07   1.000e+00
     64   34891.941      74       0  -3.717570800000000e+07   7.186e+07   1.000e+00
     65   35383.823      75       0  -3.717585600000000e+07   8.728e+07   1.000e+00
     66   35875.193      76       0  -3.717606400000000e+07   1.539e+08   1.000e+00
     67   36367.340      77       0  -3.717628000000000e+07   9.698e+07   1.000e+00
     68   36861.108      78       0  -3.717640400000000e+07   7.321e+07   1.000e+00
     69   37351.489      79       0  -3.717658000000000e+07   1.022e+08   1.000e+00
     70   37843.143      80       0  -3.717673600000000e+07   1.315e+08   1.000e+00
     71   38350.016      81       0  -3.717683600000000e+07   8.832e+07   1.000e+00
     72   38844.220      82       0  -3.717705200000000e+07   8.027e+07   1.000e+00
     73   39336.527      83       0  -3.717718800000000e+07   1.099e+08   1.000e+00
     74   39828.723      84       0  -3.717735200000000e+07   8.244e+07   1.000e+00
     75   40303.182      85       0  -3.717754800000000e+07   1.150e+08   1.000e+00
     76   40778.927      86       0  -3.717767600000000e+07   8.523e+07   1.000e+00
     77   41252.584      87       0  -3.717775200000000e+07   7.446e+07   1.000e+00
     78   41743.240      88       0  -3.717792000000000e+07   1.174e+08   1.000e+00
     79   42218.417      89       0  -3.717807600000000e+07   1.211e+08   1.000e+00
     80   42707.637      90       0  -3.717812800000000e+07   6.999e+07   1.000e+00
     81   43199.159      91       0  -3.717823200000000e+07   5.717e+07   1.000e+00
     82   43697.373      92       0  -3.717834000000000e+07   7.424e+07   1.000e+00
     83   44177.353      93       0  -3.717853600000000e+07   1.277e+08   1.000e+00
     84   44661.571      94       0  -3.717864000000000e+07   7.719e+07   1.000e+00
     85   45165.547      95       0  -3.717868800000000e+07   6.839e+07   1.000e+00
     86   45649.863      96       0  -3.717878000000000e+07   7.040e+07   1.000e+00
     87   46133.509      97       0  -3.717891200000000e+07   1.824e+08   1.000e+00
     88   46609.014      98       0  -3.717898400000000e+07   7.343e+07   1.000e+00
     89   47095.331      99       0  -3.717904800000000e+07   5.222e+07   1.000e+00
     90   47581.669     100       0  -3.717912800000000e+07   6.442e+07   1.000e+00
     91   48064.807     101       0  -3.717925200000000e+07   8.600e+07   1.000e+00
     92   48549.489     102       0  -3.717940400000000e+07   1.726e+08   1.000e+00
     93   49029.705     103       0  -3.717945600000000e+07   5.849e+07   1.000e+00
     94   49508.367     104       0  -3.717948000000000e+07   5.034e+07   1.000e+00
     95   49987.575     105       0  -3.717953600000000e+07   6.303e+07   1.000e+00
     96   50482.867     106       0  -3.717965200000000e+07   9.737e+07   1.000e+00
     97   50960.177     107       0  -3.717977200000000e+07   1.080e+08   1.000e+00
     98   51450.418     108       0  -3.717983600000000e+07   5.314e+07   1.000e+00
     99   51927.579     109       0  -3.717988400000000e+07   5.479e+07   1.000e+00
    100   52408.007     110       0  -3.717996000000000e+07   6.170e+07   1.000e+00
    101   52887.784     111       0  -3.718006400000000e+07   1.427e+08   1.000e+00
    102   53369.308     112       0  -3.718012400000000e+07   5.341e+07   1.000e+00
    103   53859.001     113       0  -3.718016000000000e+07   4.602e+07   1.000e+00
    104   54350.234     114       0  -3.718021200000000e+07   5.363e+07   1.000e+00
    105   54845.562     115       0  -3.718031200000000e+07   9.824e+07   1.000e+00
    106   55341.526     116       0  -3.718041600000000e+07   6.701e+07   1.000e+00
    107   55837.221     117       0  -3.718046400000000e+07   4.641e+07   1.000e+00
    108   56330.135     118       0  -3.718054400000000e+07   5.317e+07   1.000e+00
    109   56825.756     119       0  -3.718061600000000e+07   1.030e+08   1.000e+00
    110   57324.142     120       0  -3.718066000000000e+07   5.671e+07   1.000e+00
    111   57817.558     121       0  -3.718072400000000e+07   4.604e+07   1.000e+00
    112   58309.173     122       0  -3.718078000000000e+07   5.046e+07   1.000e+00
    113   58814.513     123       0  -3.718092800000000e+07   1.062e+08   1.000e+00
    114   59309.235     124       0  -3.718103200000000e+07   6.925e+07   1.000e+00
    115   59802.126     125       0  -3.718104400000000e+07   4.174e+07   1.000e+00
    116   60297.728     126       0  -3.718109200000000e+07   4.264e+07   1.000e+00
    117   60788.349     127       0  -3.718115200000000e+07   5.761e+07   1.000e+00
    118   61282.753     128       0  -3.718126400000000e+07   6.344e+07   1.000e+00
    119   61777.068     129       0  -3.718134000000000e+07   5.421e+07   1.000e+00
    120   62283.566     130       0  -3.718140400000000e+07   4.539e+07   1.000e+00
    121   62778.013     131       0  -3.718146800000000e+07   5.329e+07   1.000e+00
    122   63273.124     132       0  -3.718153200000000e+07   5.238e+07   1.000e+00
    123   63759.937     133       0  -3.718158800000000e+07   4.435e+07   1.000e+00
    124   64240.369     134       0  -3.718165600000000e+07   4.943e+07   1.000e+00
    125   64723.926     135       0  -3.718173200000000e+07   7.625e+07   1.000e+00
    126   65221.018     136       0  -3.718176000000000e+07   4.030e+07   1.000e+00
    127   65721.034     137       0  -3.718180400000000e+07   3.540e+07   1.000e+00
    128   66205.664     138       0  -3.718185600000000e+07   4.262e+07   1.000e+00
    129   66691.437     139       0  -3.718196400000000e+07   1.080e+08   1.000e+00
    130   67183.013     140       0  -3.718202800000000e+07   4.321e+07   1.000e+00
    131   67680.848     141       0  -3.718205600000000e+07   3.601e+07   1.000e+00
    132   68166.993     142       0  -3.718211600000000e+07   4.225e+07   1.000e+00
    133   68644.202     143       0  -3.718221200000000e+07   7.942e+07   1.000e+00
    134   69149.246     144       0  -3.718229600000000e+07   4.523e+07   1.000e+00
    135   69628.013     145       0  -3.718234000000000e+07   3.567e+07   1.000e+00
    136   70121.076     146       0  -3.718240800000000e+07   4.855e+07   1.000e+00
    137   70616.026     147       0  -3.718248000000000e+07   6.900e+07   1.000e+00
    138   71112.021     148       0  -3.718250800000000e+07   4.560e+07   1.000e+00
    139   71607.616     149       0  -3.718258000000000e+07   4.072e+07   1.000e+00
    140   72103.751     150       0  -3.718263600000000e+07   4.640e+07   1.000e+00
    141   72599.942     151       0  -3.718276000000000e+07   5.171e+07   1.000e+00
    142   73096.236     152       0  -3.718283600000000e+07   6.311e+07   1.000e+00
    143   73592.069     153       0  -3.718287600000000e+07   4.090e+07   1.000e+00
    144   74089.563     154       0  -3.718292000000000e+07   3.680e+07   1.000e+00
    145   74588.234     155       0  -3.718298400000000e+07   5.554e+07   1.000e+00
    146   75067.756     156       0  -3.718306000000000e+07   4.386e+07   1.000e+00
    147   75544.024     157       0  -3.718313200000000e+07   4.331e+07   1.000e+00
    148   76023.880     158       0  -3.718322800000000e+07   7.314e+07   1.000e+00
    149   76500.092     159       0  -3.718324800000000e+07   3.612e+07   1.000e+00
    150   76975.686     160       0  -3.718326800000000e+07   3.617e+07   1.000e+00
    151   77451.656     161       0  -3.718332000000000e+07   4.276e+07   1.000e+00
    152   77925.094     162       0  -3.718341200000000e+07   8.720e+07   1.000e+00
    153   78404.062     163       0  -3.718349200000000e+07   4.080e+07   1.000e+00
    154   78887.562     164       0  -3.718352800000000e+07   3.144e+07   1.000e+00
    155   79363.554     165       0  -3.718359600000000e+07   3.486e+07   1.000e+00
    156   79855.497     166       0  -3.718367600000000e+07   9.118e+07   1.000e+00
    157   80338.674     167       0  -3.718370400000000e+07   3.974e+07   1.000e+00
    158   80826.761     168       0  -3.718374000000000e+07   2.958e+07   1.000e+00
    159   81325.893     169       0  -3.718378800000000e+07   3.880e+07   1.000e+00
    160   81813.738     170       0  -3.718387600000000e+07   5.933e+07   1.000e+00
    161   82306.018     171       0  -3.718399200000000e+07   6.119e+07   1.000e+00
    162   82810.049     172       0  -3.718401600000000e+07   3.254e+07   1.000e+00
    163   83314.418     173       0  -3.718405600000000e+07   3.597e+07   1.000e+00
    164   83822.771     174       0  -3.718409200000000e+07   4.024e+07   1.000e+00
    165   84329.842     175       0  -3.718418400000000e+07   5.282e+07   1.000e+00
    166   84830.083     176       0  -3.718424000000000e+07   4.019e+07   1.000e+00
    167   85335.988     177       0  -3.718429200000000e+07   3.591e+07   1.000e+00
    168   85838.388     178       0  -3.718434800000000e+07   4.793e+07   1.000e+00
    169   86342.111     179       0  -3.718441600000000e+07   3.777e+07   1.000e+00
    170   86846.641     180       0  -3.718445200000000e+07   3.325e+07   1.000e+00
    171   87349.154     181       0  -3.718451200000000e+07   3.828e+07   1.000e+00
    172   87859.271     182       0  -3.718459600000000e+07   5.563e+07   1.000e+00
    173   88374.183     183       0  -3.718462400000000e+07   3.189e+07   1.000e+00
    174   88877.888     184       0  -3.718468000000000e+07   2.991e+07   1.000e+00
    175   89386.685     185       0  -3.718474000000000e+07   4.590e+07   1.000e+00
    176   89911.897     186       0  -3.718482000000000e+07   3.478e+07   1.000e+00
    177   90411.340     187       0  -3.718488800000000e+07   3.865e+07   1.000e+00
    178   90914.792     188       0  -3.718499200000000e+07   4.824e+07   1.000e+00
    179   91427.296     189       0  -3.718502000000000e+07   3.258e+07   1.000e+00
    180   91938.597     190       0  -3.718504400000000e+07   3.353e+07   1.000e+00
    181   92456.626     191       0  -3.718511600000000e+07   6.327e+07   1.000e+00
    182   92972.494     192       0  -3.718517600000000e+07   3.986e+07   1.000e+00
    183   93487.797     193       0  -3.718522800000000e+07   3.356e+07   1.000e+00
    184   93991.056     194       0  -3.718528800000000e+07   3.953e+07   1.000e+00
    185   94493.960     195       0  -3.718534800000000e+07   3.333e+07   1.000e+00
    186   95004.666     196       0  -3.718541600000000e+07   4.362e+07   1.000e+00
    187   95506.604     197       0  -3.718546400000000e+07   3.668e+07   1.000e+00
    188   96023.435     198       0  -3.718550800000000e+07   3.489e+07   1.000e+00
    189   96545.934     199       0  -3.718556800000000e+07   5.367e+07   1.000e+00
    190   97082.711     200       0  -3.718561200000000e+07   3.929e+07   1.000e+00
    191   97611.627     201       0  -3.718564000000000e+07   3.444e+07   1.000e+00
    192   98156.284     202       0  -3.718570400000000e+07   4.008e+07   1.000e+00
    193   98684.248     203       0  -3.718577200000000e+07   6.654e+07   1.000e+00
    194   99202.877     204       0  -3.718578400000000e+07   3.275e+07   1.000e+00
    195   99728.834     205       0  -3.718581200000000e+07   2.762e+07   1.000e+00
    196  100254.889     206       0  -3.718586000000000e+07   3.223e+07   1.000e+00
    197  100776.593     207       0  -3.718592800000000e+07   5.593e+07   1.000e+00
    198  101304.453     208       0  -3.718597600000000e+07   3.243e+07   1.000e+00
    199  101847.655     209       0  -3.718600400000000e+07   3.379e+07   1.000e+00
    200  102377.247     210       0  -3.718606000000000e+07   3.900e+07   1.000e+00
    201  102915.595     211       0  -3.718613200000000e+07   1.074e+08   1.000e+00
    202  103456.059     212       0  -3.718614800000000e+07   3.594e+07   1.000e+00
    203  103982.323     213       0  -3.718616800000000e+07   2.508e+07   1.000e+00
    204  104502.316     214       0  -3.718621200000000e+07   3.089e+07   1.000e+00
    205  105027.492     215       0  -3.718627200000000e+07   4.025e+07   1.000e+00
    206  105559.491     216       0  -3.718637200000000e+07   5.874e+07   1.000e+00
    207  106082.519     217       0  -3.718638000000000e+07   2.562e+07   1.000e+00
    208  106600.964     218       0  -3.718639600000000e+07   2.863e+07   1.000e+00
    209  107121.849     219       0  -3.718643200000000e+07   3.403e+07   1.000e+00
    210  107650.027     220       0  -3.718650800000000e+07   8.711e+07   1.000e+00
    211  108202.090     221       0  -3.718654400000000e+07   3.598e+07   1.000e+00
    212  108752.560     222       0  -3.718657600000000e+07   2.814e+07   1.000e+00
    213  109290.923     223       0  -3.718662400000000e+07   3.161e+07   1.000e+00
    214  109835.482     224       0  -3.718671200000000e+07   5.492e+07   1.000e+00
    215  110380.450     225       0  -3.718678800000000e+07   3.388e+07   1.000e+00
    216  110907.002     226       0  -3.718679200000000e+07   2.363e+07   1.000e+00
    217  111439.693     227       0  -3.718681600000000e+07   2.938e+07   1.000e+00
    218  111974.985     228       0  -3.718686400000000e+07   3.743e+07   1.000e+00
    219  112537.868     229       0  -3.718696400000000e+07   6.385e+07   1.000e+00
    220  113028.209     230       0  -3.718699600000000e+07   3.255e+07   1.000e+00
    221  113536.165     231       0  -3.718701600000000e+07   2.879e+07   1.000e+00
    222  114029.861     232       0  -3.718704800000000e+07   3.130e+07   1.000e+00
    223  114525.849     233       0  -3.718711200000000e+07   8.109e+07   1.000e+00
    224  115017.602     234       0  -3.718713200000000e+07   2.902e+07   1.000e+00
    225  115510.460     235       0  -3.718714000000000e+07   2.333e+07   1.000e+00
    226  116005.832     236       0  -3.718718000000000e+07   2.928e+07   1.000e+00
    227  116497.366     237       0  -3.718724000000000e+07   4.132e+07   1.000e+00
    228  116990.578     238       0  -3.718732000000000e+07   4.485e+07   1.000e+00
    229  117492.666     239       0  -3.718732800000000e+07   2.307e+07   1.000e+00
    230  117985.585     240       0  -3.718734400000000e+07   2.819e+07   1.000e+00
    231  118477.356     241       0  -3.718738000000000e+07   3.321e+07   1.000e+00
    232  118953.088     242       0  -3.718744000000000e+07   5.145e+07   1.000e+00
    233  119428.644     243       0  -3.718747200000000e+07   3.084e+07   1.000e+00
    234  119901.572     244       0  -3.718750400000000e+07   2.987e+07   1.000e+00
    235  120376.598     245       0  -3.718754000000000e+07   3.542e+07   1.000e+00
    236  120853.818     246       0  -3.718759600000000e+07   4.339e+07   1.000e+00
    237  121335.571     247       0  -3.718760800000000e+07   2.515e+07   1.000e+00
    238  121821.493     248       0  -3.718762000000000e+07   2.703e+07   1.000e+00
    239  122314.674     249       0  -3.718764800000000e+07   3.171e+07   1.000e+00
    240  122810.957     250       0  -3.718770000000000e+07   7.726e+07   1.000e+00
    241  123308.290     251       0  -3.718772000000000e+07   2.662e+07   1.000e+00
    242  123801.651     252       0  -3.718773200000000e+07   2.208e+07   1.000e+00
    243  124297.054     253       0  -3.718776000000000e+07   2.485e+07   1.000e+00
    244  124781.612     254       0  -3.718780800000000e+07   5.034e+07   1.000e+00
    245  125270.871     255       0  -3.718784800000000e+07   2.722e+07   1.000e+00
    246  125767.029     256       0  -3.718788000000000e+07   2.273e+07   1.000e+00
    247  126271.283     257       0  -3.718792800000000e+07   3.052e+07   1.000e+00
    248  126764.248     258       0  -3.718797600000000e+07   6.752e+07   1.000e+00
    249  127269.095     259       0  -3.718798400000000e+07   3.022e+07   1.000e+00
    250  127769.490     260       0  -3.718799200000000e+07   2.421e+07   1.000e+00
    251  128272.668     261       0  -3.718802400000000e+07   3.103e+07   1.000e+00
    252  128781.082     262       0  -3.718808000000000e+07   4.181e+07   1.000e+00
    253  129284.255     263       0  -3.718816000000000e+07   9.257e+07   1.000e+00
    254  137238.274     281       0  -3.718816000000000e+07   9.254e+07   1.951e-07
# Termination: function reduction test satisfied
# Iter.   Time (ms)    Eval. Reject.       Obj. Func.           Grad.       Step
# ---------------------------------------------------------------------------------
      0     435.140       1       0  -3.694671600000000e+07   1.580e+09   0.000e+00
      1    4797.409      11       0  -3.698205200000000e+07   1.734e+09   1.874e-14
      2    5253.358      12       0  -3.700131600000000e+07   1.111e+09   1.000e+00
      3    5710.900      13       0  -3.701356800000000e+07   9.111e+08   1.000e+00
      4    6170.039      14       0  -3.701936400000000e+07   7.834e+08   1.000e+00
      5    6630.230      15       0  -3.702486400000000e+07   5.603e+08   1.000e+00
      6    7090.247      16       0  -3.703017200000000e+07   5.748e+08   1.000e+00
      7    7565.278      17       0  -3.703456800000000e+07   7.013e+08   1.000e+00
      8    8035.869      18       0  -3.703740400000000e+07   4.102e+08   1.000e+00
      9    8505.740      19       0  -3.704073200000000e+07   3.624e+08   1.000e+00
     10    8974.237      20       0  -3.704428800000000e+07   4.384e+08   1.000e+00
     11    9442.316      21       0  -3.705020400000000e+07   5.863e+08   1.000e+00
     12    9911.596      22       0  -3.705329200000000e+07   3.739e+08   1.000e+00
     13   10381.371      23       0  -3.705558400000000e+07   3.514e+08   1.000e+00
     14   10862.137      24       0  -3.705970800000000e+07   3.845e+08   1.000e+00
     15   11325.893      25       0  -3.706533200000000e+07   8.321e+08   1.000e+00
     16   11791.678      26       0  -3.706750800000000e+07   3.423e+08   1.000e+00
     17   12260.202      27       0  -3.706966800000000e+07   2.885e+08   1.000e+00
     18   12747.233      28       0  -3.707261200000000e+07   3.453e+08   1.000e+00
     19   13227.372      29       0  -3.707756400000000e+07   6.111e+08   1.000e+00
     20   13706.499      30       0  -3.708186000000000e+07   3.900e+08   1.000e+00
     21   14181.930      31       0  -3.708285600000000e+07   2.662e+08   1.000e+00
     22   14669.424      32       0  -3.708517600000000e+07   2.841e+08   1.000e+00
     23   15155.058      33       0  -3.708757600000000e+07   4.862e+08   1.000e+00
     24   15634.919      34       0  -3.708947600000000e+07   2.955e+08   1.000e+00
     25   16124.989      35       0  -3.709178400000000e+07   2.407e+08   1.000e+00
     26   16603.072      36       0  -3.709336800000000e+07   3.015e+08   1.000e+00
     27   17081.551      37       0  -3.709550000000000e+07   3.002e+08   1.000e+00
     28   17559.299      38       0  -3.709650800000000e+07   2.510e+08   1.000e+00
     29   18047.842      39       0  -3.709737600000000e+07   2.296e+08   1.000e+00
     30   18526.505      40       0  -3.709825200000000e+07   2.525e+08   1.000e+00
     31   19002.383      41       0  -3.709941600000000e+07   2.599e+08   1.000e+00
     32   19493.440      42       0  -3.710032000000000e+07   2.049e+08   1.000e+00
     33   19973.698      43       0  -3.710112400000000e+07   1.880e+08   1.000e+00
     34   20450.152      44       0  -3.710196800000000e+07   2.961e+08   1.000e+00
     35   20926.396      45       0  -3.710258800000000e+07   1.664e+08   1.000e+00
     36   21402.759      46       0  -3.710304800000000e+07   1.526e+08   1.000e+00
     37   21878.528      47       0  -3.710366800000000e+07   2.210e+08   1.000e+00
     38   22355.219      48       0  -3.710424000000000e+07   2.157e+08   1.000e+00
     39   22822.131      49       0  -3.710453200000000e+07   1.384e+08   1.000e+00
     40   23289.504      50       0  -3.710491200000000e+07   1.345e+08   1.000e+00
     41   23756.076      51       0  -3.710528000000000e+07   1.809e+08   1.000e+00
     42   24223.256      52       0  -3.710572400000000e+07   1.362e+08   1.000e+00
     43   24704.549      53       0  -3.710604000000000e+07   1.353e+08   1.000e+00
     44   25168.189      54       0  -3.710636000000000e+07   1.551e+08   1.000e+00
     45   25632.067      55       0  -3.710653600000000e+07   1.260e+08   1.000e+00
     46   26096.867      56       0  -3.710671200000000e+07   1.130e+08   1.000e+00
     47   26563.547      57       0  -3.710696800000000e+07   1.668e+08   1.000e+00
     48   27031.042      58       0  -3.710722400000000e+07   1.647e+08   1.000e+00
     49   27495.190      59       0  -3.710736000000000e+07   9.854e+07   1.000e+00
     50   27968.008      60       0  -3.710749600000000e+07   8.609e+07   1.000e+00
     51   28432.083      61       0  -3.710764400000000e+07   1.058e+08   1.000e+00
     52   28896.374      62       0  -3.710786800000000e+07   1.154e+08   1.000e+00
     53   29361.517      63       0  -3.710802400000000e+07   9.395e+07   1.000e+00
     54   29833.629      64       0  -3.710820800000000e+07   1.027e+08   1.000e+00
     55   30299.687      65       0  -3.710831600000000e+07   1.096e+08   1.000e+00
     56   30771.381      66       0  -3.710840400000000e+07   8.165e+07   1.000e+00
     57   31257.274      67       0  -3.710852000000000e+07   8.539e+07   1.000e+00
     58   31726.975      68       0  -3.710861200000000e+07   1.016e+08   1.000e+00
     59   32199.498      69       0  -3.710870000000000e+07   7.530e+07   1.000e+00
     60   32669.784      70       0  -3.710880800000000e+07   7.192e+07   1.000e+00
     61   33141.403      71       0  -3.710889600000000e+07   9.301e+07   1.000e+00
     62   33610.924      72       0  -3.710897200000000e+07   6.742e+07   1.000e+00
     63   34083.087      73       0  -3.710905200000000e+07   6.020e+07   1.000e+00
     64   34555.346      74       0  -3.710914000000000e+07   8.233e+07   1.000e+00
     65   35029.128      75       0  -3.710924000000000e+07   6.895e+07   1.000e+00
     66   35499.439      76       0  -3.710932000000000e+07   6.424e+07   1.000e+00
     67   35971.728      77       0  -3.710941200000000e+07   7.762e+07   1.000e+00
     68   36458.518      78       0  -3.710948400000000e+07   5.954e+07   1.000e+00
     69   36929.776      79       0  -3.710955200000000e+07   5.529e+07   1.000e+00
     70   37398.456      80       0  -3.710966800000000e+07   1.163e+08   1.000e+00
     71   37868.841      81       0  -3.710974000000000e+07   6.263e+07   1.000e+00
     72   38342.325      82       0  -3.710976800000000e+07   5.012e+07   1.000e+00
     73   38812.337      83       0  -3.710985600000000e+07   6.405e+07   1.000e+00
     74   39283.168      84       0  -3.710994000000000e+07   1.097e+08   1.000e+00
     75   39754.466      85       0  -3.710998000000000e+07   5.213e+07   1.000e+00
     76   40226.881      86       0  -3.711003600000000e+07   4.036e+07   1.000e+00
     77   40699.813      87       0  -3.711011200000000e+07   4.540e+07   1.000e+00
     78   41171.422      88       0  -3.711022000000000e+07   1.458e+08   1.000e+00
     79   41642.831      89       0  -3.711029600000000e+07   4.651e+07   1.000e+00
     80   42117.700      90       0  -3.711033600000000e+07   4.023e+07   1.000e+00
     81   42587.251      91       0  -3.711040400000000e+07   5.368e+07   1.000e+00
     82   43058.001      92       0  -3.711047600000000e+07   9.825e+07   1.000e+00
     83   43541.030      93       0  -3.711054400000000e+07   4.724e+07   1.000e+00
     84   44011.513      94       0  -3.711056000000000e+07   3.751e+07   1.000e+00
     85   44482.772      95       0  -3.711058000000000e+07   5.219e+07   1.000e+00
     86   44959.589      96       0  -3.711061600000000e+07   6.704e+07   1.000e+00
     87   45431.603      97       0  -3.711064400000000e+07   4.199e+07   1.000e+00
     88   45902.408      98       0  -3.711068800000000e+07   3.610e+07   1.000e+00
     89   46373.269      99       0  -3.711070800000000e+07   4.308e+07   1.000e+00
     90   46843.009     100       0  -3.711075200000000e+07   5.195e+07   1.000e+00
     91   47321.981     101       0  -3.711076800000000e+07   3.742e+07   1.000e+00
     92   47791.661     102       0  -3.711079600000000e+07   3.759e+07   1.000e+00
     93   48262.618     103       0  -3.711083200000000e+07   4.611e+07   1.000e+00
     94   48743.544     104       0  -3.711087600000000e+07   7.129e+07   1.000e+00
     95   49213.869     105       0  -3.711088800000000e+07   2.958e+07   1.000e+00
     96   49683.059     106       0  -3.711090000000000e+07   2.758e+07   1.000e+00
     97   50156.727     107       0  -3.711092400000000e+07   3.428e+07   1.000e+00
     98   50628.393     108       0  -3.711096800000000e+07   6.902e+07   1.000e+00
     99   51097.956     109       0  -3.711101200000000e+07   4.107e+07   1.000e+00
    100   51568.743     110       0  -3.711104400000000e+07   3.133e+07   1.000e+00
    101   52039.203     111       0  -3.711108400000000e+07   3.906e+07   1.000e+00
    102   52510.321     112       0  -3.711112400000000e+07   6.978e+07   1.000e+00
    103   52981.007     113       0  -3.711113600000000e+07   3.710e+07   1.000e+00
    104   53450.414     114       0  -3.711116400000000e+07   3.360e+07   1.000e+00
    105   53934.825     115       0  -3.711119600000000e+07   4.057e+07   1.000e+00
    106   54405.702     116       0  -3.711126000000000e+07   8.071e+07   1.000e+00
    107   54875.896     117       0  -3.711131600000000e+07   4.483e+07   1.000e+00
    108   55346.338     118       0  -3.711134400000000e+07   3.509e+07   1.000e+00
    109   55817.733     119       0  -3.711139600000000e+07   4.106e+07   1.000e+00
    110   56287.711     120       0  -3.711145600000000e+07   8.501e+07   1.000e+00
    111   56758.463     121       0  -3.711150400000000e+07   4.783e+07   1.000e+00
    112   57241.406     122       0  -3.711156000000000e+07   3.890e+07   1.000e+00
    113   57711.536     123       0  -3.711162000000000e+07   4.655e+07   1.000e+00
    114   58183.542     124       0  -3.711170000000000e+07   1.048e+08   1.000e+00
    115   58653.994     125       0  -3.711175600000000e+07   4.782e+07   1.000e+00
    116   59133.968     126       0  -3.711179600000000e+07   4.296e+07   1.000e+00
    117   59602.669     127       0  -3.711185200000000e+07   4.827e+07   1.000e+00
    118   60073.438     128       0  -3.711194000000000e+07   1.188e+08   1.000e+00
    119   60561.583     129       0  -3.711200800000000e+07   4.801e+07   1.000e+00
    120   61030.755     130       0  -3.711204000000000e+07   3.666e+07   1.000e+00
    121   61502.739     131       0  -3.711208400000000e+07   4.680e+07   1.000e+00
    122   61974.107     132       0  -3.711217200000000e+07   5.984e+07   1.000e+00
    123   62444.661     133       0  -3.711226000000000e+07   1.762e+08   1.000e+00
    124   62915.587     134       0  -3.711230400000000e+07   4.651e+07   1.000e+00
    125   63387.420     135       0  -3.711231600000000e+07   3.381e+07   1.000e+00
    126   63858.448     136       0  -3.711235200000000e+07   4.238e+07   1.000e+00
    127   64332.258     137       0  -3.711240800000000e+07   5.190e+07   1.000e+00
    128   64805.689     138       0  -3.711250000000000e+07   1.540e+08   1.000e+00
    129   65282.358     139       0  -3.711254400000000e+07   4.112e+07   1.000e+00
    130   65773.364     140       0  -3.711256000000000e+07   3.090e+07   1.000e+00
    131   66250.135     141       0  -3.711260800000000e+07   3.380e+07   1.000e+00
    132   66727.264     142       0  -3.711266400000000e+07   5.609e+07   1.000e+00
    133   67206.559     143       0  -3.711274400000000e+07   4.450e+07   1.000e+00
    134   67684.377     144       0  -3.711278000000000e+07   3.599e+07   1.000e+00
    135   68163.748     145       0  -3.711283600000000e+07   4.094e+07   1.000e+00
    136   68651.597     146       0  -3.711287600000000e+07   5.163e+07   1.000e+00
    137   69134.940     147       0  -3.711289200000000e+07   3.413e+07   1.000e+00
    138   69635.794     148       0  -3.711294400000000e+07   3.243e+07   1.000e+00
    139   70140.402     149       0  -3.711298000000000e+07   4.710e+07   1.000e+00
    140   70649.325     150       0  -3.711302800000000e+07   3.173e+07   1.000e+00
    141   71144.439     151       0  -3.711308000000000e+07   3.457e+07   1.000e+00
    142   71640.690     152       0  -3.711313200000000e+07   5.155e+07   1.000e+00
    143   72137.162     153       0  -3.711314800000000e+07   3.014e+07   1.000e+00
    144   72631.393     154       0  -3.711317200000000e+07   2.802e+07   1.000e+00
    145   73126.391     155       0  -3.711320800000000e+07   3.297e+07   1.000e+00
    146   73622.264     156       0  -3.711328400000000e+07   8.792e+07   1.000e+00
    147   74114.488     157       0  -3.711330800000000e+07   2.894e+07   1.000e+00
    148   74620.288     158       0  -3.711332400000000e+07   2.305e+07   1.000e+00
    149   75115.407     159       0  -3.711336400000000e+07   2.610e+07   1.000e+00
    150   75608.406     160       0  -3.711342000000000e+07   4.264e+07   1.000e+00
    151   76102.793     161       0  -3.711350000000000e+07   3.241e+07   1.000e+00
    152   76604.352     162       0  -3.711352000000000e+07   2.377e+07   1.000e+00
    153   77097.877     163       0  -3.711357200000000e+07   3.061e+07   1.000e+00
    154   77577.645     164       0  -3.711363200000000e+07   5.363e+07   1.000e+00
    155   78060.617     165       0  -3.711365200000000e+07   2.828e+07   1.000e+00
    156   78544.532     166       0  -3.711369200000000e+07   2.546e+07   1.000e+00
    157   79048.283     167       0  -3.711373200000000e+07   2.684e+07   1.000e+00
    158   79551.287     168       0  -3.711383600000000e+07   7.538e+07   1.000e+00
    159   80056.788     169       0  -3.711387600000000e+07   2.652e+07   1.000e+00
    160   80560.090     170       0  -3.711388800000000e+07   2.081e+07   1.000e+00
    161   81063.284     171       0  -3.711392400000000e+07   2.527e+07   1.000e+00
    162   81565.009     172       0  -3.711398400000000e+07   3.688e+07   1.000e+00
    163   82048.141     173       0  -3.711408800000000e+07   5.074e+07   1.000e+00
    164   82542.914     174       0  -3.711410000000000e+07   2.469e+07   1.000e+00
    165   83047.716     175       0  -3.711412000000000e+07   2.493e+07   1.000e+00
    166   83549.195     176       0  -3.711415600000000e+07   2.758e+07   1.000e+00
    167   84040.930     177       0  -3.711423600000000e+07   7.622e+07   1.000e+00
    168   84531.922     178       0  -3.711424400000000e+07   2.485e+07   1.000e+00
    169   85049.247     179       0  -3.711425600000000e+07   1.852e+07   1.000e+00
    170   85557.899     180       0  -3.711429600000000e+07   2.310e+07   1.000e+00
    171   86065.774     181       0  -3.711434800000000e+07   3.199e+07   1.000e+00
    172   86587.349     182       0  -3.711444400000000e+07   4.653e+07   1.000e+00
    173   87098.079     183       0  -3.711446000000000e+07   2.023e+07   1.000e+00
    174   95502.704     202       0  -3.711446000000000e+07   2.023e+07   3.808e-06
# Termination: function reduction test satisfied
# Iter.   Time (ms)    Eval. Reject.       Obj. Func.           Grad.       Step
# ---------------------------------------------------------------------------------
      0     437.314       1       0  -3.636148800000000e+07   1.580e+09   0.000e+00
      1    4388.080      10       0  -3.639650800000000e+07   1.746e+09   1.893e-14
      2    4848.039      11       0  -3.641539200000000e+07   1.072e+09   1.000e+00
      3    5309.567      12       0  -3.642670000000000e+07   8.684e+08   1.000e+00
      4    5771.457      13       0  -3.643198400000000e+07   7.179e+08   1.000e+00
      5    6247.541      14       0  -3.643696000000000e+07   5.026e+08   1.000e+00
      6    6711.693      15       0  -3.644133600000000e+07   5.124e+08   1.000e+00
      7    7175.140      16       0  -3.644518400000000e+07   5.792e+08   1.000e+00
      8    7639.012      17       0  -3.644744400000000e+07   3.473e+08   1.000e+00
      9    8110.201      18       0  -3.645011200000000e+07   3.082e+08   1.000e+00
     10    8574.925      19       0  -3.645324800000000e+07   3.943e+08   1.000e+00
     11    9037.986      20       0  -3.645807200000000e+07   4.288e+08   1.000e+00
     12    9501.737      21       0  -3.646088800000000e+07   3.352e+08   1.000e+00
     13    9965.406      22       0  -3.646361200000000e+07   3.238e+08   1.000e+00
     14   10428.409      23       0  -3.646771600000000e+07   3.797e+08   1.000e+00
     15   10891.448      24       0  -3.647321600000000e+07   5.385e+08   1.000e+00
     16   11354.366      25       0  -3.647582800000000e+07   3.213e+08   1.000e+00
     17   11819.340      26       0  -3.647920000000000e+07   3.252e+08   1.000e+00
     18   12282.425      27       0  -3.648256800000000e+07   3.774e+08   1.000e+00
     19   12746.040      28       0  -3.648808400000000e+07   5.078e+08   1.000e+00
     20   13209.725      29       0  -3.649046000000000e+07   3.183e+08   1.000e+00
     21   13673.931      30       0  -3.649201200000000e+07   3.052e+08   1.000e+00
     22   14136.829      31       0  -3.649436800000000e+07   3.138e+08   1.000e+00
     23   14599.671      32       0  -3.649717200000000e+07   7.033e+08   1.000e+00
     24   15063.456      33       0  -3.649837600000000e+07   2.494e+08   1.000e+00
     25   15527.027      34       0  -3.649912400000000e+07   2.034e+08   1.000e+00
     26   15990.609      35       0  -3.650037600000000e+07   2.377e+08   1.000e+00
     27   16454.990      36       0  -3.650200400000000e+07   4.622e+08   1.000e+00
     28   16923.691      37       0  -3.650334800000000e+07   2.152e+08   1.000e+00
     29   17387.264      38       0  -3.650383600000000e+07   1.794e+08   1.000e+00
     30   17850.372      39       0  -3.650469200000000e+07   1.961e+08   1.000e+00
     31   18328.144      40       0  -3.650554000000000e+07   5.066e+08   1.000e+00
     32   18791.352      41       0  -3.650614000000000e+07   1.916e+08   1.000e+00
     33   19255.372      42       0  -3.650656000000000e+07   1.396e+08   1.000e+00
     34   19718.491      43       0  -3.650715200000000e+07   1.728e+08   1.000e+00
     35   20181.497      44       0  -3.650804000000000e+07   2.121e+08   1.000e+00
     36   20644.694      45       0  -3.650869600000000e+07   5.524e+08   1.000e+00
     37   21108.098      46       0  -3.650911600000000e+07   1.311e+08   1.000e+00
     38   21587.175      47       0  -3.650920000000000e+07   1.025e+08   1.000e+00
     39   22050.549      48       0  -3.650950000000000e+07   1.230e+08   1.000e+00
     40   22513.688      49       0  -3.650997600000000e+07   2.006e+08   1.000e+00
     41   22976.760      50       0  -3.651048800000000e+07   1.562e+08   1.000e+00
     42   23440.288      51       0  -3.651066800000000e+07   9.185e+07   1.000e+00
     43   23903.205      52       0  -3.651089200000000e+07   1.043e+08   1.000e+00
     44   24366.268      53       0  -3.651117200000000e+07   1.312e+08   1.000e+00
     45   24832.668      54       0  -3.651156000000000e+07   1.148e+08   1.000e+00
     46   25297.360      55       0  -3.651180000000000e+07   9.942e+07   1.000e+00
     47   25760.754      56       0  -3.651205200000000e+07   1.234e+08   1.000e+00
     48   26224.140      57       0  -3.651217200000000e+07   8.896e+07   1.000e+00
     49   26687.885      58       0  -3.651232800000000e+07   8.787e+07   1.000e+00
     50   27154.813      59       0  -3.651254000000000e+07   1.279e+08   1.000e+00
     51   27618.755      60       0  -3.651278000000000e+07   1.143e+08   1.000e+00
     52   28082.491      61       0  -3.651287200000000e+07   7.392e+07   1.000e+00
     53   28545.688      62       0  -3.651303200000000e+07   7.566e+07   1.000e+00
     54   29008.877      63       0  -3.651318000000000e+07   1.035e+08   1.000e+00
     55   29472.562      64       0  -3.651333200000000e+07   8.602e+07   1.000e+00
     56   29935.364      65       0  -3.651357600000000e+07   1.409e+08   1.000e+00
     57   30405.912      66       0  -3.651372400000000e+07   9.197e+07   1.000e+00
     58   30869.783      67       0  -3.651373200000000e+07   5.820e+07   1.000e+00
     59   31333.067      68       0  -3.651376400000000e+07   5.071e+07   1.000e+00
     60   31796.655      69       0  -3.651384400000000e+07   1.049e+08   1.000e+00
     61   32260.426      70       0  -3.651392400000000e+07   6.255e+07   1.000e+00
     62   32723.501      71       0  -3.651405600000000e+07   5.083e+07   1.000e+00
     63   33187.382      72       0  -3.651414000000000e+07   6.221e+07   1.000e+00
     64   33651.094      73       0  -3.651429600000000e+07   6.425e+07   1.000e+00
     65   34114.538      74       0  -3.651441600000000e+07   1.135e+08   1.000e+00
     66   34578.460      75       0  -3.651446800000000e+07   5.607e+07   1.000e+00
     67   35041.846      76       0  -3.651451600000000e+07   4.645e+07   1.000e+00
     68   35505.613      77       0  -3.651457200000000e+07   5.322e+07   1.000e+00
     69   35969.402      78       0  -3.651466000000000e+07   8.724e+07   1.000e+00
     70   36433.129      79       0  -3.651470800000000e+07   3.978e+07   1.000e+00
     71   36896.817      80       0  -3.651474400000000e+07   4.282e+07   1.000e+00
     72   37368.728      81       0  -3.651480400000000e+07   4.952e+07   1.000e+00
     73   37831.962      82       0  -3.651489200000000e+07   1.460e+08   1.000e+00
     74   38295.251      83       0  -3.651494000000000e+07   4.266e+07   1.000e+00
     75   38771.607      84       0  -3.651496000000000e+07   3.253e+07   1.000e+00
     76   39235.361      85       0  -3.651500400000000e+07   3.799e+07   1.000e+00
     77   39701.195      86       0  -3.651507200000000e+07   6.059e+07   1.000e+00
     78   40164.585      87       0  -3.651516400000000e+07   5.239e+07   1.000e+00
     79   40628.590      88       0  -3.651519200000000e+07   3.243e+07   1.000e+00
     80   41100.159      89       0  -3.651523200000000e+07   3.888e+07   1.000e+00
     81   41563.828      90       0  -3.651528000000000e+07   5.217e+07   1.000e+00
     82   42026.875      91       0  -3.651534000000000e+07   3.780e+07   1.000e+00
     83   42490.781      92       0  -3.651538400000000e+07   3.149e+07   1.000e+00
     84   42954.143      93       0  -3.651544000000000e+07   6.377e+07   1.000e+00
     85   43417.869      94       0  -3.651546800000000e+07   3.641e+07   1.000e+00
     86   43881.874      95       0  -3.651548400000000e+07   3.268e+07   1.000e+00
     87   44345.071      96       0  -3.651551600000000e+07   4.152e+07   1.000e+00
     88   44811.793      97       0  -3.651556000000000e+07   1.076e+08   1.000e+00
     89   45278.961      98       0  -3.651556800000000e+07   3.518e+07   1.000e+00
     90   45741.931      99       0  -3.651558800000000e+07   2.251e+07   1.000e+00
     91   46208.380     100       0  -3.651562400000000e+07   2.850e+07   1.000e+00
     92   46680.137     101       0  -3.651565200000000e+07   3.472e+07   1.000e+00
     93   47147.487     102       0  -3.651571200000000e+07   5.547e+07   1.000e+00
     94   47614.908     103       0  -3.651572800000000e+07   2.629e+07   1.000e+00
     95   48091.674     104       0  -3.651573600000000e+07   2.974e+07   1.000e+00
     96   48558.916     105       0  -3.651574400000000e+07   3.309e+07   1.000e+00
     97   49022.383     106       0  -3.651576800000000e+07   7.270e+07   1.000e+00
     98   49486.252     107       0  -3.651577600000000e+07   2.523e+07   1.000e+00
     99   49962.105     108       0  -3.651579200000000e+07   1.972e+07   1.000e+00
    100   50427.304     109       0  -3.651580400000000e+07   2.471e+07   1.000e+00
    101   50890.845     110       0  -3.651583600000000e+07   4.310e+07   1.000e+00
    102   51353.906     111       0  -3.651586000000000e+07   2.632e+07   1.000e+00
    103   51832.047     112       0  -3.651586800000000e+07   2.120e+07   1.000e+00
    104   52296.052     113       0  -3.651589200000000e+07   2.899e+07   1.000e+00
    105   52759.802     114       0  -3.651590800000000e+07   5.008e+07   1.000e+00
    106   53237.826     115       0  -3.651591200000000e+07   2.507e+07   1.000e+00
    107   53704.869     116       0  -3.651592800000000e+07   1.965e+07   1.000e+00
    108   54168.535     117       0  -3.651593600000000e+07   2.344e+07   1.000e+00
    109   54632.613     118       0  -3.651595200000000e+07   4.880e+07   1.000e+00
    110   55096.102     119       0  -3.651598000000000e+07   2.994e+07   1.000e+00
    111   55560.151     120       0  -3.651598400000000e+07   1.821e+07   1.000e+00
    112   63464.504     138       0  -3.651598400000000e+07   1.821e+07   3.303e-06
# Termination: function reduction test satisfied
# Iter.   Time (ms)    Eval. Reject.       Obj. Func.           Grad.       Step
# ---------------------------------------------------------------------------------
      0     435.239       1       0  -3.050923800000000e+07   1.580e+09   0.000e+00
      1    3921.882       9       0  -3.054153400000000e+07   1.555e+09   1.654e-14
      2    4377.520      10       0  -3.055749400000000e+07   9.388e+08   1.000e+00
      3    4834.642      11       0  -3.056626000000000e+07   7.466e+08   1.000e+00
      4    5293.657      12       0  -3.057056600000000e+07   6.365e+08   1.000e+00
      5    5753.347      13       0  -3.057409200000000e+07   4.254e+08   1.000e+00
      6    6220.832      14       0  -3.057730200000000e+07   4.409e+08   1.000e+00
      7    6681.080      15       0  -3.058021200000000e+07   4.546e+08   1.000e+00
      8    7146.691      16       0  -3.058227400000000e+07   3.210e+08   1.000e+00
      9    7629.779      17       0  -3.058515600000000e+07   3.020e+08   1.000e+00
     10    8093.762      18       0  -3.058818600000000e+07   4.135e+08   1.000e+00
     11    8559.480      19       0  -3.059112600000000e+07   3.142e+08   1.000e+00
     12    9025.373      20       0  -3.059566800000000e+07   3.637e+08   1.000e+00
     13    9499.935      21       0  -3.059917000000000e+07   3.892e+08   1.000e+00
     14    9974.710      22       0  -3.060167600000000e+07   3.146e+08   1.000e+00
     15   10453.019      23       0  -3.060659600000000e+07   3.915e+08   1.000e+00
     16   10934.226      24       0  -3.061047800000000e+07   5.096e+08   1.000e+00
     17   11417.427      25       0  -3.061164400000000e+07   3.180e+08   1.000e+00
     18   11885.877      26       0  -3.061430000000000e+07   2.474e+08   1.000e+00
     19   12356.517      27       0  -3.061681200000000e+07   2.980e+08   1.000e+00
     20   12830.644      28       0  -3.062106200000000e+07   4.491e+08   1.000e+00
     21   13304.211      29       0  -3.062256800000000e+07   3.086e+08   1.000e+00
     22   13789.035      30       0  -3.062281600000000e+07   2.251e+08   1.000e+00
     23   14292.323      31       0  -3.062378000000000e+07   1.880e+08   1.000e+00
     24   14781.101      32       0  -3.062556800000000e+07   4.216e+08   1.000e+00
     25   15268.841      33       0  -3.062658800000000e+07   1.999e+08   1.000e+00
     26   15757.571      34       0  -3.062763800000000e+07   1.561e+08   1.000e+00
     27   16246.397      35       0  -3.062858600000000e+07   1.740e+08   1.000e+00
     28   16737.122      36       0  -3.063021400000000e+07   3.551e+08   1.000e+00
     29   17226.399      37       0  -3.063108400000000e+07   1.631e+08   1.000e+00
     30   17703.392      38       0  -3.063124000000000e+07   1.405e+08   1.000e+00
     31   18180.032      39       0  -3.063178400000000e+07   1.631e+08   1.000e+00
     32   18659.406      40       0  -3.063241800000000e+07   3.873e+08   1.000e+00
     33   19141.061      41       0  -3.063266200000000e+07   1.285e+08   1.000e+00
     34   19616.177      42       0  -3.063295000000000e+07   8.925e+07   1.000e+00
     35   20094.533      43       0  -3.063347800000000e+07   1.118e+08   1.000e+00
     36   20578.912      44       0  -3.063410800000000e+07   1.495e+08   1.000e+00
     37   21085.832      45       0  -3.063494400000000e+07   1.960e+08   1.000e+00
     38   21594.341      46       0  -3.063495800000000e+07   7.974e+07   1.000e+00
     39   22075.061      47       0  -3.063497200000000e+07   8.240e+07   1.000e+00
     40   22565.705      48       0  -3.063512400000000e+07   9.585e+07   1.000e+00
     41   23055.424      49       0  -3.063552800000000e+07   2.526e+08   1.000e+00
     42   23544.923      50       0  -3.063567400000000e+07   9.158e+07   1.000e+00
     43   24033.346      51       0  -3.063583800000000e+07   6.705e+07   1.000e+00
     44   24508.586      52       0  -3.063606400000000e+07   7.903e+07   1.000e+00
     45   25000.714      53       0  -3.063640400000000e+07   1.011e+08   1.000e+00
     46   25474.583      54       0  -3.063690600000000e+07   2.056e+08   1.000e+00
     47   26407.687      56       0  -3.063691600000000e+07   1.300e+08   4.539e-01
     48   27302.448      58       0  -3.063692000000000e+07   8.194e+07   4.116e-01
     49   27763.059      59       0  -3.063694400000000e+07   6.731e+07   1.000e+00
     50   28222.543      60       0  -3.063701600000000e+07   8.142e+07   1.000e+00
     51   28682.473      61       0  -3.063727200000000e+07   9.351e+07   1.000e+00
     52   29142.349      62       0  -3.063744000000000e+07   3.117e+08   1.000e+00
     53   29602.274      63       0  -3.063755600000000e+07   7.622e+07   1.000e+00
     54   30065.294      64       0  -3.063759200000000e+07   4.777e+07   1.000e+00
     55   30525.063      65       0  -3.063771400000000e+07   5.546e+07   1.000e+00
     56   30984.426      66       0  -3.063782800000000e+07   5.922e+07   1.000e+00
     57   31443.760      67       0  -3.063798200000000e+07   2.647e+08   1.000e+00
     58   31914.895      68       0  -3.063807000000000e+07   5.253e+07   1.000e+00
     59   32373.885      69       0  -3.063807600000000e+07   3.897e+07   1.000e+00
     60   32833.977      70       0  -3.063813200000000e+07   5.050e+07   1.000e+00
     61   33293.341      71       0  -3.063818400000000e+07   1.420e+08   1.000e+00
     62   33753.726      72       0  -3.063822600000000e+07   5.713e+07   1.000e+00
     63   34213.073      73       0  -3.063827200000000e+07   3.809e+07   1.000e+00
     64   34672.639      74       0  -3.063831200000000e+07   4.678e+07   1.000e+00
     65   35144.093      75       0  -3.063838600000000e+07   5.607e+07   1.000e+00
     66   35603.981      76       0  -3.063846200000000e+07   2.314e+08   1.000e+00
     67   36064.310      77       0  -3.063850800000000e+07   4.425e+07   1.000e+00
     68   36524.950      78       0  -3.063851400000000e+07   3.377e+07   1.000e+00
     69   36984.844      79       0  -3.063855000000000e+07   3.840e+07   1.000e+00
     70   37444.775      80       0  -3.063859600000000e+07   9.589e+07   1.000e+00
     71   37910.716      81       0  -3.063863400000000e+07   4.632e+07   1.000e+00
     72   38381.990      82       0  -3.063866600000000e+07   3.405e+07   1.000e+00
     73   38869.913      83       0  -3.063869200000000e+07   4.046e+07   1.000e+00
     74   39345.002      84       0  -3.063872600000000e+07   7.709e+07   1.000e+00
     75   39818.278      85       0  -3.063874800000000e+07   4.319e+07   1.000e+00
     76   40305.031      86       0  -3.063875600000000e+07   3.444e+07   1.000e+00
     77   40780.762      87       0  -3.063875800000000e+07   3.801e+07   1.000e+00
     78   41689.840      89       0  -3.063876400000000e+07   4.528e+07   4.653e-01
     79   42148.945      90       0  -3.063877200000000e+07   3.740e+07   1.000e+00
     80   42608.656      91       0  -3.063877800000000e+07   4.774e+07   1.000e+00
     81   50527.596     109       0  -3.063877800000000e+07   4.774e+07   7.099e-07
# Termination: function reduction test satisfied
# Iter.   Time (ms)    Eval. Reject.       Obj. Func.           Grad.       Step
# ---------------------------------------------------------------------------------
      0     435.978       1       0  -3.701167600000000e+07   1.580e+09   0.000e+00
      1    4801.871      11       0  -3.704655200000000e+07   1.791e+09   1.945e-14
      2    5272.954      12       0  -3.706571200000000e+07   1.080e+09   1.000e+00
      3    5737.985      13       0  -3.707731600000000e+07   8.894e+08   1.000e+00
      4    6205.757      14       0  -3.708293600000000e+07   7.429e+08   1.000e+00
      5    6676.423      15       0  -3.708873600000000e+07   5.433e+08   1.000e+00
      6    7147.842      16       0  -3.709362400000000e+07   5.973e+08   1.000e+00
      7    7616.332      17       0  -3.709799600000000e+07   5.757e+08   1.000e+00
      8    8086.883      18       0  -3.710083200000000e+07   3.964e+08   1.000e+00
      9    8565.023      19       0  -3.710441600000000e+07   3.659e+08   1.000e+00
     10    9037.173      20       0  -3.710826000000000e+07   5.346e+08   1.000e+00
     11    9505.737      21       0  -3.711218400000000e+07   3.711e+08   1.000e+00
     12    9976.781      22       0  -3.711638000000000e+07   3.644e+08   1.000e+00
     13   10446.470      23       0  -3.712022400000000e+07   4.026e+08   1.000e+00
     14   10916.688      24       0  -3.712379200000000e+07   3.506e+08   1.000e+00
     15   11388.950      25       0  -3.712836800000000e+07   3.993e+08   1.000e+00
     16   11874.512      26       0  -3.713241600000000e+07   4.237e+08   1.000e+00
     17   12345.691      27       0  -3.713539600000000e+07   3.465e+08   1.000e+00
     18   12817.474      28       0  -3.713888800000000e+07   3.586e+08   1.000e+00
     19   13289.198      29       0  -3.714229200000000e+07   4.091e+08   1.000e+00
     20   13758.760      30       0  -3.714473200000000e+07   3.063e+08   1.000e+00
     21   14229.400      31       0  -3.714753200000000e+07   2.998e+08   1.000e+00
     22   14704.573      32       0  -3.715036000000000e+07   4.314e+08   1.000e+00
     23   15181.012      33       0  -3.715200000000000e+07   2.781e+08   1.000e+00
     24   15663.998      34       0  -3.715384400000000e+07   2.451e+08   1.000e+00
     25   16136.171      35       0  -3.715579600000000e+07   3.294e+08   1.000e+00
     26   16609.280      36       0  -3.715757600000000e+07   2.737e+08   1.000e+00
     27   17106.180      37       0  -3.715892400000000e+07   2.698e+08   1.000e+00
     28   17583.612      38       0  -3.716009200000000e+07   2.302e+08   1.000e+00
     29   18062.639      39       0  -3.716104400000000e+07   2.205e+08   1.000e+00
     30   18550.775      40       0  -3.716197200000000e+07   2.542e+08   1.000e+00
     31   19056.804      41       0  -3.716301200000000e+07   2.156e+08   1.000e+00
     32   19555.768      42       0  -3.716401200000000e+07   2.116e+08   1.000e+00
     33   20052.193      43       0  -3.716470800000000e+07   1.959e+08   1.000e+00
     34   20549.112      44       0  -3.716551600000000e+07   1.765e+08   1.000e+00
     35   21026.930      45       0  -3.716629600000000e+07   2.385e+08   1.000e+00
     36   21508.041      46       0  -3.716681200000000e+07   1.688e+08   1.000e+00
     37   21991.784      47       0  -3.716725600000000e+07   1.549e+08   1.000e+00
     38   22498.504      48       0  -3.716777600000000e+07   1.914e+08   1.000e+00
     39   23000.806      49       0  -3.716840400000000e+07   1.794e+08   1.000e+00
     40   23500.871      50       0  -3.716879600000000e+07   1.468e+08   1.000e+00
     41   24003.431      51       0  -3.716920400000000e+07   1.341e+08   1.000e+00
     42   24509.640      52       0  -3.716964800000000e+07   1.788e+08   1.000e+00
     43   25012.402      53       0  -3.717000400000000e+07   1.364e+08   1.000e+00
     44   25516.574      54       0  -3.717032400000000e+07   1.266e+08   1.000e+00
     45   26033.245      55       0  -3.717074400000000e+07   1.938e+08   1.000e+00
     46   26532.224      56       0  -3.717098800000000e+07   1.303e+08   1.000e+00
     47   27023.963      57       0  -3.717115600000000e+07   1.143e+08   1.000e+00
     48   27524.119      58       0  -3.717155200000000e+07   1.633e+08   1.000e+00
     49   28016.252      59       0  -3.717183600000000e+07   2.191e+08   1.000e+00
     50   28493.391      60       0  -3.717198400000000e+07   1.127e+08   1.000e+00
     51   28982.822      61       0  -3.717216400000000e+07   9.460e+07   1.000e+00
     52   29476.966      62       0  -3.717241600000000e+07   1.135e+08   1.000e+00
     53   29980.011      63       0  -3.717274800000000e+07   2.194e+08   1.000e+00
     54   30470.996      64       0  -3.717302000000000e+07   1.143e+08   1.000e+00
     55   30958.897      65       0  -3.717318400000000e+07   9.791e+07   1.000e+00
     56   31463.596      66       0  -3.717340000000000e+07   1.079e+08   1.000e+00
     57   31960.254      67       0  -3.717361200000000e+07   2.345e+08   1.000e+00
     58   32459.555      68       0  -3.717379200000000e+07   1.100e+08   1.000e+00
     59   32954.071      69       0  -3.717394400000000e+07   8.773e+07   1.000e+00
     60   33459.920      70       0  -3.717408400000000e+07   1.022e+08   1.000e+00
     61   33974.396      71       0  -3.717433200000000e+07   1.666e+08   1.000e+00
     62   34492.402      72       0  -3.717454000000000e+07   1.319e+08   1.000e+00
     63   35016.242      73       0  -3.717464000000000e+07   8.452e+07   1.000e+00
     64   35518.955      74       0  -3.717479200000000e+07   9.033e+07   1.000e+00
     65   36019.519      75       0  -3.717496000000000e+07   1.219e+08   1.000e+00
     66   36538.527      76       0  -3.717516400000000e+07   1.066e+08   1.000e+00
     67   37034.177      77       0  -3.717536800000000e+07   9.633e+07   1.000e+00
     68   37530.153      78       0  -3.717558000000000e+07   1.235e+08   1.000e+00
     69   38038.728      79       0  -3.717572400000000e+07   1.010e+08   1.000e+00
     70   38554.891      80       0  -3.717589200000000e+07   9.438e+07   1.000e+00
     71   39058.022      81       0  -3.717614800000000e+07   1.512e+08   1.000e+00
     72   39567.701      82       0  -3.717637200000000e+07   1.316e+08   1.000e+00
     73   40073.293      83       0  -3.717648800000000e+07   9.519e+07   1.000e+00
     74   40577.669      84       0  -3.717668000000000e+07   9.718e+07   1.000e+00
     75   41085.768      85       0  -3.717686800000000e+07   1.214e+08   1.000e+00
     76   41589.626      86       0  -3.717702800000000e+07   9.907e+07   1.000e+00
     77   42101.154      87       0  -3.717731600000000e+07   1.083e+08   1.000e+00
     78   42612.293      88       0  -3.717750400000000e+07   1.543e+08   1.000e+00
     79   43135.820      89       0  -3.717760400000000e+07   9.428e+07   1.000e+00
     80   43647.997      90       0  -3.717778400000000e+07   7.935e+07   1.000e+00
     81   44159.989      91       0  -3.717795200000000e+07   1.041e+08   1.000e+00
     82   44680.024      92       0  -3.717817600000000e+07   1.284e+08   1.000e+00
     83   45198.349      93       0  -3.717833200000000e+07   1.041e+08   1.000e+00
     84   45706.827      94       0  -3.717845600000000e+07   8.909e+07   1.000e+00
     85   46228.739      95       0  -3.717862400000000e+07   9.337e+07   1.000e+00
     86   46734.571      96       0  -3.717883600000000e+07   1.477e+08   1.000e+00
     87   47270.968      97       0  -3.717895600000000e+07   8.661e+07   1.000e+00
     88   47795.872      98       0  -3.717908800000000e+07   7.992e+07   1.000e+00
     89   48314.557      99       0  -3.717924000000000e+07   9.849e+07   1.000e+00
     90   48834.108     100       0  -3.717944000000000e+07   1.353e+08   1.000e+00
     91   49357.968     101       0  -3.717957600000000e+07   9.353e+07   1.000e+00
     92   49877.483     102       0  -3.717966800000000e+07   8.279e+07   1.000e+00
     93   50402.238     103       0  -3.717980800000000e+07   8.902e+07   1.000e+00
     94   50927.349     104       0  -3.718000400000000e+07   1.557e+08   1.000e+00
     95   51459.247     105       0  -3.718011200000000e+07   8.047e+07   1.000e+00
     96   51977.729     106       0  -3.718020800000000e+07   7.262e+07   1.000e+00
     97   52494.649     107       0  -3.718032800000000e+07   8.570e+07   1.000e+00
     98   53010.455     108       0  -3.718050800000000e+07   1.718e+08   1.000e+00
     99   53533.064     109       0  -3.718062800000000e+07   7.892e+07   1.000e+00
    100   54045.928     110       0  -3.718070400000000e+07   7.241e+07   1.000e+00
    101   54570.133     111       0  -3.718080400000000e+07   8.072e+07   1.000e+00
    102   55085.809     112       0  -3.718098400000000e+07   1.635e+08   1.000e+00
    103   55599.037     113       0  -3.718112400000000e+07   8.183e+07   1.000e+00
    104   56112.837     114       0  -3.718120000000000e+07   6.973e+07   1.000e+00
    105   56663.330     115       0  -3.718132400000000e+07   7.877e+07   1.000e+00
    106   57178.384     116       0  -3.718150000000000e+07   1.638e+08   1.000e+00
    107   57705.929     117       0  -3.718162000000000e+07   8.049e+07   1.000e+00
    108   58235.571     118       0  -3.718170800000000e+07   6.654e+07   1.000e+00
    109   58757.755     119       0  -3.718181200000000e+07   7.452e+07   1.000e+00
    110   59287.744     120       0  -3.718197600000000e+07   1.571e+08   1.000e+00
    111   59809.352     121       0  -3.718207600000000e+07   7.687e+07   1.000e+00
    112   60328.932     122       0  -3.718213600000000e+07   6.359e+07   1.000e+00
    113   60853.281     123       0  -3.718223200000000e+07   7.261e+07   1.000e+00
    114   61372.062     124       0  -3.718238400000000e+07   1.403e+08   1.000e+00
    115   61899.255     125       0  -3.718248400000000e+07   7.689e+07   1.000e+00
    116   62417.434     126       0  -3.718254400000000e+07   6.176e+07   1.000e+00
    117   62928.617     127       0  -3.718264000000000e+07   6.923e+07   1.000e+00
    118   63473.293     128       0  -3.718276800000000e+07   1.503e+08   1.000e+00
    119   63995.421     129       0  -3.718284800000000e+07   7.128e+07   1.000e+00
    120   64519.758     130       0  -3.718291200000000e+07   5.676e+07   1.000e+00
    121   65028.120     131       0  -3.718298800000000e+07   6.468e+07   1.000e+00
    122   65560.951     132       0  -3.718312400000000e+07   1.161e+08   1.000e+00
    123   66096.284     133       0  -3.718322800000000e+07   7.682e+07   1.000e+00
    124   66617.419     134       0  -3.718328400000000e+07   5.666e+07   1.000e+00
    125   67136.052     135       0  -3.718336400000000e+07   6.476e+07   1.000e+00
    126   67681.261     136       0  -3.718346400000000e+07   1.018e+08   1.000e+00
    127   68209.791     137       0  -3.718353600000000e+07   6.713e+07   1.000e+00
    128   68750.963     138       0  -3.718362800000000e+07   5.659e+07   1.000e+00
    129   69277.625     139       0  -3.718370400000000e+07   6.642e+07   1.000e+00
    130   69802.344     140       0  -3.718384000000000e+07   9.263e+07   1.000e+00
    131   70329.385     141       0  -3.718390800000000e+07   6.097e+07   1.000e+00
    132   70856.937     142       0  -3.718398000000000e+07   5.776e+07   1.000e+00
    133   71382.704     143       0  -3.718405600000000e+07   6.436e+07   1.000e+00
    134   71934.936     144       0  -3.718420000000000e+07   1.044e+08   1.000e+00
    135   72462.000     145       0  -3.718427200000000e+07   6.302e+07   1.000e+00
    136   72994.569     146       0  -3.718432400000000e+07   5.526e+07   1.000e+00
    137   73539.836     147       0  -3.718441200000000e+07   6.188e+07   1.000e+00
    138   74069.884     148       0  -3.718453600000000e+07   1.330e+08   1.000e+00
    139   74602.168     149       0  -3.718458800000000e+07   5.679e+07   1.000e+00
    140   75135.874     150       0  -3.718463200000000e+07   4.996e+07   1.000e+00
    141   75678.449     151       0  -3.718470400000000e+07   5.788e+07   1.000e+00
    142   76210.229     152       0  -3.718484000000000e+07   9.410e+07   1.000e+00
    143   76719.599     153       0  -3.718496000000000e+07   7.897e+07   1.000e+00
    144   77240.309     154       0  -3.718500400000000e+07   4.922e+07   1.000e+00
    145   77744.475     155       0  -3.718507600000000e+07   4.810e+07   1.000e+00
    146   78248.243     156       0  -3.718517600000000e+07   7.347e+07   1.000e+00
    147   78749.014     157       0  -3.718528000000000e+07   5.997e+07   1.000e+00
    148   79253.149     158       0  -3.718537200000000e+07   5.694e+07   1.000e+00
    149   79756.201     159       0  -3.718545600000000e+07   5.554e+07   1.000e+00
    150   80264.568     160       0  -3.718552400000000e+07   5.573e+07   1.000e+00
    151   80772.441     161       0  -3.718560400000000e+07   4.782e+07   1.000e+00
    152   81276.072     162       0  -3.718572000000000e+07   6.879e+07   1.000e+00
    153   81776.900     163       0  -3.718578000000000e+07   5.417e+07   1.000e+00
    154   82290.649     164       0  -3.718583200000000e+07   4.621e+07   1.000e+00
    155   82793.452     165       0  -3.718593200000000e+07   6.173e+07   1.000e+00
    156   83296.760     166       0  -3.718602000000000e+07   7.540e+07   1.000e+00
    157   83800.489     167       0  -3.718604400000000e+07   4.611e+07   1.000e+00
    158   84306.050     168       0  -3.718611200000000e+07   3.995e+07   1.000e+00
    159   84809.752     169       0  -3.718618800000000e+07   5.198e+07   1.000e+00
    160   85312.983     170       0  -3.718628000000000e+07   6.627e+07   1.000e+00
    161   85828.291     171       0  -3.718633600000000e+07   4.350e+07   1.000e+00
    162   86332.156     172       0  -3.718640400000000e+07   4.517e+07   1.000e+00
    163   86836.653     173       0  -3.718646000000000e+07   5.084e+07   1.000e+00
    164   87340.671     174       0  -3.718653200000000e+07   4.627e+07   1.000e+00
    165   87826.687     175       0  -3.718661200000000e+07   4.962e+07   1.000e+00
    166   88329.968     176       0  -3.718668000000000e+07   5.575e+07   1.000e+00
    167   88824.849     177       0  -3.718670800000000e+07   4.091e+07   1.000e+00
    168   89327.672     178       0  -3.718676800000000e+07   3.934e+07   1.000e+00
    169   89838.117     179       0  -3.718682800000000e+07   6.622e+07   1.000e+00
    170   90331.249     180       0  -3.718688000000000e+07   4.338e+07   1.000e+00
    171   90832.363     181       0  -3.718694000000000e+07   3.909e+07   1.000e+00
    172   91334.971     182       0  -3.718700800000000e+07   5.232e+07   1.000e+00
    173   91830.462     183       0  -3.718706800000000e+07   4.271e+07   1.000e+00
    174   92339.327     184       0  -3.718710000000000e+07   3.655e+07   1.000e+00
    175   92834.858     185       0  -3.718715600000000e+07   4.223e+07   1.000e+00
    176   93334.600     186       0  -3.718720800000000e+07   5.024e+07   1.000e+00
    177   93836.013     187       0  -3.718724800000000e+07   3.800e+07   1.000e+00
    178   94335.422     188       0  -3.718731600000000e+07   4.331e+07   1.000e+00
    179   94837.756     189       0  -3.718737200000000e+07   6.212e+07   1.000e+00
    180   95330.193     190       0  -3.718738800000000e+07   3.793e+07   1.000e+00
    181   95833.731     191       0  -3.718743600000000e+07   3.133e+07   1.000e+00
    182   96344.266     192       0  -3.718748400000000e+07   3.713e+07   1.000e+00
    183   96845.699     193       0  -3.718756000000000e+07   5.559e+07   1.000e+00
    184   97351.749     194       0  -3.718760400000000e+07   3.983e+07   1.000e+00
    185   97874.631     195       0  -3.718762800000000e+07   3.424e+07   1.000e+00
    186   98401.190     196       0  -3.718768000000000e+07   3.786e+07   1.000e+00
    187   98915.586     197       0  -3.718774800000000e+07   6.965e+07   1.000e+00
    188   99417.766     198       0  -3.718776000000000e+07   3.486e+07   1.000e+00
    189   99917.748     199       0  -3.718779600000000e+07   3.113e+07   1.000e+00
    190  100423.963     200       0  -3.718782400000000e+07   3.539e+07   1.000e+00
    191  100944.887     201       0  -3.718789600000000e+07   5.336e+07   1.000e+00
    192  101444.383     202       0  -3.718794400000000e+07   4.588e+07   1.000e+00
    193  101951.384     203       0  -3.718796000000000e+07   3.055e+07   1.000e+00
    194  102462.145     204       0  -3.718799200000000e+07   2.902e+07   1.000e+00
    195  102979.987     205       0  -3.718803600000000e+07   4.558e+07   1.000e+00
    196  103489.455     206       0  -3.718807200000000e+07   3.336e+07   1.000e+00
    197  104009.733     207       0  -3.718811600000000e+07   2.981e+07   1.000e+00
    198  104524.706     208       0  -3.718817200000000e+07   4.048e+07   1.000e+00
    199  105033.678     209       0  -3.718820000000000e+07   3.425e+07   1.000e+00
    200  105544.581     210       0  -3.718822400000000e+07   2.893e+07   1.000e+00
    201  106070.610     211       0  -3.718828800000000e+07   3.781e+07   1.000e+00
    202  106574.466     212       0  -3.718832800000000e+07   4.983e+07   1.000e+00
    203  107079.590     213       0  -3.718833600000000e+07   3.075e+07   1.000e+00
    204  107589.023     214       0  -3.718836800000000e+07   2.632e+07   1.000e+00
    205  108099.149     215       0  -3.718840400000000e+07   3.043e+07   1.000e+00
    206  108603.502     216       0  -3.718845200000000e+07   4.347e+07   1.000e+00
    207  109111.061     217       0  -3.718849200000000e+07   2.891e+07   1.000e+00
    208  109631.626     218       0  -3.718851600000000e+07   2.704e+07   1.000e+00
    209  110138.517     219       0  -3.718854800000000e+07   3.191e+07   1.000e+00
    210  110662.663     220       0  -3.718859600000000e+07   3.785e+07   1.000e+00
    211  111173.166     221       0  -3.718862000000000e+07   2.741e+07   1.000e+00
    212  111665.315     222       0  -3.718864400000000e+07   2.794e+07   1.000e+00
    213  112172.675     223       0  -3.718868000000000e+07   3.378e+07   1.000e+00
    214  112696.549     224       0  -3.718870400000000e+07   2.853e+07   1.000e+00
    215  113207.968     225       0  -3.718874400000000e+07   2.782e+07   1.000e+00
    216  113716.532     226       0  -3.718878000000000e+07   3.677e+07   1.000e+00
    217  114233.461     227       0  -3.718880000000000e+07   2.663e+07   1.000e+00
    218  114773.477     228       0  -3.718883200000000e+07   2.560e+07   1.000e+00
    219  115328.326     229       0  -3.718886800000000e+07   3.401e+07   1.000e+00
    220  115883.428     230       0  -3.718889200000000e+07   2.785e+07   1.000e+00
    221  116399.185     231       0  -3.718891600000000e+07   2.362e+07   1.000e+00
    222  116907.279     232       0  -3.718894400000000e+07   3.036e+07   1.000e+00
    223  117414.975     233       0  -3.718896800000000e+07   3.110e+07   1.000e+00
    224  117938.104     234       0  -3.718898800000000e+07   2.412e+07   1.000e+00
    225  118472.022     235       0  -3.718901600000000e+07   2.676e+07   1.000e+00
    226  119007.278     236       0  -3.718904800000000e+07   3.387e+07   1.000e+00
    227  119563.608     237       0  -3.718906000000000e+07   2.431e+07   1.000e+00
    228  120110.462     238       0  -3.718908800000000e+07   2.350e+07   1.000e+00
    229  120614.993     239       0  -3.718911200000000e+07   3.260e+07   1.000e+00
    230  121121.323     240       0  -3.718912800000000e+07   2.416e+07   1.000e+00
    231  121630.879     241       0  -3.718914800000000e+07   2.216e+07   1.000e+00
    232  122150.681     242       0  -3.718918000000000e+07   3.055e+07   1.000e+00
    233  122655.532     243       0  -3.718919600000000e+07   3.113e+07   1.000e+00
    234  123160.483     244       0  -3.718920400000000e+07   2.288e+07   1.000e+00
    235  123668.215     245       0  -3.718922800000000e+07   2.437e+07   1.000e+00
    236  124174.259     246       0  -3.718924400000000e+07   3.042e+07   1.000e+00
    237  124683.904     247       0  -3.718926000000000e+07   2.442e+07   1.000e+00
    238  125182.694     248       0  -3.718928400000000e+07   2.371e+07   1.000e+00
    239  125688.948     249       0  -3.718930800000000e+07   3.211e+07   1.000e+00
    240  126181.541     250       0  -3.718931600000000e+07   2.347e+07   1.000e+00
    241  126680.374     251       0  -3.718933600000000e+07   2.212e+07   1.000e+00
    242  127183.638     252       0  -3.718935600000000e+07   2.872e+07   1.000e+00
    243  127683.368     253       0  -3.718936800000000e+07   3.126e+07   1.000e+00
    244  128179.822     254       0  -3.718938000000000e+07   2.253e+07   1.000e+00
    245  128678.695     255       0  -3.718939200000000e+07   2.307e+07   1.000e+00
    246  129173.372     256       0  -3.718940000000000e+07   2.757e+07   1.000e+00
    247  129673.859     257       0  -3.718941200000000e+07   2.414e+07   1.000e+00
    248  130170.594     258       0  -3.718943600000000e+07   2.404e+07   1.000e+00
    249  130669.730     259       0  -3.718944800000000e+07   2.879e+07   1.000e+00
    250  131175.375     260       0  -3.718945600000000e+07   2.217e+07   1.000e+00
    251  131696.109     261       0  -3.718947200000000e+07   2.164e+07   1.000e+00
    252  132234.000     262       0  -3.718948800000000e+07   2.750e+07   1.000e+00
    253  132771.712     263       0  -3.718949600000000e+07   2.427e+07   1.000e+00
    254  133286.221     264       0  -3.718951200000000e+07   2.127e+07   1.000e+00
    255  133783.358     265       0  -3.718952400000000e+07   2.440e+07   1.000e+00
    256  134279.743     266       0  -3.718953200000000e+07   2.485e+07   1.000e+00
    257  134773.635     267       0  -3.718954400000000e+07   2.128e+07   1.000e+00
    258  135273.925     268       0  -3.718956400000000e+07   2.415e+07   1.000e+00
    259  135769.254     269       0  -3.718957600000000e+07   2.535e+07   1.000e+00
    260  136270.127     270       0  -3.718958400000000e+07   2.101e+07   1.000e+00
    261  136783.625     271       0  -3.718960000000000e+07   2.385e+07   1.000e+00
    262  137305.146     272       0  -3.718960800000000e+07   2.792e+07   1.000e+00
    263  137828.246     273       0  -3.718962000000000e+07   2.109e+07   1.000e+00
    264  138351.960     274       0  -3.718963200000000e+07   2.161e+07   1.000e+00
    265  138842.488     275       0  -3.718964800000000e+07   2.585e+07   1.000e+00
    266  139338.422     276       0  -3.718965600000000e+07   2.049e+07   1.000e+00
    267  139824.873     277       0  -3.718967200000000e+07   1.982e+07   1.000e+00
    268  140322.918     278       0  -3.718968000000000e+07   2.399e+07   1.000e+00
    269  140834.099     279       0  -3.718969200000000e+07   2.118e+07   1.000e+00
    270  141345.600     280       0  -3.718970400000000e+07   1.887e+07   1.000e+00
    271  141888.101     281       0  -3.718972000000000e+07   2.354e+07   1.000e+00
    272  142444.745     282       0  -3.718973200000000e+07   2.402e+07   1.000e+00
    273  142928.255     283       0  -3.718973600000000e+07   1.927e+07   1.000e+00
    274  143441.562     284       0  -3.718975200000000e+07   2.150e+07   1.000e+00
    275  143941.661     285       0  -3.718976400000000e+07   2.519e+07   1.000e+00
    276  144441.697     286       0  -3.718977200000000e+07   1.935e+07   1.000e+00
    277  144943.049     287       0  -3.718978800000000e+07   1.963e+07   1.000e+00
    278  145455.428     288       0  -3.718979600000000e+07   2.327e+07   1.000e+00
    279  145956.681     289       0  -3.718980800000000e+07   1.967e+07   1.000e+00
    280  146458.684     290       0  -3.718981600000000e+07   1.857e+07   1.000e+00
    281  146970.554     291       0  -3.718983200000000e+07   2.196e+07   1.000e+00
    282  147469.803     292       0  -3.718984000000000e+07   2.110e+07   1.000e+00
    283  147966.689     293       0  -3.718985200000000e+07   1.832e+07   1.000e+00
    284  148466.649     294       0  -3.718986400000000e+07   2.048e+07   1.000e+00
    285  148977.543     295       0  -3.718987600000000e+07   2.137e+07   1.000e+00
    286  149487.964     296       0  -3.718988000000000e+07   1.825e+07   1.000e+00
    287  149999.579     297       0  -3.718989600000000e+07   1.967e+07   1.000e+00
    288  150509.790     298       0  -3.718990800000000e+07   2.102e+07   1.000e+00
    289  150999.500     299       0  -3.718992000000000e+07   1.816e+07   1.000e+00
    290  151507.883     300       0  -3.718992400000000e+07   1.944e+07   1.000e+00
    291  152021.458     301       0  -3.718994000000000e+07   2.092e+07   1.000e+00
    292  152521.012     302       0  -3.718994800000000e+07   1.796e+07   1.000e+00
    293  153009.477     303       0  -3.718996000000000e+07   1.878e+07   1.000e+00
    294  153497.824     304       0  -3.718996800000000e+07   2.025e+07   1.000e+00
    295  153991.640     305       0  -3.718998800000000e+07   1.807e+07   1.000e+00
    296  154500.253     306       0  -3.718999200000000e+07   1.860e+07   1.000e+00
    297  155011.875     307       0  -3.719000400000000e+07   1.962e+07   1.000e+00
    298  155534.011     308       0  -3.719000800000000e+07   1.746e+07   1.000e+00
    299  156031.858     309       0  -3.719002000000000e+07   1.784e+07   1.000e+00
    300  156522.708     310       0  -3.719003200000000e+07   1.944e+07   1.000e+00
    301  157013.331     311       0  -3.719004000000000e+07   1.751e+07   1.000e+00
    302  157502.988     312       0  -3.719005600000000e+07   1.709e+07   1.000e+00
    303  158443.044     314       0  -3.719006000000000e+07   1.615e+07   5.000e-01
    304  158906.755     315       0  -3.719007200000000e+07   1.824e+07   1.000e+00
    305  159370.452     316       0  -3.719008000000000e+07   1.787e+07   1.000e+00
    306  159836.753     317       0  -3.719008800000000e+07   1.717e+07   1.000e+00
    307  160300.651     318       0  -3.719009600000000e+07   1.858e+07   1.000e+00
    308  160765.182     319       0  -3.719010000000000e+07   1.713e+07   1.000e+00
    309  161228.878     320       0  -3.719010800000000e+07   1.756e+07   1.000e+00
    310  161693.111     321       0  -3.719012400000000e+07   1.987e+07   1.000e+00
    311  162171.117     322       0  -3.719012800000000e+07   1.880e+07   1.000e+00
    312  162635.350     323       0  -3.719013600000000e+07   1.625e+07   1.000e+00
    313  163099.367     324       0  -3.719014000000000e+07   1.797e+07   1.000e+00
    314  163563.201     325       0  -3.719014800000000e+07   1.950e+07   1.000e+00
    315  164042.224     326       0  -3.719016000000000e+07   1.822e+07   1.000e+00
    316  164506.565     327       0  -3.719016400000000e+07   1.776e+07   1.000e+00
    317  164970.153     328       0  -3.719017200000000e+07   1.737e+07   1.000e+00
    318  165440.504     329       0  -3.719018000000000e+07   1.760e+07   1.000e+00
    319  165920.885     330       0  -3.719019200000000e+07   1.896e+07   1.000e+00
    320  166385.210     331       0  -3.719019600000000e+07   1.920e+07   1.000e+00
    321  166849.784     332       0  -3.719020000000000e+07   1.584e+07   1.000e+00
    322  167317.897     333       0  -3.719020400000000e+07   1.671e+07   1.000e+00
    323  167792.052     334       0  -3.719021600000000e+07   1.893e+07   1.000e+00
    324  168261.059     335       0  -3.719022400000000e+07   1.841e+07   1.000e+00
    325  168731.919     336       0  -3.719023200000000e+07   1.709e+07   1.000e+00
    326  176246.280     353       0  -3.719023200000000e+07   1.739e+07   6.094e-06
# Termination: function reduction test satisfied
# Iter.   Time (ms)    Eval. Reject.       Obj. Func.           Grad.       Step
# ---------------------------------------------------------------------------------
      0     438.213       1       0  -3.701108800000000e+07   1.580e+09   0.000e+00
      1    4844.564      11       0  -3.704597200000000e+07   1.790e+09   1.944e-14
      2    5304.424      12       0  -3.706512000000000e+07   1.080e+09   1.000e+00
      3    5766.532      13       0  -3.707673600000000e+07   8.894e+08   1.000e+00
      4    6229.040      14       0  -3.708235200000000e+07   7.432e+08   1.000e+00
      5    6699.184      15       0  -3.708814000000000e+07   5.433e+08   1.000e+00
      6    7163.554      16       0  -3.709303600000000e+07   5.968e+08   1.000e+00
      7    7627.829      17       0  -3.709740400000000e+07   5.769e+08   1.000e+00
      8    8105.881      18       0  -3.710023600000000e+07   3.963e+08   1.000e+00
      9    8568.753      19       0  -3.710381200000000e+07   3.654e+08   1.000e+00
     10    9032.789      20       0  -3.710765200000000e+07   5.327e+08   1.000e+00
     11    9496.606      21       0  -3.711158800000000e+07   3.709e+08   1.000e+00
     12    9967.465      22       0  -3.711578400000000e+07   3.651e+08   1.000e+00
     13   10431.035      23       0  -3.711962800000000e+07   4.007e+08   1.000e+00
     14   10895.339      24       0  -3.712317200000000e+07   3.500e+08   1.000e+00
     15   11375.777      25       0  -3.712772800000000e+07   3.975e+08   1.000e+00
     16   11842.791      26       0  -3.713179600000000e+07   4.257e+08   1.000e+00
     17   12310.404      27       0  -3.713477200000000e+07   3.461e+08   1.000e+00
     18   12778.989      28       0  -3.713822400000000e+07   3.535e+08   1.000e+00
     19   13253.957      29       0  -3.714163200000000e+07   4.094e+08   1.000e+00
     20   13728.623      30       0  -3.714410800000000e+07   3.059e+08   1.000e+00
     21   14204.329      31       0  -3.714687200000000e+07   2.975e+08   1.000e+00
     22   14680.322      32       0  -3.714968800000000e+07   4.264e+08   1.000e+00
     23   15167.485      33       0  -3.715135600000000e+07   2.762e+08   1.000e+00
     24   15660.173      34       0  -3.715318400000000e+07   2.452e+08   1.000e+00
     25   16153.540      35       0  -3.715515600000000e+07   3.313e+08   1.000e+00
     26   16664.833      36       0  -3.715688800000000e+07   2.724e+08   1.000e+00
     27   17157.391      37       0  -3.715819600000000e+07   2.581e+08   1.000e+00
     28   17653.782      38       0  -3.715939600000000e+07   2.320e+08   1.000e+00
     29   18150.178      39       0  -3.716037200000000e+07   2.284e+08   1.000e+00
     30   18646.230      40       0  -3.716126400000000e+07   2.328e+08   1.000e+00
     31   19150.294      41       0  -3.716231600000000e+07   2.136e+08   1.000e+00
     32   19645.303      42       0  -3.716337200000000e+07   2.429e+08   1.000e+00
     33   20146.644      43       0  -3.716398000000000e+07   1.864e+08   1.000e+00
     34   20640.845      44       0  -3.716468000000000e+07   1.683e+08   1.000e+00
     35   21130.796      45       0  -3.716544000000000e+07   2.532e+08   1.000e+00
     36   21626.722      46       0  -3.716611600000000e+07   1.836e+08   1.000e+00
     37   22121.110      47       0  -3.716648800000000e+07   1.501e+08   1.000e+00
     38   22613.003      48       0  -3.716702400000000e+07   1.643e+08   1.000e+00
     39   23104.492      49       0  -3.716757600000000e+07   1.914e+08   1.000e+00
     40   23603.357      50       0  -3.716795200000000e+07   1.498e+08   1.000e+00
     41   24099.002      51       0  -3.716843600000000e+07   1.366e+08   1.000e+00
     42   24593.800      52       0  -3.716888000000000e+07   2.162e+08   1.000e+00
     43   25089.137      53       0  -3.716916400000000e+07   1.277e+08   1.000e+00
     44   25594.646      54       0  -3.716941200000000e+07   1.136e+08   1.000e+00
     45   26089.095      55       0  -3.716974000000000e+07   1.506e+08   1.000e+00
     46   26581.148      56       0  -3.717008800000000e+07   1.465e+08   1.000e+00
     47   27076.450      57       0  -3.717036000000000e+07   1.244e+08   1.000e+00
     48   27576.731      58       0  -3.717068800000000e+07   1.300e+08   1.000e+00
     49   28073.704      59       0  -3.717092000000000e+07   1.396e+08   1.000e+00
     50   28568.412      60       0  -3.717111200000000e+07   1.129e+08   1.000e+00
     51   29060.997      61       0  -3.717135600000000e+07   1.081e+08   1.000e+00
     52   29557.200      62       0  -3.717165600000000e+07   1.801e+08   1.000e+00
     53   30046.960      63       0  -3.717186800000000e+07   1.151e+08   1.000e+00
     54   30541.417      64       0  -3.717203200000000e+07   9.876e+07   1.000e+00
     55   31033.277      65       0  -3.717227200000000e+07   1.293e+08   1.000e+00
     56   31526.594      66       0  -3.717254000000000e+07   1.762e+08   1.000e+00
     57   32020.910      67       0  -3.717269200000000e+07   1.037e+08   1.000e+00
     58   32512.602      68       0  -3.717288800000000e+07   9.412e+07   1.000e+00
     59   33016.056      69       0  -3.717307600000000e+07   1.052e+08   1.000e+00
     60   33510.262      70       0  -3.717332400000000e+07   2.019e+08   1.000e+00
     61   34005.367      71       0  -3.717348400000000e+07   9.036e+07   1.000e+00
     62   34500.505      72       0  -3.717361200000000e+07   8.709e+07   1.000e+00
     63   34998.951      73       0  -3.717376800000000e+07   9.939e+07   1.000e+00
     64   35493.420      74       0  -3.717404800000000e+07   1.651e+08   1.000e+00
     65   35984.883      75       0  -3.717428800000000e+07   1.205e+08   1.000e+00
     66   36462.532      76       0  -3.717438400000000e+07   8.169e+07   1.000e+00
     67   36940.490      77       0  -3.717456000000000e+07   8.573e+07   1.000e+00
     68   37416.541      78       0  -3.717475200000000e+07   1.387e+08   1.000e+00
     69   37893.042      79       0  -3.717494800000000e+07   9.939e+07   1.000e+00
     70   38378.023      80       0  -3.717516400000000e+07   8.875e+07   1.000e+00
     71   38853.566      81       0  -3.717535600000000e+07   1.129e+08   1.000e+00
     72   39328.534      82       0  -3.717552000000000e+07   9.736e+07   1.000e+00
     73   39808.245      83       0  -3.717570400000000e+07   8.784e+07   1.000e+00
     74   40283.931      84       0  -3.717590800000000e+07   1.315e+08   1.000e+00
     75   40760.581      85       0  -3.717604400000000e+07   8.804e+07   1.000e+00
     76   41231.718      86       0  -3.717620000000000e+07   8.407e+07   1.000e+00
     77   41716.519      87       0  -3.717638800000000e+07   1.145e+08   1.000e+00
     78   42192.264      88       0  -3.717655600000000e+07   9.528e+07   1.000e+00
     79   42668.448      89       0  -3.717667600000000e+07   8.007e+07   1.000e+00
     80   43154.943      90       0  -3.717685600000000e+07   9.954e+07   1.000e+00
     81   43640.557      91       0  -3.717701200000000e+07   9.577e+07   1.000e+00
     82   44121.885      92       0  -3.717712400000000e+07   8.021e+07   1.000e+00
     83   44608.367      93       0  -3.717729600000000e+07   8.976e+07   1.000e+00
     84   45087.638      94       0  -3.717745200000000e+07   1.212e+08   1.000e+00
     85   45583.208      95       0  -3.717753200000000e+07   7.729e+07   1.000e+00
     86   46078.999      96       0  -3.717765200000000e+07   6.891e+07   1.000e+00
     87   46572.811      97       0  -3.717780000000000e+07   1.056e+08   1.000e+00
     88   47075.326      98       0  -3.717796000000000e+07   9.394e+07   1.000e+00
     89   47562.921      99       0  -3.717807600000000e+07   8.074e+07   1.000e+00
     90   48044.041     100       0  -3.717821600000000e+07   8.568e+07   1.000e+00
     91   48539.958     101       0  -3.717832000000000e+07   8.105e+07   1.000e+00
     92   49016.904     102       0  -3.717843200000000e+07   8.115e+07   1.000e+00
     93   49502.020     103       0  -3.717857600000000e+07   9.499e+07   1.000e+00
     94   49993.731     104       0  -3.717869200000000e+07   8.966e+07   1.000e+00
     95   50486.144     105       0  -3.717876000000000e+07   6.895e+07   1.000e+00
     96   50978.376     106       0  -3.717888400000000e+07   7.095e+07   1.000e+00
     97   51466.810     107       0  -3.717901600000000e+07   1.254e+08   1.000e+00
     98   51960.672     108       0  -3.717910000000000e+07   7.240e+07   1.000e+00
     99   52454.785     109       0  -3.717919600000000e+07   6.371e+07   1.000e+00
    100   52946.776     110       0  -3.717930400000000e+07   7.870e+07   1.000e+00
    101   53436.946     111       0  -3.717944400000000e+07   1.109e+08   1.000e+00
    102   53940.396     112       0  -3.717952800000000e+07   7.111e+07   1.000e+00
    103   54432.005     113       0  -3.717960000000000e+07   6.830e+07   1.000e+00
    104   54928.694     114       0  -3.717970800000000e+07   7.482e+07   1.000e+00
    105   55418.357     115       0  -3.717986000000000e+07   1.556e+08   1.000e+00
    106   55909.876     116       0  -3.717993200000000e+07   6.878e+07   1.000e+00
    107   56395.546     117       0  -3.717999600000000e+07   5.799e+07   1.000e+00
    108   56883.725     118       0  -3.718008000000000e+07   6.788e+07   1.000e+00
    109   57389.382     119       0  -3.718022000000000e+07   1.163e+08   1.000e+00
    110   57892.532     120       0  -3.718034800000000e+07   8.447e+07   1.000e+00
    111   58396.372     121       0  -3.718040400000000e+07   5.757e+07   1.000e+00
    112   58882.982     122       0  -3.718050000000000e+07   5.848e+07   1.000e+00
    113   59381.126     123       0  -3.718060800000000e+07   1.081e+08   1.000e+00
    114   59871.901     124       0  -3.718068400000000e+07   6.692e+07   1.000e+00
    115   60363.626     125       0  -3.718078800000000e+07   5.550e+07   1.000e+00
    116   60851.782     126       0  -3.718086400000000e+07   6.649e+07   1.000e+00
    117   61338.790     127       0  -3.718100000000000e+07   8.803e+07   1.000e+00
    118   61826.733     128       0  -3.718108000000000e+07   6.645e+07   1.000e+00
    119   62315.847     129       0  -3.718114400000000e+07   5.817e+07   1.000e+00
    120   62803.338     130       0  -3.718122000000000e+07   6.407e+07   1.000e+00
    121   63291.556     131       0  -3.718133200000000e+07   9.249e+07   1.000e+00
    122   63779.940     132       0  -3.718140000000000e+07   6.032e+07   1.000e+00
    123   64273.093     133       0  -3.718146400000000e+07   5.415e+07   1.000e+00
    124   64768.244     134       0  -3.718154400000000e+07   6.262e+07   1.000e+00
    125   65272.336     135       0  -3.718165600000000e+07   7.560e+07   1.000e+00
    126   65764.679     136       0  -3.718174400000000e+07   6.744e+07   1.000e+00
    127   66256.289     137       0  -3.718180400000000e+07   5.485e+07   1.000e+00
    128   66752.843     138       0  -3.718186800000000e+07   5.435e+07   1.000e+00
    129   67240.862     139       0  -3.718196800000000e+07   9.155e+07   1.000e+00
    130   67735.192     140       0  -3.718204400000000e+07   5.671e+07   1.000e+00
    131   68223.004     141       0  -3.718211600000000e+07   5.123e+07   1.000e+00
    132   68725.480     142       0  -3.718220000000000e+07   6.410e+07   1.000e+00
    133   69221.437     143       0  -3.718230000000000e+07   6.214e+07   1.000e+00
    134   69706.659     144       0  -3.718237200000000e+07   5.613e+07   1.000e+00
    135   70191.166     145       0  -3.718244000000000e+07   5.280e+07   1.000e+00
    136   70713.878     146       0  -3.718252000000000e+07   5.726e+07   1.000e+00
    137   71241.832     147       0  -3.718260800000000e+07   6.531e+07   1.000e+00
    138   71771.060     148       0  -3.718269600000000e+07   5.522e+07   1.000e+00
    139   72268.699     149       0  -3.718277600000000e+07   5.621e+07   1.000e+00
    140   72765.313     150       0  -3.718284800000000e+07   6.090e+07   1.000e+00
    141   73259.311     151       0  -3.718290000000000e+07   4.685e+07   1.000e+00
    142   73766.877     152       0  -3.718302800000000e+07   6.710e+07   1.000e+00
    143   74270.065     153       0  -3.718310800000000e+07   8.228e+07   1.000e+00
    144   74767.676     154       0  -3.718312400000000e+07   5.123e+07   1.000e+00
    145   75263.444     155       0  -3.718317600000000e+07   3.848e+07   1.000e+00
    146   75763.012     156       0  -3.718326400000000e+07   5.615e+07   1.000e+00
    147   76272.433     157       0  -3.718335600000000e+07   7.087e+07   1.000e+00
    148   76773.815     158       0  -3.718340400000000e+07   5.163e+07   1.000e+00
    149   77274.607     159       0  -3.718347200000000e+07   4.788e+07   1.000e+00
    150   77773.415     160       0  -3.718355200000000e+07   5.534e+07   1.000e+00
    151   78273.135     161       0  -3.718365600000000e+07   8.294e+07   1.000e+00
    152   78773.939     162       0  -3.718368800000000e+07   4.554e+07   1.000e+00
    153   79288.490     163       0  -3.718373200000000e+07   4.144e+07   1.000e+00
    154   79788.832     164       0  -3.718379600000000e+07   5.020e+07   1.000e+00
    155   80284.805     165       0  -3.718390800000000e+07   8.499e+07   1.000e+00
    156   80785.522     166       0  -3.718395200000000e+07   4.442e+07   1.000e+00
    157   81302.054     167       0  -3.718398800000000e+07   4.101e+07   1.000e+00
    158   81802.336     168       0  -3.718404400000000e+07   4.584e+07   1.000e+00
    159   82302.238     169       0  -3.718414400000000e+07   9.287e+07   1.000e+00
    160   82814.757     170       0  -3.718417200000000e+07   4.337e+07   1.000e+00
    161   83313.782     171       0  -3.718420400000000e+07   3.735e+07   1.000e+00
    162   83813.667     172       0  -3.718424800000000e+07   4.406e+07   1.000e+00
    163   84317.015     173       0  -3.718432800000000e+07   7.611e+07   1.000e+00
    164   84828.818     174       0  -3.718438400000000e+07   4.528e+07   1.000e+00
    165   85328.528     175       0  -3.718442000000000e+07   3.617e+07   1.000e+00
    166   85829.043     176       0  -3.718447200000000e+07   4.129e+07   1.000e+00
    167   86345.680     177       0  -3.718454000000000e+07   6.584e+07   1.000e+00
    168   86845.636     178       0  -3.718457600000000e+07   3.934e+07   1.000e+00
    169   87344.961     179       0  -3.718460800000000e+07   3.495e+07   1.000e+00
    170   87844.887     180       0  -3.718464800000000e+07   4.002e+07   1.000e+00
    171   88343.061     181       0  -3.718472400000000e+07   6.923e+07   1.000e+00
    172   88843.258     182       0  -3.718476000000000e+07   3.796e+07   1.000e+00
    173   89342.532     183       0  -3.718478800000000e+07   3.333e+07   1.000e+00
    174   89853.430     184       0  -3.718482800000000e+07   3.860e+07   1.000e+00
    175   90352.914     185       0  -3.718489600000000e+07   6.776e+07   1.000e+00
    176   90853.323     186       0  -3.718493200000000e+07   3.742e+07   1.000e+00
    177   91353.152     187       0  -3.718495200000000e+07   3.243e+07   1.000e+00
    178   91860.380     188       0  -3.718499200000000e+07   3.734e+07   1.000e+00
    179   92357.279     189       0  -3.718506000000000e+07   6.646e+07   1.000e+00
    180   92857.538     190       0  -3.718509600000000e+07   3.625e+07   1.000e+00
    181   93366.046     191       0  -3.718511600000000e+07   3.162e+07   1.000e+00
    182   93867.171     192       0  -3.718515200000000e+07   3.597e+07   1.000e+00
    183   94365.619     193       0  -3.718522000000000e+07   6.532e+07   1.000e+00
    184   94865.329     194       0  -3.718524400000000e+07   3.375e+07   1.000e+00
    185   95367.561     195       0  -3.718526000000000e+07   2.934e+07   1.000e+00
    186   95867.224     196       0  -3.718529600000000e+07   3.410e+07   1.000e+00
    187   96366.677     197       0  -3.718534400000000e+07   5.632e+07   1.000e+00
    188   96865.344     198       0  -3.718537200000000e+07   3.374e+07   1.000e+00
    189   97364.956     199       0  -3.718538800000000e+07   2.910e+07   1.000e+00
    190   97866.452     200       0  -3.718542000000000e+07   3.297e+07   1.000e+00
    191   98378.783     201       0  -3.718547200000000e+07   5.234e+07   1.000e+00
    192   98883.295     202       0  -3.718548800000000e+07   3.041e+07   1.000e+00
    193   99389.626     203       0  -3.718550800000000e+07   2.698e+07   1.000e+00
    194   99896.814     204       0  -3.718553200000000e+07   3.235e+07   1.000e+00
    195  100401.963     205       0  -3.718558000000000e+07   4.679e+07   1.000e+00
    196  100908.956     206       0  -3.718560000000000e+07   2.929e+07   1.000e+00
    197  101418.081     207       0  -3.718562000000000e+07   2.592e+07   1.000e+00
    198  101924.619     208       0  -3.718564000000000e+07   3.031e+07   1.000e+00
    199  102433.873     209       0  -3.718568000000000e+07   3.807e+07   1.000e+00
    200  102940.746     210       0  -3.718570400000000e+07   2.930e+07   1.000e+00
    201  103456.765     211       0  -3.718573200000000e+07   2.781e+07   1.000e+00
    202  103965.178     212       0  -3.718574800000000e+07   2.846e+07   1.000e+00
    203  104473.669     213       0  -3.718578000000000e+07   2.917e+07   1.000e+00
    204  104982.775     214       0  -3.718581200000000e+07   3.598e+07   1.000e+00
    205  105491.078     215       0  -3.718583200000000e+07   2.862e+07   1.000e+00
    206  105993.235     216       0  -3.718584400000000e+07   2.451e+07   1.000e+00
    207  106485.001     217       0  -3.718587600000000e+07   3.107e+07   1.000e+00
    208  106992.013     218       0  -3.718590400000000e+07   4.428e+07   1.000e+00
    209  107480.490     219       0  -3.718591600000000e+07   2.603e+07   1.000e+00
    210  107970.912     220       0  -3.718593600000000e+07   2.227e+07   1.000e+00
    211  108464.466     221       0  -3.718596000000000e+07   2.634e+07   1.000e+00
    212  108953.660     222       0  -3.718599200000000e+07   3.072e+07   1.000e+00
    213  109437.204     223       0  -3.718602000000000e+07   3.031e+07   1.000e+00
    214  109921.313     224       0  -3.718603200000000e+07   2.210e+07   1.000e+00
    215  110406.940     225       0  -3.718604800000000e+07   2.219e+07   1.000e+00
    216  110883.541     226       0  -3.718607600000000e+07   2.855e+07   1.000e+00
    217  111376.660     227       0  -3.718609600000000e+07   2.791e+07   1.000e+00
    218  111861.200     228       0  -3.718610800000000e+07   2.291e+07   1.000e+00
    219  112338.664     229       0  -3.718613200000000e+07   2.276e+07   1.000e+00
    220  112831.829     230       0  -3.718615600000000e+07   2.618e+07   1.000e+00
    221  113322.209     231       0  -3.718617200000000e+07   2.532e+07   1.000e+00
    222  113810.321     232       0  -3.718618800000000e+07   2.198e+07   1.000e+00
    223  114304.367     233       0  -3.718619600000000e+07   2.202e+07   1.000e+00
    224  114804.516     234       0  -3.718622000000000e+07   2.406e+07   1.000e+00
    225  115319.570     235       0  -3.718624400000000e+07   2.633e+07   1.000e+00
    226  115813.838     236       0  -3.718625600000000e+07   2.365e+07   1.000e+00
    227  116308.038     237       0  -3.718626800000000e+07   2.094e+07   1.000e+00
    228  116799.349     238       0  -3.718628800000000e+07   2.224e+07   1.000e+00
    229  117292.050     239       0  -3.718630400000000e+07   2.837e+07   1.000e+00
    230  117776.361     240       0  -3.718632000000000e+07   2.152e+07   1.000e+00
    231  118280.400     241       0  -3.718632400000000e+07   1.973e+07   1.000e+00
    232  118804.210     242       0  -3.718634400000000e+07   2.421e+07   1.000e+00
    233  119313.096     243       0  -3.718635600000000e+07   2.549e+07   1.000e+00
    234  119825.384     244       0  -3.718637200000000e+07   2.044e+07   1.000e+00
    235  120336.553     245       0  -3.718638800000000e+07   2.252e+07   1.000e+00
    236  120849.671     246       0  -3.718640400000000e+07   2.309e+07   1.000e+00
    237  121346.072     247       0  -3.718641200000000e+07   1.979e+07   1.000e+00
    238  121845.916     248       0  -3.718642800000000e+07   2.195e+07   1.000e+00
    239  122355.337     249       0  -3.718644000000000e+07   2.501e+07   1.000e+00
    240  122846.761     250       0  -3.718645200000000e+07   1.979e+07   1.000e+00
    241  123334.576     251       0  -3.718646800000000e+07   2.095e+07   1.000e+00
    242  123835.493     252       0  -3.718648400000000e+07   2.613e+07   1.000e+00
    243  124323.522     253       0  -3.718649200000000e+07   1.958e+07   1.000e+00
    244  124813.062     254       0  -3.718650800000000e+07   1.831e+07   1.000e+00
    245  125313.524     255       0  -3.718652000000000e+07   2.297e+07   1.000e+00
    246  125802.409     256       0  -3.718653200000000e+07   2.183e+07   1.000e+00
    247  126313.311     257       0  -3.718654000000000e+07   1.782e+07   1.000e+00
    248  126825.495     258       0  -3.718655600000000e+07   2.079e+07   1.000e+00
    249  127337.455     259       0  -3.718656800000000e+07   2.179e+07   1.000e+00
    250  127834.799     260       0  -3.718658400000000e+07   1.816e+07   1.000e+00
    251  128337.617     261       0  -3.718659600000000e+07   2.037e+07   1.000e+00
    252  128830.240     262       0  -3.718661200000000e+07   2.297e+07   1.000e+00
    253  129320.552     263       0  -3.718662000000000e+07   1.841e+07   1.000e+00
    254  129822.918     264       0  -3.718663200000000e+07   1.876e+07   1.000e+00
    255  130310.121     265       0  -3.718665200000000e+07   2.219e+07   1.000e+00
    256  130801.149     266       0  -3.718665600000000e+07   1.954e+07   1.000e+00
    257  131305.275     267       0  -3.718667200000000e+07   1.775e+07   1.000e+00
    258  131797.976     268       0  -3.718668800000000e+07   2.066e+07   1.000e+00
    259  132287.401     269       0  -3.718669600000000e+07   1.986e+07   1.000e+00
    260  132783.410     270       0  -3.718670800000000e+07   1.783e+07   1.000e+00
    261  133270.236     271       0  -3.718672400000000e+07   1.973e+07   1.000e+00
    262  133777.824     272       0  -3.718673200000000e+07   1.967e+07   1.000e+00
    263  134279.100     273       0  -3.718674400000000e+07   1.726e+07   1.000e+00
    264  134785.279     274       0  -3.718675600000000e+07   1.916e+07   1.000e+00
    265  135282.954     275       0  -3.718677200000000e+07   2.006e+07   1.000e+00
    266  135774.231     276       0  -3.718678400000000e+07   1.740e+07   1.000e+00
    267  136293.611     277       0  -3.718680000000000e+07   1.811e+07   1.000e+00
    268  136803.434     278       0  -3.718681200000000e+07   1.887e+07   1.000e+00
    269  137302.880     279       0  -3.718682000000000e+07   1.709e+07   1.000e+00
    270  137798.332     280       0  -3.718683600000000e+07   1.771e+07   1.000e+00
    271  138310.611     281       0  -3.718684400000000e+07   1.867e+07   1.000e+00
    272  138811.456     282       0  -3.718685600000000e+07   1.646e+07   1.000e+00
    273  139306.514     283       0  -3.718686800000000e+07   1.690e+07   1.000e+00
    274  139812.641     284       0  -3.718687600000000e+07   1.882e+07   1.000e+00
    275  140317.009     285       0  -3.718688400000000e+07   1.690e+07   1.000e+00
    276  140807.312     286       0  -3.718690000000000e+07   1.619e+07   1.000e+00
    277  141307.840     287       0  -3.718691600000000e+07   1.741e+07   1.000e+00
    278  141815.195     288       0  -3.718692400000000e+07   1.702e+07   1.000e+00
    279  142341.251     289       0  -3.718693600000000e+07   1.671e+07   1.000e+00
    280  142895.957     290       0  -3.718695200000000e+07   1.705e+07   1.000e+00
    281  143447.897     291       0  -3.718696000000000e+07   1.610e+07   1.000e+00
    282  143972.437     292       0  -3.718697200000000e+07   1.621e+07   1.000e+00
    283  144466.201     293       0  -3.718698000000000e+07   1.746e+07   1.000e+00
    284  144970.622     294       0  -3.718699600000000e+07   1.662e+07   1.000e+00
    285  145477.110     295       0  -3.718700400000000e+07   1.539e+07   1.000e+00
    286  145982.744     296       0  -3.718701600000000e+07   1.591e+07   1.000e+00
    287  146495.822     297       0  -3.718702400000000e+07   1.600e+07   1.000e+00
    288  147004.611     298       0  -3.718703600000000e+07   1.563e+07   1.000e+00
    289  147507.200     299       0  -3.718704800000000e+07   1.606e+07   1.000e+00
    290  148024.514     300       0  -3.718706400000000e+07   1.570e+07   1.000e+00
    291  148547.530     301       0  -3.718707200000000e+07   1.505e+07   1.000e+00
    292  149079.920     302       0  -3.718708000000000e+07   1.569e+07   1.000e+00
    293  149577.842     303       0  -3.718709600000000e+07   1.558e+07   1.000e+00
    294  150082.965     304       0  -3.718710800000000e+07   1.483e+07   1.000e+00
    295  150603.519     305       0  -3.718711600000000e+07   1.528e+07   1.000e+00
    296  151119.055     306       0  -3.718712400000000e+07   1.514e+07   1.000e+00
    297  151640.447     307       0  -3.718714000000000e+07   1.481e+07   1.000e+00
    298  152177.531     308       0  -3.718715200000000e+07   1.486e+07   1.000e+00
    299  152692.162     309       0  -3.718715600000000e+07   1.484e+07   1.000e+00
    300  153204.937     310       0  -3.718716800000000e+07   1.467e+07   1.000e+00
    301  153710.870     311       0  -3.718718000000000e+07   1.477e+07   1.000e+00
    302  154245.287     312       0  -3.718719200000000e+07   1.492e+07   1.000e+00
    303  154760.888     313       0  -3.718720400000000e+07   1.457e+07   1.000e+00
    304  155293.732     314       0  -3.718721600000000e+07   1.447e+07   1.000e+00
    305  155814.889     315       0  -3.718722400000000e+07   1.441e+07   1.000e+00
    306  156349.398     316       0  -3.718723600000000e+07   1.404e+07   1.000e+00
    307  156883.917     317       0  -3.718724400000000e+07   1.418e+07   1.000e+00
    308  157415.364     318       0  -3.718725200000000e+07   1.440e+07   1.000e+00
    309  157937.941     319       0  -3.718726800000000e+07   1.407e+07   1.000e+00
    310  158477.439     320       0  -3.718727600000000e+07   1.399e+07   1.000e+00
    311  159004.798     321       0  -3.718728800000000e+07   1.405e+07   1.000e+00
    312  159547.044     322       0  -3.718729600000000e+07   1.365e+07   1.000e+00
    313  160074.339     323       0  -3.718730800000000e+07   1.371e+07   1.000e+00
    314  160610.152     324       0  -3.718731600000000e+07   1.381e+07   1.000e+00
    315  161153.815     325       0  -3.718733200000000e+07   1.370e+07   1.000e+00
    316  161689.518     326       0  -3.718734000000000e+07   1.365e+07   1.000e+00
    317  162247.083     327       0  -3.718734800000000e+07   1.356e+07   1.000e+00
    318  162806.660     328       0  -3.718736000000000e+07   1.338e+07   1.000e+00
    319  163366.418     329       0  -3.718736800000000e+07   1.356e+07   1.000e+00
    320  163927.173     330       0  -3.718737600000000e+07   1.327e+07   1.000e+00
    321  164440.497     331       0  -3.718738400000000e+07   1.327e+07   1.000e+00
    322  164956.889     332       0  -3.718739600000000e+07   1.349e+07   1.000e+00
    323  165472.776     333       0  -3.718740400000000e+07   1.329e+07   1.000e+00
    324  166003.819     334       0  -3.718741200000000e+07   1.328e+07   1.000e+00
    325  166518.955     335       0  -3.718742000000000e+07   1.328e+07   1.000e+00
    326  167032.734     336       0  -3.718742800000000e+07   1.305e+07   1.000e+00
    327  167544.015     337       0  -3.718744000000000e+07   1.308e+07   1.000e+00
    328  168063.629     338       0  -3.718745200000000e+07   1.322e+07   1.000e+00
    329  168576.257     339       0  -3.718746000000000e+07   1.318e+07   1.000e+00
    330  169124.406     340       0  -3.718746400000000e+07   1.315e+07   1.000e+00
    331  169688.480     341       0  -3.718747600000000e+07   1.308e+07   1.000e+00
    332  170207.405     342       0  -3.718748800000000e+07   1.304e+07   1.000e+00
    333  170707.278     343       0  -3.718749200000000e+07   1.290e+07   1.000e+00
    334  171202.425     344       0  -3.718750000000000e+07   1.288e+07   1.000e+00
    335  171710.311     345       0  -3.718751200000000e+07   1.297e+07   1.000e+00
    336  172208.279     346       0  -3.718751600000000e+07   1.298e+07   1.000e+00
    337  172723.261     347       0  -3.718752800000000e+07   1.300e+07   1.000e+00
    338  173227.628     348       0  -3.718753600000000e+07   1.295e+07   1.000e+00
    339  173732.104     349       0  -3.718754000000000e+07   1.264e+07   1.000e+00
    340  174236.556     350       0  -3.718755200000000e+07   1.261e+07   1.000e+00
    341  174761.030     351       0  -3.718756000000000e+07   1.291e+07   1.000e+00
    342  175265.694     352       0  -3.718756400000000e+07   1.308e+07   1.000e+00
    343  175771.901     353       0  -3.718756800000000e+07   1.306e+07   1.000e+00
    344  176299.507     354       0  -3.718758000000000e+07   1.285e+07   1.000e+00
    345  176812.698     355       0  -3.718758800000000e+07   1.273e+07   1.000e+00
    346  177326.943     356       0  -3.718759200000000e+07   1.281e+07   1.000e+00
    347  177845.768     357       0  -3.718759600000000e+07   1.262e+07   1.000e+00
    348  178352.641     358       0  -3.718760800000000e+07   1.253e+07   1.000e+00
    349  178866.810     359       0  -3.718761200000000e+07   1.251e+07   1.000e+00
    350  179377.174     360       0  -3.718761600000000e+07   1.280e+07   1.000e+00
    351  179882.186     361       0  -3.718762400000000e+07   1.271e+07   1.000e+00
    352  180399.199     362       0  -3.718763600000000e+07   1.252e+07   1.000e+00
    353  180894.900     363       0  -3.718764000000000e+07   1.228e+07   1.000e+00
    354  181427.179     364       0  -3.718764400000000e+07   1.201e+07   1.000e+00
    355  181972.392     365       0  -3.718764800000000e+07   1.222e+07   1.000e+00
    356  182524.194     366       0  -3.718765600000000e+07   1.256e+07   1.000e+00
    357  190108.599     383       0  -3.718765600000000e+07   1.311e+07   1.523e-05
# Termination: function reduction test satisfied
# Iter.   Time (ms)    Eval. Reject.       Obj. Func.           Grad.       Step
# ---------------------------------------------------------------------------------
      0     437.605       1       0  -3.700523600000000e+07   1.580e+09   0.000e+00
      1    4868.944      11       0  -3.704013200000000e+07   1.780e+09   1.931e-14
      2    5337.597      12       0  -3.705925600000000e+07   1.081e+09   1.000e+00
      3    5803.015      13       0  -3.707090800000000e+07   8.890e+08   1.000e+00
      4    6267.808      14       0  -3.707652000000000e+07   7.457e+08   1.000e+00
      5    6734.551      15       0  -3.708223200000000e+07   5.428e+08   1.000e+00
      6    7213.383      16       0  -3.708714400000000e+07   5.907e+08   1.000e+00
      7    7678.992      17       0  -3.709149600000000e+07   5.894e+08   1.000e+00
      8    8145.232      18       0  -3.709428400000000e+07   3.946e+08   1.000e+00
      9    8611.199      19       0  -3.709778000000000e+07   3.602e+08   1.000e+00
     10    9081.264      20       0  -3.710154400000000e+07   5.146e+08   1.000e+00
     11    9548.557      21       0  -3.710569600000000e+07   3.709e+08   1.000e+00
     12   10014.582      22       0  -3.710979600000000e+07   3.767e+08   1.000e+00
     13   10480.324      23       0  -3.711357200000000e+07   3.762e+08   1.000e+00
     14   10947.444      24       0  -3.711700000000000e+07   3.463e+08   1.000e+00
     15   11413.425      25       0  -3.712140000000000e+07   3.835e+08   1.000e+00
     16   11879.527      26       0  -3.712556000000000e+07   4.379e+08   1.000e+00
     17   12356.267      27       0  -3.712857600000000e+07   3.414e+08   1.000e+00
     18   12822.406      28       0  -3.713162000000000e+07   3.216e+08   1.000e+00
     19   13288.710      29       0  -3.713502400000000e+07   3.941e+08   1.000e+00
     20   13755.052      30       0  -3.713785600000000e+07   3.070e+08   1.000e+00
     21   14217.822      31       0  -3.714030000000000e+07   2.829e+08   1.000e+00
     22   14683.041      32       0  -3.714309600000000e+07   3.873e+08   1.000e+00
     23   15147.868      33       0  -3.714490000000000e+07   2.653e+08   1.000e+00
     24   15614.510      34       0  -3.714637200000000e+07   2.388e+08   1.000e+00
     25   16088.633      35       0  -3.714860800000000e+07   3.354e+08   1.000e+00
     26   16552.427      36       0  -3.715023200000000e+07   3.418e+08   1.000e+00
     27   17017.139      37       0  -3.715089200000000e+07   2.078e+08   1.000e+00
     28   17494.280      38       0  -3.715198400000000e+07   1.894e+08   1.000e+00
     29   17958.633      39       0  -3.715312400000000e+07   2.597e+08   1.000e+00
     30   18431.234      40       0  -3.715446000000000e+07   2.096e+08   1.000e+00
     31   18907.707      41       0  -3.715533600000000e+07   1.770e+08   1.000e+00
     32   19383.134      42       0  -3.715640000000000e+07   2.818e+08   1.000e+00
     33   19859.910      43       0  -3.715688000000000e+07   1.876e+08   1.000e+00
     34   20340.082      44       0  -3.715722800000000e+07   1.682e+08   1.000e+00
     35   20824.397      45       0  -3.715793600000000e+07   2.163e+08   1.000e+00
     36   21309.480      46       0  -3.715859200000000e+07   3.287e+08   1.000e+00
     37   21790.769      47       0  -3.715882000000000e+07   1.503e+08   1.000e+00
     38   22270.376      48       0  -3.715912400000000e+07   1.095e+08   1.000e+00
     39   22768.830      49       0  -3.715950800000000e+07   1.359e+08   1.000e+00
     40   23251.285      50       0  -3.716012000000000e+07   2.099e+08   1.000e+00
     41   23734.921      51       0  -3.716075600000000e+07   2.213e+08   1.000e+00
     42   24215.274      52       0  -3.716093200000000e+07   1.113e+08   1.000e+00
     43   24699.280      53       0  -3.716112800000000e+07   1.117e+08   1.000e+00
     44   25184.364      54       0  -3.716136800000000e+07   1.202e+08   1.000e+00
     45   25667.707      55       0  -3.716179600000000e+07   2.342e+08   1.000e+00
     46   26166.725      56       0  -3.716201200000000e+07   9.814e+07   1.000e+00
     47   26650.759      57       0  -3.716218000000000e+07   9.775e+07   1.000e+00
     48   27130.714      58       0  -3.716240000000000e+07   1.091e+08   1.000e+00
     49   27610.940      59       0  -3.716280000000000e+07   2.259e+08   1.000e+00
     50   28090.668      60       0  -3.716310400000000e+07   1.098e+08   1.000e+00
     51   28570.703      61       0  -3.716320800000000e+07   8.585e+07   1.000e+00
     52   29050.208      62       0  -3.716341200000000e+07   9.404e+07   1.000e+00
     53   29533.229      63       0  -3.716367200000000e+07   2.122e+08   1.000e+00
     54   30017.373      64       0  -3.716383200000000e+07   1.027e+08   1.000e+00
     55   30498.966      65       0  -3.716399600000000e+07   7.970e+07   1.000e+00
     56   30984.429      66       0  -3.716414000000000e+07   8.993e+07   1.000e+00
     57   31468.805      67       0  -3.716443200000000e+07   1.406e+08   1.000e+00
     58   31952.196      68       0  -3.716468800000000e+07   1.392e+08   1.000e+00
     59   32436.485      69       0  -3.716475600000000e+07   7.286e+07   1.000e+00
     60   32918.952      70       0  -3.716485600000000e+07   6.976e+07   1.000e+00
     61   33402.982      71       0  -3.716499600000000e+07   8.232e+07   1.000e+00
     62   33887.954      72       0  -3.716522000000000e+07   1.658e+08   1.000e+00
     63   34372.347      73       0  -3.716532000000000e+07   6.930e+07   1.000e+00
     64   34873.286      74       0  -3.716539200000000e+07   6.515e+07   1.000e+00
     65   35355.904      75       0  -3.716551200000000e+07   7.415e+07   1.000e+00
     66   35839.813      76       0  -3.716571600000000e+07   1.500e+08   1.000e+00
     67   36323.108      77       0  -3.716588000000000e+07   7.884e+07   1.000e+00
     68   36808.107      78       0  -3.716595600000000e+07   6.156e+07   1.000e+00
     69   37291.900      79       0  -3.716608400000000e+07   6.832e+07   1.000e+00
     70   37776.237      80       0  -3.716626800000000e+07   1.239e+08   1.000e+00
     71   38260.016      81       0  -3.716638000000000e+07   7.140e+07   1.000e+00
     72   38753.077      82       0  -3.716646800000000e+07   5.879e+07   1.000e+00
     73   39242.641      83       0  -3.716656800000000e+07   6.881e+07   1.000e+00
     74   39727.134      84       0  -3.716673600000000e+07   1.158e+08   1.000e+00
     75   40224.548      85       0  -3.716681600000000e+07   6.329e+07   1.000e+00
     76   40695.337      86       0  -3.716688000000000e+07   5.278e+07   1.000e+00
     77   41172.354      87       0  -3.716695600000000e+07   6.215e+07   1.000e+00
     78   41647.701      88       0  -3.716707600000000e+07   1.027e+08   1.000e+00
     79   42138.336      89       0  -3.716713600000000e+07   5.658e+07   1.000e+00
     80   42614.046      90       0  -3.716717600000000e+07   4.981e+07   1.000e+00
     81   43087.167      91       0  -3.716724800000000e+07   5.419e+07   1.000e+00
     82   43559.824      92       0  -3.716735600000000e+07   1.175e+08   1.000e+00
     83   44041.191      93       0  -3.716741600000000e+07   5.338e+07   1.000e+00
     84   44518.963      94       0  -3.716744800000000e+07   4.254e+07   1.000e+00
     85   44992.580      95       0  -3.716749600000000e+07   4.918e+07   1.000e+00
     86   45469.314      96       0  -3.716757200000000e+07   9.066e+07   1.000e+00
     87   45942.823      97       0  -3.716763200000000e+07   5.200e+07   1.000e+00
     88   46408.365      98       0  -3.716766800000000e+07   4.099e+07   1.000e+00
     89   46874.586      99       0  -3.716770800000000e+07   4.781e+07   1.000e+00
     90   47359.314     100       0  -3.716777200000000e+07   7.678e+07   1.000e+00
     91   47824.626     101       0  -3.716780400000000e+07   4.562e+07   1.000e+00
     92   48290.744     102       0  -3.716783200000000e+07   3.877e+07   1.000e+00
     93   48763.836     103       0  -3.716786400000000e+07   4.351e+07   1.000e+00
     94   49254.903     104       0  -3.716792000000000e+07   8.685e+07   1.000e+00
     95   49726.958     105       0  -3.716794800000000e+07   4.075e+07   1.000e+00
     96   50203.086     106       0  -3.716797200000000e+07   3.375e+07   1.000e+00
     97   50675.657     107       0  -3.716799600000000e+07   3.825e+07   1.000e+00
     98   51164.044     108       0  -3.716804000000000e+07   6.577e+07   1.000e+00
     99   51638.840     109       0  -3.716807200000000e+07   4.378e+07   1.000e+00
    100   52111.013     110       0  -3.716809600000000e+07   3.257e+07   1.000e+00
    101   52597.122     111       0  -3.716811600000000e+07   3.441e+07   1.000e+00
    102   53070.745     112       0  -3.716815600000000e+07   6.047e+07   1.000e+00
    103   53543.006     113       0  -3.716818000000000e+07   3.612e+07   1.000e+00
    104   54015.786     114       0  -3.716821200000000e+07   3.035e+07   1.000e+00
    105   54491.770     115       0  -3.716823600000000e+07   3.431e+07   1.000e+00
    106   54965.750     116       0  -3.716828000000000e+07   5.441e+07   1.000e+00
    107   55434.370     117       0  -3.716830400000000e+07   3.445e+07   1.000e+00
    108   55922.108     118       0  -3.716832800000000e+07   2.979e+07   1.000e+00
    109   56394.000     119       0  -3.716835200000000e+07   3.322e+07   1.000e+00
    110   56865.936     120       0  -3.716839200000000e+07   6.019e+07   1.000e+00
    111   57335.256     121       0  -3.716841600000000e+07   3.244e+07   1.000e+00
    112   57807.060     122       0  -3.716843600000000e+07   2.784e+07   1.000e+00
    113   58278.192     123       0  -3.716846800000000e+07   3.136e+07   1.000e+00
    114   58749.764     124       0  -3.716851600000000e+07   5.428e+07   1.000e+00
    115   59219.899     125       0  -3.716854400000000e+07   3.150e+07   1.000e+00
    116   59692.243     126       0  -3.716856800000000e+07   2.705e+07   1.000e+00
    117   60169.564     127       0  -3.716860000000000e+07   3.074e+07   1.000e+00
    118   60643.530     128       0  -3.716864800000000e+07   5.124e+07   1.000e+00
    119   61120.429     129       0  -3.716868000000000e+07   2.988e+07   1.000e+00
    120   61595.899     130       0  -3.716870400000000e+07   2.580e+07   1.000e+00
    121   62070.122     131       0  -3.716874000000000e+07   2.906e+07   1.000e+00
    122   62542.507     132       0  -3.716880000000000e+07   5.083e+07   1.000e+00
    123   63022.762     133       0  -3.716882800000000e+07   2.797e+07   1.000e+00
    124   63489.604     134       0  -3.716884800000000e+07   2.541e+07   1.000e+00
    125   63956.614     135       0  -3.716888400000000e+07   2.925e+07   1.000e+00
    126   64437.808     136       0  -3.716894400000000e+07   4.695e+07   1.000e+00
    127   64907.458     137       0  -3.716897600000000e+07   3.018e+07   1.000e+00
    128   65378.833     138       0  -3.716900000000000e+07   2.556e+07   1.000e+00
    129   65851.684     139       0  -3.716903200000000e+07   2.812e+07   1.000e+00
    130   66330.608     140       0  -3.716910000000000e+07   5.005e+07   1.000e+00
    131   66806.687     141       0  -3.716911600000000e+07   2.720e+07   1.000e+00
    132   67279.118     142       0  -3.716915200000000e+07   2.374e+07   1.000e+00
    133   67754.819     143       0  -3.716918400000000e+07   2.704e+07   1.000e+00
    134   68242.719     144       0  -3.716925200000000e+07   4.142e+07   1.000e+00
    135   68723.967     145       0  -3.716929200000000e+07   3.213e+07   1.000e+00
    136   69202.525     146       0  -3.716930800000000e+07   2.418e+07   1.000e+00
    137   69681.594     147       0  -3.716934000000000e+07   2.534e+07   1.000e+00
    138   70155.385     148       0  -3.716939200000000e+07   3.792e+07   1.000e+00
    139   70634.626     149       0  -3.716943200000000e+07   2.741e+07   1.000e+00
    140   71117.875     150       0  -3.716947600000000e+07   2.361e+07   1.000e+00
    141   71606.662     151       0  -3.716952800000000e+07   2.659e+07   1.000e+00
    142   72097.072     152       0  -3.716958400000000e+07   3.328e+07   1.000e+00
    143   72587.614     153       0  -3.716961600000000e+07   2.405e+07   1.000e+00
    144   73079.428     154       0  -3.716965600000000e+07   2.581e+07   1.000e+00
    145   73571.095     155       0  -3.716969600000000e+07   2.786e+07   1.000e+00
    146   74058.949     156       0  -3.716974800000000e+07   2.644e+07   1.000e+00
    147   74546.797     157       0  -3.716982000000000e+07   3.423e+07   1.000e+00
    148   75026.375     158       0  -3.716985600000000e+07   2.962e+07   1.000e+00
    149   75506.968     159       0  -3.716987200000000e+07   2.302e+07   1.000e+00
    150   75986.065     160       0  -3.716992400000000e+07   2.471e+07   1.000e+00
    151   76475.012     161       0  -3.716997600000000e+07   4.125e+07   1.000e+00
    152   76972.891     162       0  -3.717000000000000e+07   2.495e+07   1.000e+00
    153   77462.563     163       0  -3.717004400000000e+07   2.104e+07   1.000e+00
    154   77948.639     164       0  -3.717009200000000e+07   2.416e+07   1.000e+00
    155   78438.426     165       0  -3.717017200000000e+07   3.300e+07   1.000e+00
    156   78934.089     166       0  -3.717022400000000e+07   3.041e+07   1.000e+00
    157   79417.631     167       0  -3.717023600000000e+07   2.344e+07   1.000e+00
    158   79899.496     168       0  -3.717027600000000e+07   2.412e+07   1.000e+00
    159   80393.804     169       0  -3.717032400000000e+07   3.292e+07   1.000e+00
    160   80892.599     170       0  -3.717037600000000e+07   2.568e+07   1.000e+00
    161   81390.901     171       0  -3.717043600000000e+07   2.675e+07   1.000e+00
    162   81886.833     172       0  -3.717048000000000e+07   2.973e+07   1.000e+00
    163   82379.616     173       0  -3.717051200000000e+07   2.328e+07   1.000e+00
    164   82870.313     174       0  -3.717054800000000e+07   2.260e+07   1.000e+00
    165   83362.800     175       0  -3.717060000000000e+07   3.487e+07   1.000e+00
    166   83855.083     176       0  -3.717064000000000e+07   2.394e+07   1.000e+00
    167   84346.970     177       0  -3.717068000000000e+07   2.185e+07   1.000e+00
    168   84833.880     178       0  -3.717074400000000e+07   2.964e+07   1.000e+00
    169   85322.031     179       0  -3.717077600000000e+07   2.357e+07   1.000e+00
    170   85822.239     180       0  -3.717080800000000e+07   2.068e+07   1.000e+00
    171   86314.261     181       0  -3.717086800000000e+07   2.922e+07   1.000e+00
    172   86801.900     182       0  -3.717090000000000e+07   2.441e+07   1.000e+00
    173   87304.376     183       0  -3.717092000000000e+07   2.102e+07   1.000e+00
    174   87794.516     184       0  -3.717097600000000e+07   2.648e+07   1.000e+00
    175   88282.124     185       0  -3.717102400000000e+07   3.472e+07   1.000e+00
    176   88770.367     186       0  -3.717103600000000e+07   2.078e+07   1.000e+00
    177   89258.207     187       0  -3.717106400000000e+07   1.778e+07   1.000e+00
    178   89745.948     188       0  -3.717109600000000e+07   1.985e+07   1.000e+00
    179   90234.703     189       0  -3.717115600000000e+07   2.412e+07   1.000e+00
    180   90739.059     190       0  -3.717120800000000e+07   2.843e+07   1.000e+00
    181   91218.614     191       0  -3.717122000000000e+07   1.833e+07   1.000e+00
    182   91700.823     192       0  -3.717124000000000e+07   1.844e+07   1.000e+00
    183   92199.746     193       0  -3.717126400000000e+07   2.042e+07   1.000e+00
    184   92700.425     194       0  -3.717130800000000e+07   2.432e+07   1.000e+00
    185   93198.851     195       0  -3.717135600000000e+07   2.842e+07   1.000e+00
    186   93699.377     196       0  -3.717137200000000e+07   1.855e+07   1.000e+00
    187   94199.550     197       0  -3.717139600000000e+07   1.760e+07   1.000e+00
    188   94698.766     198       0  -3.717142400000000e+07   2.084e+07   1.000e+00
    189   95198.656     199       0  -3.717146400000000e+07   1.971e+07   1.000e+00
    190   95704.595     200       0  -3.717150000000000e+07   1.876e+07   1.000e+00
    191   96204.690     201       0  -3.717153200000000e+07   1.915e+07   1.000e+00
    192   96703.093     202       0  -3.717156800000000e+07   2.074e+07   1.000e+00
    193   97203.480     203       0  -3.717159600000000e+07   1.802e+07   1.000e+00
    194   97703.843     204       0  -3.717162400000000e+07   1.742e+07   1.000e+00
    195   98202.088     205       0  -3.717166400000000e+07   2.165e+07   1.000e+00
    196   98702.719     206       0  -3.717169200000000e+07   1.939e+07   1.000e+00
    197   99199.498     207       0  -3.717172400000000e+07   1.648e+07   1.000e+00
    198   99699.999     208       0  -3.717176000000000e+07   1.874e+07   1.000e+00
    199  100199.884     209       0  -3.717178800000000e+07   1.898e+07   1.000e+00
    200  100688.958     210       0  -3.717182000000000e+07   1.573e+07   1.000e+00
    201  101180.306     211       0  -3.717185200000000e+07   1.724e+07   1.000e+00
    202  101670.479     212       0  -3.717188800000000e+07   2.024e+07   1.000e+00
    203  102150.195     213       0  -3.717191600000000e+07   1.584e+07   1.000e+00
    204  102648.981     214       0  -3.717194800000000e+07   1.637e+07   1.000e+00
    205  103138.057     215       0  -3.717198400000000e+07   1.950e+07   1.000e+00
    206  103625.933     216       0  -3.717200800000000e+07   1.618e+07   1.000e+00
    207  104117.057     217       0  -3.717204000000000e+07   1.659e+07   1.000e+00
    208  104608.034     218       0  -3.717208000000000e+07   2.103e+07   1.000e+00
    209  105098.497     219       0  -3.717210400000000e+07   1.580e+07   1.000e+00
    210  105591.213     220       0  -3.717212400000000e+07   1.513e+07   1.000e+00
    211  106076.917     221       0  -3.717215600000000e+07   1.812e+07   1.000e+00
    212  106561.084     222       0  -3.717218800000000e+07   1.575e+07   1.000e+00
    213  107045.190     223       0  -3.717221200000000e+07   1.503e+07   1.000e+00
    214  107541.933     224       0  -3.717224000000000e+07   1.708e+07   1.000e+00
    215  108029.245     225       0  -3.717226400000000e+07   1.460e+07   1.000e+00
    216  108513.061     226       0  -3.717228800000000e+07   1.526e+07   1.000e+00
    217  108997.423     227       0  -3.717231600000000e+07   1.634e+07   1.000e+00
    218  109484.371     228       0  -3.717233200000000e+07   1.379e+07   1.000e+00
    219  109968.852     229       0  -3.717235600000000e+07   1.447e+07   1.000e+00
    220  110452.906     230       0  -3.717238400000000e+07   1.604e+07   1.000e+00
    221  110935.641     231       0  -3.717240000000000e+07   1.303e+07   1.000e+00
    222  111435.663     232       0  -3.717242000000000e+07   1.357e+07   1.000e+00
    223  111915.915     233       0  -3.717244000000000e+07   1.474e+07   1.000e+00
    224  112404.739     234       0  -3.717246400000000e+07   1.300e+07   1.000e+00
    225  112903.789     235       0  -3.717248800000000e+07   1.402e+07   1.000e+00
    226  113402.662     236       0  -3.717250800000000e+07   1.525e+07   1.000e+00
    227  113898.350     237       0  -3.717252400000000e+07   1.274e+07   1.000e+00
    228  114400.109     238       0  -3.717254400000000e+07   1.373e+07   1.000e+00
    229  114898.232     239       0  -3.717256000000000e+07   1.414e+07   1.000e+00
    230  115399.470     240       0  -3.717257600000000e+07   1.241e+07   1.000e+00
    231  115907.117     241       0  -3.717259600000000e+07   1.372e+07   1.000e+00
    232  116385.086     242       0  -3.717261200000000e+07   1.402e+07   1.000e+00
    233  116877.999     243       0  -3.717262800000000e+07   1.211e+07   1.000e+00
    234  117375.115     244       0  -3.717264400000000e+07   1.319e+07   1.000e+00
    235  117861.600     245       0  -3.717266000000000e+07   1.338e+07   1.000e+00
    236  118379.020     246       0  -3.717267600000000e+07   1.190e+07   1.000e+00
    237  118895.756     247       0  -3.717268800000000e+07   1.310e+07   1.000e+00
    238  119418.746     248       0  -3.717270800000000e+07   1.326e+07   1.000e+00
    239  119943.119     249       0  -3.717272000000000e+07   1.149e+07   1.000e+00
    240  120459.214     250       0  -3.717272800000000e+07   1.229e+07   1.000e+00
    241  120963.276     251       0  -3.717273600000000e+07   1.215e+07   1.000e+00
    242  121485.787     252       0  -3.717275600000000e+07   1.163e+07   1.000e+00
    243  121994.303     253       0  -3.717276800000000e+07   1.249e+07   1.000e+00
    244  122502.880     254       0  -3.717278000000000e+07   1.208e+07   1.000e+00
    245  123020.252     255       0  -3.717279200000000e+07   1.157e+07   1.000e+00
    246  123513.633     256       0  -3.717280400000000e+07   1.264e+07   1.000e+00
    247  124005.039     257       0  -3.717280800000000e+07   1.187e+07   1.000e+00
    248  124498.998     258       0  -3.717282400000000e+07   1.121e+07   1.000e+00
    249  125002.055     259       0  -3.717283200000000e+07   1.168e+07   1.000e+00
    250  125509.637     260       0  -3.717284400000000e+07   1.127e+07   1.000e+00
    251  126005.393     261       0  -3.717284800000000e+07   1.109e+07   1.000e+00
    252  126509.908     262       0  -3.717286000000000e+07   1.152e+07   1.000e+00
    253  126996.116     263       0  -3.717286800000000e+07   1.118e+07   1.000e+00
    254  127497.450     264       0  -3.717287200000000e+07   1.101e+07   1.000e+00
    255  127995.790     265       0  -3.717288000000000e+07   1.137e+07   1.000e+00
    256  128521.690     266       0  -3.717289200000000e+07   1.096e+07   1.000e+00
    257  129026.367     267       0  -3.717290000000000e+07   1.076e+07   1.000e+00
    258  129544.207     268       0  -3.717290400000000e+07   1.078e+07   1.000e+00
    259  130059.699     269       0  -3.717291200000000e+07   1.048e+07   1.000e+00
    260  130570.034     270       0  -3.717292000000000e+07   1.038e+07   1.000e+00
    261  131070.483     271       0  -3.717292400000000e+07   1.048e+07   1.000e+00
    262  131584.189     272       0  -3.717292800000000e+07   1.032e+07   1.000e+00
    263  132083.193     273       0  -3.717294000000000e+07   1.040e+07   1.000e+00
    264  132581.558     274       0  -3.717294800000000e+07   1.013e+07   1.000e+00
    265  133138.562     275       0  -3.717295200000000e+07   9.806e+06   1.000e+00
    266  133688.762     276       0  -3.717296000000000e+07   9.925e+06   1.000e+00
    267  134237.800     277       0  -3.717296400000000e+07   9.920e+06   1.000e+00
    268  134792.129     278       0  -3.717296800000000e+07   9.892e+06   1.000e+00
    269  135340.684     279       0  -3.717297600000000e+07   1.009e+07   1.000e+00
    270  135889.290     280       0  -3.717298400000000e+07   9.977e+06   1.000e+00
    271  136441.548     281       0  -3.717298800000000e+07   9.681e+06   1.000e+00
    272  136992.410     282       0  -3.717299200000000e+07   9.609e+06   1.000e+00
    273  137541.475     283       0  -3.717300000000000e+07   9.380e+06   1.000e+00
    274  138102.626     284       0  -3.717300400000000e+07   9.483e+06   1.000e+00
    275  138623.070     285       0  -3.717301200000000e+07   9.727e+06   1.000e+00
    276  139145.667     286       0  -3.717301600000000e+07   9.928e+06   1.000e+00
    277  139686.027     287       0  -3.717302400000000e+07   1.002e+07   1.000e+00
    278  140263.072     288       0  -3.717303200000000e+07   9.728e+06   1.000e+00
    279  140821.513     289       0  -3.717303600000000e+07   9.258e+06   1.000e+00
    280  148031.869     305       0  -3.717303600000000e+07   9.745e+06   3.047e-05
# Termination: function reduction test satisfied
# Iter.   Time (ms)    Eval. Reject.       Obj. Func.           Grad.       Step
# ---------------------------------------------------------------------------------
      0     455.223       1       0  -3.694671600000000e+07   1.580e+09   0.000e+00
      1    4876.027      11       0  -3.698164800000000e+07   1.705e+09   1.841e-14
      2    5345.887      12       0  -3.700059600000000e+07   1.090e+09   1.000e+00
      3    5832.342      13       0  -3.701246800000000e+07   8.863e+08   1.000e+00
      4    6306.726      14       0  -3.701806400000000e+07   7.684e+08   1.000e+00
      5    6781.778      15       0  -3.702316400000000e+07   5.379e+08   1.000e+00
      6    7262.252      16       0  -3.702819600000000e+07   5.410e+08   1.000e+00
      7    7737.223      17       0  -3.703226400000000e+07   6.702e+08   1.000e+00
      8    8210.675      18       0  -3.703484000000000e+07   3.859e+08   1.000e+00
      9    8679.583      19       0  -3.703784800000000e+07   3.340e+08   1.000e+00
     10    9148.037      20       0  -3.704098400000000e+07   3.974e+08   1.000e+00
     11    9615.178      21       0  -3.704636800000000e+07   5.387e+08   1.000e+00
     12   10083.060      22       0  -3.704904800000000e+07   3.394e+08   1.000e+00
     13   10551.494      23       0  -3.705092400000000e+07   3.114e+08   1.000e+00
     14   11026.855      24       0  -3.705455600000000e+07   3.341e+08   1.000e+00
     15   11497.194      25       0  -3.705976000000000e+07   7.390e+08   1.000e+00
     16   11966.095      26       0  -3.706153200000000e+07   3.011e+08   1.000e+00
     17   12433.922      27       0  -3.706341600000000e+07   2.501e+08   1.000e+00
     18   12901.964      28       0  -3.706610400000000e+07   2.999e+08   1.000e+00
     19   13369.787      29       0  -3.707066000000000e+07   5.050e+08   1.000e+00
     20   13837.755      30       0  -3.707492800000000e+07   3.722e+08   1.000e+00
     21   14321.739      31       0  -3.707559600000000e+07   2.296e+08   1.000e+00
     22   14789.842      32       0  -3.707734000000000e+07   2.374e+08   1.000e+00
     23   15257.258      33       0  -3.707953600000000e+07   3.239e+08   1.000e+00
     24   15730.216      34       0  -3.708241200000000e+07   2.553e+08   1.000e+00
     25   16216.242      35       0  -3.708438400000000e+07   2.381e+08   1.000e+00
     26   16684.417      36       0  -3.708639600000000e+07   3.196e+08   1.000e+00
     27   17153.160      37       0  -3.708700400000000e+07   2.051e+08   1.000e+00
     28   17621.711      38       0  -3.708748400000000e+07   1.916e+08   1.000e+00
     29   18089.559      39       0  -3.708872800000000e+07   2.591e+08   1.000e+00
     30   18557.591      40       0  -3.709021600000000e+07   3.881e+08   1.000e+00
     31   19025.380      41       0  -3.709070400000000e+07   1.665e+08   1.000e+00
     32   19493.285      42       0  -3.709127200000000e+07   1.393e+08   1.000e+00
     33   19971.561      43       0  -3.709216000000000e+07   1.669e+08   1.000e+00
     34   20439.623      44       0  -3.709339200000000e+07   3.793e+08   1.000e+00
     35   20907.630      45       0  -3.709413200000000e+07   1.547e+08   1.000e+00
     36   21375.746      46       0  -3.709450800000000e+07   1.283e+08   1.000e+00
     37   21848.824      47       0  -3.709497200000000e+07   1.497e+08   1.000e+00
     38   22320.661      48       0  -3.709569200000000e+07   2.141e+08   1.000e+00
     39   22788.853      49       0  -3.709640000000000e+07   2.920e+08   1.000e+00
     40   23272.271      50       0  -3.709651600000000e+07   1.112e+08   1.000e+00
     41   23742.931      51       0  -3.709660800000000e+07   1.031e+08   1.000e+00
     42   24214.517      52       0  -3.709685200000000e+07   1.275e+08   1.000e+00
     43   24687.227      53       0  -3.709727200000000e+07   2.814e+08   1.000e+00
     44   25158.785      54       0  -3.709755200000000e+07   1.197e+08   1.000e+00
     45   25632.237      55       0  -3.709776800000000e+07   9.158e+07   1.000e+00
     46   26103.027      56       0  -3.709800400000000e+07   1.051e+08   1.000e+00
     47   26577.907      57       0  -3.709837200000000e+07   1.239e+08   1.000e+00
     48   27060.941      58       0  -3.709875200000000e+07   3.112e+08   1.000e+00
     49   27541.734      59       0  -3.709890400000000e+07   8.735e+07   1.000e+00
     50   28019.150      60       0  -3.709894400000000e+07   7.411e+07   1.000e+00
     51   28506.604      61       0  -3.709911600000000e+07   9.144e+07   1.000e+00
     52   28990.381      62       0  -3.709936000000000e+07   2.137e+08   1.000e+00
     53   29474.096      63       0  -3.709952800000000e+07   9.105e+07   1.000e+00
     54   29957.625      64       0  -3.709963600000000e+07   6.851e+07   1.000e+00
     55   30438.123      65       0  -3.709974800000000e+07   7.993e+07   1.000e+00
     56   30923.746      66       0  -3.709994400000000e+07   9.760e+07   1.000e+00
     57   31410.207      67       0  -3.710009200000000e+07   2.573e+08   1.000e+00
     58   31884.960      68       0  -3.710020800000000e+07   7.678e+07   1.000e+00
     59   32369.544      69       0  -3.710024400000000e+07   5.794e+07   1.000e+00
     60   32860.065      70       0  -3.710032800000000e+07   7.192e+07   1.000e+00
     61   33347.162      71       0  -3.710047600000000e+07   9.556e+07   1.000e+00
     62   33834.316      72       0  -3.710062400000000e+07   1.428e+08   1.000e+00
     63   34325.361      73       0  -3.710069600000000e+07   5.329e+07   1.000e+00
     64   34809.734      74       0  -3.710073600000000e+07   5.195e+07   1.000e+00
     65   35293.101      75       0  -3.710082800000000e+07   6.319e+07   1.000e+00
     66   35790.219      76       0  -3.710097600000000e+07   1.455e+08   1.000e+00
     67   36278.731      77       0  -3.710107200000000e+07   6.273e+07   1.000e+00
     68   36767.245      78       0  -3.710114000000000e+07   4.962e+07   1.000e+00
     69   37253.780      79       0  -3.710121600000000e+07   5.462e+07   1.000e+00
     70   37747.955      80       0  -3.710134400000000e+07   1.052e+08   1.000e+00
     71   38234.726      81       0  -3.710145600000000e+07   5.878e+07   1.000e+00
     72   38723.048      82       0  -3.710150800000000e+07   4.592e+07   1.000e+00
     73   39209.414      83       0  -3.710158800000000e+07   5.436e+07   1.000e+00
     74   39705.797      84       0  -3.710169200000000e+07   1.156e+08   1.000e+00
     75   40193.731      85       0  -3.710173200000000e+07   5.188e+07   1.000e+00
     76   40681.099      86       0  -3.710178000000000e+07   4.213e+07   1.000e+00
     77   41165.198      87       0  -3.710184400000000e+07   4.809e+07   1.000e+00
     78   41652.913      88       0  -3.710196400000000e+07   7.236e+07   1.000e+00
     79   42141.162      89       0  -3.710207600000000e+07   9.004e+07   1.000e+00
     80   42631.124      90       0  -3.710208800000000e+07   3.654e+07   1.000e+00
     81   43128.058      91       0  -3.710210800000000e+07   3.457e+07   1.000e+00
     82   43614.836      92       0  -3.710214000000000e+07   4.103e+07   1.000e+00
     83   44103.031      93       0  -3.710222400000000e+07   9.399e+07   1.000e+00
     84   44589.740      94       0  -3.710228000000000e+07   4.321e+07   1.000e+00
     85   45092.535      95       0  -3.710231200000000e+07   3.375e+07   1.000e+00
     86   45577.759      96       0  -3.710234800000000e+07   3.567e+07   1.000e+00
     87   46069.545      97       0  -3.710240400000000e+07   5.202e+07   1.000e+00
     88   46542.494      98       0  -3.710246000000000e+07   4.156e+07   1.000e+00
     89   47037.575      99       0  -3.710247200000000e+07   2.795e+07   1.000e+00
     90   47530.080     100       0  -3.710249600000000e+07   3.072e+07   1.000e+00
     91   48025.683     101       0  -3.710253600000000e+07   5.081e+07   1.000e+00
     92   48523.188     102       0  -3.710256000000000e+07   3.049e+07   1.000e+00
     93   49018.218     103       0  -3.710260000000000e+07   2.473e+07   1.000e+00
     94   49512.972     104       0  -3.710263200000000e+07   2.961e+07   1.000e+00
     95   50006.625     105       0  -3.710268400000000e+07   3.086e+07   1.000e+00
     96   50486.590     106       0  -3.710270800000000e+07   2.655e+07   1.000e+00
     97   50961.666     107       0  -3.710272800000000e+07   2.517e+07   1.000e+00
     98   51440.736     108       0  -3.710274800000000e+07   2.835e+07   1.000e+00
     99   51925.983     109       0  -3.710279200000000e+07   3.670e+07   1.000e+00
    100   52413.280     110       0  -3.710280800000000e+07   2.348e+07   1.000e+00
    101   52901.673     111       0  -3.710284000000000e+07   2.070e+07   1.000e+00
    102   53385.366     112       0  -3.710286400000000e+07   2.507e+07   1.000e+00
    103   53869.772     113       0  -3.710289200000000e+07   2.193e+07   1.000e+00
    104   54345.550     114       0  -3.710292000000000e+07   2.324e+07   1.000e+00
    105   54829.973     115       0  -3.710295200000000e+07   2.306e+07   1.000e+00
    106   55321.355     116       0  -3.710297200000000e+07   1.937e+07   1.000e+00
    107   55805.082     117       0  -3.710299600000000e+07   2.301e+07   1.000e+00
    108   56293.930     118       0  -3.710302800000000e+07   3.235e+07   1.000e+00
    109   56776.838     119       0  -3.710304400000000e+07   2.042e+07   1.000e+00
    110   57264.687     120       0  -3.710306800000000e+07   1.828e+07   1.000e+00
    111   57734.740     121       0  -3.710309600000000e+07   2.336e+07   1.000e+00
    112   58220.134     122       0  -3.710313200000000e+07   1.962e+07   1.000e+00
    113   58711.020     123       0  -3.710316400000000e+07   2.235e+07   1.000e+00
    114   59199.085     124       0  -3.710319600000000e+07   1.970e+07   1.000e+00
    115   59686.906     125       0  -3.710322000000000e+07   2.003e+07   1.000e+00
    116   60173.556     126       0  -3.710325600000000e+07   3.430e+07   1.000e+00
    117   60672.738     127       0  -3.710328400000000e+07   2.203e+07   1.000e+00
    118   61157.901     128       0  -3.710330400000000e+07   1.976e+07   1.000e+00
    119   61645.118     129       0  -3.710333600000000e+07   2.573e+07   1.000e+00
    120   62129.702     130       0  -3.710337200000000e+07   2.728e+07   1.000e+00
    121   62614.417     131       0  -3.710338800000000e+07   1.836e+07   1.000e+00
    122   63097.667     132       0  -3.710341600000000e+07   1.821e+07   1.000e+00
    123   63580.168     133       0  -3.710344800000000e+07   2.336e+07   1.000e+00
    124   64073.513     134       0  -3.710349200000000e+07   2.006e+07   1.000e+00
    125   64569.218     135       0  -3.710353200000000e+07   2.094e+07   1.000e+00
    126   65061.952     136       0  -3.710357200000000e+07   2.288e+07   1.000e+00
    127   65553.390     137       0  -3.710358800000000e+07   1.761e+07   1.000e+00
    128   66063.045     138       0  -3.710360800000000e+07   1.926e+07   1.000e+00
    129   66559.605     139       0  -3.710364000000000e+07   3.001e+07   1.000e+00
    130   67054.655     140       0  -3.710366400000000e+07   1.917e+07   1.000e+00
    131   67565.186     141       0  -3.710370400000000e+07   1.776e+07   1.000e+00
    132   68058.702     142       0  -3.710373600000000e+07   2.266e+07   1.000e+00
    133   68555.957     143       0  -3.710377200000000e+07   1.553e+07   1.000e+00
    134   69050.444     144       0  -3.710379600000000e+07   1.596e+07   1.000e+00
    135   69533.410     145       0  -3.710382400000000e+07   2.045e+07   1.000e+00
    136   70016.446     146       0  -3.710385600000000e+07   2.037e+07   1.000e+00
    137   70493.158     147       0  -3.710388000000000e+07   1.772e+07   1.000e+00
    138   70985.807     148       0  -3.710392400000000e+07   2.585e+07   1.000e+00
    139   71477.734     149       0  -3.710393600000000e+07   1.622e+07   1.000e+00
    140   71961.023     150       0  -3.710394800000000e+07   1.516e+07   1.000e+00
    141   72441.849     151       0  -3.710397200000000e+07   1.926e+07   1.000e+00
    142   72947.281     152       0  -3.710401600000000e+07   3.088e+07   1.000e+00
    143   73433.076     153       0  -3.710403600000000e+07   1.634e+07   1.000e+00
    144   73920.410     154       0  -3.710406000000000e+07   1.401e+07   1.000e+00
    145   74406.017     155       0  -3.710408400000000e+07   1.489e+07   1.000e+00
    146   74894.128     156       0  -3.710413600000000e+07   2.318e+07   1.000e+00
    147   75381.719     157       0  -3.710417600000000e+07   2.773e+07   1.000e+00
    148   76760.312     160       0  -3.710418000000000e+07   2.410e+07   2.500e-01
    149   77225.277     161       0  -3.710419200000000e+07   2.209e+07   1.000e+00
    150   77689.595     162       0  -3.710420400000000e+07   1.459e+07   1.000e+00
    151   78166.036     163       0  -3.710423200000000e+07   1.745e+07   1.000e+00
    152   78631.569     164       0  -3.710426400000000e+07   2.011e+07   1.000e+00
    153   79096.430     165       0  -3.710431200000000e+07   2.821e+07   1.000e+00
    154   79561.555     166       0  -3.710434000000000e+07   1.728e+07   1.000e+00
    155   87087.874     183       0  -3.710434000000000e+07   1.724e+07   1.523e-05
# Termination: function reduction test satisfied
# Iter.   Time (ms)    Eval. Reject.       Obj. Func.           Grad.       Step
# ---------------------------------------------------------------------------------
      0     440.632       1       0  -3.636148800000000e+07   1.580e+09   0.000e+00
      1    4419.452      10       0  -3.639611600000000e+07   1.722e+09   1.866e-14
      2    4879.725      11       0  -3.641468000000000e+07   1.051e+09   1.000e+00
      3    5354.514      12       0  -3.642562400000000e+07   8.427e+08   1.000e+00
      4    5817.337      13       0  -3.643070800000000e+07   7.009e+08   1.000e+00
      5    6281.790      14       0  -3.643534800000000e+07   4.803e+08   1.000e+00
      6    6746.414      15       0  -3.643946000000000e+07   4.822e+08   1.000e+00
      7    7222.706      16       0  -3.644299600000000e+07   5.482e+08   1.000e+00
      8    7687.013      17       0  -3.644502400000000e+07   3.233e+08   1.000e+00
      9    8152.033      18       0  -3.644741200000000e+07   2.817e+08   1.000e+00
     10    8623.962      19       0  -3.645015600000000e+07   3.552e+08   1.000e+00
     11    9112.242      20       0  -3.645442000000000e+07   3.825e+08   1.000e+00
     12    9584.120      21       0  -3.645686000000000e+07   3.006e+08   1.000e+00
     13   10056.216      22       0  -3.645914000000000e+07   2.829e+08   1.000e+00
     14   10527.597      23       0  -3.646267600000000e+07   3.243e+08   1.000e+00
     15   10997.719      24       0  -3.646756800000000e+07   4.875e+08   1.000e+00
     16   11485.741      25       0  -3.646973200000000e+07   2.789e+08   1.000e+00
     17   11958.532      26       0  -3.647254400000000e+07   2.778e+08   1.000e+00
     18   12429.312      27       0  -3.647564000000000e+07   3.219e+08   1.000e+00
     19   12900.410      28       0  -3.648110400000000e+07   5.533e+08   1.000e+00
     20   13389.741      29       0  -3.648300800000000e+07   2.587e+08   1.000e+00
     21   13874.453      30       0  -3.648401600000000e+07   2.559e+08   1.000e+00
     22   14352.746      31       0  -3.648622400000000e+07   2.675e+08   1.000e+00
     23   14828.879      32       0  -3.648908800000000e+07   8.488e+08   1.000e+00
     24   15308.084      33       0  -3.649045200000000e+07   2.370e+08   1.000e+00
     25   15784.979      34       0  -3.649110000000000e+07   1.661e+08   1.000e+00
     26   16264.742      35       0  -3.649256000000000e+07   2.049e+08   1.000e+00
     27   16740.731      36       0  -3.649422400000000e+07   2.677e+08   1.000e+00
     28   17228.803      37       0  -3.649626400000000e+07   3.822e+08   1.000e+00
     29   17709.176      38       0  -3.649654400000000e+07   1.510e+08   1.000e+00
     30   18189.242      39       0  -3.649675600000000e+07   1.494e+08   1.000e+00
     31   18668.776      40       0  -3.649738800000000e+07   1.723e+08   1.000e+00
     32   19151.108      41       0  -3.649854000000000e+07   4.502e+08   1.000e+00
     33   19628.454      42       0  -3.649909600000000e+07   1.628e+08   1.000e+00
     34   20109.155      43       0  -3.649948400000000e+07   1.215e+08   1.000e+00
     35   20593.939      44       0  -3.650004800000000e+07   1.462e+08   1.000e+00
     36   21071.263      45       0  -3.650090000000000e+07   1.755e+08   1.000e+00
     37   21549.873      46       0  -3.650186800000000e+07   4.413e+08   1.000e+00
     38   22029.170      47       0  -3.650207600000000e+07   1.126e+08   1.000e+00
     39   22509.199      48       0  -3.650212000000000e+07   9.093e+07   1.000e+00
     40   22989.060      49       0  -3.650243600000000e+07   1.077e+08   1.000e+00
     41   23469.032      50       0  -3.650294400000000e+07   2.404e+08   1.000e+00
     42   23959.102      51       0  -3.650324800000000e+07   1.145e+08   1.000e+00
     43   24437.523      52       0  -3.650346400000000e+07   8.473e+07   1.000e+00
     44   24915.920      53       0  -3.650368000000000e+07   9.800e+07   1.000e+00
     45   25394.123      54       0  -3.650402000000000e+07   1.295e+08   1.000e+00
     46   25871.678      55       0  -3.650431600000000e+07   1.832e+08   1.000e+00
     47   26348.527      56       0  -3.650439200000000e+07   7.989e+07   1.000e+00
     48   26825.216      57       0  -3.650446800000000e+07   7.398e+07   1.000e+00
     49   27305.204      58       0  -3.650459600000000e+07   8.594e+07   1.000e+00
     50   27796.029      59       0  -3.650488800000000e+07   1.909e+08   1.000e+00
     51   28273.256      60       0  -3.650508000000000e+07   8.279e+07   1.000e+00
     52   28753.635      61       0  -3.650517600000000e+07   6.705e+07   1.000e+00
     53   29233.712      62       0  -3.650533200000000e+07   7.566e+07   1.000e+00
     54   29707.132      63       0  -3.650555200000000e+07   1.266e+08   1.000e+00
     55   30178.584      64       0  -3.650577600000000e+07   8.245e+07   1.000e+00
     56   30650.166      65       0  -3.650586000000000e+07   5.974e+07   1.000e+00
     57   31124.561      66       0  -3.650598000000000e+07   7.285e+07   1.000e+00
     58   31598.503      67       0  -3.650610000000000e+07   1.207e+08   1.000e+00
     59   32072.956      68       0  -3.650615600000000e+07   6.747e+07   1.000e+00
     60   32547.231      69       0  -3.650626400000000e+07   5.444e+07   1.000e+00
     61   33021.345      70       0  -3.650634000000000e+07   5.889e+07   1.000e+00
     62   33493.733      71       0  -3.650651600000000e+07   1.736e+08   1.000e+00
     63   33969.479      72       0  -3.650662400000000e+07   5.431e+07   1.000e+00
     64   34444.827      73       0  -3.650664000000000e+07   4.297e+07   1.000e+00
     65   34920.656      74       0  -3.650671200000000e+07   5.238e+07   1.000e+00
     66   35399.146      75       0  -3.650681600000000e+07   1.015e+08   1.000e+00
     67   35876.289      76       0  -3.650693200000000e+07   5.861e+07   1.000e+00
     68   36364.277      77       0  -3.650698800000000e+07   4.255e+07   1.000e+00
     69   36841.265      78       0  -3.650707600000000e+07   5.131e+07   1.000e+00
     70   37319.813      79       0  -3.650716400000000e+07   8.613e+07   1.000e+00
     71   37797.673      80       0  -3.650719600000000e+07   4.599e+07   1.000e+00
     72   38276.539      81       0  -3.650724800000000e+07   3.641e+07   1.000e+00
     73   38751.801      82       0  -3.650729200000000e+07   3.792e+07   1.000e+00
     74   39224.523      83       0  -3.650739200000000e+07   1.077e+08   1.000e+00
     75   39698.250      84       0  -3.650743600000000e+07   3.158e+07   1.000e+00
     76   46796.355     100       0  -3.650743600000000e+07   3.156e+07   4.876e-06
# Termination: function reduction test satisfied
# Iter.   Time (ms)    Eval. Reject.       Obj. Func.           Grad.       Step
# ---------------------------------------------------------------------------------
      0     439.064       1       0  -3.050923800000000e+07   1.580e+09   0.000e+00
      1    3984.421       9       0  -3.054115600000000e+07   1.543e+09   1.642e-14
      2    4444.222      10       0  -3.055684400000000e+07   9.173e+08   1.000e+00
      3    4906.513      11       0  -3.056526000000000e+07   7.225e+08   1.000e+00
      4    5369.873      12       0  -3.056940000000000e+07   6.149e+08   1.000e+00
      5    5833.264      13       0  -3.057270000000000e+07   4.045e+08   1.000e+00
      6    6298.835      14       0  -3.057562400000000e+07   4.122e+08   1.000e+00
      7    6762.905      15       0  -3.057827800000000e+07   4.177e+08   1.000e+00
      8    7227.748      16       0  -3.058016000000000e+07   2.943e+08   1.000e+00
      9    7691.598      17       0  -3.058269800000000e+07   2.749e+08   1.000e+00
     10    8156.567      18       0  -3.058532000000000e+07   3.644e+08   1.000e+00
     11    8620.616      19       0  -3.058775600000000e+07   2.729e+08   1.000e+00
     12    9085.117      20       0  -3.059145400000000e+07   3.035e+08   1.000e+00
     13    9550.182      21       0  -3.059444200000000e+07   3.393e+08   1.000e+00
     14   10014.893      22       0  -3.059670800000000e+07   2.718e+08   1.000e+00
     15   10479.124      23       0  -3.060085200000000e+07   3.236e+08   1.000e+00
     16   10943.963      24       0  -3.060424600000000e+07   4.141e+08   1.000e+00
     17   11408.800      25       0  -3.060551200000000e+07   2.738e+08   1.000e+00
     18   11873.057      26       0  -3.060810000000000e+07   2.201e+08   1.000e+00
     19   12337.528      27       0  -3.061056200000000e+07   2.896e+08   1.000e+00
     20   12815.707      28       0  -3.061351000000000e+07   2.550e+08   1.000e+00
     21   13279.948      29       0  -3.061567400000000e+07   3.213e+08   1.000e+00
     22   13744.560      30       0  -3.061642000000000e+07   1.903e+08   1.000e+00
     23   14209.047      31       0  -3.061704800000000e+07   1.688e+08   1.000e+00
     24   14673.543      32       0  -3.061815600000000e+07   2.255e+08   1.000e+00
     25   15137.550      33       0  -3.061973200000000e+07   2.372e+08   1.000e+00
     26   15607.139      34       0  -3.062031000000000e+07   1.366e+08   1.000e+00
     27   16076.131      35       0  -3.062100200000000e+07   1.368e+08   1.000e+00
     28   16548.349      36       0  -3.062192000000000e+07   1.489e+08   1.000e+00
     29   17020.522      37       0  -3.062345400000000e+07   2.569e+08   1.000e+00
     30   17491.966      38       0  -3.062381600000000e+07   1.159e+08   1.000e+00
     31   17960.792      39       0  -3.062405200000000e+07   1.072e+08   1.000e+00
     32   18434.318      40       0  -3.062453600000000e+07   1.182e+08   1.000e+00
     33   18905.676      41       0  -3.062545600000000e+07   3.151e+08   1.000e+00
     34   19376.036      42       0  -3.062568000000000e+07   9.506e+07   1.000e+00
     35   19847.022      43       0  -3.062583600000000e+07   7.315e+07   1.000e+00
     36   20326.006      44       0  -3.062623800000000e+07   8.532e+07   1.000e+00
     37   20796.670      45       0  -3.062679400000000e+07   1.284e+08   1.000e+00
     38   21267.278      46       0  -3.062744600000000e+07   1.032e+08   1.000e+00
     39   21749.458      47       0  -3.062754400000000e+07   6.325e+07   1.000e+00
     40   22219.503      48       0  -3.062770000000000e+07   7.110e+07   1.000e+00
     41   22691.711      49       0  -3.062796200000000e+07   9.795e+07   1.000e+00
     42   23160.350      50       0  -3.062820400000000e+07   6.433e+07   1.000e+00
     43   23641.187      51       0  -3.062846000000000e+07   5.705e+07   1.000e+00
     44   24112.439      52       0  -3.062873800000000e+07   1.075e+08   1.000e+00
     45   24584.310      53       0  -3.062885800000000e+07   5.480e+07   1.000e+00
     46   25056.230      54       0  -3.062889200000000e+07   4.547e+07   1.000e+00
     47   25532.997      55       0  -3.062896200000000e+07   5.760e+07   1.000e+00
     48   26003.801      56       0  -3.062908200000000e+07   9.619e+07   1.000e+00
     49   26475.362      57       0  -3.062913400000000e+07   4.799e+07   1.000e+00
     50   26947.770      58       0  -3.062922000000000e+07   4.044e+07   1.000e+00
     51   27418.309      59       0  -3.062930200000000e+07   4.284e+07   1.000e+00
     52   27891.958      60       0  -3.062946600000000e+07   1.223e+08   1.000e+00
     53   28360.354      61       0  -3.062951600000000e+07   4.004e+07   1.000e+00
     54   28828.503      62       0  -3.062952800000000e+07   3.301e+07   1.000e+00
     55   29315.175      63       0  -3.062956600000000e+07   4.298e+07   1.000e+00
     56   29785.066      64       0  -3.062963600000000e+07   6.226e+07   1.000e+00
     57   30256.035      65       0  -3.062974800000000e+07   7.901e+07   1.000e+00
     58   30727.929      66       0  -3.062976600000000e+07   3.636e+07   1.000e+00
     59   31209.762      67       0  -3.062978800000000e+07   3.585e+07   1.000e+00
     60   31680.764      68       0  -3.062982400000000e+07   4.011e+07   1.000e+00
     61   32151.376      69       0  -3.062990000000000e+07   9.905e+07   1.000e+00
     62   32621.163      70       0  -3.062991400000000e+07   3.487e+07   1.000e+00
     63   33097.237      71       0  -3.062993200000000e+07   2.657e+07   1.000e+00
     64   33566.754      72       0  -3.062996000000000e+07   3.092e+07   1.000e+00
     65   34036.214      73       0  -3.063000600000000e+07   4.285e+07   1.000e+00
     66   34507.252      74       0  -3.063006600000000e+07   5.322e+07   1.000e+00
     67   35867.012      77       0  -3.063006800000000e+07   4.797e+07   1.321e-01
     68   43850.251      95       0  -3.063006800000000e+07   4.796e+07   1.071e-06
# Termination: function reduction test satisfied
# Iter.   Time (ms)    Eval. Reject.       Obj. Func.           Grad.       Step
# ---------------------------------------------------------------------------------
      0     438.132       1       0  -3.701167600000000e+07   1.580e+09   0.000e+00
      1    4845.684      11       0  -3.704262800000000e+07   1.606e+09   1.723e-14
      2    5306.041      12       0  -3.705883200000000e+07   9.045e+08   1.000e+00
      3    5767.632      13       0  -3.706740000000000e+07   7.001e+08   1.000e+00
      4    6234.369      14       0  -3.707163200000000e+07   6.227e+08   1.000e+00
      5    6701.192      15       0  -3.707517600000000e+07   4.207e+08   1.000e+00
      6    7166.925      16       0  -3.707805200000000e+07   4.005e+08   1.000e+00
      7    7631.466      17       0  -3.708036000000000e+07   3.848e+08   1.000e+00
      8    8103.180      18       0  -3.708200000000000e+07   2.807e+08   1.000e+00
      9    8567.844      19       0  -3.708370000000000e+07   2.521e+08   1.000e+00
     10    9033.190      20       0  -3.708519600000000e+07   2.712e+08   1.000e+00
     11    9499.840      21       0  -3.708660800000000e+07   2.135e+08   1.000e+00
     12    9968.967      22       0  -3.708806000000000e+07   2.024e+08   1.000e+00
     13   10433.384      23       0  -3.708928000000000e+07   1.930e+08   1.000e+00
     14   10901.893      24       0  -3.709040400000000e+07   1.764e+08   1.000e+00
     15   11368.431      25       0  -3.709145200000000e+07   1.687e+08   1.000e+00
     16   11838.395      26       0  -3.709228400000000e+07   1.631e+08   1.000e+00
     17   12303.464      27       0  -3.709313200000000e+07   1.555e+08   1.000e+00
     18   12768.201      28       0  -3.709385600000000e+07   1.520e+08   1.000e+00
     19   13245.417      29       0  -3.709450400000000e+07   1.450e+08   1.000e+00
     20   13713.540      30       0  -3.709515600000000e+07   1.410e+08   1.000e+00
     21   14181.559      31       0  -3.709563600000000e+07   1.385e+08   1.000e+00
     22   14649.918      32       0  -3.709604400000000e+07   1.336e+08   1.000e+00
     23   15117.655      33       0  -3.709649200000000e+07   1.335e+08   1.000e+00
     24   15586.005      34       0  -3.709686800000000e+07   1.337e+08   1.000e+00
     25   16051.150      35       0  -3.709718400000000e+07   1.276e+08   1.000e+00
     26   16516.401      36       0  -3.709753600000000e+07   1.272e+08   1.000e+00
     27   16985.630      37       0  -3.709786400000000e+07   1.301e+08   1.000e+00
     28   17454.040      38       0  -3.709814000000000e+07   1.262e+08   1.000e+00
     29   17922.301      39       0  -3.709839600000000e+07   1.243e+08   1.000e+00
     30   18395.283      40       0  -3.709865600000000e+07   1.273e+08   1.000e+00
     31   18878.660      41       0  -3.709889600000000e+07   1.266e+08   1.000e+00
     32   19345.349      42       0  -3.709912400000000e+07   1.250e+08   1.000e+00
     33   19813.695      43       0  -3.709933200000000e+07   1.258e+08   1.000e+00
     34   20294.691      44       0  -3.709953200000000e+07   1.258e+08   1.000e+00
     35   20761.569      45       0  -3.709974400000000e+07   1.258e+08   1.000e+00
     36   21229.872      46       0  -3.709994800000000e+07   1.258e+08   1.000e+00
     37   21698.524      47       0  -3.710011200000000e+07   1.238e+08   1.000e+00
     38   22174.486      48       0  -3.710025600000000e+07   1.240e+08   1.000e+00
     39   22641.769      49       0  -3.710040800000000e+07   1.251e+08   1.000e+00
     40   23108.992      50       0  -3.710057200000000e+07   1.262e+08   1.000e+00
     41   23577.922      51       0  -3.710071600000000e+07   1.249e+08   1.000e+00
     42   24059.477      52       0  -3.710082000000000e+07   1.230e+08   1.000e+00
     43   24528.377      53       0  -3.710093600000000e+07   1.230e+08   1.000e+00
     44   24993.191      54       0  -3.710108000000000e+07   1.262e+08   1.000e+00
     45   25462.541      55       0  -3.710120400000000e+07   1.257e+08   1.000e+00
     46   25927.299      56       0  -3.710128000000000e+07   1.203e+08   1.000e+00
     47   26392.610      57       0  -3.710136000000000e+07   1.202e+08   1.000e+00
     48   26861.516      58       0  -3.710147600000000e+07   1.243e+08   1.000e+00
     49   27334.931      59       0  -3.710159600000000e+07   1.275e+08   1.000e+00
     50   27803.960      60       0  -3.710165600000000e+07   1.208e+08   1.000e+00
     51   28269.729      61       0  -3.710168800000000e+07   1.165e+08   1.000e+00
     52   28734.777      62       0  -3.710177200000000e+07   1.228e+08   1.000e+00
     53   29200.140      63       0  -3.710187600000000e+07   1.303e+08   1.000e+00
     54   29669.487      64       0  -3.710191200000000e+07   1.252e+08   1.000e+00
     55   30145.318      65       0  -3.710192400000000e+07   1.111e+08   1.000e+00
     56   30613.582      66       0  -3.710198400000000e+07   1.181e+08   1.000e+00
     57   31082.482      67       0  -3.710208000000000e+07   1.352e+08   1.000e+00
     58   31560.216      68       0  -3.710212800000000e+07   1.315e+08   1.000e+00
     59   32025.032      69       0  -3.710214400000000e+07   1.108e+08   1.000e+00
     60   32490.762      70       0  -3.710218000000000e+07   1.160e+08   1.000e+00
     61   32959.465      71       0  -3.710222800000000e+07   1.285e+08   1.000e+00
     62   33424.680      72       0  -3.710228000000000e+07   1.310e+08   1.000e+00
     63   33893.488      73       0  -3.710230000000000e+07   1.159e+08   1.000e+00
     64   34361.629      74       0  -3.710231200000000e+07   1.157e+08   1.000e+00
     65   34829.390      75       0  -3.710234400000000e+07   1.205e+08   1.000e+00
     66   35306.197      76       0  -3.710240400000000e+07   1.336e+08   1.000e+00
     67   35777.556      77       0  -3.710241200000000e+07   1.215e+08   1.000e+00
     68   39332.579      85       0  -3.710241600000000e+07   1.291e+08   5.806e-03
     69   39798.668      86       0  -3.710244400000000e+07   1.264e+08   1.000e+00
     70   40265.697      87       0  -3.710248400000000e+07   1.141e+08   1.000e+00
     71   42066.605      91       0  -3.710248800000000e+07   1.158e+08   6.931e-02
     72   42532.816      92       0  -3.710250000000000e+07   1.240e+08   1.000e+00
     73   43886.795      95       0  -3.710250400000000e+07   1.243e+08   1.172e-01
     74   52716.940     115       0  -3.710250400000000e+07   1.331e+08   1.904e-06
# Termination: function reduction test satisfied
# Iter.   Time (ms)    Eval. Reject.       Obj. Func.           Grad.       Step
# ---------------------------------------------------------------------------------
      0     439.778       1       0  -3.701108800000000e+07   1.580e+09   0.000e+00
      1    4861.146      11       0  -3.704204400000000e+07   1.606e+09   1.724e-14
      2    5324.077      12       0  -3.705824400000000e+07   9.044e+08   1.000e+00
      3    5788.690      13       0  -3.706681200000000e+07   7.001e+08   1.000e+00
      4    6254.771      14       0  -3.707104400000000e+07   6.225e+08   1.000e+00
      5    6741.501      15       0  -3.707458800000000e+07   4.206e+08   1.000e+00
      6    7214.363      16       0  -3.707746000000000e+07   4.005e+08   1.000e+00
      7    7684.992      17       0  -3.707977200000000e+07   3.845e+08   1.000e+00
      8    8158.397      18       0  -3.708140800000000e+07   2.806e+08   1.000e+00
      9    8633.209      19       0  -3.708310000000000e+07   2.521e+08   1.000e+00
     10    9106.475      20       0  -3.708460000000000e+07   2.709e+08   1.000e+00
     11    9580.246      21       0  -3.708601200000000e+07   2.133e+08   1.000e+00
     12   10065.612      22       0  -3.708746400000000e+07   2.023e+08   1.000e+00
     13   10542.716      23       0  -3.708867600000000e+07   1.927e+08   1.000e+00
     14   11024.380      24       0  -3.708980000000000e+07   1.761e+08   1.000e+00
     15   11504.269      25       0  -3.709084800000000e+07   1.685e+08   1.000e+00
     16   11984.232      26       0  -3.709167200000000e+07   1.627e+08   1.000e+00
     17   12463.711      27       0  -3.709250400000000e+07   1.550e+08   1.000e+00
     18   12943.828      28       0  -3.709323200000000e+07   1.516e+08   1.000e+00
     19   13430.100      29       0  -3.709386800000000e+07   1.446e+08   1.000e+00
     20   13912.376      30       0  -3.709452400000000e+07   1.408e+08   1.000e+00
     21   14393.004      31       0  -3.709499600000000e+07   1.380e+08   1.000e+00
     22   14871.606      32       0  -3.709540400000000e+07   1.329e+08   1.000e+00
     23   15357.450      33       0  -3.709584800000000e+07   1.334e+08   1.000e+00
     24   15840.604      34       0  -3.709621200000000e+07   1.336e+08   1.000e+00
     25   16321.369      35       0  -3.709652800000000e+07   1.273e+08   1.000e+00
     26   16799.914      36       0  -3.709686800000000e+07   1.273e+08   1.000e+00
     27   17287.539      37       0  -3.709719200000000e+07   1.294e+08   1.000e+00
     28   17767.339      38       0  -3.709746000000000e+07   1.251e+08   1.000e+00
     29   18248.182      39       0  -3.709770800000000e+07   1.236e+08   1.000e+00
     30   18741.843      40       0  -3.709796000000000e+07   1.266e+08   1.000e+00
     31   19222.455      41       0  -3.709820400000000e+07   1.263e+08   1.000e+00
     32   19703.722      42       0  -3.709841600000000e+07   1.240e+08   1.000e+00
     33   20186.095      43       0  -3.709860400000000e+07   1.241e+08   1.000e+00
     34   20667.823      44       0  -3.709880800000000e+07   1.255e+08   1.000e+00
     35   21147.953      45       0  -3.709902000000000e+07   1.265e+08   1.000e+00
     36   21626.935      46       0  -3.709920400000000e+07   1.250e+08   1.000e+00
     37   22110.111      47       0  -3.709935600000000e+07   1.223e+08   1.000e+00
     38   22593.304      48       0  -3.709950800000000e+07   1.236e+08   1.000e+00
     39   23072.115      49       0  -3.709968800000000e+07   1.260e+08   1.000e+00
     40   23552.431      50       0  -3.709984400000000e+07   1.253e+08   1.000e+00
     41   24031.774      51       0  -3.709994400000000e+07   1.217e+08   1.000e+00
     42   24513.496      52       0  -3.710004400000000e+07   1.217e+08   1.000e+00
     43   24992.443      53       0  -3.710018000000000e+07   1.242e+08   1.000e+00
     44   25487.471      54       0  -3.710032800000000e+07   1.266e+08   1.000e+00
     45   25971.794      55       0  -3.710040800000000e+07   1.226e+08   1.000e+00
     46   26460.922      56       0  -3.710047200000000e+07   1.189e+08   1.000e+00
     47   26951.178      57       0  -3.710056800000000e+07   1.228e+08   1.000e+00
     48   27440.635      58       0  -3.710068800000000e+07   1.278e+08   1.000e+00
     49   27927.120      59       0  -3.710076400000000e+07   1.249e+08   1.000e+00
     50   28416.770      60       0  -3.710080000000000e+07   1.165e+08   1.000e+00
     51   28907.236      61       0  -3.710086000000000e+07   1.189e+08   1.000e+00
     52   29396.089      62       0  -3.710092800000000e+07   1.267e+08   1.000e+00
     53   29893.229      63       0  -3.710100400000000e+07   1.294e+08   1.000e+00
     54   30384.925      64       0  -3.710104800000000e+07   1.171e+08   1.000e+00
     55   30876.468      65       0  -3.710107200000000e+07   1.159e+08   1.000e+00
     56   31382.128      66       0  -3.710114000000000e+07   1.228e+08   1.000e+00
     57   31872.609      67       0  -3.710122000000000e+07   1.317e+08   1.000e+00
     58   32360.511      68       0  -3.710124000000000e+07   1.219e+08   1.000e+00
     59   40803.071      87       0  -3.710124000000000e+07   1.309e+08   4.002e-07
# Termination: function reduction test satisfied
# Iter.   Time (ms)    Eval. Reject.       Obj. Func.           Grad.       Step
# ---------------------------------------------------------------------------------
      0     439.456       1       0  -3.700523600000000e+07   1.580e+09   0.000e+00
      1    4856.382      11       0  -3.703619200000000e+07   1.610e+09   1.728e-14
      2    5322.291      12       0  -3.705239200000000e+07   9.038e+08   1.000e+00
      3    5793.936      13       0  -3.706093200000000e+07   6.991e+08   1.000e+00
      4    6277.451      14       0  -3.706516000000000e+07   6.211e+08   1.000e+00
      5    6758.190      15       0  -3.706871600000000e+07   4.201e+08   1.000e+00
      6    7240.637      16       0  -3.707157200000000e+07   4.006e+08   1.000e+00
      7    7730.189      17       0  -3.707386800000000e+07   3.810e+08   1.000e+00
      8    8204.787      18       0  -3.707550000000000e+07   2.794e+08   1.000e+00
      9    8677.709      19       0  -3.707718400000000e+07   2.511e+08   1.000e+00
     10    9149.588      20       0  -3.707867200000000e+07   2.690e+08   1.000e+00
     11    9644.137      21       0  -3.708004400000000e+07   2.110e+08   1.000e+00
     12   10124.525      22       0  -3.708146800000000e+07   1.994e+08   1.000e+00
     13   10604.030      23       0  -3.708266000000000e+07   1.897e+08   1.000e+00
     14   11083.691      24       0  -3.708376800000000e+07   1.739e+08   1.000e+00
     15   11563.230      25       0  -3.708477200000000e+07   1.650e+08   1.000e+00
     16   12042.886      26       0  -3.708555600000000e+07   1.598e+08   1.000e+00
     17   12519.166      27       0  -3.708634000000000e+07   1.513e+08   1.000e+00
     18   12995.801      28       0  -3.708702000000000e+07   1.481e+08   1.000e+00
     19   13497.412      29       0  -3.708760000000000e+07   1.406e+08   1.000e+00
     20   13986.455      30       0  -3.708820000000000e+07   1.370e+08   1.000e+00
     21   14474.720      31       0  -3.708866000000000e+07   1.349e+08   1.000e+00
     22   14978.080      32       0  -3.708902400000000e+07   1.289e+08   1.000e+00
     23   15455.680      33       0  -3.708938800000000e+07   1.279e+08   1.000e+00
     24   15944.938      34       0  -3.708972000000000e+07   1.286e+08   1.000e+00
     25   16430.832      35       0  -3.708999600000000e+07   1.232e+08   1.000e+00
     26   16919.536      36       0  -3.709027600000000e+07   1.229e+08   1.000e+00
     27   17407.128      37       0  -3.709057200000000e+07   1.237e+08   1.000e+00
     28   17894.542      38       0  -3.709083600000000e+07   1.226e+08   1.000e+00
     29   18383.761      39       0  -3.709102400000000e+07   1.191e+08   1.000e+00
     30   18876.617      40       0  -3.709120400000000e+07   1.194e+08   1.000e+00
     31   19360.585      41       0  -3.709140800000000e+07   1.210e+08   1.000e+00
     32   19841.399      42       0  -3.709163600000000e+07   1.222e+08   1.000e+00
     33   20325.808      43       0  -3.709179200000000e+07   1.199e+08   1.000e+00
     34   20831.601      44       0  -3.709189600000000e+07   1.169e+08   1.000e+00
     35   21335.592      45       0  -3.709204800000000e+07   1.203e+08   1.000e+00
     36   21835.492      46       0  -3.709224400000000e+07   1.238e+08   1.000e+00
     37   22323.480      47       0  -3.709237200000000e+07   1.214e+08   1.000e+00
     38   22827.281      48       0  -3.709241600000000e+07   1.147e+08   1.000e+00
     39   23332.976      49       0  -3.709249600000000e+07   1.169e+08   1.000e+00
     40   23839.648      50       0  -3.709261600000000e+07   1.235e+08   1.000e+00
     41   24344.162      51       0  -3.709272000000000e+07   1.251e+08   1.000e+00
     42   24851.099      52       0  -3.709276400000000e+07   1.139e+08   1.000e+00
     43   25364.854      53       0  -3.709279600000000e+07   1.136e+08   1.000e+00
     44   25873.313      54       0  -3.709286800000000e+07   1.209e+08   1.000e+00
     45   26379.874      55       0  -3.709294400000000e+07   1.264e+08   1.000e+00
     46   26883.888      56       0  -3.709296800000000e+07   1.154e+08   1.000e+00
     47   27387.980      57       0  -3.709297600000000e+07   1.105e+08   1.000e+00
     48   27891.865      58       0  -3.709301600000000e+07   1.167e+08   1.000e+00
     49   28396.566      59       0  -3.709305600000000e+07   1.261e+08   1.000e+00
     50   28925.180      60       0  -3.709308000000000e+07   1.194e+08   1.000e+00
     51   35637.418      75       0  -3.709308000000000e+07   1.267e+08   1.338e-06
# Termination: function reduction test satisfied
# Iter.   Time (ms)    Eval. Reject.       Obj. Func.           Grad.       Step
# ---------------------------------------------------------------------------------
      0     439.421       1       0  -3.694671600000000e+07   1.580e+09   0.000e+00
      1    4432.828      10       0  -3.694779200000000e+07   2.914e+09   3.531e-14
      2    4895.334      11       0  -3.699416400000000e+07   1.009e+09   1.000e+00
      3    5375.262      12       0  -3.699919600000000e+07   9.412e+08   1.000e+00
      4    5839.833      13       0  -3.700410400000000e+07   4.865e+08   1.000e+00
      5    6306.134      14       0  -3.700859200000000e+07   3.975e+08   1.000e+00
      6    6773.217      15       0  -3.701173200000000e+07   4.813e+08   1.000e+00
      7    7249.415      16       0  -3.701448800000000e+07   3.894e+08   1.000e+00
      8    7716.219      17       0  -3.701570800000000e+07   2.671e+08   1.000e+00
      9    8182.414      18       0  -3.701698000000000e+07   2.510e+08   1.000e+00
     10    8648.799      19       0  -3.701855200000000e+07   2.607e+08   1.000e+00
     11    9127.951      20       0  -3.702027200000000e+07   2.220e+08   1.000e+00
     12    9596.130      21       0  -3.702121600000000e+07   1.760e+08   1.000e+00
     13   10062.288      22       0  -3.702202400000000e+07   1.603e+08   1.000e+00
     14   10528.747      23       0  -3.702315200000000e+07   1.630e+08   1.000e+00
     15   10995.684      24       0  -3.702398800000000e+07   1.523e+08   1.000e+00
     16   11461.498      25       0  -3.702460400000000e+07   1.328e+08   1.000e+00
     17   11927.804      26       0  -3.702502800000000e+07   1.280e+08   1.000e+00
     18   12394.285      27       0  -3.702547600000000e+07   1.237e+08   1.000e+00
     19   12860.853      28       0  -3.702607200000000e+07   1.241e+08   1.000e+00
     20   13327.748      29       0  -3.702645200000000e+07   1.209e+08   1.000e+00
     21   13793.922      30       0  -3.702663200000000e+07   1.055e+08   1.000e+00
     22   14260.617      31       0  -3.702685600000000e+07   1.077e+08   1.000e+00
     23   14726.830      32       0  -3.702712400000000e+07   1.140e+08   1.000e+00
     24   15193.132      33       0  -3.702732800000000e+07   1.057e+08   1.000e+00
     25   15659.765      34       0  -3.702743600000000e+07   1.034e+08   1.000e+00
     26   16126.228      35       0  -3.702754400000000e+07   1.020e+08   1.000e+00
     27   16599.854      36       0  -3.702769600000000e+07   1.053e+08   1.000e+00
     28   17066.369      37       0  -3.702785600000000e+07   1.053e+08   1.000e+00
     29   17532.950      38       0  -3.702793200000000e+07   1.024e+08   1.000e+00
     30   18014.012      39       0  -3.702797600000000e+07   9.730e+07   1.000e+00
     31   18480.552      40       0  -3.702806400000000e+07   1.026e+08   1.000e+00
     32   18946.861      41       0  -3.702818400000000e+07   1.071e+08   1.000e+00
     33   19413.019      42       0  -3.702823200000000e+07   1.007e+08   1.000e+00
     34   27408.293      60       0  -3.702823200000000e+07   1.096e+08   3.172e-06
# Termination: function reduction test satisfied
# Iter.   Time (ms)    Eval. Reject.       Obj. Func.           Grad.       Step
# ---------------------------------------------------------------------------------
      0     440.065       1       0  -3.636148800000000e+07   1.580e+09   0.000e+00
      1    4433.759      10       0  -3.639213600000000e+07   1.565e+09   1.683e-14
      2    4895.198      11       0  -3.640790400000000e+07   8.748e+08   1.000e+00
      3    5359.202      12       0  -3.641586000000000e+07   6.635e+08   1.000e+00
      4    5823.894      13       0  -3.641965200000000e+07   5.754e+08   1.000e+00
      5    6290.632      14       0  -3.642250400000000e+07   3.661e+08   1.000e+00
      6    6757.366      15       0  -3.642472000000000e+07   3.317e+08   1.000e+00
      7    7224.944      16       0  -3.642643200000000e+07   3.157e+08   1.000e+00
      8    7691.280      17       0  -3.642766800000000e+07   2.252e+08   1.000e+00
      9    8167.621      18       0  -3.642880400000000e+07   1.978e+08   1.000e+00
     10    8634.043      19       0  -3.642976000000000e+07   1.969e+08   1.000e+00
     11    9101.151      20       0  -3.643064400000000e+07   1.576e+08   1.000e+00
     12    9567.396      21       0  -3.643146000000000e+07   1.482e+08   1.000e+00
     13   10047.428      22       0  -3.643210800000000e+07   1.350e+08   1.000e+00
     14   10519.550      23       0  -3.643273200000000e+07   1.268e+08   1.000e+00
     15   10992.882      24       0  -3.643326400000000e+07   1.174e+08   1.000e+00
     16   11468.779      25       0  -3.643365600000000e+07   1.106e+08   1.000e+00
     17   11948.705      26       0  -3.643403600000000e+07   1.047e+08   1.000e+00
     18   12429.095      27       0  -3.643436000000000e+07   1.026e+08   1.000e+00
     19   12911.397      28       0  -3.643462800000000e+07   9.633e+07   1.000e+00
     20   13405.814      29       0  -3.643489200000000e+07   9.290e+07   1.000e+00
     21   13891.668      30       0  -3.643509200000000e+07   9.228e+07   1.000e+00
     22   14371.639      31       0  -3.643525600000000e+07   8.530e+07   1.000e+00
     23   14850.814      32       0  -3.643542400000000e+07   8.616e+07   1.000e+00
     24   15349.492      33       0  -3.643556800000000e+07   8.785e+07   1.000e+00
     25   15845.880      34       0  -3.643566400000000e+07   8.051e+07   1.000e+00
     26   16341.191      35       0  -3.643576000000000e+07   8.181e+07   1.000e+00
     27   16848.419      36       0  -3.643587200000000e+07   8.440e+07   1.000e+00
     28   17344.934      37       0  -3.643598400000000e+07   8.216e+07   1.000e+00
     29   17840.500      38       0  -3.643604400000000e+07   7.914e+07   1.000e+00
     30   18330.785      39       0  -3.643609600000000e+07   8.021e+07   1.000e+00
     31   18830.458      40       0  -3.643618000000000e+07   8.095e+07   1.000e+00
     32   19326.033      41       0  -3.643627600000000e+07   8.141e+07   1.000e+00
     33   19820.908      42       0  -3.643631200000000e+07   7.591e+07   1.000e+00
     34   20316.898      43       0  -3.643632000000000e+07   7.553e+07   1.000e+00
     35   20821.679      44       0  -3.643638400000000e+07   7.989e+07   1.000e+00
     36   21317.029      45       0  -3.643652000000000e+07   8.435e+07   1.000e+00
     37   21813.337      46       0  -3.643653600000000e+07   7.278e+07   1.000e+00
     38   26718.838      57       0  -3.643654000000000e+07   8.116e+07   1.561e-04
# Termination: variables change test satisfied
# Iter.   Time (ms)    Eval. Reject.       Obj. Func.           Grad.       Step
# ---------------------------------------------------------------------------------
      0     453.794       1       0  -3.050923800000000e+07   1.580e+09   0.000e+00
      1    3983.358       9       0  -3.053748000000000e+07   1.435e+09   1.532e-14
      2    4455.015      10       0  -3.055052400000000e+07   7.665e+08   1.000e+00
      3    4916.895      11       0  -3.055644000000000e+07   5.788e+08   1.000e+00
      4    5379.674      12       0  -3.055961200000000e+07   5.001e+08   1.000e+00
      5    5843.243      13       0  -3.056161200000000e+07   3.454e+08   1.000e+00
      6    6314.274      14       0  -3.056289200000000e+07   3.039e+08   1.000e+00
      7    6778.210      15       0  -3.056388400000000e+07   2.589e+08   1.000e+00
      8    7242.195      16       0  -3.056484800000000e+07   2.272e+08   1.000e+00
      9    7706.101      17       0  -3.056557800000000e+07   2.016e+08   1.000e+00
     10    8171.377      18       0  -3.056606600000000e+07   1.652e+08   1.000e+00
     11    8637.336      19       0  -3.056662400000000e+07   1.601e+08   1.000e+00
     12    9101.206      20       0  -3.056716400000000e+07   1.556e+08   1.000e+00
     13    9578.902      21       0  -3.056763800000000e+07   1.397e+08   1.000e+00
     14   10043.609      22       0  -3.056811200000000e+07   1.336e+08   1.000e+00
     15   10507.501      23       0  -3.056845800000000e+07   1.245e+08   1.000e+00
     16   10971.528      24       0  -3.056875600000000e+07   1.148e+08   1.000e+00
     17   11435.999      25       0  -3.056909200000000e+07   1.184e+08   1.000e+00
     18   11900.401      26       0  -3.056937600000000e+07   1.088e+08   1.000e+00
     19   12364.644      27       0  -3.056961600000000e+07   1.012e+08   1.000e+00
     20   12829.522      28       0  -3.056984800000000e+07   1.023e+08   1.000e+00
     21   13301.745      29       0  -3.057000600000000e+07   9.199e+07   1.000e+00
     22   13766.301      30       0  -3.057015800000000e+07   8.802e+07   1.000e+00
     23   14230.477      31       0  -3.057030800000000e+07   9.166e+07   1.000e+00
     24   14695.453      32       0  -3.057040800000000e+07   8.432e+07   1.000e+00
     25   15173.724      33       0  -3.057051600000000e+07   7.829e+07   1.000e+00
     26   15637.910      34       0  -3.057063200000000e+07   8.415e+07   1.000e+00
     27   16101.841      35       0  -3.057071000000000e+07   7.628e+07   1.000e+00
     28   16578.134      36       0  -3.057077600000000e+07   7.135e+07   1.000e+00
     29   17045.330      37       0  -3.057086000000000e+07   7.819e+07   1.000e+00
     30   17511.937      38       0  -3.057090800000000e+07   7.135e+07   1.000e+00
     31   17976.018      39       0  -3.057095000000000e+07   6.591e+07   1.000e+00
     32   18451.821      40       0  -3.057100400000000e+07   7.331e+07   1.000e+00
     33   18915.668      41       0  -3.057105400000000e+07   6.789e+07   1.000e+00
     34   19379.498      42       0  -3.057109600000000e+07   6.438e+07   1.000e+00
     35   19843.929      43       0  -3.057112200000000e+07   6.977e+07   1.000e+00
     36   20309.063      44       0  -3.057115200000000e+07   6.606e+07   1.000e+00
     37   20775.378      45       0  -3.057117800000000e+07   6.394e+07   1.000e+00
     38   21241.834      46       0  -3.057119400000000e+07   6.691e+07   1.000e+00
     39   21708.380      47       0  -3.057120800000000e+07   6.420e+07   1.000e+00
     40   22184.133      48       0  -3.057122000000000e+07   6.435e+07   1.000e+00
     41   22648.841      49       0  -3.057123800000000e+07   6.675e+07   1.000e+00
     42   23115.327      50       0  -3.057126000000000e+07   6.447e+07   1.000e+00
     43   23581.597      51       0  -3.057126800000000e+07   6.301e+07   1.000e+00
     44   24049.737      52       0  -3.057128800000000e+07   6.501e+07   1.000e+00
     45   24515.952      53       0  -3.057131000000000e+07   6.306e+07   1.000e+00
     46   24980.434      54       0  -3.057132400000000e+07   6.214e+07   1.000e+00
     47   32058.378      70       0  -3.057132400000000e+07   7.031e+07   1.219e-05
# Termination: function reduction test satisfied
# Iter.   Time (ms)    Eval. Reject.       Obj. Func.           Grad.       Step
# ---------------------------------------------------------------------------------
      0     440.356       1       0  -3.701167600000000e+07   1.580e+09   0.000e+00
      1    3962.635       9       0  -3.701201600000000e+07   2.415e+09   1.272e-14
      2    4423.307      10       0  -3.702187200000000e+07   1.678e+09   1.000e+00
      3    4885.212      11       0  -3.702385200000000e+07   1.542e+09   1.000e+00
      4    5347.462      12       0  -3.702682000000000e+07   1.317e+09   1.000e+00
      5    5812.193      13       0  -3.702896800000000e+07   1.193e+09   1.000e+00
      6    6277.651      14       0  -3.703141600000000e+07   1.581e+09   1.000e+00
      7    6742.044      15       0  -3.703225600000000e+07   1.049e+09   1.000e+00
      8    8970.853      20       0  -3.703226000000000e+07   1.141e+09   3.747e-02
      9   19125.455      43       0  -3.703226000000000e+07   1.747e+09   8.847e-09
# Termination: function reduction test satisfied
# Iter.   Time (ms)    Eval. Reject.       Obj. Func.           Grad.       Step
# ---------------------------------------------------------------------------------
      0     453.148       1       0  -3.701108800000000e+07   1.580e+09   0.000e+00
      1    3963.666       9       0  -3.701143600000000e+07   2.415e+09   1.271e-14
      2    4430.302      10       0  -3.702128000000000e+07   1.678e+09   1.000e+00
      3    4900.337      11       0  -3.702326400000000e+07   1.542e+09   1.000e+00
      4    5369.967      12       0  -3.702622800000000e+07   1.317e+09   1.000e+00
      5    5841.511      13       0  -3.702838400000000e+07   1.191e+09   1.000e+00
      6    6313.707      14       0  -3.703082000000000e+07   1.587e+09   1.000e+00
      7    6785.229      15       0  -3.703167200000000e+07   1.047e+09   1.000e+00
      8    9472.643      21       0  -3.703167600000000e+07   1.147e+09   1.908e-02
      9   18753.343      42       0  -3.703167600000000e+07   1.742e+09   6.736e-10
# Termination: function reduction test satisfied
# Iter.   Time (ms)    Eval. Reject.       Obj. Func.           Grad.       Step
# ---------------------------------------------------------------------------------
      0     450.121       1       0  -3.700523600000000e+07   1.580e+09   0.000e+00
      1    3976.723       9       0  -3.700564800000000e+07   2.411e+09   1.266e-14
      2    4446.283      10       0  -3.701543200000000e+07   1.677e+09   1.000e+00
      3    4920.472      11       0  -3.701745200000000e+07   1.539e+09   1.000e+00
      4    5395.137      12       0  -3.702038400000000e+07   1.319e+09   1.000e+00
      5    5866.689      13       0  -3.702257200000000e+07   1.158e+09   1.000e+00
      6    6338.449      14       0  -3.702476800000000e+07   1.666e+09   1.000e+00
      7    6811.654      15       0  -3.702583200000000e+07   1.044e+09   1.000e+00
      8   17012.017      38       0  -3.702583200000000e+07   1.229e+09   2.954e-08
# Termination: function reduction test satisfied
# Iter.   Time (ms)    Eval. Reject.       Obj. Func.           Grad.       Step
# ---------------------------------------------------------------------------------
      0     439.719       1       0  -3.694671600000000e+07   1.580e+09   0.000e+00
      1    3969.307       9       0  -3.694767600000000e+07   2.372e+09   1.218e-14
      2    4430.777      10       0  -3.695687600000000e+07   1.664e+09   1.000e+00
      3    4894.915      11       0  -3.695925600000000e+07   1.511e+09   1.000e+00
      4    5359.765      12       0  -3.696189600000000e+07   1.343e+09   1.000e+00
      5    5831.686      13       0  -3.696436000000000e+07   1.014e+09   1.000e+00
      6    6321.425      14       0  -3.696544400000000e+07   1.763e+09   1.000e+00
      7    6820.485      15       0  -3.696669200000000e+07   1.284e+09   1.000e+00
      8    8183.864      18       0  -3.696671200000000e+07   1.134e+09   1.333e-01
      9   17915.977      40       0  -3.696671200000000e+07   1.714e+09   4.302e-08
# Termination: function reduction test satisfied
# Iter.   Time (ms)    Eval. Reject.       Obj. Func.           Grad.       Step
# ---------------------------------------------------------------------------------
      0     444.246       1       0  -3.636148800000000e+07   1.580e+09   0.000e+00
      1    3978.949       9       0  -3.636424800000000e+07   2.222e+09   1.017e-14
      2    4456.407      10       0  -3.637133600000000e+07   1.609e+09   1.000e+00
      3    4920.475      11       0  -3.637517200000000e+07   1.378e+09   1.000e+00
      4    5385.120      12       0  -3.637644000000000e+07   1.621e+09   1.000e+00
      5    5850.791      13       0  -3.638000800000000e+07   1.055e+09   1.000e+00
      6    6318.252      14       0  -3.638110800000000e+07   1.574e+09   1.000e+00
      7    6792.199      15       0  -3.638120000000000e+07   1.207e+09   1.000e+00
      8    9031.875      20       0  -3.638120400000000e+07   1.373e+09   1.758e-02
      9   18782.313      42       0  -3.638120400000000e+07   1.813e+09   7.826e-09
# Termination: function reduction test satisfied
# Iter.   Time (ms)    Eval. Reject.       Obj. Func.           Grad.       Step
# ---------------------------------------------------------------------------------
      0     439.439       1       0  -3.050923800000000e+07   1.580e+09   0.000e+00
      1    3988.134       9       0  -3.051192400000000e+07   2.169e+09   9.144e-15
      2    4450.503      10       0  -3.051802600000000e+07   1.675e+09   1.000e+00
      3    4919.888      11       0  -3.052093600000000e+07   1.383e+09   1.000e+00
      4    5385.733      12       0  -3.052147600000000e+07   1.670e+09   1.000e+00
      5    5852.114      13       0  -3.052401200000000e+07   1.097e+09   1.000e+00
      6    6318.820      14       0  -3.052557600000000e+07   1.340e+09   1.000e+00
      7    6786.037      15       0  -3.052567200000000e+07   1.481e+09   1.000e+00
      8    8132.334      18       0  -3.052567400000000e+07   1.621e+09   1.846e-01
      9    9918.120      22       0  -3.052568000000000e+07   1.736e+09   8.054e-02
     10   10824.543      24       0  -3.052568200000000e+07   1.009e+09   4.172e-01
     11   12171.567      27       0  -3.052568400000000e+07   1.379e+09   1.057e-01
     12   18834.773      42       0  -3.052568400000000e+07   1.684e+09   8.743e-08
# Termination: function reduction test satisfied
# Iter.   Time (ms)    Eval. Reject.       Obj. Func.           Grad.       Step
# ---------------------------------------------------------------------------------
      0     439.797       1       0  -3.701167600000000e+07   1.580e+09   0.000e+00
      1   12355.492      28       0  -3.701167600000000e+07   2.378e+10   1.011e-23
# Termination: function reduction test satisfied
# Iter.   Time (ms)    Eval. Reject.       Obj. Func.           Grad.       Step
# ---------------------------------------------------------------------------------
      0     439.076       1       0  -3.701108800000000e+07   1.580e+09   0.000e+00
      1   12385.613      28       0  -3.701108800000000e+07   2.378e+10   1.011e-23
# Termination: function reduction test satisfied
# Iter.   Time (ms)    Eval. Reject.       Obj. Func.           Grad.       Step
# ---------------------------------------------------------------------------------
      0     439.558       1       0  -3.700523600000000e+07   1.580e+09   0.000e+00
      1   12370.410      28       0  -3.700523600000000e+07   2.378e+10   1.011e-23
# Termination: function reduction test satisfied
# Iter.   Time (ms)    Eval. Reject.       Obj. Func.           Grad.       Step
# ---------------------------------------------------------------------------------
      0     439.495       1       0  -3.694671600000000e+07   1.580e+09   0.000e+00
      1   12397.744      28       0  -3.694671600000000e+07   2.378e+10   1.011e-23
# Termination: function reduction test satisfied
# Iter.   Time (ms)    Eval. Reject.       Obj. Func.           Grad.       Step
# ---------------------------------------------------------------------------------
      0     440.817       1       0  -3.636148800000000e+07   1.580e+09   0.000e+00
      1   12407.480      28       0  -3.636148800000000e+07   2.378e+10   1.011e-23
# Termination: function reduction test satisfied
# Iter.   Time (ms)    Eval. Reject.       Obj. Func.           Grad.       Step
# ---------------------------------------------------------------------------------
      0     440.366       1       0  -3.050923800000000e+07   1.580e+09   0.000e+00
      1   12855.256      29       0  -3.050923800000000e+07   2.378e+10   5.056e-24
# Termination: function reduction test satisfied
