path_folder=PosixPath('/srv/storage/thoth1@storage4.grenoble.grid5000.fr/chalucas/codes/EXMILDPACO/data/real_data/DISKS_IRDIS_CHARLES/HR_4796/2015-02-03/IRDIS/data')
Not using recentered data
Not using centered data
waffle_amplitude=0.03
(2, 112, 1024, 1024)
sorting vector not found
y.shape=(2, 112, 1024, 1024)
Using all channels
path_sources='/srv/storage/thoth1@storage4.grenoble.grid5000.fr/chalucas/codes/EXMILDPACO/data/real_data/DISKS_IRDIS_CHARLES/HR_4796/2015-02-03/IRDIS/data/sources_256_northaligned.csv'
No source file found
Loading checkpoint /srv/storage/thoth1@storage4.grenoble.grid5000.fr/chalucas/codes/EXMILDPACO/checkpoints_calib_exomild/checkpoints/exomild_H2/ckpt/ckpt_40000.pt
Conserved blocks : [0, 1, 2, 3, 4, 5, 6, 7, 8, 9, 10, 11]
Conserved weights : 176 out of 176
[ExoMILD] self.use_modelco_loss=False
i=0 params={'type': 'spatial', 'name': 'p8_s1', 'repeat': 1, 'patch_size': 8, 'stride': 4, 'dilation': 1, 'temporal_length': None, 'temporal_dilation': 1, 'temporal_stride': 1, 'dim_samples': 't l', 'dim_prefeatures': 'h w', 'denoise_mean': False, 'groups': 1, 'mode_ab': 'left', 'grad_params': True, 'use_dataparallel': False, 'batch_size': None, 'low_memory_mode': False, 'symmetry': 1, 'params_pipeline': [{'type': 'linear', 'patch_wise': '${model.patch_wise}', 'size_in': 64, 'size_out': 64, 'learnable': '${model.learnable_proj}', 'is_identity': False}]}
params={'name': 'p8_s1', 'repeat': 1, 'patch_size': 8, 'stride': 4, 'dilation': 1, 'temporal_length': None, 'temporal_dilation': 1, 'temporal_stride': 1, 'dim_samples': 't l', 'dim_prefeatures': 'h w', 'denoise_mean': False, 'groups': 1, 'mode_ab': 'left', 'grad_params': True, 'use_dataparallel': False, 'batch_size': None, 'low_memory_mode': False, 'symmetry': 1, 'params_pipeline': [{'type': 'linear', 'patch_wise': '${model.patch_wise}', 'size_in': 64, 'size_out': 64, 'learnable': '${model.learnable_proj}', 'is_identity': False}]}
[SpatialTerm] self.name='p8_s1'
[SpatialTerm] self.use_dataparallel=False
[SpatialTerm] self.dilation=1
[SpatialTerm] self.denoise_mean=False
[SpatialTerm] self.stat_model='gaussian'
[SpatialTerm] self.bsp=3969
[SpatialTerm] self.symmetry=1
[LinearFeatures] self.learnable=True
[FeaturesPipeline] self.transforms=ModuleList(
  (0): LinearFeatures()
)
[Engine] self.batch_size=None
[Engine] self.low_memory_mode=False
[Engine] self.grad_params=True
[Engine] self.low_memory_mode=False
[SpatialTerm] self.device_ids=[0]
[SpatialTerm] Not using DataParallel
[SpatialPatchesHandler (8)] spatial stride: 4
[SpatialPatchesHandler (8)] spatial patch_size: 8
i=1 params={'type': 'spatial', 'name': 'p8_s2', 'repeat': 1, 'patch_size': 8, 'stride': 4, 'dilation': 1, 'temporal_length': None, 'temporal_dilation': 1, 'temporal_stride': 1, 'dim_samples': 't l', 'dim_prefeatures': 'h w', 'groups': 1, 'mode_ab': 'left', 'grad_params': True, 'use_dataparallel': False, 'batch_size': None, 'low_memory_mode': False, 'symmetry': 2, 'params_pipeline': [{'type': 'linear', 'patch_wise': '${model.patch_wise}', 'size_in': 128, 'size_out': 64, 'learnable': '${model.learnable_proj}', 'is_identity': False}]}
params={'name': 'p8_s2', 'repeat': 1, 'patch_size': 8, 'stride': 4, 'dilation': 1, 'temporal_length': None, 'temporal_dilation': 1, 'temporal_stride': 1, 'dim_samples': 't l', 'dim_prefeatures': 'h w', 'groups': 1, 'mode_ab': 'left', 'grad_params': True, 'use_dataparallel': False, 'batch_size': None, 'low_memory_mode': False, 'symmetry': 2, 'params_pipeline': [{'type': 'linear', 'patch_wise': '${model.patch_wise}', 'size_in': 128, 'size_out': 64, 'learnable': '${model.learnable_proj}', 'is_identity': False}]}
[SpatialTerm] self.name='p8_s2'
[SpatialTerm] self.use_dataparallel=False
[SpatialTerm] self.dilation=1
[SpatialTerm] self.denoise_mean=False
[SpatialTerm] self.stat_model='gaussian'
[SpatialTerm] self.bsp=3969
[SpatialTerm] self.symmetry=2
[LinearFeatures] self.learnable=True
[FeaturesPipeline] self.transforms=ModuleList(
  (0): LinearFeatures()
)
[Engine] self.batch_size=None
[Engine] self.low_memory_mode=False
[Engine] self.grad_params=True
[Engine] self.low_memory_mode=False
[SpatialTerm] self.device_ids=[0]
[SpatialTerm] Not using DataParallel
[SpatialPatchesHandler (8)] spatial stride: 4
[SpatialPatchesHandler (8)] spatial patch_size: 8
i=2 params={'type': 'spatial', 'name': 'p8_s4', 'repeat': 1, 'patch_size': 8, 'stride': 4, 'dilation': 1, 'temporal_length': None, 'temporal_dilation': 1, 'temporal_stride': 1, 'dim_samples': 't l', 'dim_prefeatures': 'h w', 'groups': 1, 'mode_ab': 'left', 'grad_params': True, 'use_dataparallel': False, 'batch_size': None, 'low_memory_mode': False, 'symmetry': 4, 'params_pipeline': [{'type': 'linear', 'patch_wise': '${model.patch_wise}', 'size_in': 256, 'size_out': 64, 'learnable': '${model.learnable_proj}', 'is_identity': False}]}
params={'name': 'p8_s4', 'repeat': 1, 'patch_size': 8, 'stride': 4, 'dilation': 1, 'temporal_length': None, 'temporal_dilation': 1, 'temporal_stride': 1, 'dim_samples': 't l', 'dim_prefeatures': 'h w', 'groups': 1, 'mode_ab': 'left', 'grad_params': True, 'use_dataparallel': False, 'batch_size': None, 'low_memory_mode': False, 'symmetry': 4, 'params_pipeline': [{'type': 'linear', 'patch_wise': '${model.patch_wise}', 'size_in': 256, 'size_out': 64, 'learnable': '${model.learnable_proj}', 'is_identity': False}]}
[SpatialTerm] self.name='p8_s4'
[SpatialTerm] self.use_dataparallel=False
[SpatialTerm] self.dilation=1
[SpatialTerm] self.denoise_mean=False
[SpatialTerm] self.stat_model='gaussian'
[SpatialTerm] self.bsp=3969
[SpatialTerm] self.symmetry=4
[LinearFeatures] self.learnable=True
[FeaturesPipeline] self.transforms=ModuleList(
  (0): LinearFeatures()
)
[Engine] self.batch_size=None
[Engine] self.low_memory_mode=False
[Engine] self.grad_params=True
[Engine] self.low_memory_mode=False
[SpatialTerm] self.device_ids=[0]
[SpatialTerm] Not using DataParallel
[SpatialPatchesHandler (8)] spatial stride: 4
[SpatialPatchesHandler (8)] spatial patch_size: 8
i=3 params={'type': 'spatial', 'name': 'p16_s1', 'repeat': 1, 'patch_size': 16, 'stride': 8, 'dilation': 1, 'temporal_length': None, 'temporal_dilation': 1, 'temporal_stride': 1, 'dim_samples': 't l', 'dim_prefeatures': 'h w', 'groups': 1, 'mode_ab': 'left', 'grad_params': True, 'use_dataparallel': False, 'batch_size': None, 'low_memory_mode': False, 'symmetry': 1, 'params_pipeline': [{'type': 'linear', 'patch_wise': '${model.patch_wise}', 'size_in': 256, 'size_out': 64, 'learnable': '${model.learnable_proj}', 'is_identity': False}]}
params={'name': 'p16_s1', 'repeat': 1, 'patch_size': 16, 'stride': 8, 'dilation': 1, 'temporal_length': None, 'temporal_dilation': 1, 'temporal_stride': 1, 'dim_samples': 't l', 'dim_prefeatures': 'h w', 'groups': 1, 'mode_ab': 'left', 'grad_params': True, 'use_dataparallel': False, 'batch_size': None, 'low_memory_mode': False, 'symmetry': 1, 'params_pipeline': [{'type': 'linear', 'patch_wise': '${model.patch_wise}', 'size_in': 256, 'size_out': 64, 'learnable': '${model.learnable_proj}', 'is_identity': False}]}
[SpatialTerm] self.name='p16_s1'
[SpatialTerm] self.use_dataparallel=False
[SpatialTerm] self.dilation=1
[SpatialTerm] self.denoise_mean=False
[SpatialTerm] self.stat_model='gaussian'
[SpatialTerm] self.bsp=961
[SpatialTerm] self.symmetry=1
[LinearFeatures] self.learnable=True
[FeaturesPipeline] self.transforms=ModuleList(
  (0): LinearFeatures()
)
[Engine] self.batch_size=None
[Engine] self.low_memory_mode=False
[Engine] self.grad_params=True
[Engine] self.low_memory_mode=False
[SpatialTerm] self.device_ids=[0]
[SpatialTerm] Not using DataParallel
[SpatialPatchesHandler (16)] spatial stride: 8
[SpatialPatchesHandler (16)] spatial patch_size: 16
i=4 params={'type': 'spatial', 'name': 'p16_s2', 'repeat': 1, 'patch_size': 16, 'stride': 8, 'dilation': 1, 'temporal_length': None, 'temporal_dilation': 1, 'temporal_stride': 1, 'dim_samples': 't l', 'dim_prefeatures': 'h w', 'groups': 1, 'mode_ab': 'left', 'grad_params': True, 'use_dataparallel': False, 'batch_size': None, 'low_memory_mode': False, 'symmetry': 2, 'params_pipeline': [{'type': 'linear', 'patch_wise': '${model.patch_wise}', 'size_in': 512, 'size_out': 64, 'learnable': '${model.learnable_proj}', 'is_identity': False}]}
params={'name': 'p16_s2', 'repeat': 1, 'patch_size': 16, 'stride': 8, 'dilation': 1, 'temporal_length': None, 'temporal_dilation': 1, 'temporal_stride': 1, 'dim_samples': 't l', 'dim_prefeatures': 'h w', 'groups': 1, 'mode_ab': 'left', 'grad_params': True, 'use_dataparallel': False, 'batch_size': None, 'low_memory_mode': False, 'symmetry': 2, 'params_pipeline': [{'type': 'linear', 'patch_wise': '${model.patch_wise}', 'size_in': 512, 'size_out': 64, 'learnable': '${model.learnable_proj}', 'is_identity': False}]}
[SpatialTerm] self.name='p16_s2'
[SpatialTerm] self.use_dataparallel=False
[SpatialTerm] self.dilation=1
[SpatialTerm] self.denoise_mean=False
[SpatialTerm] self.stat_model='gaussian'
[SpatialTerm] self.bsp=961
[SpatialTerm] self.symmetry=2
[LinearFeatures] self.learnable=True
[FeaturesPipeline] self.transforms=ModuleList(
  (0): LinearFeatures()
)
[Engine] self.batch_size=None
[Engine] self.low_memory_mode=False
[Engine] self.grad_params=True
[Engine] self.low_memory_mode=False
[SpatialTerm] self.device_ids=[0]
[SpatialTerm] Not using DataParallel
[SpatialPatchesHandler (16)] spatial stride: 8
[SpatialPatchesHandler (16)] spatial patch_size: 16
i=5 params={'type': 'spatial', 'name': 'p16_s4', 'repeat': 1, 'patch_size': 16, 'stride': 8, 'dilation': 1, 'temporal_length': None, 'temporal_dilation': 1, 'temporal_stride': 1, 'dim_samples': 't l', 'dim_prefeatures': 'h w', 'groups': 1, 'mode_ab': 'left', 'grad_params': True, 'use_dataparallel': False, 'batch_size': None, 'low_memory_mode': False, 'symmetry': 4, 'params_pipeline': [{'type': 'linear', 'patch_wise': '${model.patch_wise}', 'size_in': 1024, 'size_out': 64, 'learnable': '${model.learnable_proj}', 'is_identity': False}]}
params={'name': 'p16_s4', 'repeat': 1, 'patch_size': 16, 'stride': 8, 'dilation': 1, 'temporal_length': None, 'temporal_dilation': 1, 'temporal_stride': 1, 'dim_samples': 't l', 'dim_prefeatures': 'h w', 'groups': 1, 'mode_ab': 'left', 'grad_params': True, 'use_dataparallel': False, 'batch_size': None, 'low_memory_mode': False, 'symmetry': 4, 'params_pipeline': [{'type': 'linear', 'patch_wise': '${model.patch_wise}', 'size_in': 1024, 'size_out': 64, 'learnable': '${model.learnable_proj}', 'is_identity': False}]}
[SpatialTerm] self.name='p16_s4'
[SpatialTerm] self.use_dataparallel=False
[SpatialTerm] self.dilation=1
[SpatialTerm] self.denoise_mean=False
[SpatialTerm] self.stat_model='gaussian'
[SpatialTerm] self.bsp=961
[SpatialTerm] self.symmetry=4
[LinearFeatures] self.learnable=True
[FeaturesPipeline] self.transforms=ModuleList(
  (0): LinearFeatures()
)
[Engine] self.batch_size=None
[Engine] self.low_memory_mode=False
[Engine] self.grad_params=True
[Engine] self.low_memory_mode=False
[SpatialTerm] self.device_ids=[0]
[SpatialTerm] Not using DataParallel
[SpatialPatchesHandler (16)] spatial stride: 8
[SpatialPatchesHandler (16)] spatial patch_size: 16
i=6 params={'type': 'spatial', 'name': 'p32_s1', 'repeat': 1, 'patch_size': 32, 'stride': 16, 'dilation': 1, 'temporal_length': None, 'temporal_dilation': 1, 'temporal_stride': 1, 'dim_samples': 't l', 'dim_prefeatures': 'h w', 'groups': 1, 'mode_ab': 'left', 'grad_params': True, 'use_dataparallel': False, 'batch_size': None, 'low_memory_mode': False, 'symmetry': 1, 'params_pipeline': [{'type': 'linear', 'patch_wise': '${model.patch_wise}', 'size_in': 1024, 'size_out': 64, 'learnable': '${model.learnable_proj}', 'is_identity': False}]}
params={'name': 'p32_s1', 'repeat': 1, 'patch_size': 32, 'stride': 16, 'dilation': 1, 'temporal_length': None, 'temporal_dilation': 1, 'temporal_stride': 1, 'dim_samples': 't l', 'dim_prefeatures': 'h w', 'groups': 1, 'mode_ab': 'left', 'grad_params': True, 'use_dataparallel': False, 'batch_size': None, 'low_memory_mode': False, 'symmetry': 1, 'params_pipeline': [{'type': 'linear', 'patch_wise': '${model.patch_wise}', 'size_in': 1024, 'size_out': 64, 'learnable': '${model.learnable_proj}', 'is_identity': False}]}
[SpatialTerm] self.name='p32_s1'
[SpatialTerm] self.use_dataparallel=False
[SpatialTerm] self.dilation=1
[SpatialTerm] self.denoise_mean=False
[SpatialTerm] self.stat_model='gaussian'
[SpatialTerm] self.bsp=225
[SpatialTerm] self.symmetry=1
[LinearFeatures] self.learnable=True
[FeaturesPipeline] self.transforms=ModuleList(
  (0): LinearFeatures()
)
[Engine] self.batch_size=None
[Engine] self.low_memory_mode=False
[Engine] self.grad_params=True
[Engine] self.low_memory_mode=False
[SpatialTerm] self.device_ids=[0]
[SpatialTerm] Not using DataParallel
[SpatialPatchesHandler (32)] spatial stride: 16
[SpatialPatchesHandler (32)] spatial patch_size: 32
i=7 params={'type': 'spatial', 'name': 'p32_s2', 'repeat': 1, 'patch_size': 32, 'stride': 16, 'dilation': 1, 'temporal_length': None, 'temporal_dilation': 1, 'temporal_stride': 1, 'dim_samples': 't l', 'dim_prefeatures': 'h w', 'groups': 1, 'mode_ab': 'left', 'grad_params': True, 'use_dataparallel': False, 'batch_size': None, 'low_memory_mode': False, 'symmetry': 2, 'params_pipeline': [{'type': 'linear', 'patch_wise': '${model.patch_wise}', 'size_in': 2048, 'size_out': 64, 'learnable': '${model.learnable_proj}', 'is_identity': False}]}
params={'name': 'p32_s2', 'repeat': 1, 'patch_size': 32, 'stride': 16, 'dilation': 1, 'temporal_length': None, 'temporal_dilation': 1, 'temporal_stride': 1, 'dim_samples': 't l', 'dim_prefeatures': 'h w', 'groups': 1, 'mode_ab': 'left', 'grad_params': True, 'use_dataparallel': False, 'batch_size': None, 'low_memory_mode': False, 'symmetry': 2, 'params_pipeline': [{'type': 'linear', 'patch_wise': '${model.patch_wise}', 'size_in': 2048, 'size_out': 64, 'learnable': '${model.learnable_proj}', 'is_identity': False}]}
[SpatialTerm] self.name='p32_s2'
[SpatialTerm] self.use_dataparallel=False
[SpatialTerm] self.dilation=1
[SpatialTerm] self.denoise_mean=False
[SpatialTerm] self.stat_model='gaussian'
[SpatialTerm] self.bsp=225
[SpatialTerm] self.symmetry=2
[LinearFeatures] self.learnable=True
[FeaturesPipeline] self.transforms=ModuleList(
  (0): LinearFeatures()
)
[Engine] self.batch_size=None
[Engine] self.low_memory_mode=False
[Engine] self.grad_params=True
[Engine] self.low_memory_mode=False
[SpatialTerm] self.device_ids=[0]
[SpatialTerm] Not using DataParallel
[SpatialPatchesHandler (32)] spatial stride: 16
[SpatialPatchesHandler (32)] spatial patch_size: 32
i=8 params={'type': 'spatial', 'name': 'p32_s4', 'repeat': 1, 'patch_size': 32, 'stride': 16, 'dilation': 1, 'temporal_length': None, 'temporal_dilation': 1, 'temporal_stride': 1, 'dim_samples': 't l', 'dim_prefeatures': 'h w', 'groups': 1, 'mode_ab': 'left', 'grad_params': True, 'use_dataparallel': False, 'batch_size': None, 'low_memory_mode': False, 'symmetry': 4, 'params_pipeline': [{'type': 'linear', 'patch_wise': '${model.patch_wise}', 'size_in': 4096, 'size_out': 64, 'learnable': '${model.learnable_proj}', 'is_identity': False}]}
params={'name': 'p32_s4', 'repeat': 1, 'patch_size': 32, 'stride': 16, 'dilation': 1, 'temporal_length': None, 'temporal_dilation': 1, 'temporal_stride': 1, 'dim_samples': 't l', 'dim_prefeatures': 'h w', 'groups': 1, 'mode_ab': 'left', 'grad_params': True, 'use_dataparallel': False, 'batch_size': None, 'low_memory_mode': False, 'symmetry': 4, 'params_pipeline': [{'type': 'linear', 'patch_wise': '${model.patch_wise}', 'size_in': 4096, 'size_out': 64, 'learnable': '${model.learnable_proj}', 'is_identity': False}]}
[SpatialTerm] self.name='p32_s4'
[SpatialTerm] self.use_dataparallel=False
[SpatialTerm] self.dilation=1
[SpatialTerm] self.denoise_mean=False
[SpatialTerm] self.stat_model='gaussian'
[SpatialTerm] self.bsp=225
[SpatialTerm] self.symmetry=4
[LinearFeatures] self.learnable=True
[FeaturesPipeline] self.transforms=ModuleList(
  (0): LinearFeatures()
)
[Engine] self.batch_size=None
[Engine] self.low_memory_mode=False
[Engine] self.grad_params=True
[Engine] self.low_memory_mode=False
[SpatialTerm] self.device_ids=[0]
[SpatialTerm] Not using DataParallel
[SpatialPatchesHandler (32)] spatial stride: 16
[SpatialPatchesHandler (32)] spatial patch_size: 32
i=9 params={'type': 'spatial', 'name': 'p64_s1', 'repeat': 1, 'patch_size': 64, 'stride': 32, 'dilation': 1, 'temporal_length': None, 'temporal_dilation': 1, 'temporal_stride': 1, 'dim_samples': 't l', 'dim_prefeatures': 'h w', 'groups': 1, 'mode_ab': 'left', 'grad_params': True, 'use_dataparallel': False, 'batch_size': None, 'low_memory_mode': False, 'symmetry': 1, 'params_pipeline': [{'type': 'linear', 'patch_wise': '${model.patch_wise}', 'size_in': 4096, 'size_out': 64, 'learnable': '${model.learnable_proj}', 'is_identity': False}]}
params={'name': 'p64_s1', 'repeat': 1, 'patch_size': 64, 'stride': 32, 'dilation': 1, 'temporal_length': None, 'temporal_dilation': 1, 'temporal_stride': 1, 'dim_samples': 't l', 'dim_prefeatures': 'h w', 'groups': 1, 'mode_ab': 'left', 'grad_params': True, 'use_dataparallel': False, 'batch_size': None, 'low_memory_mode': False, 'symmetry': 1, 'params_pipeline': [{'type': 'linear', 'patch_wise': '${model.patch_wise}', 'size_in': 4096, 'size_out': 64, 'learnable': '${model.learnable_proj}', 'is_identity': False}]}
[SpatialTerm] self.name='p64_s1'
[SpatialTerm] self.use_dataparallel=False
[SpatialTerm] self.dilation=1
[SpatialTerm] self.denoise_mean=False
[SpatialTerm] self.stat_model='gaussian'
[SpatialTerm] self.bsp=49
[SpatialTerm] self.symmetry=1
[LinearFeatures] self.learnable=True
[FeaturesPipeline] self.transforms=ModuleList(
  (0): LinearFeatures()
)
[Engine] self.batch_size=None
[Engine] self.low_memory_mode=False
[Engine] self.grad_params=True
[Engine] self.low_memory_mode=False
[SpatialTerm] self.device_ids=[0]
[SpatialTerm] Not using DataParallel
[SpatialPatchesHandler (64)] spatial stride: 32
[SpatialPatchesHandler (64)] spatial patch_size: 64
i=10 params={'type': 'spatial', 'name': 'p64_s2', 'repeat': 1, 'patch_size': 64, 'stride': 32, 'dilation': 1, 'temporal_length': None, 'temporal_dilation': 1, 'temporal_stride': 1, 'dim_samples': 't l', 'dim_prefeatures': 'h w', 'groups': 1, 'mode_ab': 'left', 'grad_params': True, 'use_dataparallel': False, 'batch_size': None, 'low_memory_mode': False, 'symmetry': 2, 'params_pipeline': [{'type': 'linear', 'patch_wise': '${model.patch_wise}', 'size_in': 8192, 'size_out': 64, 'learnable': '${model.learnable_proj}', 'is_identity': False}]}
params={'name': 'p64_s2', 'repeat': 1, 'patch_size': 64, 'stride': 32, 'dilation': 1, 'temporal_length': None, 'temporal_dilation': 1, 'temporal_stride': 1, 'dim_samples': 't l', 'dim_prefeatures': 'h w', 'groups': 1, 'mode_ab': 'left', 'grad_params': True, 'use_dataparallel': False, 'batch_size': None, 'low_memory_mode': False, 'symmetry': 2, 'params_pipeline': [{'type': 'linear', 'patch_wise': '${model.patch_wise}', 'size_in': 8192, 'size_out': 64, 'learnable': '${model.learnable_proj}', 'is_identity': False}]}
[SpatialTerm] self.name='p64_s2'
[SpatialTerm] self.use_dataparallel=False
[SpatialTerm] self.dilation=1
[SpatialTerm] self.denoise_mean=False
[SpatialTerm] self.stat_model='gaussian'
[SpatialTerm] self.bsp=49
[SpatialTerm] self.symmetry=2
[LinearFeatures] self.learnable=True
[FeaturesPipeline] self.transforms=ModuleList(
  (0): LinearFeatures()
)
[Engine] self.batch_size=None
[Engine] self.low_memory_mode=False
[Engine] self.grad_params=True
[Engine] self.low_memory_mode=False
[SpatialTerm] self.device_ids=[0]
[SpatialTerm] Not using DataParallel
[SpatialPatchesHandler (64)] spatial stride: 32
[SpatialPatchesHandler (64)] spatial patch_size: 64
i=11 params={'type': 'spatial', 'name': 'p64_s2', 'repeat': 1, 'patch_size': 64, 'stride': 32, 'dilation': 1, 'temporal_length': None, 'temporal_dilation': 1, 'temporal_stride': 1, 'dim_samples': 't l', 'dim_prefeatures': 'h w', 'groups': 1, 'mode_ab': 'left', 'grad_params': True, 'use_dataparallel': False, 'batch_size': None, 'low_memory_mode': False, 'symmetry': 4, 'params_pipeline': [{'type': 'linear', 'patch_wise': '${model.patch_wise}', 'size_in': 16384, 'size_out': 64, 'learnable': '${model.learnable_proj}', 'is_identity': False}]}
params={'name': 'p64_s2', 'repeat': 1, 'patch_size': 64, 'stride': 32, 'dilation': 1, 'temporal_length': None, 'temporal_dilation': 1, 'temporal_stride': 1, 'dim_samples': 't l', 'dim_prefeatures': 'h w', 'groups': 1, 'mode_ab': 'left', 'grad_params': True, 'use_dataparallel': False, 'batch_size': None, 'low_memory_mode': False, 'symmetry': 4, 'params_pipeline': [{'type': 'linear', 'patch_wise': '${model.patch_wise}', 'size_in': 16384, 'size_out': 64, 'learnable': '${model.learnable_proj}', 'is_identity': False}]}
[SpatialTerm] self.name='p64_s2'
[SpatialTerm] self.use_dataparallel=False
[SpatialTerm] self.dilation=1
[SpatialTerm] self.denoise_mean=False
[SpatialTerm] self.stat_model='gaussian'
[SpatialTerm] self.bsp=49
[SpatialTerm] self.symmetry=4
[LinearFeatures] self.learnable=True
[FeaturesPipeline] self.transforms=ModuleList(
  (0): LinearFeatures()
)
[Engine] self.batch_size=None
[Engine] self.low_memory_mode=False
[Engine] self.grad_params=True
[Engine] self.low_memory_mode=False
[SpatialTerm] self.device_ids=[0]
[SpatialTerm] Not using DataParallel
[SpatialPatchesHandler (64)] spatial stride: 32
[SpatialPatchesHandler (64)] spatial patch_size: 64
[ExoMILD] self.G_tot=12
all_terms=[SpatialTerm(
  (engine): EngineSpatial(
    (features_pipeline): FeaturesPipeline(
      (transforms): ModuleList(
        (0): LinearFeatures()
      )
    )
    (psf_sampler_shift): BatchPSFSampler()
    (psf_sampler_center): BatchPSFSampler()
  )
  (patch_formatter): PatchFormatter()
  (wavelength_aligner): WavelengthAligner()
), SpatialTerm(
  (engine): EngineSpatial(
    (features_pipeline): FeaturesPipeline(
      (transforms): ModuleList(
        (0): LinearFeatures()
      )
    )
    (psf_sampler_shift): BatchPSFSampler()
    (psf_sampler_center): BatchPSFSampler()
  )
  (patch_formatter): PatchFormatter()
  (wavelength_aligner): WavelengthAligner()
), SpatialTerm(
  (engine): EngineSpatial(
    (features_pipeline): FeaturesPipeline(
      (transforms): ModuleList(
        (0): LinearFeatures()
      )
    )
    (psf_sampler_shift): BatchPSFSampler()
    (psf_sampler_center): BatchPSFSampler()
  )
  (patch_formatter): PatchFormatter()
  (wavelength_aligner): WavelengthAligner()
), SpatialTerm(
  (engine): EngineSpatial(
    (features_pipeline): FeaturesPipeline(
      (transforms): ModuleList(
        (0): LinearFeatures()
      )
    )
    (psf_sampler_shift): BatchPSFSampler()
    (psf_sampler_center): BatchPSFSampler()
  )
  (patch_formatter): PatchFormatter()
  (wavelength_aligner): WavelengthAligner()
), SpatialTerm(
  (engine): EngineSpatial(
    (features_pipeline): FeaturesPipeline(
      (transforms): ModuleList(
        (0): LinearFeatures()
      )
    )
    (psf_sampler_shift): BatchPSFSampler()
    (psf_sampler_center): BatchPSFSampler()
  )
  (patch_formatter): PatchFormatter()
  (wavelength_aligner): WavelengthAligner()
), SpatialTerm(
  (engine): EngineSpatial(
    (features_pipeline): FeaturesPipeline(
      (transforms): ModuleList(
        (0): LinearFeatures()
      )
    )
    (psf_sampler_shift): BatchPSFSampler()
    (psf_sampler_center): BatchPSFSampler()
  )
  (patch_formatter): PatchFormatter()
  (wavelength_aligner): WavelengthAligner()
), SpatialTerm(
  (engine): EngineSpatial(
    (features_pipeline): FeaturesPipeline(
      (transforms): ModuleList(
        (0): LinearFeatures()
      )
    )
    (psf_sampler_shift): BatchPSFSampler()
    (psf_sampler_center): BatchPSFSampler()
  )
  (patch_formatter): PatchFormatter()
  (wavelength_aligner): WavelengthAligner()
), SpatialTerm(
  (engine): EngineSpatial(
    (features_pipeline): FeaturesPipeline(
      (transforms): ModuleList(
        (0): LinearFeatures()
      )
    )
    (psf_sampler_shift): BatchPSFSampler()
    (psf_sampler_center): BatchPSFSampler()
  )
  (patch_formatter): PatchFormatter()
  (wavelength_aligner): WavelengthAligner()
), SpatialTerm(
  (engine): EngineSpatial(
    (features_pipeline): FeaturesPipeline(
      (transforms): ModuleList(
        (0): LinearFeatures()
      )
    )
    (psf_sampler_shift): BatchPSFSampler()
    (psf_sampler_center): BatchPSFSampler()
  )
  (patch_formatter): PatchFormatter()
  (wavelength_aligner): WavelengthAligner()
), SpatialTerm(
  (engine): EngineSpatial(
    (features_pipeline): FeaturesPipeline(
      (transforms): ModuleList(
        (0): LinearFeatures()
      )
    )
    (psf_sampler_shift): BatchPSFSampler()
    (psf_sampler_center): BatchPSFSampler()
  )
  (patch_formatter): PatchFormatter()
  (wavelength_aligner): WavelengthAligner()
), SpatialTerm(
  (engine): EngineSpatial(
    (features_pipeline): FeaturesPipeline(
      (transforms): ModuleList(
        (0): LinearFeatures()
      )
    )
    (psf_sampler_shift): BatchPSFSampler()
    (psf_sampler_center): BatchPSFSampler()
  )
  (patch_formatter): PatchFormatter()
  (wavelength_aligner): WavelengthAligner()
), SpatialTerm(
  (engine): EngineSpatial(
    (features_pipeline): FeaturesPipeline(
      (transforms): ModuleList(
        (0): LinearFeatures()
      )
    )
    (psf_sampler_shift): BatchPSFSampler()
    (psf_sampler_center): BatchPSFSampler()
  )
  (patch_formatter): PatchFormatter()
  (wavelength_aligner): WavelengthAligner()
)]
[ExoMILD] self.learnable_weights=True
[ExoMILD] self.pixel_wise_weights=True
[ExoMILD] self.use_local_max=False
[ExoMILD] self.n_sources_max=16
[ExoMILD] self.iterative=False
[ExoMILD] self.oracle=False
[Filter] self.is_residual=False
[Filter] self.gate_type='unet_normal'
[U-Net] self.skip_norm=False
[UNet] False
[ExoMILD] linalg_library='cusolver'
[ExoMILD] self.grad_iterative=True
[ExoMILD] self.grad_astrometry=False
N params model: 3.783 M
ExoMILD(
  (all_terms): ModuleList(
    (0-11): 12 x SpatialTerm(
      (engine): EngineSpatial(
        (features_pipeline): FeaturesPipeline(
          (transforms): ModuleList(
            (0): LinearFeatures()
          )
        )
        (psf_sampler_shift): BatchPSFSampler()
        (psf_sampler_center): BatchPSFSampler()
      )
      (patch_formatter): PatchFormatter()
      (wavelength_aligner): WavelengthAligner()
    )
  )
  (filter): Filter(
    (psf_sampler_center): BatchPSFSampler()
    (unet): UNet(
      (image_proj): Conv2d(2, 16, kernel_size=(3, 3), stride=(1, 1), padding=(1, 1))
      (time_emb): TimeEmbedding(
        (lin1): Linear(in_features=16, out_features=64, bias=True)
        (act): Swish()
        (lin2): Linear(in_features=64, out_features=64, bias=True)
      )
      (down): ModuleList(
        (0): DownBlock(
          (res): ResidualBlock(
            (norm1): GroupNorm(16, 16, eps=1e-05, affine=True)
            (norm2): GroupNorm(16, 16, eps=1e-05, affine=True)
            (act1): Swish()
            (conv1): Conv2d(16, 16, kernel_size=(3, 3), stride=(1, 1), padding=(1, 1))
            (act2): Swish()
            (conv2): Conv2d(16, 16, kernel_size=(3, 3), stride=(1, 1), padding=(1, 1))
            (shortcut): Identity()
            (time_emb): Linear(in_features=64, out_features=16, bias=True)
            (time_act): Swish()
            (dropout): Dropout(p=0.1, inplace=False)
          )
          (attn): Identity()
        )
        (1): Downsample(
          (conv): Conv2d(16, 16, kernel_size=(3, 3), stride=(2, 2), padding=(1, 1))
        )
        (2): DownBlock(
          (res): ResidualBlock(
            (norm1): GroupNorm(16, 16, eps=1e-05, affine=True)
            (norm2): GroupNorm(16, 32, eps=1e-05, affine=True)
            (act1): Swish()
            (conv1): Conv2d(16, 32, kernel_size=(3, 3), stride=(1, 1), padding=(1, 1))
            (act2): Swish()
            (conv2): Conv2d(32, 32, kernel_size=(3, 3), stride=(1, 1), padding=(1, 1))
            (shortcut): Conv2d(16, 32, kernel_size=(1, 1), stride=(1, 1))
            (time_emb): Linear(in_features=64, out_features=32, bias=True)
            (time_act): Swish()
            (dropout): Dropout(p=0.1, inplace=False)
          )
          (attn): Identity()
        )
        (3): Downsample(
          (conv): Conv2d(32, 32, kernel_size=(3, 3), stride=(2, 2), padding=(1, 1))
        )
        (4): DownBlock(
          (res): ResidualBlock(
            (norm1): GroupNorm(16, 32, eps=1e-05, affine=True)
            (norm2): GroupNorm(16, 64, eps=1e-05, affine=True)
            (act1): Swish()
            (conv1): Conv2d(32, 64, kernel_size=(3, 3), stride=(1, 1), padding=(1, 1))
            (act2): Swish()
            (conv2): Conv2d(64, 64, kernel_size=(3, 3), stride=(1, 1), padding=(1, 1))
            (shortcut): Conv2d(32, 64, kernel_size=(1, 1), stride=(1, 1))
            (time_emb): Linear(in_features=64, out_features=64, bias=True)
            (time_act): Swish()
            (dropout): Dropout(p=0.1, inplace=False)
          )
          (attn): AttentionBlock(
            (norm): GroupNorm(16, 64, eps=1e-05, affine=True)
            (projection): Linear(in_features=64, out_features=192, bias=True)
            (output): Linear(in_features=64, out_features=64, bias=True)
          )
        )
      )
      (middle): MiddleBlock(
        (res1): ResidualBlock(
          (norm1): GroupNorm(16, 64, eps=1e-05, affine=True)
          (norm2): GroupNorm(16, 64, eps=1e-05, affine=True)
          (act1): Swish()
          (conv1): Conv2d(64, 64, kernel_size=(3, 3), stride=(1, 1), padding=(1, 1))
          (act2): Swish()
          (conv2): Conv2d(64, 64, kernel_size=(3, 3), stride=(1, 1), padding=(1, 1))
          (shortcut): Identity()
          (time_emb): Linear(in_features=64, out_features=64, bias=True)
          (time_act): Swish()
          (dropout): Dropout(p=0.1, inplace=False)
        )
        (attn): AttentionBlock(
          (norm): GroupNorm(16, 64, eps=1e-05, affine=True)
          (projection): Linear(in_features=64, out_features=192, bias=True)
          (output): Linear(in_features=64, out_features=64, bias=True)
        )
        (res2): ResidualBlock(
          (norm1): GroupNorm(16, 64, eps=1e-05, affine=True)
          (norm2): GroupNorm(16, 64, eps=1e-05, affine=True)
          (act1): Swish()
          (conv1): Conv2d(64, 64, kernel_size=(3, 3), stride=(1, 1), padding=(1, 1))
          (act2): Swish()
          (conv2): Conv2d(64, 64, kernel_size=(3, 3), stride=(1, 1), padding=(1, 1))
          (shortcut): Identity()
          (time_emb): Linear(in_features=64, out_features=64, bias=True)
          (time_act): Swish()
          (dropout): Dropout(p=0.1, inplace=False)
        )
      )
      (up): ModuleList(
        (0): UpBlock(
          (res): ResidualBlock(
            (norm1): GroupNorm(16, 128, eps=1e-05, affine=True)
            (norm2): GroupNorm(16, 64, eps=1e-05, affine=True)
            (act1): Swish()
            (conv1): Conv2d(128, 64, kernel_size=(3, 3), stride=(1, 1), padding=(1, 1))
            (act2): Swish()
            (conv2): Conv2d(64, 64, kernel_size=(3, 3), stride=(1, 1), padding=(1, 1))
            (shortcut): Conv2d(128, 64, kernel_size=(1, 1), stride=(1, 1))
            (time_emb): Linear(in_features=64, out_features=64, bias=True)
            (time_act): Swish()
            (dropout): Dropout(p=0.1, inplace=False)
          )
          (attn): AttentionBlock(
            (norm): GroupNorm(16, 64, eps=1e-05, affine=True)
            (projection): Linear(in_features=64, out_features=192, bias=True)
            (output): Linear(in_features=64, out_features=64, bias=True)
          )
        )
        (1): UpBlock(
          (res): ResidualBlock(
            (norm1): GroupNorm(16, 96, eps=1e-05, affine=True)
            (norm2): GroupNorm(16, 32, eps=1e-05, affine=True)
            (act1): Swish()
            (conv1): Conv2d(96, 32, kernel_size=(3, 3), stride=(1, 1), padding=(1, 1))
            (act2): Swish()
            (conv2): Conv2d(32, 32, kernel_size=(3, 3), stride=(1, 1), padding=(1, 1))
            (shortcut): Conv2d(96, 32, kernel_size=(1, 1), stride=(1, 1))
            (time_emb): Linear(in_features=64, out_features=32, bias=True)
            (time_act): Swish()
            (dropout): Dropout(p=0.1, inplace=False)
          )
          (attn): AttentionBlock(
            (norm): GroupNorm(16, 32, eps=1e-05, affine=True)
            (projection): Linear(in_features=32, out_features=96, bias=True)
            (output): Linear(in_features=32, out_features=32, bias=True)
          )
        )
        (2): Upsample(
          (conv): ConvTranspose2d(32, 32, kernel_size=(4, 4), stride=(2, 2), padding=(1, 1))
        )
        (3): UpBlock(
          (res): ResidualBlock(
            (norm1): GroupNorm(16, 64, eps=1e-05, affine=True)
            (norm2): GroupNorm(16, 32, eps=1e-05, affine=True)
            (act1): Swish()
            (conv1): Conv2d(64, 32, kernel_size=(3, 3), stride=(1, 1), padding=(1, 1))
            (act2): Swish()
            (conv2): Conv2d(32, 32, kernel_size=(3, 3), stride=(1, 1), padding=(1, 1))
            (shortcut): Conv2d(64, 32, kernel_size=(1, 1), stride=(1, 1))
            (time_emb): Linear(in_features=64, out_features=32, bias=True)
            (time_act): Swish()
            (dropout): Dropout(p=0.1, inplace=False)
          )
          (attn): Identity()
        )
        (4): UpBlock(
          (res): ResidualBlock(
            (norm1): GroupNorm(16, 48, eps=1e-05, affine=True)
            (norm2): GroupNorm(16, 16, eps=1e-05, affine=True)
            (act1): Swish()
            (conv1): Conv2d(48, 16, kernel_size=(3, 3), stride=(1, 1), padding=(1, 1))
            (act2): Swish()
            (conv2): Conv2d(16, 16, kernel_size=(3, 3), stride=(1, 1), padding=(1, 1))
            (shortcut): Conv2d(48, 16, kernel_size=(1, 1), stride=(1, 1))
            (time_emb): Linear(in_features=64, out_features=16, bias=True)
            (time_act): Swish()
            (dropout): Dropout(p=0.1, inplace=False)
          )
          (attn): Identity()
        )
        (5): Upsample(
          (conv): ConvTranspose2d(16, 16, kernel_size=(4, 4), stride=(2, 2), padding=(1, 1))
        )
        (6-7): 2 x UpBlock(
          (res): ResidualBlock(
            (norm1): GroupNorm(16, 32, eps=1e-05, affine=True)
            (norm2): GroupNorm(16, 16, eps=1e-05, affine=True)
            (act1): Swish()
            (conv1): Conv2d(32, 16, kernel_size=(3, 3), stride=(1, 1), padding=(1, 1))
            (act2): Swish()
            (conv2): Conv2d(16, 16, kernel_size=(3, 3), stride=(1, 1), padding=(1, 1))
            (shortcut): Conv2d(32, 16, kernel_size=(1, 1), stride=(1, 1))
            (time_emb): Linear(in_features=64, out_features=16, bias=True)
            (time_act): Swish()
            (dropout): Dropout(p=0.1, inplace=False)
          )
          (attn): Identity()
        )
      )
      (norm): GroupNorm(8, 16, eps=1e-05, affine=True)
      (act): Swish()
      (final): Conv2d(16, 2, kernel_size=(3, 3), stride=(1, 1), padding=(1, 1))
    )
  )
  (psf_sampler_center): BatchPSFSampler()
  (injector): Injector(
    (psf_sampler_shift): BatchPSFSampler()
  )
  (local_masker): LocalMasker()
)
[ExoMILD] self.use_modelco_loss=False
i=0 params={'type': 'spatial', 'name': 'p8_s1', 'repeat': 1, 'patch_size': 8, 'stride': 4, 'dilation': 1, 'temporal_length': None, 'temporal_dilation': 1, 'temporal_stride': 1, 'dim_samples': 't l', 'dim_prefeatures': 'h w', 'denoise_mean': False, 'groups': 1, 'mode_ab': 'left', 'grad_params': True, 'use_dataparallel': False, 'batch_size': None, 'low_memory_mode': False, 'symmetry': 1, 'params_pipeline': [{'type': 'linear', 'patch_wise': '${model.patch_wise}', 'size_in': 64, 'size_out': 64, 'learnable': '${model.learnable_proj}', 'is_identity': False}]}
params={'name': 'p8_s1', 'repeat': 1, 'patch_size': 8, 'stride': 4, 'dilation': 1, 'temporal_length': None, 'temporal_dilation': 1, 'temporal_stride': 1, 'dim_samples': 't l', 'dim_prefeatures': 'h w', 'denoise_mean': False, 'groups': 1, 'mode_ab': 'left', 'grad_params': True, 'use_dataparallel': False, 'batch_size': None, 'low_memory_mode': False, 'symmetry': 1, 'params_pipeline': [{'type': 'linear', 'patch_wise': '${model.patch_wise}', 'size_in': 64, 'size_out': 64, 'learnable': '${model.learnable_proj}', 'is_identity': False}]}
[SpatialTerm] self.name='p8_s1'
[SpatialTerm] self.use_dataparallel=False
[SpatialTerm] self.dilation=1
[SpatialTerm] self.denoise_mean=False
[SpatialTerm] self.stat_model='gaussian'
[SpatialTerm] self.bsp=3969
[SpatialTerm] self.symmetry=1
[LinearFeatures] self.learnable=True
[FeaturesPipeline] self.transforms=ModuleList(
  (0): LinearFeatures()
)
[Engine] self.batch_size=None
[Engine] self.low_memory_mode=False
[Engine] self.grad_params=True
[Engine] self.low_memory_mode=False
[SpatialTerm] self.device_ids=[0]
[SpatialTerm] Not using DataParallel
[SpatialPatchesHandler (8)] spatial stride: 4
[SpatialPatchesHandler (8)] spatial patch_size: 8
i=1 params={'type': 'spatial', 'name': 'p8_s2', 'repeat': 1, 'patch_size': 8, 'stride': 4, 'dilation': 1, 'temporal_length': None, 'temporal_dilation': 1, 'temporal_stride': 1, 'dim_samples': 't l', 'dim_prefeatures': 'h w', 'groups': 1, 'mode_ab': 'left', 'grad_params': True, 'use_dataparallel': False, 'batch_size': None, 'low_memory_mode': False, 'symmetry': 2, 'params_pipeline': [{'type': 'linear', 'patch_wise': '${model.patch_wise}', 'size_in': 128, 'size_out': 64, 'learnable': '${model.learnable_proj}', 'is_identity': False}]}
params={'name': 'p8_s2', 'repeat': 1, 'patch_size': 8, 'stride': 4, 'dilation': 1, 'temporal_length': None, 'temporal_dilation': 1, 'temporal_stride': 1, 'dim_samples': 't l', 'dim_prefeatures': 'h w', 'groups': 1, 'mode_ab': 'left', 'grad_params': True, 'use_dataparallel': False, 'batch_size': None, 'low_memory_mode': False, 'symmetry': 2, 'params_pipeline': [{'type': 'linear', 'patch_wise': '${model.patch_wise}', 'size_in': 128, 'size_out': 64, 'learnable': '${model.learnable_proj}', 'is_identity': False}]}
[SpatialTerm] self.name='p8_s2'
[SpatialTerm] self.use_dataparallel=False
[SpatialTerm] self.dilation=1
[SpatialTerm] self.denoise_mean=False
[SpatialTerm] self.stat_model='gaussian'
[SpatialTerm] self.bsp=3969
[SpatialTerm] self.symmetry=2
[LinearFeatures] self.learnable=True
[FeaturesPipeline] self.transforms=ModuleList(
  (0): LinearFeatures()
)
[Engine] self.batch_size=None
[Engine] self.low_memory_mode=False
[Engine] self.grad_params=True
[Engine] self.low_memory_mode=False
[SpatialTerm] self.device_ids=[0]
[SpatialTerm] Not using DataParallel
[SpatialPatchesHandler (8)] spatial stride: 4
[SpatialPatchesHandler (8)] spatial patch_size: 8
i=2 params={'type': 'spatial', 'name': 'p8_s4', 'repeat': 1, 'patch_size': 8, 'stride': 4, 'dilation': 1, 'temporal_length': None, 'temporal_dilation': 1, 'temporal_stride': 1, 'dim_samples': 't l', 'dim_prefeatures': 'h w', 'groups': 1, 'mode_ab': 'left', 'grad_params': True, 'use_dataparallel': False, 'batch_size': None, 'low_memory_mode': False, 'symmetry': 4, 'params_pipeline': [{'type': 'linear', 'patch_wise': '${model.patch_wise}', 'size_in': 256, 'size_out': 64, 'learnable': '${model.learnable_proj}', 'is_identity': False}]}
params={'name': 'p8_s4', 'repeat': 1, 'patch_size': 8, 'stride': 4, 'dilation': 1, 'temporal_length': None, 'temporal_dilation': 1, 'temporal_stride': 1, 'dim_samples': 't l', 'dim_prefeatures': 'h w', 'groups': 1, 'mode_ab': 'left', 'grad_params': True, 'use_dataparallel': False, 'batch_size': None, 'low_memory_mode': False, 'symmetry': 4, 'params_pipeline': [{'type': 'linear', 'patch_wise': '${model.patch_wise}', 'size_in': 256, 'size_out': 64, 'learnable': '${model.learnable_proj}', 'is_identity': False}]}
[SpatialTerm] self.name='p8_s4'
[SpatialTerm] self.use_dataparallel=False
[SpatialTerm] self.dilation=1
[SpatialTerm] self.denoise_mean=False
[SpatialTerm] self.stat_model='gaussian'
[SpatialTerm] self.bsp=3969
[SpatialTerm] self.symmetry=4
[LinearFeatures] self.learnable=True
[FeaturesPipeline] self.transforms=ModuleList(
  (0): LinearFeatures()
)
[Engine] self.batch_size=None
[Engine] self.low_memory_mode=False
[Engine] self.grad_params=True
[Engine] self.low_memory_mode=False
[SpatialTerm] self.device_ids=[0]
[SpatialTerm] Not using DataParallel
[SpatialPatchesHandler (8)] spatial stride: 4
[SpatialPatchesHandler (8)] spatial patch_size: 8
i=3 params={'type': 'spatial', 'name': 'p16_s1', 'repeat': 1, 'patch_size': 16, 'stride': 8, 'dilation': 1, 'temporal_length': None, 'temporal_dilation': 1, 'temporal_stride': 1, 'dim_samples': 't l', 'dim_prefeatures': 'h w', 'groups': 1, 'mode_ab': 'left', 'grad_params': True, 'use_dataparallel': False, 'batch_size': None, 'low_memory_mode': False, 'symmetry': 1, 'params_pipeline': [{'type': 'linear', 'patch_wise': '${model.patch_wise}', 'size_in': 256, 'size_out': 64, 'learnable': '${model.learnable_proj}', 'is_identity': False}]}
params={'name': 'p16_s1', 'repeat': 1, 'patch_size': 16, 'stride': 8, 'dilation': 1, 'temporal_length': None, 'temporal_dilation': 1, 'temporal_stride': 1, 'dim_samples': 't l', 'dim_prefeatures': 'h w', 'groups': 1, 'mode_ab': 'left', 'grad_params': True, 'use_dataparallel': False, 'batch_size': None, 'low_memory_mode': False, 'symmetry': 1, 'params_pipeline': [{'type': 'linear', 'patch_wise': '${model.patch_wise}', 'size_in': 256, 'size_out': 64, 'learnable': '${model.learnable_proj}', 'is_identity': False}]}
[SpatialTerm] self.name='p16_s1'
[SpatialTerm] self.use_dataparallel=False
[SpatialTerm] self.dilation=1
[SpatialTerm] self.denoise_mean=False
[SpatialTerm] self.stat_model='gaussian'
[SpatialTerm] self.bsp=961
[SpatialTerm] self.symmetry=1
[LinearFeatures] self.learnable=True
[FeaturesPipeline] self.transforms=ModuleList(
  (0): LinearFeatures()
)
[Engine] self.batch_size=None
[Engine] self.low_memory_mode=False
[Engine] self.grad_params=True
[Engine] self.low_memory_mode=False
[SpatialTerm] self.device_ids=[0]
[SpatialTerm] Not using DataParallel
[SpatialPatchesHandler (16)] spatial stride: 8
[SpatialPatchesHandler (16)] spatial patch_size: 16
i=4 params={'type': 'spatial', 'name': 'p16_s2', 'repeat': 1, 'patch_size': 16, 'stride': 8, 'dilation': 1, 'temporal_length': None, 'temporal_dilation': 1, 'temporal_stride': 1, 'dim_samples': 't l', 'dim_prefeatures': 'h w', 'groups': 1, 'mode_ab': 'left', 'grad_params': True, 'use_dataparallel': False, 'batch_size': None, 'low_memory_mode': False, 'symmetry': 2, 'params_pipeline': [{'type': 'linear', 'patch_wise': '${model.patch_wise}', 'size_in': 512, 'size_out': 64, 'learnable': '${model.learnable_proj}', 'is_identity': False}]}
params={'name': 'p16_s2', 'repeat': 1, 'patch_size': 16, 'stride': 8, 'dilation': 1, 'temporal_length': None, 'temporal_dilation': 1, 'temporal_stride': 1, 'dim_samples': 't l', 'dim_prefeatures': 'h w', 'groups': 1, 'mode_ab': 'left', 'grad_params': True, 'use_dataparallel': False, 'batch_size': None, 'low_memory_mode': False, 'symmetry': 2, 'params_pipeline': [{'type': 'linear', 'patch_wise': '${model.patch_wise}', 'size_in': 512, 'size_out': 64, 'learnable': '${model.learnable_proj}', 'is_identity': False}]}
[SpatialTerm] self.name='p16_s2'
[SpatialTerm] self.use_dataparallel=False
[SpatialTerm] self.dilation=1
[SpatialTerm] self.denoise_mean=False
[SpatialTerm] self.stat_model='gaussian'
[SpatialTerm] self.bsp=961
[SpatialTerm] self.symmetry=2
[LinearFeatures] self.learnable=True
[FeaturesPipeline] self.transforms=ModuleList(
  (0): LinearFeatures()
)
[Engine] self.batch_size=None
[Engine] self.low_memory_mode=False
[Engine] self.grad_params=True
[Engine] self.low_memory_mode=False
[SpatialTerm] self.device_ids=[0]
[SpatialTerm] Not using DataParallel
[SpatialPatchesHandler (16)] spatial stride: 8
[SpatialPatchesHandler (16)] spatial patch_size: 16
i=5 params={'type': 'spatial', 'name': 'p16_s4', 'repeat': 1, 'patch_size': 16, 'stride': 8, 'dilation': 1, 'temporal_length': None, 'temporal_dilation': 1, 'temporal_stride': 1, 'dim_samples': 't l', 'dim_prefeatures': 'h w', 'groups': 1, 'mode_ab': 'left', 'grad_params': True, 'use_dataparallel': False, 'batch_size': None, 'low_memory_mode': False, 'symmetry': 4, 'params_pipeline': [{'type': 'linear', 'patch_wise': '${model.patch_wise}', 'size_in': 1024, 'size_out': 64, 'learnable': '${model.learnable_proj}', 'is_identity': False}]}
params={'name': 'p16_s4', 'repeat': 1, 'patch_size': 16, 'stride': 8, 'dilation': 1, 'temporal_length': None, 'temporal_dilation': 1, 'temporal_stride': 1, 'dim_samples': 't l', 'dim_prefeatures': 'h w', 'groups': 1, 'mode_ab': 'left', 'grad_params': True, 'use_dataparallel': False, 'batch_size': None, 'low_memory_mode': False, 'symmetry': 4, 'params_pipeline': [{'type': 'linear', 'patch_wise': '${model.patch_wise}', 'size_in': 1024, 'size_out': 64, 'learnable': '${model.learnable_proj}', 'is_identity': False}]}
[SpatialTerm] self.name='p16_s4'
[SpatialTerm] self.use_dataparallel=False
[SpatialTerm] self.dilation=1
[SpatialTerm] self.denoise_mean=False
[SpatialTerm] self.stat_model='gaussian'
[SpatialTerm] self.bsp=961
[SpatialTerm] self.symmetry=4
[LinearFeatures] self.learnable=True
[FeaturesPipeline] self.transforms=ModuleList(
  (0): LinearFeatures()
)
[Engine] self.batch_size=None
[Engine] self.low_memory_mode=False
[Engine] self.grad_params=True
[Engine] self.low_memory_mode=False
[SpatialTerm] self.device_ids=[0]
[SpatialTerm] Not using DataParallel
[SpatialPatchesHandler (16)] spatial stride: 8
[SpatialPatchesHandler (16)] spatial patch_size: 16
i=6 params={'type': 'spatial', 'name': 'p32_s1', 'repeat': 1, 'patch_size': 32, 'stride': 16, 'dilation': 1, 'temporal_length': None, 'temporal_dilation': 1, 'temporal_stride': 1, 'dim_samples': 't l', 'dim_prefeatures': 'h w', 'groups': 1, 'mode_ab': 'left', 'grad_params': True, 'use_dataparallel': False, 'batch_size': None, 'low_memory_mode': False, 'symmetry': 1, 'params_pipeline': [{'type': 'linear', 'patch_wise': '${model.patch_wise}', 'size_in': 1024, 'size_out': 64, 'learnable': '${model.learnable_proj}', 'is_identity': False}]}
params={'name': 'p32_s1', 'repeat': 1, 'patch_size': 32, 'stride': 16, 'dilation': 1, 'temporal_length': None, 'temporal_dilation': 1, 'temporal_stride': 1, 'dim_samples': 't l', 'dim_prefeatures': 'h w', 'groups': 1, 'mode_ab': 'left', 'grad_params': True, 'use_dataparallel': False, 'batch_size': None, 'low_memory_mode': False, 'symmetry': 1, 'params_pipeline': [{'type': 'linear', 'patch_wise': '${model.patch_wise}', 'size_in': 1024, 'size_out': 64, 'learnable': '${model.learnable_proj}', 'is_identity': False}]}
[SpatialTerm] self.name='p32_s1'
[SpatialTerm] self.use_dataparallel=False
[SpatialTerm] self.dilation=1
[SpatialTerm] self.denoise_mean=False
[SpatialTerm] self.stat_model='gaussian'
[SpatialTerm] self.bsp=225
[SpatialTerm] self.symmetry=1
[LinearFeatures] self.learnable=True
[FeaturesPipeline] self.transforms=ModuleList(
  (0): LinearFeatures()
)
[Engine] self.batch_size=None
[Engine] self.low_memory_mode=False
[Engine] self.grad_params=True
[Engine] self.low_memory_mode=False
[SpatialTerm] self.device_ids=[0]
[SpatialTerm] Not using DataParallel
[SpatialPatchesHandler (32)] spatial stride: 16
[SpatialPatchesHandler (32)] spatial patch_size: 32
i=7 params={'type': 'spatial', 'name': 'p32_s2', 'repeat': 1, 'patch_size': 32, 'stride': 16, 'dilation': 1, 'temporal_length': None, 'temporal_dilation': 1, 'temporal_stride': 1, 'dim_samples': 't l', 'dim_prefeatures': 'h w', 'groups': 1, 'mode_ab': 'left', 'grad_params': True, 'use_dataparallel': False, 'batch_size': None, 'low_memory_mode': False, 'symmetry': 2, 'params_pipeline': [{'type': 'linear', 'patch_wise': '${model.patch_wise}', 'size_in': 2048, 'size_out': 64, 'learnable': '${model.learnable_proj}', 'is_identity': False}]}
params={'name': 'p32_s2', 'repeat': 1, 'patch_size': 32, 'stride': 16, 'dilation': 1, 'temporal_length': None, 'temporal_dilation': 1, 'temporal_stride': 1, 'dim_samples': 't l', 'dim_prefeatures': 'h w', 'groups': 1, 'mode_ab': 'left', 'grad_params': True, 'use_dataparallel': False, 'batch_size': None, 'low_memory_mode': False, 'symmetry': 2, 'params_pipeline': [{'type': 'linear', 'patch_wise': '${model.patch_wise}', 'size_in': 2048, 'size_out': 64, 'learnable': '${model.learnable_proj}', 'is_identity': False}]}
[SpatialTerm] self.name='p32_s2'
[SpatialTerm] self.use_dataparallel=False
[SpatialTerm] self.dilation=1
[SpatialTerm] self.denoise_mean=False
[SpatialTerm] self.stat_model='gaussian'
[SpatialTerm] self.bsp=225
[SpatialTerm] self.symmetry=2
[LinearFeatures] self.learnable=True
[FeaturesPipeline] self.transforms=ModuleList(
  (0): LinearFeatures()
)
[Engine] self.batch_size=None
[Engine] self.low_memory_mode=False
[Engine] self.grad_params=True
[Engine] self.low_memory_mode=False
[SpatialTerm] self.device_ids=[0]
[SpatialTerm] Not using DataParallel
[SpatialPatchesHandler (32)] spatial stride: 16
[SpatialPatchesHandler (32)] spatial patch_size: 32
i=8 params={'type': 'spatial', 'name': 'p32_s4', 'repeat': 1, 'patch_size': 32, 'stride': 16, 'dilation': 1, 'temporal_length': None, 'temporal_dilation': 1, 'temporal_stride': 1, 'dim_samples': 't l', 'dim_prefeatures': 'h w', 'groups': 1, 'mode_ab': 'left', 'grad_params': True, 'use_dataparallel': False, 'batch_size': None, 'low_memory_mode': False, 'symmetry': 4, 'params_pipeline': [{'type': 'linear', 'patch_wise': '${model.patch_wise}', 'size_in': 4096, 'size_out': 64, 'learnable': '${model.learnable_proj}', 'is_identity': False}]}
params={'name': 'p32_s4', 'repeat': 1, 'patch_size': 32, 'stride': 16, 'dilation': 1, 'temporal_length': None, 'temporal_dilation': 1, 'temporal_stride': 1, 'dim_samples': 't l', 'dim_prefeatures': 'h w', 'groups': 1, 'mode_ab': 'left', 'grad_params': True, 'use_dataparallel': False, 'batch_size': None, 'low_memory_mode': False, 'symmetry': 4, 'params_pipeline': [{'type': 'linear', 'patch_wise': '${model.patch_wise}', 'size_in': 4096, 'size_out': 64, 'learnable': '${model.learnable_proj}', 'is_identity': False}]}
[SpatialTerm] self.name='p32_s4'
[SpatialTerm] self.use_dataparallel=False
[SpatialTerm] self.dilation=1
[SpatialTerm] self.denoise_mean=False
[SpatialTerm] self.stat_model='gaussian'
[SpatialTerm] self.bsp=225
[SpatialTerm] self.symmetry=4
[LinearFeatures] self.learnable=True
[FeaturesPipeline] self.transforms=ModuleList(
  (0): LinearFeatures()
)
[Engine] self.batch_size=None
[Engine] self.low_memory_mode=False
[Engine] self.grad_params=True
[Engine] self.low_memory_mode=False
[SpatialTerm] self.device_ids=[0]
[SpatialTerm] Not using DataParallel
[SpatialPatchesHandler (32)] spatial stride: 16
[SpatialPatchesHandler (32)] spatial patch_size: 32
i=9 params={'type': 'spatial', 'name': 'p64_s1', 'repeat': 1, 'patch_size': 64, 'stride': 32, 'dilation': 1, 'temporal_length': None, 'temporal_dilation': 1, 'temporal_stride': 1, 'dim_samples': 't l', 'dim_prefeatures': 'h w', 'groups': 1, 'mode_ab': 'left', 'grad_params': True, 'use_dataparallel': False, 'batch_size': None, 'low_memory_mode': False, 'symmetry': 1, 'params_pipeline': [{'type': 'linear', 'patch_wise': '${model.patch_wise}', 'size_in': 4096, 'size_out': 64, 'learnable': '${model.learnable_proj}', 'is_identity': False}]}
params={'name': 'p64_s1', 'repeat': 1, 'patch_size': 64, 'stride': 32, 'dilation': 1, 'temporal_length': None, 'temporal_dilation': 1, 'temporal_stride': 1, 'dim_samples': 't l', 'dim_prefeatures': 'h w', 'groups': 1, 'mode_ab': 'left', 'grad_params': True, 'use_dataparallel': False, 'batch_size': None, 'low_memory_mode': False, 'symmetry': 1, 'params_pipeline': [{'type': 'linear', 'patch_wise': '${model.patch_wise}', 'size_in': 4096, 'size_out': 64, 'learnable': '${model.learnable_proj}', 'is_identity': False}]}
[SpatialTerm] self.name='p64_s1'
[SpatialTerm] self.use_dataparallel=False
[SpatialTerm] self.dilation=1
[SpatialTerm] self.denoise_mean=False
[SpatialTerm] self.stat_model='gaussian'
[SpatialTerm] self.bsp=49
[SpatialTerm] self.symmetry=1
[LinearFeatures] self.learnable=True
[FeaturesPipeline] self.transforms=ModuleList(
  (0): LinearFeatures()
)
[Engine] self.batch_size=None
[Engine] self.low_memory_mode=False
[Engine] self.grad_params=True
[Engine] self.low_memory_mode=False
[SpatialTerm] self.device_ids=[0]
[SpatialTerm] Not using DataParallel
[SpatialPatchesHandler (64)] spatial stride: 32
[SpatialPatchesHandler (64)] spatial patch_size: 64
i=10 params={'type': 'spatial', 'name': 'p64_s2', 'repeat': 1, 'patch_size': 64, 'stride': 32, 'dilation': 1, 'temporal_length': None, 'temporal_dilation': 1, 'temporal_stride': 1, 'dim_samples': 't l', 'dim_prefeatures': 'h w', 'groups': 1, 'mode_ab': 'left', 'grad_params': True, 'use_dataparallel': False, 'batch_size': None, 'low_memory_mode': False, 'symmetry': 2, 'params_pipeline': [{'type': 'linear', 'patch_wise': '${model.patch_wise}', 'size_in': 8192, 'size_out': 64, 'learnable': '${model.learnable_proj}', 'is_identity': False}]}
params={'name': 'p64_s2', 'repeat': 1, 'patch_size': 64, 'stride': 32, 'dilation': 1, 'temporal_length': None, 'temporal_dilation': 1, 'temporal_stride': 1, 'dim_samples': 't l', 'dim_prefeatures': 'h w', 'groups': 1, 'mode_ab': 'left', 'grad_params': True, 'use_dataparallel': False, 'batch_size': None, 'low_memory_mode': False, 'symmetry': 2, 'params_pipeline': [{'type': 'linear', 'patch_wise': '${model.patch_wise}', 'size_in': 8192, 'size_out': 64, 'learnable': '${model.learnable_proj}', 'is_identity': False}]}
[SpatialTerm] self.name='p64_s2'
[SpatialTerm] self.use_dataparallel=False
[SpatialTerm] self.dilation=1
[SpatialTerm] self.denoise_mean=False
[SpatialTerm] self.stat_model='gaussian'
[SpatialTerm] self.bsp=49
[SpatialTerm] self.symmetry=2
[LinearFeatures] self.learnable=True
[FeaturesPipeline] self.transforms=ModuleList(
  (0): LinearFeatures()
)
[Engine] self.batch_size=None
[Engine] self.low_memory_mode=False
[Engine] self.grad_params=True
[Engine] self.low_memory_mode=False
[SpatialTerm] self.device_ids=[0]
[SpatialTerm] Not using DataParallel
[SpatialPatchesHandler (64)] spatial stride: 32
[SpatialPatchesHandler (64)] spatial patch_size: 64
i=11 params={'type': 'spatial', 'name': 'p64_s2', 'repeat': 1, 'patch_size': 64, 'stride': 32, 'dilation': 1, 'temporal_length': None, 'temporal_dilation': 1, 'temporal_stride': 1, 'dim_samples': 't l', 'dim_prefeatures': 'h w', 'groups': 1, 'mode_ab': 'left', 'grad_params': True, 'use_dataparallel': False, 'batch_size': None, 'low_memory_mode': False, 'symmetry': 4, 'params_pipeline': [{'type': 'linear', 'patch_wise': '${model.patch_wise}', 'size_in': 16384, 'size_out': 64, 'learnable': '${model.learnable_proj}', 'is_identity': False}]}
params={'name': 'p64_s2', 'repeat': 1, 'patch_size': 64, 'stride': 32, 'dilation': 1, 'temporal_length': None, 'temporal_dilation': 1, 'temporal_stride': 1, 'dim_samples': 't l', 'dim_prefeatures': 'h w', 'groups': 1, 'mode_ab': 'left', 'grad_params': True, 'use_dataparallel': False, 'batch_size': None, 'low_memory_mode': False, 'symmetry': 4, 'params_pipeline': [{'type': 'linear', 'patch_wise': '${model.patch_wise}', 'size_in': 16384, 'size_out': 64, 'learnable': '${model.learnable_proj}', 'is_identity': False}]}
[SpatialTerm] self.name='p64_s2'
[SpatialTerm] self.use_dataparallel=False
[SpatialTerm] self.dilation=1
[SpatialTerm] self.denoise_mean=False
[SpatialTerm] self.stat_model='gaussian'
[SpatialTerm] self.bsp=49
[SpatialTerm] self.symmetry=4
[LinearFeatures] self.learnable=True
[FeaturesPipeline] self.transforms=ModuleList(
  (0): LinearFeatures()
)
[Engine] self.batch_size=None
[Engine] self.low_memory_mode=False
[Engine] self.grad_params=True
[Engine] self.low_memory_mode=False
[SpatialTerm] self.device_ids=[0]
[SpatialTerm] Not using DataParallel
[SpatialPatchesHandler (64)] spatial stride: 32
[SpatialPatchesHandler (64)] spatial patch_size: 64
[ExoMILD] self.G_tot=12
all_terms=[SpatialTerm(
  (engine): EngineSpatial(
    (features_pipeline): FeaturesPipeline(
      (transforms): ModuleList(
        (0): LinearFeatures()
      )
    )
    (psf_sampler_shift): BatchPSFSampler()
    (psf_sampler_center): BatchPSFSampler()
  )
  (patch_formatter): PatchFormatter()
  (wavelength_aligner): WavelengthAligner()
), SpatialTerm(
  (engine): EngineSpatial(
    (features_pipeline): FeaturesPipeline(
      (transforms): ModuleList(
        (0): LinearFeatures()
      )
    )
    (psf_sampler_shift): BatchPSFSampler()
    (psf_sampler_center): BatchPSFSampler()
  )
  (patch_formatter): PatchFormatter()
  (wavelength_aligner): WavelengthAligner()
), SpatialTerm(
  (engine): EngineSpatial(
    (features_pipeline): FeaturesPipeline(
      (transforms): ModuleList(
        (0): LinearFeatures()
      )
    )
    (psf_sampler_shift): BatchPSFSampler()
    (psf_sampler_center): BatchPSFSampler()
  )
  (patch_formatter): PatchFormatter()
  (wavelength_aligner): WavelengthAligner()
), SpatialTerm(
  (engine): EngineSpatial(
    (features_pipeline): FeaturesPipeline(
      (transforms): ModuleList(
        (0): LinearFeatures()
      )
    )
    (psf_sampler_shift): BatchPSFSampler()
    (psf_sampler_center): BatchPSFSampler()
  )
  (patch_formatter): PatchFormatter()
  (wavelength_aligner): WavelengthAligner()
), SpatialTerm(
  (engine): EngineSpatial(
    (features_pipeline): FeaturesPipeline(
      (transforms): ModuleList(
        (0): LinearFeatures()
      )
    )
    (psf_sampler_shift): BatchPSFSampler()
    (psf_sampler_center): BatchPSFSampler()
  )
  (patch_formatter): PatchFormatter()
  (wavelength_aligner): WavelengthAligner()
), SpatialTerm(
  (engine): EngineSpatial(
    (features_pipeline): FeaturesPipeline(
      (transforms): ModuleList(
        (0): LinearFeatures()
      )
    )
    (psf_sampler_shift): BatchPSFSampler()
    (psf_sampler_center): BatchPSFSampler()
  )
  (patch_formatter): PatchFormatter()
  (wavelength_aligner): WavelengthAligner()
), SpatialTerm(
  (engine): EngineSpatial(
    (features_pipeline): FeaturesPipeline(
      (transforms): ModuleList(
        (0): LinearFeatures()
      )
    )
    (psf_sampler_shift): BatchPSFSampler()
    (psf_sampler_center): BatchPSFSampler()
  )
  (patch_formatter): PatchFormatter()
  (wavelength_aligner): WavelengthAligner()
), SpatialTerm(
  (engine): EngineSpatial(
    (features_pipeline): FeaturesPipeline(
      (transforms): ModuleList(
        (0): LinearFeatures()
      )
    )
    (psf_sampler_shift): BatchPSFSampler()
    (psf_sampler_center): BatchPSFSampler()
  )
  (patch_formatter): PatchFormatter()
  (wavelength_aligner): WavelengthAligner()
), SpatialTerm(
  (engine): EngineSpatial(
    (features_pipeline): FeaturesPipeline(
      (transforms): ModuleList(
        (0): LinearFeatures()
      )
    )
    (psf_sampler_shift): BatchPSFSampler()
    (psf_sampler_center): BatchPSFSampler()
  )
  (patch_formatter): PatchFormatter()
  (wavelength_aligner): WavelengthAligner()
), SpatialTerm(
  (engine): EngineSpatial(
    (features_pipeline): FeaturesPipeline(
      (transforms): ModuleList(
        (0): LinearFeatures()
      )
    )
    (psf_sampler_shift): BatchPSFSampler()
    (psf_sampler_center): BatchPSFSampler()
  )
  (patch_formatter): PatchFormatter()
  (wavelength_aligner): WavelengthAligner()
), SpatialTerm(
  (engine): EngineSpatial(
    (features_pipeline): FeaturesPipeline(
      (transforms): ModuleList(
        (0): LinearFeatures()
      )
    )
    (psf_sampler_shift): BatchPSFSampler()
    (psf_sampler_center): BatchPSFSampler()
  )
  (patch_formatter): PatchFormatter()
  (wavelength_aligner): WavelengthAligner()
), SpatialTerm(
  (engine): EngineSpatial(
    (features_pipeline): FeaturesPipeline(
      (transforms): ModuleList(
        (0): LinearFeatures()
      )
    )
    (psf_sampler_shift): BatchPSFSampler()
    (psf_sampler_center): BatchPSFSampler()
  )
  (patch_formatter): PatchFormatter()
  (wavelength_aligner): WavelengthAligner()
)]
[ExoMILD] self.learnable_weights=True
[ExoMILD] self.pixel_wise_weights=True
[ExoMILD] self.use_local_max=False
[ExoMILD] self.n_sources_max=16
[ExoMILD] self.iterative=False
[ExoMILD] self.oracle=False
[Filter] self.is_residual=False
[Filter] self.gate_type='unet_normal'
[U-Net] self.skip_norm=False
[UNet] False
[ExoMILD] linalg_library='cusolver'
[ExoMILD] self.grad_iterative=True
[ExoMILD] self.grad_astrometry=False
[SpatialPatchesHandler (8)] padding=(0, 0)
[SpatialPatchesHandler (8)] padding=(0, 0)
[SpatialPatchesHandler (8)] padding=(0, 0)
[SpatialPatchesHandler (16)] padding=(0, 0)
[SpatialPatchesHandler (16)] padding=(0, 0)
[SpatialPatchesHandler (16)] padding=(0, 0)
[SpatialPatchesHandler (32)] padding=(0, 0)
[SpatialPatchesHandler (32)] padding=(0, 0)
[SpatialPatchesHandler (32)] padding=(0, 0)
[SpatialPatchesHandler (64)] padding=(0, 0)
[SpatialPatchesHandler (64)] padding=(0, 0)
[SpatialPatchesHandler (64)] padding=(0, 0)
# Iter.   Time (ms)    Eval. Reject.       Obj. Func.           Grad.       Step
# ---------------------------------------------------------------------------------
      0    1765.405       1       0  -6.149224800000000e+07   1.614e+10   0.000e+00
      1   18210.884      13       0  -6.156577200000000e+07   3.395e+10   8.470e-16
      2   19589.644      14       0  -6.164952400000000e+07   2.259e+10   1.000e+00
      3   20970.734      15       0  -6.171186000000000e+07   2.165e+10   1.000e+00
      4   22352.752      16       0  -6.176113200000000e+07   2.215e+10   1.000e+00
      5   23735.423      17       0  -6.179159200000000e+07   2.139e+10   1.000e+00
      6   25124.070      18       0  -6.181551600000000e+07   1.219e+10   1.000e+00
      7   26515.123      19       0  -6.183046000000000e+07   9.732e+09   1.000e+00
      8   27895.504      20       0  -6.184342800000000e+07   1.033e+10   1.000e+00
      9   29269.475      21       0  -6.185265600000000e+07   1.351e+10   1.000e+00
     10   30645.622      22       0  -6.186069200000000e+07   6.937e+09   1.000e+00
     11   32033.385      23       0  -6.186550400000000e+07   6.153e+09   1.000e+00
     12   33419.887      24       0  -6.187070800000000e+07   6.282e+09   1.000e+00
     13   34808.402      25       0  -6.187257600000000e+07   1.478e+10   1.000e+00
     14   36202.973      26       0  -6.187898400000000e+07   5.104e+09   1.000e+00
     15   37597.277      27       0  -6.188112400000000e+07   4.014e+09   1.000e+00
     16   38993.564      28       0  -6.188368000000000e+07   4.730e+09   1.000e+00
     17   40385.984      29       0  -6.188765200000000e+07   7.478e+09   1.000e+00
     18   41778.784      30       0  -6.189101600000000e+07   6.664e+09   1.000e+00
     19   43173.379      31       0  -6.189355600000000e+07   3.796e+09   1.000e+00
     20   44569.211      32       0  -6.189620800000000e+07   4.104e+09   1.000e+00
     21   45960.904      33       0  -6.189818400000000e+07   5.282e+09   1.000e+00
     22   47357.874      34       0  -6.190061200000000e+07   3.770e+09   1.000e+00
     23   48753.132      35       0  -6.190270800000000e+07   3.762e+09   1.000e+00
     24   50149.530      36       0  -6.190456400000000e+07   5.202e+09   1.000e+00
     25   51550.046      37       0  -6.190627200000000e+07   3.589e+09   1.000e+00
     26   52947.395      38       0  -6.190786800000000e+07   3.356e+09   1.000e+00
     27   54342.893      39       0  -6.190951600000000e+07   4.229e+09   1.000e+00
     28   55736.577      40       0  -6.191072000000000e+07   6.202e+09   1.000e+00
     29   57134.502      41       0  -6.191222800000000e+07   3.058e+09   1.000e+00
     30   58528.596      42       0  -6.191334400000000e+07   2.809e+09   1.000e+00
     31   59920.826      43       0  -6.191444800000000e+07   3.135e+09   1.000e+00
     32   61313.100      44       0  -6.191538000000000e+07   7.281e+09   1.000e+00
     33   62695.714      45       0  -6.191708400000000e+07   2.789e+09   1.000e+00
     34   64081.594      46       0  -6.191797200000000e+07   2.579e+09   1.000e+00
     35   65468.541      47       0  -6.191899600000000e+07   2.989e+09   1.000e+00
     36   66856.977      48       0  -6.192026800000000e+07   5.885e+09   1.000e+00
     37   68243.042      49       0  -6.192165200000000e+07   2.937e+09   1.000e+00
     38   69626.935      50       0  -6.192240000000000e+07   2.292e+09   1.000e+00
     39   71012.436      51       0  -6.192349600000000e+07   2.554e+09   1.000e+00
     40   72398.671      52       0  -6.192439200000000e+07   4.988e+09   1.000e+00
     41   73784.819      53       0  -6.192550400000000e+07   2.754e+09   1.000e+00
     42   75167.616      54       0  -6.192640000000000e+07   2.261e+09   1.000e+00
     43   76550.862      55       0  -6.192724400000000e+07   2.670e+09   1.000e+00
     44   77936.942      56       0  -6.192796000000000e+07   5.898e+09   1.000e+00
     45   79318.842      57       0  -6.192904000000000e+07   2.520e+09   1.000e+00
     46   80705.546      58       0  -6.192961600000000e+07   2.014e+09   1.000e+00
     47   82094.717      59       0  -6.193020000000000e+07   2.340e+09   1.000e+00
     48   83487.371      60       0  -6.193116800000000e+07   3.911e+09   1.000e+00
     49   84874.642      61       0  -6.193203200000000e+07   3.129e+09   1.000e+00
     50   86262.033      62       0  -6.193263600000000e+07   1.917e+09   1.000e+00
     51   87645.813      63       0  -6.193332400000000e+07   2.041e+09   1.000e+00
     52   89031.811      64       0  -6.193379600000000e+07   2.813e+09   1.000e+00
     53   90419.577      65       0  -6.193438800000000e+07   1.960e+09   1.000e+00
     54   91806.624      66       0  -6.193505200000000e+07   2.011e+09   1.000e+00
     55   93192.767      67       0  -6.193542800000000e+07   3.180e+09   1.000e+00
     56   94576.037      68       0  -6.193584000000000e+07   1.771e+09   1.000e+00
     57   95961.168      69       0  -6.193629200000000e+07   1.610e+09   1.000e+00
     58   97347.781      70       0  -6.193663200000000e+07   1.783e+09   1.000e+00
     59   98732.198      71       0  -6.193684800000000e+07   5.173e+09   1.000e+00
     60  100116.043      72       0  -6.193754000000000e+07   1.672e+09   1.000e+00
     61  101498.976      73       0  -6.193776800000000e+07   1.231e+09   1.000e+00
     62  102883.080      74       0  -6.193803600000000e+07   1.452e+09   1.000e+00
     63  104269.121      75       0  -6.193842400000000e+07   2.100e+09   1.000e+00
     64  105652.994      76       0  -6.193881600000000e+07   2.355e+09   1.000e+00
     65  107048.990      77       0  -6.193915600000000e+07   1.355e+09   1.000e+00
     66  108442.716      78       0  -6.193947600000000e+07   1.512e+09   1.000e+00
     67  109838.256      79       0  -6.193976000000000e+07   1.859e+09   1.000e+00
     68  111234.498      80       0  -6.194010000000000e+07   1.861e+09   1.000e+00
     69  112633.670      81       0  -6.194039200000000e+07   1.374e+09   1.000e+00
     70  114030.487      82       0  -6.194074400000000e+07   1.503e+09   1.000e+00
     71  115426.186      83       0  -6.194100000000000e+07   2.223e+09   1.000e+00
     72  116822.905      84       0  -6.194128800000000e+07   1.470e+09   1.000e+00
     73  118217.093      85       0  -6.194163200000000e+07   1.407e+09   1.000e+00
     74  119614.354      86       0  -6.194186400000000e+07   1.845e+09   1.000e+00
     75  121010.201      87       0  -6.194210800000000e+07   1.479e+09   1.000e+00
     76  122405.663      88       0  -6.194246000000000e+07   2.358e+09   1.000e+00
     77  123802.347      89       0  -6.194275200000000e+07   1.649e+09   1.000e+00
     78  125197.485      90       0  -6.194292800000000e+07   1.442e+09   1.000e+00
     79  126589.994      91       0  -6.194337600000000e+07   1.961e+09   1.000e+00
     80  127987.767      92       0  -6.194352000000000e+07   3.483e+09   1.000e+00
     81  129388.032      93       0  -6.194383600000000e+07   1.453e+09   1.000e+00
     82  130786.393      94       0  -6.194403200000000e+07   1.088e+09   1.000e+00
     83  132193.027      95       0  -6.194425200000000e+07   1.457e+09   1.000e+00
     84  133595.461      96       0  -6.194452800000000e+07   1.991e+09   1.000e+00
     85  135005.215      97       0  -6.194484400000000e+07   1.876e+09   1.000e+00
     86  136401.909      98       0  -6.194513200000000e+07   1.295e+09   1.000e+00
     87  137792.225      99       0  -6.194552400000000e+07   1.648e+09   1.000e+00
     88  139181.588     100       0  -6.194577600000000e+07   2.172e+09   1.000e+00
     89  140573.922     101       0  -6.194606400000000e+07   1.486e+09   1.000e+00
     90  141964.541     102       0  -6.194652800000000e+07   1.323e+09   1.000e+00
     91  143360.229     103       0  -6.194674400000000e+07   2.592e+09   1.000e+00
     92  144748.540     104       0  -6.194700800000000e+07   1.498e+09   1.000e+00
     93  146136.318     105       0  -6.194730800000000e+07   1.201e+09   1.000e+00
     94  147528.470     106       0  -6.194754400000000e+07   1.512e+09   1.000e+00
     95  148917.082     107       0  -6.194782000000000e+07   2.478e+09   1.000e+00
     96  150308.104     108       0  -6.194810800000000e+07   1.286e+09   1.000e+00
     97  151699.662     109       0  -6.194834400000000e+07   1.298e+09   1.000e+00
     98  153084.260     110       0  -6.194859200000000e+07   1.490e+09   1.000e+00
     99  154471.701     111       0  -6.194870800000000e+07   4.340e+09   1.000e+00
    100  155863.701     112       0  -6.194919200000000e+07   1.446e+09   1.000e+00
    101  157250.515     113       0  -6.194936800000000e+07   1.055e+09   1.000e+00
    102  158642.165     114       0  -6.194958800000000e+07   1.313e+09   1.000e+00
    103  160032.452     115       0  -6.194990800000000e+07   2.149e+09   1.000e+00
    104  161419.344     116       0  -6.195026400000000e+07   1.751e+09   1.000e+00
    105  162805.729     117       0  -6.195054400000000e+07   1.249e+09   1.000e+00
    106  164193.158     118       0  -6.195090400000000e+07   1.551e+09   1.000e+00
    107  165589.544     119       0  -6.195112000000000e+07   2.339e+09   1.000e+00
    108  166989.888     120       0  -6.195139600000000e+07   1.453e+09   1.000e+00
    109  168395.585     121       0  -6.195182000000000e+07   1.391e+09   1.000e+00
    110  169800.455     122       0  -6.195210800000000e+07   1.581e+09   1.000e+00
    111  171204.971     123       0  -6.195238000000000e+07   3.315e+09   1.000e+00
    112  172612.993     124       0  -6.195280000000000e+07   1.323e+09   1.000e+00
    113  174020.055     125       0  -6.195302000000000e+07   1.337e+09   1.000e+00
    114  175424.462     126       0  -6.195330800000000e+07   1.594e+09   1.000e+00
    115  176840.338     127       0  -6.195340000000000e+07   4.650e+09   1.000e+00
    116  178247.521     128       0  -6.195390000000000e+07   1.620e+09   1.000e+00
    117  179637.321     129       0  -6.195412000000000e+07   1.112e+09   1.000e+00
    118  181026.110     130       0  -6.195436000000000e+07   1.406e+09   1.000e+00
    119  182417.699     131       0  -6.195471600000000e+07   1.681e+09   1.000e+00
    120  183808.786     132       0  -6.195483200000000e+07   3.914e+09   1.000e+00
    121  185194.070     133       0  -6.195530400000000e+07   1.153e+09   1.000e+00
    122  186606.575     134       0  -6.195544800000000e+07   1.157e+09   1.000e+00
    123  187993.572     135       0  -6.195574800000000e+07   1.476e+09   1.000e+00
    124  189385.126     136       0  -6.195595600000000e+07   3.850e+09   1.000e+00
    125  190773.046     137       0  -6.195635600000000e+07   1.700e+09   1.000e+00
    126  192164.245     138       0  -6.195661200000000e+07   1.269e+09   1.000e+00
    127  193555.963     139       0  -6.195682800000000e+07   1.461e+09   1.000e+00
    128  194946.525     140       0  -6.195721200000000e+07   1.818e+09   1.000e+00
    129  197698.138     142       0  -6.195744800000000e+07   2.241e+09   4.917e-01
    130  199068.378     143       0  -6.195770800000000e+07   1.274e+09   1.000e+00
    131  200438.063     144       0  -6.195794800000000e+07   1.269e+09   1.000e+00
    132  201810.626     145       0  -6.195824000000000e+07   1.629e+09   1.000e+00
    133  203180.467     146       0  -6.195844800000000e+07   3.132e+09   1.000e+00
    134  204550.112     147       0  -6.195875200000000e+07   1.379e+09   1.000e+00
    135  205919.624     148       0  -6.195896000000000e+07   1.198e+09   1.000e+00
    136  207289.574     149       0  -6.195914000000000e+07   1.384e+09   1.000e+00
    137  208657.783     150       0  -6.195945600000000e+07   3.097e+09   1.000e+00
    138  210027.392     151       0  -6.195979200000000e+07   1.577e+09   1.000e+00
    139  211398.083     152       0  -6.195996800000000e+07   1.112e+09   1.000e+00
    140  212784.445     153       0  -6.196018000000000e+07   1.168e+09   1.000e+00
    141  214165.940     154       0  -6.196039600000000e+07   1.862e+09   1.000e+00
    142  215544.178     155       0  -6.196067200000000e+07   1.329e+09   1.000e+00
    143  216923.583     156       0  -6.196091600000000e+07   1.322e+09   1.000e+00
    144  218302.007     157       0  -6.196116000000000e+07   1.533e+09   1.000e+00
    145  219680.039     158       0  -6.196138400000000e+07   1.278e+09   1.000e+00
    146  221055.534     159       0  -6.196162800000000e+07   1.251e+09   1.000e+00
    147  222431.557     160       0  -6.196183600000000e+07   1.960e+09   1.000e+00
    148  223808.866     161       0  -6.196205600000000e+07   1.262e+09   1.000e+00
    149  225186.940     162       0  -6.196226400000000e+07   1.139e+09   1.000e+00
    150  226562.889     163       0  -6.196247600000000e+07   1.444e+09   1.000e+00
    151  227939.506     164       0  -6.196268400000000e+07   1.537e+09   1.000e+00
    152  229314.859     165       0  -6.196286000000000e+07   1.159e+09   1.000e+00
    153  230688.629     166       0  -6.196302800000000e+07   1.107e+09   1.000e+00
    154  232069.119     167       0  -6.196321200000000e+07   1.539e+09   1.000e+00
    155  233449.631     168       0  -6.196339200000000e+07   1.385e+09   1.000e+00
    156  234827.654     169       0  -6.196357200000000e+07   1.170e+09   1.000e+00
    157  236204.681     170       0  -6.196382400000000e+07   1.865e+09   1.000e+00
    158  237583.181     171       0  -6.196396800000000e+07   1.632e+09   1.000e+00
    159  238958.339     172       0  -6.196407600000000e+07   1.017e+09   1.000e+00
    160  240334.961     173       0  -6.196423600000000e+07   8.235e+08   1.000e+00
    161  241711.008     174       0  -6.196438000000000e+07   1.199e+09   1.000e+00
    162  243084.474     175       0  -6.196458800000000e+07   1.556e+09   1.000e+00
    163  244460.223     176       0  -6.196478800000000e+07   1.414e+09   1.000e+00
    164  245835.750     177       0  -6.196498800000000e+07   1.220e+09   1.000e+00
    165  247213.035     178       0  -6.196521600000000e+07   1.332e+09   1.000e+00
    166  248591.548     179       0  -6.196537600000000e+07   1.816e+09   1.000e+00
    167  249968.894     180       0  -6.196554000000000e+07   1.283e+09   1.000e+00
    168  251347.484     181       0  -6.196578000000000e+07   1.111e+09   1.000e+00
    169  252724.672     182       0  -6.196591200000000e+07   1.485e+09   1.000e+00
    170  254103.069     183       0  -6.196608400000000e+07   1.260e+09   1.000e+00
    171  255478.723     184       0  -6.196624800000000e+07   2.584e+09   1.000e+00
    172  256859.561     185       0  -6.196646000000000e+07   1.080e+09   1.000e+00
    173  258234.931     186       0  -6.196654000000000e+07   9.796e+08   1.000e+00
    174  259611.082     187       0  -6.196675200000000e+07   1.249e+09   1.000e+00
    175  260989.818     188       0  -6.196676400000000e+07   3.502e+09   1.000e+00
    176  262368.121     189       0  -6.196703200000000e+07   1.273e+09   1.000e+00
    177  263744.209     190       0  -6.196713200000000e+07   8.104e+08   1.000e+00
    178  265120.042     191       0  -6.196726000000000e+07   9.714e+08   1.000e+00
    179  266499.674     192       0  -6.196740400000000e+07   1.187e+09   1.000e+00
    180  267878.259     193       0  -6.196755200000000e+07   1.892e+09   1.000e+00
    181  269252.525     194       0  -6.196773200000000e+07   8.972e+08   1.000e+00
    182  270628.917     195       0  -6.196788000000000e+07   1.207e+09   1.000e+00
    183  272011.862     196       0  -6.196808000000000e+07   1.406e+09   1.000e+00
    184  273386.870     197       0  -6.196825600000000e+07   1.970e+09   1.000e+00
    185  274760.676     198       0  -6.196844800000000e+07   1.032e+09   1.000e+00
    186  276137.244     199       0  -6.196856400000000e+07   1.044e+09   1.000e+00
    187  277513.032     200       0  -6.196871200000000e+07   1.115e+09   1.000e+00
    188  278891.129     201       0  -6.196883600000000e+07   2.386e+09   1.000e+00
    189  280269.669     202       0  -6.196902000000000e+07   1.060e+09   1.000e+00
    190  281647.496     203       0  -6.196916800000000e+07   9.648e+08   1.000e+00
    191  283023.744     204       0  -6.196927600000000e+07   1.043e+09   1.000e+00
    192  284399.944     205       0  -6.196941200000000e+07   2.121e+09   1.000e+00
    193  285775.978     206       0  -6.196958400000000e+07   9.565e+08   1.000e+00
    194  287152.349     207       0  -6.196969600000000e+07   1.023e+09   1.000e+00
    195  288522.054     208       0  -6.196984800000000e+07   1.056e+09   1.000e+00
    196  289891.041     209       0  -6.196987600000000e+07   3.250e+09   1.000e+00
    197  291269.201     210       0  -6.197010000000000e+07   1.108e+09   1.000e+00
    198  292652.064     211       0  -6.197020400000000e+07   8.035e+08   1.000e+00
    199  294029.174     212       0  -6.197033200000000e+07   1.089e+09   1.000e+00
    200  295413.727     213       0  -6.197050800000000e+07   1.426e+09   1.000e+00
    201  296810.416     214       0  -6.197060000000000e+07   2.811e+09   1.000e+00
    202  298214.273     215       0  -6.197083200000000e+07   8.761e+08   1.000e+00
    203  299631.590     216       0  -6.197090400000000e+07   8.446e+08   1.000e+00
    204  301028.109     217       0  -6.197102400000000e+07   1.032e+09   1.000e+00
    205  302425.564     218       0  -6.197115200000000e+07   2.501e+09   1.000e+00
    206  303821.046     219       0  -6.197134000000000e+07   1.223e+09   1.000e+00
    207  305219.132     220       0  -6.197146800000000e+07   9.090e+08   1.000e+00
    208  306614.961     221       0  -6.197158400000000e+07   1.019e+09   1.000e+00
    209  308010.798     222       0  -6.197176000000000e+07   1.262e+09   1.000e+00
    210  309407.737     223       0  -6.197177200000000e+07   3.000e+09   1.000e+00
    211  310800.993     224       0  -6.197200800000000e+07   9.073e+08   1.000e+00
    212  312191.715     225       0  -6.197208000000000e+07   7.912e+08   1.000e+00
    213  313588.531     226       0  -6.197222000000000e+07   1.045e+09   1.000e+00
    214  314979.909     227       0  -6.197238000000000e+07   2.045e+09   1.000e+00
    215  316375.520     228       0  -6.197255600000000e+07   1.136e+09   1.000e+00
    216  317770.522     229       0  -6.197266400000000e+07   8.255e+08   1.000e+00
    217  319167.055     230       0  -6.197279200000000e+07   9.789e+08   1.000e+00
    218  320562.932     231       0  -6.197286400000000e+07   2.144e+09   1.000e+00
    219  321963.497     232       0  -6.197298400000000e+07   1.040e+09   1.000e+00
    220  323358.836     233       0  -6.197311200000000e+07   8.781e+08   1.000e+00
    221  324754.537     234       0  -6.197321600000000e+07   1.079e+09   1.000e+00
    222  326150.635     235       0  -6.197341200000000e+07   1.832e+09   1.000e+00
    223  327546.643     236       0  -6.197355200000000e+07   1.879e+09   1.000e+00
    224  328942.874     237       0  -6.197367200000000e+07   8.570e+08   1.000e+00
    225  330339.511     238       0  -6.197376400000000e+07   8.774e+08   1.000e+00
    226  331735.646     239       0  -6.197386400000000e+07   1.015e+09   1.000e+00
    227  333128.358     240       0  -6.197401200000000e+07   2.295e+09   1.000e+00
    228  334522.245     241       0  -6.197417600000000e+07   1.146e+09   1.000e+00
    229  335918.594     242       0  -6.197427200000000e+07   8.734e+08   1.000e+00
    230  337319.365     243       0  -6.197438000000000e+07   1.048e+09   1.000e+00
    231  338713.292     244       0  -6.197452800000000e+07   1.215e+09   1.000e+00
    232  341451.884     246       0  -6.197463600000000e+07   1.657e+09   4.791e-01
    233  342821.087     247       0  -6.197477200000000e+07   8.954e+08   1.000e+00
    234  344190.123     248       0  -6.197487600000000e+07   8.242e+08   1.000e+00
    235  345560.824     249       0  -6.197500400000000e+07   9.612e+08   1.000e+00
    236  346929.729     250       0  -6.197504800000000e+07   2.952e+09   1.000e+00
    237  348299.760     251       0  -6.197524400000000e+07   1.018e+09   1.000e+00
    238  349669.511     252       0  -6.197532400000000e+07   7.441e+08   1.000e+00
    239  351040.123     253       0  -6.197542800000000e+07   9.661e+08   1.000e+00
    240  352410.321     254       0  -6.197558000000000e+07   1.153e+09   1.000e+00
    241  355120.199     256       0  -6.197568400000000e+07   1.708e+09   4.542e-01
    242  356488.731     257       0  -6.197582400000000e+07   8.464e+08   1.000e+00
    243  357857.743     258       0  -6.197591600000000e+07   7.195e+08   1.000e+00
    244  359226.226     259       0  -6.197604400000000e+07   1.043e+09   1.000e+00
    245  360594.675     260       0  -6.197609600000000e+07   1.948e+09   1.000e+00
    246  361967.726     261       0  -6.197620800000000e+07   8.816e+08   1.000e+00
    247  363336.238     262       0  -6.197629200000000e+07   7.281e+08   1.000e+00
    248  364705.497     263       0  -6.197637200000000e+07   9.203e+08   1.000e+00
    249  366074.873     264       0  -6.197650000000000e+07   1.786e+09   1.000e+00
    250  367444.347     265       0  -6.197664400000000e+07   1.089e+09   1.000e+00
    251  368813.803     266       0  -6.197673200000000e+07   7.300e+08   1.000e+00
    252  370183.346     267       0  -6.197684400000000e+07   8.726e+08   1.000e+00
    253  371553.658     268       0  -6.197692400000000e+07   1.418e+09   1.000e+00
    254  372922.229     269       0  -6.197704000000000e+07   9.234e+08   1.000e+00
    255  374292.146     270       0  -6.197718000000000e+07   8.131e+08   1.000e+00
    256  375662.362     271       0  -6.197727200000000e+07   1.360e+09   1.000e+00
    257  377031.616     272       0  -6.197737200000000e+07   9.006e+08   1.000e+00
    258  378401.073     273       0  -6.197748800000000e+07   8.240e+08   1.000e+00
    259  379770.801     274       0  -6.197758800000000e+07   1.103e+09   1.000e+00
    260  381140.317     275       0  -6.197770800000000e+07   1.049e+09   1.000e+00
    261  382516.528     276       0  -6.197782400000000e+07   9.360e+08   1.000e+00
    262  383885.577     277       0  -6.197794400000000e+07   9.832e+08   1.000e+00
    263  385254.722     278       0  -6.197803600000000e+07   9.421e+08   1.000e+00
    264  386623.011     279       0  -6.197816000000000e+07   8.653e+08   1.000e+00
    265  387992.813     280       0  -6.197827200000000e+07   1.493e+09   1.000e+00
    266  389362.057     281       0  -6.197837600000000e+07   9.498e+08   1.000e+00
    267  390730.937     282       0  -6.197844800000000e+07   7.966e+08   1.000e+00
    268  392130.699     283       0  -6.197854800000000e+07   9.093e+08   1.000e+00
    269  393532.090     284       0  -6.197858000000000e+07   2.068e+09   1.000e+00
    270  394927.938     285       0  -6.197870400000000e+07   7.728e+08   1.000e+00
    271  396331.048     286       0  -6.197876400000000e+07   6.553e+08   1.000e+00
    272  397727.484     287       0  -6.197884800000000e+07   7.992e+08   1.000e+00
    273  399122.500     288       0  -6.197893600000000e+07   1.478e+09   1.000e+00
    274  400519.470     289       0  -6.197905200000000e+07   8.697e+08   1.000e+00
    275  401915.072     290       0  -6.197913200000000e+07   7.026e+08   1.000e+00
    276  403311.802     291       0  -6.197925600000000e+07   9.037e+08   1.000e+00
    277  404707.237     292       0  -6.197929200000000e+07   2.000e+09   1.000e+00
    278  406102.738     293       0  -6.197940400000000e+07   8.953e+08   1.000e+00
    279  407499.030     294       0  -6.197949200000000e+07   7.037e+08   1.000e+00
    280  408895.298     295       0  -6.197957200000000e+07   8.778e+08   1.000e+00
    281  410292.762     296       0  -6.197970800000000e+07   1.276e+09   1.000e+00
    282  411693.076     297       0  -6.197976000000000e+07   2.098e+09   1.000e+00
    283  413093.665     298       0  -6.197988400000000e+07   7.670e+08   1.000e+00
    284  414495.198     299       0  -6.197994800000000e+07   6.489e+08   1.000e+00
    285  415891.401     300       0  -6.198001600000000e+07   8.355e+08   1.000e+00
    286  417284.556     301       0  -6.198011600000000e+07   1.429e+09   1.000e+00
    287  418678.870     302       0  -6.198022400000000e+07   9.864e+08   1.000e+00
    288  420074.711     303       0  -6.198031600000000e+07   7.127e+08   1.000e+00
    289  421470.571     304       0  -6.198040400000000e+07   9.525e+08   1.000e+00
    290  422870.804     305       0  -6.198045600000000e+07   1.166e+09   1.000e+00
    291  424268.139     306       0  -6.198052000000000e+07   7.567e+08   1.000e+00
    292  425664.534     307       0  -6.198062400000000e+07   7.258e+08   1.000e+00
    293  427059.135     308       0  -6.198070000000000e+07   8.613e+08   1.000e+00
    294  428455.381     309       0  -6.198079600000000e+07   1.738e+09   1.000e+00
    295  429851.067     310       0  -6.198092000000000e+07   8.263e+08   1.000e+00
    296  431247.944     311       0  -6.198098000000000e+07   7.424e+08   1.000e+00
    297  432643.285     312       0  -6.198106400000000e+07   8.353e+08   1.000e+00
    298  434039.069     313       0  -6.198110800000000e+07   2.102e+09   1.000e+00
    299  435435.427     314       0  -6.198120400000000e+07   8.587e+08   1.000e+00
    300  436831.461     315       0  -6.198127200000000e+07   6.383e+08   1.000e+00
    301  438225.075     316       0  -6.198133200000000e+07   7.778e+08   1.000e+00
    302  439624.177     317       0  -6.198143200000000e+07   1.151e+09   1.000e+00
    303  441022.623     318       0  -6.198150800000000e+07   1.242e+09   1.000e+00
    304  442420.266     319       0  -6.198157200000000e+07   5.982e+08   1.000e+00
    305  443817.379     320       0  -6.198163200000000e+07   7.126e+08   1.000e+00
    306  445214.535     321       0  -6.198170000000000e+07   8.419e+08   1.000e+00
    307  446611.428     322       0  -6.198177600000000e+07   1.782e+09   1.000e+00
    308  448007.903     323       0  -6.198188400000000e+07   8.494e+08   1.000e+00
    309  449403.386     324       0  -6.198194800000000e+07   7.163e+08   1.000e+00
    310  450799.224     325       0  -6.198200800000000e+07   7.650e+08   1.000e+00
    311  452193.439     326       0  -6.198208000000000e+07   1.706e+09   1.000e+00
    312  453592.278     327       0  -6.198216800000000e+07   7.241e+08   1.000e+00
    313  454987.053     328       0  -6.198222000000000e+07   6.099e+08   1.000e+00
    314  456386.457     329       0  -6.198228400000000e+07   7.656e+08   1.000e+00
    315  457780.191     330       0  -6.198237200000000e+07   1.363e+09   1.000e+00
    316  459174.497     331       0  -6.198247200000000e+07   9.296e+08   1.000e+00
    317  460570.930     332       0  -6.198254800000000e+07   6.406e+08   1.000e+00
    318  461970.713     333       0  -6.198263200000000e+07   7.761e+08   1.000e+00
    319  463375.528     334       0  -6.198267600000000e+07   1.358e+09   1.000e+00
    320  464781.660     335       0  -6.198274400000000e+07   8.193e+08   1.000e+00
    321  466186.760     336       0  -6.198284000000000e+07   6.877e+08   1.000e+00
    322  467592.832     337       0  -6.198289600000000e+07   7.584e+08   1.000e+00
    323  468996.957     338       0  -6.198292800000000e+07   2.352e+09   1.000e+00
    324  470401.678     339       0  -6.198307200000000e+07   6.809e+08   1.000e+00
    325  471812.467     340       0  -6.198310400000000e+07   5.498e+08   1.000e+00
    326  473223.002     341       0  -6.198317200000000e+07   6.677e+08   1.000e+00
    327  474628.822     342       0  -6.198325200000000e+07   1.351e+09   1.000e+00
    328  476032.367     343       0  -6.198334800000000e+07   8.632e+08   1.000e+00
    329  477439.814     344       0  -6.198342800000000e+07   6.603e+08   1.000e+00
    330  478844.355     345       0  -6.198349600000000e+07   9.325e+08   1.000e+00
    331  480247.775     346       0  -6.198356400000000e+07   9.282e+08   1.000e+00
    332  481650.777     347       0  -6.198361600000000e+07   7.029e+08   1.000e+00
    333  483057.682     348       0  -6.198370800000000e+07   7.590e+08   1.000e+00
    334  484464.981     349       0  -6.198377200000000e+07   9.539e+08   1.000e+00
    335  485869.026     350       0  -6.198384000000000e+07   7.675e+08   1.000e+00
    336  487272.985     351       0  -6.198392800000000e+07   9.990e+08   1.000e+00
    337  488679.902     352       0  -6.198399200000000e+07   8.528e+08   1.000e+00
    338  490083.263     353       0  -6.198403600000000e+07   6.883e+08   1.000e+00
    339  491487.251     354       0  -6.198411600000000e+07   8.519e+08   1.000e+00
    340  492891.698     355       0  -6.198416400000000e+07   1.278e+09   1.000e+00
    341  494292.632     356       0  -6.198421200000000e+07   7.457e+08   1.000e+00
    342  495698.479     357       0  -6.198427200000000e+07   6.027e+08   1.000e+00
    343  497107.645     358       0  -6.198432000000000e+07   7.143e+08   1.000e+00
    344  498511.377     359       0  -6.198439200000000e+07   1.390e+09   1.000e+00
    345  499916.335     360       0  -6.198447600000000e+07   9.877e+08   1.000e+00
    346  501328.832     361       0  -6.198451600000000e+07   7.116e+08   1.000e+00
    347  502745.064     362       0  -6.198460800000000e+07   7.257e+08   1.000e+00
    348  504155.958     363       0  -6.198468400000000e+07   1.045e+09   1.000e+00
    349  505567.226     364       0  -6.198476400000000e+07   7.152e+08   1.000e+00
    350  506980.427     365       0  -6.198484400000000e+07   6.623e+08   1.000e+00
    351  508391.700     366       0  -6.198488000000000e+07   1.599e+09   1.000e+00
    352  509808.605     367       0  -6.198495600000000e+07   6.618e+08   1.000e+00
    353  511219.923     368       0  -6.198500400000000e+07   5.639e+08   1.000e+00
    354  512628.184     369       0  -6.198506800000000e+07   7.423e+08   1.000e+00
    355  514036.339     370       0  -6.198516400000000e+07   1.089e+09   1.000e+00
    356  515448.980     371       0  -6.198522000000000e+07   1.682e+09   1.000e+00
    357  516863.516     372       0  -6.198531600000000e+07   6.348e+08   1.000e+00
    358  518273.473     373       0  -6.198536400000000e+07   6.071e+08   1.000e+00
    359  519689.386     374       0  -6.198542000000000e+07   7.149e+08   1.000e+00
    360  521099.866     375       0  -6.198544400000000e+07   2.361e+09   1.000e+00
    361  522513.750     376       0  -6.198555600000000e+07   7.892e+08   1.000e+00
    362  523925.084     377       0  -6.198559600000000e+07   5.184e+08   1.000e+00
    363  525335.928     378       0  -6.198564400000000e+07   6.753e+08   1.000e+00
    364  526748.769     379       0  -6.198572000000000e+07   7.837e+08   1.000e+00
    365  528158.894     380       0  -6.198578000000000e+07   1.797e+09   1.000e+00
    366  529572.680     381       0  -6.198588800000000e+07   6.721e+08   1.000e+00
    367  530980.695     382       0  -6.198593600000000e+07   5.450e+08   1.000e+00
    368  532396.244     383       0  -6.198600400000000e+07   6.756e+08   1.000e+00
    369  533806.681     384       0  -6.198603600000000e+07   2.188e+09   1.000e+00
    370  535201.546     385       0  -6.198614400000000e+07   8.547e+08   1.000e+00
    371  536598.174     386       0  -6.198619600000000e+07   5.309e+08   1.000e+00
    372  537992.184     387       0  -6.198624000000000e+07   6.614e+08   1.000e+00
    373  539385.452     388       0  -6.198631600000000e+07   8.225e+08   1.000e+00
    374  540780.740     389       0  -6.198633600000000e+07   2.044e+09   1.000e+00
    375  542169.816     390       0  -6.198644800000000e+07   6.040e+08   1.000e+00
    376  543564.244     391       0  -6.198648000000000e+07   5.494e+08   1.000e+00
    377  544954.300     392       0  -6.198654400000000e+07   7.146e+08   1.000e+00
    378  546369.358     393       0  -6.198662000000000e+07   1.522e+09   1.000e+00
    379  547757.369     394       0  -6.198670400000000e+07   7.742e+08   1.000e+00
    380  549149.597     395       0  -6.198674800000000e+07   5.512e+08   1.000e+00
    381  550556.561     396       0  -6.198679200000000e+07   6.495e+08   1.000e+00
    382  551958.905     397       0  -6.198684800000000e+07   1.153e+09   1.000e+00
    383  553352.415     398       0  -6.198691200000000e+07   7.122e+08   1.000e+00
    384  554744.910     399       0  -6.198698000000000e+07   6.230e+08   1.000e+00
    385  556136.965     400       0  -6.198704800000000e+07   7.563e+08   1.000e+00
    386  557529.070     401       0  -6.198708000000000e+07   1.869e+09   1.000e+00
    387  558922.926     402       0  -6.198717600000000e+07   7.097e+08   1.000e+00
    388  560319.521     403       0  -6.198722000000000e+07   5.244e+08   1.000e+00
    389  561720.860     404       0  -6.198726400000000e+07   6.453e+08   1.000e+00
    390  563113.165     405       0  -6.198733200000000e+07   1.061e+09   1.000e+00
    391  564505.921     406       0  -6.198740800000000e+07   1.070e+09   1.000e+00
    392  565899.221     407       0  -6.198746800000000e+07   5.884e+08   1.000e+00
    393  567292.209     408       0  -6.198752400000000e+07   6.619e+08   1.000e+00
    394  568685.775     409       0  -6.198758000000000e+07   7.262e+08   1.000e+00
    395  570077.825     410       0  -6.198762400000000e+07   1.682e+09   1.000e+00
    396  571471.611     411       0  -6.198769600000000e+07   6.246e+08   1.000e+00
    397  572863.592     412       0  -6.198773600000000e+07   5.236e+08   1.000e+00
    398  574263.723     413       0  -6.198777600000000e+07   6.107e+08   1.000e+00
    399  575660.677     414       0  -6.198783600000000e+07   1.131e+09   1.000e+00
    400  577055.706     415       0  -6.198790000000000e+07   7.115e+08   1.000e+00
    401  578449.045     416       0  -6.198794400000000e+07   5.269e+08   1.000e+00
    402  579838.167     417       0  -6.198801200000000e+07   6.444e+08   1.000e+00
    403  581229.418     418       0  -6.198803600000000e+07   1.451e+09   1.000e+00
    404  582622.130     419       0  -6.198808400000000e+07   6.620e+08   1.000e+00
    405  584015.586     420       0  -6.198812400000000e+07   4.921e+08   1.000e+00
    406  585405.547     421       0  -6.198816400000000e+07   6.030e+08   1.000e+00
    407  586808.793     422       0  -6.198822800000000e+07   7.910e+08   1.000e+00
    408  589554.691     424       0  -6.198826400000000e+07   9.735e+08   4.332e-01
    409  590921.196     425       0  -6.198832000000000e+07   5.545e+08   1.000e+00
    410  592291.265     426       0  -6.198835600000000e+07   5.067e+08   1.000e+00
    411  593661.694     427       0  -6.198840800000000e+07   6.677e+08   1.000e+00
    412  595029.088     428       0  -6.198844800000000e+07   1.367e+09   1.000e+00
    413  596396.292     429       0  -6.198851200000000e+07   6.826e+08   1.000e+00
    414  597763.464     430       0  -6.198855600000000e+07   5.715e+08   1.000e+00
    415  599128.550     431       0  -6.198859600000000e+07   6.442e+08   1.000e+00
    416  600495.327     432       0  -6.198865600000000e+07   1.544e+09   1.000e+00
    417  601864.508     433       0  -6.198873200000000e+07   6.958e+08   1.000e+00
    418  603231.388     434       0  -6.198876400000000e+07   5.118e+08   1.000e+00
    419  604598.128     435       0  -6.198880000000000e+07   5.778e+08   1.000e+00
    420  605964.617     436       0  -6.198885600000000e+07   8.925e+08   1.000e+00
    421  607335.133     437       0  -6.198892400000000e+07   7.340e+08   1.000e+00
    422  608701.722     438       0  -6.198897600000000e+07   5.923e+08   1.000e+00
    423  610068.211     439       0  -6.198902800000000e+07   6.210e+08   1.000e+00
    424  611435.018     440       0  -6.198906800000000e+07   9.463e+08   1.000e+00
    425  612800.938     441       0  -6.198911200000000e+07   5.847e+08   1.000e+00
    426  614167.773     442       0  -6.198916000000000e+07   5.165e+08   1.000e+00
    427  615533.038     443       0  -6.198920400000000e+07   6.965e+08   1.000e+00
    428  616900.760     444       0  -6.198926400000000e+07   6.878e+08   1.000e+00
    429  618267.554     445       0  -6.198930400000000e+07   9.861e+08   1.000e+00
    430  619634.616     446       0  -6.198935200000000e+07   5.509e+08   1.000e+00
    431  621002.245     447       0  -6.198939600000000e+07   5.274e+08   1.000e+00
    432  622369.921     448       0  -6.198944400000000e+07   6.970e+08   1.000e+00
    433  623737.262     449       0  -6.198949200000000e+07   8.874e+08   1.000e+00
    434  625103.610     450       0  -6.198954800000000e+07   5.922e+08   1.000e+00
    435  626470.032     451       0  -6.198959600000000e+07   5.687e+08   1.000e+00
    436  627837.344     452       0  -6.198963600000000e+07   7.286e+08   1.000e+00
    437  629204.533     453       0  -6.198969200000000e+07   6.467e+08   1.000e+00
    438  630571.597     454       0  -6.198973200000000e+07   5.804e+08   1.000e+00
    439  631943.291     455       0  -6.198978800000000e+07   5.732e+08   1.000e+00
    440  633323.255     456       0  -6.198982800000000e+07   7.402e+08   1.000e+00
    441  634703.201     457       0  -6.198988000000000e+07   5.535e+08   1.000e+00
    442  636078.072     458       0  -6.198992000000000e+07   6.405e+08   1.000e+00
    443  637453.854     459       0  -6.198995600000000e+07   7.187e+08   1.000e+00
    444  638829.347     460       0  -6.198998800000000e+07   4.968e+08   1.000e+00
    445  640201.283     461       0  -6.199002000000000e+07   4.423e+08   1.000e+00
    446  641574.118     462       0  -6.199005600000000e+07   8.636e+08   1.000e+00
    447  642948.106     463       0  -6.199010000000000e+07   5.473e+08   1.000e+00
    448  644322.006     464       0  -6.199013600000000e+07   4.796e+08   1.000e+00
    449  645692.867     465       0  -6.199016400000000e+07   6.961e+08   1.000e+00
    450  647067.024     466       0  -6.199020800000000e+07   5.898e+08   1.000e+00
    451  648442.159     467       0  -6.199024400000000e+07   5.794e+08   1.000e+00
    452  649817.808     468       0  -6.199029200000000e+07   7.476e+08   1.000e+00
    453  651194.823     469       0  -6.199033600000000e+07   6.046e+08   1.000e+00
    454  652578.552     470       0  -6.199036800000000e+07   5.395e+08   1.000e+00
    455  653948.680     471       0  -6.199042000000000e+07   6.895e+08   1.000e+00
    456  655322.592     472       0  -6.199046800000000e+07   7.938e+08   1.000e+00
    457  656696.756     473       0  -6.199050000000000e+07   5.370e+08   1.000e+00
    458  658074.116     474       0  -6.199053200000000e+07   4.859e+08   1.000e+00
    459  659445.824     475       0  -6.199055600000000e+07   6.062e+08   1.000e+00
    460  660817.155     476       0  -6.199060000000000e+07   5.301e+08   1.000e+00
    461  662190.936     477       0  -6.199064000000000e+07   5.789e+08   1.000e+00
    462  663565.944     478       0  -6.199068400000000e+07   8.378e+08   1.000e+00
    463  664941.793     479       0  -6.199071600000000e+07   5.060e+08   1.000e+00
    464  666320.013     480       0  -6.199075200000000e+07   4.814e+08   1.000e+00
    465  667693.023     481       0  -6.199079200000000e+07   6.726e+08   1.000e+00
    466  669068.696     482       0  -6.199083600000000e+07   8.976e+08   1.000e+00
    467  670442.111     483       0  -6.199087600000000e+07   6.002e+08   1.000e+00
    468  671816.446     484       0  -6.199091600000000e+07   5.061e+08   1.000e+00
    469  673189.604     485       0  -6.199095600000000e+07   5.355e+08   1.000e+00
    470  674560.010     486       0  -6.199098000000000e+07   1.475e+09   1.000e+00
    471  675933.629     487       0  -6.199103200000000e+07   6.365e+08   1.000e+00
    472  677312.590     488       0  -6.199107600000000e+07   4.653e+08   1.000e+00
    473  678695.940     489       0  -6.199110000000000e+07   5.827e+08   1.000e+00
    474  680079.334     490       0  -6.199116000000000e+07   8.083e+08   1.000e+00
    475  681464.998     491       0  -6.199118400000000e+07   1.421e+09   1.000e+00
    476  682855.926     492       0  -6.199124800000000e+07   5.161e+08   1.000e+00
    477  684244.374     493       0  -6.199126800000000e+07   4.664e+08   1.000e+00
    478  685627.271     494       0  -6.199130000000000e+07   6.022e+08   1.000e+00
    479  687012.505     495       0  -6.199135600000000e+07   1.128e+09   1.000e+00
    480  688395.684     496       0  -6.199141200000000e+07   7.383e+08   1.000e+00
    481  689776.268     497       0  -6.199145600000000e+07   5.049e+08   1.000e+00
    482  691159.966     498       0  -6.199149200000000e+07   5.944e+08   1.000e+00
    483  692542.932     499       0  -6.199152400000000e+07   9.349e+08   1.000e+00
    484  693927.710     500       0  -6.199156400000000e+07   5.410e+08   1.000e+00
    485  695312.828     501       0  -6.199160400000000e+07   5.030e+08   1.000e+00
    486  696695.109     502       0  -6.199163600000000e+07   5.667e+08   1.000e+00
    487  698077.853     503       0  -6.199165600000000e+07   1.730e+09   1.000e+00
    488  699464.886     504       0  -6.199172400000000e+07   5.503e+08   1.000e+00
    489  700847.875     505       0  -6.199175200000000e+07   4.216e+08   1.000e+00
    490  702231.416     506       0  -6.199178400000000e+07   5.031e+08   1.000e+00
    491  703613.528     507       0  -6.199183200000000e+07   6.914e+08   1.000e+00
    492  705000.214     508       0  -6.199186800000000e+07   1.142e+09   1.000e+00
    493  706385.164     509       0  -6.199192000000000e+07   4.953e+08   1.000e+00
    494  707771.399     510       0  -6.199194800000000e+07   4.822e+08   1.000e+00
    495  709155.918     511       0  -6.199198400000000e+07   5.486e+08   1.000e+00
    496  711879.299     513       0  -6.199200800000000e+07   8.920e+08   4.366e-01
    497  713245.639     514       0  -6.199203600000000e+07   5.855e+08   1.000e+00
    498  714612.218     515       0  -6.199208000000000e+07   4.290e+08   1.000e+00
    499  715979.555     516       0  -6.199211200000000e+07   6.787e+08   1.000e+00
    500  717346.921     517       0  -6.199214400000000e+07   5.529e+08   1.000e+00
    501  718713.773     518       0  -6.199218000000000e+07   4.727e+08   1.000e+00
    502  720081.198     519       0  -6.199222800000000e+07   8.926e+08   1.000e+00
    503  721447.059     520       0  -6.199227200000000e+07   5.657e+08   1.000e+00
    504  722816.404     521       0  -6.199230400000000e+07   4.829e+08   1.000e+00
    505  724183.028     522       0  -6.199234400000000e+07   7.280e+08   1.000e+00
    506  725549.355     523       0  -6.199237600000000e+07   8.370e+08   1.000e+00
    507  726916.056     524       0  -6.199240400000000e+07   5.124e+08   1.000e+00
    508  728282.308     525       0  -6.199243200000000e+07   3.970e+08   1.000e+00
    509  729648.050     526       0  -6.199246000000000e+07   5.145e+08   1.000e+00
    510  731014.318     527       0  -6.199250800000000e+07   7.996e+08   1.000e+00
    511  732381.238     528       0  -6.199254400000000e+07   6.324e+08   1.000e+00
    512  733747.186     529       0  -6.199257600000000e+07   5.158e+08   1.000e+00
    513  735117.920     530       0  -6.199262000000000e+07   5.117e+08   1.000e+00
    514  736488.009     531       0  -6.199265200000000e+07   9.005e+08   1.000e+00
    515  737863.843     532       0  -6.199270000000000e+07   5.500e+08   1.000e+00
    516  739231.531     533       0  -6.199273600000000e+07   4.507e+08   1.000e+00
    517  740597.342     534       0  -6.199276400000000e+07   5.700e+08   1.000e+00
    518  741967.134     535       0  -6.199279200000000e+07   5.492e+08   1.000e+00
    519  743336.115     536       0  -6.199284000000000e+07   6.929e+08   1.000e+00
    520  744703.431     537       0  -6.199288400000000e+07   5.712e+08   1.000e+00
    521  746070.168     538       0  -6.199290800000000e+07   4.995e+08   1.000e+00
    522  747437.426     539       0  -6.199295200000000e+07   6.343e+08   1.000e+00
    523  748805.369     540       0  -6.199298800000000e+07   6.617e+08   1.000e+00
    524  750172.077     541       0  -6.199302000000000e+07   5.132e+08   1.000e+00
    525  751539.859     542       0  -6.199306000000000e+07   5.246e+08   1.000e+00
    526  752912.906     543       0  -6.199308400000000e+07   7.839e+08   1.000e+00
    527  754280.562     544       0  -6.199310800000000e+07   4.993e+08   1.000e+00
    528  755657.233     545       0  -6.199314000000000e+07   4.107e+08   1.000e+00
    529  757028.920     546       0  -6.199316800000000e+07   5.278e+08   1.000e+00
    530  758403.853     547       0  -6.199321600000000e+07   5.295e+08   1.000e+00
    531  759776.331     548       0  -6.199322400000000e+07   1.464e+09   1.000e+00
    532  761153.293     549       0  -6.199328000000000e+07   5.167e+08   1.000e+00
    533  762539.943     550       0  -6.199331200000000e+07   3.790e+08   1.000e+00
    534  763922.305     551       0  -6.199333200000000e+07   4.710e+08   1.000e+00
    535  765308.087     552       0  -6.199337600000000e+07   7.340e+08   1.000e+00
    536  766690.780     553       0  -6.199340800000000e+07   1.046e+09   1.000e+00
    537  768072.839     554       0  -6.199344000000000e+07   4.531e+08   1.000e+00
    538  769460.308     555       0  -6.199346400000000e+07   4.323e+08   1.000e+00
    539  770842.151     556       0  -6.199349600000000e+07   5.295e+08   1.000e+00
    540  772228.445     557       0  -6.199353200000000e+07   1.124e+09   1.000e+00
    541  773618.038     558       0  -6.199358000000000e+07   6.274e+08   1.000e+00
    542  775003.156     559       0  -6.199360800000000e+07   4.311e+08   1.000e+00
    543  776384.009     560       0  -6.199364000000000e+07   4.931e+08   1.000e+00
    544  777763.857     561       0  -6.199365600000000e+07   7.976e+08   1.000e+00
    545  779144.414     562       0  -6.199369200000000e+07   4.963e+08   1.000e+00
    546  780525.353     563       0  -6.199372800000000e+07   4.766e+08   1.000e+00
    547  781918.777     564       0  -6.199376000000000e+07   5.500e+08   1.000e+00
    548  783312.424     565       0  -6.199378400000000e+07   1.407e+09   1.000e+00
    549  784701.576     566       0  -6.199383200000000e+07   4.735e+08   1.000e+00
    550  786096.390     567       0  -6.199385600000000e+07   3.887e+08   1.000e+00
    551  787488.084     568       0  -6.199388400000000e+07   4.757e+08   1.000e+00
    552  788879.193     569       0  -6.199391600000000e+07   8.858e+08   1.000e+00
    553  790272.543     570       0  -6.199395600000000e+07   5.987e+08   1.000e+00
    554  791664.167     571       0  -6.199399200000000e+07   4.361e+08   1.000e+00
    555  793058.280     572       0  -6.199402800000000e+07   6.402e+08   1.000e+00
    556  794451.454     573       0  -6.199405600000000e+07   5.631e+08   1.000e+00
    557  795840.155     574       0  -6.199407600000000e+07   4.647e+08   1.000e+00
    558  797231.232     575       0  -6.199413200000000e+07   5.929e+08   1.000e+00
    559  798624.493     576       0  -6.199414800000000e+07   7.538e+08   1.000e+00
    560  800013.996     577       0  -6.199417200000000e+07   4.727e+08   1.000e+00
    561  801409.923     578       0  -6.199421200000000e+07   4.051e+08   1.000e+00
    562  802806.696     579       0  -6.199423600000000e+07   4.209e+08   1.000e+00
    563  804202.145     580       0  -6.199424400000000e+07   1.316e+09   1.000e+00
    564  805596.740     581       0  -6.199429600000000e+07   3.951e+08   1.000e+00
    565  806987.804     582       0  -6.199430800000000e+07   3.599e+08   1.000e+00
    566  808380.171     583       0  -6.199434400000000e+07   4.796e+08   1.000e+00
    567  809772.361     584       0  -6.199436000000000e+07   1.190e+09   1.000e+00
    568  811164.724     585       0  -6.199440400000000e+07   5.072e+08   1.000e+00
    569  812554.570     586       0  -6.199442400000000e+07   3.981e+08   1.000e+00
    570  813949.656     587       0  -6.199445600000000e+07   4.425e+08   1.000e+00
    571  815344.745     588       0  -6.199448400000000e+07   9.001e+08   1.000e+00
    572  816735.502     589       0  -6.199452400000000e+07   4.354e+08   1.000e+00
    573  818126.914     590       0  -6.199454400000000e+07   3.789e+08   1.000e+00
    574  819530.854     591       0  -6.199457200000000e+07   5.536e+08   1.000e+00
    575  820938.819     592       0  -6.199460400000000e+07   9.303e+08   1.000e+00
    576  822336.837     593       0  -6.199463600000000e+07   5.139e+08   1.000e+00
    577  823734.586     594       0  -6.199466800000000e+07   4.384e+08   1.000e+00
    578  825136.007     595       0  -6.199469200000000e+07   4.654e+08   1.000e+00
    579  826536.751     596       0  -6.199469600000000e+07   1.522e+09   1.000e+00
    580  827933.334     597       0  -6.199474800000000e+07   4.437e+08   1.000e+00
    581  829336.335     598       0  -6.199476400000000e+07   3.412e+08   1.000e+00
    582  830740.919     599       0  -6.199479200000000e+07   4.450e+08   1.000e+00
    583  832146.614     600       0  -6.199482400000000e+07   5.661e+08   1.000e+00
    584  833556.097     601       0  -6.199483200000000e+07   1.471e+09   1.000e+00
    585  834957.126     602       0  -6.199489200000000e+07   4.248e+08   1.000e+00
    586  836361.722     603       0  -6.199490800000000e+07   3.522e+08   1.000e+00
    587  837765.045     604       0  -6.199492800000000e+07   4.137e+08   1.000e+00
    588  839162.854     605       0  -6.199496000000000e+07   9.456e+08   1.000e+00
    589  840562.961     606       0  -6.199500000000000e+07   5.273e+08   1.000e+00
    590  841968.347     607       0  -6.199502400000000e+07   3.989e+08   1.000e+00
    591  843370.397     608       0  -6.199504800000000e+07   5.016e+08   1.000e+00
    592  844772.677     609       0  -6.199506800000000e+07   8.601e+08   1.000e+00
    593  846175.126     610       0  -6.199510400000000e+07   4.658e+08   1.000e+00
    594  847578.811     611       0  -6.199512000000000e+07   4.191e+08   1.000e+00
    595  848968.465     612       0  -6.199514800000000e+07   4.793e+08   1.000e+00
    596  850353.184     613       0  -6.199518400000000e+07   1.075e+09   1.000e+00
    597  851742.348     614       0  -6.199522000000000e+07   5.322e+08   1.000e+00
    598  853130.159     615       0  -6.199524400000000e+07   3.780e+08   1.000e+00
    599  854535.981     616       0  -6.199526800000000e+07   4.495e+08   1.000e+00
    600  855936.573     617       0  -6.199529200000000e+07   8.414e+08   1.000e+00
    601  857340.765     618       0  -6.199532400000000e+07   4.933e+08   1.000e+00
    602  858740.273     619       0  -6.199534800000000e+07   4.324e+08   1.000e+00
    603  860142.834     620       0  -6.199538400000000e+07   5.158e+08   1.000e+00
    604  861548.982     621       0  -6.199539600000000e+07   1.227e+09   1.000e+00
    605  862953.114     622       0  -6.199543200000000e+07   4.629e+08   1.000e+00
    606  864344.810     623       0  -6.199546000000000e+07   3.537e+08   1.000e+00
    607  865733.175     624       0  -6.199547600000000e+07   4.400e+08   1.000e+00
    608  867135.237     625       0  -6.199550800000000e+07   6.169e+08   1.000e+00
    609  868540.322     626       0  -6.199553200000000e+07   1.022e+09   1.000e+00
    610  869943.932     627       0  -6.199557200000000e+07   4.033e+08   1.000e+00
    611  871346.688     628       0  -6.199558800000000e+07   3.893e+08   1.000e+00
    612  872751.588     629       0  -6.199560800000000e+07   4.654e+08   1.000e+00
    613  874155.833     630       0  -6.199562000000000e+07   1.339e+09   1.000e+00
    614  875556.713     631       0  -6.199566000000000e+07   5.278e+08   1.000e+00
    615  876959.861     632       0  -6.199567200000000e+07   3.519e+08   1.000e+00
    616  878361.897     633       0  -6.199569600000000e+07   4.342e+08   1.000e+00
    617  879767.790     634       0  -6.199572800000000e+07   4.864e+08   1.000e+00
    618  881171.716     635       0  -6.199574400000000e+07   1.210e+09   1.000e+00
    619  882574.283     636       0  -6.199578800000000e+07   3.806e+08   1.000e+00
    620  883979.718     637       0  -6.199579600000000e+07   3.446e+08   1.000e+00
    621  885383.627     638       0  -6.199583600000000e+07   4.432e+08   1.000e+00
    622  886784.501     639       0  -6.199584400000000e+07   1.329e+09   1.000e+00
    623  888191.159     640       0  -6.199587600000000e+07   4.868e+08   1.000e+00
    624  889594.500     641       0  -6.199589200000000e+07   3.117e+08   1.000e+00
    625  891000.604     642       0  -6.199591600000000e+07   3.836e+08   1.000e+00
    626  892404.582     643       0  -6.199594000000000e+07   4.625e+08   1.000e+00
    627  895145.914     645       0  -6.199595200000000e+07   6.993e+08   4.563e-01
    628  896516.769     646       0  -6.199598400000000e+07   3.695e+08   1.000e+00
    629  897886.821     647       0  -6.199600400000000e+07   3.478e+08   1.000e+00
    630  899256.402     648       0  -6.199603200000000e+07   4.315e+08   1.000e+00
    631  901969.719     650       0  -6.199604400000000e+07   6.885e+08   5.000e-01
    632  903340.229     651       0  -6.199607200000000e+07   4.455e+08   1.000e+00
    633  904709.822     652       0  -6.199609600000000e+07   4.028e+08   1.000e+00
    634  906080.295     653       0  -6.199612000000000e+07   5.738e+08   1.000e+00
    635  907452.893     654       0  -6.199613600000000e+07   4.175e+08   1.000e+00
    636  908822.977     655       0  -6.199616000000000e+07   4.255e+08   1.000e+00
    637  910192.282     656       0  -6.199618800000000e+07   6.299e+08   1.000e+00
    638  911561.999     657       0  -6.199620400000000e+07   4.201e+08   1.000e+00
    639  912932.559     658       0  -6.199623600000000e+07   3.677e+08   1.000e+00
    640  914301.549     659       0  -6.199624800000000e+07   5.152e+08   1.000e+00
    641  915670.026     660       0  -6.199627200000000e+07   4.207e+08   1.000e+00
    642  917040.188     661       0  -6.199630000000000e+07   7.190e+08   1.000e+00
    643  918409.652     662       0  -6.199632800000000e+07   4.821e+08   1.000e+00
    644  919779.523     663       0  -6.199633600000000e+07   3.779e+08   1.000e+00
    645  921150.686     664       0  -6.199636800000000e+07   5.097e+08   1.000e+00
    646  922526.033     665       0  -6.199638400000000e+07   7.978e+08   1.000e+00
    647  923895.336     666       0  -6.199640000000000e+07   4.152e+08   1.000e+00
    648  925264.428     667       0  -6.199642800000000e+07   3.070e+08   1.000e+00
    649  926633.540     668       0  -6.199643200000000e+07   3.434e+08   1.000e+00
    650  928003.152     669       0  -6.199645600000000e+07   7.960e+08   1.000e+00
    651  929372.969     670       0  -6.199648000000000e+07   4.157e+08   1.000e+00
    652  930743.298     671       0  -6.199650400000000e+07   3.453e+08   1.000e+00
    653  932142.911     672       0  -6.199652800000000e+07   4.154e+08   1.000e+00
    654  933536.760     673       0  -6.199653600000000e+07   1.114e+09   1.000e+00
    655  934930.932     674       0  -6.199655600000000e+07   4.319e+08   1.000e+00
    656  936334.274     675       0  -6.199657200000000e+07   2.823e+08   1.000e+00
    657  937731.484     676       0  -6.199658800000000e+07   3.581e+08   1.000e+00
    658  939128.307     677       0  -6.199661200000000e+07   5.205e+08   1.000e+00
    659  940522.621     678       0  -6.199663600000000e+07   4.765e+08   1.000e+00
    660  941918.203     679       0  -6.199665200000000e+07   3.352e+08   1.000e+00
    661  943314.820     680       0  -6.199668000000000e+07   4.447e+08   1.000e+00
    662  944711.950     681       0  -6.199669600000000e+07   7.062e+08   1.000e+00
    663  946103.927     682       0  -6.199671600000000e+07   4.140e+08   1.000e+00
    664  947499.943     683       0  -6.199674400000000e+07   3.843e+08   1.000e+00
    665  948894.546     684       0  -6.199676000000000e+07   3.965e+08   1.000e+00
    666  950291.883     685       0  -6.199677600000000e+07   1.133e+09   1.000e+00
    667  951696.444     686       0  -6.199680800000000e+07   3.660e+08   1.000e+00
    668  953093.740     687       0  -6.199682400000000e+07   3.038e+08   1.000e+00
    669  954495.327     688       0  -6.199684000000000e+07   3.665e+08   1.000e+00
    670  955891.750     689       0  -6.199686000000000e+07   8.788e+08   1.000e+00
    671  957288.294     690       0  -6.199688800000000e+07   4.644e+08   1.000e+00
    672  958681.073     691       0  -6.199690400000000e+07   3.350e+08   1.000e+00
    673  960076.008     692       0  -6.199692000000000e+07   3.866e+08   1.000e+00
    674  961469.167     693       0  -6.199693600000000e+07   8.162e+08   1.000e+00
    675  962869.171     694       0  -6.199696400000000e+07   3.717e+08   1.000e+00
    676  964264.133     695       0  -6.199698000000000e+07   3.335e+08   1.000e+00
    677  965662.981     696       0  -6.199700000000000e+07   3.874e+08   1.000e+00
    678  967060.017     697       0  -6.199701200000000e+07   1.084e+09   1.000e+00
    679  968455.151     698       0  -6.199704000000000e+07   4.472e+08   1.000e+00
    680  969850.936     699       0  -6.199704800000000e+07   2.886e+08   1.000e+00
    681  971247.980     700       0  -6.199706400000000e+07   3.359e+08   1.000e+00
    682  972640.792     701       0  -6.199708800000000e+07   4.102e+08   1.000e+00
    683  975377.959     703       0  -6.199710400000000e+07   7.179e+08   5.000e-01
    684  976748.962     704       0  -6.199712400000000e+07   4.116e+08   1.000e+00
    685  978119.149     705       0  -6.199714400000000e+07   3.049e+08   1.000e+00
    686  979488.764     706       0  -6.199716800000000e+07   4.099e+08   1.000e+00
    687  980859.412     707       0  -6.199718400000000e+07   5.921e+08   1.000e+00
    688  982231.263     708       0  -6.199720000000000e+07   3.924e+08   1.000e+00
    689  983609.648     709       0  -6.199722400000000e+07   3.497e+08   1.000e+00
    690  984980.514     710       0  -6.199723600000000e+07   3.902e+08   1.000e+00
    691  986351.869     711       0  -6.199725600000000e+07   3.824e+08   1.000e+00
    692  987723.098     712       0  -6.199727200000000e+07   7.462e+08   1.000e+00
    693  989093.885     713       0  -6.199729600000000e+07   3.359e+08   1.000e+00
    694  990462.946     714       0  -6.199730000000000e+07   3.047e+08   1.000e+00
    695  991835.282     715       0  -6.199732400000000e+07   3.716e+08   1.000e+00
    696  993205.306     716       0  -6.199733200000000e+07   9.724e+08   1.000e+00
    697  994575.851     717       0  -6.199736000000000e+07   3.629e+08   1.000e+00
    698  995945.488     718       0  -6.199737200000000e+07   3.033e+08   1.000e+00
    699  997315.763     719       0  -6.199738800000000e+07   3.642e+08   1.000e+00
    700  998685.565     720       0  -6.199740800000000e+07   6.812e+08   1.000e+00
    701 1000056.105     721       0  -6.199742800000000e+07   3.912e+08   1.000e+00
    702 1001425.232     722       0  -6.199745600000000e+07   2.950e+08   1.000e+00
    703 1002794.519     723       0  -6.199746400000000e+07   4.290e+08   1.000e+00
    704 1004164.108     724       0  -6.199748000000000e+07   5.649e+08   1.000e+00
    705 1005533.991     725       0  -6.199749600000000e+07   3.760e+08   1.000e+00
    706 1006906.590     726       0  -6.199752000000000e+07   3.413e+08   1.000e+00
    707 1008284.475     727       0  -6.199753600000000e+07   4.247e+08   1.000e+00
    708 1009663.636     728       0  -6.199756400000000e+07   3.551e+08   1.000e+00
    709 1011046.533     729       0  -6.199757600000000e+07   6.410e+08   1.000e+00
    710 1012425.467     730       0  -6.199758400000000e+07   3.314e+08   1.000e+00
    711 1013804.615     731       0  -6.199760000000000e+07   2.948e+08   1.000e+00
    712 1015180.834     732       0  -6.199761200000000e+07   3.581e+08   1.000e+00
    713 1016560.409     733       0  -6.199763200000000e+07   7.070e+08   1.000e+00
    714 1017940.636     734       0  -6.199766000000000e+07   4.150e+08   1.000e+00
    715 1019318.979     735       0  -6.199767600000000e+07   3.053e+08   1.000e+00
    716 1020696.492     736       0  -6.199769200000000e+07   3.839e+08   1.000e+00
    717 1022078.498     737       0  -6.199770400000000e+07   6.764e+08   1.000e+00
    718 1023457.824     738       0  -6.199771200000000e+07   3.756e+08   1.000e+00
    719 1024835.688     739       0  -6.199773600000000e+07   2.881e+08   1.000e+00
    720 1026211.688     740       0  -6.199774400000000e+07   3.251e+08   1.000e+00
    721 1027588.453     741       0  -6.199776000000000e+07   8.025e+08   1.000e+00
    722 1028966.792     742       0  -6.199778400000000e+07   3.243e+08   1.000e+00
    723 1030343.002     743       0  -6.199779200000000e+07   2.846e+08   1.000e+00
    724 1031719.457     744       0  -6.199780800000000e+07   3.334e+08   1.000e+00
    725 1033096.573     745       0  -6.199781600000000e+07   1.115e+09   1.000e+00
    726 1034475.416     746       0  -6.199783600000000e+07   3.896e+08   1.000e+00
    727 1035852.018     747       0  -6.199784800000000e+07   2.564e+08   1.000e+00
    728 1037228.433     748       0  -6.199786800000000e+07   3.277e+08   1.000e+00
    729 1038607.210     749       0  -6.199788000000000e+07   3.782e+08   1.000e+00
    730 1041327.835     751       0  -6.199789600000000e+07   5.197e+08   4.662e-01
    731 1042701.463     752       0  -6.199790800000000e+07   2.631e+08   1.000e+00
    732 1044072.836     753       0  -6.199791600000000e+07   2.836e+08   1.000e+00
    733 1045441.504     754       0  -6.199792800000000e+07   3.907e+08   1.000e+00
    734 1046810.642     755       0  -6.199794400000000e+07   7.023e+08   1.000e+00
    735 1048181.010     756       0  -6.199796400000000e+07   3.568e+08   1.000e+00
    736 1049550.323     757       0  -6.199797600000000e+07   3.070e+08   1.000e+00
    737 1050920.780     758       0  -6.199799200000000e+07   3.230e+08   1.000e+00
    738 1053631.304     760       0  -6.199799600000000e+07   6.069e+08   4.622e-01
    739 1055002.187     761       0  -6.199802000000000e+07   3.194e+08   1.000e+00
    740 1056378.090     762       0  -6.199802800000000e+07   2.482e+08   1.000e+00
    741 1057747.600     763       0  -6.199804400000000e+07   3.220e+08   1.000e+00
    742 1059117.924     764       0  -6.199806000000000e+07   6.466e+08   1.000e+00
    743 1060486.360     765       0  -6.199807200000000e+07   3.481e+08   1.000e+00
    744 1061856.413     766       0  -6.199808800000000e+07   2.828e+08   1.000e+00
    745 1063225.158     767       0  -6.199810000000000e+07   3.248e+08   1.000e+00
    746 1064595.410     768       0  -6.199810800000000e+07   9.767e+08   1.000e+00
    747 1065965.371     769       0  -6.199812400000000e+07   3.427e+08   1.000e+00
    748 1067335.724     770       0  -6.199814000000000e+07   2.281e+08   1.000e+00
    749 1068705.830     771       0  -6.199814800000000e+07   2.948e+08   1.000e+00
    750 1070075.917     772       0  -6.199816400000000e+07   3.787e+08   1.000e+00
    751 1071447.857     773       0  -6.199816800000000e+07   9.573e+08   1.000e+00
    752 1072820.384     774       0  -6.199820000000000e+07   3.105e+08   1.000e+00
    753 1074191.072     775       0  -6.199820400000000e+07   2.576e+08   1.000e+00
    754 1075561.315     776       0  -6.199821600000000e+07   3.064e+08   1.000e+00
    755 1076931.482     777       0  -6.199822800000000e+07   7.986e+08   1.000e+00
    756 1078300.667     778       0  -6.199824800000000e+07   3.759e+08   1.000e+00
    757 1079670.631     779       0  -6.199825600000000e+07   2.610e+08   1.000e+00
    758 1081039.958     780       0  -6.199826400000000e+07   3.046e+08   1.000e+00
    759 1082409.428     781       0  -6.199828800000000e+07   3.868e+08   1.000e+00
    760 1085120.600     783       0  -6.199829200000000e+07   5.209e+08   4.069e-01
    761 1086494.204     784       0  -6.199831200000000e+07   3.064e+08   1.000e+00
    762 1087864.680     785       0  -6.199832400000000e+07   2.757e+08   1.000e+00
    763 1089233.848     786       0  -6.199834400000000e+07   4.345e+08   1.000e+00
    764 1090602.905     787       0  -6.199835200000000e+07   3.917e+08   1.000e+00
    765 1091971.838     788       0  -6.199836800000000e+07   3.090e+08   1.000e+00
    766 1093341.761     789       0  -6.199838800000000e+07   4.063e+08   1.000e+00
    767 1094711.498     790       0  -6.199840000000000e+07   4.263e+08   1.000e+00
    768 1096081.400     791       0  -6.199840800000000e+07   3.103e+08   1.000e+00
    769 1097451.717     792       0  -6.199842400000000e+07   2.849e+08   1.000e+00
    770 1098820.796     793       0  -6.199843600000000e+07   5.027e+08   1.000e+00
    771 1100191.233     794       0  -6.199844000000000e+07   3.495e+08   1.000e+00
    772 1101565.413     795       0  -6.199846400000000e+07   2.798e+08   1.000e+00
    773 1102936.014     796       0  -6.199846800000000e+07   3.793e+08   1.000e+00
    774 1104305.898     797       0  -6.199848400000000e+07   3.535e+08   1.000e+00
    775 1105675.231     798       0  -6.199849600000000e+07   9.386e+08   1.000e+00
    776 1107044.960     799       0  -6.199851600000000e+07   2.853e+08   1.000e+00
    777 1132561.491     818       0  -6.199851600000000e+07   2.853e+08   3.808e-06
# Termination: function reduction test satisfied
# Iter.   Time (ms)    Eval. Reject.       Obj. Func.           Grad.       Step
# ---------------------------------------------------------------------------------
      0    1339.884       1       0  -6.149166000000000e+07   1.614e+10   0.000e+00
      1   17423.870      13       0  -6.156519600000000e+07   3.395e+10   8.469e-16
      2   18787.565      14       0  -6.164893600000000e+07   2.259e+10   1.000e+00
      3   20152.788      15       0  -6.171127600000000e+07   2.165e+10   1.000e+00
      4   21519.115      16       0  -6.176054400000000e+07   2.215e+10   1.000e+00
      5   22886.656      17       0  -6.179100400000000e+07   2.139e+10   1.000e+00
      6   24255.511      18       0  -6.181492800000000e+07   1.219e+10   1.000e+00
      7   25624.158      19       0  -6.182987200000000e+07   9.732e+09   1.000e+00
      8   26992.594      20       0  -6.184284000000000e+07   1.033e+10   1.000e+00
      9   28361.985      21       0  -6.185207200000000e+07   1.350e+10   1.000e+00
     10   29733.482      22       0  -6.186010400000000e+07   6.936e+09   1.000e+00
     11   31105.456      23       0  -6.186491600000000e+07   6.153e+09   1.000e+00
     12   32473.735      24       0  -6.187012400000000e+07   6.282e+09   1.000e+00
     13   33841.736      25       0  -6.187198800000000e+07   1.477e+10   1.000e+00
     14   35211.309      26       0  -6.187839600000000e+07   5.102e+09   1.000e+00
     15   36580.039      27       0  -6.188053600000000e+07   4.014e+09   1.000e+00
     16   37949.163      28       0  -6.188309200000000e+07   4.730e+09   1.000e+00
     17   39320.573      29       0  -6.188706400000000e+07   7.482e+09   1.000e+00
     18   40689.852      30       0  -6.189043600000000e+07   6.657e+09   1.000e+00
     19   42058.697      31       0  -6.189296800000000e+07   3.795e+09   1.000e+00
     20   43428.074      32       0  -6.189562800000000e+07   4.103e+09   1.000e+00
     21   44799.575      33       0  -6.189760400000000e+07   5.287e+09   1.000e+00
     22   46168.400      34       0  -6.190002400000000e+07   3.765e+09   1.000e+00
     23   47536.076      35       0  -6.190212400000000e+07   3.760e+09   1.000e+00
     24   48904.684      36       0  -6.190397600000000e+07   5.219e+09   1.000e+00
     25   50272.582      37       0  -6.190568800000000e+07   3.584e+09   1.000e+00
     26   51641.028      38       0  -6.190728400000000e+07   3.353e+09   1.000e+00
     27   53010.597      39       0  -6.190892800000000e+07   4.206e+09   1.000e+00
     28   54379.217      40       0  -6.191012800000000e+07   6.278e+09   1.000e+00
     29   55748.930      41       0  -6.191164800000000e+07   3.060e+09   1.000e+00
     30   57117.542      42       0  -6.191274400000000e+07   2.805e+09   1.000e+00
     31   58488.747      43       0  -6.191385200000000e+07   3.130e+09   1.000e+00
     32   59862.711      44       0  -6.191476800000000e+07   7.366e+09   1.000e+00
     33   61241.847      45       0  -6.191648400000000e+07   2.809e+09   1.000e+00
     34   62620.387      46       0  -6.191736400000000e+07   2.562e+09   1.000e+00
     35   63996.315      47       0  -6.191839600000000e+07   2.980e+09   1.000e+00
     36   65374.590      48       0  -6.191970800000000e+07   5.641e+09   1.000e+00
     37   66750.651      49       0  -6.192107600000000e+07   3.024e+09   1.000e+00
     38   68123.979      50       0  -6.192182800000000e+07   2.289e+09   1.000e+00
     39   69503.320      51       0  -6.192298800000000e+07   2.534e+09   1.000e+00
     40   70879.145      52       0  -6.192377200000000e+07   5.148e+09   1.000e+00
     41   72254.120      53       0  -6.192484400000000e+07   2.846e+09   1.000e+00
     42   73630.604      54       0  -6.192580000000000e+07   2.281e+09   1.000e+00
     43   75008.148      55       0  -6.192656000000000e+07   2.569e+09   1.000e+00
     44   76386.903      56       0  -6.192734000000000e+07   5.906e+09   1.000e+00
     45   77763.563      57       0  -6.192849200000000e+07   2.475e+09   1.000e+00
     46   79138.555      58       0  -6.192902800000000e+07   1.984e+09   1.000e+00
     47   80514.423      59       0  -6.192969200000000e+07   2.326e+09   1.000e+00
     48   81890.574      60       0  -6.193048400000000e+07   4.509e+09   1.000e+00
     49   83264.276      61       0  -6.193140000000000e+07   2.478e+09   1.000e+00
     50   84643.072      62       0  -6.193202400000000e+07   1.899e+09   1.000e+00
     51   86019.994      63       0  -6.193266000000000e+07   2.399e+09   1.000e+00
     52   87398.740      64       0  -6.193316000000000e+07   3.340e+09   1.000e+00
     53   88777.089      65       0  -6.193368400000000e+07   1.937e+09   1.000e+00
     54   90157.048      66       0  -6.193427600000000e+07   1.793e+09   1.000e+00
     55   91534.559      67       0  -6.193472400000000e+07   1.969e+09   1.000e+00
     56   92912.593      68       0  -6.193506000000000e+07   4.863e+09   1.000e+00
     57   94290.644      69       0  -6.193580800000000e+07   1.683e+09   1.000e+00
     58   95666.559      70       0  -6.193605200000000e+07   1.360e+09   1.000e+00
     59   97042.628      71       0  -6.193641200000000e+07   1.666e+09   1.000e+00
     60   98415.794      72       0  -6.193674000000000e+07   3.912e+09   1.000e+00
     61   99794.274      73       0  -6.193719600000000e+07   1.899e+09   1.000e+00
     62  101167.034      74       0  -6.193753600000000e+07   1.358e+09   1.000e+00
     63  102544.616      75       0  -6.193778000000000e+07   1.491e+09   1.000e+00
     64  103927.181      76       0  -6.193822800000000e+07   2.314e+09   1.000e+00
     65  105303.184      77       0  -6.193854000000000e+07   2.362e+09   1.000e+00
     66  106679.276      78       0  -6.193882400000000e+07   1.256e+09   1.000e+00
     67  108056.380      79       0  -6.193912000000000e+07   1.462e+09   1.000e+00
     68  109433.431      80       0  -6.193945200000000e+07   1.637e+09   1.000e+00
     69  110810.735      81       0  -6.193974000000000e+07   3.516e+09   1.000e+00
     70  112188.161      82       0  -6.194015600000000e+07   1.431e+09   1.000e+00
     71  113567.664      83       0  -6.194034400000000e+07   1.263e+09   1.000e+00
     72  114942.996      84       0  -6.194058400000000e+07   1.378e+09   1.000e+00
     73  116319.494      85       0  -6.194090800000000e+07   2.945e+09   1.000e+00
     74  117696.602      86       0  -6.194126000000000e+07   1.569e+09   1.000e+00
     75  119079.759      87       0  -6.194151200000000e+07   1.201e+09   1.000e+00
     76  120464.174      88       0  -6.194179200000000e+07   1.536e+09   1.000e+00
     77  121844.172      89       0  -6.194201600000000e+07   2.558e+09   1.000e+00
     78  123222.647      90       0  -6.194229200000000e+07   1.441e+09   1.000e+00
     79  124598.393      91       0  -6.194258000000000e+07   1.267e+09   1.000e+00
     80  125972.043      92       0  -6.194280000000000e+07   1.449e+09   1.000e+00
     81  127350.819      93       0  -6.194301200000000e+07   3.495e+09   1.000e+00
     82  128728.601      94       0  -6.194339600000000e+07   1.367e+09   1.000e+00
     83  130106.634      95       0  -6.194358000000000e+07   1.184e+09   1.000e+00
     84  131483.470      96       0  -6.194380800000000e+07   1.437e+09   1.000e+00
     85  132859.662      97       0  -6.194417600000000e+07   2.308e+09   1.000e+00
     86  134251.942      98       0  -6.194450800000000e+07   1.970e+09   1.000e+00
     87  135637.337      99       0  -6.194474800000000e+07   1.161e+09   1.000e+00
     88  137027.160     100       0  -6.194502000000000e+07   1.310e+09   1.000e+00
     89  138414.221     101       0  -6.194523600000000e+07   1.689e+09   1.000e+00
     90  139801.678     102       0  -6.194555600000000e+07   1.471e+09   1.000e+00
     91  141189.717     103       0  -6.194586800000000e+07   1.514e+09   1.000e+00
     92  142566.358     104       0  -6.194616400000000e+07   1.777e+09   1.000e+00
     93  143942.562     105       0  -6.194642000000000e+07   1.431e+09   1.000e+00
     94  145317.561     106       0  -6.194670000000000e+07   1.366e+09   1.000e+00
     95  146693.922     107       0  -6.194696000000000e+07   2.040e+09   1.000e+00
     96  148071.056     108       0  -6.194724000000000e+07   1.650e+09   1.000e+00
     97  149451.110     109       0  -6.194746800000000e+07   1.307e+09   1.000e+00
     98  150829.854     110       0  -6.194774000000000e+07   1.376e+09   1.000e+00
     99  152207.125     111       0  -6.194795600000000e+07   1.597e+09   1.000e+00
    100  153585.497     112       0  -6.194819600000000e+07   1.377e+09   1.000e+00
    101  154962.636     113       0  -6.194859200000000e+07   1.625e+09   1.000e+00
    102  156338.765     114       0  -6.194882800000000e+07   2.489e+09   1.000e+00
    103  157715.544     115       0  -6.194910800000000e+07   1.540e+09   1.000e+00
    104  159093.722     116       0  -6.194948000000000e+07   1.298e+09   1.000e+00
    105  160470.392     117       0  -6.194978000000000e+07   1.672e+09   1.000e+00
    106  161846.412     118       0  -6.195012800000000e+07   2.276e+09   1.000e+00
    107  163223.747     119       0  -6.195042800000000e+07   1.644e+09   1.000e+00
    108  164601.539     120       0  -6.195066800000000e+07   1.420e+09   1.000e+00
    109  165978.870     121       0  -6.195100400000000e+07   1.471e+09   1.000e+00
    110  167355.429     122       0  -6.195119200000000e+07   3.516e+09   1.000e+00
    111  168734.036     123       0  -6.195156000000000e+07   1.597e+09   1.000e+00
    112  170111.135     124       0  -6.195182400000000e+07   1.228e+09   1.000e+00
    113  171486.442     125       0  -6.195204800000000e+07   1.349e+09   1.000e+00
    114  172862.751     126       0  -6.195232000000000e+07   2.773e+09   1.000e+00
    115  174237.813     127       0  -6.195267600000000e+07   1.295e+09   1.000e+00
    116  175616.082     128       0  -6.195288400000000e+07   1.248e+09   1.000e+00
    117  176993.806     129       0  -6.195321600000000e+07   1.598e+09   1.000e+00
    118  178371.636     130       0  -6.195333600000000e+07   3.993e+09   1.000e+00
    119  179749.038     131       0  -6.195374000000000e+07   1.573e+09   1.000e+00
    120  181129.327     132       0  -6.195396400000000e+07   1.124e+09   1.000e+00
    121  182507.469     133       0  -6.195420000000000e+07   1.416e+09   1.000e+00
    122  183885.869     134       0  -6.195456000000000e+07   1.893e+09   1.000e+00
    123  185266.646     135       0  -6.195476000000000e+07   3.323e+09   1.000e+00
    124  186643.775     136       0  -6.195512400000000e+07   1.187e+09   1.000e+00
    125  188022.239     137       0  -6.195528400000000e+07   1.174e+09   1.000e+00
    126  189403.279     138       0  -6.195552400000000e+07   1.469e+09   1.000e+00
    127  190778.691     139       0  -6.195579200000000e+07   3.353e+09   1.000e+00
    128  192156.240     140       0  -6.195616800000000e+07   1.651e+09   1.000e+00
    129  193530.734     141       0  -6.195640400000000e+07   1.202e+09   1.000e+00
    130  194912.267     142       0  -6.195661200000000e+07   1.390e+09   1.000e+00
    131  196291.323     143       0  -6.195686400000000e+07   2.449e+09   1.000e+00
    132  197667.600     144       0  -6.195715600000000e+07   1.375e+09   1.000e+00
    133  199043.090     145       0  -6.195739600000000e+07   1.195e+09   1.000e+00
    134  200419.088     146       0  -6.195767600000000e+07   1.562e+09   1.000e+00
    135  201796.534     147       0  -6.195786000000000e+07   2.885e+09   1.000e+00
    136  203173.888     148       0  -6.195814800000000e+07   1.417e+09   1.000e+00
    137  204551.581     149       0  -6.195838800000000e+07   1.186e+09   1.000e+00
    138  205928.025     150       0  -6.195858000000000e+07   1.346e+09   1.000e+00
    139  207312.060     151       0  -6.195884400000000e+07   3.393e+09   1.000e+00
    140  208700.112     152       0  -6.195919200000000e+07   1.480e+09   1.000e+00
    141  210092.872     153       0  -6.195937200000000e+07   1.088e+09   1.000e+00
    142  211479.007     154       0  -6.195956400000000e+07   1.297e+09   1.000e+00
    143  212865.883     155       0  -6.195980000000000e+07   2.132e+09   1.000e+00
    144  214253.986     156       0  -6.196007200000000e+07   1.445e+09   1.000e+00
    145  215641.405     157       0  -6.196029200000000e+07   1.168e+09   1.000e+00
    146  217030.165     158       0  -6.196059200000000e+07   1.814e+09   1.000e+00
    147  218418.846     159       0  -6.196077200000000e+07   2.110e+09   1.000e+00
    148  219824.058     160       0  -6.196094800000000e+07   1.240e+09   1.000e+00
    149  221235.253     161       0  -6.196120400000000e+07   1.135e+09   1.000e+00
    150  222645.672     162       0  -6.196139200000000e+07   1.280e+09   1.000e+00
    151  224071.749     163       0  -6.196147200000000e+07   3.716e+09   1.000e+00
    152  225492.751     164       0  -6.196185600000000e+07   1.056e+09   1.000e+00
    153  226915.222     165       0  -6.196195600000000e+07   9.067e+08   1.000e+00
    154  228337.513     166       0  -6.196213600000000e+07   1.063e+09   1.000e+00
    155  229760.174     167       0  -6.196231200000000e+07   2.631e+09   1.000e+00
    156  231180.988     168       0  -6.196255600000000e+07   1.351e+09   1.000e+00
    157  232600.182     169       0  -6.196274400000000e+07   1.005e+09   1.000e+00
    158  234024.689     170       0  -6.196290800000000e+07   1.199e+09   1.000e+00
    159  235443.798     171       0  -6.196307600000000e+07   2.427e+09   1.000e+00
    160  236846.698     172       0  -6.196329600000000e+07   1.112e+09   1.000e+00
    161  238225.639     173       0  -6.196343200000000e+07   9.755e+08   1.000e+00
    162  239614.144     174       0  -6.196358800000000e+07   1.196e+09   1.000e+00
    163  241006.046     175       0  -6.196372800000000e+07   2.853e+09   1.000e+00
    164  242390.116     176       0  -6.196396800000000e+07   1.299e+09   1.000e+00
    165  243772.899     177       0  -6.196412800000000e+07   9.869e+08   1.000e+00
    166  245149.224     178       0  -6.196426400000000e+07   1.106e+09   1.000e+00
    167  246534.016     179       0  -6.196451600000000e+07   1.479e+09   1.000e+00
    168  247922.853     180       0  -6.196456800000000e+07   3.001e+09   1.000e+00
    169  249331.059     181       0  -6.196483600000000e+07   9.391e+08   1.000e+00
    170  250735.270     182       0  -6.196491600000000e+07   8.545e+08   1.000e+00
    171  252139.826     183       0  -6.196507600000000e+07   1.129e+09   1.000e+00
    172  253539.679     184       0  -6.196521200000000e+07   2.780e+09   1.000e+00
    173  254945.384     185       0  -6.196542400000000e+07   1.323e+09   1.000e+00
    174  256347.209     186       0  -6.196557600000000e+07   9.274e+08   1.000e+00
    175  257752.950     187       0  -6.196568800000000e+07   1.035e+09   1.000e+00
    176  259155.546     188       0  -6.196590000000000e+07   1.372e+09   1.000e+00
    177  260559.685     189       0  -6.196598000000000e+07   2.631e+09   1.000e+00
    178  261963.702     190       0  -6.196620800000000e+07   9.079e+08   1.000e+00
    179  263365.019     191       0  -6.196630400000000e+07   9.101e+08   1.000e+00
    180  264771.199     192       0  -6.196646400000000e+07   1.156e+09   1.000e+00
    181  266175.862     193       0  -6.196653200000000e+07   3.431e+09   1.000e+00
    182  267581.489     194       0  -6.196678800000000e+07   1.180e+09   1.000e+00
    183  268994.254     195       0  -6.196688400000000e+07   8.258e+08   1.000e+00
    184  270400.649     196       0  -6.196699200000000e+07   1.021e+09   1.000e+00
    185  271811.199     197       0  -6.196717600000000e+07   1.158e+09   1.000e+00
    186  273216.411     198       0  -6.196721600000000e+07   3.417e+09   1.000e+00
    187  274617.614     199       0  -6.196753200000000e+07   1.022e+09   1.000e+00
    188  276023.463     200       0  -6.196763200000000e+07   7.473e+08   1.000e+00
    189  277427.988     201       0  -6.196778800000000e+07   1.022e+09   1.000e+00
    190  278827.689     202       0  -6.196792400000000e+07   2.383e+09   1.000e+00
    191  280231.988     203       0  -6.196810000000000e+07   1.263e+09   1.000e+00
    192  281634.244     204       0  -6.196826400000000e+07   8.943e+08   1.000e+00
    193  283035.585     205       0  -6.196837600000000e+07   1.044e+09   1.000e+00
    194  284441.054     206       0  -6.196852400000000e+07   2.296e+09   1.000e+00
    195  285843.565     207       0  -6.196871600000000e+07   1.073e+09   1.000e+00
    196  287248.860     208       0  -6.196881600000000e+07   9.367e+08   1.000e+00
    197  288652.302     209       0  -6.196896800000000e+07   1.013e+09   1.000e+00
    198  290050.803     210       0  -6.196905600000000e+07   2.627e+09   1.000e+00
    199  291451.682     211       0  -6.196924000000000e+07   1.065e+09   1.000e+00
    200  292857.180     212       0  -6.196934800000000e+07   8.396e+08   1.000e+00
    201  294261.874     213       0  -6.196946400000000e+07   1.038e+09   1.000e+00
    202  295664.871     214       0  -6.196964000000000e+07   1.735e+09   1.000e+00
    203  297072.271     215       0  -6.196980800000000e+07   1.497e+09   1.000e+00
    204  298476.085     216       0  -6.196994400000000e+07   8.300e+08   1.000e+00
    205  299879.617     217       0  -6.197007600000000e+07   9.247e+08   1.000e+00
    206  301303.247     218       0  -6.197018800000000e+07   1.071e+09   1.000e+00
    207  302708.249     219       0  -6.197034800000000e+07   1.693e+09   1.000e+00
    208  304113.138     220       0  -6.197049200000000e+07   1.044e+09   1.000e+00
    209  305517.423     221       0  -6.197060000000000e+07   9.844e+08   1.000e+00
    210  306920.721     222       0  -6.197074400000000e+07   1.041e+09   1.000e+00
    211  308324.927     223       0  -6.197081200000000e+07   2.883e+09   1.000e+00
    212  309729.540     224       0  -6.197102000000000e+07   1.002e+09   1.000e+00
    213  311136.183     225       0  -6.197111200000000e+07   7.864e+08   1.000e+00
    214  312543.430     226       0  -6.197122400000000e+07   9.288e+08   1.000e+00
    215  313953.046     227       0  -6.197137200000000e+07   1.634e+09   1.000e+00
    216  315359.415     228       0  -6.197152800000000e+07   1.139e+09   1.000e+00
    217  316762.066     229       0  -6.197163600000000e+07   7.972e+08   1.000e+00
    218  318166.146     230       0  -6.197178000000000e+07   1.036e+09   1.000e+00
    219  319572.269     231       0  -6.197188000000000e+07   1.694e+09   1.000e+00
    220  320977.088     232       0  -6.197200000000000e+07   1.058e+09   1.000e+00
    221  322384.482     233       0  -6.197218000000000e+07   9.424e+08   1.000e+00
    222  323788.045     234       0  -6.197230400000000e+07   1.028e+09   1.000e+00
    223  325192.012     235       0  -6.197234000000000e+07   3.209e+09   1.000e+00
    224  326594.421     236       0  -6.197260400000000e+07   8.631e+08   1.000e+00
    225  328000.795     237       0  -6.197266800000000e+07   6.904e+08   1.000e+00
    226  329407.382     238       0  -6.197278400000000e+07   8.880e+08   1.000e+00
    227  330814.966     239       0  -6.197290000000000e+07   2.174e+09   1.000e+00
    228  332220.154     240       0  -6.197304800000000e+07   1.175e+09   1.000e+00
    229  333620.461     241       0  -6.197318400000000e+07   8.278e+08   1.000e+00
    230  335023.064     242       0  -6.197328000000000e+07   9.121e+08   1.000e+00
    231  336426.698     243       0  -6.197338800000000e+07   2.171e+09   1.000e+00
    232  337832.605     244       0  -6.197354400000000e+07   8.843e+08   1.000e+00
    233  339244.343     245       0  -6.197362400000000e+07   7.987e+08   1.000e+00
    234  340664.313     246       0  -6.197374400000000e+07   9.861e+08   1.000e+00
    235  342106.229     247       0  -6.197386400000000e+07   2.181e+09   1.000e+00
    236  343558.162     248       0  -6.197403200000000e+07   1.039e+09   1.000e+00
    237  345008.865     249       0  -6.197412400000000e+07   7.604e+08   1.000e+00
    238  346455.478     250       0  -6.197420400000000e+07   8.779e+08   1.000e+00
    239  347899.831     251       0  -6.197433200000000e+07   1.580e+09   1.000e+00
    240  349347.958     252       0  -6.197447200000000e+07   1.021e+09   1.000e+00
    241  350792.252     253       0  -6.197457600000000e+07   7.880e+08   1.000e+00
    242  352240.744     254       0  -6.197468400000000e+07   1.066e+09   1.000e+00
    243  353690.561     255       0  -6.197476800000000e+07   1.415e+09   1.000e+00
    244  355140.243     256       0  -6.197485600000000e+07   9.243e+08   1.000e+00
    245  356583.967     257       0  -6.197500400000000e+07   8.017e+08   1.000e+00
    246  358032.955     258       0  -6.197508400000000e+07   9.992e+08   1.000e+00
    247  359484.639     259       0  -6.197523600000000e+07   9.705e+08   1.000e+00
    248  360934.933     260       0  -6.197532400000000e+07   1.879e+09   1.000e+00
    249  362381.702     261       0  -6.197543600000000e+07   8.946e+08   1.000e+00
    250  363829.884     262       0  -6.197552400000000e+07   7.175e+08   1.000e+00
    251  365276.220     263       0  -6.197560400000000e+07   8.334e+08   1.000e+00
    252  366722.137     264       0  -6.197570000000000e+07   1.839e+09   1.000e+00
    253  368167.571     265       0  -6.197583600000000e+07   9.053e+08   1.000e+00
    254  369620.681     266       0  -6.197590400000000e+07   7.750e+08   1.000e+00
    255  371071.362     267       0  -6.197601200000000e+07   8.965e+08   1.000e+00
    256  372519.957     268       0  -6.197606400000000e+07   2.339e+09   1.000e+00
    257  373971.329     269       0  -6.197618800000000e+07   9.230e+08   1.000e+00
    258  375415.958     270       0  -6.197627200000000e+07   6.611e+08   1.000e+00
    259  376860.194     271       0  -6.197634800000000e+07   8.286e+08   1.000e+00
    260  378304.424     272       0  -6.197645600000000e+07   1.370e+09   1.000e+00
    261  379756.481     273       0  -6.197657200000000e+07   1.037e+09   1.000e+00
    262  381204.520     274       0  -6.197665600000000e+07   6.740e+08   1.000e+00
    263  382656.231     275       0  -6.197676400000000e+07   8.489e+08   1.000e+00
    264  384103.410     276       0  -6.197684000000000e+07   1.347e+09   1.000e+00
    265  385546.758     277       0  -6.197694400000000e+07   8.681e+08   1.000e+00
    266  386993.133     278       0  -6.197707200000000e+07   7.593e+08   1.000e+00
    267  388441.180     279       0  -6.197716000000000e+07   1.141e+09   1.000e+00
    268  389895.045     280       0  -6.197728400000000e+07   9.220e+08   1.000e+00
    269  391344.031     281       0  -6.197737600000000e+07   8.528e+08   1.000e+00
    270  392792.333     282       0  -6.197748000000000e+07   9.458e+08   1.000e+00
    271  394239.570     283       0  -6.197756000000000e+07   8.619e+08   1.000e+00
    272  395683.822     284       0  -6.197767200000000e+07   8.283e+08   1.000e+00
    273  397127.996     285       0  -6.197777200000000e+07   1.675e+09   1.000e+00
    274  398575.403     286       0  -6.197788000000000e+07   9.046e+08   1.000e+00
    275  400023.906     287       0  -6.197793600000000e+07   7.304e+08   1.000e+00
    276  401473.059     288       0  -6.197802400000000e+07   8.146e+08   1.000e+00
    277  402920.531     289       0  -6.197806400000000e+07   2.116e+09   1.000e+00
    278  404363.640     290       0  -6.197818800000000e+07   8.168e+08   1.000e+00
    279  405812.337     291       0  -6.197824800000000e+07   6.230e+08   1.000e+00
    280  407259.949     292       0  -6.197832400000000e+07   7.818e+08   1.000e+00
    281  408704.541     293       0  -6.197843600000000e+07   1.147e+09   1.000e+00
    282  410152.656     294       0  -6.197851200000000e+07   1.675e+09   1.000e+00
    283  411599.269     295       0  -6.197861200000000e+07   6.916e+08   1.000e+00
    284  413047.700     296       0  -6.197867600000000e+07   7.602e+08   1.000e+00
    285  414496.643     297       0  -6.197876400000000e+07   9.290e+08   1.000e+00
    286  415942.737     298       0  -6.197885200000000e+07   2.257e+09   1.000e+00
    287  417387.971     299       0  -6.197898000000000e+07   1.025e+09   1.000e+00
    288  418837.143     300       0  -6.197905600000000e+07   7.261e+08   1.000e+00
    289  420290.991     301       0  -6.197912000000000e+07   8.252e+08   1.000e+00
    290  421739.860     302       0  -6.197922000000000e+07   9.962e+08   1.000e+00
    291  423188.053     303       0  -6.197922800000000e+07   2.519e+09   1.000e+00
    292  424632.891     304       0  -6.197938400000000e+07   7.673e+08   1.000e+00
    293  426084.225     305       0  -6.197942400000000e+07   6.237e+08   1.000e+00
    294  427530.901     306       0  -6.197950400000000e+07   8.335e+08   1.000e+00
    295  428980.200     307       0  -6.197962400000000e+07   1.107e+09   1.000e+00
    296  430426.859     308       0  -6.197966400000000e+07   2.009e+09   1.000e+00
    297  431876.228     309       0  -6.197979200000000e+07   6.666e+08   1.000e+00
    298  433320.511     310       0  -6.197982400000000e+07   5.947e+08   1.000e+00
    299  434767.795     311       0  -6.197989600000000e+07   6.854e+08   1.000e+00
    300  436212.553     312       0  -6.197994800000000e+07   2.152e+09   1.000e+00
    301  437659.097     313       0  -6.198006000000000e+07   8.850e+08   1.000e+00
    302  439107.027     314       0  -6.198012400000000e+07   5.926e+08   1.000e+00
    303  440557.071     315       0  -6.198017200000000e+07   7.287e+08   1.000e+00
    304  442004.940     316       0  -6.198026400000000e+07   9.086e+08   1.000e+00
    305  443456.944     317       0  -6.198028000000000e+07   2.284e+09   1.000e+00
    306  444909.162     318       0  -6.198041200000000e+07   6.872e+08   1.000e+00
    307  446359.672     319       0  -6.198045200000000e+07   5.975e+08   1.000e+00
    308  447809.064     320       0  -6.198054000000000e+07   7.913e+08   1.000e+00
    309  449257.210     321       0  -6.198064400000000e+07   1.384e+09   1.000e+00
    310  450704.103     322       0  -6.198073600000000e+07   1.146e+09   1.000e+00
    311  452149.411     323       0  -6.198081200000000e+07   6.671e+08   1.000e+00
    312  453599.815     324       0  -6.198087600000000e+07   7.035e+08   1.000e+00
    313  455049.377     325       0  -6.198093200000000e+07   8.509e+08   1.000e+00
    314  456499.777     326       0  -6.198103600000000e+07   9.353e+08   1.000e+00
    315  457947.741     327       0  -6.198113200000000e+07   7.466e+08   1.000e+00
    316  459397.207     328       0  -6.198120800000000e+07   1.127e+09   1.000e+00
    317  460842.620     329       0  -6.198128000000000e+07   8.091e+08   1.000e+00
    318  462288.049     330       0  -6.198133200000000e+07   6.865e+08   1.000e+00
    319  463734.632     331       0  -6.198142400000000e+07   8.485e+08   1.000e+00
    320  465179.480     332       0  -6.198142800000000e+07   2.396e+09   1.000e+00
    321  466617.084     333       0  -6.198154400000000e+07   8.569e+08   1.000e+00
    322  468011.074     334       0  -6.198159200000000e+07   5.233e+08   1.000e+00
    323  469419.628     335       0  -6.198164400000000e+07   6.923e+08   1.000e+00
    324  470833.356     336       0  -6.198170800000000e+07   8.054e+08   1.000e+00
    325  472220.875     337       0  -6.198173600000000e+07   2.502e+09   1.000e+00
    326  473604.717     338       0  -6.198189600000000e+07   7.536e+08   1.000e+00
    327  474997.986     339       0  -6.198194400000000e+07   5.716e+08   1.000e+00
    328  476396.848     340       0  -6.198201600000000e+07   6.916e+08   1.000e+00
    329  477799.123     341       0  -6.198209200000000e+07   1.627e+09   1.000e+00
    330  479205.157     342       0  -6.198218400000000e+07   7.729e+08   1.000e+00
    331  480604.959     343       0  -6.198224400000000e+07   5.767e+08   1.000e+00
    332  482002.049     344       0  -6.198229600000000e+07   7.403e+08   1.000e+00
    333  483428.043     345       0  -6.198237200000000e+07   1.178e+09   1.000e+00
    334  484859.664     346       0  -6.198245600000000e+07   8.564e+08   1.000e+00
    335  486285.999     347       0  -6.198252400000000e+07   6.551e+08   1.000e+00
    336  487713.698     348       0  -6.198260000000000e+07   9.070e+08   1.000e+00
    337  489141.184     349       0  -6.198265200000000e+07   1.099e+09   1.000e+00
    338  490571.608     350       0  -6.198270400000000e+07   7.278e+08   1.000e+00
    339  491994.288     351       0  -6.198280000000000e+07   6.063e+08   1.000e+00
    340  493422.315     352       0  -6.198285600000000e+07   7.409e+08   1.000e+00
    341  494847.071     353       0  -6.198294800000000e+07   6.987e+08   1.000e+00
    342  496275.511     354       0  -6.198301200000000e+07   1.510e+09   1.000e+00
    343  497697.981     355       0  -6.198308800000000e+07   7.425e+08   1.000e+00
    344  499126.520     356       0  -6.198316000000000e+07   6.010e+08   1.000e+00
    345  500554.719     357       0  -6.198322000000000e+07   6.848e+08   1.000e+00
    346  501982.702     358       0  -6.198325200000000e+07   1.771e+09   1.000e+00
    347  503410.049     359       0  -6.198334400000000e+07   6.406e+08   1.000e+00
    348  504838.871     360       0  -6.198338800000000e+07   5.833e+08   1.000e+00
    349  506261.250     361       0  -6.198345200000000e+07   6.719e+08   1.000e+00
    350  507686.689     362       0  -6.198352800000000e+07   1.393e+09   1.000e+00
    351  509115.036     363       0  -6.198362000000000e+07   7.981e+08   1.000e+00
    352  510533.672     364       0  -6.198368000000000e+07   5.969e+08   1.000e+00
    353  511919.367     365       0  -6.198374000000000e+07   8.213e+08   1.000e+00
    354  513302.849     366       0  -6.198379600000000e+07   9.998e+08   1.000e+00
    355  514685.478     367       0  -6.198386000000000e+07   7.037e+08   1.000e+00
    356  516071.584     368       0  -6.198395200000000e+07   6.794e+08   1.000e+00
    357  517455.080     369       0  -6.198400800000000e+07   8.532e+08   1.000e+00
    358  518839.344     370       0  -6.198408400000000e+07   6.664e+08   1.000e+00
    359  520230.694     371       0  -6.198414800000000e+07   1.138e+09   1.000e+00
    360  521632.900     372       0  -6.198422000000000e+07   6.713e+08   1.000e+00
    361  523041.733     373       0  -6.198426400000000e+07   5.898e+08   1.000e+00
    362  524426.563     374       0  -6.198432800000000e+07   8.867e+08   1.000e+00
    363  525813.284     375       0  -6.198438400000000e+07   1.301e+09   1.000e+00
    364  527200.633     376       0  -6.198444800000000e+07   7.231e+08   1.000e+00
    365  528585.603     377       0  -6.198450800000000e+07   5.963e+08   1.000e+00
    366  529970.628     378       0  -6.198456000000000e+07   6.965e+08   1.000e+00
    367  531357.135     379       0  -6.198460800000000e+07   1.608e+09   1.000e+00
    368  532744.954     380       0  -6.198468800000000e+07   6.234e+08   1.000e+00
    369  534137.704     381       0  -6.198472000000000e+07   5.514e+08   1.000e+00
    370  535533.120     382       0  -6.198478400000000e+07   6.818e+08   1.000e+00
    371  536920.294     383       0  -6.198485600000000e+07   1.360e+09   1.000e+00
    372  538310.870     384       0  -6.198492800000000e+07   7.548e+08   1.000e+00
    373  539698.989     385       0  -6.198498800000000e+07   5.700e+08   1.000e+00
    374  541087.590     386       0  -6.198504400000000e+07   7.083e+08   1.000e+00
    375  542474.228     387       0  -6.198508400000000e+07   1.405e+09   1.000e+00
    376  543859.738     388       0  -6.198515200000000e+07   6.717e+08   1.000e+00
    377  545238.183     389       0  -6.198520400000000e+07   5.999e+08   1.000e+00
    378  546635.553     390       0  -6.198525600000000e+07   6.967e+08   1.000e+00
    379  548032.238     391       0  -6.198533200000000e+07   1.493e+09   1.000e+00
    380  549433.758     392       0  -6.198540400000000e+07   7.787e+08   1.000e+00
    381  550842.319     393       0  -6.198544400000000e+07   5.333e+08   1.000e+00
    382  552245.546     394       0  -6.198549600000000e+07   6.048e+08   1.000e+00
    383  553646.746     395       0  -6.198554000000000e+07   9.514e+08   1.000e+00
    384  555056.602     396       0  -6.198560000000000e+07   6.583e+08   1.000e+00
    385  556457.303     397       0  -6.198565600000000e+07   5.798e+08   1.000e+00
    386  557872.449     398       0  -6.198570800000000e+07   9.867e+08   1.000e+00
    387  559279.954     399       0  -6.198575600000000e+07   6.269e+08   1.000e+00
    388  560677.171     400       0  -6.198580000000000e+07   5.609e+08   1.000e+00
    389  562078.635     401       0  -6.198586000000000e+07   7.497e+08   1.000e+00
    390  563478.138     402       0  -6.198591200000000e+07   9.584e+08   1.000e+00
    391  564895.669     403       0  -6.198595200000000e+07   5.977e+08   1.000e+00
    392  566308.761     404       0  -6.198600800000000e+07   5.263e+08   1.000e+00
    393  567712.681     405       0  -6.198604400000000e+07   6.167e+08   1.000e+00
    394  569130.252     406       0  -6.198609200000000e+07   5.842e+08   1.000e+00
    395  570539.006     407       0  -6.198614800000000e+07   9.014e+08   1.000e+00
    396  571943.853     408       0  -6.198619200000000e+07   5.575e+08   1.000e+00
    397  573351.974     409       0  -6.198624000000000e+07   5.169e+08   1.000e+00
    398  574754.371     410       0  -6.198628400000000e+07   7.844e+08   1.000e+00
    399  576156.275     411       0  -6.198633600000000e+07   7.590e+08   1.000e+00
    400  577561.562     412       0  -6.198639200000000e+07   6.607e+08   1.000e+00
    401  578970.260     413       0  -6.198643600000000e+07   5.868e+08   1.000e+00
    402  580388.830     414       0  -6.198646800000000e+07   5.795e+08   1.000e+00
    403  581789.832     415       0  -6.198652000000000e+07   5.322e+08   1.000e+00
    404  583197.887     416       0  -6.198656400000000e+07   1.183e+09   1.000e+00
    405  584608.409     417       0  -6.198660400000000e+07   5.389e+08   1.000e+00
    406  586008.383     418       0  -6.198662800000000e+07   4.950e+08   1.000e+00
    407  587418.995     419       0  -6.198666400000000e+07   5.971e+08   1.000e+00
    408  588831.604     420       0  -6.198669200000000e+07   1.426e+09   1.000e+00
    409  590245.061     421       0  -6.198674400000000e+07   5.904e+08   1.000e+00
    410  591646.845     422       0  -6.198678000000000e+07   4.393e+08   1.000e+00
    411  593059.341     423       0  -6.198680400000000e+07   5.255e+08   1.000e+00
    412  594465.341     424       0  -6.198686000000000e+07   6.066e+08   1.000e+00
    413  597199.944     426       0  -6.198688800000000e+07   8.410e+08   4.270e-01
    414  598552.308     427       0  -6.198693600000000e+07   5.036e+08   1.000e+00
    415  599910.612     428       0  -6.198696800000000e+07   5.039e+08   1.000e+00
    416  601262.545     429       0  -6.198702000000000e+07   8.517e+08   1.000e+00
    417  602644.749     430       0  -6.198706800000000e+07   7.228e+08   1.000e+00
    418  604036.760     431       0  -6.198711200000000e+07   6.054e+08   1.000e+00
    419  605416.948     432       0  -6.198717600000000e+07   7.699e+08   1.000e+00
    420  606800.138     433       0  -6.198722400000000e+07   7.326e+08   1.000e+00
    421  608176.661     434       0  -6.198726400000000e+07   5.871e+08   1.000e+00
    422  609553.622     435       0  -6.198731600000000e+07   7.805e+08   1.000e+00
    423  610932.778     436       0  -6.198735200000000e+07   7.546e+08   1.000e+00
    424  612306.756     437       0  -6.198738800000000e+07   5.727e+08   1.000e+00
    425  613682.232     438       0  -6.198744400000000e+07   5.942e+08   1.000e+00
    426  615060.799     439       0  -6.198747600000000e+07   1.087e+09   1.000e+00
    427  616440.772     440       0  -6.198750400000000e+07   6.619e+08   1.000e+00
    428  617813.400     441       0  -6.198756000000000e+07   5.039e+08   1.000e+00
    429  619190.721     442       0  -6.198759200000000e+07   5.797e+08   1.000e+00
    430  620569.199     443       0  -6.198764800000000e+07   9.860e+08   1.000e+00
    431  621948.383     444       0  -6.198770000000000e+07   1.061e+09   1.000e+00
    432  623323.815     445       0  -6.198774400000000e+07   6.729e+08   1.000e+00
    433  624700.836     446       0  -6.198781200000000e+07   5.900e+08   1.000e+00
    434  626073.466     447       0  -6.198784800000000e+07   6.368e+08   1.000e+00
    435  627453.457     448       0  -6.198790000000000e+07   6.411e+08   1.000e+00
    436  628834.377     449       0  -6.198794400000000e+07   6.772e+08   1.000e+00
    437  630214.907     450       0  -6.198798800000000e+07   5.783e+08   1.000e+00
    438  631592.264     451       0  -6.198802000000000e+07   5.506e+08   1.000e+00
    439  632967.955     452       0  -6.198807200000000e+07   7.083e+08   1.000e+00
    440  634342.222     453       0  -6.198811600000000e+07   8.605e+08   1.000e+00
    441  635711.057     454       0  -6.198815600000000e+07   5.485e+08   1.000e+00
    442  637078.377     455       0  -6.198820400000000e+07   5.032e+08   1.000e+00
    443  638447.374     456       0  -6.198823600000000e+07   7.186e+08   1.000e+00
    444  639814.610     457       0  -6.198827200000000e+07   5.469e+08   1.000e+00
    445  641181.772     458       0  -6.198832000000000e+07   9.325e+08   1.000e+00
    446  642550.809     459       0  -6.198837200000000e+07   5.518e+08   1.000e+00
    447  643925.998     460       0  -6.198840000000000e+07   5.480e+08   1.000e+00
    448  645299.192     461       0  -6.198847200000000e+07   8.056e+08   1.000e+00
    449  646670.102     462       0  -6.198848400000000e+07   1.830e+09   1.000e+00
    450  648043.401     463       0  -6.198857200000000e+07   6.783e+08   1.000e+00
    451  649414.425     464       0  -6.198861200000000e+07   4.836e+08   1.000e+00
    452  650787.067     465       0  -6.198864400000000e+07   5.879e+08   1.000e+00
    453  652159.262     466       0  -6.198868800000000e+07   1.023e+09   1.000e+00
    454  653531.724     467       0  -6.198874400000000e+07   6.405e+08   1.000e+00
    455  654903.166     468       0  -6.198878800000000e+07   4.968e+08   1.000e+00
    456  656274.978     469       0  -6.198885200000000e+07   7.423e+08   1.000e+00
    457  657647.691     470       0  -6.198888400000000e+07   1.114e+09   1.000e+00
    458  659025.877     471       0  -6.198893200000000e+07   5.962e+08   1.000e+00
    459  660395.009     472       0  -6.198898000000000e+07   5.052e+08   1.000e+00
    460  661775.037     473       0  -6.198901600000000e+07   5.477e+08   1.000e+00
    461  663162.042     474       0  -6.198903600000000e+07   1.678e+09   1.000e+00
    462  664549.472     475       0  -6.198910400000000e+07   5.602e+08   1.000e+00
    463  665934.706     476       0  -6.198912800000000e+07   4.068e+08   1.000e+00
    464  667321.687     477       0  -6.198915200000000e+07   5.010e+08   1.000e+00
    465  668709.680     478       0  -6.198919600000000e+07   7.786e+08   1.000e+00
    466  670095.138     479       0  -6.198924800000000e+07   7.340e+08   1.000e+00
    467  671481.739     480       0  -6.198929600000000e+07   5.142e+08   1.000e+00
    468  672869.276     481       0  -6.198934400000000e+07   6.107e+08   1.000e+00
    469  674257.731     482       0  -6.198938000000000e+07   9.799e+08   1.000e+00
    470  675644.177     483       0  -6.198941600000000e+07   5.564e+08   1.000e+00
    471  677027.698     484       0  -6.198946800000000e+07   5.727e+08   1.000e+00
    472  678415.004     485       0  -6.198951600000000e+07   6.123e+08   1.000e+00
    473  679840.882     486       0  -6.198952800000000e+07   1.853e+09   1.000e+00
    474  681260.610     487       0  -6.198960000000000e+07   5.716e+08   1.000e+00
    475  682688.745     488       0  -6.198963200000000e+07   4.265e+08   1.000e+00
    476  684092.799     489       0  -6.198966800000000e+07   5.413e+08   1.000e+00
    477  685471.006     490       0  -6.198971600000000e+07   7.952e+08   1.000e+00
    478  686848.445     491       0  -6.198976400000000e+07   1.035e+09   1.000e+00
    479  688227.066     492       0  -6.198981200000000e+07   4.844e+08   1.000e+00
    480  689607.009     493       0  -6.198983600000000e+07   5.301e+08   1.000e+00
    481  690990.075     494       0  -6.198988000000000e+07   5.988e+08   1.000e+00
    482  692369.512     495       0  -6.198989200000000e+07   1.818e+09   1.000e+00
    483  693748.276     496       0  -6.198996000000000e+07   6.106e+08   1.000e+00
    484  695123.048     497       0  -6.198998800000000e+07   4.259e+08   1.000e+00
    485  696499.831     498       0  -6.199001600000000e+07   5.372e+08   1.000e+00
    486  697873.908     499       0  -6.199006000000000e+07   6.127e+08   1.000e+00
    487  699251.432     500       0  -6.199007200000000e+07   1.841e+09   1.000e+00
    488  700628.634     501       0  -6.199016000000000e+07   4.710e+08   1.000e+00
    489  702005.504     502       0  -6.199018000000000e+07   4.088e+08   1.000e+00
    490  703385.168     503       0  -6.199022000000000e+07   5.229e+08   1.000e+00
    491  704764.623     504       0  -6.199025200000000e+07   1.625e+09   1.000e+00
    492  706145.389     505       0  -6.199030000000000e+07   6.738e+08   1.000e+00
    493  707523.992     506       0  -6.199034400000000e+07   4.446e+08   1.000e+00
    494  708899.763     507       0  -6.199036800000000e+07   5.306e+08   1.000e+00
    495  710276.402     508       0  -6.199040800000000e+07   6.089e+08   1.000e+00
    496  712979.074     510       0  -6.199044000000000e+07   1.071e+09   4.585e-01
    497  714330.597     511       0  -6.199049200000000e+07   5.888e+08   1.000e+00
    498  715682.910     512       0  -6.199052800000000e+07   4.392e+08   1.000e+00
    499  717033.736     513       0  -6.199056000000000e+07   5.926e+08   1.000e+00
    500  718387.346     514       0  -6.199060800000000e+07   9.478e+08   1.000e+00
    501  719740.413     515       0  -6.199064800000000e+07   5.606e+08   1.000e+00
    502  721094.721     516       0  -6.199069200000000e+07   4.741e+08   1.000e+00
    503  722445.501     517       0  -6.199071600000000e+07   5.439e+08   1.000e+00
    504  723796.428     518       0  -6.199075600000000e+07   8.334e+08   1.000e+00
    505  725147.208     519       0  -6.199079200000000e+07   5.334e+08   1.000e+00
    506  726498.859     520       0  -6.199082000000000e+07   4.737e+08   1.000e+00
    507  727849.899     521       0  -6.199085200000000e+07   5.540e+08   1.000e+00
    508  729202.312     522       0  -6.199088000000000e+07   1.004e+09   1.000e+00
    509  730553.932     523       0  -6.199092000000000e+07   4.638e+08   1.000e+00
    510  731906.605     524       0  -6.199094000000000e+07   4.312e+08   1.000e+00
    511  733258.532     525       0  -6.199096800000000e+07   5.049e+08   1.000e+00
    512  734609.873     526       0  -6.199099600000000e+07   1.292e+09   1.000e+00
    513  735960.360     527       0  -6.199103200000000e+07   4.566e+08   1.000e+00
    514  737312.337     528       0  -6.199106000000000e+07   3.991e+08   1.000e+00
    515  738664.093     529       0  -6.199109200000000e+07   4.856e+08   1.000e+00
    516  740016.580     530       0  -6.199113200000000e+07   9.340e+08   1.000e+00
    517  741367.937     531       0  -6.199118000000000e+07   5.673e+08   1.000e+00
    518  742719.929     532       0  -6.199120800000000e+07   4.325e+08   1.000e+00
    519  744071.751     533       0  -6.199124400000000e+07   6.238e+08   1.000e+00
    520  745424.321     534       0  -6.199127200000000e+07   6.818e+08   1.000e+00
    521  746777.167     535       0  -6.199129600000000e+07   5.044e+08   1.000e+00
    522  748128.722     536       0  -6.199134400000000e+07   5.036e+08   1.000e+00
    523  749483.355     537       0  -6.199137600000000e+07   7.778e+08   1.000e+00
    524  750838.616     538       0  -6.199139600000000e+07   5.337e+08   1.000e+00
    525  752190.226     539       0  -6.199144400000000e+07   4.806e+08   1.000e+00
    526  753542.024     540       0  -6.199145600000000e+07   6.680e+08   1.000e+00
    527  754893.402     541       0  -6.199148000000000e+07   4.880e+08   1.000e+00
    528  756244.828     542       0  -6.199152000000000e+07   4.594e+08   1.000e+00
    529  757595.600     543       0  -6.199154000000000e+07   6.648e+08   1.000e+00
    530  758948.547     544       0  -6.199156800000000e+07   5.648e+08   1.000e+00
    531  760313.385     545       0  -6.199162400000000e+07   9.541e+08   1.000e+00
    532  761679.477     546       0  -6.199165200000000e+07   7.455e+08   1.000e+00
    533  763043.114     547       0  -6.199167600000000e+07   4.036e+08   1.000e+00
    534  764403.902     548       0  -6.199168400000000e+07   3.286e+08   1.000e+00
    535  765769.066     549       0  -6.199172400000000e+07   4.953e+08   1.000e+00
    536  767140.918     550       0  -6.199176000000000e+07   1.078e+09   1.000e+00
    537  768506.228     551       0  -6.199178800000000e+07   5.428e+08   1.000e+00
    538  769877.175     552       0  -6.199183200000000e+07   4.271e+08   1.000e+00
    539  771239.389     553       0  -6.199185600000000e+07   4.393e+08   1.000e+00
    540  772608.286     554       0  -6.199186400000000e+07   1.406e+09   1.000e+00
    541  773975.288     555       0  -6.199191200000000e+07   5.207e+08   1.000e+00
    542  775341.482     556       0  -6.199194400000000e+07   3.666e+08   1.000e+00
    543  776710.972     557       0  -6.199196800000000e+07   5.354e+08   1.000e+00
    544  778080.447     558       0  -6.199201200000000e+07   7.041e+08   1.000e+00
    545  779449.242     559       0  -6.199201600000000e+07   1.771e+09   1.000e+00
    546  780822.604     560       0  -6.199208800000000e+07   4.510e+08   1.000e+00
    547  782193.203     561       0  -6.199210400000000e+07   3.622e+08   1.000e+00
    548  783563.861     562       0  -6.199212400000000e+07   4.375e+08   1.000e+00
    549  784935.896     563       0  -6.199217200000000e+07   6.857e+08   1.000e+00
    550  786301.000     564       0  -6.199220400000000e+07   8.658e+08   1.000e+00
    551  787666.570     565       0  -6.199223600000000e+07   4.158e+08   1.000e+00
    552  789035.253     566       0  -6.199226000000000e+07   4.322e+08   1.000e+00
    553  790407.918     567       0  -6.199229200000000e+07   5.365e+08   1.000e+00
    554  791776.387     568       0  -6.199230800000000e+07   1.159e+09   1.000e+00
    555  793142.821     569       0  -6.199234400000000e+07   4.524e+08   1.000e+00
    556  794512.338     570       0  -6.199237200000000e+07   3.995e+08   1.000e+00
    557  795881.151     571       0  -6.199238800000000e+07   4.676e+08   1.000e+00
    558  797251.894     572       0  -6.199240800000000e+07   1.030e+09   1.000e+00
    559  798618.125     573       0  -6.199246000000000e+07   4.757e+08   1.000e+00
    560  799986.931     574       0  -6.199248000000000e+07   4.232e+08   1.000e+00
    561  801354.614     575       0  -6.199250800000000e+07   5.071e+08   1.000e+00
    562  802723.654     576       0  -6.199254000000000e+07   1.137e+09   1.000e+00
    563  804089.789     577       0  -6.199258400000000e+07   5.196e+08   1.000e+00
    564  805458.665     578       0  -6.199260800000000e+07   3.897e+08   1.000e+00
    565  806828.035     579       0  -6.199263200000000e+07   4.475e+08   1.000e+00
    566  808194.956     580       0  -6.199265600000000e+07   8.595e+08   1.000e+00
    567  809566.101     581       0  -6.199269200000000e+07   4.883e+08   1.000e+00
    568  810942.897     582       0  -6.199271200000000e+07   3.865e+08   1.000e+00
    569  812312.265     583       0  -6.199273600000000e+07   5.081e+08   1.000e+00
    570  813677.657     584       0  -6.199276000000000e+07   6.789e+08   1.000e+00
    571  815047.192     585       0  -6.199278800000000e+07   4.586e+08   1.000e+00
    572  816415.744     586       0  -6.199282800000000e+07   4.325e+08   1.000e+00
    573  817783.818     587       0  -6.199284000000000e+07   5.464e+08   1.000e+00
    574  819150.127     588       0  -6.199287200000000e+07   4.449e+08   1.000e+00
    575  820520.813     589       0  -6.199290000000000e+07   6.636e+08   1.000e+00
    576  821892.766     590       0  -6.199292400000000e+07   3.984e+08   1.000e+00
    577  823263.914     591       0  -6.199294800000000e+07   3.982e+08   1.000e+00
    578  824629.603     592       0  -6.199298000000000e+07   5.950e+08   1.000e+00
    579  826000.974     593       0  -6.199300000000000e+07   6.559e+08   1.000e+00
    580  827365.992     594       0  -6.199303200000000e+07   4.198e+08   1.000e+00
    581  828735.865     595       0  -6.199305200000000e+07   4.060e+08   1.000e+00
    582  830102.615     596       0  -6.199307600000000e+07   5.203e+08   1.000e+00
    583  831471.844     597       0  -6.199310800000000e+07   4.393e+08   1.000e+00
    584  832840.957     598       0  -6.199312800000000e+07   5.179e+08   1.000e+00
    585  834205.490     599       0  -6.199315600000000e+07   4.083e+08   1.000e+00
    586  835576.215     600       0  -6.199318800000000e+07   4.425e+08   1.000e+00
    587  836941.731     601       0  -6.199320000000000e+07   7.715e+08   1.000e+00
    588  838313.522     602       0  -6.199322800000000e+07   4.289e+08   1.000e+00
    589  839685.404     603       0  -6.199325600000000e+07   3.958e+08   1.000e+00
    590  841060.290     604       0  -6.199327600000000e+07   4.593e+08   1.000e+00
    591  842430.980     605       0  -6.199328800000000e+07   1.000e+09   1.000e+00
    592  843799.642     606       0  -6.199332000000000e+07   3.586e+08   1.000e+00
    593  845168.390     607       0  -6.199332800000000e+07   3.291e+08   1.000e+00
    594  846536.357     608       0  -6.199335200000000e+07   3.781e+08   1.000e+00
    595  847903.560     609       0  -6.199336400000000e+07   9.662e+08   1.000e+00
    596  849269.495     610       0  -6.199339600000000e+07   4.103e+08   1.000e+00
    597  850642.919     611       0  -6.199340800000000e+07   3.213e+08   1.000e+00
    598  852010.962     612       0  -6.199343600000000e+07   3.700e+08   1.000e+00
    599  853382.282     613       0  -6.199344000000000e+07   9.003e+08   1.000e+00
    600  854762.933     614       0  -6.199346800000000e+07   3.650e+08   1.000e+00
    601  856145.657     615       0  -6.199348400000000e+07   3.249e+08   1.000e+00
    602  857525.514     616       0  -6.199350400000000e+07   4.157e+08   1.000e+00
    603  858905.918     617       0  -6.199352800000000e+07   6.230e+08   1.000e+00
    604  860280.282     618       0  -6.199354800000000e+07   9.605e+08   1.000e+00
    605  861655.240     619       0  -6.199357600000000e+07   3.501e+08   1.000e+00
    606  863032.872     620       0  -6.199359200000000e+07   3.158e+08   1.000e+00
    607  864412.531     621       0  -6.199360000000000e+07   3.984e+08   1.000e+00
    608  865792.347     622       0  -6.199362800000000e+07   6.954e+08   1.000e+00
    609  867170.717     623       0  -6.199366000000000e+07   5.227e+08   1.000e+00
    610  868551.572     624       0  -6.199367200000000e+07   3.614e+08   1.000e+00
    611  869931.917     625       0  -6.199370400000000e+07   4.168e+08   1.000e+00
    612  871306.335     626       0  -6.199371200000000e+07   7.455e+08   1.000e+00
    613  872685.872     627       0  -6.199373600000000e+07   4.144e+08   1.000e+00
    614  874064.308     628       0  -6.199376000000000e+07   3.702e+08   1.000e+00
    615  875445.150     629       0  -6.199377200000000e+07   4.352e+08   1.000e+00
    616  876821.976     630       0  -6.199380000000000e+07   1.121e+09   1.000e+00
    617  878201.801     631       0  -6.199383600000000e+07   4.707e+08   1.000e+00
    618  879584.774     632       0  -6.199385200000000e+07   3.262e+08   1.000e+00
    619  880964.954     633       0  -6.199386800000000e+07   3.735e+08   1.000e+00
    620  882337.734     634       0  -6.199388800000000e+07   5.342e+08   1.000e+00
    621  883717.006     635       0  -6.199391600000000e+07   6.405e+08   1.000e+00
    622  885096.708     636       0  -6.199394400000000e+07   3.905e+08   1.000e+00
    623  886476.933     637       0  -6.199396400000000e+07   4.028e+08   1.000e+00
    624  887852.089     638       0  -6.199399200000000e+07   4.690e+08   1.000e+00
    625  889228.519     639       0  -6.199402000000000e+07   4.475e+08   1.000e+00
    626  890609.645     640       0  -6.199404400000000e+07   5.286e+08   1.000e+00
    627  891989.597     641       0  -6.199406800000000e+07   4.021e+08   1.000e+00
    628  893369.009     642       0  -6.199408800000000e+07   3.718e+08   1.000e+00
    629  894749.730     643       0  -6.199411200000000e+07   5.473e+08   1.000e+00
    630  896130.256     644       0  -6.199413200000000e+07   4.337e+08   1.000e+00
    631  897509.421     645       0  -6.199414800000000e+07   4.020e+08   1.000e+00
    632  898892.221     646       0  -6.199417600000000e+07   7.251e+08   1.000e+00
    633  900270.810     647       0  -6.199420000000000e+07   4.690e+08   1.000e+00
    634  901649.072     648       0  -6.199421600000000e+07   3.302e+08   1.000e+00
    635  903024.239     649       0  -6.199422800000000e+07   3.134e+08   1.000e+00
    636  904399.382     650       0  -6.199424400000000e+07   7.077e+08   1.000e+00
    637  905773.048     651       0  -6.199426400000000e+07   3.934e+08   1.000e+00
    638  907150.091     652       0  -6.199428000000000e+07   3.102e+08   1.000e+00
    639  908529.132     653       0  -6.199429200000000e+07   3.504e+08   1.000e+00
    640  909900.478     654       0  -6.199430400000000e+07   7.796e+08   1.000e+00
    641  911276.161     655       0  -6.199433600000000e+07   3.782e+08   1.000e+00
    642  912651.024     656       0  -6.199434800000000e+07   3.334e+08   1.000e+00
    643  914032.705     657       0  -6.199437600000000e+07   4.372e+08   1.000e+00
    644  915408.292     658       0  -6.199438400000000e+07   1.097e+09   1.000e+00
    645  916781.660     659       0  -6.199441200000000e+07   4.264e+08   1.000e+00
    646  918159.075     660       0  -6.199442400000000e+07   2.940e+08   1.000e+00
    647  919537.380     661       0  -6.199443600000000e+07   3.278e+08   1.000e+00
    648  920916.303     662       0  -6.199445600000000e+07   4.946e+08   1.000e+00
    649  922291.576     663       0  -6.199448000000000e+07   3.829e+08   1.000e+00
    650  923668.722     664       0  -6.199448800000000e+07   2.897e+08   1.000e+00
    651  925041.999     665       0  -6.199451200000000e+07   4.085e+08   1.000e+00
    652  926421.056     666       0  -6.199452800000000e+07   7.852e+08   1.000e+00
    653  927798.851     667       0  -6.199455200000000e+07   4.221e+08   1.000e+00
    654  929181.341     668       0  -6.199456800000000e+07   3.241e+08   1.000e+00
    655  930561.105     669       0  -6.199458400000000e+07   3.541e+08   1.000e+00
    656  931941.461     670       0  -6.199459600000000e+07   1.092e+09   1.000e+00
    657  933322.173     671       0  -6.199462800000000e+07   3.655e+08   1.000e+00
    658  934702.421     672       0  -6.199464000000000e+07   3.008e+08   1.000e+00
    659  936081.304     673       0  -6.199464800000000e+07   3.831e+08   1.000e+00
    660  937461.636     674       0  -6.199468400000000e+07   5.930e+08   1.000e+00
    661  938842.002     675       0  -6.199470000000000e+07   7.283e+08   1.000e+00
    662  940230.249     676       0  -6.199472000000000e+07   3.409e+08   1.000e+00
    663  941616.877     677       0  -6.199474400000000e+07   3.723e+08   1.000e+00
    664  943006.920     678       0  -6.199476000000000e+07   4.194e+08   1.000e+00
    665  944399.456     679       0  -6.199476800000000e+07   1.265e+09   1.000e+00
    666  945794.646     680       0  -6.199480800000000e+07   4.596e+08   1.000e+00
    667  947190.080     681       0  -6.199481600000000e+07   3.048e+08   1.000e+00
    668  948581.703     682       0  -6.199483200000000e+07   3.862e+08   1.000e+00
    669  949978.882     683       0  -6.199485200000000e+07   4.702e+08   1.000e+00
    670  951374.801     684       0  -6.199486800000000e+07   1.461e+09   1.000e+00
    671  952770.356     685       0  -6.199491600000000e+07   4.867e+08   1.000e+00
    672  954166.236     686       0  -6.199492000000000e+07   3.075e+08   1.000e+00
    673  955563.172     687       0  -6.199494000000000e+07   3.884e+08   1.000e+00
    674  956958.382     688       0  -6.199496800000000e+07   4.402e+08   1.000e+00
    675  959683.053     690       0  -6.199498000000000e+07   7.763e+08   4.211e-01
    676  961040.133     691       0  -6.199501200000000e+07   4.555e+08   1.000e+00
    677  962393.131     692       0  -6.199503200000000e+07   3.381e+08   1.000e+00
    678  963744.811     693       0  -6.199506000000000e+07   4.563e+08   1.000e+00
    679  965097.035     694       0  -6.199507200000000e+07   8.260e+08   1.000e+00
    680  966449.066     695       0  -6.199510000000000e+07   4.471e+08   1.000e+00
    681  967801.013     696       0  -6.199512000000000e+07   3.658e+08   1.000e+00
    682  969153.043     697       0  -6.199513600000000e+07   4.220e+08   1.000e+00
    683  970505.596     698       0  -6.199515200000000e+07   1.165e+09   1.000e+00
    684  971858.029     699       0  -6.199518400000000e+07   4.563e+08   1.000e+00
    685  973210.257     700       0  -6.199520800000000e+07   3.291e+08   1.000e+00
    686  974562.394     701       0  -6.199521600000000e+07   3.822e+08   1.000e+00
    687  975914.068     702       0  -6.199524800000000e+07   4.530e+08   1.000e+00
    688  978591.833     704       0  -6.199526400000000e+07   7.202e+08   4.033e-01
    689  979943.307     705       0  -6.199528800000000e+07   4.200e+08   1.000e+00
    690  981295.128     706       0  -6.199531600000000e+07   3.388e+08   1.000e+00
    691  982646.652     707       0  -6.199533600000000e+07   4.567e+08   1.000e+00
    692  983998.712     708       0  -6.199535600000000e+07   8.915e+08   1.000e+00
    693  985350.872     709       0  -6.199538000000000e+07   4.407e+08   1.000e+00
    694  986702.481     710       0  -6.199540000000000e+07   3.477e+08   1.000e+00
    695  988054.029     711       0  -6.199541600000000e+07   3.899e+08   1.000e+00
    696  989409.959     712       0  -6.199544400000000e+07   9.149e+08   1.000e+00
    697  990764.209     713       0  -6.199546400000000e+07   4.267e+08   1.000e+00
    698  992126.710     714       0  -6.199548000000000e+07   3.272e+08   1.000e+00
    699  993488.171     715       0  -6.199549600000000e+07   3.663e+08   1.000e+00
    700  994848.970     716       0  -6.199550800000000e+07   6.444e+08   1.000e+00
    701  996209.688     717       0  -6.199553200000000e+07   3.655e+08   1.000e+00
    702  997569.367     718       0  -6.199555200000000e+07   3.001e+08   1.000e+00
    703  998927.135     719       0  -6.199556400000000e+07   4.277e+08   1.000e+00
    704 1000285.134     720       0  -6.199558400000000e+07   4.699e+08   1.000e+00
    705 1001650.646     721       0  -6.199559200000000e+07   3.583e+08   1.000e+00
    706 1003019.838     722       0  -6.199562400000000e+07   4.006e+08   1.000e+00
    707 1004386.995     723       0  -6.199564000000000e+07   4.775e+08   1.000e+00
    708 1005755.672     724       0  -6.199564800000000e+07   3.927e+08   1.000e+00
    709 1007122.714     725       0  -6.199567200000000e+07   6.502e+08   1.000e+00
    710 1008492.103     726       0  -6.199568800000000e+07   4.360e+08   1.000e+00
    711 1009859.672     727       0  -6.199569600000000e+07   3.294e+08   1.000e+00
    712 1011228.442     728       0  -6.199571200000000e+07   2.636e+08   1.000e+00
    713 1012594.307     729       0  -6.199573200000000e+07   6.081e+08   1.000e+00
    714 1013965.123     730       0  -6.199574000000000e+07   4.252e+08   1.000e+00
    715 1015335.444     731       0  -6.199576800000000e+07   3.449e+08   1.000e+00
    716 1016703.890     732       0  -6.199578400000000e+07   4.129e+08   1.000e+00
    717 1018072.979     733       0  -6.199579600000000e+07   3.546e+08   1.000e+00
    718 1019441.371     734       0  -6.199582000000000e+07   5.104e+08   1.000e+00
    719 1020814.751     735       0  -6.199582400000000e+07   5.391e+08   1.000e+00
    720 1022184.139     736       0  -6.199584000000000e+07   3.819e+08   1.000e+00
    721 1023550.657     737       0  -6.199586800000000e+07   3.613e+08   1.000e+00
    722 1024919.998     738       0  -6.199587600000000e+07   6.496e+08   1.000e+00
    723 1026286.243     739       0  -6.199589200000000e+07   4.139e+08   1.000e+00
    724 1027655.963     740       0  -6.199591600000000e+07   2.918e+08   1.000e+00
    725 1029021.920     741       0  -6.199592000000000e+07   3.293e+08   1.000e+00
    726 1030393.255     742       0  -6.199595200000000e+07   4.676e+08   1.000e+00
    727 1031759.080     743       0  -6.199596400000000e+07   5.853e+08   1.000e+00
    728 1033128.224     744       0  -6.199598400000000e+07   4.016e+08   1.000e+00
    729 1034495.885     745       0  -6.199600400000000e+07   3.471e+08   1.000e+00
    730 1035863.284     746       0  -6.199602400000000e+07   4.620e+08   1.000e+00
    731 1037231.565     747       0  -6.199603200000000e+07   3.497e+08   1.000e+00
    732 1038598.908     748       0  -6.199605600000000e+07   4.097e+08   1.000e+00
    733 1039968.062     749       0  -6.199606400000000e+07   5.917e+08   1.000e+00
    734 1041336.049     750       0  -6.199608000000000e+07   3.221e+08   1.000e+00
    735 1042702.937     751       0  -6.199609600000000e+07   2.962e+08   1.000e+00
    736 1044071.745     752       0  -6.199611200000000e+07   3.436e+08   1.000e+00
    737 1045439.043     753       0  -6.199612000000000e+07   1.154e+09   1.000e+00
    738 1046807.798     754       0  -6.199614000000000e+07   3.208e+08   1.000e+00
    739 1048176.530     755       0  -6.199615600000000e+07   2.399e+08   1.000e+00
    740 1049549.608     756       0  -6.199616800000000e+07   3.066e+08   1.000e+00
    741 1050917.363     757       0  -6.199618000000000e+07   4.024e+08   1.000e+00
    742 1052279.026     758       0  -6.199618400000000e+07   7.453e+08   1.000e+00
    743 1053642.608     759       0  -6.199620400000000e+07   2.428e+08   1.000e+00
    744 1055007.139     760       0  -6.199621200000000e+07   2.450e+08   1.000e+00
    745 1056369.750     761       0  -6.199622800000000e+07   3.246e+08   1.000e+00
    746 1057733.688     762       0  -6.199623200000000e+07   8.318e+08   1.000e+00
    747 1059095.210     763       0  -6.199624800000000e+07   3.697e+08   1.000e+00
    748 1060468.035     764       0  -6.199626000000000e+07   2.596e+08   1.000e+00
    749 1061851.459     765       0  -6.199627200000000e+07   2.955e+08   1.000e+00
    750 1063227.429     766       0  -6.199628400000000e+07   3.370e+08   1.000e+00
    751 1065930.661     768       0  -6.199629200000000e+07   5.276e+08   5.000e-01
    752 1067282.426     769       0  -6.199630400000000e+07   2.697e+08   1.000e+00
    753 1068634.148     770       0  -6.199632000000000e+07   2.634e+08   1.000e+00
    754 1069986.077     771       0  -6.199633600000000e+07   4.228e+08   1.000e+00
    755 1071339.250     772       0  -6.199635200000000e+07   5.541e+08   1.000e+00
    756 1072691.434     773       0  -6.199636400000000e+07   3.339e+08   1.000e+00
    757 1074043.049     774       0  -6.199638400000000e+07   3.084e+08   1.000e+00
    758 1075394.860     775       0  -6.199639600000000e+07   3.857e+08   1.000e+00
    759 1076746.251     776       0  -6.199642000000000e+07   3.620e+08   1.000e+00
    760 1078098.286     777       0  -6.199643200000000e+07   6.249e+08   1.000e+00
    761 1079453.887     778       0  -6.199644400000000e+07   3.232e+08   1.000e+00
    762 1080808.891     779       0  -6.199646000000000e+07   2.825e+08   1.000e+00
    763 1082160.855     780       0  -6.199647600000000e+07   3.923e+08   1.000e+00
    764 1083512.903     781       0  -6.199649600000000e+07   4.685e+08   1.000e+00
    765 1084865.600     782       0  -6.199651200000000e+07   3.538e+08   1.000e+00
    766 1086218.291     783       0  -6.199653600000000e+07   3.458e+08   1.000e+00
    767 1087570.950     784       0  -6.199655200000000e+07   3.811e+08   1.000e+00
    768 1088923.610     785       0  -6.199656000000000e+07   3.253e+08   1.000e+00
    769 1090276.592     786       0  -6.199657600000000e+07   4.876e+08   1.000e+00
    770 1091627.899     787       0  -6.199658800000000e+07   3.275e+08   1.000e+00
    771 1092979.741     788       0  -6.199659600000000e+07   2.915e+08   1.000e+00
    772 1094330.735     789       0  -6.199660800000000e+07   3.506e+08   1.000e+00
    773 1095682.355     790       0  -6.199662400000000e+07   5.266e+08   1.000e+00
    774 1097033.711     791       0  -6.199663200000000e+07   3.002e+08   1.000e+00
    775 1098386.060     792       0  -6.199664400000000e+07   2.591e+08   1.000e+00
    776 1099736.476     793       0  -6.199664800000000e+07   2.983e+08   1.000e+00
    777 1101088.184     794       0  -6.199667200000000e+07   6.010e+08   1.000e+00
    778 1102440.459     795       0  -6.199668000000000e+07   3.039e+08   1.000e+00
    779 1103791.691     796       0  -6.199669600000000e+07   2.848e+08   1.000e+00
    780 1105143.522     797       0  -6.199670800000000e+07   3.485e+08   1.000e+00
    781 1106494.829     798       0  -6.199671600000000e+07   8.751e+08   1.000e+00
    782 1107846.105     799       0  -6.199673200000000e+07   3.672e+08   1.000e+00
    783 1109203.569     800       0  -6.199674000000000e+07   2.423e+08   1.000e+00
    784 1110555.957     801       0  -6.199675200000000e+07   2.847e+08   1.000e+00
    785 1111910.652     802       0  -6.199676800000000e+07   4.018e+08   1.000e+00
    786 1113262.593     803       0  -6.199678400000000e+07   6.431e+08   1.000e+00
    787 1114613.361     804       0  -6.199680000000000e+07   2.755e+08   1.000e+00
    788 1115966.036     805       0  -6.199680400000000e+07   2.997e+08   1.000e+00
    789 1117318.475     806       0  -6.199682000000000e+07   3.596e+08   1.000e+00
    790 1118669.897     807       0  -6.199683200000000e+07   9.965e+08   1.000e+00
    791 1120020.936     808       0  -6.199685600000000e+07   3.908e+08   1.000e+00
    792 1121372.586     809       0  -6.199686000000000e+07   2.656e+08   1.000e+00
    793 1122724.815     810       0  -6.199687600000000e+07   3.047e+08   1.000e+00
    794 1124082.409     811       0  -6.199688800000000e+07   3.326e+08   1.000e+00
    795 1126762.472     813       0  -6.199689200000000e+07   5.161e+08   3.657e-01
    796 1128113.247     814       0  -6.199690800000000e+07   3.127e+08   1.000e+00
    797 1129464.384     815       0  -6.199692400000000e+07   2.488e+08   1.000e+00
    798 1130816.479     816       0  -6.199693600000000e+07   3.902e+08   1.000e+00
    799 1132168.389     817       0  -6.199695200000000e+07   4.211e+08   1.000e+00
    800 1133519.183     818       0  -6.199695600000000e+07   2.986e+08   1.000e+00
    801 1134871.255     819       0  -6.199697200000000e+07   3.401e+08   1.000e+00
    802 1136223.169     820       0  -6.199698000000000e+07   3.360e+08   1.000e+00
    803 1137575.318     821       0  -6.199699200000000e+07   2.970e+08   1.000e+00
    804 1138932.009     822       0  -6.199700000000000e+07   7.749e+08   1.000e+00
    805 1140285.151     823       0  -6.199701200000000e+07   2.386e+08   1.000e+00
    806 1141637.257     824       0  -6.199701600000000e+07   1.973e+08   1.000e+00
    807 1142988.970     825       0  -6.199703200000000e+07   2.745e+08   1.000e+00
    808 1144341.222     826       0  -6.199704000000000e+07   6.375e+08   1.000e+00
    809 1145694.132     827       0  -6.199704800000000e+07   2.939e+08   1.000e+00
    810 1147044.793     828       0  -6.199706000000000e+07   2.126e+08   1.000e+00
    811 1172270.398     847       0  -6.199706000000000e+07   2.126e+08   3.808e-06
# Termination: function reduction test satisfied
# Iter.   Time (ms)    Eval. Reject.       Obj. Func.           Grad.       Step
# ---------------------------------------------------------------------------------
      0    1280.779       1       0  -6.148580800000000e+07   1.614e+10   0.000e+00
      1   16632.565      13       0  -6.155944000000000e+07   3.391e+10   8.455e-16
      2   17932.676      14       0  -6.164306000000000e+07   2.259e+10   1.000e+00
      3   19234.287      15       0  -6.170545200000000e+07   2.165e+10   1.000e+00
      4   20535.923      16       0  -6.175468800000000e+07   2.216e+10   1.000e+00
      5   21840.230      17       0  -6.178519600000000e+07   2.136e+10   1.000e+00
      6   23144.923      18       0  -6.180905200000000e+07   1.220e+10   1.000e+00
      7   24449.188      19       0  -6.182402400000000e+07   9.726e+09   1.000e+00
      8   25754.651      20       0  -6.183700000000000e+07   1.035e+10   1.000e+00
      9   27069.759      21       0  -6.184625600000000e+07   1.342e+10   1.000e+00
     10   28375.563      22       0  -6.185424000000000e+07   6.935e+09   1.000e+00
     11   29680.062      23       0  -6.185907200000000e+07   6.155e+09   1.000e+00
     12   30985.924      24       0  -6.186427600000000e+07   6.289e+09   1.000e+00
     13   32291.505      25       0  -6.186616400000000e+07   1.471e+10   1.000e+00
     14   33596.438      26       0  -6.187254800000000e+07   5.088e+09   1.000e+00
     15   34902.319      27       0  -6.187466800000000e+07   4.015e+09   1.000e+00
     16   36206.751      28       0  -6.187723200000000e+07   4.729e+09   1.000e+00
     17   37512.336      29       0  -6.188120800000000e+07   7.519e+09   1.000e+00
     18   38817.972      30       0  -6.188459600000000e+07   6.577e+09   1.000e+00
     19   40123.065      31       0  -6.188711200000000e+07   3.789e+09   1.000e+00
     20   41428.531      32       0  -6.188979600000000e+07   4.097e+09   1.000e+00
     21   42734.088      33       0  -6.189176000000000e+07   5.348e+09   1.000e+00
     22   44040.655      34       0  -6.189417600000000e+07   3.717e+09   1.000e+00
     23   45346.488      35       0  -6.189631200000000e+07   3.757e+09   1.000e+00
     24   46651.087      36       0  -6.189810400000000e+07   5.432e+09   1.000e+00
     25   47956.840      37       0  -6.189982000000000e+07   3.508e+09   1.000e+00
     26   49261.384      38       0  -6.190140800000000e+07   3.316e+09   1.000e+00
     27   50566.681      39       0  -6.190300000000000e+07   3.976e+09   1.000e+00
     28   51871.824      40       0  -6.190403200000000e+07   7.214e+09   1.000e+00
     29   53177.588      41       0  -6.190579200000000e+07   3.061e+09   1.000e+00
     30   54482.311      42       0  -6.190677600000000e+07   2.718e+09   1.000e+00
     31   55788.034      43       0  -6.190790800000000e+07   3.102e+09   1.000e+00
     32   57099.043      44       0  -6.190890800000000e+07   7.355e+09   1.000e+00
     33   58406.097      45       0  -6.191058800000000e+07   3.008e+09   1.000e+00
     34   59711.527      46       0  -6.191154800000000e+07   2.506e+09   1.000e+00
     35   61016.229      47       0  -6.191250000000000e+07   2.913e+09   1.000e+00
     36   62321.400      48       0  -6.191405200000000e+07   4.322e+09   1.000e+00
     37   63626.960      49       0  -6.191501200000000e+07   5.029e+09   1.000e+00
     38   64932.577      50       0  -6.191604800000000e+07   2.302e+09   1.000e+00
     39   66238.522      51       0  -6.191681200000000e+07   2.464e+09   1.000e+00
     40   67555.249      52       0  -6.191769200000000e+07   2.851e+09   1.000e+00
     41   68874.077      53       0  -6.191852000000000e+07   6.373e+09   1.000e+00
     42   70190.804      54       0  -6.191976000000000e+07   2.697e+09   1.000e+00
     43   71509.902      55       0  -6.192042000000000e+07   2.239e+09   1.000e+00
     44   72826.717      56       0  -6.192112000000000e+07   2.548e+09   1.000e+00
     45   74143.759      57       0  -6.192216400000000e+07   4.078e+09   1.000e+00
     46   75459.644      58       0  -6.192308400000000e+07   3.103e+09   1.000e+00
     47   76775.127      59       0  -6.192372800000000e+07   2.011e+09   1.000e+00
     48   78090.053      60       0  -6.192456800000000e+07   2.271e+09   1.000e+00
     49   79403.680      61       0  -6.192513200000000e+07   3.458e+09   1.000e+00
     50   80718.300      62       0  -6.192584800000000e+07   2.164e+09   1.000e+00
     51   82031.920      63       0  -6.192661200000000e+07   1.906e+09   1.000e+00
     52   83347.048      64       0  -6.192715200000000e+07   2.946e+09   1.000e+00
     53   84658.398      65       0  -6.192775200000000e+07   1.991e+09   1.000e+00
     54   85972.162      66       0  -6.192830800000000e+07   1.733e+09   1.000e+00
     55   87294.349      67       0  -6.192877600000000e+07   2.788e+09   1.000e+00
     56   88618.739      68       0  -6.192925600000000e+07   1.881e+09   1.000e+00
     57   89942.827      69       0  -6.192974800000000e+07   1.773e+09   1.000e+00
     58   91264.485      70       0  -6.193022400000000e+07   2.509e+09   1.000e+00
     59   92584.574      71       0  -6.193061200000000e+07   2.405e+09   1.000e+00
     60   93908.395      72       0  -6.193091200000000e+07   1.490e+09   1.000e+00
     61   95233.195      73       0  -6.193125600000000e+07   1.416e+09   1.000e+00
     62   96558.056      74       0  -6.193156000000000e+07   1.755e+09   1.000e+00
     63   97880.438      75       0  -6.193201200000000e+07   1.799e+09   1.000e+00
     64   99209.954      76       0  -6.193236000000000e+07   1.899e+09   1.000e+00
     65  100541.715      77       0  -6.193270800000000e+07   1.543e+09   1.000e+00
     66  101877.751      78       0  -6.193304000000000e+07   1.453e+09   1.000e+00
     67  103210.710      79       0  -6.193332000000000e+07   2.310e+09   1.000e+00
     68  104537.737      80       0  -6.193362800000000e+07   1.531e+09   1.000e+00
     69  105869.254      81       0  -6.193399200000000e+07   1.367e+09   1.000e+00
     70  107201.014      82       0  -6.193420400000000e+07   2.056e+09   1.000e+00
     71  108533.672      83       0  -6.193444000000000e+07   1.460e+09   1.000e+00
     72  109865.746      84       0  -6.193481200000000e+07   1.553e+09   1.000e+00
     73  111198.180      85       0  -6.193503600000000e+07   1.870e+09   1.000e+00
     74  112529.589      86       0  -6.193526000000000e+07   1.532e+09   1.000e+00
     75  113861.642      87       0  -6.193564400000000e+07   1.856e+09   1.000e+00
     76  115190.282      88       0  -6.193589600000000e+07   2.198e+09   1.000e+00
     77  116521.978      89       0  -6.193609600000000e+07   1.517e+09   1.000e+00
     78  117857.562      90       0  -6.193644800000000e+07   1.175e+09   1.000e+00
     79  119189.032      91       0  -6.193666000000000e+07   1.638e+09   1.000e+00
     80  120521.858      92       0  -6.193695200000000e+07   1.540e+09   1.000e+00
     81  121850.716      93       0  -6.193718000000000e+07   3.184e+09   1.000e+00
     82  123181.344      94       0  -6.193752000000000e+07   1.238e+09   1.000e+00
     83  124513.506      95       0  -6.193771200000000e+07   1.211e+09   1.000e+00
     84  125846.483      96       0  -6.193798400000000e+07   1.398e+09   1.000e+00
     85  127180.610      97       0  -6.193810000000000e+07   3.767e+09   1.000e+00
     86  128512.472      98       0  -6.193846800000000e+07   1.324e+09   1.000e+00
     87  129845.410      99       0  -6.193863600000000e+07   1.007e+09   1.000e+00
     88  131178.254     100       0  -6.193883200000000e+07   1.263e+09   1.000e+00
     89  132509.073     101       0  -6.193911200000000e+07   1.981e+09   1.000e+00
     90  133842.135     102       0  -6.193943600000000e+07   1.844e+09   1.000e+00
     91  135172.587     103       0  -6.193968000000000e+07   1.093e+09   1.000e+00
     92  136505.461     104       0  -6.193993600000000e+07   1.268e+09   1.000e+00
     93  137837.907     105       0  -6.194014800000000e+07   1.687e+09   1.000e+00
     94  139169.514     106       0  -6.194044800000000e+07   1.355e+09   1.000e+00
     95  140501.018     107       0  -6.194069200000000e+07   1.354e+09   1.000e+00
     96  141830.349     108       0  -6.194094800000000e+07   1.372e+09   1.000e+00
     97  143162.067     109       0  -6.194117200000000e+07   1.399e+09   1.000e+00
     98  144491.306     110       0  -6.194147600000000e+07   1.341e+09   1.000e+00
     99  145818.817     111       0  -6.194172800000000e+07   2.180e+09   1.000e+00
    100  147149.730     112       0  -6.194197200000000e+07   1.406e+09   1.000e+00
    101  148483.062     113       0  -6.194218400000000e+07   1.225e+09   1.000e+00
    102  149818.838     114       0  -6.194240800000000e+07   1.474e+09   1.000e+00
    103  151155.221     115       0  -6.194258000000000e+07   2.538e+09   1.000e+00
    104  152490.378     116       0  -6.194284400000000e+07   1.237e+09   1.000e+00
    105  153828.620     117       0  -6.194305600000000e+07   1.210e+09   1.000e+00
    106  155169.592     118       0  -6.194329200000000e+07   1.437e+09   1.000e+00
    107  156510.571     119       0  -6.194352000000000e+07   3.312e+09   1.000e+00
    108  157849.225     120       0  -6.194390000000000e+07   1.441e+09   1.000e+00
    109  159189.763     121       0  -6.194415600000000e+07   1.300e+09   1.000e+00
    110  160529.126     122       0  -6.194442800000000e+07   1.498e+09   1.000e+00
    111  161872.598     123       0  -6.194478800000000e+07   2.980e+09   1.000e+00
    112  163213.184     124       0  -6.194518000000000e+07   1.558e+09   1.000e+00
    113  164553.910     125       0  -6.194541600000000e+07   1.211e+09   1.000e+00
    114  165895.046     126       0  -6.194570800000000e+07   1.590e+09   1.000e+00
    115  167252.026     127       0  -6.194591600000000e+07   2.858e+09   1.000e+00
    116  168609.297     128       0  -6.194622000000000e+07   1.563e+09   1.000e+00
    117  169954.407     129       0  -6.194653200000000e+07   1.333e+09   1.000e+00
    118  171292.631     130       0  -6.194676000000000e+07   1.439e+09   1.000e+00
    119  172639.061     131       0  -6.194700400000000e+07   3.845e+09   1.000e+00
    120  173985.364     132       0  -6.194744400000000e+07   1.466e+09   1.000e+00
    121  175336.555     133       0  -6.194763200000000e+07   1.132e+09   1.000e+00
    122  176692.188     134       0  -6.194788000000000e+07   1.344e+09   1.000e+00
    123  178038.882     135       0  -6.194812000000000e+07   2.786e+09   1.000e+00
    124  179387.018     136       0  -6.194844400000000e+07   1.524e+09   1.000e+00
    125  180729.545     137       0  -6.194870000000000e+07   1.168e+09   1.000e+00
    126  182078.863     138       0  -6.194892000000000e+07   1.405e+09   1.000e+00
    127  183426.677     139       0  -6.194906800000000e+07   3.008e+09   1.000e+00
    128  184777.244     140       0  -6.194934000000000e+07   1.238e+09   1.000e+00
    129  186126.084     141       0  -6.194950000000000e+07   1.090e+09   1.000e+00
    130  187483.691     142       0  -6.194967600000000e+07   1.359e+09   1.000e+00
    131  188837.342     143       0  -6.195001600000000e+07   1.950e+09   1.000e+00
    132  190190.635     144       0  -6.195008800000000e+07   3.925e+09   1.000e+00
    133  191547.987     145       0  -6.195048000000000e+07   1.194e+09   1.000e+00
    134  192907.132     146       0  -6.195058800000000e+07   9.433e+08   1.000e+00
    135  194263.724     147       0  -6.195076000000000e+07   1.179e+09   1.000e+00
    136  195624.013     148       0  -6.195101600000000e+07   1.951e+09   1.000e+00
    137  196982.972     149       0  -6.195128800000000e+07   1.647e+09   1.000e+00
    138  198340.032     150       0  -6.195149600000000e+07   1.073e+09   1.000e+00
    139  199699.096     151       0  -6.195173200000000e+07   1.173e+09   1.000e+00
    140  201055.660     152       0  -6.195186800000000e+07   2.043e+09   1.000e+00
    141  202414.952     153       0  -6.195204000000000e+07   1.213e+09   1.000e+00
    142  203771.773     154       0  -6.195230400000000e+07   1.154e+09   1.000e+00
    143  205131.974     155       0  -6.195246400000000e+07   1.205e+09   1.000e+00
    144  206492.657     156       0  -6.195252000000000e+07   4.125e+09   1.000e+00
    145  207856.241     157       0  -6.195291600000000e+07   1.117e+09   1.000e+00
    146  209211.316     158       0  -6.195300800000000e+07   8.582e+08   1.000e+00
    147  210564.570     159       0  -6.195314800000000e+07   1.090e+09   1.000e+00
    148  211923.769     160       0  -6.195338000000000e+07   1.488e+09   1.000e+00
    149  213283.505     161       0  -6.195352400000000e+07   2.788e+09   1.000e+00
    150  214643.658     162       0  -6.195376400000000e+07   1.052e+09   1.000e+00
    151  216004.259     163       0  -6.195386400000000e+07   9.605e+08   1.000e+00
    152  217365.383     164       0  -6.195401600000000e+07   1.103e+09   1.000e+00
    153  218723.574     165       0  -6.195406400000000e+07   3.435e+09   1.000e+00
    154  220082.871     166       0  -6.195430800000000e+07   1.247e+09   1.000e+00
    155  221439.441     167       0  -6.195439600000000e+07   7.815e+08   1.000e+00
    156  222799.605     168       0  -6.195450000000000e+07   1.010e+09   1.000e+00
    157  224158.839     169       0  -6.195464800000000e+07   1.153e+09   1.000e+00
    158  225515.108     170       0  -6.195484400000000e+07   2.488e+09   1.000e+00
    159  226870.992     171       0  -6.195507600000000e+07   1.084e+09   1.000e+00
    160  228224.893     172       0  -6.195520800000000e+07   8.652e+08   1.000e+00
    161  229583.668     173       0  -6.195538400000000e+07   1.088e+09   1.000e+00
    162  230943.327     174       0  -6.195549600000000e+07   2.693e+09   1.000e+00
    163  232297.758     175       0  -6.195568400000000e+07   1.285e+09   1.000e+00
    164  233655.054     176       0  -6.195582400000000e+07   8.535e+08   1.000e+00
    165  235011.322     177       0  -6.195590400000000e+07   9.625e+08   1.000e+00
    166  236367.354     178       0  -6.195612000000000e+07   1.708e+09   1.000e+00
    167  237729.445     179       0  -6.195624000000000e+07   2.201e+09   1.000e+00
    168  239087.952     180       0  -6.195640400000000e+07   9.611e+08   1.000e+00
    169  240447.939     181       0  -6.195650400000000e+07   8.769e+08   1.000e+00
    170  241807.739     182       0  -6.195662400000000e+07   1.042e+09   1.000e+00
    171  243167.930     183       0  -6.195673600000000e+07   2.874e+09   1.000e+00
    172  244528.474     184       0  -6.195694800000000e+07   1.133e+09   1.000e+00
    173  245888.136     185       0  -6.195703600000000e+07   8.135e+08   1.000e+00
    174  247253.740     186       0  -6.195712000000000e+07   9.535e+08   1.000e+00
    175  248624.018     187       0  -6.195728400000000e+07   1.112e+09   1.000e+00
    176  251266.088     189       0  -6.195738800000000e+07   1.970e+09   4.333e-01
    177  252572.042     190       0  -6.195757600000000e+07   1.165e+09   1.000e+00
    178  253876.084     191       0  -6.195772000000000e+07   8.699e+08   1.000e+00
    179  255180.306     192       0  -6.195786400000000e+07   1.163e+09   1.000e+00
    180  256485.210     193       0  -6.195799600000000e+07   1.192e+09   1.000e+00
    181  257790.414     194       0  -6.195813200000000e+07   9.956e+08   1.000e+00
    182  259095.194     195       0  -6.195827600000000e+07   1.196e+09   1.000e+00
    183  260400.147     196       0  -6.195839200000000e+07   9.887e+08   1.000e+00
    184  261704.505     197       0  -6.195854400000000e+07   9.925e+08   1.000e+00
    185  263009.513     198       0  -6.195868000000000e+07   1.654e+09   1.000e+00
    186  264314.284     199       0  -6.195881200000000e+07   9.340e+08   1.000e+00
    187  265619.226     200       0  -6.195893600000000e+07   8.820e+08   1.000e+00
    188  266925.861     201       0  -6.195903600000000e+07   1.109e+09   1.000e+00
    189  268230.034     202       0  -6.195915600000000e+07   1.256e+09   1.000e+00
    190  269539.769     203       0  -6.195927200000000e+07   8.772e+08   1.000e+00
    191  270844.526     204       0  -6.195939200000000e+07   9.430e+08   1.000e+00
    192  272149.411     205       0  -6.195950400000000e+07   1.102e+09   1.000e+00
    193  273454.208     206       0  -6.195964000000000e+07   1.063e+09   1.000e+00
    194  274759.198     207       0  -6.195976400000000e+07   9.062e+08   1.000e+00
    195  276064.406     208       0  -6.195991200000000e+07   1.233e+09   1.000e+00
    196  277371.194     209       0  -6.196002000000000e+07   9.929e+08   1.000e+00
    197  278675.066     210       0  -6.196011200000000e+07   9.090e+08   1.000e+00
    198  279979.715     211       0  -6.196027200000000e+07   1.460e+09   1.000e+00
    199  281284.821     212       0  -6.196037200000000e+07   1.601e+09   1.000e+00
    200  282590.113     213       0  -6.196046800000000e+07   9.423e+08   1.000e+00
    201  283894.660     214       0  -6.196057600000000e+07   7.156e+08   1.000e+00
    202  285198.603     215       0  -6.196065600000000e+07   9.074e+08   1.000e+00
    203  286502.642     216       0  -6.196077200000000e+07   1.488e+09   1.000e+00
    204  287807.193     217       0  -6.196089600000000e+07   9.578e+08   1.000e+00
    205  289111.592     218       0  -6.196100400000000e+07   9.758e+08   1.000e+00
    206  290415.836     219       0  -6.196115600000000e+07   1.182e+09   1.000e+00
    207  291720.986     220       0  -6.196122800000000e+07   2.488e+09   1.000e+00
    208  293026.278     221       0  -6.196141200000000e+07   9.611e+08   1.000e+00
    209  294330.553     222       0  -6.196148800000000e+07   7.547e+08   1.000e+00
    210  295635.476     223       0  -6.196158400000000e+07   8.591e+08   1.000e+00
    211  296942.781     224       0  -6.196170800000000e+07   1.606e+09   1.000e+00
    212  298246.780     225       0  -6.196184400000000e+07   1.018e+09   1.000e+00
    213  299553.850     226       0  -6.196193600000000e+07   7.327e+08   1.000e+00
    214  300858.078     227       0  -6.196203600000000e+07   9.598e+08   1.000e+00
    215  302162.359     228       0  -6.196211200000000e+07   1.250e+09   1.000e+00
    216  303466.911     229       0  -6.196218400000000e+07   8.402e+08   1.000e+00
    217  304772.022     230       0  -6.196232400000000e+07   8.265e+08   1.000e+00
    218  306076.245     231       0  -6.196240800000000e+07   1.208e+09   1.000e+00
    219  307386.343     232       0  -6.196253600000000e+07   9.282e+08   1.000e+00
    220  308690.638     233       0  -6.196264400000000e+07   1.473e+09   1.000e+00
    221  309995.194     234       0  -6.196275200000000e+07   7.825e+08   1.000e+00
    222  311299.716     235       0  -6.196283600000000e+07   7.786e+08   1.000e+00
    223  312604.796     236       0  -6.196296800000000e+07   1.183e+09   1.000e+00
    224  313910.191     237       0  -6.196304400000000e+07   1.750e+09   1.000e+00
    225  315214.524     238       0  -6.196315200000000e+07   8.285e+08   1.000e+00
    226  316519.078     239       0  -6.196323200000000e+07   7.228e+08   1.000e+00
    227  317823.553     240       0  -6.196330000000000e+07   8.140e+08   1.000e+00
    228  319128.293     241       0  -6.196333200000000e+07   2.475e+09   1.000e+00
    229  320434.135     242       0  -6.196348000000000e+07   7.812e+08   1.000e+00
    230  321738.355     243       0  -6.196353600000000e+07   6.172e+08   1.000e+00
    231  323042.818     244       0  -6.196361200000000e+07   8.226e+08   1.000e+00
    232  324348.387     245       0  -6.196373200000000e+07   1.021e+09   1.000e+00
    233  326933.562     247       0  -6.196382800000000e+07   1.554e+09   4.895e-01
    234  328238.148     248       0  -6.196395200000000e+07   7.886e+08   1.000e+00
    235  329546.115     249       0  -6.196402400000000e+07   6.791e+08   1.000e+00
    236  330849.932     250       0  -6.196410000000000e+07   9.417e+08   1.000e+00
    237  332154.953     251       0  -6.196418400000000e+07   1.198e+09   1.000e+00
    238  333459.796     252       0  -6.196425600000000e+07   8.367e+08   1.000e+00
    239  334765.000     253       0  -6.196436400000000e+07   8.473e+08   1.000e+00
    240  336069.000     254       0  -6.196445200000000e+07   1.076e+09   1.000e+00
    241  337376.271     255       0  -6.196453600000000e+07   8.830e+08   1.000e+00
    242  338681.178     256       0  -6.196463600000000e+07   1.647e+09   1.000e+00
    243  339986.095     257       0  -6.196472800000000e+07   7.409e+08   1.000e+00
    244  341291.132     258       0  -6.196477600000000e+07   6.314e+08   1.000e+00
    245  342595.174     259       0  -6.196488400000000e+07   9.471e+08   1.000e+00
    246  343899.357     260       0  -6.196492000000000e+07   2.068e+09   1.000e+00
    247  345204.289     261       0  -6.196503200000000e+07   8.247e+08   1.000e+00
    248  346509.432     262       0  -6.196509200000000e+07   6.102e+08   1.000e+00
    249  347827.303     263       0  -6.196515200000000e+07   7.387e+08   1.000e+00
    250  349139.740     264       0  -6.196523200000000e+07   1.251e+09   1.000e+00
    251  350461.081     265       0  -6.196533200000000e+07   6.605e+08   1.000e+00
    252  351790.628     266       0  -6.196540000000000e+07   6.165e+08   1.000e+00
    253  353121.877     267       0  -6.196552400000000e+07   9.783e+08   1.000e+00
    254  354453.761     268       0  -6.196553600000000e+07   2.284e+09   1.000e+00
    255  355783.231     269       0  -6.196565600000000e+07   8.387e+08   1.000e+00
    256  357115.566     270       0  -6.196571600000000e+07   5.620e+08   1.000e+00
    257  358445.290     271       0  -6.196578400000000e+07   7.335e+08   1.000e+00
    258  359785.464     272       0  -6.196588400000000e+07   7.768e+08   1.000e+00
    259  362396.564     274       0  -6.196595200000000e+07   1.427e+09   4.864e-01
    260  363709.251     275       0  -6.196606000000000e+07   6.731e+08   1.000e+00
    261  365022.604     276       0  -6.196611600000000e+07   5.689e+08   1.000e+00
    262  366335.133     277       0  -6.196620000000000e+07   8.800e+08   1.000e+00
    263  367647.828     278       0  -6.196627600000000e+07   9.654e+08   1.000e+00
    264  368959.447     279       0  -6.196634800000000e+07   7.824e+08   1.000e+00
    265  370272.750     280       0  -6.196646000000000e+07   1.048e+09   1.000e+00
    266  371585.600     281       0  -6.196651600000000e+07   1.036e+09   1.000e+00
    267  372898.772     282       0  -6.196657600000000e+07   7.087e+08   1.000e+00
    268  374211.606     283       0  -6.196666000000000e+07   6.040e+08   1.000e+00
    269  375525.068     284       0  -6.196671200000000e+07   1.042e+09   1.000e+00
    270  376837.940     285       0  -6.196678800000000e+07   7.721e+08   1.000e+00
    271  378151.205     286       0  -6.196687600000000e+07   1.045e+09   1.000e+00
    272  379463.758     287       0  -6.196693200000000e+07   8.750e+08   1.000e+00
    273  380777.490     288       0  -6.196697600000000e+07   6.652e+08   1.000e+00
    274  382090.815     289       0  -6.196707200000000e+07   6.804e+08   1.000e+00
    275  383403.146     290       0  -6.196712400000000e+07   1.459e+09   1.000e+00
    276  384715.681     291       0  -6.196718400000000e+07   8.888e+08   1.000e+00
    277  386029.233     292       0  -6.196727200000000e+07   6.091e+08   1.000e+00
    278  387344.682     293       0  -6.196731600000000e+07   6.493e+08   1.000e+00
    279  388666.524     294       0  -6.196739600000000e+07   1.544e+09   1.000e+00
    280  389979.425     295       0  -6.196747600000000e+07   8.994e+08   1.000e+00
    281  391293.237     296       0  -6.196751600000000e+07   6.229e+08   1.000e+00
    282  392607.495     297       0  -6.196758800000000e+07   5.680e+08   1.000e+00
    283  393920.588     298       0  -6.196765200000000e+07   1.229e+09   1.000e+00
    284  395234.261     299       0  -6.196772800000000e+07   7.666e+08   1.000e+00
    285  396548.301     300       0  -6.196780800000000e+07   5.786e+08   1.000e+00
    286  397860.853     301       0  -6.196785200000000e+07   7.485e+08   1.000e+00
    287  399173.599     302       0  -6.196791600000000e+07   6.905e+08   1.000e+00
    288  400487.572     303       0  -6.196797600000000e+07   6.164e+08   1.000e+00
    289  401802.470     304       0  -6.196805600000000e+07   8.773e+08   1.000e+00
    290  403115.676     305       0  -6.196812400000000e+07   9.850e+08   1.000e+00
    291  404429.419     306       0  -6.196818800000000e+07   7.420e+08   1.000e+00
    292  405743.147     307       0  -6.196828800000000e+07   1.019e+09   1.000e+00
    293  407055.873     308       0  -6.196834000000000e+07   1.174e+09   1.000e+00
    294  408369.117     309       0  -6.196838400000000e+07   7.485e+08   1.000e+00
    295  409692.025     310       0  -6.196846800000000e+07   6.234e+08   1.000e+00
    296  411015.947     311       0  -6.196853200000000e+07   6.844e+08   1.000e+00
    297  412336.199     312       0  -6.196856400000000e+07   2.131e+09   1.000e+00
    298  413657.802     313       0  -6.196869200000000e+07   6.411e+08   1.000e+00
    299  414978.982     314       0  -6.196871600000000e+07   5.038e+08   1.000e+00
    300  416300.132     315       0  -6.196878000000000e+07   6.386e+08   1.000e+00
    301  417629.764     316       0  -6.196882800000000e+07   1.644e+09   1.000e+00
    302  418947.122     317       0  -6.196890000000000e+07   7.889e+08   1.000e+00
    303  420268.348     318       0  -6.196895200000000e+07   5.571e+08   1.000e+00
    304  421590.891     319       0  -6.196900000000000e+07   6.181e+08   1.000e+00
    305  422911.993     320       0  -6.196908000000000e+07   1.186e+09   1.000e+00
    306  424234.769     321       0  -6.196914800000000e+07   7.125e+08   1.000e+00
    307  425554.782     322       0  -6.196920000000000e+07   5.412e+08   1.000e+00
    308  426878.819     323       0  -6.196928000000000e+07   6.857e+08   1.000e+00
    309  428211.513     324       0  -6.196931600000000e+07   1.426e+09   1.000e+00
    310  429545.865     325       0  -6.196938400000000e+07   6.858e+08   1.000e+00
    311  430879.561     326       0  -6.196944000000000e+07   5.270e+08   1.000e+00
    312  432214.113     327       0  -6.196947200000000e+07   5.777e+08   1.000e+00
    313  433543.599     328       0  -6.196954000000000e+07   1.324e+09   1.000e+00
    314  434874.731     329       0  -6.196961200000000e+07   7.351e+08   1.000e+00
    315  436203.766     330       0  -6.196964400000000e+07   5.039e+08   1.000e+00
    316  437532.563     331       0  -6.196970400000000e+07   5.808e+08   1.000e+00
    317  438864.620     332       0  -6.196974000000000e+07   1.046e+09   1.000e+00
    318  440197.882     333       0  -6.196979600000000e+07   6.677e+08   1.000e+00
    319  441524.726     334       0  -6.196985600000000e+07   5.246e+08   1.000e+00
    320  442852.528     335       0  -6.196989200000000e+07   6.425e+08   1.000e+00
    321  444181.865     336       0  -6.196994800000000e+07   5.536e+08   1.000e+00
    322  445508.382     337       0  -6.196999200000000e+07   1.017e+09   1.000e+00
    323  446841.210     338       0  -6.197004000000000e+07   5.867e+08   1.000e+00
    324  448173.108     339       0  -6.197009600000000e+07   5.448e+08   1.000e+00
    325  449507.886     340       0  -6.197014800000000e+07   7.780e+08   1.000e+00
    326  450845.955     341       0  -6.197020000000000e+07   9.161e+08   1.000e+00
    327  452186.785     342       0  -6.197024000000000e+07   5.526e+08   1.000e+00
    328  453527.517     343       0  -6.197028000000000e+07   5.172e+08   1.000e+00
    329  454867.492     344       0  -6.197031200000000e+07   6.075e+08   1.000e+00
    330  456207.253     345       0  -6.197036400000000e+07   1.227e+09   1.000e+00
    331  457546.987     346       0  -6.197042400000000e+07   5.871e+08   1.000e+00
    332  458886.848     347       0  -6.197046400000000e+07   5.291e+08   1.000e+00
    333  460224.492     348       0  -6.197050800000000e+07   5.952e+08   1.000e+00
    334  461566.398     349       0  -6.197053200000000e+07   1.621e+09   1.000e+00
    335  462906.624     350       0  -6.197060000000000e+07   6.168e+08   1.000e+00
    336  464246.084     351       0  -6.197063200000000e+07   4.540e+08   1.000e+00
    337  465586.506     352       0  -6.197067200000000e+07   5.694e+08   1.000e+00
    338  466926.512     353       0  -6.197073200000000e+07   8.675e+08   1.000e+00
    339  468265.150     354       0  -6.197077600000000e+07   8.444e+08   1.000e+00
    340  469606.095     355       0  -6.197082800000000e+07   5.110e+08   1.000e+00
    341  470946.033     356       0  -6.197087600000000e+07   6.154e+08   1.000e+00
    342  472286.129     357       0  -6.197091200000000e+07   7.428e+08   1.000e+00
    343  473624.242     358       0  -6.197098000000000e+07   7.859e+08   1.000e+00
    344  474961.980     359       0  -6.197103600000000e+07   6.036e+08   1.000e+00
    345  476303.054     360       0  -6.197109600000000e+07   7.394e+08   1.000e+00
    346  477646.776     361       0  -6.197114000000000e+07   8.039e+08   1.000e+00
    347  478984.726     362       0  -6.197118400000000e+07   5.926e+08   1.000e+00
    348  480326.555     363       0  -6.197124400000000e+07   5.922e+08   1.000e+00
    349  481665.014     364       0  -6.197128800000000e+07   1.076e+09   1.000e+00
    350  483007.560     365       0  -6.197133600000000e+07   7.057e+08   1.000e+00
    351  484345.447     366       0  -6.197138800000000e+07   5.058e+08   1.000e+00
    352  485686.993     367       0  -6.197141600000000e+07   5.698e+08   1.000e+00
    353  487025.770     368       0  -6.197147600000000e+07   6.561e+08   1.000e+00
    354  488366.778     369       0  -6.197149200000000e+07   1.885e+09   1.000e+00
    355  489705.967     370       0  -6.197157600000000e+07   6.457e+08   1.000e+00
    356  491046.825     371       0  -6.197160800000000e+07   4.413e+08   1.000e+00
    357  492382.985     372       0  -6.197164800000000e+07   5.755e+08   1.000e+00
    358  493722.088     373       0  -6.197170400000000e+07   7.902e+08   1.000e+00
    359  495062.040     374       0  -6.197174400000000e+07   1.211e+09   1.000e+00
    360  496402.242     375       0  -6.197179200000000e+07   4.523e+08   1.000e+00
    361  497742.860     376       0  -6.197181200000000e+07   4.690e+08   1.000e+00
    362  499078.735     377       0  -6.197185200000000e+07   5.767e+08   1.000e+00
    363  500417.756     378       0  -6.197187600000000e+07   1.623e+09   1.000e+00
    364  501756.289     379       0  -6.197193600000000e+07   6.042e+08   1.000e+00
    365  503089.903     380       0  -6.197196400000000e+07   4.226e+08   1.000e+00
    366  504431.190     381       0  -6.197198800000000e+07   4.886e+08   1.000e+00
    367  505767.091     382       0  -6.197204000000000e+07   6.925e+08   1.000e+00
    368  507107.367     383       0  -6.197207200000000e+07   1.008e+09   1.000e+00
    369  508444.758     384       0  -6.197212000000000e+07   4.540e+08   1.000e+00
    370  509785.264     385       0  -6.197215200000000e+07   5.232e+08   1.000e+00
    371  511125.839     386       0  -6.197219200000000e+07   6.186e+08   1.000e+00
    372  512466.543     387       0  -6.197220800000000e+07   1.728e+09   1.000e+00
    373  513805.331     388       0  -6.197227600000000e+07   5.814e+08   1.000e+00
    374  515145.657     389       0  -6.197230400000000e+07   4.165e+08   1.000e+00
    375  516486.976     390       0  -6.197232800000000e+07   4.827e+08   1.000e+00
    376  517823.767     391       0  -6.197237600000000e+07   5.952e+08   1.000e+00
    377  519159.996     392       0  -6.197238400000000e+07   1.490e+09   1.000e+00
    378  520498.436     393       0  -6.197244000000000e+07   4.355e+08   1.000e+00
    379  521841.736     394       0  -6.197246800000000e+07   4.062e+08   1.000e+00
    380  523179.046     395       0  -6.197250800000000e+07   5.225e+08   1.000e+00
    381  524518.522     396       0  -6.197252000000000e+07   1.590e+09   1.000e+00
    382  525858.297     397       0  -6.197258000000000e+07   6.084e+08   1.000e+00
    383  527208.625     398       0  -6.197260400000000e+07   4.172e+08   1.000e+00
    384  528559.788     399       0  -6.197262800000000e+07   4.968e+08   1.000e+00
    385  529907.382     400       0  -6.197267200000000e+07   5.382e+08   1.000e+00
    386  531256.989     401       0  -6.197269200000000e+07   1.565e+09   1.000e+00
    387  532607.110     402       0  -6.197276000000000e+07   5.008e+08   1.000e+00
    388  533952.591     403       0  -6.197278800000000e+07   3.732e+08   1.000e+00
    389  535300.667     404       0  -6.197282400000000e+07   5.040e+08   1.000e+00
    390  536655.996     405       0  -6.197285200000000e+07   1.377e+09   1.000e+00
    391  538008.862     406       0  -6.197289200000000e+07   6.139e+08   1.000e+00
    392  539359.599     407       0  -6.197293200000000e+07   4.046e+08   1.000e+00
    393  540708.105     408       0  -6.197295200000000e+07   4.785e+08   1.000e+00
    394  542051.482     409       0  -6.197299600000000e+07   6.264e+08   1.000e+00
    395  544683.273     411       0  -6.197302800000000e+07   8.900e+08   5.000e-01
    396  545995.643     412       0  -6.197307200000000e+07   4.766e+08   1.000e+00
    397  547309.327     413       0  -6.197311200000000e+07   4.232e+08   1.000e+00
    398  548621.291     414       0  -6.197314400000000e+07   5.540e+08   1.000e+00
    399  549933.791     415       0  -6.197317600000000e+07   9.740e+08   1.000e+00
    400  551246.029     416       0  -6.197322400000000e+07   5.417e+08   1.000e+00
    401  552558.723     417       0  -6.197326000000000e+07   4.563e+08   1.000e+00
    402  553871.479     418       0  -6.197328800000000e+07   5.556e+08   1.000e+00
    403  555184.674     419       0  -6.197331600000000e+07   1.063e+09   1.000e+00
    404  556497.960     420       0  -6.197336000000000e+07   4.688e+08   1.000e+00
    405  557810.421     421       0  -6.197338400000000e+07   4.347e+08   1.000e+00
    406  559123.513     422       0  -6.197340800000000e+07   4.801e+08   1.000e+00
    407  560436.652     423       0  -6.197343200000000e+07   1.237e+09   1.000e+00
    408  561748.900     424       0  -6.197348000000000e+07   4.998e+08   1.000e+00
    409  563061.980     425       0  -6.197350800000000e+07   3.948e+08   1.000e+00
    410  564376.018     426       0  -6.197354000000000e+07   4.695e+08   1.000e+00
    411  565690.068     427       0  -6.197356000000000e+07   1.098e+09   1.000e+00
    412  567004.433     428       0  -6.197359600000000e+07   4.958e+08   1.000e+00
    413  568318.321     429       0  -6.197363200000000e+07   3.971e+08   1.000e+00
    414  569631.646     430       0  -6.197365200000000e+07   4.656e+08   1.000e+00
    415  570944.890     431       0  -6.197368800000000e+07   1.104e+09   1.000e+00
    416  572258.013     432       0  -6.197372000000000e+07   4.921e+08   1.000e+00
    417  573571.748     433       0  -6.197374000000000e+07   3.797e+08   1.000e+00
    418  574884.567     434       0  -6.197376400000000e+07   4.544e+08   1.000e+00
    419  576197.497     435       0  -6.197379600000000e+07   8.927e+08   1.000e+00
    420  577511.221     436       0  -6.197383200000000e+07   5.005e+08   1.000e+00
    421  578824.595     437       0  -6.197385600000000e+07   3.842e+08   1.000e+00
    422  580137.611     438       0  -6.197387200000000e+07   4.940e+08   1.000e+00
    423  581450.901     439       0  -6.197389600000000e+07   7.778e+08   1.000e+00
    424  582766.890     440       0  -6.197393200000000e+07   4.520e+08   1.000e+00
    425  584080.604     441       0  -6.197395200000000e+07   4.184e+08   1.000e+00
    426  585393.807     442       0  -6.197397600000000e+07   4.515e+08   1.000e+00
    427  586707.606     443       0  -6.197398400000000e+07   1.381e+09   1.000e+00
    428  588020.694     444       0  -6.197404000000000e+07   4.243e+08   1.000e+00
    429  589333.536     445       0  -6.197405600000000e+07   3.404e+08   1.000e+00
    430  590647.245     446       0  -6.197408400000000e+07   4.344e+08   1.000e+00
    431  591959.842     447       0  -6.197411600000000e+07   7.220e+08   1.000e+00
    432  593273.099     448       0  -6.197414800000000e+07   6.021e+08   1.000e+00
    433  594586.723     449       0  -6.197418000000000e+07   4.192e+08   1.000e+00
    434  595900.014     450       0  -6.197421600000000e+07   4.638e+08   1.000e+00
    435  597216.187     451       0  -6.197423200000000e+07   5.880e+08   1.000e+00
    436  598531.684     452       0  -6.197426000000000e+07   4.216e+08   1.000e+00
    437  599844.978     453       0  -6.197430400000000e+07   4.871e+08   1.000e+00
    438  601157.869     454       0  -6.197431200000000e+07   9.316e+08   1.000e+00
    439  602470.713     455       0  -6.197433600000000e+07   4.971e+08   1.000e+00
    440  603784.705     456       0  -6.197436000000000e+07   3.877e+08   1.000e+00
    441  605099.691     457       0  -6.197438000000000e+07   4.433e+08   1.000e+00
    442  606414.592     458       0  -6.197442400000000e+07   6.866e+08   1.000e+00
    443  607737.428     459       0  -6.197442800000000e+07   1.302e+09   1.000e+00
    444  609062.900     460       0  -6.197448000000000e+07   3.876e+08   1.000e+00
    445  610386.611     461       0  -6.197449600000000e+07   3.208e+08   1.000e+00
    446  611712.534     462       0  -6.197452000000000e+07   4.362e+08   1.000e+00
    447  613035.919     463       0  -6.197454400000000e+07   1.020e+09   1.000e+00
    448  614358.577     464       0  -6.197458400000000e+07   5.776e+08   1.000e+00
    449  615680.216     465       0  -6.197461200000000e+07   4.034e+08   1.000e+00
    450  617003.479     466       0  -6.197463200000000e+07   4.594e+08   1.000e+00
    451  618322.914     467       0  -6.197465600000000e+07   6.309e+08   1.000e+00
    452  619643.308     468       0  -6.197468000000000e+07   4.366e+08   1.000e+00
    453  620963.157     469       0  -6.197471600000000e+07   4.399e+08   1.000e+00
    454  622282.981     470       0  -6.197474800000000e+07   4.796e+08   1.000e+00
    455  624890.989     472       0  -6.197476800000000e+07   7.307e+08   4.605e-01
    456  626205.845     473       0  -6.197479600000000e+07   4.728e+08   1.000e+00
    457  627520.981     474       0  -6.197482800000000e+07   4.206e+08   1.000e+00
    458  628835.765     475       0  -6.197484400000000e+07   5.783e+08   1.000e+00
    459  630149.017     476       0  -6.197486800000000e+07   4.233e+08   1.000e+00
    460  631463.607     477       0  -6.197490000000000e+07   4.281e+08   1.000e+00
    461  632776.824     478       0  -6.197492400000000e+07   7.226e+08   1.000e+00
    462  634090.004     479       0  -6.197494800000000e+07   4.512e+08   1.000e+00
    463  635402.635     480       0  -6.197497200000000e+07   3.689e+08   1.000e+00
    464  636715.088     481       0  -6.197499200000000e+07   5.075e+08   1.000e+00
    465  638028.177     482       0  -6.197502400000000e+07   4.477e+08   1.000e+00
    466  639341.020     483       0  -6.197504400000000e+07   4.836e+08   1.000e+00
    467  640654.623     484       0  -6.197506800000000e+07   4.669e+08   1.000e+00
    468  641970.484     485       0  -6.197508800000000e+07   3.784e+08   1.000e+00
    469  643283.694     486       0  -6.197512000000000e+07   4.240e+08   1.000e+00
    470  644596.986     487       0  -6.197513600000000e+07   7.573e+08   1.000e+00
    471  645910.644     488       0  -6.197516000000000e+07   4.272e+08   1.000e+00
    472  647224.606     489       0  -6.197517600000000e+07   3.488e+08   1.000e+00
    473  648537.550     490       0  -6.197519200000000e+07   3.869e+08   1.000e+00
    474  649850.335     491       0  -6.197520800000000e+07   9.121e+08   1.000e+00
    475  651162.992     492       0  -6.197524800000000e+07   3.368e+08   1.000e+00
    476  652475.386     493       0  -6.197525600000000e+07   3.148e+08   1.000e+00
    477  653787.473     494       0  -6.197527200000000e+07   4.064e+08   1.000e+00
    478  655099.953     495       0  -6.197529200000000e+07   1.115e+09   1.000e+00
    479  656412.387     496       0  -6.197531600000000e+07   4.998e+08   1.000e+00
    480  657729.424     497       0  -6.197534000000000e+07   3.365e+08   1.000e+00
    481  659042.765     498       0  -6.197535200000000e+07   3.770e+08   1.000e+00
    482  660356.555     499       0  -6.197538000000000e+07   5.147e+08   1.000e+00
    483  661669.314     500       0  -6.197540000000000e+07   8.658e+08   1.000e+00
    484  662982.749     501       0  -6.197542400000000e+07   3.192e+08   1.000e+00
    485  664295.765     502       0  -6.197543200000000e+07   3.325e+08   1.000e+00
    486  665608.581     503       0  -6.197545600000000e+07   4.378e+08   1.000e+00
    487  666920.915     504       0  -6.197547200000000e+07   1.089e+09   1.000e+00
    488  668238.300     505       0  -6.197550800000000e+07   4.753e+08   1.000e+00
    489  669551.171     506       0  -6.197552000000000e+07   3.504e+08   1.000e+00
    490  670863.955     507       0  -6.197553600000000e+07   3.997e+08   1.000e+00
    491  672176.901     508       0  -6.197556800000000e+07   5.170e+08   1.000e+00
    492  673490.215     509       0  -6.197558400000000e+07   1.067e+09   1.000e+00
    493  674802.712     510       0  -6.197562400000000e+07   3.632e+08   1.000e+00
    494  676116.850     511       0  -6.197563200000000e+07   3.529e+08   1.000e+00
    495  677430.781     512       0  -6.197565600000000e+07   4.311e+08   1.000e+00
    496  678743.580     513       0  -6.197567600000000e+07   1.167e+09   1.000e+00
    497  680057.163     514       0  -6.197570400000000e+07   4.797e+08   1.000e+00
    498  681371.113     515       0  -6.197572400000000e+07   3.479e+08   1.000e+00
    499  682684.658     516       0  -6.197574400000000e+07   4.063e+08   1.000e+00
    500  683997.432     517       0  -6.197577200000000e+07   4.868e+08   1.000e+00
    501  686602.416     519       0  -6.197579200000000e+07   6.866e+08   4.206e-01
    502  687917.044     520       0  -6.197581200000000e+07   3.785e+08   1.000e+00
    503  689229.709     521       0  -6.197583200000000e+07   3.272e+08   1.000e+00
    504  690543.574     522       0  -6.197585600000000e+07   5.075e+08   1.000e+00
    505  691855.964     523       0  -6.197587600000000e+07   5.578e+08   1.000e+00
    506  693169.849     524       0  -6.197589200000000e+07   4.031e+08   1.000e+00
    507  694483.392     525       0  -6.197592800000000e+07   4.087e+08   1.000e+00
    508  695795.787     526       0  -6.197594800000000e+07   5.551e+08   1.000e+00
    509  697109.180     527       0  -6.197597200000000e+07   4.367e+08   1.000e+00
    510  698422.249     528       0  -6.197600000000000e+07   6.265e+08   1.000e+00
    511  699735.373     529       0  -6.197601200000000e+07   3.715e+08   1.000e+00
    512  701048.140     530       0  -6.197602800000000e+07   3.377e+08   1.000e+00
    513  702361.036     531       0  -6.197604400000000e+07   4.388e+08   1.000e+00
    514  703674.292     532       0  -6.197605600000000e+07   1.058e+09   1.000e+00
    515  704987.791     533       0  -6.197608000000000e+07   4.007e+08   1.000e+00
    516  706303.149     534       0  -6.197609200000000e+07   2.718e+08   1.000e+00
    517  707625.929     535       0  -6.197610000000000e+07   3.436e+08   1.000e+00
    518  708952.129     536       0  -6.197612400000000e+07   4.417e+08   1.000e+00
    519  710276.174     537       0  -6.197614000000000e+07   7.337e+08   1.000e+00
    520  711599.807     538       0  -6.197616800000000e+07   3.302e+08   1.000e+00
    521  712920.130     539       0  -6.197618400000000e+07   3.804e+08   1.000e+00
    522  714247.113     540       0  -6.197620400000000e+07   4.371e+08   1.000e+00
    523  716866.156     542       0  -6.197621200000000e+07   6.096e+08   4.688e-01
    524  718185.022     543       0  -6.197624400000000e+07   3.852e+08   1.000e+00
    525  719502.068     544       0  -6.197625600000000e+07   3.350e+08   1.000e+00
    526  720814.563     545       0  -6.197628000000000e+07   4.933e+08   1.000e+00
    527  722127.658     546       0  -6.197629200000000e+07   4.349e+08   1.000e+00
    528  723440.153     547       0  -6.197631600000000e+07   3.387e+08   1.000e+00
    529  724753.274     548       0  -6.197633600000000e+07   4.533e+08   1.000e+00
    530  726065.374     549       0  -6.197636000000000e+07   4.729e+08   1.000e+00
    531  727381.953     550       0  -6.197636800000000e+07   3.856e+08   1.000e+00
    532  728695.523     551       0  -6.197640400000000e+07   4.885e+08   1.000e+00
    533  730008.598     552       0  -6.197641200000000e+07   7.869e+08   1.000e+00
    534  731321.080     553       0  -6.197643200000000e+07   4.217e+08   1.000e+00
    535  732633.477     554       0  -6.197645200000000e+07   3.119e+08   1.000e+00
    536  733946.986     555       0  -6.197647200000000e+07   3.561e+08   1.000e+00
    537  735259.291     556       0  -6.197648000000000e+07   8.957e+08   1.000e+00
    538  736571.833     557       0  -6.197651200000000e+07   3.463e+08   1.000e+00
    539  737884.518     558       0  -6.197652400000000e+07   2.742e+08   1.000e+00
    540  739196.972     559       0  -6.197653600000000e+07   3.413e+08   1.000e+00
    541  740510.261     560       0  -6.197655600000000e+07   7.118e+08   1.000e+00
    542  741822.269     561       0  -6.197657600000000e+07   4.224e+08   1.000e+00
    543  743134.086     562       0  -6.197660400000000e+07   3.411e+08   1.000e+00
    544  744447.320     563       0  -6.197662000000000e+07   4.507e+08   1.000e+00
    545  745760.080     564       0  -6.197664000000000e+07   4.948e+08   1.000e+00
    546  747075.919     565       0  -6.197666000000000e+07   3.635e+08   1.000e+00
    547  748389.214     566       0  -6.197666800000000e+07   3.371e+08   1.000e+00
    548  749702.369     567       0  -6.197668800000000e+07   4.111e+08   1.000e+00
    549  751015.969     568       0  -6.197670400000000e+07   4.787e+08   1.000e+00
    550  752329.052     569       0  -6.197672800000000e+07   4.306e+08   1.000e+00
    551  753643.063     570       0  -6.197674400000000e+07   3.294e+08   1.000e+00
    552  754955.969     571       0  -6.197676000000000e+07   4.319e+08   1.000e+00
    553  756270.171     572       0  -6.197677600000000e+07   4.818e+08   1.000e+00
    554  757584.305     573       0  -6.197678000000000e+07   3.247e+08   1.000e+00
    555  758897.378     574       0  -6.197680400000000e+07   3.072e+08   1.000e+00
    556  760210.474     575       0  -6.197681600000000e+07   5.355e+08   1.000e+00
    557  761524.313     576       0  -6.197683200000000e+07   3.616e+08   1.000e+00
    558  762837.437     577       0  -6.197684800000000e+07   2.956e+08   1.000e+00
    559  764149.594     578       0  -6.197685200000000e+07   3.820e+08   1.000e+00
    560  765463.013     579       0  -6.197687600000000e+07   3.951e+08   1.000e+00
    561  766776.062     580       0  -6.197688800000000e+07   1.004e+09   1.000e+00
    562  768089.454     581       0  -6.197691600000000e+07   3.398e+08   1.000e+00
    563  769403.325     582       0  -6.197693600000000e+07   2.782e+08   1.000e+00
    564  770716.950     583       0  -6.197694800000000e+07   3.545e+08   1.000e+00
    565  772030.493     584       0  -6.197696000000000e+07   8.619e+08   1.000e+00
    566  773343.483     585       0  -6.197698400000000e+07   3.968e+08   1.000e+00
    567  774654.648     586       0  -6.197699600000000e+07   2.976e+08   1.000e+00
    568  775969.468     587       0  -6.197701200000000e+07   3.286e+08   1.000e+00
    569  777286.829     588       0  -6.197703200000000e+07   5.659e+08   1.000e+00
    570  778606.622     589       0  -6.197705200000000e+07   4.321e+08   1.000e+00
    571  779923.432     590       0  -6.197706800000000e+07   2.914e+08   1.000e+00
    572  781238.895     591       0  -6.197708400000000e+07   3.467e+08   1.000e+00
    573  782554.947     592       0  -6.197709200000000e+07   6.357e+08   1.000e+00
    574  783871.498     593       0  -6.197711200000000e+07   3.711e+08   1.000e+00
    575  785186.154     594       0  -6.197713600000000e+07   3.131e+08   1.000e+00
    576  786500.996     595       0  -6.197714400000000e+07   3.270e+08   1.000e+00
    577  789114.511     597       0  -6.197715600000000e+07   6.604e+08   5.000e-01
    578  790436.444     598       0  -6.197718400000000e+07   3.270e+08   1.000e+00
    579  791762.137     599       0  -6.197719600000000e+07   2.809e+08   1.000e+00
    580  793083.063     600       0  -6.197720800000000e+07   4.347e+08   1.000e+00
    581  794406.263     601       0  -6.197723200000000e+07   5.228e+08   1.000e+00
    582  795728.394     602       0  -6.197724000000000e+07   3.698e+08   1.000e+00
    583  797050.747     603       0  -6.197726000000000e+07   3.785e+08   1.000e+00
    584  798371.066     604       0  -6.197727600000000e+07   4.136e+08   1.000e+00
    585  799690.213     605       0  -6.197728800000000e+07   3.301e+08   1.000e+00
    586  801012.532     606       0  -6.197731600000000e+07   5.276e+08   1.000e+00
    587  802335.116     607       0  -6.197732800000000e+07   4.909e+08   1.000e+00
    588  803654.980     608       0  -6.197733200000000e+07   3.225e+08   1.000e+00
    589  804976.121     609       0  -6.197735600000000e+07   2.772e+08   1.000e+00
    590  806298.958     610       0  -6.197737200000000e+07   3.933e+08   1.000e+00
    591  807626.549     611       0  -6.197739200000000e+07   5.131e+08   1.000e+00
    592  808946.817     612       0  -6.197741200000000e+07   4.026e+08   1.000e+00
    593  810266.674     613       0  -6.197741600000000e+07   3.270e+08   1.000e+00
    594  811586.385     614       0  -6.197743600000000e+07   3.307e+08   1.000e+00
    595  812907.966     615       0  -6.197744800000000e+07   6.701e+08   1.000e+00
    596  814230.320     616       0  -6.197746800000000e+07   3.730e+08   1.000e+00
    597  815547.732     617       0  -6.197748000000000e+07   3.063e+08   1.000e+00
    598  816867.598     618       0  -6.197749200000000e+07   3.284e+08   1.000e+00
    599  818188.982     619       0  -6.197750400000000e+07   6.078e+08   1.000e+00
    600  819510.251     620       0  -6.197752800000000e+07   3.684e+08   1.000e+00
    601  820830.296     621       0  -6.197753200000000e+07   3.349e+08   1.000e+00
    602  822151.164     622       0  -6.197755600000000e+07   3.800e+08   1.000e+00
    603  823470.844     623       0  -6.197756000000000e+07   9.275e+08   1.000e+00
    604  824791.411     624       0  -6.197758000000000e+07   3.344e+08   1.000e+00
    605  826110.094     625       0  -6.197758800000000e+07   2.320e+08   1.000e+00
    606  827430.401     626       0  -6.197760000000000e+07   2.807e+08   1.000e+00
    607  828746.971     627       0  -6.197761200000000e+07   4.746e+08   1.000e+00
    608  830067.806     628       0  -6.197762000000000e+07   2.602e+08   1.000e+00
    609  831390.250     629       0  -6.197763600000000e+07   2.918e+08   1.000e+00
    610  832709.796     630       0  -6.197765200000000e+07   3.857e+08   1.000e+00
    611  834030.914     631       0  -6.197765600000000e+07   9.289e+08   1.000e+00
    612  835351.659     632       0  -6.197767600000000e+07   3.538e+08   1.000e+00
    613  836678.842     633       0  -6.197769200000000e+07   2.609e+08   1.000e+00
    614  838000.264     634       0  -6.197769600000000e+07   3.364e+08   1.000e+00
    615  839323.207     635       0  -6.197772000000000e+07   4.030e+08   1.000e+00
    616  841929.435     637       0  -6.197773600000000e+07   5.628e+08   4.360e-01
    617  843242.465     638       0  -6.197774800000000e+07   2.824e+08   1.000e+00
    618  844556.097     639       0  -6.197776000000000e+07   2.513e+08   1.000e+00
    619  845870.018     640       0  -6.197777200000000e+07   3.330e+08   1.000e+00
    620  847183.792     641       0  -6.197778000000000e+07   7.105e+08   1.000e+00
    621  848498.696     642       0  -6.197779600000000e+07   3.317e+08   1.000e+00
    622  849812.196     643       0  -6.197780400000000e+07   2.670e+08   1.000e+00
    623  851124.705     644       0  -6.197782000000000e+07   3.017e+08   1.000e+00
    624  852438.238     645       0  -6.197783200000000e+07   7.670e+08   1.000e+00
    625  853751.167     646       0  -6.197784000000000e+07   3.258e+08   1.000e+00
    626  855064.643     647       0  -6.197785600000000e+07   2.454e+08   1.000e+00
    627  856377.577     648       0  -6.197786400000000e+07   2.877e+08   1.000e+00
    628  857690.518     649       0  -6.197788400000000e+07   3.643e+08   1.000e+00
    629  860288.958     651       0  -6.197789600000000e+07   4.590e+08   4.606e-01
    630  861602.262     652       0  -6.197790000000000e+07   2.974e+08   1.000e+00
    631  862915.683     653       0  -6.197791600000000e+07   3.048e+08   1.000e+00
    632  864228.177     654       0  -6.197792400000000e+07   3.792e+08   1.000e+00
    633  865540.314     655       0  -6.197794000000000e+07   2.907e+08   1.000e+00
    634  866859.082     656       0  -6.197795200000000e+07   2.973e+08   1.000e+00
    635  868178.822     657       0  -6.197797200000000e+07   3.875e+08   1.000e+00
    636  869497.024     658       0  -6.197798400000000e+07   2.924e+08   1.000e+00
    637  870810.053     659       0  -6.197799200000000e+07   3.499e+08   1.000e+00
    638  872123.615     660       0  -6.197800000000000e+07   2.984e+08   1.000e+00
    639  873436.009     661       0  -6.197800400000000e+07   2.580e+08   1.000e+00
    640  874749.225     662       0  -6.197802000000000e+07   4.221e+08   1.000e+00
    641  876062.996     663       0  -6.197803200000000e+07   3.911e+08   1.000e+00
    642  877392.021     664       0  -6.197803600000000e+07   2.746e+08   1.000e+00
    643  878714.606     665       0  -6.197805600000000e+07   2.446e+08   1.000e+00
    644  881323.255     667       0  -6.197806000000000e+07   2.702e+08   5.000e-01
    645  882637.181     668       0  -6.197807200000000e+07   3.350e+08   1.000e+00
    646  883950.328     669       0  -6.197808400000000e+07   6.183e+08   1.000e+00
    647  885262.120     670       0  -6.197810000000000e+07   2.906e+08   1.000e+00
    648  886575.652     671       0  -6.197810800000000e+07   2.489e+08   1.000e+00
    649  887889.229     672       0  -6.197812400000000e+07   3.480e+08   1.000e+00
    650  889202.652     673       0  -6.197813600000000e+07   3.827e+08   1.000e+00
    651  890515.814     674       0  -6.197815600000000e+07   2.703e+08   1.000e+00
    652  891830.057     675       0  -6.197816000000000e+07   2.680e+08   1.000e+00
    653  893142.898     676       0  -6.197817200000000e+07   3.158e+08   1.000e+00
    654  894455.160     677       0  -6.197818000000000e+07   2.902e+08   1.000e+00
    655  895769.108     678       0  -6.197819200000000e+07   3.667e+08   1.000e+00
    656  897083.405     679       0  -6.197820800000000e+07   3.322e+08   1.000e+00
    657  898397.763     680       0  -6.197822000000000e+07   2.871e+08   1.000e+00
    658  899712.219     681       0  -6.197822400000000e+07   2.659e+08   1.000e+00
    659  901024.623     682       0  -6.197823200000000e+07   4.466e+08   1.000e+00
    660  902337.065     683       0  -6.197824800000000e+07   2.638e+08   1.000e+00
    661  903649.411     684       0  -6.197826000000000e+07   2.555e+08   1.000e+00
    662  904962.353     685       0  -6.197826800000000e+07   3.928e+08   1.000e+00
    663  906275.467     686       0  -6.197828000000000e+07   3.742e+08   1.000e+00
    664  907588.402     687       0  -6.197829200000000e+07   3.048e+08   1.000e+00
    665  908900.859     688       0  -6.197830800000000e+07   2.869e+08   1.000e+00
    666  910213.469     689       0  -6.197831600000000e+07   2.852e+08   1.000e+00
    667  911526.726     690       0  -6.197832800000000e+07   2.624e+08   1.000e+00
    668  912839.315     691       0  -6.197834400000000e+07   3.802e+08   1.000e+00
    669  914152.493     692       0  -6.197834800000000e+07   4.225e+08   1.000e+00
    670  915464.933     693       0  -6.197835200000000e+07   2.619e+08   1.000e+00
    671  916778.116     694       0  -6.197836400000000e+07   2.130e+08   1.000e+00
    672  918090.976     695       0  -6.197837600000000e+07   3.223e+08   1.000e+00
    673  919402.888     696       0  -6.197839200000000e+07   3.764e+08   1.000e+00
    674  920716.614     697       0  -6.197839600000000e+07   2.792e+08   1.000e+00
    675  922029.835     698       0  -6.197840400000000e+07   2.745e+08   1.000e+00
    676  923343.065     699       0  -6.197841200000000e+07   2.913e+08   1.000e+00
    677  924655.915     700       0  -6.197842400000000e+07   4.141e+08   1.000e+00
    678  925969.560     701       0  -6.197843600000000e+07   2.836e+08   1.000e+00
    679  927285.610     702       0  -6.197844400000000e+07   2.811e+08   1.000e+00
    680  928601.491     703       0  -6.197845200000000e+07   3.551e+08   1.000e+00
    681  929914.109     704       0  -6.197846400000000e+07   2.730e+08   1.000e+00
    682  931227.134     705       0  -6.197847200000000e+07   3.281e+08   1.000e+00
    683  932539.542     706       0  -6.197849200000000e+07   2.662e+08   1.000e+00
    684  954423.312     723       0  -6.197849200000000e+07   2.662e+08   2.438e-06
# Termination: function reduction test satisfied
# Iter.   Time (ms)    Eval. Reject.       Obj. Func.           Grad.       Step
# ---------------------------------------------------------------------------------
      0    1285.931       1       0  -6.142728800000000e+07   1.614e+10   0.000e+00
      1   16736.453      13       0  -6.150184400000000e+07   3.351e+10   8.322e-16
      2   18050.151      14       0  -6.158437200000000e+07   2.255e+10   1.000e+00
      3   19361.917      15       0  -6.164714400000000e+07   2.164e+10   1.000e+00
      4   20673.198      16       0  -6.169611600000000e+07   2.232e+10   1.000e+00
      5   21984.054      17       0  -6.172709600000000e+07   2.100e+10   1.000e+00
      6   23297.195      18       0  -6.175038400000000e+07   1.222e+10   1.000e+00
      7   24610.631      19       0  -6.176556400000000e+07   9.671e+09   1.000e+00
      8   25922.598      20       0  -6.177859200000000e+07   1.060e+10   1.000e+00
      9   27235.553      21       0  -6.178807600000000e+07   1.256e+10   1.000e+00
     10   28548.937      22       0  -6.179557600000000e+07   6.920e+09   1.000e+00
     11   29861.377      23       0  -6.180067600000000e+07   6.164e+09   1.000e+00
     12   31175.103      24       0  -6.180588000000000e+07   6.379e+09   1.000e+00
     13   32490.846      25       0  -6.180823200000000e+07   1.366e+10   1.000e+00
     14   33804.828      26       0  -6.181400400000000e+07   4.929e+09   1.000e+00
     15   35122.430      27       0  -6.181611600000000e+07   4.072e+09   1.000e+00
     16   36436.794      28       0  -6.181875600000000e+07   4.749e+09   1.000e+00
     17   37750.167      29       0  -6.182247600000000e+07   8.610e+09   1.000e+00
     18   39063.479      30       0  -6.182620400000000e+07   5.206e+09   1.000e+00
     19   40376.601      31       0  -6.182850000000000e+07   3.775e+09   1.000e+00
     20   41689.862      32       0  -6.183137600000000e+07   4.292e+09   1.000e+00
     21   43005.222      33       0  -6.183261600000000e+07   8.469e+09   1.000e+00
     22   44318.425      34       0  -6.183485600000000e+07   4.219e+09   1.000e+00
     23   45631.330      35       0  -6.183688400000000e+07   3.345e+09   1.000e+00
     24   46944.316      36       0  -6.183828800000000e+07   3.703e+09   1.000e+00
     25   48256.936      37       0  -6.184091600000000e+07   6.871e+09   1.000e+00
     26   49570.684      38       0  -6.184260400000000e+07   5.813e+09   1.000e+00
     27   50882.937      39       0  -6.184391200000000e+07   2.889e+09   1.000e+00
     28   52196.747      40       0  -6.184504400000000e+07   2.798e+09   1.000e+00
     29   53511.058      41       0  -6.184638000000000e+07   3.341e+09   1.000e+00
     30   54824.634      42       0  -6.184754000000000e+07   7.740e+09   1.000e+00
     31   56138.250      43       0  -6.184935200000000e+07   3.089e+09   1.000e+00
     32   57451.338      44       0  -6.185020800000000e+07   2.540e+09   1.000e+00
     33   58765.676      45       0  -6.185107600000000e+07   2.885e+09   1.000e+00
     34   60078.482      46       0  -6.185253200000000e+07   4.777e+09   1.000e+00
     35   61392.550      47       0  -6.185394800000000e+07   3.521e+09   1.000e+00
     36   62709.406      48       0  -6.185496400000000e+07   2.404e+09   1.000e+00
     37   64023.771      49       0  -6.185628800000000e+07   2.786e+09   1.000e+00
     38   65339.131      50       0  -6.185695600000000e+07   4.770e+09   1.000e+00
     39   66652.114      51       0  -6.185784800000000e+07   2.723e+09   1.000e+00
     40   67964.232      52       0  -6.185895600000000e+07   2.238e+09   1.000e+00
     41   69276.987      53       0  -6.185966400000000e+07   2.388e+09   1.000e+00
     42   70589.821      54       0  -6.186038800000000e+07   7.214e+09   1.000e+00
     43   71903.005      55       0  -6.186192000000000e+07   2.371e+09   1.000e+00
     44   73216.479      56       0  -6.186241600000000e+07   1.874e+09   1.000e+00
     45   74530.862      57       0  -6.186319600000000e+07   2.208e+09   1.000e+00
     46   75844.655      58       0  -6.186372800000000e+07   5.890e+09   1.000e+00
     47   77157.558      59       0  -6.186467200000000e+07   2.589e+09   1.000e+00
     48   78470.868      60       0  -6.186526400000000e+07   1.836e+09   1.000e+00
     49   79783.747      61       0  -6.186573200000000e+07   2.082e+09   1.000e+00
     50   81097.328      62       0  -6.186664000000000e+07   2.629e+09   1.000e+00
     51   83698.474      64       0  -6.186712800000000e+07   3.287e+09   4.649e-01
     52   85011.863      65       0  -6.186768800000000e+07   1.806e+09   1.000e+00
     53   86324.827      66       0  -6.186816000000000e+07   1.707e+09   1.000e+00
     54   87638.476      67       0  -6.186867600000000e+07   2.271e+09   1.000e+00
     55   88951.745      68       0  -6.186915200000000e+07   3.163e+09   1.000e+00
     56   90266.370      69       0  -6.186958800000000e+07   1.671e+09   1.000e+00
     57   91579.778      70       0  -6.186993600000000e+07   1.532e+09   1.000e+00
     58   92896.200      71       0  -6.187025600000000e+07   1.699e+09   1.000e+00
     59   94216.726      72       0  -6.187051600000000e+07   3.966e+09   1.000e+00
     60   95529.965      73       0  -6.187099200000000e+07   1.454e+09   1.000e+00
     61   96843.640      74       0  -6.187119200000000e+07   1.276e+09   1.000e+00
     62   98156.543      75       0  -6.187146000000000e+07   1.457e+09   1.000e+00
     63   99470.196      76       0  -6.187178400000000e+07   2.923e+09   1.000e+00
     64  100783.273      77       0  -6.187213600000000e+07   1.421e+09   1.000e+00
     65  102096.990      78       0  -6.187233200000000e+07   1.102e+09   1.000e+00
     66  103410.856      79       0  -6.187259200000000e+07   1.349e+09   1.000e+00
     67  104723.550      80       0  -6.187275600000000e+07   2.826e+09   1.000e+00
     68  106037.157      81       0  -6.187300800000000e+07   1.383e+09   1.000e+00
     69  107353.970      82       0  -6.187322800000000e+07   1.152e+09   1.000e+00
     70  108666.843      83       0  -6.187341200000000e+07   1.332e+09   1.000e+00
     71  109979.690      84       0  -6.187370800000000e+07   2.636e+09   1.000e+00
     72  111294.605      85       0  -6.187398000000000e+07   1.597e+09   1.000e+00
     73  112619.547      86       0  -6.187414800000000e+07   1.047e+09   1.000e+00
     74  113942.675      87       0  -6.187434000000000e+07   1.176e+09   1.000e+00
     75  115263.818      88       0  -6.187450000000000e+07   1.642e+09   1.000e+00
     76  116588.251      89       0  -6.187471600000000e+07   1.246e+09   1.000e+00
     77  117909.610      90       0  -6.187500000000000e+07   1.225e+09   1.000e+00
     78  119232.420      91       0  -6.187515200000000e+07   2.428e+09   1.000e+00
     79  120554.485      92       0  -6.187536400000000e+07   1.170e+09   1.000e+00
     80  121878.828      93       0  -6.187553600000000e+07   1.001e+09   1.000e+00
     81  123203.339      94       0  -6.187569600000000e+07   1.149e+09   1.000e+00
     82  124525.398      95       0  -6.187588000000000e+07   2.767e+09   1.000e+00
     83  125845.538      96       0  -6.187613600000000e+07   1.248e+09   1.000e+00
     84  127168.820      97       0  -6.187627600000000e+07   9.324e+08   1.000e+00
     85  128490.767      98       0  -6.187643200000000e+07   1.103e+09   1.000e+00
     86  129813.010      99       0  -6.187657600000000e+07   2.137e+09   1.000e+00
     87  131133.801     100       0  -6.187676000000000e+07   1.104e+09   1.000e+00
     88  132456.468     101       0  -6.187691200000000e+07   9.236e+08   1.000e+00
     89  133774.505     102       0  -6.187706000000000e+07   1.105e+09   1.000e+00
     90  135094.313     103       0  -6.187720800000000e+07   2.631e+09   1.000e+00
     91  136418.048     104       0  -6.187742800000000e+07   1.153e+09   1.000e+00
     92  137741.562     105       0  -6.187755600000000e+07   8.921e+08   1.000e+00
     93  139062.684     106       0  -6.187767600000000e+07   9.961e+08   1.000e+00
     94  140385.192     107       0  -6.187785600000000e+07   1.812e+09   1.000e+00
     95  141706.309     108       0  -6.187805200000000e+07   1.138e+09   1.000e+00
     96  143030.453     109       0  -6.187818000000000e+07   8.620e+08   1.000e+00
     97  144350.021     110       0  -6.187834400000000e+07   1.194e+09   1.000e+00
     98  145673.068     111       0  -6.187843600000000e+07   1.762e+09   1.000e+00
     99  146993.734     112       0  -6.187855200000000e+07   1.008e+09   1.000e+00
    100  148317.484     113       0  -6.187870800000000e+07   8.494e+08   1.000e+00
    101  149638.132     114       0  -6.187882000000000e+07   9.474e+08   1.000e+00
    102  150961.465     115       0  -6.187890800000000e+07   2.738e+09   1.000e+00
    103  152286.513     116       0  -6.187913200000000e+07   9.341e+08   1.000e+00
    104  153609.376     117       0  -6.187921600000000e+07   7.650e+08   1.000e+00
    105  154931.300     118       0  -6.187932800000000e+07   9.352e+08   1.000e+00
    106  156253.702     119       0  -6.187941600000000e+07   2.392e+09   1.000e+00
    107  157572.944     120       0  -6.187956800000000e+07   1.116e+09   1.000e+00
    108  158892.564     121       0  -6.187969600000000e+07   7.854e+08   1.000e+00
    109  160213.327     122       0  -6.187978000000000e+07   9.305e+08   1.000e+00
    110  161536.472     123       0  -6.187998800000000e+07   1.147e+09   1.000e+00
    111  164145.870     125       0  -6.188008800000000e+07   1.542e+09   4.599e-01
    112  165459.244     126       0  -6.188022400000000e+07   7.963e+08   1.000e+00
    113  166773.319     127       0  -6.188033600000000e+07   7.781e+08   1.000e+00
    114  168086.579     128       0  -6.188048800000000e+07   1.154e+09   1.000e+00
    115  169399.436     129       0  -6.188060800000000e+07   1.768e+09   1.000e+00
    116  170712.803     130       0  -6.188074800000000e+07   9.363e+08   1.000e+00
    117  172026.348     131       0  -6.188086400000000e+07   8.269e+08   1.000e+00
    118  173339.653     132       0  -6.188096000000000e+07   9.499e+08   1.000e+00
    119  174652.560     133       0  -6.188107200000000e+07   1.843e+09   1.000e+00
    120  175964.708     134       0  -6.188119600000000e+07   7.771e+08   1.000e+00
    121  177277.887     135       0  -6.188125200000000e+07   7.526e+08   1.000e+00
    122  178590.951     136       0  -6.188134400000000e+07   8.505e+08   1.000e+00
    123  179904.114     137       0  -6.188140400000000e+07   2.296e+09   1.000e+00
    124  181218.039     138       0  -6.188154800000000e+07   8.316e+08   1.000e+00
    125  182533.864     139       0  -6.188160800000000e+07   6.261e+08   1.000e+00
    126  183849.836     140       0  -6.188168400000000e+07   7.642e+08   1.000e+00
    127  185169.042     141       0  -6.188179600000000e+07   1.162e+09   1.000e+00
    128  186482.496     142       0  -6.188189200000000e+07   1.168e+09   1.000e+00
    129  187795.938     143       0  -6.188197200000000e+07   6.351e+08   1.000e+00
    130  189108.628     144       0  -6.188203600000000e+07   7.696e+08   1.000e+00
    131  190425.901     145       0  -6.188210800000000e+07   9.336e+08   1.000e+00
    132  191742.227     146       0  -6.188219600000000e+07   1.173e+09   1.000e+00
    133  193072.616     147       0  -6.188228800000000e+07   7.186e+08   1.000e+00
    134  194404.645     148       0  -6.188236800000000e+07   7.089e+08   1.000e+00
    135  195735.655     149       0  -6.188244400000000e+07   8.959e+08   1.000e+00
    136  197068.662     150       0  -6.188253600000000e+07   7.606e+08   1.000e+00
    137  198404.158     151       0  -6.188259600000000e+07   1.068e+09   1.000e+00
    138  199736.755     152       0  -6.188266800000000e+07   6.934e+08   1.000e+00
    139  201067.611     153       0  -6.188274400000000e+07   6.486e+08   1.000e+00
    140  202400.362     154       0  -6.188281600000000e+07   1.038e+09   1.000e+00
    141  203731.741     155       0  -6.188290400000000e+07   7.867e+08   1.000e+00
    142  205064.141     156       0  -6.188297200000000e+07   6.659e+08   1.000e+00
    143  206395.076     157       0  -6.188303600000000e+07   8.728e+08   1.000e+00
    144  207724.625     158       0  -6.188308000000000e+07   5.983e+08   1.000e+00
    145  209055.544     159       0  -6.188314000000000e+07   6.426e+08   1.000e+00
    146  210382.995     160       0  -6.188320800000000e+07   1.097e+09   1.000e+00
    147  211716.408     161       0  -6.188328400000000e+07   9.069e+08   1.000e+00
    148  213047.450     162       0  -6.188333200000000e+07   5.981e+08   1.000e+00
    149  214379.606     163       0  -6.188338800000000e+07   5.716e+08   1.000e+00
    150  215711.775     164       0  -6.188343200000000e+07   7.283e+08   1.000e+00
    151  217043.684     165       0  -6.188349600000000e+07   5.911e+08   1.000e+00
    152  218376.068     166       0  -6.188356400000000e+07   8.805e+08   1.000e+00
    153  219708.103     167       0  -6.188362400000000e+07   7.406e+08   1.000e+00
    154  221043.280     168       0  -6.188367200000000e+07   5.779e+08   1.000e+00
    155  222384.202     169       0  -6.188374800000000e+07   7.378e+08   1.000e+00
    156  223725.316     170       0  -6.188378000000000e+07   1.266e+09   1.000e+00
    157  225064.764     171       0  -6.188384000000000e+07   6.862e+08   1.000e+00
    158  226404.452     172       0  -6.188389200000000e+07   5.012e+08   1.000e+00
    159  227744.693     173       0  -6.188392000000000e+07   5.581e+08   1.000e+00
    160  229084.981     174       0  -6.188397600000000e+07   1.208e+09   1.000e+00
    161  230424.871     175       0  -6.188403200000000e+07   7.451e+08   1.000e+00
    162  231765.138     176       0  -6.188406400000000e+07   4.873e+08   1.000e+00
    163  233103.078     177       0  -6.188412400000000e+07   5.312e+08   1.000e+00
    164  234444.221     178       0  -6.188416400000000e+07   6.984e+08   1.000e+00
    165  235776.250     179       0  -6.188421200000000e+07   5.478e+08   1.000e+00
    166  237107.151     180       0  -6.188425600000000e+07   6.323e+08   1.000e+00
    167  238442.123     181       0  -6.188429200000000e+07   5.704e+08   1.000e+00
    168  239772.816     182       0  -6.188432000000000e+07   4.672e+08   1.000e+00
    169  241104.784     183       0  -6.188436400000000e+07   4.858e+08   1.000e+00
    170  242441.360     184       0  -6.188439200000000e+07   1.040e+09   1.000e+00
    171  243776.159     185       0  -6.188443600000000e+07   5.687e+08   1.000e+00
    172  245113.317     186       0  -6.188447200000000e+07   4.384e+08   1.000e+00
    173  246444.556     187       0  -6.188449200000000e+07   4.542e+08   1.000e+00
    174  247778.205     188       0  -6.188450800000000e+07   1.437e+09   1.000e+00
    175  249111.027     189       0  -6.188456400000000e+07   4.314e+08   1.000e+00
    176  250446.991     190       0  -6.188458400000000e+07   4.004e+08   1.000e+00
    177  251781.284     191       0  -6.188462800000000e+07   5.562e+08   1.000e+00
    178  253115.967     192       0  -6.188467200000000e+07   1.006e+09   1.000e+00
    179  254449.653     193       0  -6.188472400000000e+07   6.043e+08   1.000e+00
    180  255781.975     194       0  -6.188475200000000e+07   4.158e+08   1.000e+00
    181  257112.494     195       0  -6.188478400000000e+07   5.322e+08   1.000e+00
    182  258442.071     196       0  -6.188481600000000e+07   6.080e+08   1.000e+00
    183  259779.387     197       0  -6.188484400000000e+07   5.205e+08   1.000e+00
    184  261120.362     198       0  -6.188490000000000e+07   5.296e+08   1.000e+00
    185  262463.521     199       0  -6.188493200000000e+07   7.399e+08   1.000e+00
    186  263803.272     200       0  -6.188496000000000e+07   4.566e+08   1.000e+00
    187  265146.494     201       0  -6.188499200000000e+07   4.409e+08   1.000e+00
    188  266487.045     202       0  -6.188502000000000e+07   5.272e+08   1.000e+00
    189  267829.706     203       0  -6.188506400000000e+07   6.325e+08   1.000e+00
    190  269166.617     204       0  -6.188510400000000e+07   6.020e+08   1.000e+00
    191  270505.406     205       0  -6.188513200000000e+07   4.716e+08   1.000e+00
    192  271845.258     206       0  -6.188516000000000e+07   4.480e+08   1.000e+00
    193  273190.365     207       0  -6.188518000000000e+07   5.651e+08   1.000e+00
    194  274534.081     208       0  -6.188522000000000e+07   4.744e+08   1.000e+00
    195  275872.844     209       0  -6.188526000000000e+07   6.723e+08   1.000e+00
    196  277213.977     210       0  -6.188528800000000e+07   8.244e+08   1.000e+00
    197  278553.465     211       0  -6.188530800000000e+07   4.608e+08   1.000e+00
    198  279893.754     212       0  -6.188534000000000e+07   3.692e+08   1.000e+00
    199  281234.162     213       0  -6.188536000000000e+07   4.364e+08   1.000e+00
    200  282574.136     214       0  -6.188540000000000e+07   1.093e+09   1.000e+00
    201  283920.632     215       0  -6.188544400000000e+07   5.042e+08   1.000e+00
    202  285261.968     216       0  -6.188547200000000e+07   4.206e+08   1.000e+00
    203  286598.704     217       0  -6.188550400000000e+07   5.088e+08   1.000e+00
    204  287938.570     218       0  -6.188552400000000e+07   1.333e+09   1.000e+00
    205  289281.696     219       0  -6.188556400000000e+07   5.504e+08   1.000e+00
    206  290620.325     220       0  -6.188559600000000e+07   3.712e+08   1.000e+00
    207  291962.138     221       0  -6.188562000000000e+07   4.486e+08   1.000e+00
    208  293301.930     222       0  -6.188564800000000e+07   7.378e+08   1.000e+00
    209  294642.424     223       0  -6.188568800000000e+07   6.506e+08   1.000e+00
    210  295981.833     224       0  -6.188570000000000e+07   3.756e+08   1.000e+00
    211  297321.762     225       0  -6.188573600000000e+07   4.394e+08   1.000e+00
    212  298659.059     226       0  -6.188575600000000e+07   5.191e+08   1.000e+00
    213  300002.430     227       0  -6.188578000000000e+07   6.132e+08   1.000e+00
    214  301342.153     228       0  -6.188582000000000e+07   4.410e+08   1.000e+00
    215  302683.623     229       0  -6.188585200000000e+07   5.279e+08   1.000e+00
    216  304025.372     230       0  -6.188587600000000e+07   6.327e+08   1.000e+00
    217  305366.095     231       0  -6.188590400000000e+07   4.090e+08   1.000e+00
    218  306703.769     232       0  -6.188592800000000e+07   3.855e+08   1.000e+00
    219  308045.772     233       0  -6.188594400000000e+07   5.852e+08   1.000e+00
    220  309388.507     234       0  -6.188598000000000e+07   4.897e+08   1.000e+00
    221  310732.341     235       0  -6.188600000000000e+07   9.231e+08   1.000e+00
    222  312074.526     236       0  -6.188602800000000e+07   3.885e+08   1.000e+00
    223  313418.476     237       0  -6.188605200000000e+07   3.545e+08   1.000e+00
    224  314761.674     238       0  -6.188606800000000e+07   4.445e+08   1.000e+00
    225  316099.101     239       0  -6.188608400000000e+07   1.015e+09   1.000e+00
    226  317445.721     240       0  -6.188611200000000e+07   5.015e+08   1.000e+00
    227  318785.763     241       0  -6.188614000000000e+07   3.408e+08   1.000e+00
    228  320126.358     242       0  -6.188615600000000e+07   3.828e+08   1.000e+00
    229  321467.650     243       0  -6.188617200000000e+07   9.532e+08   1.000e+00
    230  322786.875     244       0  -6.188621600000000e+07   3.689e+08   1.000e+00
    231  324110.870     245       0  -6.188622800000000e+07   3.074e+08   1.000e+00
    232  325431.486     246       0  -6.188624400000000e+07   3.985e+08   1.000e+00
    233  326756.976     247       0  -6.188626400000000e+07   7.573e+08   1.000e+00
    234  328079.106     248       0  -6.188629600000000e+07   4.700e+08   1.000e+00
    235  329402.427     249       0  -6.188632000000000e+07   3.539e+08   1.000e+00
    236  330736.800     250       0  -6.188634400000000e+07   4.984e+08   1.000e+00
    237  332070.561     251       0  -6.188636400000000e+07   4.892e+08   1.000e+00
    238  333406.032     252       0  -6.188638400000000e+07   3.610e+08   1.000e+00
    239  334736.362     253       0  -6.188640000000000e+07   3.687e+08   1.000e+00
    240  336067.366     254       0  -6.188642000000000e+07   5.800e+08   1.000e+00
    241  337400.675     255       0  -6.188644000000000e+07   3.942e+08   1.000e+00
    242  338730.676     256       0  -6.188645200000000e+07   3.367e+08   1.000e+00
    243  340058.896     257       0  -6.188647600000000e+07   4.166e+08   1.000e+00
    244  341392.947     258       0  -6.188648800000000e+07   3.671e+08   1.000e+00
    245  342724.934     259       0  -6.188650000000000e+07   9.008e+08   1.000e+00
    246  344056.844     260       0  -6.188652400000000e+07   3.373e+08   1.000e+00
    247  345388.891     261       0  -6.188653600000000e+07   3.119e+08   1.000e+00
    248  346718.179     262       0  -6.188656000000000e+07   3.770e+08   1.000e+00
    249  348046.456     263       0  -6.188658000000000e+07   8.243e+08   1.000e+00
    250  349376.948     264       0  -6.188660400000000e+07   4.103e+08   1.000e+00
    251  350709.447     265       0  -6.188662000000000e+07   2.942e+08   1.000e+00
    252  352041.198     266       0  -6.188663200000000e+07   3.522e+08   1.000e+00
    253  353373.083     267       0  -6.188664800000000e+07   7.210e+08   1.000e+00
    254  354704.378     268       0  -6.188666800000000e+07   3.525e+08   1.000e+00
    255  356036.726     269       0  -6.188668800000000e+07   3.153e+08   1.000e+00
    256  357365.642     270       0  -6.188670400000000e+07   3.583e+08   1.000e+00
    257  358686.277     271       0  -6.188671200000000e+07   9.775e+08   1.000e+00
    258  360009.481     272       0  -6.188674000000000e+07   3.763e+08   1.000e+00
    259  361332.430     273       0  -6.188674800000000e+07   2.772e+08   1.000e+00
    260  362656.810     274       0  -6.188676400000000e+07   3.370e+08   1.000e+00
    261  363978.712     275       0  -6.188678800000000e+07   4.624e+08   1.000e+00
    262  365301.940     276       0  -6.188679600000000e+07   8.541e+08   1.000e+00
    263  366624.725     277       0  -6.188682400000000e+07   2.867e+08   1.000e+00
    264  393567.628     298       0  -6.188682400000000e+07   2.867e+08   3.807e-07
# Termination: function reduction test satisfied
# Iter.   Time (ms)    Eval. Reject.       Obj. Func.           Grad.       Step
# ---------------------------------------------------------------------------------
      0    1281.783       1       0  -6.084206000000000e+07   1.614e+10   0.000e+00
      1   16681.295      13       0  -6.092146000000000e+07   3.063e+10   7.396e-16
      2   17985.098      14       0  -6.099780000000000e+07   2.235e+10   1.000e+00
      3   19291.247      15       0  -6.106342800000000e+07   2.139e+10   1.000e+00
      4   20597.430      16       0  -6.110932000000000e+07   2.378e+10   1.000e+00
      5   21904.460      17       0  -6.114449200000000e+07   1.758e+10   1.000e+00
      6   23212.907      18       0  -6.116448400000000e+07   1.225e+10   1.000e+00
      7   24520.832      19       0  -6.118118000000000e+07   1.000e+10   1.000e+00
      8   25829.252      20       0  -6.119344400000000e+07   1.365e+10   1.000e+00
      9   27137.590      21       0  -6.120273200000000e+07   8.103e+09   1.000e+00
     10   28446.080      22       0  -6.120868000000000e+07   6.839e+09   1.000e+00
     11   29756.949      23       0  -6.121518800000000e+07   7.214e+09   1.000e+00
     12   31065.107      24       0  -6.121924400000000e+07   1.144e+10   1.000e+00
     13   32372.973      25       0  -6.122402000000000e+07   5.377e+09   1.000e+00
     14   33681.028      26       0  -6.122693200000000e+07   4.516e+09   1.000e+00
     15   34989.534      27       0  -6.122947200000000e+07   4.896e+09   1.000e+00
     16   36298.031      28       0  -6.123185600000000e+07   1.119e+10   1.000e+00
     17   37605.716      29       0  -6.123594800000000e+07   4.417e+09   1.000e+00
     18   38913.787      30       0  -6.123798000000000e+07   4.006e+09   1.000e+00
     19   40222.171      31       0  -6.124036000000000e+07   4.495e+09   1.000e+00
     20   41530.650      32       0  -6.124376000000000e+07   7.101e+09   1.000e+00
     21   42839.156      33       0  -6.124600400000000e+07   6.460e+09   1.000e+00
     22   44147.607      34       0  -6.124779600000000e+07   3.249e+09   1.000e+00
     23   45454.990      35       0  -6.124936000000000e+07   3.375e+09   1.000e+00
     24   46763.907      36       0  -6.125095600000000e+07   3.663e+09   1.000e+00
     25   48072.077      37       0  -6.125244800000000e+07   7.112e+09   1.000e+00
     26   49380.656      38       0  -6.125429600000000e+07   3.058e+09   1.000e+00
     27   50688.814      39       0  -6.125532000000000e+07   2.916e+09   1.000e+00
     28   51996.844      40       0  -6.125651600000000e+07   3.225e+09   1.000e+00
     29   53305.107      41       0  -6.125771600000000e+07   7.678e+09   1.000e+00
     30   54612.934      42       0  -6.125949200000000e+07   3.065e+09   1.000e+00
     31   55921.270      43       0  -6.126037200000000e+07   2.411e+09   1.000e+00
     32   57230.052      44       0  -6.126128000000000e+07   2.836e+09   1.000e+00
     33   58540.284      45       0  -6.126250400000000e+07   4.954e+09   1.000e+00
     34   59854.022      46       0  -6.126376000000000e+07   2.848e+09   1.000e+00
     35   61163.455      47       0  -6.126456000000000e+07   2.217e+09   1.000e+00
     36   62472.084      48       0  -6.126566400000000e+07   2.706e+09   1.000e+00
     37   63779.863      49       0  -6.126611200000000e+07   5.926e+09   1.000e+00
     38   65087.532      50       0  -6.126707600000000e+07   2.686e+09   1.000e+00
     39   66395.402      51       0  -6.126777200000000e+07   2.022e+09   1.000e+00
     40   67705.008      52       0  -6.126834400000000e+07   2.392e+09   1.000e+00
     41   69012.971      53       0  -6.126948400000000e+07   3.361e+09   1.000e+00
     42   70325.282      54       0  -6.126958000000000e+07   6.498e+09   1.000e+00
     43   71633.624      55       0  -6.127076000000000e+07   2.010e+09   1.000e+00
     44   72942.807      56       0  -6.127108800000000e+07   1.624e+09   1.000e+00
     45   74251.490      57       0  -6.127168800000000e+07   2.142e+09   1.000e+00
     46   75560.772      58       0  -6.127244000000000e+07   3.330e+09   1.000e+00
     47   76868.884      59       0  -6.127310000000000e+07   2.904e+09   1.000e+00
     48   78178.931      60       0  -6.127357600000000e+07   1.644e+09   1.000e+00
     49   79497.727      61       0  -6.127404000000000e+07   1.777e+09   1.000e+00
     50   80812.570      62       0  -6.127441200000000e+07   2.142e+09   1.000e+00
     51   82131.550      63       0  -6.127492000000000e+07   1.819e+09   1.000e+00
     52   83465.793      64       0  -6.127540000000000e+07   1.619e+09   1.000e+00
     53   84802.328      65       0  -6.127575600000000e+07   3.061e+09   1.000e+00
     54   86137.806      66       0  -6.127613600000000e+07   1.599e+09   1.000e+00
     55   87473.281      67       0  -6.127637600000000e+07   1.410e+09   1.000e+00
     56   88814.170      68       0  -6.127672400000000e+07   1.707e+09   1.000e+00
     57   91435.452      70       0  -6.127692800000000e+07   2.336e+09   4.907e-01
     58   92743.358      71       0  -6.127717200000000e+07   1.489e+09   1.000e+00
     59   94051.185      72       0  -6.127744800000000e+07   1.068e+09   1.000e+00
     60   95358.245      73       0  -6.127762000000000e+07   1.287e+09   1.000e+00
     61   96665.241      74       0  -6.127782800000000e+07   1.541e+09   1.000e+00
     62   97972.100      75       0  -6.127802400000000e+07   1.126e+09   1.000e+00
     63   99282.810      76       0  -6.127824400000000e+07   1.216e+09   1.000e+00
     64  100590.834      77       0  -6.127842800000000e+07   1.613e+09   1.000e+00
     65  101898.128      78       0  -6.127863200000000e+07   1.208e+09   1.000e+00
     66  103205.327      79       0  -6.127880000000000e+07   9.818e+08   1.000e+00
     67  104513.440      80       0  -6.127893200000000e+07   1.036e+09   1.000e+00
     68  105821.773      81       0  -6.127904000000000e+07   1.285e+09   1.000e+00
     69  107128.860      82       0  -6.127915600000000e+07   8.509e+08   1.000e+00
     70  108436.182      83       0  -6.127929200000000e+07   9.214e+08   1.000e+00
     71  109743.594      84       0  -6.127937200000000e+07   1.897e+09   1.000e+00
     72  111050.846      85       0  -6.127948400000000e+07   9.266e+08   1.000e+00
     73  112358.893      86       0  -6.127957200000000e+07   7.244e+08   1.000e+00
     74  113666.772      87       0  -6.127963200000000e+07   7.919e+08   1.000e+00
     75  114974.430      88       0  -6.127976400000000e+07   1.370e+09   1.000e+00
     76  116282.277      89       0  -6.127986000000000e+07   1.252e+09   1.000e+00
     77  117590.727      90       0  -6.127993600000000e+07   6.591e+08   1.000e+00
     78  118903.677      91       0  -6.128000400000000e+07   7.028e+08   1.000e+00
     79  120214.322      92       0  -6.128008400000000e+07   8.934e+08   1.000e+00
     80  121525.347      93       0  -6.128018000000000e+07   1.335e+09   1.000e+00
     81  122838.928      94       0  -6.128026000000000e+07   7.434e+08   1.000e+00
     82  124153.850      95       0  -6.128031600000000e+07   6.662e+08   1.000e+00
     83  125470.001      96       0  -6.128038400000000e+07   7.108e+08   1.000e+00
     84  126785.560      97       0  -6.128042400000000e+07   1.780e+09   1.000e+00
     85  128100.661      98       0  -6.128050800000000e+07   6.512e+08   1.000e+00
     86  129420.008      99       0  -6.128055200000000e+07   5.550e+08   1.000e+00
     87  130732.372     100       0  -6.128060400000000e+07   6.571e+08   1.000e+00
     88  132047.783     101       0  -6.128066000000000e+07   1.268e+09   1.000e+00
     89  133362.256     102       0  -6.128072400000000e+07   6.416e+08   1.000e+00
     90  134677.701     103       0  -6.128076800000000e+07   5.029e+08   1.000e+00
     91  135990.261     104       0  -6.128081600000000e+07   5.795e+08   1.000e+00
     92  137305.131     105       0  -6.128084000000000e+07   1.290e+09   1.000e+00
     93  138618.032     106       0  -6.128089200000000e+07   5.998e+08   1.000e+00
     94  139932.913     107       0  -6.128093200000000e+07   4.857e+08   1.000e+00
     95  141250.146     108       0  -6.128096000000000e+07   5.658e+08   1.000e+00
     96  142565.070     109       0  -6.128100800000000e+07   1.092e+09   1.000e+00
     97  143881.152     110       0  -6.128105200000000e+07   6.160e+08   1.000e+00
     98  145204.492     111       0  -6.128108400000000e+07   4.208e+08   1.000e+00
     99  146520.879     112       0  -6.128111600000000e+07   4.857e+08   1.000e+00
    100  147836.751     113       0  -6.128114400000000e+07   7.590e+08   1.000e+00
    101  149155.266     114       0  -6.128117200000000e+07   5.202e+08   1.000e+00
    102  150469.358     115       0  -6.128121600000000e+07   4.599e+08   1.000e+00
    103  151786.641     116       0  -6.128124800000000e+07   7.717e+08   1.000e+00
    104  153101.618     117       0  -6.128127600000000e+07   4.710e+08   1.000e+00
    105  154417.596     118       0  -6.128130800000000e+07   4.013e+08   1.000e+00
    106  155729.476     119       0  -6.128133600000000e+07   5.768e+08   1.000e+00
    107  157045.569     120       0  -6.128136800000000e+07   4.979e+08   1.000e+00
    108  158361.807     121       0  -6.128140400000000e+07   5.515e+08   1.000e+00
    109  159688.071     122       0  -6.128143200000000e+07   7.807e+08   1.000e+00
    110  161015.653     123       0  -6.128145600000000e+07   4.162e+08   1.000e+00
    111  162340.478     124       0  -6.128147600000000e+07   3.882e+08   1.000e+00
    112  163669.375     125       0  -6.128150000000000e+07   4.610e+08   1.000e+00
    113  165000.393     126       0  -6.128151200000000e+07   1.173e+09   1.000e+00
    114  166329.472     127       0  -6.128154800000000e+07   4.250e+08   1.000e+00
    115  167655.853     128       0  -6.128156000000000e+07   3.290e+08   1.000e+00
    116  168979.347     129       0  -6.128158400000000e+07   3.913e+08   1.000e+00
    117  170306.379     130       0  -6.128160800000000e+07   5.056e+08   1.000e+00
    118  171631.644     131       0  -6.128162000000000e+07   1.053e+09   1.000e+00
    119  172960.316     132       0  -6.128166000000000e+07   3.452e+08   1.000e+00
    120  174289.198     133       0  -6.128167200000000e+07   3.441e+08   1.000e+00
    121  175616.460     134       0  -6.128170000000000e+07   4.463e+08   1.000e+00
    122  176943.682     135       0  -6.128171200000000e+07   1.275e+09   1.000e+00
    123  178268.586     136       0  -6.128175600000000e+07   5.011e+08   1.000e+00
    124  179595.764     137       0  -6.128176800000000e+07   3.285e+08   1.000e+00
    125  180920.060     138       0  -6.128178400000000e+07   3.658e+08   1.000e+00
    126  182242.095     139       0  -6.128180800000000e+07   3.857e+08   1.000e+00
    127  183568.176     140       0  -6.128182000000000e+07   1.196e+09   1.000e+00
    128  184897.406     141       0  -6.128186000000000e+07   3.773e+08   1.000e+00
    129  186227.924     142       0  -6.128187200000000e+07   2.970e+08   1.000e+00
    130  187555.732     143       0  -6.128190000000000e+07   4.016e+08   1.000e+00
    131  188880.029     144       0  -6.128191600000000e+07   8.997e+08   1.000e+00
    132  190203.359     145       0  -6.128194400000000e+07   4.490e+08   1.000e+00
    133  191528.608     146       0  -6.128196000000000e+07   3.007e+08   1.000e+00
    134  192850.843     147       0  -6.128197600000000e+07   3.543e+08   1.000e+00
    135  194175.493     148       0  -6.128199200000000e+07   5.265e+08   1.000e+00
    136  195499.432     149       0  -6.128200800000000e+07   4.337e+08   1.000e+00
    137  196822.172     150       0  -6.128202000000000e+07   3.688e+08   1.000e+00
    138  198148.677     151       0  -6.128205200000000e+07   4.896e+08   1.000e+00
    139  199475.479     152       0  -6.128206000000000e+07   7.243e+08   1.000e+00
    140  200799.050     153       0  -6.128207600000000e+07   3.409e+08   1.000e+00
    141  202122.825     154       0  -6.128209200000000e+07   2.847e+08   1.000e+00
    142  203447.667     155       0  -6.128210000000000e+07   3.372e+08   1.000e+00
    143  204770.785     156       0  -6.128212800000000e+07   7.500e+08   1.000e+00
    144  206096.286     157       0  -6.128214800000000e+07   3.597e+08   1.000e+00
    145  207424.341     158       0  -6.128216000000000e+07   2.895e+08   1.000e+00
    146  208756.225     159       0  -6.128217600000000e+07   3.196e+08   1.000e+00
    147  210079.215     160       0  -6.128218000000000e+07   9.117e+08   1.000e+00
    148  211404.195     161       0  -6.128220400000000e+07   3.603e+08   1.000e+00
    149  212726.582     162       0  -6.128221600000000e+07   2.582e+08   1.000e+00
    150  214052.545     163       0  -6.128222800000000e+07   3.426e+08   1.000e+00
    151  215374.280     164       0  -6.128224800000000e+07   4.865e+08   1.000e+00
    152  216705.127     165       0  -6.128226000000000e+07   6.505e+08   1.000e+00
    153  218032.242     166       0  -6.128227600000000e+07   2.650e+08   1.000e+00
    154  219363.428     167       0  -6.128229200000000e+07   2.781e+08   1.000e+00
    155  220688.120     168       0  -6.128230000000000e+07   3.214e+08   1.000e+00
    156  222012.057     169       0  -6.128230800000000e+07   8.362e+08   1.000e+00
    157  223338.593     170       0  -6.128233200000000e+07   3.713e+08   1.000e+00
    158  224664.322     171       0  -6.128234000000000e+07   2.668e+08   1.000e+00
    159  225991.985     172       0  -6.128235600000000e+07   3.055e+08   1.000e+00
    160  227316.012     173       0  -6.128237200000000e+07   4.396e+08   1.000e+00
    161  229919.688     175       0  -6.128238000000000e+07   3.104e+08   5.000e-01
    162  231227.028     176       0  -6.128239200000000e+07   2.502e+08   1.000e+00
    163  232533.856     177       0  -6.128240400000000e+07   4.015e+08   1.000e+00
    164  233840.738     178       0  -6.128241600000000e+07   3.467e+08   1.000e+00
    165  235149.305     179       0  -6.128242000000000e+07   2.922e+08   1.000e+00
    166  236457.013     180       0  -6.128244400000000e+07   4.810e+08   1.000e+00
    167  237764.277     181       0  -6.128244800000000e+07   2.940e+08   1.000e+00
    168  239074.347     182       0  -6.128246800000000e+07   2.827e+08   1.000e+00
    169  240391.121     183       0  -6.128248000000000e+07   4.494e+08   1.000e+00
    170  241709.429     184       0  -6.128248800000000e+07   4.996e+08   1.000e+00
    171  243027.009     185       0  -6.128250000000000e+07   2.585e+08   1.000e+00
    172  244341.878     186       0  -6.128250400000000e+07   2.109e+08   1.000e+00
    173  245657.234     187       0  -6.128251200000000e+07   2.550e+08   1.000e+00
    174  246972.412     188       0  -6.128252000000000e+07   5.506e+08   1.000e+00
    175  248285.289     189       0  -6.128253600000000e+07   3.270e+08   1.000e+00
    176  249600.258     190       0  -6.128254800000000e+07   2.482e+08   1.000e+00
    177  250916.015     191       0  -6.128256000000000e+07   3.176e+08   1.000e+00
    178  252229.427     192       0  -6.128256800000000e+07   5.390e+08   1.000e+00
    179  253545.629     193       0  -6.128258400000000e+07   2.848e+08   1.000e+00
    180  254865.370     194       0  -6.128258800000000e+07   2.416e+08   1.000e+00
    181  256176.387     195       0  -6.128259600000000e+07   2.783e+08   1.000e+00
    182  257489.550     196       0  -6.128260400000000e+07   7.542e+08   1.000e+00
    183  258802.491     197       0  -6.128261600000000e+07   2.871e+08   1.000e+00
    184  260114.353     198       0  -6.128263200000000e+07   2.003e+08   1.000e+00
    185  261425.332     199       0  -6.128264000000000e+07   2.279e+08   1.000e+00
    186  262737.140     200       0  -6.128264800000000e+07   3.368e+08   1.000e+00
    187  265331.769     202       0  -6.128265200000000e+07   2.683e+08   5.000e-01
    188  266638.961     203       0  -6.128266400000000e+07   2.335e+08   1.000e+00
    189  267954.573     204       0  -6.128267200000000e+07   4.491e+08   1.000e+00
    190  269264.168     205       0  -6.128268400000000e+07   2.753e+08   1.000e+00
    191  270575.761     206       0  -6.128269600000000e+07   2.048e+08   1.000e+00
    192  271882.135     207       0  -6.128270800000000e+07   2.695e+08   1.000e+00
    193  273188.653     208       0  -6.128271200000000e+07   5.008e+08   1.000e+00
    194  274494.549     209       0  -6.128272000000000e+07   2.516e+08   1.000e+00
    195  275801.003     210       0  -6.128272400000000e+07   1.972e+08   1.000e+00
    196  277107.481     211       0  -6.128273600000000e+07   2.169e+08   1.000e+00
    197  278414.246     212       0  -6.128274400000000e+07   5.276e+08   1.000e+00
    198  279721.604     213       0  -6.128274800000000e+07   2.609e+08   1.000e+00
    199  281028.465     214       0  -6.128276400000000e+07   1.870e+08   1.000e+00
    200  300267.551     229       0  -6.128276400000000e+07   1.870e+08   1.561e-06
# Termination: function reduction test satisfied
# Iter.   Time (ms)    Eval. Reject.       Obj. Func.           Grad.       Step
# ---------------------------------------------------------------------------------
      0    1282.155       1       0  -5.498981200000000e+07   1.614e+10   0.000e+00
      1   14076.754      11       0  -5.505045600000000e+07   3.752e+10   9.724e-16
      2   15376.970      12       0  -5.514648000000000e+07   2.279e+10   1.000e+00
      3   16678.260      13       0  -5.520288000000000e+07   2.101e+10   1.000e+00
      4   17980.738      14       0  -5.525184000000000e+07   2.034e+10   1.000e+00
      5   19283.908      15       0  -5.527821600000000e+07   2.262e+10   1.000e+00
      6   20588.000      16       0  -5.530558000000000e+07   1.160e+10   1.000e+00
      7   21891.728      17       0  -5.531800800000000e+07   9.562e+09   1.000e+00
      8   23195.826      18       0  -5.533080800000000e+07   9.565e+09   1.000e+00
      9   24500.391      19       0  -5.533704800000000e+07   1.592e+10   1.000e+00
     10   25805.157      20       0  -5.534610000000000e+07   6.604e+09   1.000e+00
     11   27109.851      21       0  -5.534998000000000e+07   5.617e+09   1.000e+00
     12   28418.568      22       0  -5.535415200000000e+07   5.920e+09   1.000e+00
     13   29724.537      23       0  -5.535737200000000e+07   1.268e+10   1.000e+00
     14   31028.959      24       0  -5.536229600000000e+07   4.548e+09   1.000e+00
     15   32334.045      25       0  -5.536410000000000e+07   3.866e+09   1.000e+00
     16   33638.024      26       0  -5.536643200000000e+07   4.337e+09   1.000e+00
     17   34941.496      27       0  -5.536947200000000e+07   6.859e+09   1.000e+00
     18   36245.492      28       0  -5.537199600000000e+07   5.181e+09   1.000e+00
     19   37550.141      29       0  -5.537366400000000e+07   3.324e+09   1.000e+00
     20   38854.576      30       0  -5.537584400000000e+07   3.470e+09   1.000e+00
     21   40159.422      31       0  -5.537736800000000e+07   5.297e+09   1.000e+00
     22   41466.019      32       0  -5.537909200000000e+07   3.111e+09   1.000e+00
     23   42773.535      33       0  -5.538042000000000e+07   2.845e+09   1.000e+00
     24   44078.159      34       0  -5.538152800000000e+07   4.340e+09   1.000e+00
     25   45382.414      35       0  -5.538266000000000e+07   2.880e+09   1.000e+00
     26   46687.149      36       0  -5.538376000000000e+07   2.713e+09   1.000e+00
     27   47992.318      37       0  -5.538482000000000e+07   3.580e+09   1.000e+00
     28   49296.645      38       0  -5.538579200000000e+07   3.445e+09   1.000e+00
     29   50601.265      39       0  -5.538658000000000e+07   2.384e+09   1.000e+00
     30   51905.760      40       0  -5.538746000000000e+07   2.387e+09   1.000e+00
     31   53210.485      41       0  -5.538816000000000e+07   2.722e+09   1.000e+00
     32   54514.805      42       0  -5.538909600000000e+07   2.437e+09   1.000e+00
     33   55819.388      43       0  -5.538986400000000e+07   3.177e+09   1.000e+00
     34   57124.750      44       0  -5.539052000000000e+07   2.127e+09   1.000e+00
     35   58434.535      45       0  -5.539096800000000e+07   1.854e+09   1.000e+00
     36   59740.986      46       0  -5.539153200000000e+07   2.280e+09   1.000e+00
     37   61045.900      47       0  -5.539217200000000e+07   3.548e+09   1.000e+00
     38   62351.773      48       0  -5.539282400000000e+07   2.173e+09   1.000e+00
     39   63657.303      49       0  -5.539331200000000e+07   1.826e+09   1.000e+00
     40   64962.950      50       0  -5.539372400000000e+07   2.111e+09   1.000e+00
     41   66267.406      51       0  -5.539422800000000e+07   2.439e+09   1.000e+00
     42   67572.189      52       0  -5.539467200000000e+07   1.846e+09   1.000e+00
     43   68878.541      53       0  -5.539515600000000e+07   1.851e+09   1.000e+00
     44   70183.878      54       0  -5.539557200000000e+07   2.200e+09   1.000e+00
     45   71488.314      55       0  -5.539603600000000e+07   2.259e+09   1.000e+00
     46   72792.903      56       0  -5.539643200000000e+07   1.715e+09   1.000e+00
     47   74097.410      57       0  -5.539677600000000e+07   1.512e+09   1.000e+00
     48   75402.170      58       0  -5.539707200000000e+07   1.972e+09   1.000e+00
     49   76706.465      59       0  -5.539739200000000e+07   1.526e+09   1.000e+00
     50   78011.333      60       0  -5.539770400000000e+07   1.469e+09   1.000e+00
     51   79316.438      61       0  -5.539801600000000e+07   2.011e+09   1.000e+00
     52   80621.320      62       0  -5.539822800000000e+07   1.680e+09   1.000e+00
     53   81926.467      63       0  -5.539841200000000e+07   1.221e+09   1.000e+00
     54   83230.895      64       0  -5.539867600000000e+07   1.348e+09   1.000e+00
     55   84536.324      65       0  -5.539876800000000e+07   2.822e+09   1.000e+00
     56   85841.440      66       0  -5.539898000000000e+07   1.343e+09   1.000e+00
     57   87146.230      67       0  -5.539914400000000e+07   9.693e+08   1.000e+00
     58   88454.850      68       0  -5.539929600000000e+07   1.070e+09   1.000e+00
     59   89761.100      69       0  -5.539945600000000e+07   1.754e+09   1.000e+00
     60   91066.791      70       0  -5.539960000000000e+07   1.213e+09   1.000e+00
     61   92372.688      71       0  -5.539969200000000e+07   8.755e+08   1.000e+00
     62   93678.852      72       0  -5.539987600000000e+07   1.015e+09   1.000e+00
     63   94984.366      73       0  -5.539996400000000e+07   1.889e+09   1.000e+00
     64   96289.305      74       0  -5.540009200000000e+07   1.083e+09   1.000e+00
     65   97593.653      75       0  -5.540020800000000e+07   7.200e+08   1.000e+00
     66   98898.542      76       0  -5.540027200000000e+07   7.306e+08   1.000e+00
     67  100204.040      77       0  -5.540034400000000e+07   1.548e+09   1.000e+00
     68  101509.491      78       0  -5.540042400000000e+07   6.413e+08   1.000e+00
     69  102814.329      79       0  -5.540046000000000e+07   6.335e+08   1.000e+00
     70  104119.469      80       0  -5.540054800000000e+07   8.681e+08   1.000e+00
     71  105424.231      81       0  -5.540057200000000e+07   1.587e+09   1.000e+00
     72  106728.633      82       0  -5.540064000000000e+07   5.482e+08   1.000e+00
     73  108034.558      83       0  -5.540066800000000e+07   4.156e+08   1.000e+00
     74  109340.408      84       0  -5.540070000000000e+07   4.502e+08   1.000e+00
     75  110645.494      85       0  -5.540071200000000e+07   1.275e+09   1.000e+00
     76  111950.576      86       0  -5.540076000000000e+07   4.966e+08   1.000e+00
     77  113255.682      87       0  -5.540078800000000e+07   3.857e+08   1.000e+00
     78  114560.473      88       0  -5.540082000000000e+07   4.785e+08   1.000e+00
     79  115866.094      89       0  -5.540085600000000e+07   7.730e+08   1.000e+00
     80  117171.539      90       0  -5.540088000000000e+07   6.544e+08   1.000e+00
     81  118480.060      91       0  -5.540090400000000e+07   3.509e+08   1.000e+00
     82  119785.776      92       0  -5.540092800000000e+07   4.250e+08   1.000e+00
     83  121090.333      93       0  -5.540094800000000e+07   4.483e+08   1.000e+00
     84  122394.788      94       0  -5.540096800000000e+07   9.052e+08   1.000e+00
     85  123699.901      95       0  -5.540099600000000e+07   3.959e+08   1.000e+00
     86  125005.300      96       0  -5.540100400000000e+07   3.114e+08   1.000e+00
     87  126310.625      97       0  -5.540101600000000e+07   3.381e+08   1.000e+00
     88  127615.791      98       0  -5.540103200000000e+07   6.433e+08   1.000e+00
     89  128920.327      99       0  -5.540105200000000e+07   3.620e+08   1.000e+00
     90  130225.349     100       0  -5.540106800000000e+07   2.963e+08   1.000e+00
     91  131530.319     101       0  -5.540108400000000e+07   3.920e+08   1.000e+00
     92  132834.864     102       0  -5.540108800000000e+07   5.880e+08   1.000e+00
     93  134139.241     103       0  -5.540110400000000e+07   3.337e+08   1.000e+00
     94  135444.189     104       0  -5.540112800000000e+07   2.984e+08   1.000e+00
     95  136748.986     105       0  -5.540113200000000e+07   3.277e+08   1.000e+00
     96  138055.228     106       0  -5.540114000000000e+07   9.869e+08   1.000e+00
     97  139378.514     107       0  -5.540116400000000e+07   3.214e+08   1.000e+00
     98  140707.406     108       0  -5.540117200000000e+07   2.741e+08   1.000e+00
     99  142029.750     109       0  -5.540118400000000e+07   3.444e+08   1.000e+00
    100  143355.562     110       0  -5.540121200000000e+07   4.410e+08   1.000e+00
    101  144679.361     111       0  -5.540121600000000e+07   1.093e+09   1.000e+00
    102  146002.584     112       0  -5.540124800000000e+07   3.313e+08   1.000e+00
    103  171630.865     132       0  -5.540124800000000e+07   3.313e+08   1.904e-06
# Termination: function reduction test satisfied
# Iter.   Time (ms)    Eval. Reject.       Obj. Func.           Grad.       Step
# ---------------------------------------------------------------------------------
      0    1327.801       1       0  -6.149224800000000e+07   1.614e+10   0.000e+00
      1   17268.600      13       0  -6.156578400000000e+07   3.394e+10   8.466e-16
      2   18617.386      14       0  -6.164949200000000e+07   2.259e+10   1.000e+00
      3   19967.600      15       0  -6.171182400000000e+07   2.165e+10   1.000e+00
      4   21321.218      16       0  -6.176108400000000e+07   2.215e+10   1.000e+00
      5   22674.128      17       0  -6.179154800000000e+07   2.139e+10   1.000e+00
      6   24028.190      18       0  -6.181545600000000e+07   1.219e+10   1.000e+00
      7   25382.653      19       0  -6.183040800000000e+07   9.730e+09   1.000e+00
      8   26736.815      20       0  -6.184337600000000e+07   1.033e+10   1.000e+00
      9   28089.992      21       0  -6.185260400000000e+07   1.349e+10   1.000e+00
     10   29443.985      22       0  -6.186062800000000e+07   6.935e+09   1.000e+00
     11   30798.429      23       0  -6.186544400000000e+07   6.152e+09   1.000e+00
     12   32157.844      24       0  -6.187064400000000e+07   6.282e+09   1.000e+00
     13   33518.595      25       0  -6.187250800000000e+07   1.476e+10   1.000e+00
     14   34876.981      26       0  -6.187891200000000e+07   5.099e+09   1.000e+00
     15   36237.891      27       0  -6.188105200000000e+07   4.013e+09   1.000e+00
     16   37600.449      28       0  -6.188360400000000e+07   4.729e+09   1.000e+00
     17   38961.453      29       0  -6.188757600000000e+07   7.482e+09   1.000e+00
     18   40324.002      30       0  -6.189094400000000e+07   6.646e+09   1.000e+00
     19   41683.588      31       0  -6.189347200000000e+07   3.793e+09   1.000e+00
     20   43043.463      32       0  -6.189612800000000e+07   4.100e+09   1.000e+00
     21   44402.762      33       0  -6.189810000000000e+07   5.292e+09   1.000e+00
     22   45764.371      34       0  -6.190051200000000e+07   3.757e+09   1.000e+00
     23   47127.233      35       0  -6.190262000000000e+07   3.755e+09   1.000e+00
     24   48502.277      36       0  -6.190447200000000e+07   5.248e+09   1.000e+00
     25   49872.351      37       0  -6.190617600000000e+07   3.572e+09   1.000e+00
     26   51246.981      38       0  -6.190776800000000e+07   3.347e+09   1.000e+00
     27   52632.992      39       0  -6.190940800000000e+07   4.168e+09   1.000e+00
     28   54025.754      40       0  -6.191057200000000e+07   6.419e+09   1.000e+00
     29   55415.791      41       0  -6.191212800000000e+07   3.058e+09   1.000e+00
     30   56805.271      42       0  -6.191320400000000e+07   2.793e+09   1.000e+00
     31   58189.528      43       0  -6.191431600000000e+07   3.121e+09   1.000e+00
     32   59574.973      44       0  -6.191521600000000e+07   7.465e+09   1.000e+00
     33   60964.086      45       0  -6.191693200000000e+07   2.839e+09   1.000e+00
     34   62351.105      46       0  -6.191782400000000e+07   2.536e+09   1.000e+00
     35   63739.896      47       0  -6.191884000000000e+07   2.968e+09   1.000e+00
     36   65128.753      48       0  -6.192021600000000e+07   5.276e+09   1.000e+00
     37   66519.800      49       0  -6.192154000000000e+07   3.255e+09   1.000e+00
     38   67913.599      50       0  -6.192230800000000e+07   2.281e+09   1.000e+00
     39   69302.225      51       0  -6.192350000000000e+07   2.489e+09   1.000e+00
     40   70691.879      52       0  -6.192434800000000e+07   4.345e+09   1.000e+00
     41   72080.711      53       0  -6.192541600000000e+07   2.770e+09   1.000e+00
     42   73469.570      54       0  -6.192648400000000e+07   2.337e+09   1.000e+00
     43   74859.880      55       0  -6.192732800000000e+07   3.362e+09   1.000e+00
     44   76248.602      56       0  -6.192822000000000e+07   2.613e+09   1.000e+00
     45   77640.337      57       0  -6.192908400000000e+07   2.596e+09   1.000e+00
     46   79028.310      58       0  -6.192985600000000e+07   3.006e+09   1.000e+00
     47   80415.895      59       0  -6.193050000000000e+07   2.243e+09   1.000e+00
     48   81803.730      60       0  -6.193137200000000e+07   2.253e+09   1.000e+00
     49   83194.346      61       0  -6.193201600000000e+07   3.918e+09   1.000e+00
     50   84580.333      62       0  -6.193266800000000e+07   2.212e+09   1.000e+00
     51   85965.174      63       0  -6.193319200000000e+07   1.832e+09   1.000e+00
     52   87352.540      64       0  -6.193365600000000e+07   2.173e+09   1.000e+00
     53   88740.411      65       0  -6.193422400000000e+07   2.752e+09   1.000e+00
     54   90125.465      66       0  -6.193472400000000e+07   1.916e+09   1.000e+00
     55   91511.866      67       0  -6.193513600000000e+07   1.825e+09   1.000e+00
     56   92900.546      68       0  -6.193565200000000e+07   2.268e+09   1.000e+00
     57   94291.900      69       0  -6.193602400000000e+07   3.157e+09   1.000e+00
     58   95680.845      70       0  -6.193645600000000e+07   1.735e+09   1.000e+00
     59   97070.421      71       0  -6.193686400000000e+07   1.505e+09   1.000e+00
     60   98459.900      72       0  -6.193719200000000e+07   1.626e+09   1.000e+00
     61   99844.753      73       0  -6.193742800000000e+07   3.983e+09   1.000e+00
     62  101231.036      74       0  -6.193794000000000e+07   1.360e+09   1.000e+00
     63  102620.220      75       0  -6.193814400000000e+07   1.291e+09   1.000e+00
     64  104004.555      76       0  -6.193846800000000e+07   1.601e+09   1.000e+00
     65  105391.588      77       0  -6.193882800000000e+07   3.378e+09   1.000e+00
     66  106790.100      78       0  -6.193928000000000e+07   1.647e+09   1.000e+00
     67  108201.055      79       0  -6.193957200000000e+07   1.276e+09   1.000e+00
     68  109607.167      80       0  -6.193986000000000e+07   1.482e+09   1.000e+00
     69  111027.087      81       0  -6.194002000000000e+07   3.412e+09   1.000e+00
     70  112437.963      82       0  -6.194035600000000e+07   1.430e+09   1.000e+00
     71  113841.875      83       0  -6.194057600000000e+07   1.283e+09   1.000e+00
     72  115249.416      84       0  -6.194082800000000e+07   1.599e+09   1.000e+00
     73  116652.552      85       0  -6.194126400000000e+07   2.307e+09   1.000e+00
     74  118055.120      86       0  -6.194146800000000e+07   3.746e+09   1.000e+00
     75  119460.608      87       0  -6.194187200000000e+07   1.293e+09   1.000e+00
     76  120864.242      88       0  -6.194201600000000e+07   1.091e+09   1.000e+00
     77  122269.758      89       0  -6.194219600000000e+07   1.375e+09   1.000e+00
     78  123676.799      90       0  -6.194251600000000e+07   2.581e+09   1.000e+00
     79  125084.917      91       0  -6.194287200000000e+07   1.673e+09   1.000e+00
     80  126493.134      92       0  -6.194314000000000e+07   1.188e+09   1.000e+00
     81  127899.438      93       0  -6.194345600000000e+07   1.479e+09   1.000e+00
     82  129305.475      94       0  -6.194361200000000e+07   2.535e+09   1.000e+00
     83  130712.378      95       0  -6.194383200000000e+07   1.387e+09   1.000e+00
     84  132119.088      96       0  -6.194412000000000e+07   1.222e+09   1.000e+00
     85  133525.068      97       0  -6.194434800000000e+07   1.466e+09   1.000e+00
     86  134932.300      98       0  -6.194455600000000e+07   4.071e+09   1.000e+00
     87  136341.380      99       0  -6.194498800000000e+07   1.531e+09   1.000e+00
     88  137750.713     100       0  -6.194516400000000e+07   1.104e+09   1.000e+00
     89  139156.755     101       0  -6.194534000000000e+07   1.306e+09   1.000e+00
     90  140561.064     102       0  -6.194564000000000e+07   1.572e+09   1.000e+00
     91  143301.870     104       0  -6.194585600000000e+07   2.613e+09   4.659e-01
     92  144655.469     105       0  -6.194616800000000e+07   1.485e+09   1.000e+00
     93  146008.393     106       0  -6.194642000000000e+07   1.152e+09   1.000e+00
     94  147360.240     107       0  -6.194668000000000e+07   1.512e+09   1.000e+00
     95  148712.979     108       0  -6.194693600000000e+07   2.372e+09   1.000e+00
     96  150065.770     109       0  -6.194722000000000e+07   1.449e+09   1.000e+00
     97  151417.994     110       0  -6.194750400000000e+07   1.281e+09   1.000e+00
     98  152771.051     111       0  -6.194770000000000e+07   1.503e+09   1.000e+00
     99  154125.786     112       0  -6.194801600000000e+07   1.548e+09   1.000e+00
    100  155479.169     113       0  -6.194830000000000e+07   1.580e+09   1.000e+00
    101  156834.979     114       0  -6.194856400000000e+07   1.415e+09   1.000e+00
    102  158188.380     115       0  -6.194878400000000e+07   1.386e+09   1.000e+00
    103  159541.514     116       0  -6.194904000000000e+07   1.527e+09   1.000e+00
    104  160893.603     117       0  -6.194930400000000e+07   1.440e+09   1.000e+00
    105  162246.372     118       0  -6.194956000000000e+07   1.385e+09   1.000e+00
    106  163601.812     119       0  -6.194985600000000e+07   1.946e+09   1.000e+00
    107  164954.310     120       0  -6.195007600000000e+07   1.595e+09   1.000e+00
    108  166307.069     121       0  -6.195026800000000e+07   1.269e+09   1.000e+00
    109  167661.846     122       0  -6.195056000000000e+07   1.630e+09   1.000e+00
    110  169012.790     123       0  -6.195070000000000e+07   2.876e+09   1.000e+00
    111  170365.491     124       0  -6.195094000000000e+07   1.414e+09   1.000e+00
    112  171716.543     125       0  -6.195115600000000e+07   1.187e+09   1.000e+00
    113  173070.919     126       0  -6.195138000000000e+07   1.458e+09   1.000e+00
    114  174421.830     127       0  -6.195170400000000e+07   2.453e+09   1.000e+00
    115  175773.993     128       0  -6.195205200000000e+07   2.123e+09   1.000e+00
    116  177125.932     129       0  -6.195232800000000e+07   1.468e+09   1.000e+00
    117  178478.360     130       0  -6.195282000000000e+07   1.713e+09   1.000e+00
    118  179830.330     131       0  -6.195310000000000e+07   2.515e+09   1.000e+00
    119  181181.909     132       0  -6.195344400000000e+07   1.818e+09   1.000e+00
    120  182532.422     133       0  -6.195397600000000e+07   1.471e+09   1.000e+00
    121  183884.753     134       0  -6.195418000000000e+07   2.484e+09   1.000e+00
    122  185237.737     135       0  -6.195443200000000e+07   1.513e+09   1.000e+00
    123  186589.404     136       0  -6.195477200000000e+07   1.312e+09   1.000e+00
    124  187944.465     137       0  -6.195502400000000e+07   1.507e+09   1.000e+00
    125  189296.009     138       0  -6.195525600000000e+07   3.976e+09   1.000e+00
    126  190647.642     139       0  -6.195571200000000e+07   1.446e+09   1.000e+00
    127  191999.498     140       0  -6.195588800000000e+07   1.227e+09   1.000e+00
    128  193351.800     141       0  -6.195615600000000e+07   1.389e+09   1.000e+00
    129  194702.027     142       0  -6.195646000000000e+07   2.968e+09   1.000e+00
    130  196053.501     143       0  -6.195680800000000e+07   1.566e+09   1.000e+00
    131  197403.507     144       0  -6.195701600000000e+07   1.147e+09   1.000e+00
    132  198755.002     145       0  -6.195726400000000e+07   1.363e+09   1.000e+00
    133  200106.115     146       0  -6.195750800000000e+07   2.304e+09   1.000e+00
    134  201457.735     147       0  -6.195779200000000e+07   1.473e+09   1.000e+00
    135  202810.305     148       0  -6.195802400000000e+07   1.201e+09   1.000e+00
    136  204162.031     149       0  -6.195828400000000e+07   1.480e+09   1.000e+00
    137  205514.639     150       0  -6.195848800000000e+07   3.005e+09   1.000e+00
    138  206865.297     151       0  -6.195877200000000e+07   1.478e+09   1.000e+00
    139  208216.286     152       0  -6.195901200000000e+07   1.164e+09   1.000e+00
    140  209568.376     153       0  -6.195918800000000e+07   1.316e+09   1.000e+00
    141  210923.376     154       0  -6.195948800000000e+07   2.866e+09   1.000e+00
    142  212277.905     155       0  -6.195981600000000e+07   1.520e+09   1.000e+00
    143  213632.215     156       0  -6.196000800000000e+07   1.076e+09   1.000e+00
    144  214986.175     157       0  -6.196024000000000e+07   1.396e+09   1.000e+00
    145  216344.732     158       0  -6.196040800000000e+07   2.168e+09   1.000e+00
    146  217697.613     159       0  -6.196064000000000e+07   1.346e+09   1.000e+00
    147  219053.808     160       0  -6.196091600000000e+07   1.146e+09   1.000e+00
    148  220405.388     161       0  -6.196110400000000e+07   1.193e+09   1.000e+00
    149  221757.759     162       0  -6.196120400000000e+07   3.312e+09   1.000e+00
    150  223110.116     163       0  -6.196152400000000e+07   1.047e+09   1.000e+00
    151  224462.129     164       0  -6.196163600000000e+07   9.102e+08   1.000e+00
    152  225819.068     165       0  -6.196180800000000e+07   1.175e+09   1.000e+00
    153  227172.084     166       0  -6.196198400000000e+07   2.669e+09   1.000e+00
    154  228539.285     167       0  -6.196222800000000e+07   1.341e+09   1.000e+00
    155  229902.773     168       0  -6.196240000000000e+07   9.652e+08   1.000e+00
    156  231267.201     169       0  -6.196254400000000e+07   1.083e+09   1.000e+00
    157  232627.110     170       0  -6.196270400000000e+07   2.253e+09   1.000e+00
    158  233986.757     171       0  -6.196290800000000e+07   1.082e+09   1.000e+00
    159  235347.633     172       0  -6.196305200000000e+07   1.004e+09   1.000e+00
    160  236707.659     173       0  -6.196323600000000e+07   1.196e+09   1.000e+00
    161  238066.754     174       0  -6.196333600000000e+07   3.304e+09   1.000e+00
    162  239425.473     175       0  -6.196360400000000e+07   1.319e+09   1.000e+00
    163  240782.334     176       0  -6.196375200000000e+07   9.015e+08   1.000e+00
    164  242138.249     177       0  -6.196388400000000e+07   1.081e+09   1.000e+00
    165  243494.582     178       0  -6.196410800000000e+07   1.387e+09   1.000e+00
    166  244847.394     179       0  -6.196411600000000e+07   3.514e+09   1.000e+00
    167  246203.422     180       0  -6.196444800000000e+07   1.012e+09   1.000e+00
    168  247561.312     181       0  -6.196452800000000e+07   8.471e+08   1.000e+00
    169  248921.075     182       0  -6.196469600000000e+07   1.082e+09   1.000e+00
    170  250284.575     183       0  -6.196493600000000e+07   1.626e+09   1.000e+00
    171  251653.915     184       0  -6.196505200000000e+07   2.563e+09   1.000e+00
    172  253023.787     185       0  -6.196526400000000e+07   9.466e+08   1.000e+00
    173  254390.524     186       0  -6.196536000000000e+07   8.886e+08   1.000e+00
    174  255759.294     187       0  -6.196550400000000e+07   1.105e+09   1.000e+00
    175  257128.350     188       0  -6.196561200000000e+07   3.124e+09   1.000e+00
    176  258501.184     189       0  -6.196585200000000e+07   1.248e+09   1.000e+00
    177  259871.351     190       0  -6.196597600000000e+07   8.571e+08   1.000e+00
    178  261240.585     191       0  -6.196608400000000e+07   1.033e+09   1.000e+00
    179  262610.344     192       0  -6.196627600000000e+07   1.308e+09   1.000e+00
    180  263981.040     193       0  -6.196632800000000e+07   3.177e+09   1.000e+00
    181  265346.954     194       0  -6.196662000000000e+07   9.368e+08   1.000e+00
    182  266719.627     195       0  -6.196670800000000e+07   8.795e+08   1.000e+00
    183  268090.295     196       0  -6.196688400000000e+07   1.120e+09   1.000e+00
    184  269462.208     197       0  -6.196705600000000e+07   2.770e+09   1.000e+00
    185  270834.596     198       0  -6.196728000000000e+07   1.333e+09   1.000e+00
    186  272206.318     199       0  -6.196741600000000e+07   9.450e+08   1.000e+00
    187  273578.056     200       0  -6.196754000000000e+07   1.111e+09   1.000e+00
    188  274947.091     201       0  -6.196770800000000e+07   1.460e+09   1.000e+00
    189  276323.657     202       0  -6.196784000000000e+07   2.234e+09   1.000e+00
    190  277701.848     203       0  -6.196801600000000e+07   1.024e+09   1.000e+00
    191  279080.403     204       0  -6.196816000000000e+07   1.004e+09   1.000e+00
    192  280453.579     205       0  -6.196827200000000e+07   1.105e+09   1.000e+00
    193  281831.969     206       0  -6.196839200000000e+07   2.886e+09   1.000e+00
    194  283208.087     207       0  -6.196861200000000e+07   1.025e+09   1.000e+00
    195  284584.498     208       0  -6.196870400000000e+07   8.394e+08   1.000e+00
    196  285963.566     209       0  -6.196880800000000e+07   9.878e+08   1.000e+00
    197  287339.994     210       0  -6.196898000000000e+07   1.522e+09   1.000e+00
    198  288717.131     211       0  -6.196912400000000e+07   1.732e+09   1.000e+00
    199  290090.676     212       0  -6.196926000000000e+07   8.968e+08   1.000e+00
    200  291468.491     213       0  -6.196938000000000e+07   9.677e+08   1.000e+00
    201  292845.357     214       0  -6.196950400000000e+07   1.090e+09   1.000e+00
    202  294222.276     215       0  -6.196958400000000e+07   2.821e+09   1.000e+00
    203  295600.106     216       0  -6.196978400000000e+07   1.028e+09   1.000e+00
    204  296974.621     217       0  -6.196986800000000e+07   8.218e+08   1.000e+00
    205  298351.961     218       0  -6.196997600000000e+07   1.002e+09   1.000e+00
    206  299731.295     219       0  -6.197015200000000e+07   1.234e+09   1.000e+00
    207  301108.207     220       0  -6.197015600000000e+07   3.210e+09   1.000e+00
    208  302485.778     221       0  -6.197040800000000e+07   9.116e+08   1.000e+00
    209  303863.053     222       0  -6.197048400000000e+07   7.607e+08   1.000e+00
    210  305239.916     223       0  -6.197062000000000e+07   9.630e+08   1.000e+00
    211  306613.956     224       0  -6.197076800000000e+07   1.989e+09   1.000e+00
    212  307986.928     225       0  -6.197092800000000e+07   1.153e+09   1.000e+00
    213  309361.479     226       0  -6.197106000000000e+07   8.633e+08   1.000e+00
    214  310738.840     227       0  -6.197118800000000e+07   1.054e+09   1.000e+00
    215  312116.060     228       0  -6.197130400000000e+07   1.682e+09   1.000e+00
    216  313490.110     229       0  -6.197144400000000e+07   1.030e+09   1.000e+00
    217  314870.157     230       0  -6.197156000000000e+07   9.743e+08   1.000e+00
    218  316248.709     231       0  -6.197170800000000e+07   1.100e+09   1.000e+00
    219  317629.977     232       0  -6.197174400000000e+07   3.074e+09   1.000e+00
    220  319008.266     233       0  -6.197195200000000e+07   1.068e+09   1.000e+00
    221  320387.968     234       0  -6.197202800000000e+07   6.961e+08   1.000e+00
    222  321763.971     235       0  -6.197211200000000e+07   8.808e+08   1.000e+00
    223  323138.401     236       0  -6.197225200000000e+07   1.074e+09   1.000e+00
    224  324516.226     237       0  -6.197227600000000e+07   3.131e+09   1.000e+00
    225  325895.969     238       0  -6.197252400000000e+07   8.614e+08   1.000e+00
    226  327271.809     239       0  -6.197259600000000e+07   7.226e+08   1.000e+00
    227  328649.667     240       0  -6.197271200000000e+07   8.913e+08   1.000e+00
    228  330031.975     241       0  -6.197283200000000e+07   2.062e+09   1.000e+00
    229  331418.296     242       0  -6.197298800000000e+07   1.131e+09   1.000e+00
    230  332815.095     243       0  -6.197309600000000e+07   8.252e+08   1.000e+00
    231  334210.238     244       0  -6.197320400000000e+07   1.003e+09   1.000e+00
    232  335606.560     245       0  -6.197332000000000e+07   1.492e+09   1.000e+00
    233  337007.111     246       0  -6.197344400000000e+07   1.016e+09   1.000e+00
    234  338401.700     247       0  -6.197356800000000e+07   8.922e+08   1.000e+00
    235  339797.981     248       0  -6.197370000000000e+07   1.054e+09   1.000e+00
    236  341193.344     249       0  -6.197377600000000e+07   2.240e+09   1.000e+00
    237  342590.373     250       0  -6.197392000000000e+07   1.005e+09   1.000e+00
    238  343986.463     251       0  -6.197402400000000e+07   7.665e+08   1.000e+00
    239  345382.053     252       0  -6.197410000000000e+07   8.987e+08   1.000e+00
    240  346777.030     253       0  -6.197424400000000e+07   1.848e+09   1.000e+00
    241  348168.130     254       0  -6.197439200000000e+07   1.065e+09   1.000e+00
    242  349561.316     255       0  -6.197448800000000e+07   7.597e+08   1.000e+00
    243  350957.932     256       0  -6.197460800000000e+07   9.177e+08   1.000e+00
    244  352353.654     257       0  -6.197467200000000e+07   1.787e+09   1.000e+00
    245  353749.317     258       0  -6.197477600000000e+07   9.308e+08   1.000e+00
    246  355140.756     259       0  -6.197488400000000e+07   8.108e+08   1.000e+00
    247  356533.366     260       0  -6.197496000000000e+07   8.790e+08   1.000e+00
    248  357928.997     261       0  -6.197507600000000e+07   2.032e+09   1.000e+00
    249  359319.678     262       0  -6.197522800000000e+07   8.913e+08   1.000e+00
    250  360713.765     263       0  -6.197530000000000e+07   6.966e+08   1.000e+00
    251  362109.416     264       0  -6.197540000000000e+07   8.231e+08   1.000e+00
    252  363510.174     265       0  -6.197552000000000e+07   1.539e+09   1.000e+00
    253  364914.393     266       0  -6.197564800000000e+07   1.014e+09   1.000e+00
    254  366318.029     267       0  -6.197576400000000e+07   8.667e+08   1.000e+00
    255  367723.400     268       0  -6.197585600000000e+07   9.495e+08   1.000e+00
    256  369125.788     269       0  -6.197595200000000e+07   9.429e+08   1.000e+00
    257  370531.885     270       0  -6.197606000000000e+07   8.703e+08   1.000e+00
    258  371929.520     271       0  -6.197616400000000e+07   1.022e+09   1.000e+00
    259  373335.751     272       0  -6.197627200000000e+07   1.020e+09   1.000e+00
    260  374733.697     273       0  -6.197636000000000e+07   9.243e+08   1.000e+00
    261  376138.980     274       0  -6.197645200000000e+07   8.292e+08   1.000e+00
    262  377544.675     275       0  -6.197653600000000e+07   9.287e+08   1.000e+00
    263  378950.110     276       0  -6.197662000000000e+07   7.494e+08   1.000e+00
    264  380355.745     277       0  -6.197670000000000e+07   7.863e+08   1.000e+00
    265  381758.443     278       0  -6.197678000000000e+07   1.413e+09   1.000e+00
    266  383157.048     279       0  -6.197685600000000e+07   7.742e+08   1.000e+00
    267  384557.763     280       0  -6.197690800000000e+07   7.040e+08   1.000e+00
    268  385962.694     281       0  -6.197700000000000e+07   9.298e+08   1.000e+00
    269  387366.154     282       0  -6.197705200000000e+07   1.710e+09   1.000e+00
    270  388770.574     283       0  -6.197714400000000e+07   8.140e+08   1.000e+00
    271  390174.949     284       0  -6.197722000000000e+07   7.212e+08   1.000e+00
    272  391579.114     285       0  -6.197730800000000e+07   8.286e+08   1.000e+00
    273  392976.624     286       0  -6.197742400000000e+07   1.606e+09   1.000e+00
    274  394377.891     287       0  -6.197754000000000e+07   8.638e+08   1.000e+00
    275  395782.967     288       0  -6.197760400000000e+07   6.511e+08   1.000e+00
    276  397188.900     289       0  -6.197770800000000e+07   8.524e+08   1.000e+00
    277  398595.740     290       0  -6.197776800000000e+07   1.717e+09   1.000e+00
    278  400002.573     291       0  -6.197786400000000e+07   9.866e+08   1.000e+00
    279  401406.599     292       0  -6.197798000000000e+07   8.105e+08   1.000e+00
    280  402805.805     293       0  -6.197806800000000e+07   8.779e+08   1.000e+00
    281  404211.982     294       0  -6.197813200000000e+07   2.286e+09   1.000e+00
    282  405610.149     295       0  -6.197827200000000e+07   7.831e+08   1.000e+00
    283  406996.669     296       0  -6.197831600000000e+07   5.956e+08   1.000e+00
    284  408395.843     297       0  -6.197839200000000e+07   7.362e+08   1.000e+00
    285  409793.796     298       0  -6.197847600000000e+07   1.269e+09   1.000e+00
    286  411187.438     299       0  -6.197859200000000e+07   9.544e+08   1.000e+00
    287  412582.327     300       0  -6.197868400000000e+07   7.424e+08   1.000e+00
    288  413975.133     301       0  -6.197877600000000e+07   1.154e+09   1.000e+00
    289  415370.513     302       0  -6.197884800000000e+07   8.221e+08   1.000e+00
    290  416752.950     303       0  -6.197889600000000e+07   7.316e+08   1.000e+00
    291  418126.967     304       0  -6.197902000000000e+07   1.085e+09   1.000e+00
    292  419502.936     305       0  -6.197905600000000e+07   1.745e+09   1.000e+00
    293  420879.083     306       0  -6.197914800000000e+07   8.047e+08   1.000e+00
    294  422272.075     307       0  -6.197920800000000e+07   6.254e+08   1.000e+00
    295  423670.176     308       0  -6.197927200000000e+07   7.143e+08   1.000e+00
    296  425069.444     309       0  -6.197931200000000e+07   1.724e+09   1.000e+00
    297  426467.137     310       0  -6.197941600000000e+07   6.224e+08   1.000e+00
    298  427871.081     311       0  -6.197946400000000e+07   6.325e+08   1.000e+00
    299  429271.085     312       0  -6.197954000000000e+07   8.848e+08   1.000e+00
    300  430669.354     313       0  -6.197965200000000e+07   1.310e+09   1.000e+00
    301  432066.212     314       0  -6.197976400000000e+07   1.434e+09   1.000e+00
    302  433465.267     315       0  -6.197986000000000e+07   6.836e+08   1.000e+00
    303  434858.098     316       0  -6.197992400000000e+07   7.261e+08   1.000e+00
    304  436254.965     317       0  -6.197998000000000e+07   8.013e+08   1.000e+00
    305  437657.474     318       0  -6.198006400000000e+07   1.511e+09   1.000e+00
    306  439054.428     319       0  -6.198016000000000e+07   7.562e+08   1.000e+00
    307  440451.446     320       0  -6.198022400000000e+07   7.261e+08   1.000e+00
    308  441850.304     321       0  -6.198028800000000e+07   7.805e+08   1.000e+00
    309  443250.156     322       0  -6.198032800000000e+07   2.334e+09   1.000e+00
    310  444649.992     323       0  -6.198045600000000e+07   7.474e+08   1.000e+00
    311  446049.408     324       0  -6.198050400000000e+07   5.732e+08   1.000e+00
    312  447450.455     325       0  -6.198056400000000e+07   7.354e+08   1.000e+00
    313  448849.231     326       0  -6.198066400000000e+07   1.047e+09   1.000e+00
    314  450246.983     327       0  -6.198074800000000e+07   1.307e+09   1.000e+00
    315  451645.753     328       0  -6.198082800000000e+07   6.393e+08   1.000e+00
    316  453046.777     329       0  -6.198088400000000e+07   7.208e+08   1.000e+00
    317  454446.489     330       0  -6.198095600000000e+07   8.263e+08   1.000e+00
    318  455846.583     331       0  -6.198100000000000e+07   2.263e+09   1.000e+00
    319  457248.603     332       0  -6.198112400000000e+07   8.343e+08   1.000e+00
    320  458649.336     333       0  -6.198117200000000e+07   6.262e+08   1.000e+00
    321  460050.372     334       0  -6.198123600000000e+07   7.538e+08   1.000e+00
    322  461450.070     335       0  -6.198132800000000e+07   1.097e+09   1.000e+00
    323  462849.572     336       0  -6.198140000000000e+07   1.388e+09   1.000e+00
    324  464248.978     337       0  -6.198148000000000e+07   6.370e+08   1.000e+00
    325  465647.808     338       0  -6.198153600000000e+07   7.155e+08   1.000e+00
    326  467046.159     339       0  -6.198161200000000e+07   8.385e+08   1.000e+00
    327  468446.280     340       0  -6.198167600000000e+07   2.100e+09   1.000e+00
    328  469845.890     341       0  -6.198178400000000e+07   8.566e+08   1.000e+00
    329  471245.572     342       0  -6.198184400000000e+07   6.433e+08   1.000e+00
    330  472646.378     343       0  -6.198189200000000e+07   7.348e+08   1.000e+00
    331  474046.234     344       0  -6.198198800000000e+07   8.242e+08   1.000e+00
    332  476781.621     346       0  -6.198203600000000e+07   1.254e+09   4.201e-01
    333  478146.102     347       0  -6.198210800000000e+07   7.094e+08   1.000e+00
    334  479508.888     348       0  -6.198217600000000e+07   5.970e+08   1.000e+00
    335  480871.707     349       0  -6.198225600000000e+07   7.712e+08   1.000e+00
    336  482234.604     350       0  -6.198229600000000e+07   1.818e+09   1.000e+00
    337  483598.807     351       0  -6.198238800000000e+07   7.942e+08   1.000e+00
    338  484962.458     352       0  -6.198244400000000e+07   6.130e+08   1.000e+00
    339  486327.514     353       0  -6.198250400000000e+07   7.580e+08   1.000e+00
    340  487690.471     354       0  -6.198260400000000e+07   1.182e+09   1.000e+00
    341  489057.648     355       0  -6.198266800000000e+07   1.453e+09   1.000e+00
    342  490421.902     356       0  -6.198274000000000e+07   6.082e+08   1.000e+00
    343  491786.004     357       0  -6.198277600000000e+07   5.759e+08   1.000e+00
    344  493149.041     358       0  -6.198283200000000e+07   6.805e+08   1.000e+00
    345  494512.715     359       0  -6.198289200000000e+07   1.701e+09   1.000e+00
    346  495876.278     360       0  -6.198298000000000e+07   7.864e+08   1.000e+00
    347  497240.466     361       0  -6.198302400000000e+07   5.657e+08   1.000e+00
    348  498606.202     362       0  -6.198307200000000e+07   6.559e+08   1.000e+00
    349  499969.917     363       0  -6.198314400000000e+07   8.688e+08   1.000e+00
    350  501333.784     364       0  -6.198319200000000e+07   1.304e+09   1.000e+00
    351  502697.342     365       0  -6.198326400000000e+07   5.879e+08   1.000e+00
    352  504061.905     366       0  -6.198331600000000e+07   6.522e+08   1.000e+00
    353  505424.854     367       0  -6.198336400000000e+07   7.328e+08   1.000e+00
    354  506789.861     368       0  -6.198340000000000e+07   1.824e+09   1.000e+00
    355  508164.617     369       0  -6.198350000000000e+07   6.949e+08   1.000e+00
    356  509537.438     370       0  -6.198354800000000e+07   5.674e+08   1.000e+00
    357  510914.243     371       0  -6.198359600000000e+07   6.400e+08   1.000e+00
    358  512282.974     372       0  -6.198365600000000e+07   1.364e+09   1.000e+00
    359  513653.364     373       0  -6.198374000000000e+07   7.014e+08   1.000e+00
    360  515025.624     374       0  -6.198377600000000e+07   5.667e+08   1.000e+00
    361  516397.639     375       0  -6.198384800000000e+07   7.006e+08   1.000e+00
    362  517770.754     376       0  -6.198391600000000e+07   1.202e+09   1.000e+00
    363  519143.365     377       0  -6.198400000000000e+07   7.581e+08   1.000e+00
    364  520514.323     378       0  -6.198405600000000e+07   6.107e+08   1.000e+00
    365  521881.501     379       0  -6.198412000000000e+07   7.822e+08   1.000e+00
    366  523249.785     380       0  -6.198418800000000e+07   9.838e+08   1.000e+00
    367  524621.731     381       0  -6.198425200000000e+07   7.391e+08   1.000e+00
    368  525989.785     382       0  -6.198433200000000e+07   7.722e+08   1.000e+00
    369  527358.139     383       0  -6.198438000000000e+07   8.591e+08   1.000e+00
    370  528727.492     384       0  -6.198443200000000e+07   6.991e+08   1.000e+00
    371  530099.411     385       0  -6.198450400000000e+07   1.144e+09   1.000e+00
    372  531470.276     386       0  -6.198456000000000e+07   8.006e+08   1.000e+00
    373  532842.682     387       0  -6.198459200000000e+07   6.670e+08   1.000e+00
    374  534214.258     388       0  -6.198468400000000e+07   7.108e+08   1.000e+00
    375  535585.548     389       0  -6.198469600000000e+07   1.986e+09   1.000e+00
    376  536957.143     390       0  -6.198478000000000e+07   7.505e+08   1.000e+00
    377  538326.307     391       0  -6.198480800000000e+07   5.245e+08   1.000e+00
    378  539696.811     392       0  -6.198485600000000e+07   6.504e+08   1.000e+00
    379  541067.051     393       0  -6.198490000000000e+07   8.007e+08   1.000e+00
    380  542438.418     394       0  -6.198496400000000e+07   9.352e+08   1.000e+00
    381  543809.081     395       0  -6.198501600000000e+07   5.951e+08   1.000e+00
    382  545179.388     396       0  -6.198511200000000e+07   7.943e+08   1.000e+00
    383  546563.903     397       0  -6.198519200000000e+07   8.273e+08   1.000e+00
    384  547945.567     398       0  -6.198524800000000e+07   1.337e+09   1.000e+00
    385  549326.688     399       0  -6.198532400000000e+07   6.113e+08   1.000e+00
    386  550708.266     400       0  -6.198536800000000e+07   6.013e+08   1.000e+00
    387  552088.647     401       0  -6.198541200000000e+07   7.034e+08   1.000e+00
    388  553466.078     402       0  -6.198542400000000e+07   2.125e+09   1.000e+00
    389  554848.402     403       0  -6.198553200000000e+07   6.521e+08   1.000e+00
    390  556230.253     404       0  -6.198556000000000e+07   4.870e+08   1.000e+00
    391  557613.717     405       0  -6.198560400000000e+07   5.875e+08   1.000e+00
    392  558994.721     406       0  -6.198566000000000e+07   1.098e+09   1.000e+00
    393  560363.512     407       0  -6.198572000000000e+07   5.647e+08   1.000e+00
    394  561742.745     408       0  -6.198576800000000e+07   4.985e+08   1.000e+00
    395  563127.112     409       0  -6.198583200000000e+07   7.192e+08   1.000e+00
    396  564508.849     410       0  -6.198586400000000e+07   1.562e+09   1.000e+00
    397  565886.626     411       0  -6.198592800000000e+07   7.212e+08   1.000e+00
    398  567267.761     412       0  -6.198598400000000e+07   5.329e+08   1.000e+00
    399  568646.701     413       0  -6.198602400000000e+07   6.143e+08   1.000e+00
    400  570028.662     414       0  -6.198608800000000e+07   1.068e+09   1.000e+00
    401  571407.425     415       0  -6.198614400000000e+07   9.098e+08   1.000e+00
    402  572788.394     416       0  -6.198618400000000e+07   4.906e+08   1.000e+00
    403  574169.245     417       0  -6.198622400000000e+07   5.492e+08   1.000e+00
    404  575547.249     418       0  -6.198626000000000e+07   6.273e+08   1.000e+00
    405  576933.255     419       0  -6.198630400000000e+07   1.669e+09   1.000e+00
    406  578317.525     420       0  -6.198638000000000e+07   6.876e+08   1.000e+00
    407  579695.215     421       0  -6.198641200000000e+07   5.123e+08   1.000e+00
    408  581076.226     422       0  -6.198644800000000e+07   5.752e+08   1.000e+00
    409  582457.976     423       0  -6.198648800000000e+07   7.831e+08   1.000e+00
    410  583841.700     424       0  -6.198652800000000e+07   1.168e+09   1.000e+00
    411  585222.653     425       0  -6.198657600000000e+07   5.317e+08   1.000e+00
    412  586606.566     426       0  -6.198661600000000e+07   5.515e+08   1.000e+00
    413  587999.581     427       0  -6.198665200000000e+07   6.349e+08   1.000e+00
    414  589396.445     428       0  -6.198668800000000e+07   1.694e+09   1.000e+00
    415  590781.186     429       0  -6.198675600000000e+07   5.919e+08   1.000e+00
    416  592170.027     430       0  -6.198678400000000e+07   4.364e+08   1.000e+00
    417  593560.327     431       0  -6.198680800000000e+07   5.209e+08   1.000e+00
    418  594950.958     432       0  -6.198686000000000e+07   6.276e+08   1.000e+00
    419  597676.628     434       0  -6.198689600000000e+07   9.851e+08   5.000e-01
    420  599041.039     435       0  -6.198694400000000e+07   5.535e+08   1.000e+00
    421  600405.698     436       0  -6.198698400000000e+07   4.959e+08   1.000e+00
    422  601768.946     437       0  -6.198704800000000e+07   7.122e+08   1.000e+00
    423  603132.450     438       0  -6.198708400000000e+07   1.217e+09   1.000e+00
    424  604496.110     439       0  -6.198713200000000e+07   6.289e+08   1.000e+00
    425  605859.053     440       0  -6.198718400000000e+07   5.467e+08   1.000e+00
    426  607226.988     441       0  -6.198721600000000e+07   6.243e+08   1.000e+00
    427  608591.888     442       0  -6.198725200000000e+07   1.856e+09   1.000e+00
    428  609955.416     443       0  -6.198733200000000e+07   6.482e+08   1.000e+00
    429  611318.297     444       0  -6.198736400000000e+07   4.609e+08   1.000e+00
    430  612682.315     445       0  -6.198738800000000e+07   5.242e+08   1.000e+00
    431  614047.910     446       0  -6.198744400000000e+07   6.102e+08   1.000e+00
    432  616758.094     448       0  -6.198748000000000e+07   1.083e+09   4.555e-01
    433  618121.736     449       0  -6.198753200000000e+07   6.304e+08   1.000e+00
    434  619485.320     450       0  -6.198758400000000e+07   4.917e+08   1.000e+00
    435  620848.259     451       0  -6.198763600000000e+07   6.998e+08   1.000e+00
    436  622215.148     452       0  -6.198767600000000e+07   8.150e+08   1.000e+00
    437  623579.311     453       0  -6.198771200000000e+07   5.733e+08   1.000e+00
    438  624945.070     454       0  -6.198776400000000e+07   5.487e+08   1.000e+00
    439  626308.890     455       0  -6.198779200000000e+07   6.201e+08   1.000e+00
    440  627671.902     456       0  -6.198785200000000e+07   5.928e+08   1.000e+00
    441  629035.116     457       0  -6.198789600000000e+07   8.576e+08   1.000e+00
    442  630398.968     458       0  -6.198792800000000e+07   4.932e+08   1.000e+00
    443  631761.927     459       0  -6.198796000000000e+07   4.768e+08   1.000e+00
    444  633125.460     460       0  -6.198800000000000e+07   7.266e+08   1.000e+00
    445  634489.484     461       0  -6.198804400000000e+07   6.542e+08   1.000e+00
    446  635853.685     462       0  -6.198809200000000e+07   5.773e+08   1.000e+00
    447  637221.534     463       0  -6.198814000000000e+07   7.091e+08   1.000e+00
    448  638585.149     464       0  -6.198817200000000e+07   6.043e+08   1.000e+00
    449  639950.733     465       0  -6.198821600000000e+07   5.580e+08   1.000e+00
    450  641313.923     466       0  -6.198826800000000e+07   9.793e+08   1.000e+00
    451  642677.616     467       0  -6.198831600000000e+07   6.847e+08   1.000e+00
    452  644041.686     468       0  -6.198834800000000e+07   5.389e+08   1.000e+00
    453  645404.488     469       0  -6.198839200000000e+07   5.939e+08   1.000e+00
    454  646768.024     470       0  -6.198841600000000e+07   8.426e+08   1.000e+00
    455  648131.743     471       0  -6.198844800000000e+07   5.227e+08   1.000e+00
    456  649495.400     472       0  -6.198849200000000e+07   4.721e+08   1.000e+00
    457  650858.620     473       0  -6.198851600000000e+07   5.975e+08   1.000e+00
    458  652224.022     474       0  -6.198856800000000e+07   5.668e+08   1.000e+00
    459  653587.650     475       0  -6.198860400000000e+07   1.123e+09   1.000e+00
    460  654950.405     476       0  -6.198866000000000e+07   5.822e+08   1.000e+00
    461  656312.970     477       0  -6.198870000000000e+07   4.896e+08   1.000e+00
    462  657676.580     478       0  -6.198873600000000e+07   5.734e+08   1.000e+00
    463  659040.231     479       0  -6.198877200000000e+07   1.084e+09   1.000e+00
    464  660404.266     480       0  -6.198880800000000e+07   5.187e+08   1.000e+00
    465  661768.085     481       0  -6.198885200000000e+07   4.671e+08   1.000e+00
    466  663131.980     482       0  -6.198887600000000e+07   5.021e+08   1.000e+00
    467  664495.255     483       0  -6.198888400000000e+07   1.618e+09   1.000e+00
    468  665860.284     484       0  -6.198894000000000e+07   5.146e+08   1.000e+00
    469  667228.144     485       0  -6.198896400000000e+07   3.816e+08   1.000e+00
    470  668594.565     486       0  -6.198898400000000e+07   4.923e+08   1.000e+00
    471  669957.837     487       0  -6.198902800000000e+07   6.396e+08   1.000e+00
    472  671321.109     488       0  -6.198904800000000e+07   1.515e+09   1.000e+00
    473  672685.233     489       0  -6.198910800000000e+07   4.533e+08   1.000e+00
    474  674048.733     490       0  -6.198912400000000e+07   4.097e+08   1.000e+00
    475  675412.495     491       0  -6.198916400000000e+07   5.046e+08   1.000e+00
    476  676775.864     492       0  -6.198919600000000e+07   1.296e+09   1.000e+00
    477  678139.319     493       0  -6.198924800000000e+07   6.454e+08   1.000e+00
    478  679502.410     494       0  -6.198928000000000e+07   4.564e+08   1.000e+00
    479  680865.402     495       0  -6.198930400000000e+07   5.180e+08   1.000e+00
    480  682231.333     496       0  -6.198934800000000e+07   7.630e+08   1.000e+00
    481  683595.141     497       0  -6.198938400000000e+07   9.224e+08   1.000e+00
    482  684959.498     498       0  -6.198942000000000e+07   4.583e+08   1.000e+00
    483  686323.982     499       0  -6.198944800000000e+07   5.174e+08   1.000e+00
    484  687699.206     500       0  -6.198948000000000e+07   5.842e+08   1.000e+00
    485  689074.089     501       0  -6.198952400000000e+07   1.308e+09   1.000e+00
    486  690446.026     502       0  -6.198958000000000e+07   5.893e+08   1.000e+00
    487  691817.142     503       0  -6.198961600000000e+07   4.800e+08   1.000e+00
    488  693194.978     504       0  -6.198964000000000e+07   4.937e+08   1.000e+00
    489  694569.868     505       0  -6.198966000000000e+07   1.416e+09   1.000e+00
    490  695947.227     506       0  -6.198970400000000e+07   5.613e+08   1.000e+00
    491  697324.056     507       0  -6.198973200000000e+07   3.987e+08   1.000e+00
    492  698702.064     508       0  -6.198976400000000e+07   5.094e+08   1.000e+00
    493  700079.232     509       0  -6.198980400000000e+07   6.882e+08   1.000e+00
    494  701454.767     510       0  -6.198981200000000e+07   1.547e+09   1.000e+00
    495  702839.907     511       0  -6.198987600000000e+07   4.532e+08   1.000e+00
    496  704224.716     512       0  -6.198988800000000e+07   3.901e+08   1.000e+00
    497  705611.943     513       0  -6.198992000000000e+07   5.003e+08   1.000e+00
    498  706996.122     514       0  -6.198996400000000e+07   8.207e+08   1.000e+00
    499  708384.595     515       0  -6.199000400000000e+07   8.392e+08   1.000e+00
    500  709782.150     516       0  -6.199003600000000e+07   4.728e+08   1.000e+00
    501  711176.421     517       0  -6.199006800000000e+07   4.645e+08   1.000e+00
    502  712571.119     518       0  -6.199009600000000e+07   5.343e+08   1.000e+00
    503  713964.383     519       0  -6.199013600000000e+07   8.490e+08   1.000e+00
    504  715357.970     520       0  -6.199016400000000e+07   4.470e+08   1.000e+00
    505  716753.037     521       0  -6.199019600000000e+07   4.411e+08   1.000e+00
    506  718148.809     522       0  -6.199022800000000e+07   4.877e+08   1.000e+00
    507  719540.349     523       0  -6.199023200000000e+07   1.555e+09   1.000e+00
    508  720946.262     524       0  -6.199029600000000e+07   4.294e+08   1.000e+00
    509  722355.002     525       0  -6.199030400000000e+07   3.688e+08   1.000e+00
    510  723762.633     526       0  -6.199032800000000e+07   4.556e+08   1.000e+00
    511  725170.602     527       0  -6.199037200000000e+07   7.164e+08   1.000e+00
    512  726579.068     528       0  -6.199041200000000e+07   7.613e+08   1.000e+00
    513  727990.174     529       0  -6.199044000000000e+07   4.335e+08   1.000e+00
    514  729399.079     530       0  -6.199047200000000e+07   4.402e+08   1.000e+00
    515  730806.752     531       0  -6.199049200000000e+07   5.436e+08   1.000e+00
    516  732214.390     532       0  -6.199053200000000e+07   7.726e+08   1.000e+00
    517  733622.623     533       0  -6.199056400000000e+07   4.408e+08   1.000e+00
    518  735025.592     534       0  -6.199059600000000e+07   4.645e+08   1.000e+00
    519  736434.274     535       0  -6.199062400000000e+07   5.725e+08   1.000e+00
    520  737845.452     536       0  -6.199065600000000e+07   7.583e+08   1.000e+00
    521  739250.741     537       0  -6.199068800000000e+07   4.434e+08   1.000e+00
    522  740659.808     538       0  -6.199071200000000e+07   4.826e+08   1.000e+00
    523  742066.020     539       0  -6.199074400000000e+07   5.452e+08   1.000e+00
    524  743475.344     540       0  -6.199075600000000e+07   1.493e+09   1.000e+00
    525  744883.531     541       0  -6.199081600000000e+07   4.709e+08   1.000e+00
    526  746290.446     542       0  -6.199082000000000e+07   3.668e+08   1.000e+00
    527  747674.496     543       0  -6.199085200000000e+07   4.513e+08   1.000e+00
    528  749080.215     544       0  -6.199088800000000e+07   7.207e+08   1.000e+00
    529  750485.807     545       0  -6.199092000000000e+07   5.907e+08   1.000e+00
    530  751892.269     546       0  -6.199095600000000e+07   3.888e+08   1.000e+00
    531  753300.366     547       0  -6.199098400000000e+07   4.588e+08   1.000e+00
    532  754705.400     548       0  -6.199100400000000e+07   7.890e+08   1.000e+00
    533  756116.293     549       0  -6.199103200000000e+07   4.986e+08   1.000e+00
    534  757539.791     550       0  -6.199107600000000e+07   4.452e+08   1.000e+00
    535  758956.620     551       0  -6.199110400000000e+07   5.238e+08   1.000e+00
    536  760380.146     552       0  -6.199113200000000e+07   8.658e+08   1.000e+00
    537  761808.420     553       0  -6.199116800000000e+07   4.343e+08   1.000e+00
    538  763236.196     554       0  -6.199118400000000e+07   4.064e+08   1.000e+00
    539  764659.666     555       0  -6.199120800000000e+07   5.061e+08   1.000e+00
    540  766084.454     556       0  -6.199122800000000e+07   1.219e+09   1.000e+00
    541  767510.170     557       0  -6.199126400000000e+07   5.402e+08   1.000e+00
    542  768935.859     558       0  -6.199129200000000e+07   3.973e+08   1.000e+00
    543  770359.707     559       0  -6.199131200000000e+07   4.394e+08   1.000e+00
    544  771783.942     560       0  -6.199135200000000e+07   7.447e+08   1.000e+00
    545  773206.595     561       0  -6.199138000000000e+07   4.874e+08   1.000e+00
    546  774631.098     562       0  -6.199139600000000e+07   3.643e+08   1.000e+00
    547  776055.928     563       0  -6.199144000000000e+07   5.226e+08   1.000e+00
    548  777478.188     564       0  -6.199145600000000e+07   9.511e+08   1.000e+00
    549  778904.238     565       0  -6.199148800000000e+07   5.078e+08   1.000e+00
    550  780322.345     566       0  -6.199152800000000e+07   4.351e+08   1.000e+00
    551  781749.503     567       0  -6.199154400000000e+07   4.261e+08   1.000e+00
    552  783177.449     568       0  -6.199157200000000e+07   1.141e+09   1.000e+00
    553  784604.300     569       0  -6.199160000000000e+07   4.277e+08   1.000e+00
    554  786028.545     570       0  -6.199162800000000e+07   3.666e+08   1.000e+00
    555  787455.102     571       0  -6.199164800000000e+07   4.551e+08   1.000e+00
    556  788874.568     572       0  -6.199168800000000e+07   7.855e+08   1.000e+00
    557  790262.982     573       0  -6.199172400000000e+07   6.002e+08   1.000e+00
    558  791664.175     574       0  -6.199175600000000e+07   4.159e+08   1.000e+00
    559  793070.832     575       0  -6.199178400000000e+07   4.489e+08   1.000e+00
    560  794464.362     576       0  -6.199180800000000e+07   6.629e+08   1.000e+00
    561  795860.315     577       0  -6.199182800000000e+07   4.417e+08   1.000e+00
    562  797247.219     578       0  -6.199186800000000e+07   4.279e+08   1.000e+00
    563  798647.721     579       0  -6.199188400000000e+07   7.094e+08   1.000e+00
    564  800075.163     580       0  -6.199191600000000e+07   4.614e+08   1.000e+00
    565  801506.671     581       0  -6.199195200000000e+07   4.541e+08   1.000e+00
    566  802937.021     582       0  -6.199196400000000e+07   5.941e+08   1.000e+00
    567  804365.659     583       0  -6.199198400000000e+07   4.711e+08   1.000e+00
    568  805801.519     584       0  -6.199202800000000e+07   5.725e+08   1.000e+00
    569  807238.273     585       0  -6.199205200000000e+07   7.248e+08   1.000e+00
    570  808668.368     586       0  -6.199206800000000e+07   4.221e+08   1.000e+00
    571  810109.688     587       0  -6.199208800000000e+07   3.656e+08   1.000e+00
    572  811560.270     588       0  -6.199211200000000e+07   4.129e+08   1.000e+00
    573  813012.752     589       0  -6.199212000000000e+07   1.377e+09   1.000e+00
    574  814466.035     590       0  -6.199216800000000e+07   4.431e+08   1.000e+00
    575  815917.824     591       0  -6.199218000000000e+07   3.135e+08   1.000e+00
    576  817372.538     592       0  -6.199219200000000e+07   3.762e+08   1.000e+00
    577  818828.197     593       0  -6.199221200000000e+07   5.139e+08   1.000e+00
    578  820280.563     594       0  -6.199224800000000e+07   7.159e+08   1.000e+00
    579  821733.472     595       0  -6.199227600000000e+07   4.331e+08   1.000e+00
    580  823186.877     596       0  -6.199230000000000e+07   4.363e+08   1.000e+00
    581  824639.692     597       0  -6.199232400000000e+07   4.777e+08   1.000e+00
    582  826091.063     598       0  -6.199234800000000e+07   1.051e+09   1.000e+00
    583  827548.109     599       0  -6.199238000000000e+07   3.923e+08   1.000e+00
    584  828999.690     600       0  -6.199239600000000e+07   3.495e+08   1.000e+00
    585  830417.557     601       0  -6.199240800000000e+07   4.089e+08   1.000e+00
    586  831831.563     602       0  -6.199244000000000e+07   8.970e+08   1.000e+00
    587  833246.156     603       0  -6.199246400000000e+07   4.041e+08   1.000e+00
    588  834657.027     604       0  -6.199248400000000e+07   3.529e+08   1.000e+00
    589  836067.965     605       0  -6.199249600000000e+07   4.001e+08   1.000e+00
    590  837471.034     606       0  -6.199252000000000e+07   1.056e+09   1.000e+00
    591  838884.632     607       0  -6.199254000000000e+07   4.655e+08   1.000e+00
    592  840287.088     608       0  -6.199256800000000e+07   3.388e+08   1.000e+00
    593  841676.072     609       0  -6.199258400000000e+07   3.978e+08   1.000e+00
    594  843067.847     610       0  -6.199260800000000e+07   7.490e+08   1.000e+00
    595  844458.337     611       0  -6.199263600000000e+07   4.708e+08   1.000e+00
    596  845848.606     612       0  -6.199265200000000e+07   3.269e+08   1.000e+00
    597  847244.232     613       0  -6.199267600000000e+07   3.850e+08   1.000e+00
    598  848642.159     614       0  -6.199269200000000e+07   6.572e+08   1.000e+00
    599  850033.558     615       0  -6.199271200000000e+07   4.462e+08   1.000e+00
    600  851424.826     616       0  -6.199274000000000e+07   3.843e+08   1.000e+00
    601  852819.027     617       0  -6.199276000000000e+07   5.676e+08   1.000e+00
    602  854212.129     618       0  -6.199277600000000e+07   3.813e+08   1.000e+00
    603  855604.238     619       0  -6.199280000000000e+07   3.782e+08   1.000e+00
    604  856996.864     620       0  -6.199281200000000e+07   5.051e+08   1.000e+00
    605  858391.492     621       0  -6.199283200000000e+07   3.721e+08   1.000e+00
    606  859784.431     622       0  -6.199285600000000e+07   4.226e+08   1.000e+00
    607  861179.135     623       0  -6.199288000000000e+07   7.530e+08   1.000e+00
    608  862586.979     624       0  -6.199289600000000e+07   4.301e+08   1.000e+00
    609  863998.381     625       0  -6.199291600000000e+07   3.441e+08   1.000e+00
    610  865410.978     626       0  -6.199293200000000e+07   3.829e+08   1.000e+00
    611  866822.091     627       0  -6.199294800000000e+07   1.098e+09   1.000e+00
    612  868234.932     628       0  -6.199298000000000e+07   3.749e+08   1.000e+00
    613  869646.554     629       0  -6.199298800000000e+07   3.010e+08   1.000e+00
    614  871058.418     630       0  -6.199300000000000e+07   3.787e+08   1.000e+00
    615  872470.309     631       0  -6.199303600000000e+07   4.859e+08   1.000e+00
    616  875206.715     633       0  -6.199305600000000e+07   6.842e+08   5.000e-01
    617  876556.702     634       0  -6.199308000000000e+07   4.093e+08   1.000e+00
    618  877913.524     635       0  -6.199310400000000e+07   3.620e+08   1.000e+00
    619  879263.280     636       0  -6.199312400000000e+07   4.641e+08   1.000e+00
    620  880612.631     637       0  -6.199314000000000e+07   5.857e+08   1.000e+00
    621  881962.691     638       0  -6.199316400000000e+07   4.202e+08   1.000e+00
    622  883311.527     639       0  -6.199319600000000e+07   4.574e+08   1.000e+00
    623  884661.732     640       0  -6.199320800000000e+07   5.138e+08   1.000e+00
    624  886011.032     641       0  -6.199322000000000e+07   4.198e+08   1.000e+00
    625  887361.134     642       0  -6.199325600000000e+07   6.119e+08   1.000e+00
    626  888712.149     643       0  -6.199327200000000e+07   5.839e+08   1.000e+00
    627  890061.892     644       0  -6.199328000000000e+07   3.585e+08   1.000e+00
    628  891412.205     645       0  -6.199330400000000e+07   2.909e+08   1.000e+00
    629  892762.499     646       0  -6.199332000000000e+07   4.091e+08   1.000e+00
    630  894112.501     647       0  -6.199333600000000e+07   8.040e+08   1.000e+00
    631  895462.642     648       0  -6.199336400000000e+07   3.896e+08   1.000e+00
    632  896812.774     649       0  -6.199338400000000e+07   3.634e+08   1.000e+00
    633  898162.080     650       0  -6.199340000000000e+07   3.786e+08   1.000e+00
    634  899511.981     651       0  -6.199340800000000e+07   1.110e+09   1.000e+00
    635  900861.140     652       0  -6.199344800000000e+07   4.031e+08   1.000e+00
    636  902210.541     653       0  -6.199345600000000e+07   3.000e+08   1.000e+00
    637  903561.250     654       0  -6.199347600000000e+07   3.688e+08   1.000e+00
    638  904911.899     655       0  -6.199349200000000e+07   6.842e+08   1.000e+00
    639  906262.388     656       0  -6.199351600000000e+07   3.816e+08   1.000e+00
    640  907612.636     657       0  -6.199353200000000e+07   3.084e+08   1.000e+00
    641  908963.017     658       0  -6.199356000000000e+07   3.811e+08   1.000e+00
    642  911635.659     660       0  -6.199356400000000e+07   4.525e+08   5.000e-01
    643  912987.459     661       0  -6.199358400000000e+07   3.759e+08   1.000e+00
    644  914337.378     662       0  -6.199360400000000e+07   6.144e+08   1.000e+00
    645  915687.872     663       0  -6.199363200000000e+07   3.744e+08   1.000e+00
    646  917037.898     664       0  -6.199364400000000e+07   3.306e+08   1.000e+00
    647  918388.405     665       0  -6.199366000000000e+07   6.245e+08   1.000e+00
    648  919738.365     666       0  -6.199367600000000e+07   3.938e+08   1.000e+00
    649  921088.387     667       0  -6.199370000000000e+07   3.481e+08   1.000e+00
    650  922438.699     668       0  -6.199372800000000e+07   5.475e+08   1.000e+00
    651  944989.556     685       0  -6.199372800000000e+07   5.475e+08   5.427e-07
# Termination: function reduction test satisfied
# Iter.   Time (ms)    Eval. Reject.       Obj. Func.           Grad.       Step
# ---------------------------------------------------------------------------------
      0    1284.445       1       0  -6.149166000000000e+07   1.614e+10   0.000e+00
      1   16686.014      13       0  -6.156520800000000e+07   3.393e+10   8.465e-16
      2   17990.055      14       0  -6.164890400000000e+07   2.259e+10   1.000e+00
      3   19296.030      15       0  -6.171124000000000e+07   2.165e+10   1.000e+00
      4   20602.355      16       0  -6.176049600000000e+07   2.215e+10   1.000e+00
      5   21917.599      17       0  -6.179096800000000e+07   2.138e+10   1.000e+00
      6   23228.336      18       0  -6.181486800000000e+07   1.219e+10   1.000e+00
      7   24537.144      19       0  -6.182982000000000e+07   9.729e+09   1.000e+00
      8   25845.620      20       0  -6.184279200000000e+07   1.033e+10   1.000e+00
      9   27155.540      21       0  -6.185202800000000e+07   1.348e+10   1.000e+00
     10   28462.174      22       0  -6.186004000000000e+07   6.935e+09   1.000e+00
     11   29769.229      23       0  -6.186485600000000e+07   6.153e+09   1.000e+00
     12   31077.372      24       0  -6.187006000000000e+07   6.282e+09   1.000e+00
     13   32384.605      25       0  -6.187192400000000e+07   1.476e+10   1.000e+00
     14   33693.139      26       0  -6.187832400000000e+07   5.098e+09   1.000e+00
     15   35000.263      27       0  -6.188046400000000e+07   4.013e+09   1.000e+00
     16   36308.355      28       0  -6.188301600000000e+07   4.729e+09   1.000e+00
     17   37616.492      29       0  -6.188698800000000e+07   7.486e+09   1.000e+00
     18   38924.170      30       0  -6.189035600000000e+07   6.635e+09   1.000e+00
     19   40233.192      31       0  -6.189288800000000e+07   3.792e+09   1.000e+00
     20   41540.672      32       0  -6.189554800000000e+07   4.100e+09   1.000e+00
     21   42848.477      33       0  -6.189752000000000e+07   5.290e+09   1.000e+00
     22   44156.917      34       0  -6.189993600000000e+07   3.754e+09   1.000e+00
     23   45464.962      35       0  -6.190204400000000e+07   3.766e+09   1.000e+00
     24   46773.249      36       0  -6.190389200000000e+07   5.223e+09   1.000e+00
     25   48081.233      37       0  -6.190559600000000e+07   3.569e+09   1.000e+00
     26   49388.524      38       0  -6.190719200000000e+07   3.340e+09   1.000e+00
     27   50698.101      39       0  -6.190882400000000e+07   4.187e+09   1.000e+00
     28   52011.178      40       0  -6.191003200000000e+07   6.256e+09   1.000e+00
     29   53322.201      41       0  -6.191155200000000e+07   3.054e+09   1.000e+00
     30   54634.290      42       0  -6.191265200000000e+07   2.812e+09   1.000e+00
     31   55941.772      43       0  -6.191376400000000e+07   3.126e+09   1.000e+00
     32   57249.679      44       0  -6.191466800000000e+07   7.400e+09   1.000e+00
     33   58558.377      45       0  -6.191638800000000e+07   2.801e+09   1.000e+00
     34   59865.915      46       0  -6.191726400000000e+07   2.546e+09   1.000e+00
     35   61174.966      47       0  -6.191828400000000e+07   2.969e+09   1.000e+00
     36   62482.772      48       0  -6.191959200000000e+07   5.605e+09   1.000e+00
     37   63794.178      49       0  -6.192095200000000e+07   3.022e+09   1.000e+00
     38   65102.230      50       0  -6.192171600000000e+07   2.286e+09   1.000e+00
     39   66409.433      51       0  -6.192287600000000e+07   2.532e+09   1.000e+00
     40   67717.186      52       0  -6.192364400000000e+07   5.233e+09   1.000e+00
     41   69024.954      53       0  -6.192469200000000e+07   2.853e+09   1.000e+00
     42   70333.575      54       0  -6.192563600000000e+07   2.283e+09   1.000e+00
     43   71642.151      55       0  -6.192637200000000e+07   2.552e+09   1.000e+00
     44   72951.068      56       0  -6.192721200000000e+07   5.820e+09   1.000e+00
     45   74259.676      57       0  -6.192836000000000e+07   2.536e+09   1.000e+00
     46   75568.193      58       0  -6.192888800000000e+07   1.980e+09   1.000e+00
     47   76876.761      59       0  -6.192959200000000e+07   2.323e+09   1.000e+00
     48   78184.398      60       0  -6.193024400000000e+07   4.746e+09   1.000e+00
     49   79492.598      61       0  -6.193109200000000e+07   2.472e+09   1.000e+00
     50   80802.143      62       0  -6.193178000000000e+07   1.946e+09   1.000e+00
     51   82112.400      63       0  -6.193233200000000e+07   2.106e+09   1.000e+00
     52   83421.288      64       0  -6.193277200000000e+07   5.086e+09   1.000e+00
     53   84729.710      65       0  -6.193354400000000e+07   1.952e+09   1.000e+00
     54   86038.864      66       0  -6.193391200000000e+07   1.595e+09   1.000e+00
     55   87346.920      67       0  -6.193435200000000e+07   1.943e+09   1.000e+00
     56   88655.427      68       0  -6.193496800000000e+07   3.430e+09   1.000e+00
     57   89963.724      69       0  -6.193555600000000e+07   2.208e+09   1.000e+00
     58   91272.038      70       0  -6.193589600000000e+07   1.457e+09   1.000e+00
     59   92584.886      71       0  -6.193631600000000e+07   1.680e+09   1.000e+00
     60   93893.567      72       0  -6.193660800000000e+07   2.436e+09   1.000e+00
     61   95201.639      73       0  -6.193696400000000e+07   1.623e+09   1.000e+00
     62   96510.912      74       0  -6.193746800000000e+07   1.472e+09   1.000e+00
     63   97819.487      75       0  -6.193776400000000e+07   2.387e+09   1.000e+00
     64   99128.191      76       0  -6.193811200000000e+07   1.552e+09   1.000e+00
     65  100436.863      77       0  -6.193844400000000e+07   1.498e+09   1.000e+00
     66  101754.480      78       0  -6.193870800000000e+07   1.840e+09   1.000e+00
     67  103089.869      79       0  -6.193898400000000e+07   1.483e+09   1.000e+00
     68  104423.606      80       0  -6.193940400000000e+07   2.024e+09   1.000e+00
     69  105775.459      81       0  -6.193968400000000e+07   2.139e+09   1.000e+00
     70  107125.930      82       0  -6.193990800000000e+07   1.437e+09   1.000e+00
     71  108467.785      83       0  -6.194025200000000e+07   1.242e+09   1.000e+00
     72  109811.605      84       0  -6.194048400000000e+07   1.976e+09   1.000e+00
     73  111153.560      85       0  -6.194076000000000e+07   1.592e+09   1.000e+00
     74  112498.766      86       0  -6.194106800000000e+07   2.444e+09   1.000e+00
     75  113853.188      87       0  -6.194135600000000e+07   1.378e+09   1.000e+00
     76  115183.416      88       0  -6.194156000000000e+07   1.392e+09   1.000e+00
     77  116515.781      89       0  -6.194192800000000e+07   1.721e+09   1.000e+00
     78  117866.796      90       0  -6.194194800000000e+07   4.387e+09   1.000e+00
     79  119212.820      91       0  -6.194242400000000e+07   1.531e+09   1.000e+00
     80  120551.969      92       0  -6.194262000000000e+07   1.069e+09   1.000e+00
     81  121903.299      93       0  -6.194288000000000e+07   1.387e+09   1.000e+00
     82  123258.743      94       0  -6.194317600000000e+07   1.807e+09   1.000e+00
     83  124615.376      95       0  -6.194347200000000e+07   2.258e+09   1.000e+00
     84  125967.373      96       0  -6.194374800000000e+07   1.180e+09   1.000e+00
     85  127322.570      97       0  -6.194400400000000e+07   1.480e+09   1.000e+00
     86  128679.490      98       0  -6.194428000000000e+07   1.660e+09   1.000e+00
     87  130034.531      99       0  -6.194454800000000e+07   2.856e+09   1.000e+00
     88  131391.052     100       0  -6.194486800000000e+07   1.305e+09   1.000e+00
     89  132746.025     101       0  -6.194512000000000e+07   1.346e+09   1.000e+00
     90  134102.529     102       0  -6.194535600000000e+07   1.445e+09   1.000e+00
     91  135457.477     103       0  -6.194548400000000e+07   3.921e+09   1.000e+00
     92  136812.132     104       0  -6.194589200000000e+07   1.267e+09   1.000e+00
     93  138166.603     105       0  -6.194604800000000e+07   1.125e+09   1.000e+00
     94  139522.605     106       0  -6.194626800000000e+07   1.398e+09   1.000e+00
     95  140878.655     107       0  -6.194660800000000e+07   2.179e+09   1.000e+00
     96  142240.271     108       0  -6.194690400000000e+07   2.220e+09   1.000e+00
     97  143595.972     109       0  -6.194715600000000e+07   1.150e+09   1.000e+00
     98  144947.218     110       0  -6.194738400000000e+07   1.298e+09   1.000e+00
     99  146319.496     111       0  -6.194760400000000e+07   1.525e+09   1.000e+00
    100  147686.959     112       0  -6.194787600000000e+07   2.482e+09   1.000e+00
    101  149060.261     113       0  -6.194816400000000e+07   1.323e+09   1.000e+00
    102  150431.878     114       0  -6.194842400000000e+07   1.384e+09   1.000e+00
    103  151799.089     115       0  -6.194867600000000e+07   1.573e+09   1.000e+00
    104  153174.396     116       0  -6.194885200000000e+07   3.929e+09   1.000e+00
    105  154549.121     117       0  -6.194926400000000e+07   1.369e+09   1.000e+00
    106  155919.775     118       0  -6.194944400000000e+07   1.238e+09   1.000e+00
    107  157295.543     119       0  -6.194969200000000e+07   1.512e+09   1.000e+00
    108  158669.051     120       0  -6.195004800000000e+07   2.616e+09   1.000e+00
    109  160040.160     121       0  -6.195042800000000e+07   1.792e+09   1.000e+00
    110  161412.745     122       0  -6.195067200000000e+07   1.247e+09   1.000e+00
    111  162784.583     123       0  -6.195100800000000e+07   1.495e+09   1.000e+00
    112  164160.650     124       0  -6.195119600000000e+07   2.698e+09   1.000e+00
    113  165532.708     125       0  -6.195144800000000e+07   1.604e+09   1.000e+00
    114  166907.563     126       0  -6.195183200000000e+07   1.392e+09   1.000e+00
    115  168280.595     127       0  -6.195208400000000e+07   1.503e+09   1.000e+00
    116  169652.334     128       0  -6.195245200000000e+07   3.767e+09   1.000e+00
    117  171029.680     129       0  -6.195289200000000e+07   1.751e+09   1.000e+00
    118  172401.153     130       0  -6.195308000000000e+07   1.198e+09   1.000e+00
    119  173780.225     131       0  -6.195338800000000e+07   1.277e+09   1.000e+00
    120  175156.076     132       0  -6.195369600000000e+07   2.348e+09   1.000e+00
    121  176523.902     133       0  -6.195407200000000e+07   1.675e+09   1.000e+00
    122  177892.474     134       0  -6.195442400000000e+07   1.356e+09   1.000e+00
    123  179264.020     135       0  -6.195471200000000e+07   1.900e+09   1.000e+00
    124  180642.703     136       0  -6.195496000000000e+07   1.439e+09   1.000e+00
    125  182021.993     137       0  -6.195518400000000e+07   1.349e+09   1.000e+00
    126  183401.012     138       0  -6.195550000000000e+07   1.796e+09   1.000e+00
    127  184780.695     139       0  -6.195578400000000e+07   2.008e+09   1.000e+00
    128  186161.572     140       0  -6.195603600000000e+07   1.406e+09   1.000e+00
    129  187544.983     141       0  -6.195635600000000e+07   1.377e+09   1.000e+00
    130  188925.211     142       0  -6.195652800000000e+07   2.075e+09   1.000e+00
    131  190299.925     143       0  -6.195672800000000e+07   1.359e+09   1.000e+00
    132  191682.140     144       0  -6.195704400000000e+07   1.182e+09   1.000e+00
    133  193065.679     145       0  -6.195723200000000e+07   1.458e+09   1.000e+00
    134  194449.418     146       0  -6.195750000000000e+07   1.414e+09   1.000e+00
    135  195829.717     147       0  -6.195768800000000e+07   2.764e+09   1.000e+00
    136  197212.227     148       0  -6.195796800000000e+07   1.270e+09   1.000e+00
    137  198592.389     149       0  -6.195816000000000e+07   1.152e+09   1.000e+00
    138  199977.337     150       0  -6.195837600000000e+07   1.323e+09   1.000e+00
    139  201357.229     151       0  -6.195855200000000e+07   3.381e+09   1.000e+00
    140  202737.830     152       0  -6.195890000000000e+07   1.326e+09   1.000e+00
    141  204121.470     153       0  -6.195908400000000e+07   1.103e+09   1.000e+00
    142  205502.380     154       0  -6.195928800000000e+07   1.233e+09   1.000e+00
    143  206885.416     155       0  -6.195958800000000e+07   2.273e+09   1.000e+00
    144  208268.898     156       0  -6.195986400000000e+07   1.431e+09   1.000e+00
    145  209649.556     157       0  -6.196002800000000e+07   9.870e+08   1.000e+00
    146  211031.857     158       0  -6.196026000000000e+07   1.188e+09   1.000e+00
    147  212408.931     159       0  -6.196042000000000e+07   2.276e+09   1.000e+00
    148  213791.370     160       0  -6.196064400000000e+07   1.302e+09   1.000e+00
    149  215169.790     161       0  -6.196088800000000e+07   1.083e+09   1.000e+00
    150  216550.717     162       0  -6.196104800000000e+07   1.238e+09   1.000e+00
    151  217933.862     163       0  -6.196122400000000e+07   2.418e+09   1.000e+00
    152  219317.329     164       0  -6.196144400000000e+07   1.038e+09   1.000e+00
    153  220696.744     165       0  -6.196155600000000e+07   1.035e+09   1.000e+00
    154  222081.393     166       0  -6.196174400000000e+07   1.220e+09   1.000e+00
    155  223460.333     167       0  -6.196180400000000e+07   3.718e+09   1.000e+00
    156  224844.712     168       0  -6.196211600000000e+07   1.345e+09   1.000e+00
    157  226224.482     169       0  -6.196224800000000e+07   8.739e+08   1.000e+00
    158  227609.133     170       0  -6.196238000000000e+07   1.056e+09   1.000e+00
    159  228988.700     171       0  -6.196258800000000e+07   1.194e+09   1.000e+00
    160  231665.445     173       0  -6.196273600000000e+07   1.762e+09   4.965e-01
    161  232990.674     174       0  -6.196290800000000e+07   8.910e+08   1.000e+00
    162  234311.483     175       0  -6.196304400000000e+07   9.687e+08   1.000e+00
    163  235631.175     176       0  -6.196324400000000e+07   1.446e+09   1.000e+00
    164  236951.474     177       0  -6.196341200000000e+07   2.286e+09   1.000e+00
    165  238271.713     178       0  -6.196360800000000e+07   1.193e+09   1.000e+00
    166  239591.818     179       0  -6.196380800000000e+07   1.050e+09   1.000e+00
    167  240911.380     180       0  -6.196393600000000e+07   1.121e+09   1.000e+00
    168  242233.607     181       0  -6.196399600000000e+07   3.575e+09   1.000e+00
    169  243560.974     182       0  -6.196430400000000e+07   1.037e+09   1.000e+00
    170  244884.093     183       0  -6.196438800000000e+07   8.414e+08   1.000e+00
    171  246204.851     184       0  -6.196451600000000e+07   1.019e+09   1.000e+00
    172  247526.265     185       0  -6.196472000000000e+07   1.408e+09   1.000e+00
    173  248847.381     186       0  -6.196482800000000e+07   2.643e+09   1.000e+00
    174  250168.657     187       0  -6.196504800000000e+07   9.655e+08   1.000e+00
    175  251488.532     188       0  -6.196514400000000e+07   9.036e+08   1.000e+00
    176  252808.928     189       0  -6.196528400000000e+07   1.081e+09   1.000e+00
    177  254129.823     190       0  -6.196536800000000e+07   3.105e+09   1.000e+00
    178  255452.204     191       0  -6.196558400000000e+07   1.245e+09   1.000e+00
    179  256775.378     192       0  -6.196569200000000e+07   8.554e+08   1.000e+00
    180  258098.683     193       0  -6.196580000000000e+07   1.055e+09   1.000e+00
    181  259419.388     194       0  -6.196598000000000e+07   1.195e+09   1.000e+00
    182  260742.623     195       0  -6.196611200000000e+07   2.882e+09   1.000e+00
    183  262066.254     196       0  -6.196637200000000e+07   1.050e+09   1.000e+00
    184  263389.083     197       0  -6.196649200000000e+07   8.153e+08   1.000e+00
    185  264714.742     198       0  -6.196664800000000e+07   1.071e+09   1.000e+00
    186  266039.870     199       0  -6.196679200000000e+07   2.647e+09   1.000e+00
    187  267363.101     200       0  -6.196699200000000e+07   1.324e+09   1.000e+00
    188  268684.976     201       0  -6.196715200000000e+07   8.874e+08   1.000e+00
    189  270009.468     202       0  -6.196726000000000e+07   1.010e+09   1.000e+00
    190  271334.446     203       0  -6.196747200000000e+07   1.759e+09   1.000e+00
    191  272656.813     204       0  -6.196762400000000e+07   1.899e+09   1.000e+00
    192  273976.356     205       0  -6.196776400000000e+07   9.388e+08   1.000e+00
    193  275299.362     206       0  -6.196790000000000e+07   9.566e+08   1.000e+00
    194  276623.303     207       0  -6.196801600000000e+07   1.065e+09   1.000e+00
    195  277944.132     208       0  -6.196811200000000e+07   2.885e+09   1.000e+00
    196  279268.227     209       0  -6.196832400000000e+07   9.700e+08   1.000e+00
    197  280590.751     210       0  -6.196841200000000e+07   8.003e+08   1.000e+00
    198  281914.222     211       0  -6.196850800000000e+07   9.377e+08   1.000e+00
    199  283239.271     212       0  -6.196868000000000e+07   1.576e+09   1.000e+00
    200  284562.915     213       0  -6.196885600000000e+07   1.468e+09   1.000e+00
    201  285883.943     214       0  -6.196899200000000e+07   8.628e+08   1.000e+00
    202  287207.876     215       0  -6.196913600000000e+07   9.656e+08   1.000e+00
    203  288529.029     216       0  -6.196925200000000e+07   1.274e+09   1.000e+00
    204  289854.175     217       0  -6.196941200000000e+07   1.052e+09   1.000e+00
    205  291174.947     218       0  -6.196954800000000e+07   9.441e+08   1.000e+00
    206  292499.609     219       0  -6.196970000000000e+07   1.575e+09   1.000e+00
    207  293827.923     220       0  -6.196984400000000e+07   1.188e+09   1.000e+00
    208  295151.819     221       0  -6.196996000000000e+07   1.043e+09   1.000e+00
    209  296472.899     222       0  -6.197015200000000e+07   1.335e+09   1.000e+00
    210  299092.887     224       0  -6.197025200000000e+07   1.327e+09   4.730e-01
    211  300413.627     225       0  -6.197034400000000e+07   9.494e+08   1.000e+00
    212  301734.680     226       0  -6.197048800000000e+07   8.363e+08   1.000e+00
    213  303055.189     227       0  -6.197056400000000e+07   1.174e+09   1.000e+00
    214  304374.811     228       0  -6.197066400000000e+07   9.476e+08   1.000e+00
    215  305695.355     229       0  -6.197086400000000e+07   1.146e+09   1.000e+00
    216  307014.879     230       0  -6.197097600000000e+07   1.805e+09   1.000e+00
    217  308338.024     231       0  -6.197111200000000e+07   9.662e+08   1.000e+00
    218  309658.365     232       0  -6.197123200000000e+07   8.504e+08   1.000e+00
    219  310978.159     233       0  -6.197134400000000e+07   1.054e+09   1.000e+00
    220  312298.390     234       0  -6.197147600000000e+07   1.784e+09   1.000e+00
    221  313618.388     235       0  -6.197161200000000e+07   8.288e+08   1.000e+00
    222  314939.373     236       0  -6.197169200000000e+07   8.855e+08   1.000e+00
    223  316259.239     237       0  -6.197181200000000e+07   9.774e+08   1.000e+00
    224  317579.216     238       0  -6.197184400000000e+07   3.003e+09   1.000e+00
    225  318898.918     239       0  -6.197207200000000e+07   9.617e+08   1.000e+00
    226  320219.337     240       0  -6.197213600000000e+07   6.652e+08   1.000e+00
    227  321540.005     241       0  -6.197222000000000e+07   7.938e+08   1.000e+00
    228  322863.918     242       0  -6.197234400000000e+07   1.223e+09   1.000e+00
    229  324183.929     243       0  -6.197246400000000e+07   1.082e+09   1.000e+00
    230  325504.568     244       0  -6.197257200000000e+07   7.759e+08   1.000e+00
    231  326824.688     245       0  -6.197270800000000e+07   9.476e+08   1.000e+00
    232  328144.664     246       0  -6.197278400000000e+07   1.619e+09   1.000e+00
    233  329464.477     247       0  -6.197290000000000e+07   8.832e+08   1.000e+00
    234  330784.459     248       0  -6.197302400000000e+07   8.638e+08   1.000e+00
    235  332105.359     249       0  -6.197312000000000e+07   9.143e+08   1.000e+00
    236  333425.277     250       0  -6.197317200000000e+07   2.667e+09   1.000e+00
    237  334744.868     251       0  -6.197334800000000e+07   8.651e+08   1.000e+00
    238  336065.391     252       0  -6.197340800000000e+07   6.717e+08   1.000e+00
    239  337385.397     253       0  -6.197350000000000e+07   8.524e+08   1.000e+00
    240  338705.573     254       0  -6.197363200000000e+07   1.385e+09   1.000e+00
    241  340026.044     255       0  -6.197377600000000e+07   1.314e+09   1.000e+00
    242  341347.119     256       0  -6.197387200000000e+07   7.677e+08   1.000e+00
    243  342667.483     257       0  -6.197398000000000e+07   8.438e+08   1.000e+00
    244  343988.084     258       0  -6.197406400000000e+07   1.070e+09   1.000e+00
    245  345307.209     259       0  -6.197418400000000e+07   1.015e+09   1.000e+00
    246  346626.825     260       0  -6.197428800000000e+07   8.045e+08   1.000e+00
    247  347947.258     261       0  -6.197441600000000e+07   1.384e+09   1.000e+00
    248  349268.001     262       0  -6.197451200000000e+07   1.034e+09   1.000e+00
    249  350588.324     263       0  -6.197458800000000e+07   8.148e+08   1.000e+00
    250  351915.143     264       0  -6.197472400000000e+07   9.045e+08   1.000e+00
    251  353239.168     265       0  -6.197475600000000e+07   2.368e+09   1.000e+00
    252  354559.933     266       0  -6.197487200000000e+07   1.030e+09   1.000e+00
    253  355880.136     267       0  -6.197494400000000e+07   6.041e+08   1.000e+00
    254  357200.562     268       0  -6.197501600000000e+07   8.307e+08   1.000e+00
    255  358520.509     269       0  -6.197510400000000e+07   1.010e+09   1.000e+00
    256  359840.345     270       0  -6.197520000000000e+07   2.281e+09   1.000e+00
    257  361161.608     271       0  -6.197536000000000e+07   8.947e+08   1.000e+00
    258  362490.321     272       0  -6.197542800000000e+07   7.159e+08   1.000e+00
    259  363822.418     273       0  -6.197552800000000e+07   7.917e+08   1.000e+00
    260  365152.866     274       0  -6.197553600000000e+07   3.083e+09   1.000e+00
    261  366484.410     275       0  -6.197571200000000e+07   1.009e+09   1.000e+00
    262  367814.476     276       0  -6.197577200000000e+07   5.564e+08   1.000e+00
    263  369140.348     277       0  -6.197583600000000e+07   7.891e+08   1.000e+00
    264  370469.165     278       0  -6.197592400000000e+07   9.475e+08   1.000e+00
    265  371799.286     279       0  -6.197604400000000e+07   2.019e+09   1.000e+00
    266  373137.730     280       0  -6.197618000000000e+07   8.723e+08   1.000e+00
    267  374472.248     281       0  -6.197624800000000e+07   6.351e+08   1.000e+00
    268  375807.691     282       0  -6.197632400000000e+07   7.171e+08   1.000e+00
    269  377146.082     283       0  -6.197636800000000e+07   2.155e+09   1.000e+00
    270  378485.386     284       0  -6.197647600000000e+07   9.422e+08   1.000e+00
    271  379822.304     285       0  -6.197655600000000e+07   6.354e+08   1.000e+00
    272  381162.095     286       0  -6.197662000000000e+07   7.962e+08   1.000e+00
    273  382502.281     287       0  -6.197672400000000e+07   1.180e+09   1.000e+00
    274  383845.367     288       0  -6.197680400000000e+07   1.381e+09   1.000e+00
    275  385181.344     289       0  -6.197689200000000e+07   6.751e+08   1.000e+00
    276  386517.469     290       0  -6.197695200000000e+07   7.068e+08   1.000e+00
    277  387853.185     291       0  -6.197702000000000e+07   8.396e+08   1.000e+00
    278  389188.665     292       0  -6.197707600000000e+07   2.071e+09   1.000e+00
    279  390525.431     293       0  -6.197719200000000e+07   7.618e+08   1.000e+00
    280  391860.641     294       0  -6.197724400000000e+07   6.420e+08   1.000e+00
    281  393196.400     295       0  -6.197730800000000e+07   7.759e+08   1.000e+00
    282  394527.746     296       0  -6.197740800000000e+07   1.347e+09   1.000e+00
    283  395865.432     297       0  -6.197750400000000e+07   1.061e+09   1.000e+00
    284  397203.830     298       0  -6.197759200000000e+07   6.418e+08   1.000e+00
    285  398539.569     299       0  -6.197766800000000e+07   7.641e+08   1.000e+00
    286  399878.120     300       0  -6.197773200000000e+07   1.104e+09   1.000e+00
    287  401217.154     301       0  -6.197781600000000e+07   7.476e+08   1.000e+00
    288  402557.393     302       0  -6.197791200000000e+07   7.154e+08   1.000e+00
    289  403896.736     303       0  -6.197797200000000e+07   1.549e+09   1.000e+00
    290  405236.193     304       0  -6.197806400000000e+07   7.825e+08   1.000e+00
    291  406574.733     305       0  -6.197812400000000e+07   6.684e+08   1.000e+00
    292  407919.530     306       0  -6.197819600000000e+07   7.850e+08   1.000e+00
    293  409266.235     307       0  -6.197825600000000e+07   2.047e+09   1.000e+00
    294  410614.314     308       0  -6.197835600000000e+07   8.068e+08   1.000e+00
    295  411967.873     309       0  -6.197841600000000e+07   5.801e+08   1.000e+00
    296  413314.057     310       0  -6.197846800000000e+07   7.123e+08   1.000e+00
    297  414665.347     311       0  -6.197857200000000e+07   8.907e+08   1.000e+00
    298  417305.504     313       0  -6.197864000000000e+07   1.355e+09   5.000e-01
    299  418632.088     314       0  -6.197873600000000e+07   7.058e+08   1.000e+00
    300  419959.806     315       0  -6.197879600000000e+07   6.061e+08   1.000e+00
    301  421287.162     316       0  -6.197887200000000e+07   7.843e+08   1.000e+00
    302  422618.878     317       0  -6.197892400000000e+07   1.719e+09   1.000e+00
    303  423947.117     318       0  -6.197900000000000e+07   7.672e+08   1.000e+00
    304  425275.827     319       0  -6.197906400000000e+07   6.117e+08   1.000e+00
    305  426603.563     320       0  -6.197912000000000e+07   7.388e+08   1.000e+00
    306  427931.136     321       0  -6.197922000000000e+07   1.341e+09   1.000e+00
    307  429259.351     322       0  -6.197931200000000e+07   1.136e+09   1.000e+00
    308  430588.362     323       0  -6.197938800000000e+07   6.415e+08   1.000e+00
    309  431923.529     324       0  -6.197945200000000e+07   6.686e+08   1.000e+00
    310  433261.057     325       0  -6.197950800000000e+07   8.421e+08   1.000e+00
    311  434596.333     326       0  -6.197959200000000e+07   7.496e+08   1.000e+00
    312  435932.124     327       0  -6.197967200000000e+07   7.623e+08   1.000e+00
    313  437268.437     328       0  -6.197974400000000e+07   7.526e+08   1.000e+00
    314  438609.744     329       0  -6.197980800000000e+07   8.706e+08   1.000e+00
    315  439949.287     330       0  -6.197988800000000e+07   6.629e+08   1.000e+00
    316  441290.643     331       0  -6.197995200000000e+07   8.457e+08   1.000e+00
    317  442630.085     332       0  -6.198002000000000e+07   9.623e+08   1.000e+00
    318  443969.147     333       0  -6.198007600000000e+07   6.479e+08   1.000e+00
    319  445309.139     334       0  -6.198014000000000e+07   6.035e+08   1.000e+00
    320  446650.151     335       0  -6.198017600000000e+07   1.114e+09   1.000e+00
    321  447989.760     336       0  -6.198022800000000e+07   6.383e+08   1.000e+00
    322  449329.252     337       0  -6.198028800000000e+07   5.656e+08   1.000e+00
    323  450669.742     338       0  -6.198033600000000e+07   7.287e+08   1.000e+00
    324  452009.498     339       0  -6.198040000000000e+07   8.407e+08   1.000e+00
    325  453349.097     340       0  -6.198046400000000e+07   9.259e+08   1.000e+00
    326  454689.851     341       0  -6.198053200000000e+07   7.194e+08   1.000e+00
    327  456029.934     342       0  -6.198060800000000e+07   7.070e+08   1.000e+00
    328  457371.150     343       0  -6.198066800000000e+07   1.052e+09   1.000e+00
    329  458708.929     344       0  -6.198072400000000e+07   7.179e+08   1.000e+00
    330  460044.163     345       0  -6.198080800000000e+07   7.198e+08   1.000e+00
    331  461386.054     346       0  -6.198084400000000e+07   1.082e+09   1.000e+00
    332  462738.269     347       0  -6.198089200000000e+07   6.915e+08   1.000e+00
    333  464087.004     348       0  -6.198096000000000e+07   5.704e+08   1.000e+00
    334  465435.262     349       0  -6.198101200000000e+07   6.751e+08   1.000e+00
    335  466784.400     350       0  -6.198107200000000e+07   1.081e+09   1.000e+00
    336  468129.419     351       0  -6.198113200000000e+07   8.162e+08   1.000e+00
    337  469478.506     352       0  -6.198118400000000e+07   6.552e+08   1.000e+00
    338  470827.332     353       0  -6.198124800000000e+07   6.233e+08   1.000e+00
    339  472177.063     354       0  -6.198130400000000e+07   1.158e+09   1.000e+00
    340  473521.790     355       0  -6.198137600000000e+07   7.480e+08   1.000e+00
    341  474871.938     356       0  -6.198144000000000e+07   5.811e+08   1.000e+00
    342  476218.816     357       0  -6.198148000000000e+07   7.287e+08   1.000e+00
    343  477566.816     358       0  -6.198153600000000e+07   6.412e+08   1.000e+00
    344  478914.549     359       0  -6.198159600000000e+07   7.177e+08   1.000e+00
    345  480262.416     360       0  -6.198165600000000e+07   7.058e+08   1.000e+00
    346  481610.304     361       0  -6.198170800000000e+07   6.971e+08   1.000e+00
    347  482959.212     362       0  -6.198178000000000e+07   9.513e+08   1.000e+00
    348  484306.630     363       0  -6.198184800000000e+07   6.867e+08   1.000e+00
    349  485654.307     364       0  -6.198190000000000e+07   6.275e+08   1.000e+00
    350  487002.527     365       0  -6.198194400000000e+07   8.383e+08   1.000e+00
    351  488356.036     366       0  -6.198199200000000e+07   6.919e+08   1.000e+00
    352  489690.770     367       0  -6.198204800000000e+07   6.169e+08   1.000e+00
    353  491026.485     368       0  -6.198211600000000e+07   7.911e+08   1.000e+00
    354  492363.142     369       0  -6.198214400000000e+07   1.277e+09   1.000e+00
    355  493698.896     370       0  -6.198219600000000e+07   6.163e+08   1.000e+00
    356  495033.117     371       0  -6.198225200000000e+07   5.498e+08   1.000e+00
    357  496371.183     372       0  -6.198230000000000e+07   6.649e+08   1.000e+00
    358  497716.236     373       0  -6.198235200000000e+07   1.373e+09   1.000e+00
    359  499059.904     374       0  -6.198242400000000e+07   7.194e+08   1.000e+00
    360  500403.757     375       0  -6.198246800000000e+07   5.993e+08   1.000e+00
    361  501751.187     376       0  -6.198254000000000e+07   6.556e+08   1.000e+00
    362  503100.442     377       0  -6.198256000000000e+07   1.670e+09   1.000e+00
    363  504452.602     378       0  -6.198263600000000e+07   6.887e+08   1.000e+00
    364  505801.300     379       0  -6.198267200000000e+07   5.364e+08   1.000e+00
    365  507172.342     380       0  -6.198271600000000e+07   6.655e+08   1.000e+00
    366  508547.325     381       0  -6.198277600000000e+07   1.069e+09   1.000e+00
    367  509910.751     382       0  -6.198284400000000e+07   7.519e+08   1.000e+00
    368  511277.945     383       0  -6.198290000000000e+07   5.309e+08   1.000e+00
    369  512635.527     384       0  -6.198296400000000e+07   6.324e+08   1.000e+00
    370  513988.219     385       0  -6.198298800000000e+07   1.385e+09   1.000e+00
    371  515341.129     386       0  -6.198304800000000e+07   6.939e+08   1.000e+00
    372  516703.900     387       0  -6.198309200000000e+07   5.442e+08   1.000e+00
    373  518052.337     388       0  -6.198314000000000e+07   6.469e+08   1.000e+00
    374  519400.686     389       0  -6.198322400000000e+07   9.177e+08   1.000e+00
    375  520758.677     390       0  -6.198322800000000e+07   1.861e+09   1.000e+00
    376  522118.985     391       0  -6.198331600000000e+07   5.796e+08   1.000e+00
    377  523476.916     392       0  -6.198334800000000e+07   4.764e+08   1.000e+00
    378  524833.812     393       0  -6.198339600000000e+07   6.719e+08   1.000e+00
    379  526192.920     394       0  -6.198347600000000e+07   8.950e+08   1.000e+00
    380  528845.292     396       0  -6.198352000000000e+07   1.135e+09   5.000e-01
    381  530168.023     397       0  -6.198360000000000e+07   6.361e+08   1.000e+00
    382  531493.923     398       0  -6.198365200000000e+07   5.324e+08   1.000e+00
    383  532830.747     399       0  -6.198370400000000e+07   9.564e+08   1.000e+00
    384  534164.523     400       0  -6.198374800000000e+07   6.092e+08   1.000e+00
    385  535499.059     401       0  -6.198379200000000e+07   5.999e+08   1.000e+00
    386  536826.584     402       0  -6.198386000000000e+07   7.588e+08   1.000e+00
    387  538154.536     403       0  -6.198389200000000e+07   1.642e+09   1.000e+00
    388  539484.721     404       0  -6.198396000000000e+07   6.632e+08   1.000e+00
    389  540813.246     405       0  -6.198400800000000e+07   4.733e+08   1.000e+00
    390  542145.420     406       0  -6.198404400000000e+07   6.003e+08   1.000e+00
    391  543473.408     407       0  -6.198409600000000e+07   1.159e+09   1.000e+00
    392  544801.444     408       0  -6.198416800000000e+07   6.669e+08   1.000e+00
    393  546130.090     409       0  -6.198421600000000e+07   5.122e+08   1.000e+00
    394  547458.357     410       0  -6.198427600000000e+07   6.097e+08   1.000e+00
    395  548788.549     411       0  -6.198430000000000e+07   1.666e+09   1.000e+00
    396  550118.633     412       0  -6.198437200000000e+07   6.779e+08   1.000e+00
    397  551446.461     413       0  -6.198440800000000e+07   4.934e+08   1.000e+00
    398  552773.757     414       0  -6.198445200000000e+07   6.218e+08   1.000e+00
    399  554102.544     415       0  -6.198452000000000e+07   8.239e+08   1.000e+00
    400  555432.860     416       0  -6.198454800000000e+07   1.635e+09   1.000e+00
    401  556761.536     417       0  -6.198462400000000e+07   5.262e+08   1.000e+00
    402  558089.684     418       0  -6.198464800000000e+07   4.849e+08   1.000e+00
    403  559419.484     419       0  -6.198469600000000e+07   6.166e+08   1.000e+00
    404  560750.741     420       0  -6.198473600000000e+07   1.478e+09   1.000e+00
    405  562083.640     421       0  -6.198480400000000e+07   6.816e+08   1.000e+00
    406  563415.120     422       0  -6.198484800000000e+07   5.074e+08   1.000e+00
    407  564746.259     423       0  -6.198488000000000e+07   5.958e+08   1.000e+00
    408  566077.412     424       0  -6.198494400000000e+07   9.108e+08   1.000e+00
    409  567405.432     425       0  -6.198500000000000e+07   8.843e+08   1.000e+00
    410  568734.937     426       0  -6.198503600000000e+07   4.780e+08   1.000e+00
    411  570065.222     427       0  -6.198508000000000e+07   5.838e+08   1.000e+00
    412  571396.692     428       0  -6.198512400000000e+07   7.111e+08   1.000e+00
    413  572729.802     429       0  -6.198518000000000e+07   1.106e+09   1.000e+00
    414  574062.388     430       0  -6.198523600000000e+07   5.601e+08   1.000e+00
    415  575394.360     431       0  -6.198527200000000e+07   5.340e+08   1.000e+00
    416  576722.650     432       0  -6.198530800000000e+07   6.103e+08   1.000e+00
    417  578051.547     433       0  -6.198535200000000e+07   1.166e+09   1.000e+00
    418  579377.572     434       0  -6.198540400000000e+07   5.358e+08   1.000e+00
    419  580709.064     435       0  -6.198542800000000e+07   5.686e+08   1.000e+00
    420  582041.480     436       0  -6.198548000000000e+07   6.489e+08   1.000e+00
    421  583371.163     437       0  -6.198550400000000e+07   1.645e+09   1.000e+00
    422  584703.181     438       0  -6.198557200000000e+07   6.041e+08   1.000e+00
    423  586033.898     439       0  -6.198559600000000e+07   4.683e+08   1.000e+00
    424  587365.017     440       0  -6.198563600000000e+07   5.615e+08   1.000e+00
    425  588696.444     441       0  -6.198569600000000e+07   8.298e+08   1.000e+00
    426  590028.221     442       0  -6.198574000000000e+07   1.032e+09   1.000e+00
    427  591359.722     443       0  -6.198578000000000e+07   4.672e+08   1.000e+00
    428  592691.201     444       0  -6.198581600000000e+07   5.238e+08   1.000e+00
    429  594023.166     445       0  -6.198584800000000e+07   6.029e+08   1.000e+00
    430  595354.596     446       0  -6.198587600000000e+07   1.398e+09   1.000e+00
    431  596682.143     447       0  -6.198594000000000e+07   6.011e+08   1.000e+00
    432  598014.529     448       0  -6.198596800000000e+07   4.905e+08   1.000e+00
    433  599344.840     449       0  -6.198600000000000e+07   5.692e+08   1.000e+00
    434  600677.168     450       0  -6.198605600000000e+07   7.535e+08   1.000e+00
    435  602010.282     451       0  -6.198607600000000e+07   1.373e+09   1.000e+00
    436  603355.931     452       0  -6.198612400000000e+07   4.817e+08   1.000e+00
    437  604695.230     453       0  -6.198614400000000e+07   4.378e+08   1.000e+00
    438  606036.017     454       0  -6.198618400000000e+07   5.625e+08   1.000e+00
    439  607373.786     455       0  -6.198622400000000e+07   9.897e+08   1.000e+00
    440  608706.066     456       0  -6.198628000000000e+07   6.689e+08   1.000e+00
    441  610042.124     457       0  -6.198630400000000e+07   4.701e+08   1.000e+00
    442  611373.998     458       0  -6.198636000000000e+07   5.127e+08   1.000e+00
    443  612721.315     459       0  -6.198636400000000e+07   1.340e+09   1.000e+00
    444  614069.894     460       0  -6.198640800000000e+07   5.980e+08   1.000e+00
    445  615419.302     461       0  -6.198644000000000e+07   4.201e+08   1.000e+00
    446  616769.242     462       0  -6.198648000000000e+07   5.701e+08   1.000e+00
    447  618118.115     463       0  -6.198652800000000e+07   6.933e+08   1.000e+00
    448  620762.892     465       0  -6.198655600000000e+07   1.012e+09   4.201e-01
    449  622088.195     466       0  -6.198660400000000e+07   5.380e+08   1.000e+00
    450  623410.801     467       0  -6.198664000000000e+07   4.115e+08   1.000e+00
    451  624735.930     468       0  -6.198668400000000e+07   5.322e+08   1.000e+00
    452  626059.769     469       0  -6.198670400000000e+07   1.332e+09   1.000e+00
    453  627382.824     470       0  -6.198675600000000e+07   6.782e+08   1.000e+00
    454  628711.219     471       0  -6.198680000000000e+07   4.744e+08   1.000e+00
    455  630038.395     472       0  -6.198683200000000e+07   5.502e+08   1.000e+00
    456  631366.015     473       0  -6.198688400000000e+07   8.986e+08   1.000e+00
    457  632697.360     474       0  -6.198691200000000e+07   1.191e+09   1.000e+00
    458  634028.989     475       0  -6.198695600000000e+07   4.712e+08   1.000e+00
    459  635360.945     476       0  -6.198698000000000e+07   4.331e+08   1.000e+00
    460  636692.459     477       0  -6.198701200000000e+07   5.627e+08   1.000e+00
    461  638021.948     478       0  -6.198705600000000e+07   1.074e+09   1.000e+00
    462  639350.162     479       0  -6.198711600000000e+07   7.071e+08   1.000e+00
    463  640678.563     480       0  -6.198714000000000e+07   4.628e+08   1.000e+00
    464  642008.762     481       0  -6.198718800000000e+07   5.257e+08   1.000e+00
    465  643338.075     482       0  -6.198721200000000e+07   7.764e+08   1.000e+00
    466  644668.888     483       0  -6.198725600000000e+07   5.151e+08   1.000e+00
    467  645997.883     484       0  -6.198730800000000e+07   4.870e+08   1.000e+00
    468  647327.369     485       0  -6.198733200000000e+07   7.851e+08   1.000e+00
    469  648658.727     486       0  -6.198738000000000e+07   5.596e+08   1.000e+00
    470  649981.248     487       0  -6.198741600000000e+07   5.161e+08   1.000e+00
    471  651304.963     488       0  -6.198745200000000e+07   5.742e+08   1.000e+00
    472  652628.614     489       0  -6.198748800000000e+07   4.998e+08   1.000e+00
    473  653951.862     490       0  -6.198753200000000e+07   5.574e+08   1.000e+00
    474  655274.149     491       0  -6.198756400000000e+07   6.637e+08   1.000e+00
    475  656597.073     492       0  -6.198759600000000e+07   5.643e+08   1.000e+00
    476  657920.192     493       0  -6.198763200000000e+07   4.704e+08   1.000e+00
    477  659251.363     494       0  -6.198766000000000e+07   6.064e+08   1.000e+00
    478  660582.840     495       0  -6.198769200000000e+07   4.817e+08   1.000e+00
    479  661914.192     496       0  -6.198772800000000e+07   4.510e+08   1.000e+00
    480  663243.243     497       0  -6.198776400000000e+07   7.156e+08   1.000e+00
    481  664572.812     498       0  -6.198779200000000e+07   6.304e+08   1.000e+00
    482  665901.935     499       0  -6.198782000000000e+07   4.438e+08   1.000e+00
    483  667233.285     500       0  -6.198785200000000e+07   4.574e+08   1.000e+00
    484  668563.142     501       0  -6.198786800000000e+07   1.018e+09   1.000e+00
    485  669895.258     502       0  -6.198789600000000e+07   5.018e+08   1.000e+00
    486  671227.131     503       0  -6.198792400000000e+07   3.890e+08   1.000e+00
    487  672558.581     504       0  -6.198794000000000e+07   4.413e+08   1.000e+00
    488  673890.630     505       0  -6.198798800000000e+07   6.230e+08   1.000e+00
    489  676514.650     507       0  -6.198801200000000e+07   6.513e+08   4.670e-01
    490  677839.058     508       0  -6.198803600000000e+07   3.937e+08   1.000e+00
    491  679162.516     509       0  -6.198807200000000e+07   4.478e+08   1.000e+00
    492  680485.930     510       0  -6.198810400000000e+07   6.738e+08   1.000e+00
    493  681813.604     511       0  -6.198814800000000e+07   5.779e+08   1.000e+00
    494  683138.303     512       0  -6.198818400000000e+07   4.692e+08   1.000e+00
    495  684461.469     513       0  -6.198821200000000e+07   7.193e+08   1.000e+00
    496  685784.332     514       0  -6.198824000000000e+07   4.799e+08   1.000e+00
    497  687106.285     515       0  -6.198826000000000e+07   4.587e+08   1.000e+00
    498  688428.776     516       0  -6.198830000000000e+07   6.997e+08   1.000e+00
    499  689751.527     517       0  -6.198832400000000e+07   9.707e+08   1.000e+00
    500  691075.303     518       0  -6.198835200000000e+07   4.736e+08   1.000e+00
    501  692399.059     519       0  -6.198838000000000e+07   3.769e+08   1.000e+00
    502  693727.062     520       0  -6.198839600000000e+07   4.272e+08   1.000e+00
    503  695049.358     521       0  -6.198841600000000e+07   1.161e+09   1.000e+00
    504  696371.780     522       0  -6.198845600000000e+07   4.437e+08   1.000e+00
    505  697693.876     523       0  -6.198848400000000e+07   4.151e+08   1.000e+00
    506  699017.500     524       0  -6.198851600000000e+07   5.659e+08   1.000e+00
    507  700340.586     525       0  -6.198856400000000e+07   8.320e+08   1.000e+00
    508  701664.226     526       0  -6.198860800000000e+07   1.019e+09   1.000e+00
    509  702988.365     527       0  -6.198864400000000e+07   4.643e+08   1.000e+00
    510  704312.293     528       0  -6.198867200000000e+07   4.721e+08   1.000e+00
    511  705635.570     529       0  -6.198870000000000e+07   5.345e+08   1.000e+00
    512  706958.245     530       0  -6.198871600000000e+07   1.263e+09   1.000e+00
    513  708280.803     531       0  -6.198876800000000e+07   5.272e+08   1.000e+00
    514  709608.969     532       0  -6.198879200000000e+07   4.323e+08   1.000e+00
    515  710932.620     533       0  -6.198881600000000e+07   5.053e+08   1.000e+00
    516  712259.108     534       0  -6.198886000000000e+07   7.581e+08   1.000e+00
    517  713583.054     535       0  -6.198888000000000e+07   1.080e+09   1.000e+00
    518  714910.395     536       0  -6.198891600000000e+07   4.342e+08   1.000e+00
    519  716234.351     537       0  -6.198893200000000e+07   4.191e+08   1.000e+00
    520  717559.284     538       0  -6.198896000000000e+07   5.335e+08   1.000e+00
    521  718884.105     539       0  -6.198900000000000e+07   1.145e+09   1.000e+00
    522  720210.162     540       0  -6.198904400000000e+07   6.333e+08   1.000e+00
    523  721538.968     541       0  -6.198907600000000e+07   4.555e+08   1.000e+00
    524  722875.331     542       0  -6.198910000000000e+07   5.170e+08   1.000e+00
    525  724206.575     543       0  -6.198914400000000e+07   5.960e+08   1.000e+00
    526  726833.139     545       0  -6.198917600000000e+07   8.912e+08   4.697e-01
    527  728160.296     546       0  -6.198921600000000e+07   5.162e+08   1.000e+00
    528  729482.752     547       0  -6.198924800000000e+07   4.665e+08   1.000e+00
    529  730805.155     548       0  -6.198929200000000e+07   5.537e+08   1.000e+00
    530  732127.637     549       0  -6.198930000000000e+07   1.520e+09   1.000e+00
    531  733450.263     550       0  -6.198936000000000e+07   4.897e+08   1.000e+00
    532  734773.502     551       0  -6.198938000000000e+07   3.875e+08   1.000e+00
    533  736097.027     552       0  -6.198941200000000e+07   4.722e+08   1.000e+00
    534  737420.695     553       0  -6.198945600000000e+07   7.741e+08   1.000e+00
    535  738742.980     554       0  -6.198948800000000e+07   7.655e+08   1.000e+00
    536  740066.276     555       0  -6.198951600000000e+07   4.019e+08   1.000e+00
    537  741389.345     556       0  -6.198953200000000e+07   4.321e+08   1.000e+00
    538  742715.427     557       0  -6.198956400000000e+07   5.179e+08   1.000e+00
    539  744038.541     558       0  -6.198958800000000e+07   1.027e+09   1.000e+00
    540  745370.004     559       0  -6.198962400000000e+07   4.826e+08   1.000e+00
    541  746698.359     560       0  -6.198965200000000e+07   4.376e+08   1.000e+00
    542  748029.417     561       0  -6.198968000000000e+07   4.781e+08   1.000e+00
    543  749357.969     562       0  -6.198969200000000e+07   1.585e+09   1.000e+00
    544  750689.747     563       0  -6.198973600000000e+07   5.040e+08   1.000e+00
    545  752019.584     564       0  -6.198976400000000e+07   3.656e+08   1.000e+00
    546  753350.121     565       0  -6.198979200000000e+07   4.814e+08   1.000e+00
    547  754681.770     566       0  -6.198982800000000e+07   5.675e+08   1.000e+00
    548  756010.788     567       0  -6.198984800000000e+07   1.520e+09   1.000e+00
    549  757345.348     568       0  -6.198990800000000e+07   4.275e+08   1.000e+00
    550  758675.476     569       0  -6.198992800000000e+07   3.512e+08   1.000e+00
    551  760006.279     570       0  -6.198995600000000e+07   4.158e+08   1.000e+00
    552  761330.676     571       0  -6.198998000000000e+07   1.105e+09   1.000e+00
    553  762653.566     572       0  -6.199001600000000e+07   5.819e+08   1.000e+00
    554  763976.698     573       0  -6.199004400000000e+07   4.055e+08   1.000e+00
    555  765300.368     574       0  -6.199006400000000e+07   4.653e+08   1.000e+00
    556  766624.216     575       0  -6.199009600000000e+07   6.968e+08   1.000e+00
    557  767946.672     576       0  -6.199012400000000e+07   8.502e+08   1.000e+00
    558  769269.486     577       0  -6.199014400000000e+07   4.341e+08   1.000e+00
    559  770593.745     578       0  -6.199017200000000e+07   3.923e+08   1.000e+00
    560  771920.857     579       0  -6.199019200000000e+07   4.281e+08   1.000e+00
    561  773246.914     580       0  -6.199021600000000e+07   1.018e+09   1.000e+00
    562  774569.848     581       0  -6.199025200000000e+07   4.278e+08   1.000e+00
    563  775892.563     582       0  -6.199026000000000e+07   3.795e+08   1.000e+00
    564  777215.362     583       0  -6.199029200000000e+07   4.364e+08   1.000e+00
    565  778537.660     584       0  -6.199030400000000e+07   1.100e+09   1.000e+00
    566  779860.157     585       0  -6.199033600000000e+07   4.908e+08   1.000e+00
    567  781183.162     586       0  -6.199035600000000e+07   3.587e+08   1.000e+00
    568  782506.858     587       0  -6.199037600000000e+07   4.175e+08   1.000e+00
    569  783829.441     588       0  -6.199041600000000e+07   5.309e+08   1.000e+00
    570  786446.221     590       0  -6.199043600000000e+07   7.202e+08   4.466e-01
    571  787769.237     591       0  -6.199046800000000e+07   4.022e+08   1.000e+00
    572  789093.216     592       0  -6.199049600000000e+07   3.890e+08   1.000e+00
    573  790416.115     593       0  -6.199052400000000e+07   6.366e+08   1.000e+00
    574  791740.024     594       0  -6.199055600000000e+07   8.017e+08   1.000e+00
    575  793063.110     595       0  -6.199058000000000e+07   4.660e+08   1.000e+00
    576  794385.754     596       0  -6.199061600000000e+07   4.241e+08   1.000e+00
    577  795708.940     597       0  -6.199063600000000e+07   4.741e+08   1.000e+00
    578  797031.649     598       0  -6.199066000000000e+07   1.032e+09   1.000e+00
    579  798354.695     599       0  -6.199070000000000e+07   4.067e+08   1.000e+00
    580  799678.266     600       0  -6.199071600000000e+07   3.561e+08   1.000e+00
    581  801007.422     601       0  -6.199073600000000e+07   4.016e+08   1.000e+00
    582  802337.543     602       0  -6.199075600000000e+07   9.894e+08   1.000e+00
    583  803670.244     603       0  -6.199078000000000e+07   5.017e+08   1.000e+00
    584  804999.213     604       0  -6.199080800000000e+07   3.547e+08   1.000e+00
    585  806331.199     605       0  -6.199082400000000e+07   4.012e+08   1.000e+00
    586  807661.954     606       0  -6.199084400000000e+07   1.070e+09   1.000e+00
    587  808993.959     607       0  -6.199086800000000e+07   3.938e+08   1.000e+00
    588  810321.922     608       0  -6.199088400000000e+07   3.146e+08   1.000e+00
    589  811653.057     609       0  -6.199090800000000e+07   4.174e+08   1.000e+00
    590  812976.875     610       0  -6.199092800000000e+07   5.512e+08   1.000e+00
    591  815593.993     612       0  -6.199094800000000e+07   8.547e+08   5.000e-01
    592  816917.632     613       0  -6.199098000000000e+07   4.475e+08   1.000e+00
    593  818241.525     614       0  -6.199100000000000e+07   3.443e+08   1.000e+00
    594  819565.487     615       0  -6.199102400000000e+07   4.347e+08   1.000e+00
    595  820888.411     616       0  -6.199104400000000e+07   6.970e+08   1.000e+00
    596  822211.212     617       0  -6.199108000000000e+07   4.342e+08   1.000e+00
    597  823535.715     618       0  -6.199110400000000e+07   3.823e+08   1.000e+00
    598  824862.619     619       0  -6.199111600000000e+07   4.620e+08   1.000e+00
    599  826187.770     620       0  -6.199114800000000e+07   4.732e+08   1.000e+00
    600  827510.083     621       0  -6.199116800000000e+07   6.660e+08   1.000e+00
    601  828833.263     622       0  -6.199118800000000e+07   3.694e+08   1.000e+00
    602  830156.206     623       0  -6.199120800000000e+07   3.509e+08   1.000e+00
    603  831479.101     624       0  -6.199122800000000e+07   4.744e+08   1.000e+00
    604  832812.966     625       0  -6.199125600000000e+07   5.096e+08   1.000e+00
    605  834135.059     626       0  -6.199127600000000e+07   3.894e+08   1.000e+00
    606  835457.476     627       0  -6.199130000000000e+07   4.309e+08   1.000e+00
    607  836781.000     628       0  -6.199132800000000e+07   5.438e+08   1.000e+00
    608  838105.176     629       0  -6.199134400000000e+07   4.015e+08   1.000e+00
    609  839428.635     630       0  -6.199137200000000e+07   5.032e+08   1.000e+00
    610  840751.057     631       0  -6.199139600000000e+07   5.617e+08   1.000e+00
    611  842074.429     632       0  -6.199141200000000e+07   4.144e+08   1.000e+00
    612  843396.899     633       0  -6.199144000000000e+07   3.907e+08   1.000e+00
    613  844720.901     634       0  -6.199146000000000e+07   6.749e+08   1.000e+00
    614  846049.014     635       0  -6.199147200000000e+07   4.652e+08   1.000e+00
    615  847375.943     636       0  -6.199150400000000e+07   3.605e+08   1.000e+00
    616  848702.842     637       0  -6.199151200000000e+07   4.208e+08   1.000e+00
    617  850029.426     638       0  -6.199154000000000e+07   4.396e+08   1.000e+00
    618  851353.944     639       0  -6.199155200000000e+07   9.971e+08   1.000e+00
    619  852679.468     640       0  -6.199158400000000e+07   3.729e+08   1.000e+00
    620  854001.455     641       0  -6.199160000000000e+07   3.076e+08   1.000e+00
    621  855329.190     642       0  -6.199162400000000e+07   3.703e+08   1.000e+00
    622  856654.020     643       0  -6.199162800000000e+07   8.931e+08   1.000e+00
    623  857978.007     644       0  -6.199166000000000e+07   3.562e+08   1.000e+00
    624  859301.584     645       0  -6.199167200000000e+07   2.754e+08   1.000e+00
    625  860625.668     646       0  -6.199168400000000e+07   3.206e+08   1.000e+00
    626  861954.447     647       0  -6.199170800000000e+07   5.839e+08   1.000e+00
    627  863282.544     648       0  -6.199172800000000e+07   4.025e+08   1.000e+00
    628  864607.385     649       0  -6.199174400000000e+07   2.981e+08   1.000e+00
    629  865931.238     650       0  -6.199175600000000e+07   4.109e+08   1.000e+00
    630  867256.572     651       0  -6.199176400000000e+07   5.210e+08   1.000e+00
    631  868580.107     652       0  -6.199177200000000e+07   3.490e+08   1.000e+00
    632  869902.402     653       0  -6.199180400000000e+07   3.071e+08   1.000e+00
    633  871226.482     654       0  -6.199182000000000e+07   4.058e+08   1.000e+00
    634  872549.036     655       0  -6.199183600000000e+07   3.533e+08   1.000e+00
    635  873872.873     656       0  -6.199185200000000e+07   8.145e+08   1.000e+00
    636  875196.162     657       0  -6.199188000000000e+07   3.660e+08   1.000e+00
    637  876524.454     658       0  -6.199189200000000e+07   3.042e+08   1.000e+00
    638  877847.534     659       0  -6.199189600000000e+07   3.642e+08   1.000e+00
    639  879174.478     660       0  -6.199193600000000e+07   6.903e+08   1.000e+00
    640  880500.665     661       0  -6.199195200000000e+07   4.605e+08   1.000e+00
    641  881825.396     662       0  -6.199196800000000e+07   2.923e+08   1.000e+00
    642  883148.567     663       0  -6.199198800000000e+07   3.180e+08   1.000e+00
    643  884471.874     664       0  -6.199200400000000e+07   5.787e+08   1.000e+00
    644  885798.084     665       0  -6.199202000000000e+07   3.898e+08   1.000e+00
    645  887123.726     666       0  -6.199204000000000e+07   3.500e+08   1.000e+00
    646  888447.779     667       0  -6.199205600000000e+07   4.576e+08   1.000e+00
    647  889771.036     668       0  -6.199206800000000e+07   3.693e+08   1.000e+00
    648  891093.770     669       0  -6.199209600000000e+07   6.728e+08   1.000e+00
    649  892422.071     670       0  -6.199210800000000e+07   4.489e+08   1.000e+00
    650  893753.740     671       0  -6.199211600000000e+07   3.518e+08   1.000e+00
    651  895081.589     672       0  -6.199214800000000e+07   4.057e+08   1.000e+00
    652  896409.932     673       0  -6.199215600000000e+07   9.909e+08   1.000e+00
    653  897739.597     674       0  -6.199218400000000e+07   4.167e+08   1.000e+00
    654  899075.763     675       0  -6.199220000000000e+07   2.986e+08   1.000e+00
    655  900410.825     676       0  -6.199221600000000e+07   3.724e+08   1.000e+00
    656  901750.612     677       0  -6.199223200000000e+07   4.855e+08   1.000e+00
    657  903104.378     678       0  -6.199225600000000e+07   7.450e+08   1.000e+00
    658  904459.947     679       0  -6.199227200000000e+07   3.389e+08   1.000e+00
    659  905809.932     680       0  -6.199229200000000e+07   3.835e+08   1.000e+00
    660  907187.414     681       0  -6.199232000000000e+07   4.467e+08   1.000e+00
    661  908564.680     682       0  -6.199233200000000e+07   9.773e+08   1.000e+00
    662  909940.177     683       0  -6.199236400000000e+07   3.565e+08   1.000e+00
    663  913909.851     686       0  -6.199236800000000e+07   3.315e+08   1.731e-01
    664  915233.823     687       0  -6.199238800000000e+07   3.792e+08   1.000e+00
    665  916557.814     688       0  -6.199240400000000e+07   5.377e+08   1.000e+00
    666  917881.306     689       0  -6.199242400000000e+07   4.253e+08   1.000e+00
    667  919206.440     690       0  -6.199245200000000e+07   6.298e+08   1.000e+00
    668  920530.829     691       0  -6.199247200000000e+07   3.856e+08   1.000e+00
    669  921859.437     692       0  -6.199248000000000e+07   3.096e+08   1.000e+00
    670  923185.560     693       0  -6.199250400000000e+07   3.414e+08   1.000e+00
    671  925805.242     695       0  -6.199252000000000e+07   5.700e+08   4.657e-01
    672  927129.990     696       0  -6.199253200000000e+07   3.962e+08   1.000e+00
    673  928453.871     697       0  -6.199255600000000e+07   3.402e+08   1.000e+00
    674  929779.057     698       0  -6.199256400000000e+07   4.530e+08   1.000e+00
    675  931103.430     699       0  -6.199258000000000e+07   3.426e+08   1.000e+00
    676  932428.122     700       0  -6.199259600000000e+07   3.352e+08   1.000e+00
    677  933754.424     701       0  -6.199260800000000e+07   5.067e+08   1.000e+00
    678  935078.817     702       0  -6.199262400000000e+07   3.829e+08   1.000e+00
    679  936403.184     703       0  -6.199264400000000e+07   5.197e+08   1.000e+00
    680  937727.047     704       0  -6.199266000000000e+07   4.615e+08   1.000e+00
    681  939052.227     705       0  -6.199266800000000e+07   3.323e+08   1.000e+00
    682  940376.113     706       0  -6.199269200000000e+07   3.067e+08   1.000e+00
    683  941700.977     707       0  -6.199270400000000e+07   5.424e+08   1.000e+00
    684  943024.983     708       0  -6.199270800000000e+07   3.779e+08   1.000e+00
    685  944350.132     709       0  -6.199272400000000e+07   2.871e+08   1.000e+00
    686  945675.111     710       0  -6.199273600000000e+07   3.675e+08   1.000e+00
    687  947000.343     711       0  -6.199275600000000e+07   3.701e+08   1.000e+00
    688  948325.000     712       0  -6.199276400000000e+07   9.434e+08   1.000e+00
    689  949650.030     713       0  -6.199278800000000e+07   2.814e+08   1.000e+00
    690  950974.100     714       0  -6.199279200000000e+07   2.536e+08   1.000e+00
    691  952301.996     715       0  -6.199281600000000e+07   3.497e+08   1.000e+00
    692  954923.694     717       0  -6.199282400000000e+07   4.046e+08   3.928e-01
    693  956247.322     718       0  -6.199283200000000e+07   3.173e+08   1.000e+00
    694  957571.446     719       0  -6.199284800000000e+07   3.855e+08   1.000e+00
    695  958895.066     720       0  -6.199286000000000e+07   6.012e+08   1.000e+00
    696  960219.762     721       0  -6.199286800000000e+07   2.753e+08   1.000e+00
    697  961544.309     722       0  -6.199288000000000e+07   2.668e+08   1.000e+00
    698  962871.455     723       0  -6.199289200000000e+07   3.165e+08   1.000e+00
    699  964195.295     724       0  -6.199291200000000e+07   7.690e+08   1.000e+00
    700  965521.093     725       0  -6.199292800000000e+07   3.514e+08   1.000e+00
    701  966845.846     726       0  -6.199294400000000e+07   2.598e+08   1.000e+00
    702  968172.310     727       0  -6.199295600000000e+07   2.894e+08   1.000e+00
    703  969495.640     728       0  -6.199296000000000e+07   9.875e+08   1.000e+00
    704  970820.046     729       0  -6.199298000000000e+07   3.506e+08   1.000e+00
    705  972143.179     730       0  -6.199299200000000e+07   2.019e+08   1.000e+00
    706  973466.249     731       0  -6.199300000000000e+07   3.160e+08   1.000e+00
    707  974791.279     732       0  -6.199300800000000e+07   3.793e+08   1.000e+00
    708  976115.693     733       0  -6.199301200000000e+07   1.334e+09   1.000e+00
    709  977439.241     734       0  -6.199305200000000e+07   3.389e+08   1.000e+00
    710  978763.925     735       0  -6.199306400000000e+07   2.314e+08   1.000e+00
    711  980088.444     736       0  -6.199306800000000e+07   2.766e+08   1.000e+00
    712  981412.842     737       0  -6.199308000000000e+07   4.099e+08   1.000e+00
    713  982746.936     738       0  -6.199310000000000e+07   5.137e+08   1.000e+00
    714  984070.540     739       0  -6.199310800000000e+07   2.757e+08   1.000e+00
    715  985386.561     740       0  -6.199312400000000e+07   2.991e+08   1.000e+00
    716  986723.807     741       0  -6.199314000000000e+07   3.526e+08   1.000e+00
    717  988055.214     742       0  -6.199314800000000e+07   9.383e+08   1.000e+00
    718  989386.610     743       0  -6.199316400000000e+07   2.821e+08   1.000e+00
    719  990720.060     744       0  -6.199317600000000e+07   2.211e+08   1.000e+00
    720 1014086.612     762       0  -6.199317600000000e+07   2.211e+08   4.876e-07
# Termination: function reduction test satisfied
# Iter.   Time (ms)    Eval. Reject.       Obj. Func.           Grad.       Step
# ---------------------------------------------------------------------------------
      0    1330.809       1       0  -6.148580800000000e+07   1.614e+10   0.000e+00
      1   17314.414      13       0  -6.155946000000000e+07   3.389e+10   8.451e-16
      2   18670.640      14       0  -6.164303200000000e+07   2.259e+10   1.000e+00
      3   20028.630      15       0  -6.170541600000000e+07   2.165e+10   1.000e+00
      4   21387.353      16       0  -6.175464800000000e+07   2.217e+10   1.000e+00
      5   22747.546      17       0  -6.178515600000000e+07   2.135e+10   1.000e+00
      6   24108.837      18       0  -6.180900000000000e+07   1.220e+10   1.000e+00
      7   25470.870      19       0  -6.182397200000000e+07   9.724e+09   1.000e+00
      8   26831.858      20       0  -6.183694800000000e+07   1.036e+10   1.000e+00
      9   28196.091      21       0  -6.184620400000000e+07   1.340e+10   1.000e+00
     10   29560.246      22       0  -6.185417600000000e+07   6.934e+09   1.000e+00
     11   30921.371      23       0  -6.185901200000000e+07   6.154e+09   1.000e+00
     12   32283.023      24       0  -6.186421200000000e+07   6.288e+09   1.000e+00
     13   33643.599      25       0  -6.186610400000000e+07   1.470e+10   1.000e+00
     14   35003.866      26       0  -6.187247200000000e+07   5.083e+09   1.000e+00
     15   36363.398      27       0  -6.187459600000000e+07   4.013e+09   1.000e+00
     16   37724.384      28       0  -6.187716000000000e+07   4.727e+09   1.000e+00
     17   39084.970      29       0  -6.188112400000000e+07   7.521e+09   1.000e+00
     18   40445.843      30       0  -6.188452000000000e+07   6.549e+09   1.000e+00
     19   41807.249      31       0  -6.188703200000000e+07   3.785e+09   1.000e+00
     20   43171.141      32       0  -6.188971600000000e+07   4.093e+09   1.000e+00
     21   44532.161      33       0  -6.189167600000000e+07   5.378e+09   1.000e+00
     22   45893.514      34       0  -6.189407600000000e+07   3.701e+09   1.000e+00
     23   47254.461      35       0  -6.189622800000000e+07   3.741e+09   1.000e+00
     24   48614.870      36       0  -6.189799600000000e+07   5.533e+09   1.000e+00
     25   49975.488      37       0  -6.189971600000000e+07   3.482e+09   1.000e+00
     26   51335.705      38       0  -6.190129200000000e+07   3.304e+09   1.000e+00
     27   52695.695      39       0  -6.190287200000000e+07   3.886e+09   1.000e+00
     28   54055.848      40       0  -6.190377600000000e+07   7.756e+09   1.000e+00
     29   55415.774      41       0  -6.190568000000000e+07   3.068e+09   1.000e+00
     30   56777.271      42       0  -6.190662400000000e+07   2.650e+09   1.000e+00
     31   58142.797      43       0  -6.190775600000000e+07   3.083e+09   1.000e+00
     32   59503.299      44       0  -6.190891600000000e+07   6.871e+09   1.000e+00
     33   60863.924      45       0  -6.191051200000000e+07   3.054e+09   1.000e+00
     34   62224.707      46       0  -6.191151600000000e+07   2.508e+09   1.000e+00
     35   63585.311      47       0  -6.191250000000000e+07   2.876e+09   1.000e+00
     36   64945.388      48       0  -6.191386800000000e+07   4.989e+09   1.000e+00
     37   66306.553      49       0  -6.191512400000000e+07   3.286e+09   1.000e+00
     38   67669.175      50       0  -6.191590800000000e+07   2.324e+09   1.000e+00
     39   69041.221      51       0  -6.191708800000000e+07   2.714e+09   1.000e+00
     40   70414.568      52       0  -6.191778000000000e+07   5.161e+09   1.000e+00
     41   71784.844      53       0  -6.191873600000000e+07   2.761e+09   1.000e+00
     42   73160.107      54       0  -6.191972400000000e+07   2.255e+09   1.000e+00
     43   74531.094      55       0  -6.192038400000000e+07   2.432e+09   1.000e+00
     44   75899.907      56       0  -6.192092400000000e+07   7.035e+09   1.000e+00
     45   77270.850      57       0  -6.192228800000000e+07   2.244e+09   1.000e+00
     46   78639.712      58       0  -6.192276000000000e+07   1.890e+09   1.000e+00
     47   80009.322      59       0  -6.192348800000000e+07   2.259e+09   1.000e+00
     48   81375.249      60       0  -6.192452800000000e+07   3.569e+09   1.000e+00
     49   82743.781      61       0  -6.192531200000000e+07   3.714e+09   1.000e+00
     50   84114.707      62       0  -6.192596800000000e+07   1.836e+09   1.000e+00
     51   85483.479      63       0  -6.192646400000000e+07   1.934e+09   1.000e+00
     52   86854.199      64       0  -6.192696800000000e+07   2.246e+09   1.000e+00
     53   88227.326      65       0  -6.192743600000000e+07   4.295e+09   1.000e+00
     54   89605.851      66       0  -6.192804400000000e+07   1.833e+09   1.000e+00
     55   90985.529      67       0  -6.192842000000000e+07   1.669e+09   1.000e+00
     56   92364.429      68       0  -6.192878400000000e+07   1.866e+09   1.000e+00
     57   93740.712      69       0  -6.192903600000000e+07   5.248e+09   1.000e+00
     58   95120.332      70       0  -6.192970000000000e+07   1.792e+09   1.000e+00
     59   96499.524      71       0  -6.192995600000000e+07   1.346e+09   1.000e+00
     60   97881.914      72       0  -6.193026800000000e+07   1.666e+09   1.000e+00
     61   99271.168      73       0  -6.193077200000000e+07   1.875e+09   1.000e+00
     62  100658.807      74       0  -6.193086800000000e+07   4.942e+09   1.000e+00
     63  102046.485      75       0  -6.193154800000000e+07   1.336e+09   1.000e+00
     64  103433.323      76       0  -6.193171600000000e+07   1.129e+09   1.000e+00
     65  104822.789      77       0  -6.193203600000000e+07   1.441e+09   1.000e+00
     66  106210.865      78       0  -6.193230400000000e+07   3.312e+09   1.000e+00
     67  107615.455      79       0  -6.193267200000000e+07   1.775e+09   1.000e+00
     68  109018.424      80       0  -6.193302400000000e+07   1.348e+09   1.000e+00
     69  110423.303      81       0  -6.193326400000000e+07   1.505e+09   1.000e+00
     70  111822.964      82       0  -6.193356800000000e+07   2.888e+09   1.000e+00
     71  113226.925      83       0  -6.193391600000000e+07   1.429e+09   1.000e+00
     72  114627.349      84       0  -6.193411600000000e+07   1.289e+09   1.000e+00
     73  116031.167      85       0  -6.193446800000000e+07   1.391e+09   1.000e+00
     74  117433.784      86       0  -6.193450800000000e+07   4.578e+09   1.000e+00
     75  118843.235      87       0  -6.193498400000000e+07   1.588e+09   1.000e+00
     76  120243.100      88       0  -6.193517200000000e+07   9.973e+08   1.000e+00
     77  121641.867      89       0  -6.193537200000000e+07   1.274e+09   1.000e+00
     78  123043.808      90       0  -6.193565200000000e+07   1.508e+09   1.000e+00
     79  124451.264      91       0  -6.193568400000000e+07   4.431e+09   1.000e+00
     80  125850.183      92       0  -6.193621200000000e+07   1.146e+09   1.000e+00
     81  127255.304      93       0  -6.193633200000000e+07   1.028e+09   1.000e+00
     82  128658.943      94       0  -6.193659200000000e+07   1.267e+09   1.000e+00
     83  130062.992      95       0  -6.193689600000000e+07   2.869e+09   1.000e+00
     84  131465.527      96       0  -6.193724400000000e+07   1.560e+09   1.000e+00
     85  132871.320      97       0  -6.193747600000000e+07   1.161e+09   1.000e+00
     86  134278.466      98       0  -6.193772000000000e+07   1.442e+09   1.000e+00
     87  135682.347      99       0  -6.193794000000000e+07   2.171e+09   1.000e+00
     88  137087.008     100       0  -6.193816400000000e+07   1.357e+09   1.000e+00
     89  138485.535     101       0  -6.193840800000000e+07   1.250e+09   1.000e+00
     90  139890.511     102       0  -6.193862400000000e+07   1.424e+09   1.000e+00
     91  141293.433     103       0  -6.193884000000000e+07   3.435e+09   1.000e+00
     92  142699.796     104       0  -6.193918800000000e+07   1.332e+09   1.000e+00
     93  144102.151     105       0  -6.193936400000000e+07   1.051e+09   1.000e+00
     94  145507.576     106       0  -6.193953200000000e+07   1.254e+09   1.000e+00
     95  146915.314     107       0  -6.193982000000000e+07   2.214e+09   1.000e+00
     96  148319.620     108       0  -6.194012000000000e+07   1.643e+09   1.000e+00
     97  149728.818     109       0  -6.194032400000000e+07   1.098e+09   1.000e+00
     98  151134.770     110       0  -6.194060800000000e+07   1.305e+09   1.000e+00
     99  152537.808     111       0  -6.194078000000000e+07   2.145e+09   1.000e+00
    100  153943.344     112       0  -6.194100800000000e+07   1.350e+09   1.000e+00
    101  155345.253     113       0  -6.194132000000000e+07   1.177e+09   1.000e+00
    102  156745.651     114       0  -6.194152800000000e+07   1.637e+09   1.000e+00
    103  158147.417     115       0  -6.194181600000000e+07   1.346e+09   1.000e+00
    104  159550.285     116       0  -6.194208000000000e+07   1.578e+09   1.000e+00
    105  160952.761     117       0  -6.194236800000000e+07   1.398e+09   1.000e+00
    106  162353.399     118       0  -6.194260800000000e+07   1.337e+09   1.000e+00
    107  163758.503     119       0  -6.194291200000000e+07   1.763e+09   1.000e+00
    108  165162.523     120       0  -6.194319600000000e+07   1.783e+09   1.000e+00
    109  166566.481     121       0  -6.194343600000000e+07   1.376e+09   1.000e+00
    110  167973.604     122       0  -6.194374400000000e+07   1.473e+09   1.000e+00
    111  169374.523     123       0  -6.194395200000000e+07   2.124e+09   1.000e+00
    112  170779.376     124       0  -6.194417600000000e+07   1.398e+09   1.000e+00
    113  172187.692     125       0  -6.194449600000000e+07   1.190e+09   1.000e+00
    114  173591.374     126       0  -6.194470800000000e+07   1.734e+09   1.000e+00
    115  174994.305     127       0  -6.194500800000000e+07   1.457e+09   1.000e+00
    116  176394.041     128       0  -6.194525600000000e+07   3.034e+09   1.000e+00
    117  177805.331     129       0  -6.194559200000000e+07   1.392e+09   1.000e+00
    118  179215.849     130       0  -6.194584000000000e+07   1.427e+09   1.000e+00
    119  180621.645     131       0  -6.194614800000000e+07   1.627e+09   1.000e+00
    120  182023.496     132       0  -6.194644400000000e+07   3.383e+09   1.000e+00
    121  183424.589     133       0  -6.194685200000000e+07   1.474e+09   1.000e+00
    122  184827.405     134       0  -6.194704400000000e+07   1.173e+09   1.000e+00
    123  186225.324     135       0  -6.194728400000000e+07   1.325e+09   1.000e+00
    124  187630.327     136       0  -6.194744800000000e+07   3.228e+09   1.000e+00
    125  189035.436     137       0  -6.194774800000000e+07   1.487e+09   1.000e+00
    126  190434.590     138       0  -6.194797600000000e+07   1.165e+09   1.000e+00
    127  191839.128     139       0  -6.194815600000000e+07   1.362e+09   1.000e+00
    128  193241.571     140       0  -6.194846400000000e+07   2.494e+09   1.000e+00
    129  194646.856     141       0  -6.194872400000000e+07   1.659e+09   1.000e+00
    130  196047.355     142       0  -6.194888400000000e+07   1.034e+09   1.000e+00
    131  197449.343     143       0  -6.194909600000000e+07   1.165e+09   1.000e+00
    132  198853.848     144       0  -6.194931200000000e+07   1.393e+09   1.000e+00
    133  200258.287     145       0  -6.194957200000000e+07   2.273e+09   1.000e+00
    134  201662.601     146       0  -6.194981200000000e+07   1.376e+09   1.000e+00
    135  203066.852     147       0  -6.194998400000000e+07   1.220e+09   1.000e+00
    136  204471.204     148       0  -6.195020400000000e+07   1.279e+09   1.000e+00
    137  205870.196     149       0  -6.195028400000000e+07   3.542e+09   1.000e+00
    138  207276.666     150       0  -6.195060000000000e+07   1.250e+09   1.000e+00
    139  208684.256     151       0  -6.195073600000000e+07   9.518e+08   1.000e+00
    140  210090.967     152       0  -6.195090400000000e+07   1.186e+09   1.000e+00
    141  211495.410     153       0  -6.195112400000000e+07   1.755e+09   1.000e+00
    142  212894.144     154       0  -6.195134000000000e+07   1.853e+09   1.000e+00
    143  214298.322     155       0  -6.195152400000000e+07   9.954e+08   1.000e+00
    144  215701.138     156       0  -6.195171600000000e+07   1.217e+09   1.000e+00
    145  217106.814     157       0  -6.195189600000000e+07   1.334e+09   1.000e+00
    146  218510.400     158       0  -6.195210800000000e+07   2.612e+09   1.000e+00
    147  219914.833     159       0  -6.195235600000000e+07   1.206e+09   1.000e+00
    148  221318.360     160       0  -6.195249200000000e+07   1.079e+09   1.000e+00
    149  222723.111     161       0  -6.195266000000000e+07   1.151e+09   1.000e+00
    150  224129.944     162       0  -6.195276800000000e+07   3.018e+09   1.000e+00
    151  225538.804     163       0  -6.195300400000000e+07   1.145e+09   1.000e+00
    152  226932.685     164       0  -6.195311200000000e+07   8.909e+08   1.000e+00
    153  228324.393     165       0  -6.195324400000000e+07   1.065e+09   1.000e+00
    154  229717.916     166       0  -6.195344000000000e+07   1.602e+09   1.000e+00
    155  231098.506     167       0  -6.195359600000000e+07   1.688e+09   1.000e+00
    156  232478.012     168       0  -6.195374400000000e+07   8.441e+08   1.000e+00
    157  233857.399     169       0  -6.195386000000000e+07   1.028e+09   1.000e+00
    158  235233.676     170       0  -6.195399600000000e+07   1.164e+09   1.000e+00
    159  236620.235     171       0  -6.195415200000000e+07   2.697e+09   1.000e+00
    160  238027.621     172       0  -6.195438000000000e+07   1.165e+09   1.000e+00
    161  239423.794     173       0  -6.195448000000000e+07   9.433e+08   1.000e+00
    162  240821.647     174       0  -6.195460400000000e+07   1.029e+09   1.000e+00
    163  242224.613     175       0  -6.195478000000000e+07   1.496e+09   1.000e+00
    164  243623.712     176       0  -6.195492800000000e+07   1.553e+09   1.000e+00
    165  245025.195     177       0  -6.195505200000000e+07   9.053e+08   1.000e+00
    166  246429.952     178       0  -6.195520800000000e+07   1.015e+09   1.000e+00
    167  247831.068     179       0  -6.195534400000000e+07   1.311e+09   1.000e+00
    168  249238.529     180       0  -6.195550800000000e+07   1.481e+09   1.000e+00
    169  250652.384     181       0  -6.195564800000000e+07   8.988e+08   1.000e+00
    170  252052.620     182       0  -6.195579600000000e+07   9.285e+08   1.000e+00
    171  253450.361     183       0  -6.195592800000000e+07   1.264e+09   1.000e+00
    172  254847.153     184       0  -6.195609600000000e+07   1.122e+09   1.000e+00
    173  256243.069     185       0  -6.195622800000000e+07   1.068e+09   1.000e+00
    174  257638.304     186       0  -6.195639200000000e+07   9.944e+08   1.000e+00
    175  259040.424     187       0  -6.195653200000000e+07   1.426e+09   1.000e+00
    176  260445.047     188       0  -6.195668000000000e+07   1.065e+09   1.000e+00
    177  261884.330     189       0  -6.195680800000000e+07   9.382e+08   1.000e+00
    178  263319.510     190       0  -6.195694800000000e+07   1.127e+09   1.000e+00
    179  264755.534     191       0  -6.195705600000000e+07   1.384e+09   1.000e+00
    180  266192.563     192       0  -6.195716000000000e+07   8.543e+08   1.000e+00
    181  267631.827     193       0  -6.195728400000000e+07   8.300e+08   1.000e+00
    182  269066.025     194       0  -6.195738000000000e+07   1.392e+09   1.000e+00
    183  270503.733     195       0  -6.195750000000000e+07   9.532e+08   1.000e+00
    184  271916.512     196       0  -6.195764000000000e+07   8.994e+08   1.000e+00
    185  273325.545     197       0  -6.195777600000000e+07   1.444e+09   1.000e+00
    186  274736.183     198       0  -6.195789200000000e+07   9.000e+08   1.000e+00
    187  276145.771     199       0  -6.195800000000000e+07   9.017e+08   1.000e+00
    188  277557.769     200       0  -6.195813600000000e+07   1.293e+09   1.000e+00
    189  278970.317     201       0  -6.195827200000000e+07   1.377e+09   1.000e+00
    190  280381.761     202       0  -6.195838800000000e+07   9.720e+08   1.000e+00
    191  281794.394     203       0  -6.195853200000000e+07   9.186e+08   1.000e+00
    192  283205.324     204       0  -6.195862800000000e+07   1.133e+09   1.000e+00
    193  284617.147     205       0  -6.195873600000000e+07   8.475e+08   1.000e+00
    194  286024.948     206       0  -6.195885600000000e+07   1.023e+09   1.000e+00
    195  287438.663     207       0  -6.195896000000000e+07   1.116e+09   1.000e+00
    196  288850.510     208       0  -6.195905200000000e+07   8.546e+08   1.000e+00
    197  290261.581     209       0  -6.195915200000000e+07   8.356e+08   1.000e+00
    198  291669.693     210       0  -6.195925600000000e+07   1.472e+09   1.000e+00
    199  293080.863     211       0  -6.195937600000000e+07   9.665e+08   1.000e+00
    200  294488.853     212       0  -6.195947600000000e+07   8.366e+08   1.000e+00
    201  295901.538     213       0  -6.195956800000000e+07   1.153e+09   1.000e+00
    202  297314.935     214       0  -6.195969200000000e+07   1.029e+09   1.000e+00
    203  298732.111     215       0  -6.195981600000000e+07   1.195e+09   1.000e+00
    204  300141.308     216       0  -6.195992400000000e+07   9.608e+08   1.000e+00
    205  301553.768     217       0  -6.196002400000000e+07   8.608e+08   1.000e+00
    206  302965.938     218       0  -6.196014000000000e+07   1.344e+09   1.000e+00
    207  304372.632     219       0  -6.196025600000000e+07   1.164e+09   1.000e+00
    208  305781.655     220       0  -6.196034800000000e+07   8.770e+08   1.000e+00
    209  307193.811     221       0  -6.196048400000000e+07   8.731e+08   1.000e+00
    210  308607.524     222       0  -6.196054400000000e+07   1.642e+09   1.000e+00
    211  310013.077     223       0  -6.196064400000000e+07   8.933e+08   1.000e+00
    212  311426.765     224       0  -6.196073600000000e+07   7.017e+08   1.000e+00
    213  312837.015     225       0  -6.196080400000000e+07   8.102e+08   1.000e+00
    214  314244.962     226       0  -6.196090000000000e+07   1.765e+09   1.000e+00
    215  315655.236     227       0  -6.196102800000000e+07   9.337e+08   1.000e+00
    216  317066.010     228       0  -6.196110000000000e+07   7.935e+08   1.000e+00
    217  318476.361     229       0  -6.196123200000000e+07   9.234e+08   1.000e+00
    218  319885.632     230       0  -6.196126400000000e+07   2.346e+09   1.000e+00
    219  321296.379     231       0  -6.196139600000000e+07   9.412e+08   1.000e+00
    220  322702.702     232       0  -6.196147600000000e+07   6.600e+08   1.000e+00
    221  324114.146     233       0  -6.196154400000000e+07   7.934e+08   1.000e+00
    222  325526.266     234       0  -6.196163200000000e+07   1.134e+09   1.000e+00
    223  326937.883     235       0  -6.196174000000000e+07   1.089e+09   1.000e+00
    224  328352.101     236       0  -6.196182000000000e+07   6.969e+08   1.000e+00
    225  329767.453     237       0  -6.196192800000000e+07   8.956e+08   1.000e+00
    226  331177.674     238       0  -6.196201600000000e+07   1.114e+09   1.000e+00
    227  332590.339     239       0  -6.196212800000000e+07   8.498e+08   1.000e+00
    228  334001.672     240       0  -6.196226000000000e+07   7.728e+08   1.000e+00
    229  335413.589     241       0  -6.196231600000000e+07   1.883e+09   1.000e+00
    230  336821.000     242       0  -6.196243600000000e+07   7.759e+08   1.000e+00
    231  338234.146     243       0  -6.196249200000000e+07   6.676e+08   1.000e+00
    232  339649.541     244       0  -6.196258800000000e+07   8.841e+08   1.000e+00
    233  341061.505     245       0  -6.196265600000000e+07   2.071e+09   1.000e+00
    234  342472.613     246       0  -6.196276800000000e+07   9.514e+08   1.000e+00
    235  343881.713     247       0  -6.196284800000000e+07   6.365e+08   1.000e+00
    236  345293.169     248       0  -6.196289600000000e+07   7.018e+08   1.000e+00
    237  346705.998     249       0  -6.196299600000000e+07   9.221e+08   1.000e+00
    238  348118.967     250       0  -6.196304400000000e+07   2.095e+09   1.000e+00
    239  349534.211     251       0  -6.196318800000000e+07   7.041e+08   1.000e+00
    240  350955.066     252       0  -6.196325200000000e+07   6.984e+08   1.000e+00
    241  352378.848     253       0  -6.196334800000000e+07   8.820e+08   1.000e+00
    242  355123.145     255       0  -6.196341200000000e+07   1.396e+09   4.858e-01
    243  356482.205     256       0  -6.196350000000000e+07   7.972e+08   1.000e+00
    244  357844.161     257       0  -6.196358000000000e+07   6.236e+08   1.000e+00
    245  359208.172     258       0  -6.196366000000000e+07   8.010e+08   1.000e+00
    246  360570.467     259       0  -6.196374400000000e+07   1.240e+09   1.000e+00
    247  361928.222     260       0  -6.196383200000000e+07   7.795e+08   1.000e+00
    248  363286.835     261       0  -6.196391600000000e+07   7.266e+08   1.000e+00
    249  364644.566     262       0  -6.196398800000000e+07   8.963e+08   1.000e+00
    250  366002.491     263       0  -6.196407200000000e+07   9.100e+08   1.000e+00
    251  367364.810     264       0  -6.196416800000000e+07   8.811e+08   1.000e+00
    252  368733.416     265       0  -6.196426400000000e+07   8.008e+08   1.000e+00
    253  370096.964     266       0  -6.196434800000000e+07   9.686e+08   1.000e+00
    254  371460.450     267       0  -6.196444000000000e+07   8.001e+08   1.000e+00
    255  372822.860     268       0  -6.196452800000000e+07   7.621e+08   1.000e+00
    256  374188.300     269       0  -6.196460000000000e+07   1.053e+09   1.000e+00
    257  375550.643     270       0  -6.196466000000000e+07   7.650e+08   1.000e+00
    258  376911.247     271       0  -6.196469600000000e+07   6.720e+08   1.000e+00
    259  378268.939     272       0  -6.196480800000000e+07   1.094e+09   1.000e+00
    260  379631.546     273       0  -6.196482800000000e+07   1.807e+09   1.000e+00
    261  380991.910     274       0  -6.196491600000000e+07   6.771e+08   1.000e+00
    262  382355.018     275       0  -6.196495200000000e+07   5.226e+08   1.000e+00
    263  383716.375     276       0  -6.196502000000000e+07   6.598e+08   1.000e+00
    264  385079.253     277       0  -6.196508000000000e+07   1.155e+09   1.000e+00
    265  386440.877     278       0  -6.196516000000000e+07   6.792e+08   1.000e+00
    266  387814.524     279       0  -6.196523600000000e+07   5.587e+08   1.000e+00
    267  389194.782     280       0  -6.196531200000000e+07   1.008e+09   1.000e+00
    268  390586.871     281       0  -6.196536400000000e+07   1.122e+09   1.000e+00
    269  391980.897     282       0  -6.196541200000000e+07   7.203e+08   1.000e+00
    270  393375.968     283       0  -6.196550400000000e+07   6.588e+08   1.000e+00
    271  394767.564     284       0  -6.196557200000000e+07   8.023e+08   1.000e+00
    272  396160.342     285       0  -6.196564000000000e+07   1.595e+09   1.000e+00
    273  397551.043     286       0  -6.196572400000000e+07   6.369e+08   1.000e+00
    274  398954.508     287       0  -6.196576800000000e+07   5.796e+08   1.000e+00
    275  400356.197     288       0  -6.196582000000000e+07   6.576e+08   1.000e+00
    276  401756.533     289       0  -6.196584800000000e+07   1.989e+09   1.000e+00
    277  403164.157     290       0  -6.196594800000000e+07   7.812e+08   1.000e+00
    278  404563.949     291       0  -6.196600400000000e+07   5.579e+08   1.000e+00
    279  405968.780     292       0  -6.196605600000000e+07   7.130e+08   1.000e+00
    280  407372.784     293       0  -6.196614000000000e+07   1.030e+09   1.000e+00
    281  408772.520     294       0  -6.196620800000000e+07   1.107e+09   1.000e+00
    282  410172.455     295       0  -6.196626400000000e+07   5.401e+08   1.000e+00
    283  411577.657     296       0  -6.196630800000000e+07   6.676e+08   1.000e+00
    284  412978.237     297       0  -6.196636800000000e+07   7.722e+08   1.000e+00
    285  414380.618     298       0  -6.196643200000000e+07   1.610e+09   1.000e+00
    286  415784.791     299       0  -6.196651600000000e+07   7.341e+08   1.000e+00
    287  417191.015     300       0  -6.196657200000000e+07   6.292e+08   1.000e+00
    288  418588.586     301       0  -6.196662000000000e+07   6.896e+08   1.000e+00
    289  419988.680     302       0  -6.196666000000000e+07   1.951e+09   1.000e+00
    290  421392.924     303       0  -6.196675200000000e+07   7.593e+08   1.000e+00
    291  422807.666     304       0  -6.196680400000000e+07   5.514e+08   1.000e+00
    292  424223.031     305       0  -6.196685200000000e+07   7.158e+08   1.000e+00
    293  425633.542     306       0  -6.196694400000000e+07   8.603e+08   1.000e+00
    294  427046.148     307       0  -6.196696800000000e+07   2.229e+09   1.000e+00
    295  428432.140     308       0  -6.196709600000000e+07   6.119e+08   1.000e+00
    296  429818.153     309       0  -6.196713600000000e+07   4.943e+08   1.000e+00
    297  431204.095     310       0  -6.196718800000000e+07   6.087e+08   1.000e+00
    298  432589.671     311       0  -6.196723600000000e+07   1.616e+09   1.000e+00
    299  433974.678     312       0  -6.196731200000000e+07   8.232e+08   1.000e+00
    300  435358.543     313       0  -6.196737200000000e+07   5.648e+08   1.000e+00
    301  436744.207     314       0  -6.196740400000000e+07   6.236e+08   1.000e+00
    302  438126.938     315       0  -6.196747200000000e+07   9.313e+08   1.000e+00
    303  439511.668     316       0  -6.196752400000000e+07   1.320e+09   1.000e+00
    304  440892.481     317       0  -6.196756400000000e+07   5.772e+08   1.000e+00
    305  442280.142     318       0  -6.196761600000000e+07   5.331e+08   1.000e+00
    306  443666.623     319       0  -6.196765600000000e+07   6.666e+08   1.000e+00
    307  445051.973     320       0  -6.196771600000000e+07   1.445e+09   1.000e+00
    308  446435.286     321       0  -6.196779600000000e+07   7.437e+08   1.000e+00
    309  447821.819     322       0  -6.196784000000000e+07   5.603e+08   1.000e+00
    310  449212.894     323       0  -6.196789200000000e+07   6.311e+08   1.000e+00
    311  450602.257     324       0  -6.196794000000000e+07   1.364e+09   1.000e+00
    312  451987.333     325       0  -6.196799200000000e+07   6.767e+08   1.000e+00
    313  453368.369     326       0  -6.196804400000000e+07   5.361e+08   1.000e+00
    314  454752.817     327       0  -6.196808400000000e+07   6.175e+08   1.000e+00
    315  456139.548     328       0  -6.196816000000000e+07   1.252e+09   1.000e+00
    316  457523.552     329       0  -6.196823200000000e+07   9.042e+08   1.000e+00
    317  458909.748     330       0  -6.196827600000000e+07   5.415e+08   1.000e+00
    318  460295.314     331       0  -6.196833200000000e+07   6.093e+08   1.000e+00
    319  461677.191     332       0  -6.196837200000000e+07   8.471e+08   1.000e+00
    320  463060.846     333       0  -6.196843600000000e+07   6.316e+08   1.000e+00
    321  464448.479     334       0  -6.196850800000000e+07   6.677e+08   1.000e+00
    322  465834.316     335       0  -6.196853600000000e+07   1.289e+09   1.000e+00
    323  467218.303     336       0  -6.196858800000000e+07   5.680e+08   1.000e+00
    324  468603.093     337       0  -6.196862000000000e+07   4.695e+08   1.000e+00
    325  469984.126     338       0  -6.196866800000000e+07   6.171e+08   1.000e+00
    326  471368.000     339       0  -6.196871200000000e+07   1.377e+09   1.000e+00
    327  472750.685     340       0  -6.196876400000000e+07   6.652e+08   1.000e+00
    328  474134.124     341       0  -6.196880800000000e+07   4.595e+08   1.000e+00
    329  475519.097     342       0  -6.196884000000000e+07   5.271e+08   1.000e+00
    330  476900.937     343       0  -6.196889200000000e+07   1.058e+09   1.000e+00
    331  478288.089     344       0  -6.196894400000000e+07   5.692e+08   1.000e+00
    332  479677.536     345       0  -6.196898400000000e+07   4.927e+08   1.000e+00
    333  481063.295     346       0  -6.196904400000000e+07   6.739e+08   1.000e+00
    334  482447.403     347       0  -6.196906800000000e+07   1.417e+09   1.000e+00
    335  483832.380     348       0  -6.196913200000000e+07   6.094e+08   1.000e+00
    336  485214.013     349       0  -6.196917600000000e+07   4.883e+08   1.000e+00
    337  486598.279     350       0  -6.196921200000000e+07   5.904e+08   1.000e+00
    338  487985.061     351       0  -6.196925600000000e+07   1.333e+09   1.000e+00
    339  489369.436     352       0  -6.196932400000000e+07   6.164e+08   1.000e+00
    340  490764.253     353       0  -6.196936000000000e+07   4.573e+08   1.000e+00
    341  492157.003     354       0  -6.196938800000000e+07   5.537e+08   1.000e+00
    342  493542.549     355       0  -6.196942800000000e+07   9.707e+08   1.000e+00
    343  494926.972     356       0  -6.196948800000000e+07   6.130e+08   1.000e+00
    344  496310.774     357       0  -6.196952400000000e+07   5.168e+08   1.000e+00
    345  497694.457     358       0  -6.196958000000000e+07   6.415e+08   1.000e+00
    346  499076.939     359       0  -6.196960800000000e+07   1.507e+09   1.000e+00
    347  500462.002     360       0  -6.196966000000000e+07   5.924e+08   1.000e+00
    348  501846.229     361       0  -6.196970000000000e+07   4.695e+08   1.000e+00
    349  503230.502     362       0  -6.196974000000000e+07   6.157e+08   1.000e+00
    350  504613.464     363       0  -6.196980400000000e+07   8.817e+08   1.000e+00
    351  505998.772     364       0  -6.196985600000000e+07   1.151e+09   1.000e+00
    352  507382.852     365       0  -6.196990400000000e+07   4.791e+08   1.000e+00
    353  508770.683     366       0  -6.196993600000000e+07   5.093e+08   1.000e+00
    354  510154.145     367       0  -6.196996800000000e+07   5.886e+08   1.000e+00
    355  511538.390     368       0  -6.196998800000000e+07   1.582e+09   1.000e+00
    356  512922.643     369       0  -6.197005200000000e+07   5.996e+08   1.000e+00
    357  514314.542     370       0  -6.197008400000000e+07   4.781e+08   1.000e+00
    358  515697.880     371       0  -6.197011600000000e+07   5.893e+08   1.000e+00
    359  517082.325     372       0  -6.197017600000000e+07   8.642e+08   1.000e+00
    360  518476.173     373       0  -6.197021600000000e+07   1.064e+09   1.000e+00
    361  519858.454     374       0  -6.197026400000000e+07   4.839e+08   1.000e+00
    362  521242.195     375       0  -6.197029200000000e+07   5.383e+08   1.000e+00
    363  522626.515     376       0  -6.197032800000000e+07   6.425e+08   1.000e+00
    364  524017.051     377       0  -6.197037200000000e+07   1.543e+09   1.000e+00
    365  525412.877     378       0  -6.197043200000000e+07   6.319e+08   1.000e+00
    366  526805.263     379       0  -6.197045600000000e+07   4.719e+08   1.000e+00
    367  528205.293     380       0  -6.197048800000000e+07   5.363e+08   1.000e+00
    368  529609.805     381       0  -6.197053200000000e+07   6.024e+08   1.000e+00
    369  531010.670     382       0  -6.197053600000000e+07   1.878e+09   1.000e+00
    370  532412.839     383       0  -6.197061200000000e+07   5.309e+08   1.000e+00
    371  533818.293     384       0  -6.197063600000000e+07   3.985e+08   1.000e+00
    372  535221.273     385       0  -6.197066800000000e+07   5.258e+08   1.000e+00
    373  536622.776     386       0  -6.197071600000000e+07   8.983e+08   1.000e+00
    374  538028.316     387       0  -6.197077200000000e+07   6.683e+08   1.000e+00
    375  539434.605     388       0  -6.197080400000000e+07   4.597e+08   1.000e+00
    376  540837.410     389       0  -6.197084400000000e+07   5.777e+08   1.000e+00
    377  542241.214     390       0  -6.197086400000000e+07   6.585e+08   1.000e+00
    378  543644.694     391       0  -6.197090000000000e+07   5.190e+08   1.000e+00
    379  545049.688     392       0  -6.197096800000000e+07   6.853e+08   1.000e+00
    380  547783.121     394       0  -6.197099600000000e+07   6.239e+08   4.801e-01
    381  549141.803     395       0  -6.197101600000000e+07   4.961e+08   1.000e+00
    382  550501.105     396       0  -6.197106800000000e+07   5.163e+08   1.000e+00
    383  551860.817     397       0  -6.197108000000000e+07   1.187e+09   1.000e+00
    384  553222.619     398       0  -6.197111200000000e+07   5.459e+08   1.000e+00
    385  554581.144     399       0  -6.197114400000000e+07   3.928e+08   1.000e+00
    386  555939.675     400       0  -6.197116800000000e+07   5.164e+08   1.000e+00
    387  557298.409     401       0  -6.197121600000000e+07   6.325e+08   1.000e+00
    388  558656.730     402       0  -6.197122400000000e+07   1.758e+09   1.000e+00
    389  560014.721     403       0  -6.197130800000000e+07   5.838e+08   1.000e+00
    390  561373.662     404       0  -6.197132400000000e+07   3.498e+08   1.000e+00
    391  562732.017     405       0  -6.197136000000000e+07   4.301e+08   1.000e+00
    392  564089.658     406       0  -6.197139200000000e+07   5.513e+08   1.000e+00
    393  565447.298     407       0  -6.197141200000000e+07   1.163e+09   1.000e+00
    394  566806.247     408       0  -6.197146000000000e+07   4.236e+08   1.000e+00
    395  568168.542     409       0  -6.197147600000000e+07   4.102e+08   1.000e+00
    396  569530.886     410       0  -6.197151600000000e+07   4.958e+08   1.000e+00
    397  570889.217     411       0  -6.197152400000000e+07   1.506e+09   1.000e+00
    398  572248.700     412       0  -6.197158000000000e+07   5.397e+08   1.000e+00
    399  573607.339     413       0  -6.197160000000000e+07   3.740e+08   1.000e+00
    400  574964.816     414       0  -6.197162800000000e+07   4.546e+08   1.000e+00
    401  576324.749     415       0  -6.197166400000000e+07   5.489e+08   1.000e+00
    402  577682.953     416       0  -6.197166800000000e+07   1.457e+09   1.000e+00
    403  579040.976     417       0  -6.197172800000000e+07   3.927e+08   1.000e+00
    404  580399.900     418       0  -6.197174400000000e+07   3.791e+08   1.000e+00
    405  581758.776     419       0  -6.197178400000000e+07   5.293e+08   1.000e+00
    406  583120.012     420       0  -6.197181200000000e+07   1.276e+09   1.000e+00
    407  584478.235     421       0  -6.197185600000000e+07   5.720e+08   1.000e+00
    408  585837.461     422       0  -6.197189200000000e+07   4.164e+08   1.000e+00
    409  587195.724     423       0  -6.197190400000000e+07   4.402e+08   1.000e+00
    410  588554.453     424       0  -6.197194800000000e+07   8.411e+08   1.000e+00
    411  589913.322     425       0  -6.197198400000000e+07   4.545e+08   1.000e+00
    412  591272.613     426       0  -6.197200400000000e+07   3.963e+08   1.000e+00
    413  592631.503     427       0  -6.197204800000000e+07   5.679e+08   1.000e+00
    414  593991.402     428       0  -6.197206400000000e+07   1.127e+09   1.000e+00
    415  595359.435     429       0  -6.197210000000000e+07   5.022e+08   1.000e+00
    416  596730.480     430       0  -6.197212400000000e+07   3.859e+08   1.000e+00
    417  598113.289     431       0  -6.197215200000000e+07   4.559e+08   1.000e+00
    418  599491.747     432       0  -6.197219200000000e+07   7.341e+08   1.000e+00
    419  600872.052     433       0  -6.197221600000000e+07   8.718e+08   1.000e+00
    420  602250.818     434       0  -6.197225200000000e+07   4.066e+08   1.000e+00
    421  603626.893     435       0  -6.197228400000000e+07   4.479e+08   1.000e+00
    422  605000.583     436       0  -6.197231200000000e+07   5.223e+08   1.000e+00
    423  606373.974     437       0  -6.197233200000000e+07   1.414e+09   1.000e+00
    424  607749.983     438       0  -6.197238000000000e+07   5.204e+08   1.000e+00
    425  609127.095     439       0  -6.197239600000000e+07   3.941e+08   1.000e+00
    426  610499.736     440       0  -6.197242000000000e+07   4.627e+08   1.000e+00
    427  611874.290     441       0  -6.197246000000000e+07   6.375e+08   1.000e+00
    428  613254.129     442       0  -6.197248000000000e+07   9.819e+08   1.000e+00
    429  614630.282     443       0  -6.197252400000000e+07   4.168e+08   1.000e+00
    430  616004.471     444       0  -6.197254400000000e+07   4.293e+08   1.000e+00
    431  617378.230     445       0  -6.197256800000000e+07   5.073e+08   1.000e+00
    432  618755.010     446       0  -6.197258000000000e+07   1.451e+09   1.000e+00
    433  620128.396     447       0  -6.197263200000000e+07   5.247e+08   1.000e+00
    434  621501.979     448       0  -6.197265200000000e+07   3.627e+08   1.000e+00
    435  622878.545     449       0  -6.197266800000000e+07   4.340e+08   1.000e+00
    436  624254.438     450       0  -6.197270400000000e+07   4.903e+08   1.000e+00
    437  625630.774     451       0  -6.197272800000000e+07   1.330e+09   1.000e+00
    438  627005.075     452       0  -6.197277200000000e+07   4.517e+08   1.000e+00
    439  628386.566     453       0  -6.197280000000000e+07   3.475e+08   1.000e+00
    440  629770.321     454       0  -6.197282800000000e+07   4.427e+08   1.000e+00
    441  631145.976     455       0  -6.197284800000000e+07   1.211e+09   1.000e+00
    442  632523.891     456       0  -6.197288800000000e+07   5.638e+08   1.000e+00
    443  633903.500     457       0  -6.197290800000000e+07   3.710e+08   1.000e+00
    444  635286.979     458       0  -6.197292800000000e+07   4.226e+08   1.000e+00
    445  636668.885     459       0  -6.197296400000000e+07   5.307e+08   1.000e+00
    446  639372.181     461       0  -6.197299200000000e+07   7.468e+08   4.440e-01
    447  640729.997     462       0  -6.197301600000000e+07   4.327e+08   1.000e+00
    448  642088.655     463       0  -6.197303600000000e+07   3.793e+08   1.000e+00
    449  643449.980     464       0  -6.197306800000000e+07   5.484e+08   1.000e+00
    450  644807.639     465       0  -6.197310000000000e+07   4.933e+08   1.000e+00
    451  646165.287     466       0  -6.197312400000000e+07   5.144e+08   1.000e+00
    452  647524.064     467       0  -6.197316000000000e+07   5.938e+08   1.000e+00
    453  648882.350     468       0  -6.197318400000000e+07   4.629e+08   1.000e+00
    454  650240.254     469       0  -6.197322400000000e+07   4.593e+08   1.000e+00
    455  651598.501     470       0  -6.197324800000000e+07   7.321e+08   1.000e+00
    456  652956.466     471       0  -6.197327200000000e+07   4.553e+08   1.000e+00
    457  654315.410     472       0  -6.197330400000000e+07   4.062e+08   1.000e+00
    458  655681.891     473       0  -6.197331600000000e+07   4.739e+08   1.000e+00
    459  657048.742     474       0  -6.197334000000000e+07   4.073e+08   1.000e+00
    460  658418.149     475       0  -6.197337600000000e+07   8.281e+08   1.000e+00
    461  659787.722     476       0  -6.197339600000000e+07   4.133e+08   1.000e+00
    462  661152.802     477       0  -6.197341600000000e+07   3.766e+08   1.000e+00
    463  662516.396     478       0  -6.197344000000000e+07   4.719e+08   1.000e+00
    464  663881.261     479       0  -6.197346400000000e+07   1.071e+09   1.000e+00
    465  665247.201     480       0  -6.197350400000000e+07   4.684e+08   1.000e+00
    466  666611.967     481       0  -6.197352000000000e+07   3.778e+08   1.000e+00
    467  667980.642     482       0  -6.197354400000000e+07   3.978e+08   1.000e+00
    468  669359.923     483       0  -6.197356400000000e+07   9.672e+08   1.000e+00
    469  670741.990     484       0  -6.197359200000000e+07   4.500e+08   1.000e+00
    470  672136.052     485       0  -6.197361200000000e+07   3.569e+08   1.000e+00
    471  673529.009     486       0  -6.197363200000000e+07   4.247e+08   1.000e+00
    472  674924.683     487       0  -6.197366000000000e+07   8.616e+08   1.000e+00
    473  676317.285     488       0  -6.197368800000000e+07   4.441e+08   1.000e+00
    474  677713.506     489       0  -6.197371200000000e+07   3.503e+08   1.000e+00
    475  679108.352     490       0  -6.197373600000000e+07   4.483e+08   1.000e+00
    476  680501.323     491       0  -6.197376000000000e+07   8.604e+08   1.000e+00
    477  681892.578     492       0  -6.197377600000000e+07   4.684e+08   1.000e+00
    478  683284.430     493       0  -6.197380000000000e+07   3.802e+08   1.000e+00
    479  684673.439     494       0  -6.197382800000000e+07   4.037e+08   1.000e+00
    480  686067.876     495       0  -6.197383200000000e+07   1.330e+09   1.000e+00
    481  687460.100     496       0  -6.197387600000000e+07   4.128e+08   1.000e+00
    482  688859.945     497       0  -6.197388800000000e+07   2.880e+08   1.000e+00
    483  690255.189     498       0  -6.197390800000000e+07   3.705e+08   1.000e+00
    484  691651.463     499       0  -6.197393200000000e+07   5.181e+08   1.000e+00
    485  693028.465     500       0  -6.197395200000000e+07   8.190e+08   1.000e+00
    486  694402.229     501       0  -6.197398400000000e+07   3.893e+08   1.000e+00
    487  695778.300     502       0  -6.197399200000000e+07   3.732e+08   1.000e+00
    488  697153.759     503       0  -6.197402000000000e+07   3.929e+08   1.000e+00
    489  699859.630     505       0  -6.197403200000000e+07   6.807e+08   4.686e-01
    490  701217.939     506       0  -6.197404800000000e+07   4.211e+08   1.000e+00
    491  702575.977     507       0  -6.197407600000000e+07   3.230e+08   1.000e+00
    492  703934.994     508       0  -6.197409200000000e+07   4.877e+08   1.000e+00
    493  705293.506     509       0  -6.197411200000000e+07   4.448e+08   1.000e+00
    494  706652.569     510       0  -6.197412400000000e+07   3.657e+08   1.000e+00
    495  708011.220     511       0  -6.197415200000000e+07   6.736e+08   1.000e+00
    496  709376.574     512       0  -6.197417200000000e+07   4.007e+08   1.000e+00
    497  710744.713     513       0  -6.197419200000000e+07   3.693e+08   1.000e+00
    498  712112.322     514       0  -6.197420800000000e+07   4.663e+08   1.000e+00
    499  714806.663     516       0  -6.197422000000000e+07   5.600e+08   5.000e-01
    500  716164.812     517       0  -6.197423600000000e+07   3.888e+08   1.000e+00
    501  717523.384     518       0  -6.197426000000000e+07   3.226e+08   1.000e+00
    502  718895.004     519       0  -6.197427200000000e+07   5.043e+08   1.000e+00
    503  720259.290     520       0  -6.197428800000000e+07   3.723e+08   1.000e+00
    504  721623.996     521       0  -6.197431200000000e+07   3.747e+08   1.000e+00
    505  722991.148     522       0  -6.197432800000000e+07   6.374e+08   1.000e+00
    506  724359.179     523       0  -6.197435200000000e+07   4.550e+08   1.000e+00
    507  725722.530     524       0  -6.197438000000000e+07   3.940e+08   1.000e+00
    508  727088.813     525       0  -6.197438400000000e+07   5.563e+08   1.000e+00
    509  728452.896     526       0  -6.197440400000000e+07   3.549e+08   1.000e+00
    510  729819.166     527       0  -6.197442800000000e+07   3.802e+08   1.000e+00
    511  731185.039     528       0  -6.197444800000000e+07   4.196e+08   1.000e+00
    512  732551.747     529       0  -6.197445200000000e+07   1.222e+09   1.000e+00
    513  733919.429     530       0  -6.197449600000000e+07   3.508e+08   1.000e+00
    514  735287.372     531       0  -6.197450000000000e+07   2.714e+08   1.000e+00
    515  736652.233     532       0  -6.197452000000000e+07   3.305e+08   1.000e+00
    516  738019.661     533       0  -6.197453200000000e+07   7.550e+08   1.000e+00
    517  739387.457     534       0  -6.197456400000000e+07   4.214e+08   1.000e+00
    518  740753.031     535       0  -6.197458400000000e+07   3.096e+08   1.000e+00
    519  742120.330     536       0  -6.197459600000000e+07   4.097e+08   1.000e+00
    520  743487.142     537       0  -6.197460800000000e+07   5.004e+08   1.000e+00
    521  744851.052     538       0  -6.197462800000000e+07   3.568e+08   1.000e+00
    522  746215.929     539       0  -6.197465200000000e+07   3.617e+08   1.000e+00
    523  747580.918     540       0  -6.197466400000000e+07   5.260e+08   1.000e+00
    524  748949.883     541       0  -6.197468400000000e+07   3.537e+08   1.000e+00
    525  750317.222     542       0  -6.197470800000000e+07   3.881e+08   1.000e+00
    526  751681.194     543       0  -6.197472400000000e+07   4.985e+08   1.000e+00
    527  753040.651     544       0  -6.197474000000000e+07   3.650e+08   1.000e+00
    528  754398.491     545       0  -6.197476800000000e+07   3.618e+08   1.000e+00
    529  755756.177     546       0  -6.197478000000000e+07   4.718e+08   1.000e+00
    530  757114.649     547       0  -6.197480000000000e+07   3.390e+08   1.000e+00
    531  758473.809     548       0  -6.197481600000000e+07   3.751e+08   1.000e+00
    532  759831.457     549       0  -6.197482800000000e+07   4.586e+08   1.000e+00
    533  761190.056     550       0  -6.197485200000000e+07   3.544e+08   1.000e+00
    534  762548.269     551       0  -6.197486400000000e+07   4.557e+08   1.000e+00
    535  763907.132     552       0  -6.197487200000000e+07   4.778e+08   1.000e+00
    536  765265.266     553       0  -6.197488800000000e+07   3.472e+08   1.000e+00
    537  766622.749     554       0  -6.197490800000000e+07   3.011e+08   1.000e+00
    538  767981.108     555       0  -6.197492000000000e+07   4.946e+08   1.000e+00
    539  769339.602     556       0  -6.197493600000000e+07   3.980e+08   1.000e+00
    540  770697.856     557       0  -6.197496000000000e+07   5.142e+08   1.000e+00
    541  772056.391     558       0  -6.197497200000000e+07   3.713e+08   1.000e+00
    542  773414.845     559       0  -6.197498400000000e+07   3.288e+08   1.000e+00
    543  774772.862     560       0  -6.197500800000000e+07   5.708e+08   1.000e+00
    544  776130.917     561       0  -6.197502000000000e+07   7.004e+08   1.000e+00
    545  777489.521     562       0  -6.197502400000000e+07   3.385e+08   1.000e+00
    546  778853.610     563       0  -6.197504000000000e+07   2.513e+08   1.000e+00
    547  780211.519     564       0  -6.197505200000000e+07   3.380e+08   1.000e+00
    548  781570.304     565       0  -6.197506800000000e+07   6.036e+08   1.000e+00
    549  782928.684     566       0  -6.197508400000000e+07   3.388e+08   1.000e+00
    550  784286.802     567       0  -6.197509200000000e+07   2.722e+08   1.000e+00
    551  785644.742     568       0  -6.197511600000000e+07   3.367e+08   1.000e+00
    552  787003.417     569       0  -6.197512400000000e+07   8.011e+08   1.000e+00
    553  788373.783     570       0  -6.197515200000000e+07   3.712e+08   1.000e+00
    554  789742.578     571       0  -6.197516400000000e+07   2.777e+08   1.000e+00
    555  791109.690     572       0  -6.197517200000000e+07   3.222e+08   1.000e+00
    556  792480.771     573       0  -6.197518800000000e+07   6.412e+08   1.000e+00
    557  793848.117     574       0  -6.197520800000000e+07   3.793e+08   1.000e+00
    558  795212.022     575       0  -6.197521600000000e+07   2.662e+08   1.000e+00
    559  796576.095     576       0  -6.197522800000000e+07   3.448e+08   1.000e+00
    560  797940.797     577       0  -6.197524400000000e+07   4.920e+08   1.000e+00
    561  799304.167     578       0  -6.197525600000000e+07   3.423e+08   1.000e+00
    562  800670.387     579       0  -6.197528000000000e+07   3.173e+08   1.000e+00
    563  802036.796     580       0  -6.197529200000000e+07   4.602e+08   1.000e+00
    564  803405.311     581       0  -6.197531600000000e+07   3.296e+08   1.000e+00
    565  804769.187     582       0  -6.197532800000000e+07   3.797e+08   1.000e+00
    566  806137.475     583       0  -6.197533200000000e+07   3.237e+08   1.000e+00
    567  807502.621     584       0  -6.197534800000000e+07   2.998e+08   1.000e+00
    568  808872.768     585       0  -6.197536400000000e+07   5.326e+08   1.000e+00
    569  810238.037     586       0  -6.197538000000000e+07   4.043e+08   1.000e+00
    570  811604.220     587       0  -6.197539600000000e+07   3.256e+08   1.000e+00
    571  812969.081     588       0  -6.197541600000000e+07   3.899e+08   1.000e+00
    572  814334.140     589       0  -6.197542000000000e+07   5.453e+08   1.000e+00
    573  815697.311     590       0  -6.197544000000000e+07   3.234e+08   1.000e+00
    574  817061.684     591       0  -6.197544800000000e+07   2.810e+08   1.000e+00
    575  818425.298     592       0  -6.197546000000000e+07   3.310e+08   1.000e+00
    576  819792.027     593       0  -6.197548400000000e+07   4.344e+08   1.000e+00
    577  821165.188     594       0  -6.197549200000000e+07   5.692e+08   1.000e+00
    578  822543.512     595       0  -6.197551600000000e+07   3.714e+08   1.000e+00
    579  823920.483     596       0  -6.197553200000000e+07   3.334e+08   1.000e+00
    580  825282.959     597       0  -6.197554000000000e+07   3.708e+08   1.000e+00
    581  826644.418     598       0  -6.197556000000000e+07   3.630e+08   1.000e+00
    582  828018.162     599       0  -6.197557200000000e+07   8.463e+08   1.000e+00
    583  829394.539     600       0  -6.197559200000000e+07   3.059e+08   1.000e+00
    584  830770.213     601       0  -6.197560800000000e+07   2.553e+08   1.000e+00
    585  832146.594     602       0  -6.197561600000000e+07   3.357e+08   1.000e+00
    586  833521.464     603       0  -6.197562400000000e+07   9.040e+08   1.000e+00
    587  834898.704     604       0  -6.197564400000000e+07   3.513e+08   1.000e+00
    588  836274.521     605       0  -6.197565200000000e+07   2.520e+08   1.000e+00
    589  837653.580     606       0  -6.197566400000000e+07   3.046e+08   1.000e+00
    590  839032.120     607       0  -6.197567600000000e+07   3.985e+08   1.000e+00
    591  840409.980     608       0  -6.197568800000000e+07   6.879e+08   1.000e+00
    592  841786.306     609       0  -6.197570400000000e+07   2.477e+08   1.000e+00
    593  843162.627     610       0  -6.197571600000000e+07   2.692e+08   1.000e+00
    594  844538.420     611       0  -6.197572800000000e+07   3.508e+08   1.000e+00
    595  845914.625     612       0  -6.197573600000000e+07   9.390e+08   1.000e+00
    596  847290.672     613       0  -6.197575200000000e+07   3.537e+08   1.000e+00
    597  848669.011     614       0  -6.197576400000000e+07   2.495e+08   1.000e+00
    598  850046.673     615       0  -6.197577200000000e+07   2.815e+08   1.000e+00
    599  851422.956     616       0  -6.197578800000000e+07   3.650e+08   1.000e+00
    600  852787.847     617       0  -6.197579200000000e+07   7.272e+08   1.000e+00
    601  854152.541     618       0  -6.197581200000000e+07   2.370e+08   1.000e+00
    602  855515.907     619       0  -6.197581600000000e+07   2.414e+08   1.000e+00
    603  856883.054     620       0  -6.197584000000000e+07   3.208e+08   1.000e+00
    604  883517.536     640       0  -6.197584000000000e+07   3.208e+08   8.028e-07
# Termination: function reduction test satisfied
# Iter.   Time (ms)    Eval. Reject.       Obj. Func.           Grad.       Step
# ---------------------------------------------------------------------------------
      0    1311.339       1       0  -6.142728800000000e+07   1.614e+10   0.000e+00
      1   17075.060      13       0  -6.150185600000000e+07   3.350e+10   8.318e-16
      2   18410.257      14       0  -6.158433600000000e+07   2.255e+10   1.000e+00
      3   19746.835      15       0  -6.164711600000000e+07   2.164e+10   1.000e+00
      4   21083.970      16       0  -6.169607200000000e+07   2.232e+10   1.000e+00
      5   22421.839      17       0  -6.172704800000000e+07   2.100e+10   1.000e+00
      6   23760.858      18       0  -6.175033200000000e+07   1.222e+10   1.000e+00
      7   25099.405      19       0  -6.176551200000000e+07   9.669e+09   1.000e+00
      8   26437.863      20       0  -6.177854000000000e+07   1.061e+10   1.000e+00
      9   27776.950      21       0  -6.178803200000000e+07   1.254e+10   1.000e+00
     10   29116.928      22       0  -6.179551200000000e+07   6.918e+09   1.000e+00
     11   30456.891      23       0  -6.180061600000000e+07   6.163e+09   1.000e+00
     12   31796.006      24       0  -6.180581600000000e+07   6.380e+09   1.000e+00
     13   33136.605      25       0  -6.180818400000000e+07   1.362e+10   1.000e+00
     14   34475.399      26       0  -6.181393600000000e+07   4.924e+09   1.000e+00
     15   35815.375      27       0  -6.181604000000000e+07   4.073e+09   1.000e+00
     16   37155.957      28       0  -6.181868800000000e+07   4.748e+09   1.000e+00
     17   38495.837      29       0  -6.182239200000000e+07   8.659e+09   1.000e+00
     18   39836.309      30       0  -6.182612000000000e+07   5.170e+09   1.000e+00
     19   41176.690      31       0  -6.182840800000000e+07   3.776e+09   1.000e+00
     20   42516.272      32       0  -6.183126800000000e+07   4.302e+09   1.000e+00
     21   43856.895      33       0  -6.183249600000000e+07   8.534e+09   1.000e+00
     22   45202.630      34       0  -6.183475200000000e+07   4.215e+09   1.000e+00
     23   46543.524      35       0  -6.183675200000000e+07   3.336e+09   1.000e+00
     24   47883.473      36       0  -6.183816000000000e+07   3.710e+09   1.000e+00
     25   49229.862      37       0  -6.184079600000000e+07   6.755e+09   1.000e+00
     26   50576.699      38       0  -6.184243200000000e+07   5.964e+09   1.000e+00
     27   51921.722      39       0  -6.184377200000000e+07   2.897e+09   1.000e+00
     28   53265.103      40       0  -6.184487600000000e+07   2.788e+09   1.000e+00
     29   54610.794      41       0  -6.184619600000000e+07   3.331e+09   1.000e+00
     30   55960.253      42       0  -6.184741200000000e+07   7.724e+09   1.000e+00
     31   57308.839      43       0  -6.184922400000000e+07   3.149e+09   1.000e+00
     32   58656.749      44       0  -6.185010000000000e+07   2.542e+09   1.000e+00
     33   60000.945      45       0  -6.185096800000000e+07   2.898e+09   1.000e+00
     34   61349.876      46       0  -6.185238800000000e+07   4.595e+09   1.000e+00
     35   62694.286      47       0  -6.185378800000000e+07   3.677e+09   1.000e+00
     36   64041.288      48       0  -6.185482800000000e+07   2.426e+09   1.000e+00
     37   65380.426      49       0  -6.185610800000000e+07   2.747e+09   1.000e+00
     38   66724.528      50       0  -6.185682000000000e+07   4.385e+09   1.000e+00
     39   68070.653      51       0  -6.185771600000000e+07   2.631e+09   1.000e+00
     40   69416.327      52       0  -6.185889200000000e+07   2.240e+09   1.000e+00
     41   70766.220      53       0  -6.185963600000000e+07   2.583e+09   1.000e+00
     42   72123.725      54       0  -6.186060800000000e+07   4.855e+09   1.000e+00
     43   73481.836      55       0  -6.186164800000000e+07   2.495e+09   1.000e+00
     44   74847.330      56       0  -6.186219200000000e+07   2.275e+09   1.000e+00
     45   76227.693      57       0  -6.186302400000000e+07   2.570e+09   1.000e+00
     46   77592.355      58       0  -6.186340800000000e+07   6.290e+09   1.000e+00
     47   78956.454      59       0  -6.186439600000000e+07   2.394e+09   1.000e+00
     48   80322.417      60       0  -6.186488000000000e+07   1.718e+09   1.000e+00
     49   81683.010      61       0  -6.186534400000000e+07   2.066e+09   1.000e+00
     50   83043.594      62       0  -6.186611600000000e+07   2.990e+09   1.000e+00
     51   84407.350      63       0  -6.186666000000000e+07   3.839e+09   1.000e+00
     52   85782.642      64       0  -6.186727600000000e+07   1.691e+09   1.000e+00
     53   87161.054      65       0  -6.186771200000000e+07   1.892e+09   1.000e+00
     54   88534.180      66       0  -6.186816800000000e+07   2.137e+09   1.000e+00
     55   89909.791      67       0  -6.186852800000000e+07   4.907e+09   1.000e+00
     56   91284.671      68       0  -6.186918000000000e+07   1.797e+09   1.000e+00
     57   92659.666      69       0  -6.186944800000000e+07   1.456e+09   1.000e+00
     58   94037.497      70       0  -6.186972800000000e+07   1.643e+09   1.000e+00
     59   95413.359      71       0  -6.187022800000000e+07   2.496e+09   1.000e+00
     60   96789.496      72       0  -6.187059600000000e+07   2.626e+09   1.000e+00
     61   98164.021      73       0  -6.187093600000000e+07   1.371e+09   1.000e+00
     62   99545.940      74       0  -6.187125200000000e+07   1.439e+09   1.000e+00
     63  100938.476      75       0  -6.187153200000000e+07   1.595e+09   1.000e+00
     64  102329.795      76       0  -6.187176000000000e+07   3.096e+09   1.000e+00
     65  103723.879      77       0  -6.187206800000000e+07   1.267e+09   1.000e+00
     66  105116.781      78       0  -6.187224800000000e+07   1.227e+09   1.000e+00
     67  106509.646      79       0  -6.187245200000000e+07   1.419e+09   1.000e+00
     68  107898.095      80       0  -6.187282000000000e+07   2.317e+09   1.000e+00
     69  109286.780      81       0  -6.187305600000000e+07   2.414e+09   1.000e+00
     70  110674.811      82       0  -6.187329600000000e+07   1.142e+09   1.000e+00
     71  112065.023      83       0  -6.187347600000000e+07   1.096e+09   1.000e+00
     72  113455.490      84       0  -6.187365600000000e+07   1.249e+09   1.000e+00
     73  114843.905      85       0  -6.187381200000000e+07   3.045e+09   1.000e+00
     74  116245.768      86       0  -6.187407200000000e+07   1.206e+09   1.000e+00
     75  117635.705      87       0  -6.187422400000000e+07   1.069e+09   1.000e+00
     76  119026.843      88       0  -6.187440400000000e+07   1.263e+09   1.000e+00
     77  120414.012      89       0  -6.187467600000000e+07   1.661e+09   1.000e+00
     78  121806.476      90       0  -6.187476400000000e+07   3.165e+09   1.000e+00
     79  123199.091      91       0  -6.187506400000000e+07   1.062e+09   1.000e+00
     80  124590.992      92       0  -6.187516400000000e+07   9.495e+08   1.000e+00
     81  125982.786      93       0  -6.187534400000000e+07   1.198e+09   1.000e+00
     82  127374.865      94       0  -6.187552800000000e+07   2.619e+09   1.000e+00
     83  128766.970      95       0  -6.187576000000000e+07   1.345e+09   1.000e+00
     84  130150.908      96       0  -6.187592400000000e+07   1.001e+09   1.000e+00
     85  131542.555      97       0  -6.187607200000000e+07   1.160e+09   1.000e+00
     86  132935.045      98       0  -6.187627200000000e+07   1.703e+09   1.000e+00
     87  134332.676      99       0  -6.187646400000000e+07   1.491e+09   1.000e+00
     88  135724.199     100       0  -6.187660800000000e+07   9.743e+08   1.000e+00
     89  137113.978     101       0  -6.187682000000000e+07   1.116e+09   1.000e+00
     90  138506.186     102       0  -6.187697600000000e+07   1.622e+09   1.000e+00
     91  139895.112     103       0  -6.187718000000000e+07   1.075e+09   1.000e+00
     92  141286.831     104       0  -6.187737200000000e+07   1.034e+09   1.000e+00
     93  142677.658     105       0  -6.187746000000000e+07   2.060e+09   1.000e+00
     94  144071.228     106       0  -6.187760400000000e+07   9.604e+08   1.000e+00
     95  145462.154     107       0  -6.187770000000000e+07   8.534e+08   1.000e+00
     96  146852.898     108       0  -6.187783200000000e+07   1.082e+09   1.000e+00
     97  148247.259     109       0  -6.187801600000000e+07   1.742e+09   1.000e+00
     98  149643.374     110       0  -6.187817600000000e+07   1.435e+09   1.000e+00
     99  151038.398     111       0  -6.187828000000000e+07   8.368e+08   1.000e+00
    100  152430.242     112       0  -6.187842400000000e+07   8.810e+08   1.000e+00
    101  153823.361     113       0  -6.187850400000000e+07   1.238e+09   1.000e+00
    102  155210.870     114       0  -6.187862800000000e+07   9.313e+08   1.000e+00
    103  156602.430     115       0  -6.187882000000000e+07   8.808e+08   1.000e+00
    104  157994.983     116       0  -6.187888000000000e+07   2.218e+09   1.000e+00
    105  159383.528     117       0  -6.187904000000000e+07   9.151e+08   1.000e+00
    106  160779.202     118       0  -6.187912800000000e+07   7.161e+08   1.000e+00
    107  162174.938     119       0  -6.187924400000000e+07   9.398e+08   1.000e+00
    108  163567.063     120       0  -6.187936800000000e+07   2.042e+09   1.000e+00
    109  164959.117     121       0  -6.187953200000000e+07   1.079e+09   1.000e+00
    110  166350.726     122       0  -6.187965600000000e+07   7.444e+08   1.000e+00
    111  167743.736     123       0  -6.187974400000000e+07   9.022e+08   1.000e+00
    112  169134.169     124       0  -6.187983200000000e+07   1.547e+09   1.000e+00
    113  170526.915     125       0  -6.187993600000000e+07   7.975e+08   1.000e+00
    114  171918.424     126       0  -6.188005200000000e+07   8.369e+08   1.000e+00
    115  173310.961     127       0  -6.188015600000000e+07   9.317e+08   1.000e+00
    116  174703.361     128       0  -6.188021200000000e+07   2.763e+09   1.000e+00
    117  176094.100     129       0  -6.188042000000000e+07   9.068e+08   1.000e+00
    118  177486.399     130       0  -6.188049200000000e+07   6.999e+08   1.000e+00
    119  178875.520     131       0  -6.188057600000000e+07   8.226e+08   1.000e+00
    120  180265.741     132       0  -6.188072000000000e+07   1.336e+09   1.000e+00
    121  181658.183     133       0  -6.188085200000000e+07   1.247e+09   1.000e+00
    122  183050.308     134       0  -6.188094400000000e+07   7.136e+08   1.000e+00
    123  184442.142     135       0  -6.188103600000000e+07   7.984e+08   1.000e+00
    124  185834.778     136       0  -6.188112000000000e+07   1.065e+09   1.000e+00
    125  187223.610     137       0  -6.188122400000000e+07   9.637e+08   1.000e+00
    126  188613.576     138       0  -6.188131200000000e+07   7.258e+08   1.000e+00
    127  190005.445     139       0  -6.188141200000000e+07   7.970e+08   1.000e+00
    128  191398.007     140       0  -6.188149600000000e+07   1.139e+09   1.000e+00
    129  192791.445     141       0  -6.188159200000000e+07   8.314e+08   1.000e+00
    130  194186.620     142       0  -6.188169600000000e+07   9.854e+08   1.000e+00
    131  195574.401     143       0  -6.188177600000000e+07   1.043e+09   1.000e+00
    132  196966.471     144       0  -6.188184400000000e+07   8.085e+08   1.000e+00
    133  198358.954     145       0  -6.188194000000000e+07   8.059e+08   1.000e+00
    134  199750.579     146       0  -6.188201200000000e+07   1.099e+09   1.000e+00
    135  201144.145     147       0  -6.188206400000000e+07   8.901e+08   1.000e+00
    136  202536.003     148       0  -6.188218800000000e+07   9.647e+08   1.000e+00
    137  203930.626     149       0  -6.188224800000000e+07   1.188e+09   1.000e+00
    138  205325.865     150       0  -6.188229600000000e+07   7.736e+08   1.000e+00
    139  206714.569     151       0  -6.188240000000000e+07   6.416e+08   1.000e+00
    140  208107.446     152       0  -6.188245600000000e+07   7.743e+08   1.000e+00
    141  209498.819     153       0  -6.188255600000000e+07   1.090e+09   1.000e+00
    142  210886.827     154       0  -6.188263200000000e+07   1.140e+09   1.000e+00
    143  212275.514     155       0  -6.188268800000000e+07   7.837e+08   1.000e+00
    144  213664.328     156       0  -6.188277600000000e+07   6.376e+08   1.000e+00
    145  215053.337     157       0  -6.188282800000000e+07   9.091e+08   1.000e+00
    146  216446.502     158       0  -6.188288800000000e+07   7.199e+08   1.000e+00
    147  217838.002     159       0  -6.188296400000000e+07   7.575e+08   1.000e+00
    148  219231.336     160       0  -6.188300800000000e+07   9.335e+08   1.000e+00
    149  220622.454     161       0  -6.188305200000000e+07   5.886e+08   1.000e+00
    150  222015.332     162       0  -6.188311200000000e+07   5.246e+08   1.000e+00
    151  223402.514     163       0  -6.188316000000000e+07   6.895e+08   1.000e+00
    152  224797.222     164       0  -6.188323600000000e+07   7.588e+08   1.000e+00
    153  226205.629     165       0  -6.188328800000000e+07   9.553e+08   1.000e+00
    154  227598.416     166       0  -6.188332800000000e+07   5.581e+08   1.000e+00
    155  228990.907     167       0  -6.188336400000000e+07   4.689e+08   1.000e+00
    156  230383.057     168       0  -6.188340400000000e+07   6.286e+08   1.000e+00
    157  231775.326     169       0  -6.188346400000000e+07   8.239e+08   1.000e+00
    158  233166.168     170       0  -6.188350400000000e+07   5.646e+08   1.000e+00
    159  234555.719     171       0  -6.188354800000000e+07   5.299e+08   1.000e+00
    160  235948.789     172       0  -6.188359600000000e+07   6.662e+08   1.000e+00
    161  237342.610     173       0  -6.188363200000000e+07   5.363e+08   1.000e+00
    162  238735.257     174       0  -6.188368800000000e+07   5.733e+08   1.000e+00
    163  240127.299     175       0  -6.188372400000000e+07   6.134e+08   1.000e+00
    164  241515.606     176       0  -6.188376000000000e+07   6.099e+08   1.000e+00
    165  242906.707     177       0  -6.188379200000000e+07   4.926e+08   1.000e+00
    166  244299.419     178       0  -6.188384800000000e+07   9.948e+08   1.000e+00
    167  245687.598     179       0  -6.188388800000000e+07   6.259e+08   1.000e+00
    168  247074.228     180       0  -6.188390800000000e+07   4.549e+08   1.000e+00
    169  248467.061     181       0  -6.188395200000000e+07   4.287e+08   1.000e+00
    170  249858.966     182       0  -6.188396000000000e+07   1.298e+09   1.000e+00
    171  251251.494     183       0  -6.188401200000000e+07   5.326e+08   1.000e+00
    172  252638.377     184       0  -6.188404400000000e+07   3.845e+08   1.000e+00
    173  254031.615     185       0  -6.188406000000000e+07   4.799e+08   1.000e+00
    174  255422.181     186       0  -6.188410800000000e+07   7.110e+08   1.000e+00
    175  256812.078     187       0  -6.188414400000000e+07   8.253e+08   1.000e+00
    176  258201.502     188       0  -6.188417600000000e+07   4.189e+08   1.000e+00
    177  259591.265     189       0  -6.188422000000000e+07   5.729e+08   1.000e+00
    178  260978.478     190       0  -6.188425600000000e+07   6.450e+08   1.000e+00
    179  262370.407     191       0  -6.188430400000000e+07   1.273e+09   1.000e+00
    180  263764.301     192       0  -6.188436000000000e+07   5.385e+08   1.000e+00
    181  265167.393     193       0  -6.188438800000000e+07   4.514e+08   1.000e+00
    182  266568.970     194       0  -6.188442000000000e+07   4.677e+08   1.000e+00
    183  269285.230     196       0  -6.188444000000000e+07   8.427e+08   5.000e-01
    184  270625.416     197       0  -6.188448000000000e+07   5.458e+08   1.000e+00
    185  271965.027     198       0  -6.188451600000000e+07   4.276e+08   1.000e+00
    186  273305.426     199       0  -6.188454800000000e+07   7.239e+08   1.000e+00
    187  274645.468     200       0  -6.188458800000000e+07   5.082e+08   1.000e+00
    188  275985.772     201       0  -6.188460800000000e+07   4.247e+08   1.000e+00
    189  277325.504     202       0  -6.188464800000000e+07   6.556e+08   1.000e+00
    190  278665.810     203       0  -6.188468000000000e+07   6.962e+08   1.000e+00
    191  280005.882     204       0  -6.188471200000000e+07   4.901e+08   1.000e+00
    192  281345.848     205       0  -6.188475200000000e+07   4.667e+08   1.000e+00
    193  282685.853     206       0  -6.188477200000000e+07   8.532e+08   1.000e+00
    194  284025.640     207       0  -6.188479200000000e+07   5.003e+08   1.000e+00
    195  285368.541     208       0  -6.188483600000000e+07   3.675e+08   1.000e+00
    196  286708.761     209       0  -6.188484800000000e+07   4.081e+08   1.000e+00
    197  288048.863     210       0  -6.188486800000000e+07   1.120e+09   1.000e+00
    198  289389.314     211       0  -6.188490800000000e+07   4.433e+08   1.000e+00
    199  290729.312     212       0  -6.188493600000000e+07   4.058e+08   1.000e+00
    200  292068.943     213       0  -6.188496400000000e+07   4.656e+08   1.000e+00
    201  293408.668     214       0  -6.188498800000000e+07   1.053e+09   1.000e+00
    202  294748.556     215       0  -6.188503200000000e+07   5.102e+08   1.000e+00
    203  296088.068     216       0  -6.188505200000000e+07   3.640e+08   1.000e+00
    204  297428.503     217       0  -6.188507200000000e+07   4.077e+08   1.000e+00
    205  298768.811     218       0  -6.188509200000000e+07   8.905e+08   1.000e+00
    206  300108.875     219       0  -6.188511200000000e+07   3.973e+08   1.000e+00
    207  301449.598     220       0  -6.188513200000000e+07   3.592e+08   1.000e+00
    208  302790.081     221       0  -6.188515200000000e+07   4.432e+08   1.000e+00
    209  304131.105     222       0  -6.188518400000000e+07   8.985e+08   1.000e+00
    210  305470.696     223       0  -6.188522400000000e+07   5.318e+08   1.000e+00
    211  306810.960     224       0  -6.188525200000000e+07   3.552e+08   1.000e+00
    212  308150.410     225       0  -6.188526400000000e+07   4.412e+08   1.000e+00
    213  309489.634     226       0  -6.188528800000000e+07   6.033e+08   1.000e+00
    214  310830.557     227       0  -6.188530800000000e+07   4.099e+08   1.000e+00
    215  312169.945     228       0  -6.188533600000000e+07   4.021e+08   1.000e+00
    216  313509.825     229       0  -6.188536000000000e+07   4.984e+08   1.000e+00
    217  314851.738     230       0  -6.188539200000000e+07   4.596e+08   1.000e+00
    218  316205.453     231       0  -6.188542000000000e+07   6.830e+08   1.000e+00
    219  317545.042     232       0  -6.188544400000000e+07   3.798e+08   1.000e+00
    220  318884.684     233       0  -6.188545200000000e+07   3.477e+08   1.000e+00
    221  320225.111     234       0  -6.188548000000000e+07   4.620e+08   1.000e+00
    222  321565.760     235       0  -6.188550000000000e+07   6.890e+08   1.000e+00
    223  322905.348     236       0  -6.188552800000000e+07   4.269e+08   1.000e+00
    224  324244.909     237       0  -6.188556000000000e+07   3.968e+08   1.000e+00
    225  325584.045     238       0  -6.188558000000000e+07   4.556e+08   1.000e+00
    226  326923.853     239       0  -6.188560000000000e+07   7.138e+08   1.000e+00
    227  328263.967     240       0  -6.188562000000000e+07   3.683e+08   1.000e+00
    228  329604.044     241       0  -6.188564000000000e+07   3.632e+08   1.000e+00
    229  330947.156     242       0  -6.188566400000000e+07   4.011e+08   1.000e+00
    230  332286.076     243       0  -6.188568400000000e+07   6.838e+08   1.000e+00
    231  333625.033     244       0  -6.188571600000000e+07   3.981e+08   1.000e+00
    232  334964.827     245       0  -6.188573200000000e+07   3.998e+08   1.000e+00
    233  336305.432     246       0  -6.188575200000000e+07   5.460e+08   1.000e+00
    234  337645.047     247       0  -6.188577200000000e+07   4.813e+08   1.000e+00
    235  338983.992     248       0  -6.188579200000000e+07   3.663e+08   1.000e+00
    236  340323.755     249       0  -6.188582400000000e+07   4.185e+08   1.000e+00
    237  341663.425     250       0  -6.188583600000000e+07   6.023e+08   1.000e+00
    238  343002.906     251       0  -6.188585600000000e+07   4.178e+08   1.000e+00
    239  344355.737     252       0  -6.188588400000000e+07   3.950e+08   1.000e+00
    240  345708.896     253       0  -6.188590400000000e+07   5.623e+08   1.000e+00
    241  347051.465     254       0  -6.188592400000000e+07   4.173e+08   1.000e+00
    242  348390.658     255       0  -6.188594400000000e+07   4.263e+08   1.000e+00
    243  349730.107     256       0  -6.188596000000000e+07   5.536e+08   1.000e+00
    244  373352.076     274       0  -6.188596000000000e+07   5.535e+08   1.915e-06
# Termination: function reduction test satisfied
# Iter.   Time (ms)    Eval. Reject.       Obj. Func.           Grad.       Step
# ---------------------------------------------------------------------------------
      0    1316.180       1       0  -6.084206000000000e+07   1.614e+10   0.000e+00
      1   17084.010      13       0  -6.092145600000000e+07   3.062e+10   7.393e-16
      2   18421.831      14       0  -6.099777200000000e+07   2.235e+10   1.000e+00
      3   19760.363      15       0  -6.106339200000000e+07   2.138e+10   1.000e+00
      4   21100.277      16       0  -6.110926800000000e+07   2.378e+10   1.000e+00
      5   22441.198      17       0  -6.114444000000000e+07   1.757e+10   1.000e+00
      6   23783.657      18       0  -6.116443200000000e+07   1.225e+10   1.000e+00
      7   25127.263      19       0  -6.118112800000000e+07   1.000e+10   1.000e+00
      8   26468.839      20       0  -6.119338400000000e+07   1.365e+10   1.000e+00
      9   27810.199      21       0  -6.120267600000000e+07   8.100e+09   1.000e+00
     10   29151.700      22       0  -6.120861600000000e+07   6.838e+09   1.000e+00
     11   30494.225      23       0  -6.121512400000000e+07   7.210e+09   1.000e+00
     12   31842.613      24       0  -6.121917200000000e+07   1.146e+10   1.000e+00
     13   33183.519      25       0  -6.122395600000000e+07   5.376e+09   1.000e+00
     14   34531.515      26       0  -6.122686000000000e+07   4.513e+09   1.000e+00
     15   35874.288      27       0  -6.122939600000000e+07   4.892e+09   1.000e+00
     16   37217.261      28       0  -6.123178800000000e+07   1.119e+10   1.000e+00
     17   38559.329      29       0  -6.123587200000000e+07   4.416e+09   1.000e+00
     18   39901.186      30       0  -6.123790400000000e+07   4.002e+09   1.000e+00
     19   41242.186      31       0  -6.124028000000000e+07   4.492e+09   1.000e+00
     20   42584.078      32       0  -6.124366800000000e+07   7.096e+09   1.000e+00
     21   43926.911      33       0  -6.124591600000000e+07   6.439e+09   1.000e+00
     22   45270.655      34       0  -6.124770400000000e+07   3.247e+09   1.000e+00
     23   46621.074      35       0  -6.124926400000000e+07   3.374e+09   1.000e+00
     24   47971.826      36       0  -6.125088000000000e+07   3.659e+09   1.000e+00
     25   49313.771      37       0  -6.125237200000000e+07   7.072e+09   1.000e+00
     26   50655.414      38       0  -6.125420400000000e+07   3.052e+09   1.000e+00
     27   51996.911      39       0  -6.125522800000000e+07   2.916e+09   1.000e+00
     28   53338.139      40       0  -6.125642800000000e+07   3.224e+09   1.000e+00
     29   54689.238      41       0  -6.125760400000000e+07   7.733e+09   1.000e+00
     30   56041.790      42       0  -6.125938400000000e+07   3.058e+09   1.000e+00
     31   57394.326      43       0  -6.126025600000000e+07   2.403e+09   1.000e+00
     32   58745.266      44       0  -6.126115600000000e+07   2.830e+09   1.000e+00
     33   60094.499      45       0  -6.126239600000000e+07   4.893e+09   1.000e+00
     34   61447.982      46       0  -6.126365600000000e+07   2.891e+09   1.000e+00
     35   62801.527      47       0  -6.126445600000000e+07   2.210e+09   1.000e+00
     36   64150.015      48       0  -6.126555600000000e+07   2.717e+09   1.000e+00
     37   65501.199      49       0  -6.126600800000000e+07   5.791e+09   1.000e+00
     38   66850.386      50       0  -6.126692000000000e+07   2.689e+09   1.000e+00
     39   68201.088      51       0  -6.126764400000000e+07   2.037e+09   1.000e+00
     40   69549.510      52       0  -6.126822400000000e+07   2.389e+09   1.000e+00
     41   70899.479      53       0  -6.126932400000000e+07   3.665e+09   1.000e+00
     42   72260.497      54       0  -6.126975600000000e+07   5.242e+09   1.000e+00
     43   73619.755      55       0  -6.127060800000000e+07   1.954e+09   1.000e+00
     44   74980.325      56       0  -6.127098000000000e+07   1.740e+09   1.000e+00
     45   76342.124      57       0  -6.127152800000000e+07   2.236e+09   1.000e+00
     46   77700.762      58       0  -6.127228400000000e+07   3.961e+09   1.000e+00
     47   79059.685      59       0  -6.127299200000000e+07   2.474e+09   1.000e+00
     48   80420.481      60       0  -6.127342400000000e+07   1.617e+09   1.000e+00
     49   81780.704      61       0  -6.127395200000000e+07   1.805e+09   1.000e+00
     50   83140.671      62       0  -6.127428000000000e+07   2.985e+09   1.000e+00
     51   84500.418      63       0  -6.127470400000000e+07   1.782e+09   1.000e+00
     52   85860.028      64       0  -6.127524000000000e+07   1.554e+09   1.000e+00
     53   87219.045      65       0  -6.127558400000000e+07   2.038e+09   1.000e+00
     54   88576.945      66       0  -6.127599600000000e+07   1.857e+09   1.000e+00
     55   89936.572      67       0  -6.127632000000000e+07   1.446e+09   1.000e+00
     56   91299.828      68       0  -6.127663600000000e+07   1.533e+09   1.000e+00
     57   92663.804      69       0  -6.127688000000000e+07   1.605e+09   1.000e+00
     58   94023.599      70       0  -6.127716400000000e+07   1.315e+09   1.000e+00
     59   95379.364      71       0  -6.127741600000000e+07   2.030e+09   1.000e+00
     60   96739.746      72       0  -6.127762800000000e+07   1.295e+09   1.000e+00
     61   98100.598      73       0  -6.127777200000000e+07   1.097e+09   1.000e+00
     62   99460.075      74       0  -6.127796800000000e+07   1.539e+09   1.000e+00
     63  100821.595      75       0  -6.127809200000000e+07   1.975e+09   1.000e+00
     64  102183.165      76       0  -6.127821600000000e+07   1.057e+09   1.000e+00
     65  103544.146      77       0  -6.127835600000000e+07   8.808e+08   1.000e+00
     66  104903.964      78       0  -6.127846800000000e+07   9.819e+08   1.000e+00
     67  106262.796      79       0  -6.127859600000000e+07   1.898e+09   1.000e+00
     68  107623.990      80       0  -6.127875600000000e+07   9.580e+08   1.000e+00
     69  108984.403      81       0  -6.127885600000000e+07   9.538e+08   1.000e+00
     70  110344.247      82       0  -6.127903600000000e+07   1.210e+09   1.000e+00
     71  111689.142      83       0  -6.127907200000000e+07   3.032e+09   1.000e+00
     72  113033.015      84       0  -6.127928000000000e+07   1.066e+09   1.000e+00
     73  114377.444      85       0  -6.127935600000000e+07   7.180e+08   1.000e+00
     74  115722.123      86       0  -6.127944000000000e+07   7.955e+08   1.000e+00
     75  117068.084      87       0  -6.127955200000000e+07   8.950e+08   1.000e+00
     76  118414.727      88       0  -6.127956000000000e+07   2.410e+09   1.000e+00
     77  119760.941      89       0  -6.127971600000000e+07   6.728e+08   1.000e+00
     78  121105.909      90       0  -6.127975600000000e+07   6.175e+08   1.000e+00
     79  122451.385      91       0  -6.127985600000000e+07   8.525e+08   1.000e+00
     80  123802.311      92       0  -6.127993600000000e+07   1.784e+09   1.000e+00
     81  125159.608      93       0  -6.128003200000000e+07   8.384e+08   1.000e+00
     82  126519.512      94       0  -6.128009200000000e+07   6.089e+08   1.000e+00
     83  127879.983      95       0  -6.128015200000000e+07   6.254e+08   1.000e+00
     84  129240.135      96       0  -6.128022400000000e+07   1.075e+09   1.000e+00
     85  130600.704      97       0  -6.128029600000000e+07   7.083e+08   1.000e+00
     86  131962.450      98       0  -6.128034400000000e+07   5.679e+08   1.000e+00
     87  133319.983      99       0  -6.128043200000000e+07   7.445e+08   1.000e+00
     88  134680.701     100       0  -6.128045600000000e+07   1.492e+09   1.000e+00
     89  136039.987     101       0  -6.128051600000000e+07   6.493e+08   1.000e+00
     90  137404.415     102       0  -6.128055600000000e+07   4.457e+08   1.000e+00
     91  138763.364     103       0  -6.128058800000000e+07   5.494e+08   1.000e+00
     92  140124.397     104       0  -6.128065200000000e+07   7.070e+08   1.000e+00
     93  142796.258     106       0  -6.128068800000000e+07   9.698e+08   4.533e-01
     94  144138.069     107       0  -6.128073200000000e+07   5.169e+08   1.000e+00
     95  145479.087     108       0  -6.128076800000000e+07   4.258e+08   1.000e+00
     96  146821.596     109       0  -6.128081200000000e+07   5.584e+08   1.000e+00
     97  148162.683     110       0  -6.128083600000000e+07   1.041e+09   1.000e+00
     98  149504.624     111       0  -6.128087200000000e+07   5.301e+08   1.000e+00
     99  150850.366     112       0  -6.128090800000000e+07   4.328e+08   1.000e+00
    100  152202.796     113       0  -6.128092800000000e+07   4.827e+08   1.000e+00
    101  153550.611     114       0  -6.128095200000000e+07   1.316e+09   1.000e+00
    102  154902.369     115       0  -6.128100000000000e+07   4.750e+08   1.000e+00
    103  156254.863     116       0  -6.128101600000000e+07   3.529e+08   1.000e+00
    104  157614.098     117       0  -6.128104400000000e+07   4.123e+08   1.000e+00
    105  158974.034     118       0  -6.128106800000000e+07   5.216e+08   1.000e+00
    106  160335.966     119       0  -6.128107200000000e+07   1.211e+09   1.000e+00
    107  161695.295     120       0  -6.128112000000000e+07   4.196e+08   1.000e+00
    108  163057.113     121       0  -6.128113600000000e+07   3.462e+08   1.000e+00
    109  164416.800     122       0  -6.128115600000000e+07   4.183e+08   1.000e+00
    110  165776.401     123       0  -6.128119200000000e+07   7.194e+08   1.000e+00
    111  167136.397     124       0  -6.128121600000000e+07   5.059e+08   1.000e+00
    112  168496.529     125       0  -6.128124000000000e+07   3.553e+08   1.000e+00
    113  169855.659     126       0  -6.128126400000000e+07   4.609e+08   1.000e+00
    114  171220.897     127       0  -6.128127600000000e+07   7.038e+08   1.000e+00
    115  172574.224     128       0  -6.128129200000000e+07   4.186e+08   1.000e+00
    116  173930.079     129       0  -6.128132400000000e+07   3.825e+08   1.000e+00
    117  175285.488     130       0  -6.128134400000000e+07   4.157e+08   1.000e+00
    118  176645.105     131       0  -6.128136800000000e+07   1.169e+09   1.000e+00
    119  178006.811     132       0  -6.128140800000000e+07   4.426e+08   1.000e+00
    120  179371.603     133       0  -6.128142000000000e+07   3.095e+08   1.000e+00
    121  180742.864     134       0  -6.128144000000000e+07   3.718e+08   1.000e+00
    122  182114.809     135       0  -6.128146000000000e+07   5.854e+08   1.000e+00
    123  183481.824     136       0  -6.128150400000000e+07   5.272e+08   1.000e+00
    124  184847.600     137       0  -6.128152400000000e+07   3.873e+08   1.000e+00
    125  186214.076     138       0  -6.128155200000000e+07   4.424e+08   1.000e+00
    126  187581.432     139       0  -6.128156000000000e+07   4.696e+08   1.000e+00
    127  188948.327     140       0  -6.128157600000000e+07   3.677e+08   1.000e+00
    128  190316.624     141       0  -6.128160800000000e+07   4.638e+08   1.000e+00
    129  191685.388     142       0  -6.128161600000000e+07   7.422e+08   1.000e+00
    130  193052.541     143       0  -6.128163600000000e+07   4.005e+08   1.000e+00
    131  194421.412     144       0  -6.128166000000000e+07   3.356e+08   1.000e+00
    132  195789.064     145       0  -6.128167600000000e+07   3.539e+08   1.000e+00
    133  197156.963     146       0  -6.128169200000000e+07   9.312e+08   1.000e+00
    134  198524.203     147       0  -6.128172400000000e+07   3.150e+08   1.000e+00
    135  199893.116     148       0  -6.128173200000000e+07   2.875e+08   1.000e+00
    136  201261.466     149       0  -6.128175200000000e+07   4.009e+08   1.000e+00
    137  202626.775     150       0  -6.128176800000000e+07   9.093e+08   1.000e+00
    138  203993.894     151       0  -6.128179600000000e+07   4.770e+08   1.000e+00
    139  205358.224     152       0  -6.128181600000000e+07   3.231e+08   1.000e+00
    140  206726.653     153       0  -6.128182800000000e+07   3.324e+08   1.000e+00
    141  208096.850     154       0  -6.128184400000000e+07   9.553e+08   1.000e+00
    142  209464.319     155       0  -6.128186800000000e+07   3.354e+08   1.000e+00
    143  210835.599     156       0  -6.128187600000000e+07   2.839e+08   1.000e+00
    144  212206.196     157       0  -6.128190000000000e+07   3.816e+08   1.000e+00
    145  213573.563     158       0  -6.128192400000000e+07   6.884e+08   1.000e+00
    146  214938.874     159       0  -6.128194000000000e+07   4.209e+08   1.000e+00
    147  216310.082     160       0  -6.128195600000000e+07   3.064e+08   1.000e+00
    148  217681.054     161       0  -6.128197600000000e+07   4.116e+08   1.000e+00
    149  219047.799     162       0  -6.128199200000000e+07   4.146e+08   1.000e+00
    150  220418.025     163       0  -6.128200800000000e+07   3.445e+08   1.000e+00
    151  221786.498     164       0  -6.128202800000000e+07   4.195e+08   1.000e+00
    152  223152.688     165       0  -6.128204800000000e+07   5.027e+08   1.000e+00
    153  225841.620     167       0  -6.128205200000000e+07   4.081e+08   5.000e-01
    154  227190.816     168       0  -6.128207600000000e+07   2.995e+08   1.000e+00
    155  228541.201     169       0  -6.128208400000000e+07   3.850e+08   1.000e+00
    156  229890.845     170       0  -6.128210800000000e+07   3.579e+08   1.000e+00
    157  232556.173     172       0  -6.128212000000000e+07   5.782e+08   5.000e-01
    158  233898.745     173       0  -6.128213200000000e+07   2.973e+08   1.000e+00
    159  235240.933     174       0  -6.128214800000000e+07   2.525e+08   1.000e+00
    160  236583.841     175       0  -6.128216000000000e+07   4.240e+08   1.000e+00
    161  237926.325     176       0  -6.128218000000000e+07   3.833e+08   1.000e+00
    162  239268.026     177       0  -6.128218400000000e+07   3.465e+08   1.000e+00
    163  240610.671     178       0  -6.128221200000000e+07   4.653e+08   1.000e+00
    164  241956.511     179       0  -6.128221600000000e+07   3.076e+08   1.000e+00
    165  243297.220     180       0  -6.128222800000000e+07   2.942e+08   1.000e+00
    166  244638.778     181       0  -6.128224400000000e+07   3.886e+08   1.000e+00
    167  245990.160     182       0  -6.128226000000000e+07   4.380e+08   1.000e+00
    168  247339.085     183       0  -6.128226400000000e+07   2.626e+08   1.000e+00
    169  248689.619     184       0  -6.128228000000000e+07   2.524e+08   1.000e+00
    170  250039.695     185       0  -6.128228800000000e+07   2.930e+08   1.000e+00
    171  251419.416     186       0  -6.128230000000000e+07   3.517e+08   1.000e+00
    172  252798.094     187       0  -6.128230800000000e+07   2.517e+08   1.000e+00
    173  254179.014     188       0  -6.128231600000000e+07   2.881e+08   1.000e+00
    174  255555.088     189       0  -6.128232800000000e+07   4.078e+08   1.000e+00
    175  256933.978     190       0  -6.128234000000000e+07   3.597e+08   1.000e+00
    176  258310.560     191       0  -6.128235600000000e+07   2.828e+08   1.000e+00
    177  259689.979     192       0  -6.128236800000000e+07   2.504e+08   1.000e+00
    178  261049.496     193       0  -6.128237600000000e+07   3.118e+08   1.000e+00
    179  263722.498     195       0  -6.128238000000000e+07   2.475e+08   5.000e-01
    180  265064.833     196       0  -6.128239600000000e+07   3.168e+08   1.000e+00
    181  266406.706     197       0  -6.128240000000000e+07   6.546e+08   1.000e+00
    182  267748.129     198       0  -6.128241200000000e+07   2.548e+08   1.000e+00
    183  286165.752     212       0  -6.128241200000000e+07   2.548e+08   3.122e-06
# Termination: function reduction test satisfied
# Iter.   Time (ms)    Eval. Reject.       Obj. Func.           Grad.       Step
# ---------------------------------------------------------------------------------
      0    1336.424       1       0  -5.498981200000000e+07   1.614e+10   0.000e+00
      1   14713.742      11       0  -5.505046400000000e+07   3.751e+10   9.721e-16
      2   16075.567      12       0  -5.514645200000000e+07   2.279e+10   1.000e+00
      3   17437.071      13       0  -5.520284000000000e+07   2.100e+10   1.000e+00
      4   18799.435      14       0  -5.525180000000000e+07   2.034e+10   1.000e+00
      5   20163.862      15       0  -5.527817200000000e+07   2.262e+10   1.000e+00
      6   21528.476      16       0  -5.530552800000000e+07   1.159e+10   1.000e+00
      7   22893.253      17       0  -5.531795200000000e+07   9.561e+09   1.000e+00
      8   24257.916      18       0  -5.533074400000000e+07   9.562e+09   1.000e+00
      9   25622.341      19       0  -5.533698400000000e+07   1.591e+10   1.000e+00
     10   26987.231      20       0  -5.534604400000000e+07   6.603e+09   1.000e+00
     11   28351.498      21       0  -5.534991600000000e+07   5.616e+09   1.000e+00
     12   29715.849      22       0  -5.535409600000000e+07   5.918e+09   1.000e+00
     13   31080.628      23       0  -5.535730400000000e+07   1.268e+10   1.000e+00
     14   32445.622      24       0  -5.536222400000000e+07   4.547e+09   1.000e+00
     15   33820.321      25       0  -5.536402000000000e+07   3.864e+09   1.000e+00
     16   35192.855      26       0  -5.536635200000000e+07   4.336e+09   1.000e+00
     17   36565.420      27       0  -5.536939600000000e+07   6.844e+09   1.000e+00
     18   37943.719      28       0  -5.537190400000000e+07   5.203e+09   1.000e+00
     19   39327.489      29       0  -5.537357200000000e+07   3.323e+09   1.000e+00
     20   40707.850      30       0  -5.537574400000000e+07   3.467e+09   1.000e+00
     21   42086.688      31       0  -5.537727600000000e+07   5.224e+09   1.000e+00
     22   43471.389      32       0  -5.537900800000000e+07   3.108e+09   1.000e+00
     23   44860.172      33       0  -5.538032000000000e+07   2.860e+09   1.000e+00
     24   46246.214      34       0  -5.538144400000000e+07   4.334e+09   1.000e+00
     25   47629.686      35       0  -5.538257600000000e+07   2.874e+09   1.000e+00
     26   48997.211      36       0  -5.538366800000000e+07   2.734e+09   1.000e+00
     27   50364.415      37       0  -5.538472800000000e+07   3.537e+09   1.000e+00
     28   51733.559      38       0  -5.538566800000000e+07   3.784e+09   1.000e+00
     29   53100.225      39       0  -5.538646800000000e+07   2.363e+09   1.000e+00
     30   54469.230      40       0  -5.538728000000000e+07   2.324e+09   1.000e+00
     31   55838.842      41       0  -5.538797600000000e+07   2.583e+09   1.000e+00
     32   57209.052      42       0  -5.538888400000000e+07   3.447e+09   1.000e+00
     33   58589.558      43       0  -5.538966000000000e+07   2.263e+09   1.000e+00
     34   59972.479      44       0  -5.539029600000000e+07   2.176e+09   1.000e+00
     35   61354.307      45       0  -5.539089200000000e+07   2.438e+09   1.000e+00
     36   62737.423      46       0  -5.539146800000000e+07   3.489e+09   1.000e+00
     37   64117.519      47       0  -5.539205600000000e+07   2.029e+09   1.000e+00
     38   65513.213      48       0  -5.539261600000000e+07   1.971e+09   1.000e+00
     39   66905.263      49       0  -5.539310400000000e+07   2.252e+09   1.000e+00
     40   68295.867      50       0  -5.539362800000000e+07   3.241e+09   1.000e+00
     41   69688.489      51       0  -5.539415600000000e+07   1.670e+09   1.000e+00
     42   71079.256      52       0  -5.539452000000000e+07   1.778e+09   1.000e+00
     43   72472.074      53       0  -5.539501200000000e+07   2.082e+09   1.000e+00
     44   73864.804      54       0  -5.539513600000000e+07   5.133e+09   1.000e+00
     45   75258.685      55       0  -5.539584400000000e+07   1.674e+09   1.000e+00
     46   76653.193      56       0  -5.539607200000000e+07   1.331e+09   1.000e+00
     47   78045.844      57       0  -5.539639600000000e+07   1.542e+09   1.000e+00
     48   79434.651      58       0  -5.539669600000000e+07   3.285e+09   1.000e+00
     49   80827.694      59       0  -5.539708800000000e+07   1.514e+09   1.000e+00
     50   82219.863      60       0  -5.539735600000000e+07   1.258e+09   1.000e+00
     51   83611.903      61       0  -5.539761200000000e+07   1.502e+09   1.000e+00
     52   85003.914      62       0  -5.539779200000000e+07   3.604e+09   1.000e+00
     53   86395.285      63       0  -5.539815200000000e+07   1.415e+09   1.000e+00
     54   87787.977      64       0  -5.539833600000000e+07   1.157e+09   1.000e+00
     55   89179.957      65       0  -5.539852800000000e+07   1.362e+09   1.000e+00
     56   90572.558      66       0  -5.539885600000000e+07   1.728e+09   1.000e+00
     57   93299.861      68       0  -5.539901600000000e+07   1.877e+09   4.575e-01
     58   94665.133      69       0  -5.539918400000000e+07   1.005e+09   1.000e+00
     59   96029.270      70       0  -5.539930400000000e+07   8.861e+08   1.000e+00
     60   97393.454      71       0  -5.539943200000000e+07   1.068e+09   1.000e+00
     61   98758.535      72       0  -5.539953200000000e+07   2.294e+09   1.000e+00
     62  100122.049      73       0  -5.539968400000000e+07   1.039e+09   1.000e+00
     63  101486.688      74       0  -5.539978400000000e+07   7.976e+08   1.000e+00
     64  102851.239      75       0  -5.539985600000000e+07   8.914e+08   1.000e+00
     65  104217.364      76       0  -5.539999200000000e+07   1.529e+09   1.000e+00
     66  105582.025      77       0  -5.540006000000000e+07   1.333e+09   1.000e+00
     67  106947.858      78       0  -5.540012400000000e+07   6.075e+08   1.000e+00
     68  108311.862      79       0  -5.540016000000000e+07   5.606e+08   1.000e+00
     69  109676.052      80       0  -5.540021600000000e+07   7.026e+08   1.000e+00
     70  111041.402      81       0  -5.540029200000000e+07   1.410e+09   1.000e+00
     71  112406.185      82       0  -5.540036800000000e+07   7.972e+08   1.000e+00
     72  113770.970      83       0  -5.540041200000000e+07   5.128e+08   1.000e+00
     73  115136.015      84       0  -5.540046400000000e+07   5.447e+08   1.000e+00
     74  116500.940      85       0  -5.540048800000000e+07   8.662e+08   1.000e+00
     75  117866.399      86       0  -5.540054000000000e+07   5.354e+08   1.000e+00
     76  119230.810      87       0  -5.540058000000000e+07   4.851e+08   1.000e+00
     77  120595.181      88       0  -5.540062400000000e+07   7.063e+08   1.000e+00
     78  121959.267      89       0  -5.540065600000000e+07   6.593e+08   1.000e+00
     79  123324.498      90       0  -5.540068400000000e+07   4.559e+08   1.000e+00
     80  124689.500      91       0  -5.540072000000000e+07   4.631e+08   1.000e+00
     81  126054.207      92       0  -5.540075200000000e+07   5.104e+08   1.000e+00
     82  127418.616      93       0  -5.540078800000000e+07   5.813e+08   1.000e+00
     83  128783.944      94       0  -5.540081200000000e+07   6.707e+08   1.000e+00
     84  130148.408      95       0  -5.540083600000000e+07   3.813e+08   1.000e+00
     85  131513.886      96       0  -5.540085600000000e+07   3.302e+08   1.000e+00
     86  132878.627      97       0  -5.540087200000000e+07   5.008e+08   1.000e+00
     87  134245.250      98       0  -5.540089600000000e+07   4.855e+08   1.000e+00
     88  135611.298      99       0  -5.540092400000000e+07   4.654e+08   1.000e+00
     89  136976.348     100       0  -5.540095200000000e+07   4.627e+08   1.000e+00
     90  138340.928     101       0  -5.540096800000000e+07   3.700e+08   1.000e+00
     91  139706.748     102       0  -5.540098400000000e+07   3.711e+08   1.000e+00
     92  141070.813     103       0  -5.540100800000000e+07   5.784e+08   1.000e+00
     93  142435.637     104       0  -5.540103200000000e+07   4.216e+08   1.000e+00
     94  143800.024     105       0  -5.540105200000000e+07   3.707e+08   1.000e+00
     95  145166.545     106       0  -5.540106400000000e+07   4.769e+08   1.000e+00
     96  146541.742     107       0  -5.540109200000000e+07   3.135e+08   1.000e+00
     97  147918.847     108       0  -5.540109600000000e+07   3.244e+08   1.000e+00
     98  149294.361     109       0  -5.540111200000000e+07   3.583e+08   1.000e+00
     99  150670.201     110       0  -5.540112800000000e+07   6.816e+08   1.000e+00
    100  152044.260     111       0  -5.540115600000000e+07   3.761e+08   1.000e+00
    101  153418.584     112       0  -5.540117600000000e+07   3.527e+08   1.000e+00
    102  154793.266     113       0  -5.540120000000000e+07   5.265e+08   1.000e+00
    103  156178.825     114       0  -5.540121200000000e+07   4.687e+08   1.000e+00
    104  157561.401     115       0  -5.540122400000000e+07   3.101e+08   1.000e+00
    105  158941.357     116       0  -5.540124800000000e+07   3.168e+08   1.000e+00
    106  160320.827     117       0  -5.540126000000000e+07   3.999e+08   1.000e+00
    107  161701.402     118       0  -5.540126800000000e+07   3.335e+08   1.000e+00
    108  163083.631     119       0  -5.540128400000000e+07   6.063e+08   1.000e+00
    109  164467.089     120       0  -5.540131200000000e+07   3.094e+08   1.000e+00
    110  165855.463     121       0  -5.540132000000000e+07   3.047e+08   1.000e+00
    111  167237.484     122       0  -5.540134000000000e+07   4.097e+08   1.000e+00
    112  169953.277     124       0  -5.540135200000000e+07   4.422e+08   5.000e-01
    113  171318.438     125       0  -5.540136400000000e+07   3.371e+08   1.000e+00
    114  172682.863     126       0  -5.540138400000000e+07   3.903e+08   1.000e+00
    115  174047.881     127       0  -5.540140000000000e+07   5.081e+08   1.000e+00
    116  175411.698     128       0  -5.540140800000000e+07   2.944e+08   1.000e+00
    117  176780.312     129       0  -5.540141600000000e+07   2.866e+08   1.000e+00
    118  178145.075     130       0  -5.540143600000000e+07   3.382e+08   1.000e+00
    119  179510.652     131       0  -5.540144800000000e+07   6.940e+08   1.000e+00
    120  180883.387     132       0  -5.540146400000000e+07   3.230e+08   1.000e+00
    121  182253.761     133       0  -5.540147200000000e+07   2.684e+08   1.000e+00
    122  183617.099     134       0  -5.540148800000000e+07   2.886e+08   1.000e+00
    123  184982.540     135       0  -5.540149600000000e+07   8.079e+08   1.000e+00
    124  186347.431     136       0  -5.540150800000000e+07   2.967e+08   1.000e+00
    125  187711.248     137       0  -5.540152000000000e+07   2.105e+08   1.000e+00
    126  189075.674     138       0  -5.540152400000000e+07   2.549e+08   1.000e+00
    127  190439.911     139       0  -5.540153200000000e+07   3.423e+08   1.000e+00
    128  191804.969     140       0  -5.540154000000000e+07   4.390e+08   1.000e+00
    129  193177.265     141       0  -5.540154800000000e+07   2.204e+08   1.000e+00
    130  194548.807     142       0  -5.540156400000000e+07   2.951e+08   1.000e+00
    131  195925.321     143       0  -5.540157600000000e+07   3.330e+08   1.000e+00
    132  197296.934     144       0  -5.540158400000000e+07   6.647e+08   1.000e+00
    133  198672.253     145       0  -5.540160000000000e+07   2.746e+08   1.000e+00
    134  200040.416     146       0  -5.540160400000000e+07   2.366e+08   1.000e+00
    135  201414.123     147       0  -5.540161600000000e+07   2.489e+08   1.000e+00
    136  202787.863     148       0  -5.540162000000000e+07   7.727e+08   1.000e+00
    137  204160.951     149       0  -5.540162800000000e+07   2.572e+08   1.000e+00
    138  205535.683     150       0  -5.540163600000000e+07   1.829e+08   1.000e+00
    139  206906.109     151       0  -5.540164400000000e+07   2.339e+08   1.000e+00
    140  209614.385     153       0  -5.540164800000000e+07   2.464e+08   5.000e-01
    141  212315.688     155       0  -5.540165200000000e+07   3.937e+08   4.088e-01
    142  213681.773     156       0  -5.540166400000000e+07   1.953e+08   1.000e+00
    143  215047.144     157       0  -5.540166800000000e+07   1.758e+08   1.000e+00
    144  216411.452     158       0  -5.540168400000000e+07   3.570e+08   1.000e+00
    145  219112.148     160       0  -5.540168800000000e+07   2.231e+08   5.000e-01
    146  220475.985     161       0  -5.540169600000000e+07   2.592e+08   1.000e+00
    147  244564.931     179       0  -5.540169600000000e+07   2.592e+08   1.820e-06
# Termination: function reduction test satisfied
# Iter.   Time (ms)    Eval. Reject.       Obj. Func.           Grad.       Step
# ---------------------------------------------------------------------------------
      0    1335.189       1       0  -6.149224800000000e+07   1.614e+10   0.000e+00
      1   17362.738      13       0  -6.156592400000000e+07   3.381e+10   8.421e-16
      2   18722.167      14       0  -6.164918800000000e+07   2.256e+10   1.000e+00
      3   20083.866      15       0  -6.171150000000000e+07   2.162e+10   1.000e+00
      4   21450.467      16       0  -6.176065200000000e+07   2.217e+10   1.000e+00
      5   22813.818      17       0  -6.179115600000000e+07   2.131e+10   1.000e+00
      6   24177.837      18       0  -6.181491200000000e+07   1.219e+10   1.000e+00
      7   25542.253      19       0  -6.182988400000000e+07   9.705e+09   1.000e+00
      8   26910.266      20       0  -6.184282400000000e+07   1.036e+10   1.000e+00
      9   28272.878      21       0  -6.185208000000000e+07   1.330e+10   1.000e+00
     10   29636.274      22       0  -6.185998800000000e+07   6.922e+09   1.000e+00
     11   31000.167      23       0  -6.186483200000000e+07   6.143e+09   1.000e+00
     12   32363.361      24       0  -6.187001600000000e+07   6.280e+09   1.000e+00
     13   33730.977      25       0  -6.187190800000000e+07   1.459e+10   1.000e+00
     14   35096.057      26       0  -6.187819600000000e+07   5.052e+09   1.000e+00
     15   36459.694      27       0  -6.188031200000000e+07   4.001e+09   1.000e+00
     16   37822.109      28       0  -6.188286400000000e+07   4.709e+09   1.000e+00
     17   39185.732      29       0  -6.188680800000000e+07   7.509e+09   1.000e+00
     18   40551.655      30       0  -6.189018000000000e+07   6.509e+09   1.000e+00
     19   41918.310      31       0  -6.189266400000000e+07   3.763e+09   1.000e+00
     20   43284.393      32       0  -6.189531600000000e+07   4.063e+09   1.000e+00
     21   44652.692      33       0  -6.189726000000000e+07   5.330e+09   1.000e+00
     22   46020.797      34       0  -6.189964800000000e+07   3.681e+09   1.000e+00
     23   47388.096      35       0  -6.190176800000000e+07   3.730e+09   1.000e+00
     24   48754.434      36       0  -6.190354400000000e+07   5.431e+09   1.000e+00
     25   50119.457      37       0  -6.190522800000000e+07   3.472e+09   1.000e+00
     26   51489.614      38       0  -6.190678400000000e+07   3.269e+09   1.000e+00
     27   52854.616      39       0  -6.190833600000000e+07   3.917e+09   1.000e+00
     28   54218.530      40       0  -6.190936400000000e+07   7.154e+09   1.000e+00
     29   55581.634      41       0  -6.191109200000000e+07   3.030e+09   1.000e+00
     30   56951.219      42       0  -6.191207200000000e+07   2.700e+09   1.000e+00
     31   58319.920      43       0  -6.191317600000000e+07   3.058e+09   1.000e+00
     32   59682.885      44       0  -6.191419600000000e+07   7.250e+09   1.000e+00
     33   61046.265      45       0  -6.191584400000000e+07   2.980e+09   1.000e+00
     34   62414.735      46       0  -6.191677600000000e+07   2.468e+09   1.000e+00
     35   63783.550      47       0  -6.191770800000000e+07   2.860e+09   1.000e+00
     36   65147.423      48       0  -6.191914000000000e+07   4.655e+09   1.000e+00
     37   66512.090      49       0  -6.192027600000000e+07   3.881e+09   1.000e+00
     38   67875.778      50       0  -6.192110000000000e+07   2.285e+09   1.000e+00
     39   69239.889      51       0  -6.192209600000000e+07   2.569e+09   1.000e+00
     40   70607.594      52       0  -6.192296000000000e+07   3.284e+09   1.000e+00
     41   71974.787      53       0  -6.192401600000000e+07   3.047e+09   1.000e+00
     42   73339.699      54       0  -6.192491200000000e+07   2.419e+09   1.000e+00
     43   74708.659      55       0  -6.192587200000000e+07   2.661e+09   1.000e+00
     44   76075.814      56       0  -6.192662000000000e+07   3.399e+09   1.000e+00
     45   77444.654      57       0  -6.192739200000000e+07   2.443e+09   1.000e+00
     46   78812.760      58       0  -6.192827600000000e+07   2.616e+09   1.000e+00
     47   80182.560      59       0  -6.192889200000000e+07   3.577e+09   1.000e+00
     48   81556.799      60       0  -6.192944000000000e+07   2.404e+09   1.000e+00
     49   82930.852      61       0  -6.193018000000000e+07   1.916e+09   1.000e+00
     50   84301.847      62       0  -6.193063600000000e+07   2.400e+09   1.000e+00
     51   85676.836      63       0  -6.193134800000000e+07   2.415e+09   1.000e+00
     52   87047.454      64       0  -6.193176000000000e+07   4.973e+09   1.000e+00
     53   88419.920      65       0  -6.193249600000000e+07   1.844e+09   1.000e+00
     54   89788.648      66       0  -6.193287600000000e+07   1.603e+09   1.000e+00
     55   91159.958      67       0  -6.193328400000000e+07   1.881e+09   1.000e+00
     56   92529.504      68       0  -6.193380800000000e+07   3.568e+09   1.000e+00
     57   93901.730      69       0  -6.193436000000000e+07   1.863e+09   1.000e+00
     58   95273.122      70       0  -6.193464400000000e+07   1.359e+09   1.000e+00
     59   96643.623      71       0  -6.193500000000000e+07   1.563e+09   1.000e+00
     60   98016.692      72       0  -6.193524000000000e+07   3.224e+09   1.000e+00
     61   99389.195      73       0  -6.193559200000000e+07   1.735e+09   1.000e+00
     62  100757.810      74       0  -6.193598400000000e+07   1.401e+09   1.000e+00
     63  102134.021      75       0  -6.193623600000000e+07   1.475e+09   1.000e+00
     64  103497.946      76       0  -6.193646800000000e+07   3.861e+09   1.000e+00
     65  104867.242      77       0  -6.193688400000000e+07   1.315e+09   1.000e+00
     66  106236.854      78       0  -6.193704800000000e+07   1.157e+09   1.000e+00
     67  107609.732      79       0  -6.193732400000000e+07   1.338e+09   1.000e+00
     68  108980.070      80       0  -6.193771200000000e+07   2.593e+09   1.000e+00
     69  110352.211      81       0  -6.193808400000000e+07   1.664e+09   1.000e+00
     70  111723.904      82       0  -6.193830400000000e+07   1.151e+09   1.000e+00
     71  113095.686      83       0  -6.193856800000000e+07   1.266e+09   1.000e+00
     72  114468.684      84       0  -6.193877200000000e+07   2.060e+09   1.000e+00
     73  115858.850      85       0  -6.193902800000000e+07   1.336e+09   1.000e+00
     74  117249.475      86       0  -6.193932000000000e+07   1.219e+09   1.000e+00
     75  118637.485      87       0  -6.193955200000000e+07   1.645e+09   1.000e+00
     76  120027.810      88       0  -6.193985600000000e+07   1.501e+09   1.000e+00
     77  121416.733      89       0  -6.194012400000000e+07   1.590e+09   1.000e+00
     78  122805.831      90       0  -6.194039200000000e+07   1.375e+09   1.000e+00
     79  124195.252      91       0  -6.194061200000000e+07   1.337e+09   1.000e+00
     80  125587.045      92       0  -6.194088400000000e+07   1.581e+09   1.000e+00
     81  126979.761      93       0  -6.194116400000000e+07   1.599e+09   1.000e+00
     82  128370.719      94       0  -6.194141200000000e+07   1.437e+09   1.000e+00
     83  129759.553      95       0  -6.194163600000000e+07   1.346e+09   1.000e+00
     84  131162.234      96       0  -6.194184000000000e+07   1.434e+09   1.000e+00
     85  132550.202      97       0  -6.194207200000000e+07   1.233e+09   1.000e+00
     86  133937.338      98       0  -6.194231600000000e+07   1.512e+09   1.000e+00
     87  135327.279      99       0  -6.194252400000000e+07   1.625e+09   1.000e+00
     88  136714.665     100       0  -6.194272400000000e+07   1.224e+09   1.000e+00
     89  138102.371     101       0  -6.194296400000000e+07   1.319e+09   1.000e+00
     90  139490.952     102       0  -6.194315200000000e+07   2.271e+09   1.000e+00
     91  140877.717     103       0  -6.194337600000000e+07   1.396e+09   1.000e+00
     92  142271.172     104       0  -6.194363200000000e+07   1.183e+09   1.000e+00
     93  143658.532     105       0  -6.194382000000000e+07   1.478e+09   1.000e+00
     94  145045.488     106       0  -6.194410000000000e+07   1.622e+09   1.000e+00
     95  146433.497     107       0  -6.194434800000000e+07   1.858e+09   1.000e+00
     96  147823.335     108       0  -6.194462000000000e+07   1.493e+09   1.000e+00
     97  149215.750     109       0  -6.194499600000000e+07   1.393e+09   1.000e+00
     98  150607.579     110       0  -6.194529600000000e+07   2.023e+09   1.000e+00
     99  151994.928     111       0  -6.194561600000000e+07   1.455e+09   1.000e+00
    100  153385.017     112       0  -6.194585200000000e+07   1.585e+09   1.000e+00
    101  154774.526     113       0  -6.194602400000000e+07   1.311e+09   1.000e+00
    102  156164.642     114       0  -6.194623600000000e+07   1.242e+09   1.000e+00
    103  157555.145     115       0  -6.194649600000000e+07   1.985e+09   1.000e+00
    104  158943.268     116       0  -6.194678400000000e+07   1.420e+09   1.000e+00
    105  160338.796     117       0  -6.194704000000000e+07   1.312e+09   1.000e+00
    106  161734.814     118       0  -6.194726000000000e+07   1.613e+09   1.000e+00
    107  163124.528     119       0  -6.194748000000000e+07   1.182e+09   1.000e+00
    108  164517.310     120       0  -6.194774800000000e+07   1.485e+09   1.000e+00
    109  165907.048     121       0  -6.194799200000000e+07   1.457e+09   1.000e+00
    110  167299.301     122       0  -6.194822800000000e+07   1.358e+09   1.000e+00
    111  168688.305     123       0  -6.194849600000000e+07   1.986e+09   1.000e+00
    112  170080.103     124       0  -6.194875600000000e+07   1.314e+09   1.000e+00
    113  171483.923     125       0  -6.194896000000000e+07   1.238e+09   1.000e+00
    114  172892.643     126       0  -6.194920000000000e+07   1.702e+09   1.000e+00
    115  174295.692     127       0  -6.194945200000000e+07   1.858e+09   1.000e+00
    116  175710.276     128       0  -6.194965200000000e+07   1.272e+09   1.000e+00
    117  177112.323     129       0  -6.194985600000000e+07   1.191e+09   1.000e+00
    118  178521.569     130       0  -6.195005200000000e+07   1.474e+09   1.000e+00
    119  179927.850     131       0  -6.195034800000000e+07   1.542e+09   1.000e+00
    120  181336.129     132       0  -6.195062400000000e+07   1.442e+09   1.000e+00
    121  182745.070     133       0  -6.195092400000000e+07   1.360e+09   1.000e+00
    122  184152.297     134       0  -6.195115200000000e+07   1.467e+09   1.000e+00
    123  185560.237     135       0  -6.195138400000000e+07   1.457e+09   1.000e+00
    124  186968.502     136       0  -6.195163200000000e+07   1.322e+09   1.000e+00
    125  188372.441     137       0  -6.195185200000000e+07   1.475e+09   1.000e+00
    126  189778.521     138       0  -6.195202800000000e+07   1.424e+09   1.000e+00
    127  191189.904     139       0  -6.195218400000000e+07   1.065e+09   1.000e+00
    128  192594.198     140       0  -6.195241200000000e+07   1.315e+09   1.000e+00
    129  194001.768     141       0  -6.195252800000000e+07   2.127e+09   1.000e+00
    130  195404.165     142       0  -6.195267600000000e+07   1.142e+09   1.000e+00
    131  196808.182     143       0  -6.195283600000000e+07   9.796e+08   1.000e+00
    132  198215.291     144       0  -6.195298800000000e+07   1.185e+09   1.000e+00
    133  199601.984     145       0  -6.195322000000000e+07   2.260e+09   1.000e+00
    134  200990.952     146       0  -6.195347600000000e+07   1.471e+09   1.000e+00
    135  202381.224     147       0  -6.195365600000000e+07   1.133e+09   1.000e+00
    136  203769.804     148       0  -6.195400000000000e+07   1.327e+09   1.000e+00
    137  205158.742     149       0  -6.195409600000000e+07   2.886e+09   1.000e+00
    138  206549.881     150       0  -6.195431200000000e+07   1.379e+09   1.000e+00
    139  207940.030     151       0  -6.195448800000000e+07   9.487e+08   1.000e+00
    140  209329.062     152       0  -6.195463200000000e+07   1.149e+09   1.000e+00
    141  210719.708     153       0  -6.195484800000000e+07   1.730e+09   1.000e+00
    142  212111.636     154       0  -6.195504000000000e+07   1.697e+09   1.000e+00
    143  213500.273     155       0  -6.195520000000000e+07   9.971e+08   1.000e+00
    144  214890.926     156       0  -6.195539200000000e+07   1.161e+09   1.000e+00
    145  216277.671     157       0  -6.195554800000000e+07   1.384e+09   1.000e+00
    146  217667.130     158       0  -6.195578000000000e+07   1.344e+09   1.000e+00
    147  219044.979     159       0  -6.195597200000000e+07   1.297e+09   1.000e+00
    148  220429.545     160       0  -6.195614800000000e+07   1.103e+09   1.000e+00
    149  221810.141     161       0  -6.195629600000000e+07   1.157e+09   1.000e+00
    150  223190.059     162       0  -6.195643600000000e+07   1.122e+09   1.000e+00
    151  224568.277     163       0  -6.195657200000000e+07   1.036e+09   1.000e+00
    152  225949.307     164       0  -6.195671600000000e+07   1.014e+09   1.000e+00
    153  227329.315     165       0  -6.195684400000000e+07   1.431e+09   1.000e+00
    154  228709.834     166       0  -6.195695600000000e+07   9.586e+08   1.000e+00
    155  230089.282     167       0  -6.195704400000000e+07   8.627e+08   1.000e+00
    156  231473.510     168       0  -6.195718000000000e+07   1.286e+09   1.000e+00
    157  232852.776     169       0  -6.195728800000000e+07   1.630e+09   1.000e+00
    158  234233.922     170       0  -6.195740400000000e+07   1.013e+09   1.000e+00
    159  235611.366     171       0  -6.195754000000000e+07   8.471e+08   1.000e+00
    160  236997.688     172       0  -6.195764000000000e+07   9.831e+08   1.000e+00
    161  238378.025     173       0  -6.195778000000000e+07   1.485e+09   1.000e+00
    162  239759.582     174       0  -6.195792000000000e+07   9.615e+08   1.000e+00
    163  241141.045     175       0  -6.195806400000000e+07   1.100e+09   1.000e+00
    164  242523.523     176       0  -6.195824400000000e+07   1.261e+09   1.000e+00
    165  243906.261     177       0  -6.195826400000000e+07   3.256e+09   1.000e+00
    166  245294.647     178       0  -6.195850000000000e+07   1.015e+09   1.000e+00
    167  246685.451     179       0  -6.195857200000000e+07   6.745e+08   1.000e+00
    168  248073.686     180       0  -6.195866400000000e+07   8.561e+08   1.000e+00
    169  249463.532     181       0  -6.195878800000000e+07   1.030e+09   1.000e+00
    170  250856.968     182       0  -6.195886400000000e+07   2.770e+09   1.000e+00
    171  252249.777     183       0  -6.195907600000000e+07   9.348e+08   1.000e+00
    172  253638.257     184       0  -6.195916800000000e+07   7.802e+08   1.000e+00
    173  255024.118     185       0  -6.195929600000000e+07   9.609e+08   1.000e+00
    174  256415.078     186       0  -6.195941200000000e+07   2.294e+09   1.000e+00
    175  257804.503     187       0  -6.195957600000000e+07   1.161e+09   1.000e+00
    176  259196.102     188       0  -6.195969600000000e+07   8.083e+08   1.000e+00
    177  260586.612     189       0  -6.195978800000000e+07   9.146e+08   1.000e+00
    178  261970.117     190       0  -6.195993200000000e+07   1.356e+09   1.000e+00
    179  263354.771     191       0  -6.196004400000000e+07   1.512e+09   1.000e+00
    180  264737.453     192       0  -6.196014400000000e+07   7.898e+08   1.000e+00
    181  266117.797     193       0  -6.196025200000000e+07   8.380e+08   1.000e+00
    182  267499.475     194       0  -6.196035200000000e+07   9.536e+08   1.000e+00
    183  268877.352     195       0  -6.196044800000000e+07   2.383e+09   1.000e+00
    184  270257.741     196       0  -6.196062400000000e+07   9.265e+08   1.000e+00
    185  271636.661     197       0  -6.196070400000000e+07   8.050e+08   1.000e+00
    186  273017.536     198       0  -6.196079600000000e+07   9.202e+08   1.000e+00
    187  274397.305     199       0  -6.196094000000000e+07   1.767e+09   1.000e+00
    188  275777.703     200       0  -6.196110000000000e+07   1.027e+09   1.000e+00
    189  277156.791     201       0  -6.196120800000000e+07   7.999e+08   1.000e+00
    190  278538.109     202       0  -6.196136000000000e+07   1.115e+09   1.000e+00
    191  279915.983     203       0  -6.196142800000000e+07   1.863e+09   1.000e+00
    192  281300.642     204       0  -6.196152800000000e+07   9.426e+08   1.000e+00
    193  282679.750     205       0  -6.196163600000000e+07   7.479e+08   1.000e+00
    194  284068.166     206       0  -6.196171600000000e+07   8.781e+08   1.000e+00
    195  285456.083     207       0  -6.196182800000000e+07   2.061e+09   1.000e+00
    196  286844.759     208       0  -6.196196800000000e+07   9.792e+08   1.000e+00
    197  288233.995     209       0  -6.196204400000000e+07   7.227e+08   1.000e+00
    198  289620.182     210       0  -6.196213600000000e+07   8.268e+08   1.000e+00
    199  291010.688     211       0  -6.196223200000000e+07   1.216e+09   1.000e+00
    200  292398.117     212       0  -6.196235200000000e+07   1.098e+09   1.000e+00
    201  293784.645     213       0  -6.196245600000000e+07   8.080e+08   1.000e+00
    202  295173.946     214       0  -6.196259200000000e+07   1.133e+09   1.000e+00
    203  296563.038     215       0  -6.196267200000000e+07   1.152e+09   1.000e+00
    204  297952.289     216       0  -6.196275200000000e+07   8.686e+08   1.000e+00
    205  299339.855     217       0  -6.196291200000000e+07   9.973e+08   1.000e+00
    206  300730.517     218       0  -6.196296000000000e+07   1.760e+09   1.000e+00
    207  302127.296     219       0  -6.196304000000000e+07   8.939e+08   1.000e+00
    208  303532.278     220       0  -6.196311600000000e+07   6.097e+08   1.000e+00
    209  304944.427     221       0  -6.196317600000000e+07   7.850e+08   1.000e+00
    210  306356.324     222       0  -6.196329200000000e+07   1.092e+09   1.000e+00
    211  309103.587     224       0  -6.196338400000000e+07   1.400e+09   5.000e-01
    212  310468.101     225       0  -6.196348800000000e+07   7.979e+08   1.000e+00
    213  311830.924     226       0  -6.196357200000000e+07   6.878e+08   1.000e+00
    214  313194.021     227       0  -6.196366000000000e+07   8.886e+08   1.000e+00
    215  314557.171     228       0  -6.196376000000000e+07   1.430e+09   1.000e+00
    216  315920.217     229       0  -6.196386000000000e+07   8.464e+08   1.000e+00
    217  317283.936     230       0  -6.196395600000000e+07   7.165e+08   1.000e+00
    218  318648.156     231       0  -6.196400800000000e+07   7.933e+08   1.000e+00
    219  320011.456     232       0  -6.196412000000000e+07   8.805e+08   1.000e+00
    220  321383.382     233       0  -6.196418800000000e+07   1.438e+09   1.000e+00
    221  322754.983     234       0  -6.196425600000000e+07   7.415e+08   1.000e+00
    222  324127.893     235       0  -6.196433600000000e+07   6.353e+08   1.000e+00
    223  325503.822     236       0  -6.196440400000000e+07   8.055e+08   1.000e+00
    224  326887.208     237       0  -6.196447600000000e+07   1.499e+09   1.000e+00
    225  328255.236     238       0  -6.196458000000000e+07   7.569e+08   1.000e+00
    226  329617.901     239       0  -6.196464400000000e+07   6.889e+08   1.000e+00
    227  330984.045     240       0  -6.196470400000000e+07   7.925e+08   1.000e+00
    228  332352.450     241       0  -6.196474800000000e+07   1.936e+09   1.000e+00
    229  333719.098     242       0  -6.196484800000000e+07   7.514e+08   1.000e+00
    230  335096.498     243       0  -6.196490400000000e+07   6.005e+08   1.000e+00
    231  336478.426     244       0  -6.196496800000000e+07   7.452e+08   1.000e+00
    232  337856.974     245       0  -6.196505600000000e+07   1.123e+09   1.000e+00
    233  339243.763     246       0  -6.196514400000000e+07   1.049e+09   1.000e+00
    234  340638.315     247       0  -6.196521200000000e+07   6.137e+08   1.000e+00
    235  342029.835     248       0  -6.196528000000000e+07   7.462e+08   1.000e+00
    236  343419.068     249       0  -6.196534800000000e+07   8.974e+08   1.000e+00
    237  344806.443     250       0  -6.196544800000000e+07   9.339e+08   1.000e+00
    238  346196.038     251       0  -6.196554000000000e+07   7.707e+08   1.000e+00
    239  347587.442     252       0  -6.196563200000000e+07   1.049e+09   1.000e+00
    240  348976.046     253       0  -6.196570000000000e+07   8.997e+08   1.000e+00
    241  350361.844     254       0  -6.196576400000000e+07   7.110e+08   1.000e+00
    242  351750.847     255       0  -6.196584800000000e+07   8.022e+08   1.000e+00
    243  353138.832     256       0  -6.196586400000000e+07   2.005e+09   1.000e+00
    244  354526.720     257       0  -6.196595600000000e+07   7.601e+08   1.000e+00
    245  355921.119     258       0  -6.196600000000000e+07   5.004e+08   1.000e+00
    246  357311.398     259       0  -6.196604000000000e+07   6.530e+08   1.000e+00
    247  358699.369     260       0  -6.196610800000000e+07   7.771e+08   1.000e+00
    248  360092.186     261       0  -6.196612800000000e+07   2.238e+09   1.000e+00
    249  361489.809     262       0  -6.196626400000000e+07   6.912e+08   1.000e+00
    250  362896.897     263       0  -6.196631200000000e+07   5.714e+08   1.000e+00
    251  364286.330     264       0  -6.196637600000000e+07   7.100e+08   1.000e+00
    252  365671.945     265       0  -6.196646000000000e+07   1.539e+09   1.000e+00
    253  367056.728     266       0  -6.196654400000000e+07   7.200e+08   1.000e+00
    254  368443.026     267       0  -6.196658400000000e+07   5.515e+08   1.000e+00
    255  369829.302     268       0  -6.196664400000000e+07   7.193e+08   1.000e+00
    256  371218.138     269       0  -6.196670800000000e+07   1.174e+09   1.000e+00
    257  372601.035     270       0  -6.196678400000000e+07   8.133e+08   1.000e+00
    258  374004.804     271       0  -6.196686000000000e+07   6.240e+08   1.000e+00
    259  375411.349     272       0  -6.196694000000000e+07   8.386e+08   1.000e+00
    260  376820.495     273       0  -6.196699600000000e+07   1.098e+09   1.000e+00
    261  378229.023     274       0  -6.196704800000000e+07   7.029e+08   1.000e+00
    262  379637.823     275       0  -6.196714000000000e+07   6.406e+08   1.000e+00
    263  381042.625     276       0  -6.196719200000000e+07   7.332e+08   1.000e+00
    264  382450.689     277       0  -6.196728000000000e+07   8.979e+08   1.000e+00
    265  383861.288     278       0  -6.196734800000000e+07   8.519e+08   1.000e+00
    266  385268.710     279       0  -6.196740000000000e+07   6.753e+08   1.000e+00
    267  386676.501     280       0  -6.196746800000000e+07   6.791e+08   1.000e+00
    268  388084.187     281       0  -6.196751600000000e+07   1.014e+09   1.000e+00
    269  389487.331     282       0  -6.196756800000000e+07   6.545e+08   1.000e+00
    270  390897.194     283       0  -6.196764400000000e+07   5.900e+08   1.000e+00
    271  392304.446     284       0  -6.196768400000000e+07   8.207e+08   1.000e+00
    272  393712.748     285       0  -6.196774800000000e+07   6.448e+08   1.000e+00
    273  395119.072     286       0  -6.196780000000000e+07   1.049e+09   1.000e+00
    274  396524.240     287       0  -6.196786800000000e+07   6.036e+08   1.000e+00
    275  397927.420     288       0  -6.196790800000000e+07   5.736e+08   1.000e+00
    276  399336.148     289       0  -6.196797200000000e+07   8.605e+08   1.000e+00
    277  400741.827     290       0  -6.196802400000000e+07   1.016e+09   1.000e+00
    278  402155.472     291       0  -6.196807600000000e+07   6.193e+08   1.000e+00
    279  403558.983     292       0  -6.196813600000000e+07   5.797e+08   1.000e+00
    280  404967.233     293       0  -6.196818400000000e+07   6.986e+08   1.000e+00
    281  406371.975     294       0  -6.196825200000000e+07   7.142e+08   1.000e+00
    282  407776.239     295       0  -6.196830800000000e+07   7.929e+08   1.000e+00
    283  409180.475     296       0  -6.196836800000000e+07   6.804e+08   1.000e+00
    284  410587.987     297       0  -6.196843200000000e+07   6.902e+08   1.000e+00
    285  411995.563     298       0  -6.196848400000000e+07   1.122e+09   1.000e+00
    286  413398.955     299       0  -6.196854000000000e+07   6.388e+08   1.000e+00
    287  414805.006     300       0  -6.196860000000000e+07   5.609e+08   1.000e+00
    288  416209.844     301       0  -6.196863200000000e+07   6.640e+08   1.000e+00
    289  417611.123     302       0  -6.196869600000000e+07   9.439e+08   1.000e+00
    290  419015.534     303       0  -6.196875200000000e+07   6.543e+08   1.000e+00
    291  420422.996     304       0  -6.196879200000000e+07   6.177e+08   1.000e+00
    292  421827.916     305       0  -6.196885200000000e+07   6.567e+08   1.000e+00
    293  423235.554     306       0  -6.196888400000000e+07   1.424e+09   1.000e+00
    294  424644.738     307       0  -6.196893600000000e+07   6.180e+08   1.000e+00
    295  426052.005     308       0  -6.196898000000000e+07   4.679e+08   1.000e+00
    296  427460.759     309       0  -6.196901200000000e+07   5.606e+08   1.000e+00
    297  428864.406     310       0  -6.196906000000000e+07   1.002e+09   1.000e+00
    298  430275.433     311       0  -6.196910400000000e+07   5.785e+08   1.000e+00
    299  431685.822     312       0  -6.196914400000000e+07   5.233e+08   1.000e+00
    300  433087.228     313       0  -6.196919200000000e+07   6.862e+08   1.000e+00
    301  434491.439     314       0  -6.196922400000000e+07   1.153e+09   1.000e+00
    302  435900.298     315       0  -6.196927200000000e+07   5.996e+08   1.000e+00
    303  437308.106     316       0  -6.196931200000000e+07   5.032e+08   1.000e+00
    304  438716.239     317       0  -6.196934400000000e+07   5.504e+08   1.000e+00
    305  440120.315     318       0  -6.196938000000000e+07   1.318e+09   1.000e+00
    306  441530.727     319       0  -6.196943600000000e+07   5.362e+08   1.000e+00
    307  442941.287     320       0  -6.196947200000000e+07   4.667e+08   1.000e+00
    308  444348.707     321       0  -6.196951600000000e+07   5.538e+08   1.000e+00
    309  445757.895     322       0  -6.196954400000000e+07   1.355e+09   1.000e+00
    310  447164.700     323       0  -6.196959200000000e+07   6.239e+08   1.000e+00
    311  448568.234     324       0  -6.196962800000000e+07   4.666e+08   1.000e+00
    312  449976.396     325       0  -6.196966000000000e+07   5.258e+08   1.000e+00
    313  451378.917     326       0  -6.196971200000000e+07   9.253e+08   1.000e+00
    314  452788.326     327       0  -6.196975600000000e+07   6.032e+08   1.000e+00
    315  454196.778     328       0  -6.196978400000000e+07   4.294e+08   1.000e+00
    316  455603.720     329       0  -6.196983200000000e+07   5.166e+08   1.000e+00
    317  457011.229     330       0  -6.196986800000000e+07   9.699e+08   1.000e+00
    318  458415.519     331       0  -6.196992000000000e+07   5.951e+08   1.000e+00
    319  459825.275     332       0  -6.196996000000000e+07   4.902e+08   1.000e+00
    320  461238.200     333       0  -6.196998400000000e+07   6.585e+08   1.000e+00
    321  462638.983     334       0  -6.197002800000000e+07   5.452e+08   1.000e+00
    322  464048.726     335       0  -6.197006800000000e+07   7.259e+08   1.000e+00
    323  465451.071     336       0  -6.197011200000000e+07   5.404e+08   1.000e+00
    324  466854.781     337       0  -6.197014000000000e+07   5.090e+08   1.000e+00
    325  468262.505     338       0  -6.197018400000000e+07   9.390e+08   1.000e+00
    326  469668.644     339       0  -6.197022800000000e+07   6.853e+08   1.000e+00
    327  471071.552     340       0  -6.197026400000000e+07   4.809e+08   1.000e+00
    328  472476.463     341       0  -6.197030000000000e+07   4.596e+08   1.000e+00
    329  473878.776     342       0  -6.197033200000000e+07   8.566e+08   1.000e+00
    330  475284.642     343       0  -6.197036000000000e+07   5.634e+08   1.000e+00
    331  476691.372     344       0  -6.197040800000000e+07   4.545e+08   1.000e+00
    332  478101.539     345       0  -6.197043600000000e+07   6.307e+08   1.000e+00
    333  479507.741     346       0  -6.197047600000000e+07   5.845e+08   1.000e+00
    334  480916.251     347       0  -6.197051200000000e+07   1.154e+09   1.000e+00
    335  482324.493     348       0  -6.197056400000000e+07   5.160e+08   1.000e+00
    336  483732.127     349       0  -6.197058400000000e+07   4.653e+08   1.000e+00
    337  485139.709     350       0  -6.197062400000000e+07   5.880e+08   1.000e+00
    338  486549.048     351       0  -6.197064400000000e+07   1.384e+09   1.000e+00
    339  487954.732     352       0  -6.197069200000000e+07   5.258e+08   1.000e+00
    340  489359.738     353       0  -6.197071200000000e+07   3.893e+08   1.000e+00
    341  490770.481     354       0  -6.197074400000000e+07   5.108e+08   1.000e+00
    342  492187.850     355       0  -6.197078800000000e+07   7.517e+08   1.000e+00
    343  493591.223     356       0  -6.197083200000000e+07   7.202e+08   1.000e+00
    344  495000.770     357       0  -6.197086000000000e+07   4.057e+08   1.000e+00
    345  496408.185     358       0  -6.197089200000000e+07   5.076e+08   1.000e+00
    346  497811.900     359       0  -6.197092000000000e+07   6.473e+08   1.000e+00
    347  499218.979     360       0  -6.197096800000000e+07   5.508e+08   1.000e+00
    348  500628.917     361       0  -6.197101600000000e+07   4.979e+08   1.000e+00
    349  502035.132     362       0  -6.197104800000000e+07   8.633e+08   1.000e+00
    350  503444.663     363       0  -6.197108800000000e+07   5.750e+08   1.000e+00
    351  504852.801     364       0  -6.197112400000000e+07   4.916e+08   1.000e+00
    352  506290.103     365       0  -6.197115600000000e+07   5.964e+08   1.000e+00
    353  507726.648     366       0  -6.197116800000000e+07   1.560e+09   1.000e+00
    354  509157.767     367       0  -6.197122000000000e+07   5.579e+08   1.000e+00
    355  510590.514     368       0  -6.197124800000000e+07   3.817e+08   1.000e+00
    356  512022.477     369       0  -6.197127200000000e+07   4.946e+08   1.000e+00
    357  513455.520     370       0  -6.197130800000000e+07   5.832e+08   1.000e+00
    358  514889.976     371       0  -6.197132400000000e+07   1.455e+09   1.000e+00
    359  516323.320     372       0  -6.197138800000000e+07   4.410e+08   1.000e+00
    360  517754.575     373       0  -6.197140800000000e+07   4.265e+08   1.000e+00
    361  519186.538     374       0  -6.197145600000000e+07   5.194e+08   1.000e+00
    362  520621.792     375       0  -6.197146800000000e+07   1.522e+09   1.000e+00
    363  522038.915     376       0  -6.197152400000000e+07   5.467e+08   1.000e+00
    364  523444.688     377       0  -6.197154400000000e+07   3.766e+08   1.000e+00
    365  524844.949     378       0  -6.197156800000000e+07   4.792e+08   1.000e+00
    366  526248.671     379       0  -6.197160000000000e+07   5.620e+08   1.000e+00
    367  527654.496     380       0  -6.197162800000000e+07   1.461e+09   1.000e+00
    368  529059.830     381       0  -6.197168000000000e+07   4.908e+08   1.000e+00
    369  530472.013     382       0  -6.197170800000000e+07   3.856e+08   1.000e+00
    370  531883.024     383       0  -6.197174000000000e+07   4.718e+08   1.000e+00
    371  533287.063     384       0  -6.197176400000000e+07   1.327e+09   1.000e+00
    372  534696.782     385       0  -6.197180400000000e+07   5.912e+08   1.000e+00
    373  536104.656     386       0  -6.197183600000000e+07   4.013e+08   1.000e+00
    374  537518.088     387       0  -6.197185600000000e+07   4.755e+08   1.000e+00
    375  538932.823     388       0  -6.197190000000000e+07   5.770e+08   1.000e+00
    376  541677.631     390       0  -6.197192000000000e+07   8.224e+08   4.378e-01
    377  543040.507     391       0  -6.197196000000000e+07   4.776e+08   1.000e+00
    378  544412.092     392       0  -6.197198800000000e+07   4.034e+08   1.000e+00
    379  545780.692     393       0  -6.197202000000000e+07   5.848e+08   1.000e+00
    380  547149.068     394       0  -6.197205200000000e+07   4.839e+08   1.000e+00
    381  548517.189     395       0  -6.197208400000000e+07   5.216e+08   1.000e+00
    382  549890.162     396       0  -6.197210800000000e+07   6.737e+08   1.000e+00
    383  551264.325     397       0  -6.197214000000000e+07   4.674e+08   1.000e+00
    384  552635.179     398       0  -6.197218000000000e+07   4.348e+08   1.000e+00
    385  554008.531     399       0  -6.197220800000000e+07   6.357e+08   1.000e+00
    386  555377.107     400       0  -6.197223200000000e+07   4.783e+08   1.000e+00
    387  556744.743     401       0  -6.197226800000000e+07   6.287e+08   1.000e+00
    388  558112.856     402       0  -6.197228400000000e+07   4.642e+08   1.000e+00
    389  559483.060     403       0  -6.197230800000000e+07   4.394e+08   1.000e+00
    390  560853.556     404       0  -6.197234000000000e+07   6.247e+08   1.000e+00
    391  562224.714     405       0  -6.197235200000000e+07   1.076e+09   1.000e+00
    392  563595.672     406       0  -6.197238400000000e+07   4.309e+08   1.000e+00
    393  564967.336     407       0  -6.197240800000000e+07   3.320e+08   1.000e+00
    394  566336.136     408       0  -6.197242800000000e+07   4.387e+08   1.000e+00
    395  567704.445     409       0  -6.197245200000000e+07   7.466e+08   1.000e+00
    396  569073.015     410       0  -6.197247600000000e+07   4.605e+08   1.000e+00
    397  570445.601     411       0  -6.197249600000000e+07   3.545e+08   1.000e+00
    398  571815.224     412       0  -6.197252800000000e+07   4.464e+08   1.000e+00
    399  573187.438     413       0  -6.197254400000000e+07   9.241e+08   1.000e+00
    400  574559.562     414       0  -6.197257200000000e+07   4.351e+08   1.000e+00
    401  575929.852     415       0  -6.197258800000000e+07   3.467e+08   1.000e+00
    402  577300.309     416       0  -6.197260400000000e+07   4.046e+08   1.000e+00
    403  578671.528     417       0  -6.197264400000000e+07   7.048e+08   1.000e+00
    404  580046.400     418       0  -6.197266800000000e+07   5.999e+08   1.000e+00
    405  581416.054     419       0  -6.197269200000000e+07   3.466e+08   1.000e+00
    406  582784.687     420       0  -6.197270800000000e+07   3.915e+08   1.000e+00
    407  584155.130     421       0  -6.197272800000000e+07   5.086e+08   1.000e+00
    408  585523.780     422       0  -6.197275600000000e+07   4.054e+08   1.000e+00
    409  586892.322     423       0  -6.197278800000000e+07   4.396e+08   1.000e+00
    410  588259.996     424       0  -6.197280000000000e+07   1.011e+09   1.000e+00
    411  589629.311     425       0  -6.197283200000000e+07   4.056e+08   1.000e+00
    412  591001.651     426       0  -6.197284400000000e+07   3.343e+08   1.000e+00
    413  592374.429     427       0  -6.197287600000000e+07   4.290e+08   1.000e+00
    414  593744.115     428       0  -6.197289600000000e+07   9.095e+08   1.000e+00
    415  595111.600     429       0  -6.197292800000000e+07   4.795e+08   1.000e+00
    416  596480.487     430       0  -6.197295600000000e+07   3.394e+08   1.000e+00
    417  597848.661     431       0  -6.197296800000000e+07   4.002e+08   1.000e+00
    418  599219.486     432       0  -6.197298800000000e+07   7.824e+08   1.000e+00
    419  600588.914     433       0  -6.197301600000000e+07   3.887e+08   1.000e+00
    420  601958.451     434       0  -6.197303600000000e+07   3.626e+08   1.000e+00
    421  603328.618     435       0  -6.197306400000000e+07   4.363e+08   1.000e+00
    422  604699.887     436       0  -6.197306800000000e+07   1.218e+09   1.000e+00
    423  606071.741     437       0  -6.197310800000000e+07   4.814e+08   1.000e+00
    424  607444.067     438       0  -6.197312800000000e+07   3.152e+08   1.000e+00
    425  608812.876     439       0  -6.197314400000000e+07   3.678e+08   1.000e+00
    426  610188.774     440       0  -6.197316800000000e+07   4.662e+08   1.000e+00
    427  612894.308     442       0  -6.197318400000000e+07   6.370e+08   5.000e-01
    428  614257.195     443       0  -6.197322000000000e+07   3.846e+08   1.000e+00
    429  615619.175     444       0  -6.197323600000000e+07   3.611e+08   1.000e+00
    430  616983.026     445       0  -6.197326000000000e+07   5.459e+08   1.000e+00
    431  618345.731     446       0  -6.197328400000000e+07   4.264e+08   1.000e+00
    432  619710.837     447       0  -6.197330800000000e+07   3.895e+08   1.000e+00
    433  621086.337     448       0  -6.197333600000000e+07   6.138e+08   1.000e+00
    434  622459.814     449       0  -6.197335200000000e+07   3.947e+08   1.000e+00
    435  623828.648     450       0  -6.197337600000000e+07   3.795e+08   1.000e+00
    436  625197.668     451       0  -6.197339600000000e+07   5.136e+08   1.000e+00
    437  626568.930     452       0  -6.197340800000000e+07   7.378e+08   1.000e+00
    438  627941.414     453       0  -6.197343600000000e+07   3.794e+08   1.000e+00
    439  629313.429     454       0  -6.197345200000000e+07   3.191e+08   1.000e+00
    440  630686.250     455       0  -6.197346400000000e+07   3.701e+08   1.000e+00
    441  632055.955     456       0  -6.197348000000000e+07   8.187e+08   1.000e+00
    442  633426.881     457       0  -6.197350400000000e+07   3.522e+08   1.000e+00
    443  634799.672     458       0  -6.197352000000000e+07   3.393e+08   1.000e+00
    444  636169.074     459       0  -6.197354400000000e+07   3.840e+08   1.000e+00
    445  637538.844     460       0  -6.197356000000000e+07   9.247e+08   1.000e+00
    446  638909.061     461       0  -6.197358800000000e+07   3.969e+08   1.000e+00
    447  640287.302     462       0  -6.197360000000000e+07   3.027e+08   1.000e+00
    448  641660.487     463       0  -6.197360800000000e+07   3.477e+08   1.000e+00
    449  643032.069     464       0  -6.197363200000000e+07   5.381e+08   1.000e+00
    450  644400.331     465       0  -6.197365600000000e+07   5.291e+08   1.000e+00
    451  645769.144     466       0  -6.197367600000000e+07   3.136e+08   1.000e+00
    452  647141.512     467       0  -6.197368800000000e+07   3.483e+08   1.000e+00
    453  648512.861     468       0  -6.197370400000000e+07   4.618e+08   1.000e+00
    454  649885.183     469       0  -6.197372400000000e+07   4.393e+08   1.000e+00
    455  651258.165     470       0  -6.197374400000000e+07   3.413e+08   1.000e+00
    456  652626.554     471       0  -6.197375600000000e+07   3.970e+08   1.000e+00
    457  653999.402     472       0  -6.197378000000000e+07   4.754e+08   1.000e+00
    458  655368.108     473       0  -6.197379200000000e+07   3.617e+08   1.000e+00
    459  656739.549     474       0  -6.197381600000000e+07   4.819e+08   1.000e+00
    460  658108.651     475       0  -6.197383200000000e+07   5.841e+08   1.000e+00
    461  659480.145     476       0  -6.197384400000000e+07   3.672e+08   1.000e+00
    462  660849.534     477       0  -6.197386000000000e+07   2.784e+08   1.000e+00
    463  662221.031     478       0  -6.197387600000000e+07   3.222e+08   1.000e+00
    464  663593.044     479       0  -6.197388400000000e+07   1.002e+09   1.000e+00
    465  664963.960     480       0  -6.197390400000000e+07   3.374e+08   1.000e+00
    466  666337.076     481       0  -6.197392000000000e+07   2.656e+08   1.000e+00
    467  667708.168     482       0  -6.197393200000000e+07   3.327e+08   1.000e+00
    468  669081.263     483       0  -6.197395200000000e+07   5.039e+08   1.000e+00
    469  670456.152     484       0  -6.197397200000000e+07   4.842e+08   1.000e+00
    470  671828.192     485       0  -6.197398400000000e+07   2.963e+08   1.000e+00
    471  673197.684     486       0  -6.197400400000000e+07   3.263e+08   1.000e+00
    472  674569.550     487       0  -6.197401600000000e+07   4.145e+08   1.000e+00
    473  675940.131     488       0  -6.197403200000000e+07   4.106e+08   1.000e+00
    474  677311.655     489       0  -6.197404400000000e+07   3.383e+08   1.000e+00
    475  678684.687     490       0  -6.197406400000000e+07   3.298e+08   1.000e+00
    476  680052.208     491       0  -6.197408000000000e+07   4.678e+08   1.000e+00
    477  681425.811     492       0  -6.197409200000000e+07   3.463e+08   1.000e+00
    478  682796.957     493       0  -6.197411600000000e+07   3.290e+08   1.000e+00
    479  684168.231     494       0  -6.197412400000000e+07   3.966e+08   1.000e+00
    480  685539.463     495       0  -6.197414000000000e+07   3.779e+08   1.000e+00
    481  686909.213     496       0  -6.197415200000000e+07   2.855e+08   1.000e+00
    482  688280.372     497       0  -6.197416800000000e+07   3.682e+08   1.000e+00
    483  689652.026     498       0  -6.197418000000000e+07   6.777e+08   1.000e+00
    484  691023.556     499       0  -6.197419600000000e+07   3.103e+08   1.000e+00
    485  692395.101     500       0  -6.197420000000000e+07   2.598e+08   1.000e+00
    486  693764.691     501       0  -6.197421600000000e+07   3.154e+08   1.000e+00
    487  695133.144     502       0  -6.197423200000000e+07   6.447e+08   1.000e+00
    488  696505.130     503       0  -6.197425200000000e+07   3.151e+08   1.000e+00
    489  723233.432     523       0  -6.197425200000000e+07   3.150e+08   1.904e-06
# Termination: function reduction test satisfied
# Iter.   Time (ms)    Eval. Reject.       Obj. Func.           Grad.       Step
# ---------------------------------------------------------------------------------
      0    1341.969       1       0  -6.149166000000000e+07   1.614e+10   0.000e+00
      1   17360.104      13       0  -6.156534800000000e+07   3.380e+10   8.420e-16
      2   18719.087      14       0  -6.164860000000000e+07   2.256e+10   1.000e+00
      3   20077.887      15       0  -6.171091600000000e+07   2.162e+10   1.000e+00
      4   21438.237      16       0  -6.176006800000000e+07   2.218e+10   1.000e+00
      5   22802.640      17       0  -6.179057200000000e+07   2.131e+10   1.000e+00
      6   24164.882      18       0  -6.181432400000000e+07   1.219e+10   1.000e+00
      7   25527.495      19       0  -6.182929600000000e+07   9.705e+09   1.000e+00
      8   26889.680      20       0  -6.184223600000000e+07   1.036e+10   1.000e+00
      9   28252.883      21       0  -6.185150400000000e+07   1.329e+10   1.000e+00
     10   29614.755      22       0  -6.185939600000000e+07   6.922e+09   1.000e+00
     11   30977.650      23       0  -6.186424400000000e+07   6.143e+09   1.000e+00
     12   32339.814      24       0  -6.186942800000000e+07   6.281e+09   1.000e+00
     13   33702.484      25       0  -6.187132800000000e+07   1.458e+10   1.000e+00
     14   35065.566      26       0  -6.187761600000000e+07   5.050e+09   1.000e+00
     15   36429.995      27       0  -6.187972400000000e+07   4.002e+09   1.000e+00
     16   37794.234      28       0  -6.188227600000000e+07   4.709e+09   1.000e+00
     17   39157.724      29       0  -6.188622000000000e+07   7.515e+09   1.000e+00
     18   40520.494      30       0  -6.188959200000000e+07   6.499e+09   1.000e+00
     19   41883.334      31       0  -6.189207600000000e+07   3.763e+09   1.000e+00
     20   43245.889      32       0  -6.189473200000000e+07   4.062e+09   1.000e+00
     21   44607.849      33       0  -6.189667200000000e+07   5.343e+09   1.000e+00
     22   45970.337      34       0  -6.189905200000000e+07   3.675e+09   1.000e+00
     23   47332.897      35       0  -6.190119200000000e+07   3.725e+09   1.000e+00
     24   48696.147      36       0  -6.190294000000000e+07   5.479e+09   1.000e+00
     25   50058.083      37       0  -6.190464000000000e+07   3.459e+09   1.000e+00
     26   51421.254      38       0  -6.190618800000000e+07   3.264e+09   1.000e+00
     27   52787.336      39       0  -6.190773200000000e+07   3.875e+09   1.000e+00
     28   54150.404      40       0  -6.190870400000000e+07   7.403e+09   1.000e+00
     29   55513.420      41       0  -6.191050800000000e+07   3.031e+09   1.000e+00
     30   56875.910      42       0  -6.191145600000000e+07   2.670e+09   1.000e+00
     31   58238.788      43       0  -6.191257200000000e+07   3.053e+09   1.000e+00
     32   59601.862      44       0  -6.191365600000000e+07   7.040e+09   1.000e+00
     33   60963.816      45       0  -6.191526400000000e+07   3.004e+09   1.000e+00
     34   62326.278      46       0  -6.191621600000000e+07   2.469e+09   1.000e+00
     35   63688.570      47       0  -6.191716800000000e+07   2.849e+09   1.000e+00
     36   65051.659      48       0  -6.191850000000000e+07   4.975e+09   1.000e+00
     37   66415.683      49       0  -6.191972400000000e+07   3.256e+09   1.000e+00
     38   67777.989      50       0  -6.192048800000000e+07   2.295e+09   1.000e+00
     39   69141.868      51       0  -6.192163600000000e+07   2.677e+09   1.000e+00
     40   70504.539      52       0  -6.192230000000000e+07   5.078e+09   1.000e+00
     41   71867.053      53       0  -6.192321200000000e+07   2.730e+09   1.000e+00
     42   73229.649      54       0  -6.192417200000000e+07   2.246e+09   1.000e+00
     43   74592.189      55       0  -6.192482400000000e+07   2.406e+09   1.000e+00
     44   75955.805      56       0  -6.192543200000000e+07   6.724e+09   1.000e+00
     45   77318.954      57       0  -6.192671600000000e+07   2.254e+09   1.000e+00
     46   78689.329      58       0  -6.192719200000000e+07   1.863e+09   1.000e+00
     47   80060.947      59       0  -6.192789600000000e+07   2.228e+09   1.000e+00
     48   81437.822      60       0  -6.192884400000000e+07   3.757e+09   1.000e+00
     49   82808.861      61       0  -6.192971600000000e+07   2.954e+09   1.000e+00
     50   84177.863      62       0  -6.193028000000000e+07   1.851e+09   1.000e+00
     51   85549.097      63       0  -6.193086800000000e+07   2.003e+09   1.000e+00
     52   86921.808      64       0  -6.193129200000000e+07   2.855e+09   1.000e+00
     53   88289.794      65       0  -6.193183600000000e+07   1.825e+09   1.000e+00
     54   89657.709      66       0  -6.193244400000000e+07   1.741e+09   1.000e+00
     55   91029.765      67       0  -6.193281200000000e+07   3.434e+09   1.000e+00
     56   92401.454      68       0  -6.193328000000000e+07   1.762e+09   1.000e+00
     57   93772.870      69       0  -6.193366800000000e+07   1.503e+09   1.000e+00
     58   95141.994      70       0  -6.193400800000000e+07   1.703e+09   1.000e+00
     59   96511.120      71       0  -6.193436000000000e+07   3.984e+09   1.000e+00
     60   97889.042      72       0  -6.193487600000000e+07   1.644e+09   1.000e+00
     61   99261.920      73       0  -6.193515200000000e+07   1.269e+09   1.000e+00
     62  100632.639      74       0  -6.193541200000000e+07   1.486e+09   1.000e+00
     63  102004.960      75       0  -6.193569200000000e+07   3.141e+09   1.000e+00
     64  103373.079      76       0  -6.193607600000000e+07   1.578e+09   1.000e+00
     65  104744.768      77       0  -6.193635200000000e+07   1.265e+09   1.000e+00
     66  106114.226      78       0  -6.193661200000000e+07   1.454e+09   1.000e+00
     67  107483.792      79       0  -6.193682800000000e+07   3.419e+09   1.000e+00
     68  108856.309      80       0  -6.193718400000000e+07   1.418e+09   1.000e+00
     69  110224.291      81       0  -6.193738800000000e+07   1.159e+09   1.000e+00
     70  111592.780      82       0  -6.193760000000000e+07   1.396e+09   1.000e+00
     71  112962.397      83       0  -6.193798000000000e+07   2.084e+09   1.000e+00
     72  114332.830      84       0  -6.193822400000000e+07   2.766e+09   1.000e+00
     73  115704.781      85       0  -6.193851200000000e+07   1.180e+09   1.000e+00
     74  117076.854      86       0  -6.193869600000000e+07   1.207e+09   1.000e+00
     75  118450.414      87       0  -6.193889200000000e+07   1.401e+09   1.000e+00
     76  119822.072      88       0  -6.193906400000000e+07   3.575e+09   1.000e+00
     77  121193.831      89       0  -6.193940800000000e+07   1.420e+09   1.000e+00
     78  122564.197      90       0  -6.193960400000000e+07   1.119e+09   1.000e+00
     79  123936.263      91       0  -6.193978000000000e+07   1.319e+09   1.000e+00
     80  125307.574      92       0  -6.194010000000000e+07   1.967e+09   1.000e+00
     81  126680.206      93       0  -6.194033600000000e+07   2.357e+09   1.000e+00
     82  128057.738      94       0  -6.194059200000000e+07   1.142e+09   1.000e+00
     83  129429.219      95       0  -6.194080000000000e+07   1.306e+09   1.000e+00
     84  130800.351      96       0  -6.194103200000000e+07   1.464e+09   1.000e+00
     85  132169.309      97       0  -6.194127200000000e+07   3.262e+09   1.000e+00
     86  133537.253      98       0  -6.194159600000000e+07   1.382e+09   1.000e+00
     87  134909.108      99       0  -6.194178400000000e+07   1.156e+09   1.000e+00
     88  136277.251     100       0  -6.194194400000000e+07   1.323e+09   1.000e+00
     89  137646.297     101       0  -6.194227200000000e+07   1.983e+09   1.000e+00
     90  139016.588     102       0  -6.194252400000000e+07   2.276e+09   1.000e+00
     91  140388.333     103       0  -6.194278000000000e+07   1.147e+09   1.000e+00
     92  141756.788     104       0  -6.194299600000000e+07   1.210e+09   1.000e+00
     93  143128.486     105       0  -6.194321600000000e+07   1.337e+09   1.000e+00
     94  144497.356     106       0  -6.194338000000000e+07   3.404e+09   1.000e+00
     95  145868.992     107       0  -6.194370800000000e+07   1.223e+09   1.000e+00
     96  147240.932     108       0  -6.194385600000000e+07   1.054e+09   1.000e+00
     97  148611.326     109       0  -6.194402800000000e+07   1.233e+09   1.000e+00
     98  149981.704     110       0  -6.194430000000000e+07   2.216e+09   1.000e+00
     99  151352.816     111       0  -6.194458800000000e+07   1.521e+09   1.000e+00
    100  152723.413     112       0  -6.194479600000000e+07   1.091e+09   1.000e+00
    101  154092.652     113       0  -6.194509600000000e+07   1.288e+09   1.000e+00
    102  155465.587     114       0  -6.194522800000000e+07   2.671e+09   1.000e+00
    103  156837.029     115       0  -6.194545200000000e+07   1.416e+09   1.000e+00
    104  158207.219     116       0  -6.194570800000000e+07   1.134e+09   1.000e+00
    105  159577.980     117       0  -6.194589600000000e+07   1.305e+09   1.000e+00
    106  160949.767     118       0  -6.194628000000000e+07   2.217e+09   1.000e+00
    107  162321.524     119       0  -6.194650800000000e+07   2.742e+09   1.000e+00
    108  163692.173     120       0  -6.194678800000000e+07   1.156e+09   1.000e+00
    109  165061.296     121       0  -6.194696400000000e+07   1.154e+09   1.000e+00
    110  166429.826     122       0  -6.194717600000000e+07   1.368e+09   1.000e+00
    111  167800.242     123       0  -6.194742000000000e+07   3.538e+09   1.000e+00
    112  169172.946     124       0  -6.194779200000000e+07   1.548e+09   1.000e+00
    113  170545.476     125       0  -6.194798400000000e+07   1.150e+09   1.000e+00
    114  171917.054     126       0  -6.194817600000000e+07   1.306e+09   1.000e+00
    115  173285.336     127       0  -6.194845600000000e+07   1.815e+09   1.000e+00
    116  174655.548     128       0  -6.194868400000000e+07   2.477e+09   1.000e+00
    117  176025.018     129       0  -6.194893600000000e+07   1.153e+09   1.000e+00
    118  177398.104     130       0  -6.194913600000000e+07   1.279e+09   1.000e+00
    119  178772.860     131       0  -6.194936000000000e+07   1.452e+09   1.000e+00
    120  180142.299     132       0  -6.194952400000000e+07   3.784e+09   1.000e+00
    121  181516.059     133       0  -6.194988800000000e+07   1.321e+09   1.000e+00
    122  182892.757     134       0  -6.195004000000000e+07   1.038e+09   1.000e+00
    123  184275.384     135       0  -6.195021200000000e+07   1.217e+09   1.000e+00
    124  185655.938     136       0  -6.195049600000000e+07   1.900e+09   1.000e+00
    125  187039.134     137       0  -6.195074000000000e+07   2.044e+09   1.000e+00
    126  188421.846     138       0  -6.195095600000000e+07   1.055e+09   1.000e+00
    127  189806.227     139       0  -6.195114400000000e+07   1.199e+09   1.000e+00
    128  191187.090     140       0  -6.195134800000000e+07   1.355e+09   1.000e+00
    129  192568.272     141       0  -6.195154000000000e+07   2.762e+09   1.000e+00
    130  193945.016     142       0  -6.195180000000000e+07   1.184e+09   1.000e+00
    131  195322.230     143       0  -6.195195600000000e+07   1.095e+09   1.000e+00
    132  196703.027     144       0  -6.195212800000000e+07   1.226e+09   1.000e+00
    133  198085.462     145       0  -6.195239200000000e+07   2.351e+09   1.000e+00
    134  199466.745     146       0  -6.195263600000000e+07   1.458e+09   1.000e+00
    135  200847.752     147       0  -6.195279200000000e+07   1.007e+09   1.000e+00
    136  202225.212     148       0  -6.195301200000000e+07   1.123e+09   1.000e+00
    137  203610.534     149       0  -6.195315200000000e+07   2.189e+09   1.000e+00
    138  204991.552     150       0  -6.195334800000000e+07   1.270e+09   1.000e+00
    139  206372.069     151       0  -6.195355200000000e+07   1.003e+09   1.000e+00
    140  207753.538     152       0  -6.195369600000000e+07   1.138e+09   1.000e+00
    141  209133.653     153       0  -6.195389600000000e+07   2.287e+09   1.000e+00
    142  210515.136     154       0  -6.195411600000000e+07   1.223e+09   1.000e+00
    143  211894.912     155       0  -6.195422400000000e+07   1.031e+09   1.000e+00
    144  213275.258     156       0  -6.195441600000000e+07   1.126e+09   1.000e+00
    145  214655.598     157       0  -6.195453600000000e+07   2.937e+09   1.000e+00
    146  216032.921     158       0  -6.195475200000000e+07   1.332e+09   1.000e+00
    147  217417.775     159       0  -6.195490800000000e+07   9.154e+08   1.000e+00
    148  218801.767     160       0  -6.195502000000000e+07   1.009e+09   1.000e+00
    149  220182.339     161       0  -6.195520400000000e+07   1.708e+09   1.000e+00
    150  221561.346     162       0  -6.195537600000000e+07   1.346e+09   1.000e+00
    151  222941.767     163       0  -6.195549200000000e+07   8.812e+08   1.000e+00
    152  224317.660     164       0  -6.195567200000000e+07   1.081e+09   1.000e+00
    153  225699.810     165       0  -6.195580800000000e+07   1.621e+09   1.000e+00
    154  227076.782     166       0  -6.195598800000000e+07   1.053e+09   1.000e+00
    155  228454.568     167       0  -6.195616400000000e+07   9.442e+08   1.000e+00
    156  229834.836     168       0  -6.195625600000000e+07   1.903e+09   1.000e+00
    157  231215.529     169       0  -6.195638000000000e+07   9.740e+08   1.000e+00
    158  232596.561     170       0  -6.195650800000000e+07   8.960e+08   1.000e+00
    159  233973.314     171       0  -6.195661200000000e+07   1.042e+09   1.000e+00
    160  235354.815     172       0  -6.195681600000000e+07   1.756e+09   1.000e+00
    161  236735.524     173       0  -6.195694800000000e+07   1.694e+09   1.000e+00
    162  238113.372     174       0  -6.195706000000000e+07   7.892e+08   1.000e+00
    163  239490.381     175       0  -6.195714800000000e+07   8.038e+08   1.000e+00
    164  240870.933     176       0  -6.195726000000000e+07   9.854e+08   1.000e+00
    165  242251.155     177       0  -6.195734400000000e+07   2.383e+09   1.000e+00
    166  243631.162     178       0  -6.195751600000000e+07   9.270e+08   1.000e+00
    167  245010.493     179       0  -6.195760400000000e+07   7.795e+08   1.000e+00
    168  246391.644     180       0  -6.195768400000000e+07   8.906e+08   1.000e+00
    169  247771.368     181       0  -6.195782000000000e+07   1.779e+09   1.000e+00
    170  249151.104     182       0  -6.195797200000000e+07   1.023e+09   1.000e+00
    171  250531.632     183       0  -6.195807600000000e+07   7.536e+08   1.000e+00
    172  251908.913     184       0  -6.195821600000000e+07   9.701e+08   1.000e+00
    173  253286.955     185       0  -6.195833200000000e+07   1.754e+09   1.000e+00
    174  254668.326     186       0  -6.195846400000000e+07   1.082e+09   1.000e+00
    175  256046.814     187       0  -6.195864000000000e+07   8.806e+08   1.000e+00
    176  257459.110     188       0  -6.195873600000000e+07   1.125e+09   1.000e+00
    177  258855.008     189       0  -6.195888400000000e+07   9.659e+08   1.000e+00
    178  260288.398     190       0  -6.195901600000000e+07   1.261e+09   1.000e+00
    179  261689.013     191       0  -6.195914000000000e+07   9.358e+08   1.000e+00
    180  263075.256     192       0  -6.195924400000000e+07   8.870e+08   1.000e+00
    181  264468.432     193       0  -6.195936000000000e+07   1.122e+09   1.000e+00
    182  265859.517     194       0  -6.195948800000000e+07   1.152e+09   1.000e+00
    183  267255.954     195       0  -6.195961200000000e+07   9.376e+08   1.000e+00
    184  268649.406     196       0  -6.195972400000000e+07   9.024e+08   1.000e+00
    185  270047.827     197       0  -6.195980000000000e+07   1.099e+09   1.000e+00
    186  271442.285     198       0  -6.195989600000000e+07   7.929e+08   1.000e+00
    187  272837.144     199       0  -6.196002000000000e+07   8.997e+08   1.000e+00
    188  274235.706     200       0  -6.196006800000000e+07   1.633e+09   1.000e+00
    189  275632.468     201       0  -6.196014800000000e+07   8.785e+08   1.000e+00
    190  277036.262     202       0  -6.196024000000000e+07   7.228e+08   1.000e+00
    191  278430.969     203       0  -6.196033200000000e+07   9.089e+08   1.000e+00
    192  279831.978     204       0  -6.196049600000000e+07   1.338e+09   1.000e+00
    193  281225.558     205       0  -6.196054000000000e+07   2.511e+09   1.000e+00
    194  282624.357     206       0  -6.196072000000000e+07   8.800e+08   1.000e+00
    195  284019.909     207       0  -6.196080000000000e+07   7.372e+08   1.000e+00
    196  285416.144     208       0  -6.196089600000000e+07   9.635e+08   1.000e+00
    197  286811.150     209       0  -6.196103200000000e+07   1.631e+09   1.000e+00
    198  288210.092     210       0  -6.196116400000000e+07   1.055e+09   1.000e+00
    199  289607.725     211       0  -6.196125200000000e+07   7.142e+08   1.000e+00
    200  291004.734     212       0  -6.196137200000000e+07   8.010e+08   1.000e+00
    201  292401.260     213       0  -6.196142800000000e+07   1.740e+09   1.000e+00
    202  293800.605     214       0  -6.196152400000000e+07   8.889e+08   1.000e+00
    203  295197.577     215       0  -6.196162400000000e+07   7.246e+08   1.000e+00
    204  296594.020     216       0  -6.196168800000000e+07   8.283e+08   1.000e+00
    205  297991.522     217       0  -6.196181600000000e+07   1.724e+09   1.000e+00
    206  299384.846     218       0  -6.196192800000000e+07   1.180e+09   1.000e+00
    207  300780.896     219       0  -6.196198800000000e+07   6.599e+08   1.000e+00
    208  302176.176     220       0  -6.196206000000000e+07   6.978e+08   1.000e+00
    209  303575.825     221       0  -6.196213600000000e+07   8.232e+08   1.000e+00
    210  304970.938     222       0  -6.196223200000000e+07   1.899e+09   1.000e+00
    211  306369.646     223       0  -6.196236000000000e+07   9.061e+08   1.000e+00
    212  307768.794     224       0  -6.196242800000000e+07   7.356e+08   1.000e+00
    213  309165.519     225       0  -6.196250400000000e+07   7.988e+08   1.000e+00
    214  310564.092     226       0  -6.196257600000000e+07   1.880e+09   1.000e+00
    215  311959.795     227       0  -6.196267600000000e+07   7.957e+08   1.000e+00
    216  313354.997     228       0  -6.196273600000000e+07   6.662e+08   1.000e+00
    217  314755.370     229       0  -6.196280800000000e+07   7.999e+08   1.000e+00
    218  316157.385     230       0  -6.196292000000000e+07   1.193e+09   1.000e+00
    219  317552.131     231       0  -6.196300400000000e+07   1.545e+09   1.000e+00
    220  318945.157     232       0  -6.196310000000000e+07   6.619e+08   1.000e+00
    221  320339.315     233       0  -6.196316000000000e+07   6.721e+08   1.000e+00
    222  321734.330     234       0  -6.196322800000000e+07   7.945e+08   1.000e+00
    223  323127.338     235       0  -6.196327600000000e+07   2.047e+09   1.000e+00
    224  324515.982     236       0  -6.196338800000000e+07   8.154e+08   1.000e+00
    225  325908.471     237       0  -6.196344800000000e+07   6.579e+08   1.000e+00
    226  327294.388     238       0  -6.196350400000000e+07   7.775e+08   1.000e+00
    227  328686.859     239       0  -6.196360400000000e+07   1.088e+09   1.000e+00
    228  330081.562     240       0  -6.196366800000000e+07   1.488e+09   1.000e+00
    229  331497.147     241       0  -6.196375200000000e+07   6.199e+08   1.000e+00
    230  332897.302     242       0  -6.196380000000000e+07   6.449e+08   1.000e+00
    231  334294.577     243       0  -6.196386800000000e+07   8.012e+08   1.000e+00
    232  335693.879     244       0  -6.196395200000000e+07   1.971e+09   1.000e+00
    233  337107.464     245       0  -6.196404800000000e+07   9.016e+08   1.000e+00
    234  338503.353     246       0  -6.196411600000000e+07   6.645e+08   1.000e+00
    235  339905.606     247       0  -6.196417200000000e+07   7.325e+08   1.000e+00
    236  341314.058     248       0  -6.196425600000000e+07   9.281e+08   1.000e+00
    237  342714.715     249       0  -6.196430000000000e+07   1.713e+09   1.000e+00
    238  344119.868     250       0  -6.196439600000000e+07   6.440e+08   1.000e+00
    239  345526.923     251       0  -6.196444800000000e+07   6.303e+08   1.000e+00
    240  346921.971     252       0  -6.196451200000000e+07   7.712e+08   1.000e+00
    241  348326.281     253       0  -6.196457600000000e+07   1.902e+09   1.000e+00
    242  349726.029     254       0  -6.196468000000000e+07   8.234e+08   1.000e+00
    243  351140.016     255       0  -6.196473600000000e+07   6.104e+08   1.000e+00
    244  352550.025     256       0  -6.196478400000000e+07   6.695e+08   1.000e+00
    245  353954.076     257       0  -6.196487200000000e+07   7.539e+08   1.000e+00
    246  356701.952     259       0  -6.196492800000000e+07   1.133e+09   4.665e-01
    247  358064.332     260       0  -6.196498400000000e+07   6.379e+08   1.000e+00
    248  359426.777     261       0  -6.196505600000000e+07   5.864e+08   1.000e+00
    249  360789.432     262       0  -6.196513200000000e+07   9.339e+08   1.000e+00
    250  362152.687     263       0  -6.196520400000000e+07   9.056e+08   1.000e+00
    251  363515.392     264       0  -6.196526400000000e+07   6.744e+08   1.000e+00
    252  364878.278     265       0  -6.196534400000000e+07   7.535e+08   1.000e+00
    253  366241.518     266       0  -6.196540000000000e+07   8.251e+08   1.000e+00
    254  367606.368     267       0  -6.196546000000000e+07   7.108e+08   1.000e+00
    255  368973.005     268       0  -6.196552400000000e+07   1.323e+09   1.000e+00
    256  370335.550     269       0  -6.196559200000000e+07   7.096e+08   1.000e+00
    257  371699.249     270       0  -6.196563200000000e+07   6.276e+08   1.000e+00
    258  373063.817     271       0  -6.196570800000000e+07   7.826e+08   1.000e+00
    259  374429.478     272       0  -6.196571600000000e+07   1.892e+09   1.000e+00
    260  375794.267     273       0  -6.196580000000000e+07   6.803e+08   1.000e+00
    261  377157.330     274       0  -6.196583200000000e+07   4.714e+08   1.000e+00
    262  378521.497     275       0  -6.196587600000000e+07   6.030e+08   1.000e+00
    263  379884.285     276       0  -6.196592800000000e+07   8.220e+08   1.000e+00
    264  381247.934     277       0  -6.196598800000000e+07   6.346e+08   1.000e+00
    265  382613.925     278       0  -6.196605200000000e+07   5.469e+08   1.000e+00
    266  383976.613     279       0  -6.196614000000000e+07   8.438e+08   1.000e+00
    267  385339.048     280       0  -6.196616800000000e+07   1.571e+09   1.000e+00
    268  386701.982     281       0  -6.196623200000000e+07   7.071e+08   1.000e+00
    269  388073.868     282       0  -6.196628800000000e+07   5.284e+08   1.000e+00
    270  389444.644     283       0  -6.196633600000000e+07   6.658e+08   1.000e+00
    271  390816.130     284       0  -6.196642000000000e+07   9.532e+08   1.000e+00
    272  392187.826     285       0  -6.196646000000000e+07   1.271e+09   1.000e+00
    273  393560.001     286       0  -6.196652400000000e+07   5.111e+08   1.000e+00
    274  394931.413     287       0  -6.196656400000000e+07   5.436e+08   1.000e+00
    275  396304.904     288       0  -6.196660800000000e+07   6.531e+08   1.000e+00
    276  397673.616     289       0  -6.196664000000000e+07   1.756e+09   1.000e+00
    277  399042.728     290       0  -6.196671600000000e+07   6.621e+08   1.000e+00
    278  400414.302     291       0  -6.196675200000000e+07   5.177e+08   1.000e+00
    279  401785.167     292       0  -6.196679200000000e+07   6.064e+08   1.000e+00
    280  403156.961     293       0  -6.196686400000000e+07   9.077e+08   1.000e+00
    281  404518.945     294       0  -6.196692000000000e+07   1.021e+09   1.000e+00
    282  405882.158     295       0  -6.196698400000000e+07   5.412e+08   1.000e+00
    283  407244.463     296       0  -6.196703200000000e+07   6.446e+08   1.000e+00
    284  408607.334     297       0  -6.196708400000000e+07   7.257e+08   1.000e+00
    285  409969.673     298       0  -6.196713200000000e+07   1.817e+09   1.000e+00
    286  411332.970     299       0  -6.196722400000000e+07   6.522e+08   1.000e+00
    287  412698.614     300       0  -6.196726000000000e+07   5.371e+08   1.000e+00
    288  414061.645     301       0  -6.196729600000000e+07   6.185e+08   1.000e+00
    289  415424.414     302       0  -6.196737200000000e+07   9.541e+08   1.000e+00
    290  416787.522     303       0  -6.196743600000000e+07   1.089e+09   1.000e+00
    291  418156.706     304       0  -6.196748400000000e+07   5.638e+08   1.000e+00
    292  419528.641     305       0  -6.196753600000000e+07   5.940e+08   1.000e+00
    293  420901.320     306       0  -6.196758800000000e+07   7.064e+08   1.000e+00
    294  422269.305     307       0  -6.196763200000000e+07   1.346e+09   1.000e+00
    295  423637.624     308       0  -6.196768800000000e+07   5.562e+08   1.000e+00
    296  425005.352     309       0  -6.196772800000000e+07   5.263e+08   1.000e+00
    297  426374.382     310       0  -6.196776400000000e+07   6.109e+08   1.000e+00
    298  427746.279     311       0  -6.196782000000000e+07   1.256e+09   1.000e+00
    299  429118.025     312       0  -6.196788400000000e+07   6.721e+08   1.000e+00
    300  430488.298     313       0  -6.196791600000000e+07   4.842e+08   1.000e+00
    301  431860.349     314       0  -6.196796400000000e+07   5.352e+08   1.000e+00
    302  433231.571     315       0  -6.196798800000000e+07   1.227e+09   1.000e+00
    303  434599.276     316       0  -6.196803600000000e+07   6.383e+08   1.000e+00
    304  435969.167     317       0  -6.196807600000000e+07   5.038e+08   1.000e+00
    305  437337.254     318       0  -6.196811200000000e+07   5.820e+08   1.000e+00
    306  438708.668     319       0  -6.196816400000000e+07   1.131e+09   1.000e+00
    307  440082.923     320       0  -6.196822800000000e+07   7.581e+08   1.000e+00
    308  441448.886     321       0  -6.196826000000000e+07   4.917e+08   1.000e+00
    309  442815.523     322       0  -6.196830800000000e+07   5.287e+08   1.000e+00
    310  444179.118     323       0  -6.196834000000000e+07   7.697e+08   1.000e+00
    311  445541.503     324       0  -6.196840000000000e+07   6.533e+08   1.000e+00
    312  446904.917     325       0  -6.196844800000000e+07   8.534e+08   1.000e+00
    313  448273.156     326       0  -6.196849600000000e+07   5.886e+08   1.000e+00
    314  449641.977     327       0  -6.196853600000000e+07   4.919e+08   1.000e+00
    315  451009.130     328       0  -6.196858400000000e+07   8.510e+08   1.000e+00
    316  452377.247     329       0  -6.196861600000000e+07   7.721e+08   1.000e+00
    317  453746.945     330       0  -6.196864800000000e+07   5.628e+08   1.000e+00
    318  455116.747     331       0  -6.196870000000000e+07   4.970e+08   1.000e+00
    319  456489.822     332       0  -6.196873600000000e+07   9.565e+08   1.000e+00
    320  457867.848     333       0  -6.196876000000000e+07   5.796e+08   1.000e+00
    321  459236.875     334       0  -6.196880400000000e+07   4.338e+08   1.000e+00
    322  460605.054     335       0  -6.196883200000000e+07   5.226e+08   1.000e+00
    323  461973.674     336       0  -6.196889200000000e+07   7.277e+08   1.000e+00
    324  463344.660     337       0  -6.196892000000000e+07   1.589e+09   1.000e+00
    325  464713.659     338       0  -6.196897600000000e+07   6.863e+08   1.000e+00
    326  466082.360     339       0  -6.196902000000000e+07   4.236e+08   1.000e+00
    327  467449.892     340       0  -6.196904400000000e+07   4.991e+08   1.000e+00
    328  468817.761     341       0  -6.196908400000000e+07   8.861e+08   1.000e+00
    329  470185.566     342       0  -6.196912800000000e+07   6.129e+08   1.000e+00
    330  471548.403     343       0  -6.196915200000000e+07   4.130e+08   1.000e+00
    331  472912.360     344       0  -6.196918800000000e+07   5.039e+08   1.000e+00
    332  474276.036     345       0  -6.196921600000000e+07   7.847e+08   1.000e+00
    333  475639.034     346       0  -6.196925600000000e+07   5.451e+08   1.000e+00
    334  477001.447     347       0  -6.196930800000000e+07   5.530e+08   1.000e+00
    335  478364.377     348       0  -6.196933600000000e+07   9.087e+08   1.000e+00
    336  479734.438     349       0  -6.196936400000000e+07   5.471e+08   1.000e+00
    337  481101.864     350       0  -6.196940800000000e+07   4.886e+08   1.000e+00
    338  482469.022     351       0  -6.196943600000000e+07   5.356e+08   1.000e+00
    339  483836.364     352       0  -6.196946000000000e+07   1.643e+09   1.000e+00
    340  485206.818     353       0  -6.196952400000000e+07   5.263e+08   1.000e+00
    341  486576.967     354       0  -6.196955200000000e+07   4.083e+08   1.000e+00
    342  487952.358     355       0  -6.196957600000000e+07   5.033e+08   1.000e+00
    343  489323.384     356       0  -6.196962400000000e+07   6.834e+08   1.000e+00
    344  490696.906     357       0  -6.196965600000000e+07   1.134e+09   1.000e+00
    345  492060.293     358       0  -6.196970800000000e+07   4.868e+08   1.000e+00
    346  493424.075     359       0  -6.196973200000000e+07   4.725e+08   1.000e+00
    347  494785.807     360       0  -6.196976800000000e+07   5.463e+08   1.000e+00
    348  497483.814     362       0  -6.196980000000000e+07   9.707e+08   4.694e-01
    349  498846.999     363       0  -6.196984400000000e+07   6.179e+08   1.000e+00
    350  500210.501     364       0  -6.196988800000000e+07   4.258e+08   1.000e+00
    351  501573.314     365       0  -6.196992000000000e+07   6.014e+08   1.000e+00
    352  502936.907     366       0  -6.196995200000000e+07   5.786e+08   1.000e+00
    353  504301.284     367       0  -6.196998400000000e+07   5.043e+08   1.000e+00
    354  505664.984     368       0  -6.197002400000000e+07   6.822e+08   1.000e+00
    355  507033.277     369       0  -6.197006000000000e+07   4.983e+08   1.000e+00
    356  508400.835     370       0  -6.197010000000000e+07   4.760e+08   1.000e+00
    357  509769.307     371       0  -6.197013200000000e+07   9.472e+08   1.000e+00
    358  511136.665     372       0  -6.197016400000000e+07   4.852e+08   1.000e+00
    359  512506.232     373       0  -6.197019200000000e+07   4.465e+08   1.000e+00
    360  513874.482     374       0  -6.197022000000000e+07   5.252e+08   1.000e+00
    361  515243.557     375       0  -6.197023600000000e+07   1.198e+09   1.000e+00
    362  516610.821     376       0  -6.197027200000000e+07   4.623e+08   1.000e+00
    363  517980.995     377       0  -6.197030400000000e+07   3.881e+08   1.000e+00
    364  519346.330     378       0  -6.197033200000000e+07   5.076e+08   1.000e+00
    365  520713.545     379       0  -6.197036000000000e+07   8.087e+08   1.000e+00
    366  522077.992     380       0  -6.197040400000000e+07   6.212e+08   1.000e+00
    367  523445.259     381       0  -6.197043600000000e+07   3.998e+08   1.000e+00
    368  524809.545     382       0  -6.197048000000000e+07   4.600e+08   1.000e+00
    369  526172.926     383       0  -6.197049200000000e+07   7.952e+08   1.000e+00
    370  527538.951     384       0  -6.197052000000000e+07   5.002e+08   1.000e+00
    371  528906.388     385       0  -6.197056400000000e+07   4.282e+08   1.000e+00
    372  530275.635     386       0  -6.197058400000000e+07   5.231e+08   1.000e+00
    373  531642.108     387       0  -6.197062400000000e+07   6.184e+08   1.000e+00
    374  533011.236     388       0  -6.197064800000000e+07   5.651e+08   1.000e+00
    375  534380.831     389       0  -6.197067200000000e+07   4.424e+08   1.000e+00
    376  535747.639     390       0  -6.197070800000000e+07   4.216e+08   1.000e+00
    377  537119.152     391       0  -6.197072800000000e+07   7.689e+08   1.000e+00
    378  538501.825     392       0  -6.197076000000000e+07   5.001e+08   1.000e+00
    379  539876.943     393       0  -6.197079200000000e+07   4.193e+08   1.000e+00
    380  541255.221     394       0  -6.197082000000000e+07   5.745e+08   1.000e+00
    381  542636.038     395       0  -6.197085200000000e+07   4.768e+08   1.000e+00
    382  544011.206     396       0  -6.197087600000000e+07   5.409e+08   1.000e+00
    383  545389.222     397       0  -6.197089600000000e+07   4.475e+08   1.000e+00
    384  546769.847     398       0  -6.197093600000000e+07   4.550e+08   1.000e+00
    385  548152.541     399       0  -6.197095600000000e+07   7.951e+08   1.000e+00
    386  549529.132     400       0  -6.197099600000000e+07   4.580e+08   1.000e+00
    387  550917.694     401       0  -6.197101200000000e+07   4.082e+08   1.000e+00
    388  552305.733     402       0  -6.197103600000000e+07   5.143e+08   1.000e+00
    389  553693.518     403       0  -6.197105600000000e+07   6.526e+08   1.000e+00
    390  555081.115     404       0  -6.197108800000000e+07   3.885e+08   1.000e+00
    391  556469.437     405       0  -6.197110800000000e+07   3.853e+08   1.000e+00
    392  557856.767     406       0  -6.197112800000000e+07   4.502e+08   1.000e+00
    393  559241.609     407       0  -6.197115600000000e+07   5.663e+08   1.000e+00
    394  560629.400     408       0  -6.197119200000000e+07   4.536e+08   1.000e+00
    395  562014.322     409       0  -6.197121200000000e+07   4.430e+08   1.000e+00
    396  563400.897     410       0  -6.197123600000000e+07   6.561e+08   1.000e+00
    397  564786.074     411       0  -6.197126800000000e+07   4.366e+08   1.000e+00
    398  566172.722     412       0  -6.197128400000000e+07   4.184e+08   1.000e+00
    399  567557.280     413       0  -6.197131600000000e+07   4.929e+08   1.000e+00
    400  568945.343     414       0  -6.197134000000000e+07   6.498e+08   1.000e+00
    401  570332.973     415       0  -6.197136000000000e+07   3.885e+08   1.000e+00
    402  571721.520     416       0  -6.197138800000000e+07   3.710e+08   1.000e+00
    403  573106.021     417       0  -6.197140800000000e+07   4.704e+08   1.000e+00
    404  574493.148     418       0  -6.197142800000000e+07   4.221e+08   1.000e+00
    405  575881.950     419       0  -6.197145600000000e+07   4.097e+08   1.000e+00
    406  577273.092     420       0  -6.197148000000000e+07   4.362e+08   1.000e+00
    407  578661.290     421       0  -6.197149200000000e+07   3.690e+08   1.000e+00
    408  580049.161     422       0  -6.197150800000000e+07   3.627e+08   1.000e+00
    409  581436.104     423       0  -6.197154000000000e+07   7.723e+08   1.000e+00
    410  582825.398     424       0  -6.197156400000000e+07   4.657e+08   1.000e+00
    411  584213.992     425       0  -6.197157200000000e+07   3.737e+08   1.000e+00
    412  585601.900     426       0  -6.197160000000000e+07   4.148e+08   1.000e+00
    413  586989.348     427       0  -6.197161600000000e+07   7.429e+08   1.000e+00
    414  588376.781     428       0  -6.197162800000000e+07   3.551e+08   1.000e+00
    415  589765.612     429       0  -6.197165200000000e+07   2.957e+08   1.000e+00
    416  591153.578     430       0  -6.197166000000000e+07   3.447e+08   1.000e+00
    417  592544.241     431       0  -6.197168400000000e+07   7.897e+08   1.000e+00
    418  593930.384     432       0  -6.197170400000000e+07   3.785e+08   1.000e+00
    419  595315.990     433       0  -6.197172000000000e+07   3.394e+08   1.000e+00
    420  596705.097     434       0  -6.197174000000000e+07   4.252e+08   1.000e+00
    421  598090.360     435       0  -6.197175200000000e+07   1.110e+09   1.000e+00
    422  599474.249     436       0  -6.197178400000000e+07   4.081e+08   1.000e+00
    423  600861.076     437       0  -6.197179200000000e+07   2.941e+08   1.000e+00
    424  602248.429     438       0  -6.197181200000000e+07   3.749e+08   1.000e+00
    425  603632.082     439       0  -6.197183600000000e+07   4.577e+08   1.000e+00
    426  606349.385     441       0  -6.197185600000000e+07   5.566e+08   4.725e-01
    427  607708.966     442       0  -6.197186800000000e+07   3.341e+08   1.000e+00
    428  609069.570     443       0  -6.197188400000000e+07   3.559e+08   1.000e+00
    429  610427.950     444       0  -6.197190800000000e+07   5.041e+08   1.000e+00
    430  611788.007     445       0  -6.197192000000000e+07   4.018e+08   1.000e+00
    431  613148.444     446       0  -6.197194000000000e+07   3.827e+08   1.000e+00
    432  614508.848     447       0  -6.197196800000000e+07   5.295e+08   1.000e+00
    433  615869.407     448       0  -6.197198400000000e+07   5.314e+08   1.000e+00
    434  617231.861     449       0  -6.197200800000000e+07   3.679e+08   1.000e+00
    435  618602.605     450       0  -6.197203200000000e+07   3.785e+08   1.000e+00
    436  619970.095     451       0  -6.197204400000000e+07   4.317e+08   1.000e+00
    437  621338.286     452       0  -6.197206800000000e+07   3.948e+08   1.000e+00
    438  622708.909     453       0  -6.197208400000000e+07   1.079e+09   1.000e+00
    439  624081.552     454       0  -6.197211200000000e+07   3.328e+08   1.000e+00
    440  625459.207     455       0  -6.197212800000000e+07   2.927e+08   1.000e+00
    441  626837.477     456       0  -6.197214800000000e+07   3.855e+08   1.000e+00
    442  628213.968     457       0  -6.197216000000000e+07   9.723e+08   1.000e+00
    443  629590.662     458       0  -6.197218800000000e+07   4.551e+08   1.000e+00
    444  630967.983     459       0  -6.197220800000000e+07   3.345e+08   1.000e+00
    445  632343.270     460       0  -6.197222400000000e+07   3.687e+08   1.000e+00
    446  633718.944     461       0  -6.197224800000000e+07   5.773e+08   1.000e+00
    447  635095.297     462       0  -6.197227200000000e+07   4.942e+08   1.000e+00
    448  636472.362     463       0  -6.197229200000000e+07   3.155e+08   1.000e+00
    449  637853.981     464       0  -6.197231600000000e+07   3.570e+08   1.000e+00
    450  639232.164     465       0  -6.197233600000000e+07   5.530e+08   1.000e+00
    451  640606.772     466       0  -6.197236000000000e+07   4.244e+08   1.000e+00
    452  641983.701     467       0  -6.197238800000000e+07   4.007e+08   1.000e+00
    453  643358.697     468       0  -6.197239600000000e+07   3.652e+08   1.000e+00
    454  644735.697     469       0  -6.197242000000000e+07   3.790e+08   1.000e+00
    455  646110.441     470       0  -6.197244000000000e+07   3.941e+08   1.000e+00
    456  647487.427     471       0  -6.197245600000000e+07   5.770e+08   1.000e+00
    457  648866.296     472       0  -6.197247200000000e+07   3.743e+08   1.000e+00
    458  650244.408     473       0  -6.197249600000000e+07   3.347e+08   1.000e+00
    459  651622.610     474       0  -6.197251200000000e+07   4.738e+08   1.000e+00
    460  653000.457     475       0  -6.197252400000000e+07   4.063e+08   1.000e+00
    461  654378.112     476       0  -6.197255200000000e+07   3.481e+08   1.000e+00
    462  655757.338     477       0  -6.197256800000000e+07   4.248e+08   1.000e+00
    463  657135.791     478       0  -6.197258400000000e+07   3.647e+08   1.000e+00
    464  658515.618     479       0  -6.197259600000000e+07   3.587e+08   1.000e+00
    465  659895.439     480       0  -6.197262400000000e+07   4.617e+08   1.000e+00
    466  661275.859     481       0  -6.197264000000000e+07   6.839e+08   1.000e+00
    467  662656.332     482       0  -6.197264800000000e+07   3.352e+08   1.000e+00
    468  664035.072     483       0  -6.197266800000000e+07   2.830e+08   1.000e+00
    469  665413.491     484       0  -6.197268400000000e+07   3.747e+08   1.000e+00
    470  666794.225     485       0  -6.197269600000000e+07   7.482e+08   1.000e+00
    471  668173.454     486       0  -6.197272000000000e+07   3.895e+08   1.000e+00
    472  669552.625     487       0  -6.197273200000000e+07   2.992e+08   1.000e+00
    473  670930.136     488       0  -6.197275200000000e+07   3.567e+08   1.000e+00
    474  672307.549     489       0  -6.197276400000000e+07   6.852e+08   1.000e+00
    475  673684.752     490       0  -6.197278800000000e+07   3.564e+08   1.000e+00
    476  675062.233     491       0  -6.197280000000000e+07   3.133e+08   1.000e+00
    477  676440.430     492       0  -6.197282000000000e+07   3.738e+08   1.000e+00
    478  677818.429     493       0  -6.197283200000000e+07   8.482e+08   1.000e+00
    479  679199.041     494       0  -6.197285600000000e+07   3.576e+08   1.000e+00
    480  680577.764     495       0  -6.197286400000000e+07   2.840e+08   1.000e+00
    481  681955.968     496       0  -6.197287600000000e+07   3.312e+08   1.000e+00
    482  683334.934     497       0  -6.197289200000000e+07   6.103e+08   1.000e+00
    483  684711.580     498       0  -6.197291200000000e+07   4.023e+08   1.000e+00
    484  686090.289     499       0  -6.197292800000000e+07   2.887e+08   1.000e+00
    485  687468.138     500       0  -6.197294400000000e+07   3.644e+08   1.000e+00
    486  688843.848     501       0  -6.197295600000000e+07   5.637e+08   1.000e+00
    487  690219.057     502       0  -6.197297600000000e+07   3.461e+08   1.000e+00
    488  691597.562     503       0  -6.197298800000000e+07   3.002e+08   1.000e+00
    489  692974.954     504       0  -6.197300800000000e+07   3.511e+08   1.000e+00
    490  694352.082     505       0  -6.197302000000000e+07   5.838e+08   1.000e+00
    491  695727.051     506       0  -6.197304400000000e+07   4.035e+08   1.000e+00
    492  697113.252     507       0  -6.197304800000000e+07   3.276e+08   1.000e+00
    493  698490.856     508       0  -6.197306800000000e+07   3.246e+08   1.000e+00
    494  699867.496     509       0  -6.197308000000000e+07   7.937e+08   1.000e+00
    495  701254.703     510       0  -6.197309600000000e+07   3.775e+08   1.000e+00
    496  702653.996     511       0  -6.197310800000000e+07   2.950e+08   1.000e+00
    497  704049.893     512       0  -6.197312400000000e+07   3.273e+08   1.000e+00
    498  705450.320     513       0  -6.197314000000000e+07   5.527e+08   1.000e+00
    499  706846.252     514       0  -6.197316000000000e+07   4.068e+08   1.000e+00
    500  708248.205     515       0  -6.197316400000000e+07   3.156e+08   1.000e+00
    501  709645.138     516       0  -6.197319200000000e+07   3.385e+08   1.000e+00
    502  711042.330     517       0  -6.197320000000000e+07   8.417e+08   1.000e+00
    503  712438.327     518       0  -6.197322400000000e+07   4.038e+08   1.000e+00
    504  713834.234     519       0  -6.197323200000000e+07   2.807e+08   1.000e+00
    505  715225.968     520       0  -6.197324400000000e+07   3.163e+08   1.000e+00
    506  716621.153     521       0  -6.197326400000000e+07   4.585e+08   1.000e+00
    507  718017.375     522       0  -6.197327600000000e+07   7.519e+08   1.000e+00
    508  719409.962     523       0  -6.197328800000000e+07   2.920e+08   1.000e+00
    509  720807.160     524       0  -6.197330000000000e+07   2.706e+08   1.000e+00
    510  722202.752     525       0  -6.197330800000000e+07   3.418e+08   1.000e+00
    511  723597.901     526       0  -6.197332800000000e+07   7.261e+08   1.000e+00
    512  724994.566     527       0  -6.197335200000000e+07   3.474e+08   1.000e+00
    513  726390.885     528       0  -6.197335600000000e+07   2.623e+08   1.000e+00
    514  727787.026     529       0  -6.197336400000000e+07   3.041e+08   1.000e+00
    515  729181.381     530       0  -6.197337600000000e+07   5.647e+08   1.000e+00
    516  730577.171     531       0  -6.197339200000000e+07   3.161e+08   1.000e+00
    517  731974.359     532       0  -6.197340000000000e+07   2.702e+08   1.000e+00
    518  733369.151     533       0  -6.197341600000000e+07   3.099e+08   1.000e+00
    519  734764.832     534       0  -6.197342000000000e+07   7.995e+08   1.000e+00
    520  736162.399     535       0  -6.197344400000000e+07   3.104e+08   1.000e+00
    521  737557.471     536       0  -6.197345600000000e+07   2.522e+08   1.000e+00
    522  738953.741     537       0  -6.197346400000000e+07   3.081e+08   1.000e+00
    523  740346.361     538       0  -6.197347600000000e+07   5.037e+08   1.000e+00
    524  741737.979     539       0  -6.197349600000000e+07   4.466e+08   1.000e+00
    525  743112.618     540       0  -6.197350800000000e+07   2.523e+08   1.000e+00
    526  744494.005     541       0  -6.197351600000000e+07   2.747e+08   1.000e+00
    527  745889.914     542       0  -6.197352400000000e+07   3.045e+08   1.000e+00
    528  747282.294     543       0  -6.197354000000000e+07   6.530e+08   1.000e+00
    529  748676.717     544       0  -6.197355600000000e+07   2.958e+08   1.000e+00
    530  750070.676     545       0  -6.197356800000000e+07   2.742e+08   1.000e+00
    531  751464.145     546       0  -6.197357200000000e+07   3.139e+08   1.000e+00
    532  752858.370     547       0  -6.197358000000000e+07   8.149e+08   1.000e+00
    533  754253.836     548       0  -6.197360800000000e+07   3.126e+08   1.000e+00
    534  755650.382     549       0  -6.197361200000000e+07   2.347e+08   1.000e+00
    535  757050.660     550       0  -6.197362400000000e+07   2.767e+08   1.000e+00
    536  758448.184     551       0  -6.197363200000000e+07   4.141e+08   1.000e+00
    537  759843.185     552       0  -6.197364400000000e+07   4.123e+08   1.000e+00
    538  761237.725     553       0  -6.197366000000000e+07   2.357e+08   1.000e+00
    539  762633.148     554       0  -6.197366800000000e+07   2.778e+08   1.000e+00
    540  764029.200     555       0  -6.197367600000000e+07   3.339e+08   1.000e+00
    541  765425.669     556       0  -6.197369600000000e+07   5.093e+08   1.000e+00
    542  766818.775     557       0  -6.197370800000000e+07   2.957e+08   1.000e+00
    543  792187.535     576       0  -6.197370800000000e+07   2.956e+08   1.658e-06
# Termination: function reduction test satisfied
# Iter.   Time (ms)    Eval. Reject.       Obj. Func.           Grad.       Step
# ---------------------------------------------------------------------------------
      0    1337.964       1       0  -6.148580800000000e+07   1.614e+10   0.000e+00
      1   17609.505      13       0  -6.155959600000000e+07   3.376e+10   8.407e-16
      2   18963.332      14       0  -6.164273200000000e+07   2.256e+10   1.000e+00
      3   20318.266      15       0  -6.170509200000000e+07   2.162e+10   1.000e+00
      4   21673.712      16       0  -6.175420800000000e+07   2.219e+10   1.000e+00
      5   23031.189      17       0  -6.178476000000000e+07   2.127e+10   1.000e+00
      6   24389.854      18       0  -6.180845200000000e+07   1.219e+10   1.000e+00
      7   25751.324      19       0  -6.182344400000000e+07   9.699e+09   1.000e+00
      8   27109.474      20       0  -6.183640400000000e+07   1.039e+10   1.000e+00
      9   28467.952      21       0  -6.184568800000000e+07   1.320e+10   1.000e+00
     10   29824.720      22       0  -6.185353200000000e+07   6.922e+09   1.000e+00
     11   31182.719      23       0  -6.185839600000000e+07   6.146e+09   1.000e+00
     12   32541.477      24       0  -6.186359200000000e+07   6.288e+09   1.000e+00
     13   33900.607      25       0  -6.186552000000000e+07   1.450e+10   1.000e+00
     14   35259.312      26       0  -6.187175600000000e+07   5.035e+09   1.000e+00
     15   36617.350      27       0  -6.187386000000000e+07   4.005e+09   1.000e+00
     16   37975.647      28       0  -6.187642400000000e+07   4.711e+09   1.000e+00
     17   39333.687      29       0  -6.188035200000000e+07   7.579e+09   1.000e+00
     18   40695.267      30       0  -6.188376400000000e+07   6.365e+09   1.000e+00
     19   42053.233      31       0  -6.188622800000000e+07   3.757e+09   1.000e+00
     20   43411.763      32       0  -6.188890400000000e+07   4.056e+09   1.000e+00
     21   44769.049      33       0  -6.189082400000000e+07   5.522e+09   1.000e+00
     22   46126.719      34       0  -6.189317600000000e+07   3.635e+09   1.000e+00
     23   47484.562      35       0  -6.189537200000000e+07   3.648e+09   1.000e+00
     24   48842.188      36       0  -6.189701200000000e+07   5.950e+09   1.000e+00
     25   50200.308      37       0  -6.189872800000000e+07   3.399e+09   1.000e+00
     26   51557.824      38       0  -6.190026800000000e+07   3.204e+09   1.000e+00
     27   52916.094      39       0  -6.190170000000000e+07   3.600e+09   1.000e+00
     28   54276.009      40       0  -6.190236800000000e+07   9.021e+09   1.000e+00
     29   55638.994      41       0  -6.190463600000000e+07   3.101e+09   1.000e+00
     30   56996.652      42       0  -6.190550400000000e+07   2.508e+09   1.000e+00
     31   58354.902      43       0  -6.190663200000000e+07   3.004e+09   1.000e+00
     32   59714.120      44       0  -6.190814000000000e+07   5.253e+09   1.000e+00
     33   61072.829      45       0  -6.190967200000000e+07   3.286e+09   1.000e+00
     34   62431.200      46       0  -6.191067600000000e+07   2.370e+09   1.000e+00
     35   63790.101      47       0  -6.191201200000000e+07   2.887e+09   1.000e+00
     36   65148.115      48       0  -6.191258000000000e+07   5.723e+09   1.000e+00
     37   66506.662      49       0  -6.191361200000000e+07   2.919e+09   1.000e+00
     38   67865.713      50       0  -6.191462000000000e+07   2.349e+09   1.000e+00
     39   69223.676      51       0  -6.191538400000000e+07   2.648e+09   1.000e+00
     40   70586.406      52       0  -6.191671200000000e+07   4.984e+09   1.000e+00
     41   71944.460      53       0  -6.191776800000000e+07   3.695e+09   1.000e+00
     42   73303.027      54       0  -6.191844800000000e+07   2.066e+09   1.000e+00
     43   74662.114      55       0  -6.191919600000000e+07   2.220e+09   1.000e+00
     44   76020.547      56       0  -6.191998000000000e+07   2.594e+09   1.000e+00
     45   77378.773      57       0  -6.192080400000000e+07   5.065e+09   1.000e+00
     46   78736.537      58       0  -6.192174000000000e+07   2.394e+09   1.000e+00
     47   80094.053      59       0  -6.192223200000000e+07   2.045e+09   1.000e+00
     48   81452.679      60       0  -6.192283600000000e+07   2.221e+09   1.000e+00
     49   82810.212      61       0  -6.192327200000000e+07   5.496e+09   1.000e+00
     50   84169.401      62       0  -6.192411600000000e+07   2.114e+09   1.000e+00
     51   85526.841      63       0  -6.192455600000000e+07   1.763e+09   1.000e+00
     52   86884.672      64       0  -6.192504400000000e+07   2.057e+09   1.000e+00
     53   88242.253      65       0  -6.192568000000000e+07   3.550e+09   1.000e+00
     54   89600.625      66       0  -6.192626800000000e+07   2.129e+09   1.000e+00
     55   90958.347      67       0  -6.192660000000000e+07   1.504e+09   1.000e+00
     56   92316.407      68       0  -6.192710800000000e+07   1.743e+09   1.000e+00
     57   93674.589      69       0  -6.192744400000000e+07   3.190e+09   1.000e+00
     58   95032.453      70       0  -6.192788000000000e+07   1.904e+09   1.000e+00
     59   96391.117      71       0  -6.192833600000000e+07   1.534e+09   1.000e+00
     60   97749.670      72       0  -6.192867200000000e+07   1.787e+09   1.000e+00
     61   99107.837      73       0  -6.192907600000000e+07   2.416e+09   1.000e+00
     62  100470.803      74       0  -6.192942000000000e+07   1.663e+09   1.000e+00
     63  101829.907      75       0  -6.192965600000000e+07   1.483e+09   1.000e+00
     64  103187.579      76       0  -6.192999200000000e+07   1.579e+09   1.000e+00
     65  104717.388      77       0  -6.193024000000000e+07   3.825e+09   1.000e+00
     66  106323.735      78       0  -6.193064000000000e+07   1.655e+09   1.000e+00
     67  107954.695      79       0  -6.193088400000000e+07   1.191e+09   1.000e+00
     68  109350.851      80       0  -6.193106800000000e+07   1.345e+09   1.000e+00
     69  110714.975      81       0  -6.193140800000000e+07   2.164e+09   1.000e+00
     70  112080.419      82       0  -6.193169600000000e+07   2.064e+09   1.000e+00
     71  113445.976      83       0  -6.193193600000000e+07   1.162e+09   1.000e+00
     72  114818.227      84       0  -6.193223600000000e+07   1.359e+09   1.000e+00
     73  116185.241      85       0  -6.193246800000000e+07   1.458e+09   1.000e+00
     74  117556.274      86       0  -6.193277200000000e+07   2.127e+09   1.000e+00
     75  118922.880      87       0  -6.193304000000000e+07   1.455e+09   1.000e+00
     76  120285.065      88       0  -6.193322400000000e+07   1.228e+09   1.000e+00
     77  121652.169      89       0  -6.193344400000000e+07   1.321e+09   1.000e+00
     78  123018.148      90       0  -6.193363200000000e+07   2.429e+09   1.000e+00
     79  124384.210      91       0  -6.193387200000000e+07   1.274e+09   1.000e+00
     80  125749.942      92       0  -6.193406400000000e+07   1.155e+09   1.000e+00
     81  127117.930      93       0  -6.193426000000000e+07   1.293e+09   1.000e+00
     82  128484.323      94       0  -6.193439600000000e+07   3.206e+09   1.000e+00
     83  129848.716      95       0  -6.193469200000000e+07   1.124e+09   1.000e+00
     84  131213.885      96       0  -6.193483200000000e+07   1.019e+09   1.000e+00
     85  132581.562      97       0  -6.193501600000000e+07   1.268e+09   1.000e+00
     86  133948.901      98       0  -6.193532400000000e+07   1.880e+09   1.000e+00
     87  135314.158      99       0  -6.193556400000000e+07   2.303e+09   1.000e+00
     88  136682.064     100       0  -6.193578800000000e+07   1.066e+09   1.000e+00
     89  138048.830     101       0  -6.193595600000000e+07   1.152e+09   1.000e+00
     90  139412.866     102       0  -6.193613200000000e+07   1.284e+09   1.000e+00
     91  140780.061     103       0  -6.193626000000000e+07   3.254e+09   1.000e+00
     92  142146.421     104       0  -6.193653600000000e+07   1.264e+09   1.000e+00
     93  143513.053     105       0  -6.193667200000000e+07   1.019e+09   1.000e+00
     94  144886.413     106       0  -6.193683600000000e+07   1.266e+09   1.000e+00
     95  146252.396     107       0  -6.193711200000000e+07   1.565e+09   1.000e+00
     96  147620.786     108       0  -6.193714000000000e+07   3.834e+09   1.000e+00
     97  148988.883     109       0  -6.193750800000000e+07   1.131e+09   1.000e+00
     98  150356.228     110       0  -6.193761600000000e+07   9.345e+08   1.000e+00
     99  151722.327     111       0  -6.193782800000000e+07   1.190e+09   1.000e+00
    100  153088.360     112       0  -6.193807600000000e+07   2.145e+09   1.000e+00
    101  154453.020     113       0  -6.193834400000000e+07   1.560e+09   1.000e+00
    102  155824.623     114       0  -6.193854400000000e+07   1.095e+09   1.000e+00
    103  157199.189     115       0  -6.193883600000000e+07   1.317e+09   1.000e+00
    104  158574.171     116       0  -6.193899600000000e+07   2.176e+09   1.000e+00
    105  159950.323     117       0  -6.193920800000000e+07   1.293e+09   1.000e+00
    106  161327.036     118       0  -6.193946800000000e+07   1.163e+09   1.000e+00
    107  162708.642     119       0  -6.193966000000000e+07   1.322e+09   1.000e+00
    108  164092.615     120       0  -6.193978800000000e+07   3.626e+09   1.000e+00
    109  165476.060     121       0  -6.194016000000000e+07   1.249e+09   1.000e+00
    110  166860.705     122       0  -6.194031600000000e+07   1.017e+09   1.000e+00
    111  168243.682     123       0  -6.194050000000000e+07   1.272e+09   1.000e+00
    112  169628.773     124       0  -6.194080000000000e+07   1.994e+09   1.000e+00
    113  171012.738     125       0  -6.194109600000000e+07   1.813e+09   1.000e+00
    114  172394.591     126       0  -6.194130800000000e+07   1.153e+09   1.000e+00
    115  173780.940     127       0  -6.194154800000000e+07   1.312e+09   1.000e+00
    116  175168.050     128       0  -6.194171200000000e+07   1.715e+09   1.000e+00
    117  176557.809     129       0  -6.194191600000000e+07   1.178e+09   1.000e+00
    118  177944.830     130       0  -6.194218800000000e+07   1.155e+09   1.000e+00
    119  179326.201     131       0  -6.194241200000000e+07   1.759e+09   1.000e+00
    120  180713.194     132       0  -6.194265600000000e+07   1.386e+09   1.000e+00
    121  182096.687     133       0  -6.194284800000000e+07   1.071e+09   1.000e+00
    122  183478.554     134       0  -6.194308000000000e+07   1.308e+09   1.000e+00
    123  185005.829     135       0  -6.194324000000000e+07   2.134e+09   1.000e+00
    124  186625.104     136       0  -6.194344400000000e+07   1.330e+09   1.000e+00
    125  188220.849     137       0  -6.194372400000000e+07   1.020e+09   1.000e+00
    126  189688.253     138       0  -6.194387200000000e+07   1.200e+09   1.000e+00
    127  191081.135     139       0  -6.194412000000000e+07   1.648e+09   1.000e+00
    128  192476.811     140       0  -6.194431600000000e+07   1.570e+09   1.000e+00
    129  193868.746     141       0  -6.194446000000000e+07   1.199e+09   1.000e+00
    130  195258.749     142       0  -6.194466800000000e+07   1.093e+09   1.000e+00
    131  196652.631     143       0  -6.194483200000000e+07   2.121e+09   1.000e+00
    132  198044.755     144       0  -6.194501600000000e+07   1.248e+09   1.000e+00
    133  199433.595     145       0  -6.194522000000000e+07   9.650e+08   1.000e+00
    134  200823.230     146       0  -6.194534800000000e+07   1.073e+09   1.000e+00
    135  202217.254     147       0  -6.194554000000000e+07   1.999e+09   1.000e+00
    136  203609.820     148       0  -6.194574000000000e+07   1.206e+09   1.000e+00
    137  205006.762     149       0  -6.194586000000000e+07   1.057e+09   1.000e+00
    138  206403.098     150       0  -6.194605600000000e+07   1.229e+09   1.000e+00
    139  207798.552     151       0  -6.194617200000000e+07   2.502e+09   1.000e+00
    140  209193.001     152       0  -6.194634800000000e+07   1.208e+09   1.000e+00
    141  210583.414     153       0  -6.194651600000000e+07   9.277e+08   1.000e+00
    142  211976.845     154       0  -6.194663200000000e+07   1.058e+09   1.000e+00
    143  213365.450     155       0  -6.194678000000000e+07   2.172e+09   1.000e+00
    144  214756.839     156       0  -6.194697600000000e+07   9.463e+08   1.000e+00
    145  216152.043     157       0  -6.194709200000000e+07   9.241e+08   1.000e+00
    146  217544.780     158       0  -6.194724800000000e+07   1.109e+09   1.000e+00
    147  218936.480     159       0  -6.194729600000000e+07   3.107e+09   1.000e+00
    148  220328.438     160       0  -6.194752800000000e+07   1.134e+09   1.000e+00
    149  221721.477     161       0  -6.194763600000000e+07   8.186e+08   1.000e+00
    150  223112.641     162       0  -6.194775200000000e+07   1.017e+09   1.000e+00
    151  224504.189     163       0  -6.194793600000000e+07   1.191e+09   1.000e+00
    152  227226.309     165       0  -6.194806400000000e+07   1.658e+09   4.685e-01
    153  228584.357     166       0  -6.194820000000000e+07   8.060e+08   1.000e+00
    154  229942.336     167       0  -6.194830400000000e+07   7.886e+08   1.000e+00
    155  231300.658     168       0  -6.194842800000000e+07   1.072e+09   1.000e+00
    156  232658.385     169       0  -6.194853600000000e+07   2.034e+09   1.000e+00
    157  234016.910     170       0  -6.194866400000000e+07   9.623e+08   1.000e+00
    158  235377.868     171       0  -6.194878400000000e+07   8.477e+08   1.000e+00
    159  236742.375     172       0  -6.194886800000000e+07   9.389e+08   1.000e+00
    160  238099.718     173       0  -6.194896400000000e+07   2.673e+09   1.000e+00
    161  239457.327     174       0  -6.194913200000000e+07   9.637e+08   1.000e+00
    162  240814.730     175       0  -6.194920000000000e+07   7.126e+08   1.000e+00
    163  242172.985     176       0  -6.194928400000000e+07   8.539e+08   1.000e+00
    164  243530.531     177       0  -6.194942400000000e+07   1.032e+09   1.000e+00
    165  246221.034     179       0  -6.194950800000000e+07   1.561e+09   4.848e-01
    166  247579.326     180       0  -6.194963200000000e+07   8.568e+08   1.000e+00
    167  248936.973     181       0  -6.194972000000000e+07   7.240e+08   1.000e+00
    168  250485.866     182       0  -6.194983200000000e+07   9.406e+08   1.000e+00
    169  252112.600     183       0  -6.194991600000000e+07   1.778e+09   1.000e+00
    170  253644.880     184       0  -6.195002400000000e+07   9.027e+08   1.000e+00
    171  255018.049     185       0  -6.195012400000000e+07   7.680e+08   1.000e+00
    172  256384.796     186       0  -6.195019200000000e+07   8.609e+08   1.000e+00
    173  257749.701     187       0  -6.195027200000000e+07   2.488e+09   1.000e+00
    174  259116.655     188       0  -6.195043200000000e+07   9.081e+08   1.000e+00
    175  260481.717     189       0  -6.195050400000000e+07   6.746e+08   1.000e+00
    176  261848.636     190       0  -6.195057600000000e+07   8.070e+08   1.000e+00
    177  263214.411     191       0  -6.195069600000000e+07   1.010e+09   1.000e+00
    178  264581.782     192       0  -6.195070800000000e+07   2.539e+09   1.000e+00
    179  265948.791     193       0  -6.195088000000000e+07   7.537e+08   1.000e+00
    180  267317.002     194       0  -6.195092000000000e+07   6.197e+08   1.000e+00
    181  268681.157     195       0  -6.195100400000000e+07   7.906e+08   1.000e+00
    182  270048.604     196       0  -6.195111600000000e+07   1.374e+09   1.000e+00
    183  271413.482     197       0  -6.195122800000000e+07   1.010e+09   1.000e+00
    184  272780.332     198       0  -6.195130400000000e+07   6.732e+08   1.000e+00
    185  274146.843     199       0  -6.195141200000000e+07   8.064e+08   1.000e+00
    186  275518.149     200       0  -6.195146000000000e+07   1.352e+09   1.000e+00
    187  276896.560     201       0  -6.195152800000000e+07   7.997e+08   1.000e+00
    188  278271.516     202       0  -6.195164800000000e+07   7.482e+08   1.000e+00
    189  279647.828     203       0  -6.195172000000000e+07   8.137e+08   1.000e+00
    190  281023.706     204       0  -6.195177600000000e+07   2.536e+09   1.000e+00
    191  282399.267     205       0  -6.195194400000000e+07   8.034e+08   1.000e+00
    192  283775.785     206       0  -6.195199600000000e+07   5.986e+08   1.000e+00
    193  285152.232     207       0  -6.195206800000000e+07   7.343e+08   1.000e+00
    194  286526.908     208       0  -6.195216000000000e+07   1.420e+09   1.000e+00
    195  287903.712     209       0  -6.195226800000000e+07   9.475e+08   1.000e+00
    196  289278.366     210       0  -6.195236000000000e+07   7.157e+08   1.000e+00
    197  290651.282     211       0  -6.195245200000000e+07   9.940e+08   1.000e+00
    198  292027.211     212       0  -6.195253200000000e+07   1.012e+09   1.000e+00
    199  293405.056     213       0  -6.195260800000000e+07   7.639e+08   1.000e+00
    200  294787.996     214       0  -6.195271200000000e+07   7.818e+08   1.000e+00
    201  296170.244     215       0  -6.195279600000000e+07   9.952e+08   1.000e+00
    202  297550.029     216       0  -6.195289200000000e+07   8.175e+08   1.000e+00
    203  298920.905     217       0  -6.195297200000000e+07   1.341e+09   1.000e+00
    204  300298.847     218       0  -6.195304800000000e+07   6.966e+08   1.000e+00
    205  301676.230     219       0  -6.195310400000000e+07   6.694e+08   1.000e+00
    206  303051.669     220       0  -6.195318800000000e+07   8.691e+08   1.000e+00
    207  304427.603     221       0  -6.195319200000000e+07   2.137e+09   1.000e+00
    208  305803.250     222       0  -6.195330800000000e+07   7.528e+08   1.000e+00
    209  307168.543     223       0  -6.195334800000000e+07   5.459e+08   1.000e+00
    210  308533.090     224       0  -6.195340400000000e+07   6.932e+08   1.000e+00
    211  309900.485     225       0  -6.195347600000000e+07   8.527e+08   1.000e+00
    212  311273.634     226       0  -6.195351600000000e+07   1.660e+09   1.000e+00
    213  312651.835     227       0  -6.195361600000000e+07   5.768e+08   1.000e+00
    214  314027.519     228       0  -6.195365200000000e+07   6.002e+08   1.000e+00
    215  315403.235     229       0  -6.195372000000000e+07   7.734e+08   1.000e+00
    216  316776.951     230       0  -6.195378000000000e+07   1.969e+09   1.000e+00
    217  318151.068     231       0  -6.195389600000000e+07   8.866e+08   1.000e+00
    218  319526.835     232       0  -6.195395200000000e+07   6.083e+08   1.000e+00
    219  320908.397     233       0  -6.195399600000000e+07   6.923e+08   1.000e+00
    220  322292.514     234       0  -6.195408000000000e+07   8.015e+08   1.000e+00
    221  325008.402     236       0  -6.195412800000000e+07   1.151e+09   4.263e-01
    222  326367.998     237       0  -6.195418800000000e+07   6.542e+08   1.000e+00
    223  327726.117     238       0  -6.195425200000000e+07   5.865e+08   1.000e+00
    224  329083.420     239       0  -6.195432800000000e+07   7.832e+08   1.000e+00
    225  330440.851     240       0  -6.195436400000000e+07   1.521e+09   1.000e+00
    226  331798.816     241       0  -6.195443200000000e+07   6.598e+08   1.000e+00
    227  333157.451     242       0  -6.195448000000000e+07   5.524e+08   1.000e+00
    228  334515.075     243       0  -6.195452400000000e+07   6.409e+08   1.000e+00
    229  335872.522     244       0  -6.195459200000000e+07   1.361e+09   1.000e+00
    230  337230.004     245       0  -6.195466000000000e+07   7.687e+08   1.000e+00
    231  338587.850     246       0  -6.195470400000000e+07   5.401e+08   1.000e+00
    232  339945.786     247       0  -6.195475600000000e+07   6.208e+08   1.000e+00
    233  341303.920     248       0  -6.195481600000000e+07   9.689e+08   1.000e+00
    234  342660.978     249       0  -6.195488400000000e+07   6.966e+08   1.000e+00
    235  344018.824     250       0  -6.195495200000000e+07   6.751e+08   1.000e+00
    236  345376.644     251       0  -6.195500000000000e+07   6.913e+08   1.000e+00
    237  346735.097     252       0  -6.195504400000000e+07   5.702e+08   1.000e+00
    238  348092.620     253       0  -6.195512400000000e+07   7.798e+08   1.000e+00
    239  349451.057     254       0  -6.195516800000000e+07   1.231e+09   1.000e+00
    240  350808.638     255       0  -6.195521200000000e+07   6.214e+08   1.000e+00
    241  352166.168     256       0  -6.195525200000000e+07   5.115e+08   1.000e+00
    242  353524.958     257       0  -6.195528800000000e+07   6.144e+08   1.000e+00
    243  354888.582     258       0  -6.195535600000000e+07   1.215e+09   1.000e+00
    244  356248.294     259       0  -6.195542000000000e+07   7.360e+08   1.000e+00
    245  357609.526     260       0  -6.195546800000000e+07   5.008e+08   1.000e+00
    246  358968.689     261       0  -6.195551600000000e+07   6.122e+08   1.000e+00
    247  360326.323     262       0  -6.195556000000000e+07   9.021e+08   1.000e+00
    248  361684.749     263       0  -6.195561600000000e+07   6.515e+08   1.000e+00
    249  363042.378     264       0  -6.195568000000000e+07   6.347e+08   1.000e+00
    250  364578.513     265       0  -6.195572400000000e+07   8.343e+08   1.000e+00
    251  366227.606     266       0  -6.195576400000000e+07   6.014e+08   1.000e+00
    252  367835.687     267       0  -6.195582400000000e+07   7.287e+08   1.000e+00
    253  369282.469     268       0  -6.195586800000000e+07   7.319e+08   1.000e+00
    254  370656.374     269       0  -6.195591600000000e+07   6.778e+08   1.000e+00
    255  372022.008     270       0  -6.195598000000000e+07   1.350e+09   1.000e+00
    256  373388.429     271       0  -6.195603600000000e+07   8.136e+08   1.000e+00
    257  374754.224     272       0  -6.195606000000000e+07   4.944e+08   1.000e+00
    258  376119.718     273       0  -6.195609600000000e+07   4.005e+08   1.000e+00
    259  377484.920     274       0  -6.195614400000000e+07   6.567e+08   1.000e+00
    260  378852.676     275       0  -6.195617600000000e+07   1.126e+09   1.000e+00
    261  380218.154     276       0  -6.195622400000000e+07   5.876e+08   1.000e+00
    262  381585.289     277       0  -6.195627200000000e+07   5.147e+08   1.000e+00
    263  382950.394     278       0  -6.195630400000000e+07   5.367e+08   1.000e+00
    264  384317.810     279       0  -6.195631200000000e+07   1.794e+09   1.000e+00
    265  385690.214     280       0  -6.195638800000000e+07   5.814e+08   1.000e+00
    266  387054.414     281       0  -6.195641200000000e+07   4.021e+08   1.000e+00
    267  388420.653     282       0  -6.195644400000000e+07   5.917e+08   1.000e+00
    268  389785.656     283       0  -6.195650400000000e+07   7.556e+08   1.000e+00
    269  391152.496     284       0  -6.195653600000000e+07   1.768e+09   1.000e+00
    270  392517.855     285       0  -6.195661200000000e+07   5.812e+08   1.000e+00
    271  393883.782     286       0  -6.195663600000000e+07   4.414e+08   1.000e+00
    272  395245.176     287       0  -6.195666400000000e+07   5.119e+08   1.000e+00
    273  396609.866     288       0  -6.195672000000000e+07   7.674e+08   1.000e+00
    274  397977.928     289       0  -6.195676000000000e+07   8.610e+08   1.000e+00
    275  399341.341     290       0  -6.195679600000000e+07   4.753e+08   1.000e+00
    276  400708.823     291       0  -6.195683600000000e+07   5.126e+08   1.000e+00
    277  402076.763     292       0  -6.195687600000000e+07   5.939e+08   1.000e+00
    278  403440.960     293       0  -6.195690000000000e+07   1.439e+09   1.000e+00
    279  404806.426     294       0  -6.195696000000000e+07   5.003e+08   1.000e+00
    280  406173.479     295       0  -6.195698400000000e+07   4.281e+08   1.000e+00
    281  407538.137     296       0  -6.195701200000000e+07   5.036e+08   1.000e+00
    282  408904.333     297       0  -6.195705600000000e+07   1.032e+09   1.000e+00
    283  410268.997     298       0  -6.195709200000000e+07   5.387e+08   1.000e+00
    284  411635.248     299       0  -6.195712400000000e+07   4.193e+08   1.000e+00
    285  412997.570     300       0  -6.195715600000000e+07   5.222e+08   1.000e+00
    286  414363.186     301       0  -6.195718000000000e+07   1.025e+09   1.000e+00
    287  415735.000     302       0  -6.195721200000000e+07   5.449e+08   1.000e+00
    288  417097.824     303       0  -6.195724400000000e+07   4.432e+08   1.000e+00
    289  418464.949     304       0  -6.195727600000000e+07   5.011e+08   1.000e+00
    290  419829.130     305       0  -6.195730800000000e+07   1.346e+09   1.000e+00
    291  421193.652     306       0  -6.195736000000000e+07   5.563e+08   1.000e+00
    292  422560.820     307       0  -6.195738800000000e+07   4.020e+08   1.000e+00
    293  423924.623     308       0  -6.195740800000000e+07   4.597e+08   1.000e+00
    294  425290.382     309       0  -6.195743600000000e+07   5.829e+08   1.000e+00
    295  426656.642     310       0  -6.195746000000000e+07   1.353e+09   1.000e+00
    296  428021.374     311       0  -6.195751600000000e+07   5.042e+08   1.000e+00
    297  429392.605     312       0  -6.195753600000000e+07   4.086e+08   1.000e+00
    298  430768.882     313       0  -6.195756400000000e+07   4.955e+08   1.000e+00
    299  432142.649     314       0  -6.195760400000000e+07   6.954e+08   1.000e+00
    300  433514.041     315       0  -6.195763200000000e+07   1.025e+09   1.000e+00
    301  434886.206     316       0  -6.195766400000000e+07   4.246e+08   1.000e+00
    302  436263.940     317       0  -6.195769200000000e+07   4.099e+08   1.000e+00
    303  437639.427     318       0  -6.195772000000000e+07   4.844e+08   1.000e+00
    304  439015.423     319       0  -6.195773600000000e+07   1.343e+09   1.000e+00
    305  440391.843     320       0  -6.195778000000000e+07   5.170e+08   1.000e+00
    306  441767.263     321       0  -6.195779200000000e+07   3.719e+08   1.000e+00
    307  443143.289     322       0  -6.195782400000000e+07   4.635e+08   1.000e+00
    308  444520.026     323       0  -6.195785600000000e+07   5.686e+08   1.000e+00
    309  447219.524     325       0  -6.195788400000000e+07   7.173e+08   4.802e-01
    310  448577.930     326       0  -6.195791200000000e+07   4.007e+08   1.000e+00
    311  449936.125     327       0  -6.195792800000000e+07   3.883e+08   1.000e+00
    312  451294.415     328       0  -6.195797200000000e+07   5.008e+08   1.000e+00
    313  452652.271     329       0  -6.195798800000000e+07   1.298e+09   1.000e+00
    314  454010.648     330       0  -6.195802000000000e+07   5.356e+08   1.000e+00
    315  455370.157     331       0  -6.195805200000000e+07   3.759e+08   1.000e+00
    316  456729.341     332       0  -6.195807200000000e+07   4.735e+08   1.000e+00
    317  458088.350     333       0  -6.195811600000000e+07   6.216e+08   1.000e+00
    318  459446.694     334       0  -6.195812000000000e+07   1.336e+09   1.000e+00
    319  460804.367     335       0  -6.195816800000000e+07   4.023e+08   1.000e+00
    320  462162.811     336       0  -6.195818000000000e+07   3.419e+08   1.000e+00
    321  463520.333     337       0  -6.195820800000000e+07   4.111e+08   1.000e+00
    322  465045.099     338       0  -6.195823200000000e+07   8.584e+08   1.000e+00
    323  466645.672     339       0  -6.195827600000000e+07   4.927e+08   1.000e+00
    324  468220.376     340       0  -6.195829200000000e+07   3.705e+08   1.000e+00
    325  469591.002     341       0  -6.195831200000000e+07   4.817e+08   1.000e+00
    326  470956.002     342       0  -6.195833600000000e+07   6.491e+08   1.000e+00
    327  472322.628     343       0  -6.195835600000000e+07   4.282e+08   1.000e+00
    328  473688.854     344       0  -6.195838800000000e+07   4.150e+08   1.000e+00
    329  475055.994     345       0  -6.195840400000000e+07   4.666e+08   1.000e+00
    330  476423.073     346       0  -6.195844000000000e+07   4.674e+08   1.000e+00
    331  477790.294     347       0  -6.195846800000000e+07   6.900e+08   1.000e+00
    332  479155.058     348       0  -6.195849600000000e+07   4.403e+08   1.000e+00
    333  480521.563     349       0  -6.195850800000000e+07   3.652e+08   1.000e+00
    334  481885.871     350       0  -6.195853600000000e+07   4.913e+08   1.000e+00
    335  483253.771     351       0  -6.195855600000000e+07   4.645e+08   1.000e+00
    336  484621.330     352       0  -6.195858800000000e+07   4.614e+08   1.000e+00
    337  485991.567     353       0  -6.195861600000000e+07   8.568e+08   1.000e+00
    338  487354.294     354       0  -6.195862800000000e+07   3.981e+08   1.000e+00
    339  488720.993     355       0  -6.195864400000000e+07   3.231e+08   1.000e+00
    340  490087.174     356       0  -6.195867200000000e+07   4.188e+08   1.000e+00
    341  491452.797     357       0  -6.195867600000000e+07   1.151e+09   1.000e+00
    342  492820.875     358       0  -6.195870800000000e+07   4.239e+08   1.000e+00
    343  494187.714     359       0  -6.195872400000000e+07   3.039e+08   1.000e+00
    344  495553.756     360       0  -6.195872800000000e+07   3.684e+08   1.000e+00
    345  496921.241     361       0  -6.195875600000000e+07   3.753e+08   1.000e+00
    346  499619.188     363       0  -6.195877600000000e+07   6.150e+08   4.481e-01
    347  500977.386     364       0  -6.195880000000000e+07   3.435e+08   1.000e+00
    348  502336.030     365       0  -6.195882400000000e+07   3.601e+08   1.000e+00
    349  503693.863     366       0  -6.195884400000000e+07   7.720e+08   1.000e+00
    350  505055.078     367       0  -6.195886800000000e+07   4.186e+08   1.000e+00
    351  506414.754     368       0  -6.195888800000000e+07   3.442e+08   1.000e+00
    352  507774.182     369       0  -6.195890400000000e+07   3.902e+08   1.000e+00
    353  509134.641     370       0  -6.195892400000000e+07   8.509e+08   1.000e+00
    354  510493.716     371       0  -6.195894800000000e+07   4.033e+08   1.000e+00
    355  511852.239     372       0  -6.195896400000000e+07   3.593e+08   1.000e+00
    356  513210.869     373       0  -6.195898800000000e+07   4.287e+08   1.000e+00
    357  514570.085     374       0  -6.195901200000000e+07   8.971e+08   1.000e+00
    358  515929.444     375       0  -6.195904400000000e+07   4.368e+08   1.000e+00
    359  517288.398     376       0  -6.195905600000000e+07   3.638e+08   1.000e+00
    360  518645.993     377       0  -6.195908400000000e+07   4.038e+08   1.000e+00
    361  520004.565     378       0  -6.195910400000000e+07   8.964e+08   1.000e+00
    362  521363.917     379       0  -6.195913200000000e+07   4.200e+08   1.000e+00
    363  522723.280     380       0  -6.195915200000000e+07   3.509e+08   1.000e+00
    364  524081.666     381       0  -6.195916800000000e+07   4.135e+08   1.000e+00
    365  525440.140     382       0  -6.195919600000000e+07   8.711e+08   1.000e+00
    366  526798.308     383       0  -6.195923600000000e+07   4.586e+08   1.000e+00
    367  528157.476     384       0  -6.195925200000000e+07   3.371e+08   1.000e+00
    368  529516.288     385       0  -6.195927600000000e+07   4.353e+08   1.000e+00
    369  530875.982     386       0  -6.195929600000000e+07   7.352e+08   1.000e+00
    370  532234.234     387       0  -6.195931600000000e+07   4.390e+08   1.000e+00
    371  533594.868     388       0  -6.195934400000000e+07   3.890e+08   1.000e+00
    372  534955.717     389       0  -6.195937200000000e+07   4.480e+08   1.000e+00
    373  536314.993     390       0  -6.195938800000000e+07   8.944e+08   1.000e+00
    374  537673.651     391       0  -6.195941600000000e+07   3.714e+08   1.000e+00
    375  539032.038     392       0  -6.195943200000000e+07   3.491e+08   1.000e+00
    376  540390.732     393       0  -6.195944400000000e+07   4.050e+08   1.000e+00
    377  541750.340     394       0  -6.195946800000000e+07   9.525e+08   1.000e+00
    378  543108.364     395       0  -6.195949600000000e+07   4.318e+08   1.000e+00
    379  544648.962     396       0  -6.195952400000000e+07   3.465e+08   1.000e+00
    380  546262.880     397       0  -6.195954000000000e+07   3.893e+08   1.000e+00
    381  547872.771     398       0  -6.195956800000000e+07   6.138e+08   1.000e+00
    382  549278.891     399       0  -6.195959600000000e+07   6.157e+08   1.000e+00
    383  550642.747     400       0  -6.195961600000000e+07   3.335e+08   1.000e+00
    384  552001.381     401       0  -6.195963200000000e+07   3.699e+08   1.000e+00
    385  553359.479     402       0  -6.195965600000000e+07   5.165e+08   1.000e+00
    386  554718.198     403       0  -6.195968400000000e+07   5.558e+08   1.000e+00
    387  556076.450     404       0  -6.195970400000000e+07   3.789e+08   1.000e+00
    388  557436.244     405       0  -6.195972000000000e+07   3.809e+08   1.000e+00
    389  558795.180     406       0  -6.195974400000000e+07   4.890e+08   1.000e+00
    390  560154.459     407       0  -6.195977200000000e+07   3.888e+08   1.000e+00
    391  561512.907     408       0  -6.195979200000000e+07   4.626e+08   1.000e+00
    392  562871.291     409       0  -6.195980400000000e+07   4.069e+08   1.000e+00
    393  564229.911     410       0  -6.195982800000000e+07   3.703e+08   1.000e+00
    394  565588.406     411       0  -6.195984800000000e+07   3.559e+08   1.000e+00
    395  566947.649     412       0  -6.195986800000000e+07   5.951e+08   1.000e+00
    396  568306.321     413       0  -6.195988800000000e+07   3.909e+08   1.000e+00
    397  569665.346     414       0  -6.195989200000000e+07   3.141e+08   1.000e+00
    398  571023.936     415       0  -6.195991200000000e+07   3.752e+08   1.000e+00
    399  572383.156     416       0  -6.195992800000000e+07   5.410e+08   1.000e+00
    400  573742.422     417       0  -6.195994400000000e+07   3.134e+08   1.000e+00
    401  575100.978     418       0  -6.195996000000000e+07   3.025e+08   1.000e+00
    402  576459.550     419       0  -6.195996800000000e+07   3.723e+08   1.000e+00
    403  577817.763     420       0  -6.195998400000000e+07   5.665e+08   1.000e+00
    404  579176.438     421       0  -6.196000400000000e+07   3.113e+08   1.000e+00
    405  580540.073     422       0  -6.196001600000000e+07   3.335e+08   1.000e+00
    406  581899.611     423       0  -6.196003600000000e+07   3.698e+08   1.000e+00
    407  583266.033     424       0  -6.196004400000000e+07   1.051e+09   1.000e+00
    408  584630.147     425       0  -6.196006800000000e+07   3.514e+08   1.000e+00
    409  585994.513     426       0  -6.196008000000000e+07   2.660e+08   1.000e+00
    410  587361.705     427       0  -6.196009200000000e+07   3.306e+08   1.000e+00
    411  588727.435     428       0  -6.196010800000000e+07   5.090e+08   1.000e+00
    412  590094.066     429       0  -6.196012800000000e+07   3.697e+08   1.000e+00
    413  591458.478     430       0  -6.196014000000000e+07   2.618e+08   1.000e+00
    414  592825.171     431       0  -6.196016000000000e+07   3.295e+08   1.000e+00
    415  594194.099     432       0  -6.196016800000000e+07   5.338e+08   1.000e+00
    416  595558.886     433       0  -6.196017200000000e+07   3.341e+08   1.000e+00
    417  596922.245     434       0  -6.196019600000000e+07   3.020e+08   1.000e+00
    418  598286.632     435       0  -6.196020800000000e+07   3.330e+08   1.000e+00
    419  599653.748     436       0  -6.196022000000000e+07   9.780e+08   1.000e+00
    420  601019.114     437       0  -6.196023200000000e+07   2.904e+08   1.000e+00
    421  602385.575     438       0  -6.196025200000000e+07   2.290e+08   1.000e+00
    422  603753.041     439       0  -6.196026400000000e+07   2.859e+08   1.000e+00
    423  605119.311     440       0  -6.196027200000000e+07   7.017e+08   1.000e+00
    424  606486.160     441       0  -6.196028800000000e+07   3.645e+08   1.000e+00
    425  607853.297     442       0  -6.196030000000000e+07   2.686e+08   1.000e+00
    426  609219.516     443       0  -6.196031200000000e+07   2.880e+08   1.000e+00
    427  610590.752     444       0  -6.196032800000000e+07   5.823e+08   1.000e+00
    428  611957.086     445       0  -6.196034400000000e+07   3.065e+08   1.000e+00
    429  613324.832     446       0  -6.196035200000000e+07   2.501e+08   1.000e+00
    430  614693.001     447       0  -6.196036400000000e+07   3.322e+08   1.000e+00
    431  616061.226     448       0  -6.196037200000000e+07   8.412e+08   1.000e+00
    432  617429.315     449       0  -6.196038800000000e+07   3.627e+08   1.000e+00
    433  618795.172     450       0  -6.196040400000000e+07   2.512e+08   1.000e+00
    434  620162.514     451       0  -6.196041200000000e+07   2.929e+08   1.000e+00
    435  621527.876     452       0  -6.196042800000000e+07   4.083e+08   1.000e+00
    436  622895.436     453       0  -6.196043600000000e+07   8.554e+08   1.000e+00
    437  624263.181     454       0  -6.196045600000000e+07   2.792e+08   1.000e+00
    438  625632.586     455       0  -6.196046400000000e+07   2.472e+08   1.000e+00
    439  626999.321     456       0  -6.196047200000000e+07   3.156e+08   1.000e+00
    440  628365.551     457       0  -6.196048800000000e+07   6.866e+08   1.000e+00
    441  629733.010     458       0  -6.196050800000000e+07   3.554e+08   1.000e+00
    442  631100.231     459       0  -6.196052000000000e+07   2.589e+08   1.000e+00
    443  632467.276     460       0  -6.196052800000000e+07   3.133e+08   1.000e+00
    444  633834.381     461       0  -6.196054000000000e+07   5.385e+08   1.000e+00
    445  635199.631     462       0  -6.196055600000000e+07   3.139e+08   1.000e+00
    446  636565.543     463       0  -6.196056800000000e+07   2.678e+08   1.000e+00
    447  637933.553     464       0  -6.196058000000000e+07   3.108e+08   1.000e+00
    448  639300.064     465       0  -6.196059200000000e+07   8.620e+08   1.000e+00
    449  640669.372     466       0  -6.196060800000000e+07   3.357e+08   1.000e+00
    450  642037.948     467       0  -6.196061600000000e+07   2.426e+08   1.000e+00
    451  643401.405     468       0  -6.196062000000000e+07   3.039e+08   1.000e+00
    452  644958.575     469       0  -6.196064400000000e+07   3.798e+08   1.000e+00
    453  648038.399     471       0  -6.196065600000000e+07   5.145e+08   5.000e-01
    454  649414.874     472       0  -6.196066800000000e+07   2.706e+08   1.000e+00
    455  650781.393     473       0  -6.196067600000000e+07   2.432e+08   1.000e+00
    456  652146.116     474       0  -6.196068800000000e+07   3.378e+08   1.000e+00
    457  653514.290     475       0  -6.196070400000000e+07   5.787e+08   1.000e+00
    458  654888.009     476       0  -6.196070800000000e+07   2.991e+08   1.000e+00
    459  656256.987     477       0  -6.196072000000000e+07   2.558e+08   1.000e+00
    460  657628.917     478       0  -6.196072400000000e+07   2.868e+08   1.000e+00
    461  658996.067     479       0  -6.196073600000000e+07   8.783e+08   1.000e+00
    462  660362.883     480       0  -6.196075600000000e+07   3.045e+08   1.000e+00
    463  661728.672     481       0  -6.196076400000000e+07   2.312e+08   1.000e+00
    464  663097.179     482       0  -6.196077600000000e+07   2.911e+08   1.000e+00
    465  664462.097     483       0  -6.196078800000000e+07   3.492e+08   1.000e+00
    466  667164.292     485       0  -6.196080400000000e+07   4.907e+08   5.000e-01
    467  668522.770     486       0  -6.196080800000000e+07   2.636e+08   1.000e+00
    468  669881.089     487       0  -6.196082400000000e+07   2.387e+08   1.000e+00
    469  671246.035     488       0  -6.196084000000000e+07   3.437e+08   1.000e+00
    470  672612.732     489       0  -6.196084800000000e+07   4.306e+08   1.000e+00
    471  673977.936     490       0  -6.196085600000000e+07   2.941e+08   1.000e+00
    472  675344.785     491       0  -6.196087200000000e+07   2.988e+08   1.000e+00
    473  676711.670     492       0  -6.196087600000000e+07   3.382e+08   1.000e+00
    474  678077.131     493       0  -6.196089600000000e+07   2.926e+08   1.000e+00
    475  679444.142     494       0  -6.196090000000000e+07   5.991e+08   1.000e+00
    476  680809.484     495       0  -6.196091200000000e+07   2.954e+08   1.000e+00
    477  682176.969     496       0  -6.196092400000000e+07   2.404e+08   1.000e+00
    478  683542.256     497       0  -6.196093200000000e+07   2.787e+08   1.000e+00
    479  687576.003     500       0  -6.196094000000000e+07   2.290e+08   2.500e-01
    480  688934.223     501       0  -6.196094800000000e+07   2.782e+08   1.000e+00
    481  690292.533     502       0  -6.196095200000000e+07   3.736e+08   1.000e+00
    482  691650.017     503       0  -6.196096800000000e+07   4.094e+08   1.000e+00
    483  693008.888     504       0  -6.196098000000000e+07   2.109e+08   1.000e+00
    484  694367.270     505       0  -6.196099600000000e+07   2.329e+08   1.000e+00
    485  711677.946     518       0  -6.196099600000000e+07   2.329e+08   7.302e-08
# Termination: function reduction test satisfied
# Iter.   Time (ms)    Eval. Reject.       Obj. Func.           Grad.       Step
# ---------------------------------------------------------------------------------
      0    1332.815       1       0  -6.142728800000000e+07   1.614e+10   0.000e+00
      1   17933.625      13       0  -6.150196400000000e+07   3.337e+10   8.275e-16
      2   19289.858      14       0  -6.158403600000000e+07   2.253e+10   1.000e+00
      3   20648.020      15       0  -6.164678800000000e+07   2.161e+10   1.000e+00
      4   22005.795      16       0  -6.169562400000000e+07   2.235e+10   1.000e+00
      5   23365.455      17       0  -6.172665200000000e+07   2.091e+10   1.000e+00
      6   24727.442      18       0  -6.174978800000000e+07   1.222e+10   1.000e+00
      7   26088.189      19       0  -6.176498400000000e+07   9.644e+09   1.000e+00
      8   27448.722      20       0  -6.177800000000000e+07   1.065e+10   1.000e+00
      9   28809.889      21       0  -6.178749200000000e+07   1.233e+10   1.000e+00
     10   30175.280      22       0  -6.179486800000000e+07   6.903e+09   1.000e+00
     11   31536.264      23       0  -6.180002000000000e+07   6.151e+09   1.000e+00
     12   32901.797      24       0  -6.180519600000000e+07   6.395e+09   1.000e+00
     13   34264.832      25       0  -6.180773600000000e+07   1.320e+10   1.000e+00
     14   35625.976      26       0  -6.181323600000000e+07   4.882e+09   1.000e+00
     15   36987.294      27       0  -6.181534000000000e+07   4.092e+09   1.000e+00
     16   38348.550      28       0  -6.181798800000000e+07   4.746e+09   1.000e+00
     17   39709.010      29       0  -6.182152800000000e+07   9.110e+09   1.000e+00
     18   41070.909      30       0  -6.182527200000000e+07   4.940e+09   1.000e+00
     19   42431.294      31       0  -6.182752400000000e+07   3.784e+09   1.000e+00
     20   43792.471      32       0  -6.183020800000000e+07   4.299e+09   1.000e+00
     21   45153.374      33       0  -6.183144800000000e+07   8.972e+09   1.000e+00
     22   46514.798      34       0  -6.183386000000000e+07   4.171e+09   1.000e+00
     23   47875.345      35       0  -6.183563600000000e+07   3.290e+09   1.000e+00
     24   49236.249      36       0  -6.183704400000000e+07   3.750e+09   1.000e+00
     25   50597.024      37       0  -6.183965600000000e+07   6.256e+09   1.000e+00
     26   51957.440      38       0  -6.184106400000000e+07   6.425e+09   1.000e+00
     27   53317.779      39       0  -6.184252400000000e+07   2.897e+09   1.000e+00
     28   54678.612      40       0  -6.184354000000000e+07   2.768e+09   1.000e+00
     29   56038.926      41       0  -6.184479600000000e+07   3.344e+09   1.000e+00
     30   57399.719      42       0  -6.184631200000000e+07   6.987e+09   1.000e+00
     31   58760.311      43       0  -6.184804000000000e+07   3.285e+09   1.000e+00
     32   60120.374      44       0  -6.184896800000000e+07   2.554e+09   1.000e+00
     33   61481.582      45       0  -6.184995600000000e+07   2.922e+09   1.000e+00
     34   62842.881      46       0  -6.185112800000000e+07   4.737e+09   1.000e+00
     35   64207.769      47       0  -6.185249200000000e+07   2.946e+09   1.000e+00
     36   65569.230      48       0  -6.185358800000000e+07   2.424e+09   1.000e+00
     37   66929.576      49       0  -6.185464800000000e+07   3.504e+09   1.000e+00
     38   68289.572      50       0  -6.185548400000000e+07   3.369e+09   1.000e+00
     39   69650.168      51       0  -6.185624000000000e+07   2.530e+09   1.000e+00
     40   71010.253      52       0  -6.185749200000000e+07   2.939e+09   1.000e+00
     41   72370.907      53       0  -6.185820800000000e+07   2.979e+09   1.000e+00
     42   73732.278      54       0  -6.185895200000000e+07   2.488e+09   1.000e+00
     43   75092.738      55       0  -6.185992400000000e+07   4.388e+09   1.000e+00
     44   76452.666      56       0  -6.186075200000000e+07   2.790e+09   1.000e+00
     45   77813.619      57       0  -6.186117600000000e+07   2.185e+09   1.000e+00
     46   79175.666      58       0  -6.186210800000000e+07   2.243e+09   1.000e+00
     47   80536.593      59       0  -6.186242400000000e+07   5.678e+09   1.000e+00
     48   81896.793      60       0  -6.186319200000000e+07   2.497e+09   1.000e+00
     49   83257.179      61       0  -6.186368000000000e+07   1.768e+09   1.000e+00
     50   84618.105      62       0  -6.186409200000000e+07   2.059e+09   1.000e+00
     51   85978.037      63       0  -6.186465600000000e+07   2.842e+09   1.000e+00
     52   87338.941      64       0  -6.186523600000000e+07   2.750e+09   1.000e+00
     53   88699.567      65       0  -6.186572000000000e+07   1.824e+09   1.000e+00
     54   90060.497      66       0  -6.186650800000000e+07   2.005e+09   1.000e+00
     55   91421.925      67       0  -6.186696400000000e+07   2.916e+09   1.000e+00
     56   92783.332      68       0  -6.186749200000000e+07   1.558e+09   1.000e+00
     57   94147.305      69       0  -6.186788400000000e+07   1.420e+09   1.000e+00
     58   95508.310      70       0  -6.186816800000000e+07   2.573e+09   1.000e+00
     59   96868.329      71       0  -6.186848000000000e+07   1.474e+09   1.000e+00
     60   98228.328      72       0  -6.186882000000000e+07   1.397e+09   1.000e+00
     61   99588.960      73       0  -6.186912400000000e+07   1.620e+09   1.000e+00
     62  100949.098      74       0  -6.186926400000000e+07   4.333e+09   1.000e+00
     63  102309.496      75       0  -6.186976000000000e+07   1.412e+09   1.000e+00
     64  103669.951      76       0  -6.186994000000000e+07   1.102e+09   1.000e+00
     65  105031.576      77       0  -6.187016000000000e+07   1.290e+09   1.000e+00
     66  106392.935      78       0  -6.187041600000000e+07   2.561e+09   1.000e+00
     67  107753.223      79       0  -6.187070000000000e+07   1.316e+09   1.000e+00
     68  109117.006      80       0  -6.187089200000000e+07   1.048e+09   1.000e+00
     69  110477.661      81       0  -6.187110400000000e+07   1.294e+09   1.000e+00
     70  111837.987      82       0  -6.187128400000000e+07   2.477e+09   1.000e+00
     71  113375.925      83       0  -6.187151600000000e+07   1.174e+09   1.000e+00
     72  115000.314      84       0  -6.187167600000000e+07   1.009e+09   1.000e+00
     73  116579.771      85       0  -6.187182800000000e+07   1.174e+09   1.000e+00
     74  117959.477      86       0  -6.187207200000000e+07   2.522e+09   1.000e+00
     75  119336.779      87       0  -6.187233600000000e+07   1.364e+09   1.000e+00
     76  120715.417      88       0  -6.187250000000000e+07   9.634e+08   1.000e+00
     77  122094.465      89       0  -6.187266800000000e+07   1.174e+09   1.000e+00
     78  123478.351      90       0  -6.187280800000000e+07   1.865e+09   1.000e+00
     79  124861.774      91       0  -6.187298800000000e+07   1.114e+09   1.000e+00
     80  126238.159      92       0  -6.187318000000000e+07   1.021e+09   1.000e+00
     81  127618.420      93       0  -6.187333600000000e+07   1.167e+09   1.000e+00
     82  128998.907      94       0  -6.187346800000000e+07   2.516e+09   1.000e+00
     83  130374.027      95       0  -6.187368800000000e+07   1.013e+09   1.000e+00
     84  131753.591      96       0  -6.187380000000000e+07   9.395e+08   1.000e+00
     85  133134.609      97       0  -6.187394400000000e+07   1.092e+09   1.000e+00
     86  134516.494      98       0  -6.187406400000000e+07   2.917e+09   1.000e+00
     87  135897.196      99       0  -6.187428000000000e+07   1.134e+09   1.000e+00
     88  137271.561     100       0  -6.187439200000000e+07   8.128e+08   1.000e+00
     89  138650.803     101       0  -6.187449600000000e+07   9.721e+08   1.000e+00
     90  140031.651     102       0  -6.187468400000000e+07   1.180e+09   1.000e+00
     91  142740.243     104       0  -6.187480000000000e+07   1.666e+09   4.920e-01
     92  144100.841     105       0  -6.187495200000000e+07   8.547e+08   1.000e+00
     93  145461.028     106       0  -6.187506400000000e+07   8.038e+08   1.000e+00
     94  146821.487     107       0  -6.187520000000000e+07   1.130e+09   1.000e+00
     95  148181.375     108       0  -6.187533600000000e+07   1.632e+09   1.000e+00
     96  149541.214     109       0  -6.187546800000000e+07   9.564e+08   1.000e+00
     97  150901.967     110       0  -6.187560800000000e+07   8.593e+08   1.000e+00
     98  152262.552     111       0  -6.187569600000000e+07   1.029e+09   1.000e+00
     99  153625.023     112       0  -6.187584800000000e+07   1.085e+09   1.000e+00
    100  154994.326     113       0  -6.187596800000000e+07   1.002e+09   1.000e+00
    101  156354.832     114       0  -6.187609200000000e+07   8.675e+08   1.000e+00
    102  157715.278     115       0  -6.187620000000000e+07   9.034e+08   1.000e+00
    103  159076.188     116       0  -6.187630400000000e+07   1.154e+09   1.000e+00
    104  160437.502     117       0  -6.187641600000000e+07   8.613e+08   1.000e+00
    105  161797.862     118       0  -6.187652000000000e+07   8.349e+08   1.000e+00
    106  163159.470     119       0  -6.187660800000000e+07   1.502e+09   1.000e+00
    107  164522.073     120       0  -6.187671600000000e+07   7.802e+08   1.000e+00
    108  165882.490     121       0  -6.187678800000000e+07   7.247e+08   1.000e+00
    109  167242.782     122       0  -6.187688400000000e+07   8.531e+08   1.000e+00
    110  168608.498     123       0  -6.187692800000000e+07   2.166e+09   1.000e+00
    111  169976.700     124       0  -6.187705600000000e+07   8.117e+08   1.000e+00
    112  171346.726     125       0  -6.187712800000000e+07   6.470e+08   1.000e+00
    113  172715.340     126       0  -6.187720800000000e+07   8.210e+08   1.000e+00
    114  174085.045     127       0  -6.187732800000000e+07   1.328e+09   1.000e+00
    115  175455.664     128       0  -6.187745200000000e+07   1.126e+09   1.000e+00
    116  176823.034     129       0  -6.187753600000000e+07   6.774e+08   1.000e+00
    117  178192.008     130       0  -6.187764000000000e+07   7.935e+08   1.000e+00
    118  179558.842     131       0  -6.187770800000000e+07   1.062e+09   1.000e+00
    119  180920.197     132       0  -6.187782400000000e+07   8.192e+08   1.000e+00
    120  182281.050     133       0  -6.187793200000000e+07   7.653e+08   1.000e+00
    121  183643.491     134       0  -6.187800800000000e+07   1.482e+09   1.000e+00
    122  185011.073     135       0  -6.187810400000000e+07   7.590e+08   1.000e+00
    123  186371.678     136       0  -6.187817600000000e+07   6.890e+08   1.000e+00
    124  187731.587     137       0  -6.187825200000000e+07   8.417e+08   1.000e+00
    125  189091.969     138       0  -6.187828000000000e+07   2.073e+09   1.000e+00
    126  190452.366     139       0  -6.187838800000000e+07   7.555e+08   1.000e+00
    127  191812.973     140       0  -6.187843600000000e+07   5.411e+08   1.000e+00
    128  193360.119     141       0  -6.187848800000000e+07   6.516e+08   1.000e+00
    129  194997.576     142       0  -6.187856000000000e+07   8.434e+08   1.000e+00
    130  196583.232     143       0  -6.187862400000000e+07   1.157e+09   1.000e+00
    131  197952.517     144       0  -6.187869200000000e+07   5.306e+08   1.000e+00
    132  199323.054     145       0  -6.187874000000000e+07   6.825e+08   1.000e+00
    133  200691.395     146       0  -6.187880800000000e+07   7.747e+08   1.000e+00
    134  202059.901     147       0  -6.187886000000000e+07   1.693e+09   1.000e+00
    135  203427.512     148       0  -6.187896000000000e+07   6.856e+08   1.000e+00
    136  204795.024     149       0  -6.187900800000000e+07   5.981e+08   1.000e+00
    137  206163.564     150       0  -6.187905200000000e+07   6.307e+08   1.000e+00
    138  207530.641     151       0  -6.187909200000000e+07   1.759e+09   1.000e+00
    139  208899.846     152       0  -6.187917200000000e+07   6.504e+08   1.000e+00
    140  210270.000     153       0  -6.187922000000000e+07   4.864e+08   1.000e+00
    141  211639.313     154       0  -6.187925200000000e+07   6.081e+08   1.000e+00
    142  213011.464     155       0  -6.187930800000000e+07   7.842e+08   1.000e+00
    143  214381.429     156       0  -6.187933200000000e+07   1.788e+09   1.000e+00
    144  215750.983     157       0  -6.187941200000000e+07   5.162e+08   1.000e+00
    145  217119.532     158       0  -6.187943200000000e+07   4.383e+08   1.000e+00
    146  218487.420     159       0  -6.187947200000000e+07   5.385e+08   1.000e+00
    147  219854.168     160       0  -6.187952400000000e+07   9.944e+08   1.000e+00
    148  221223.697     161       0  -6.187958000000000e+07   6.810e+08   1.000e+00
    149  222587.561     162       0  -6.187962000000000e+07   4.848e+08   1.000e+00
    150  223954.965     163       0  -6.187967200000000e+07   6.133e+08   1.000e+00
    151  225324.268     164       0  -6.187970800000000e+07   9.565e+08   1.000e+00
    152  226695.054     165       0  -6.187974000000000e+07   5.374e+08   1.000e+00
    153  228059.307     166       0  -6.187978400000000e+07   4.613e+08   1.000e+00
    154  229424.077     167       0  -6.187982400000000e+07   5.242e+08   1.000e+00
    155  232124.196     169       0  -6.187984800000000e+07   8.855e+08   5.000e-01
    156  233485.023     170       0  -6.187988800000000e+07   5.085e+08   1.000e+00
    157  234845.113     171       0  -6.187992000000000e+07   3.882e+08   1.000e+00
    158  236206.260     172       0  -6.187995200000000e+07   5.938e+08   1.000e+00
    159  237566.481     173       0  -6.187998000000000e+07   6.055e+08   1.000e+00
    160  238927.037     174       0  -6.188000800000000e+07   4.801e+08   1.000e+00
    161  240287.960     175       0  -6.188005200000000e+07   6.243e+08   1.000e+00
    162  241648.160     176       0  -6.188008400000000e+07   5.508e+08   1.000e+00
    163  243012.866     177       0  -6.188010800000000e+07   4.584e+08   1.000e+00
    164  244373.714     178       0  -6.188014000000000e+07   7.938e+08   1.000e+00
    165  245734.233     179       0  -6.188016400000000e+07   6.147e+08   1.000e+00
    166  247094.926     180       0  -6.188018800000000e+07   4.005e+08   1.000e+00
    167  248455.650     181       0  -6.188021600000000e+07   3.260e+08   1.000e+00
    168  249816.127     182       0  -6.188023600000000e+07   6.346e+08   1.000e+00
    169  251176.157     183       0  -6.188026000000000e+07   4.917e+08   1.000e+00
    170  252536.489     184       0  -6.188030400000000e+07   4.755e+08   1.000e+00
    171  253896.515     185       0  -6.188033200000000e+07   6.413e+08   1.000e+00
    172  255256.802     186       0  -6.188036000000000e+07   4.056e+08   1.000e+00
    173  256616.956     187       0  -6.188038800000000e+07   3.991e+08   1.000e+00
    174  257978.069     188       0  -6.188040400000000e+07   5.949e+08   1.000e+00
    175  259338.666     189       0  -6.188044000000000e+07   4.931e+08   1.000e+00
    176  260699.171     190       0  -6.188046800000000e+07   5.383e+08   1.000e+00
    177  262059.478     191       0  -6.188049600000000e+07   4.133e+08   1.000e+00
    178  263420.414     192       0  -6.188052000000000e+07   3.500e+08   1.000e+00
    179  264783.589     193       0  -6.188054000000000e+07   6.352e+08   1.000e+00
    180  266148.544     194       0  -6.188056800000000e+07   4.520e+08   1.000e+00
    181  267514.381     195       0  -6.188058400000000e+07   3.903e+08   1.000e+00
    182  268874.843     196       0  -6.188060800000000e+07   5.158e+08   1.000e+00
    183  270234.515     197       0  -6.188063200000000e+07   5.296e+08   1.000e+00
    184  271594.730     198       0  -6.188064800000000e+07   3.842e+08   1.000e+00
    185  272964.420     199       0  -6.188067600000000e+07   3.719e+08   1.000e+00
    186  274329.752     200       0  -6.188069200000000e+07   5.652e+08   1.000e+00
    187  275694.568     201       0  -6.188071200000000e+07   4.080e+08   1.000e+00
    188  277059.404     202       0  -6.188075600000000e+07   4.067e+08   1.000e+00
    189  278433.175     203       0  -6.188076000000000e+07   9.270e+08   1.000e+00
    190  279807.248     204       0  -6.188078000000000e+07   3.873e+08   1.000e+00
    191  281181.326     205       0  -6.188079600000000e+07   3.136e+08   1.000e+00
    192  282556.022     206       0  -6.188082000000000e+07   4.097e+08   1.000e+00
    193  283928.841     207       0  -6.188084400000000e+07   4.848e+08   1.000e+00
    194  286635.985     209       0  -6.188086400000000e+07   7.014e+08   4.085e-01
    195  287996.041     210       0  -6.188088800000000e+07   3.697e+08   1.000e+00
    196  289356.307     211       0  -6.188090000000000e+07   3.064e+08   1.000e+00
    197  290716.257     212       0  -6.188092800000000e+07   3.864e+08   1.000e+00
    198  292077.175     213       0  -6.188094400000000e+07   7.357e+08   1.000e+00
    199  293627.028     214       0  -6.188095200000000e+07   3.532e+08   1.000e+00
    200  295222.249     215       0  -6.188097200000000e+07   3.403e+08   1.000e+00
    201  296742.317     216       0  -6.188098400000000e+07   3.901e+08   1.000e+00
    202  298106.555     217       0  -6.188099200000000e+07   1.096e+09   1.000e+00
    203  299476.901     218       0  -6.188102800000000e+07   3.864e+08   1.000e+00
    204  300847.169     219       0  -6.188104400000000e+07   2.595e+08   1.000e+00
    205  302213.313     220       0  -6.188104800000000e+07   3.125e+08   1.000e+00
    206  303586.832     221       0  -6.188106400000000e+07   3.724e+08   1.000e+00
    207  304960.219     222       0  -6.188108800000000e+07   8.539e+08   1.000e+00
    208  306337.733     223       0  -6.188111600000000e+07   3.345e+08   1.000e+00
    209  307717.897     224       0  -6.188112800000000e+07   2.665e+08   1.000e+00
    210  309098.049     225       0  -6.188114400000000e+07   3.304e+08   1.000e+00
    211  310473.376     226       0  -6.188114800000000e+07   9.262e+08   1.000e+00
    212  311850.047     227       0  -6.188116400000000e+07   4.080e+08   1.000e+00
    213  313230.269     228       0  -6.188118000000000e+07   2.437e+08   1.000e+00
    214  314608.050     229       0  -6.188118800000000e+07   2.945e+08   1.000e+00
    215  315985.438     230       0  -6.188121600000000e+07   3.911e+08   1.000e+00
    216  318694.049     232       0  -6.188122400000000e+07   5.111e+08   5.000e-01
    217  320054.845     233       0  -6.188124000000000e+07   2.992e+08   1.000e+00
    218  321415.384     234       0  -6.188125600000000e+07   2.884e+08   1.000e+00
    219  322775.428     235       0  -6.188127200000000e+07   4.442e+08   1.000e+00
    220  324135.787     236       0  -6.188128800000000e+07   3.848e+08   1.000e+00
    221  325496.057     237       0  -6.188130000000000e+07   3.046e+08   1.000e+00
    222  326855.574     238       0  -6.188131200000000e+07   3.486e+08   1.000e+00
    223  328216.468     239       0  -6.188132800000000e+07   5.237e+08   1.000e+00
    224  329577.047     240       0  -6.188134400000000e+07   3.383e+08   1.000e+00
    225  330936.768     241       0  -6.188135200000000e+07   2.762e+08   1.000e+00
    226  332297.174     242       0  -6.188136800000000e+07   3.450e+08   1.000e+00
    227  333660.340     243       0  -6.188138400000000e+07   3.197e+08   1.000e+00
    228  335030.505     244       0  -6.188139600000000e+07   5.073e+08   1.000e+00
    229  336391.186     245       0  -6.188141200000000e+07   3.142e+08   1.000e+00
    230  337751.319     246       0  -6.188143200000000e+07   2.614e+08   1.000e+00
    231  361745.355     264       0  -6.188143200000000e+07   2.612e+08   1.463e-06
# Termination: function reduction test satisfied
# Iter.   Time (ms)    Eval. Reject.       Obj. Func.           Grad.       Step
# ---------------------------------------------------------------------------------
      0    1336.590       1       0  -6.084206000000000e+07   1.614e+10   0.000e+00
      1   17951.557      13       0  -6.092138400000000e+07   3.054e+10   7.368e-16
      2   19308.518      14       0  -6.099749200000000e+07   2.232e+10   1.000e+00
      3   20666.293      15       0  -6.106302800000000e+07   2.135e+10   1.000e+00
      4   22025.850      16       0  -6.110879600000000e+07   2.380e+10   1.000e+00
      5   23387.355      17       0  -6.114398400000000e+07   1.752e+10   1.000e+00
      6   24749.249      18       0  -6.116391600000000e+07   1.224e+10   1.000e+00
      7   26108.970      19       0  -6.118058800000000e+07   1.001e+10   1.000e+00
      8   27470.425      20       0  -6.119280000000000e+07   1.366e+10   1.000e+00
      9   28831.463      21       0  -6.120204400000000e+07   8.073e+09   1.000e+00
     10   30192.493      22       0  -6.120797200000000e+07   6.829e+09   1.000e+00
     11   31556.796      23       0  -6.121443600000000e+07   7.188e+09   1.000e+00
     12   32917.639      24       0  -6.121841600000000e+07   1.160e+10   1.000e+00
     13   34279.055      25       0  -6.122322800000000e+07   5.359e+09   1.000e+00
     14   35641.223      26       0  -6.122608000000000e+07   4.483e+09   1.000e+00
     15   37002.366      27       0  -6.122858800000000e+07   4.860e+09   1.000e+00
     16   38364.143      28       0  -6.123102800000000e+07   1.113e+10   1.000e+00
     17   39724.603      29       0  -6.123507600000000e+07   4.412e+09   1.000e+00
     18   41085.631      30       0  -6.123710000000000e+07   3.976e+09   1.000e+00
     19   42446.993      31       0  -6.123944800000000e+07   4.463e+09   1.000e+00
     20   43808.479      32       0  -6.124284400000000e+07   6.953e+09   1.000e+00
     21   45169.868      33       0  -6.124502400000000e+07   6.536e+09   1.000e+00
     22   46531.612      34       0  -6.124682000000000e+07   3.224e+09   1.000e+00
     23   47892.809      35       0  -6.124834000000000e+07   3.330e+09   1.000e+00
     24   49254.842      36       0  -6.124993200000000e+07   3.633e+09   1.000e+00
     25   50616.603      37       0  -6.125138400000000e+07   7.093e+09   1.000e+00
     26   51978.015      38       0  -6.125321200000000e+07   3.028e+09   1.000e+00
     27   53339.617      39       0  -6.125422400000000e+07   2.880e+09   1.000e+00
     28   54700.447      40       0  -6.125538400000000e+07   3.212e+09   1.000e+00
     29   56062.601      41       0  -6.125651200000000e+07   7.787e+09   1.000e+00
     30   57424.651      42       0  -6.125826400000000e+07   3.093e+09   1.000e+00
     31   58786.851      43       0  -6.125912000000000e+07   2.383e+09   1.000e+00
     32   60148.956      44       0  -6.125996400000000e+07   2.800e+09   1.000e+00
     33   61516.310      45       0  -6.126131600000000e+07   4.148e+09   1.000e+00
     34   62878.704      46       0  -6.126241600000000e+07   3.946e+09   1.000e+00
     35   64240.338      47       0  -6.126327200000000e+07   2.213e+09   1.000e+00
     36   65601.083      48       0  -6.126417200000000e+07   2.464e+09   1.000e+00
     37   66963.013      49       0  -6.126495200000000e+07   2.994e+09   1.000e+00
     38   68323.559      50       0  -6.126588000000000e+07   3.302e+09   1.000e+00
     39   69684.395      51       0  -6.126666400000000e+07   2.224e+09   1.000e+00
     40   71044.457      52       0  -6.126746000000000e+07   2.275e+09   1.000e+00
     41   72404.933      53       0  -6.126812000000000e+07   2.996e+09   1.000e+00
     42   73766.017      54       0  -6.126890000000000e+07   2.114e+09   1.000e+00
     43   75126.925      55       0  -6.126957600000000e+07   2.743e+09   1.000e+00
     44   76487.957      56       0  -6.127018400000000e+07   2.400e+09   1.000e+00
     45   77848.990      57       0  -6.127068000000000e+07   1.888e+09   1.000e+00
     46   79209.521      58       0  -6.127131600000000e+07   2.590e+09   1.000e+00
     47   80570.699      59       0  -6.127179200000000e+07   3.127e+09   1.000e+00
     48   81936.841      60       0  -6.127218400000000e+07   2.048e+09   1.000e+00
     49   83307.870      61       0  -6.127270400000000e+07   1.597e+09   1.000e+00
     50   84686.049      62       0  -6.127302800000000e+07   2.054e+09   1.000e+00
     51   86066.704      63       0  -6.127354400000000e+07   1.932e+09   1.000e+00
     52   87446.782      64       0  -6.127387200000000e+07   3.645e+09   1.000e+00
     53   88826.118      65       0  -6.127434400000000e+07   1.575e+09   1.000e+00
     54   90206.117      66       0  -6.127462400000000e+07   1.381e+09   1.000e+00
     55   91588.038      67       0  -6.127491600000000e+07   1.425e+09   1.000e+00
     56   92966.679      68       0  -6.127511200000000e+07   3.281e+09   1.000e+00
     57   94344.635      69       0  -6.127546000000000e+07   1.107e+09   1.000e+00
     58   95720.034      70       0  -6.127561600000000e+07   1.043e+09   1.000e+00
     59   97097.245      71       0  -6.127580400000000e+07   1.239e+09   1.000e+00
     60   98472.949      72       0  -6.127592000000000e+07   3.624e+09   1.000e+00
     61   99851.427      73       0  -6.127622400000000e+07   1.337e+09   1.000e+00
     62  101229.808      74       0  -6.127636000000000e+07   8.843e+08   1.000e+00
     63  102613.036      75       0  -6.127647200000000e+07   1.072e+09   1.000e+00
     64  103993.921      76       0  -6.127668800000000e+07   1.255e+09   1.000e+00
     65  106706.205      78       0  -6.127680800000000e+07   1.854e+09   4.630e-01
     66  108067.431      79       0  -6.127698400000000e+07   9.668e+08   1.000e+00
     67  109427.538      80       0  -6.127710000000000e+07   8.297e+08   1.000e+00
     68  110897.502      81       0  -6.127721600000000e+07   1.102e+09   1.000e+00
     69  112527.661      82       0  -6.127734400000000e+07   1.005e+09   1.000e+00
     70  114143.944      83       0  -6.127746800000000e+07   1.051e+09   1.000e+00
     71  115596.724      84       0  -6.127759200000000e+07   1.059e+09   1.000e+00
     72  116966.959      85       0  -6.127768000000000e+07   8.241e+08   1.000e+00
     73  118332.736      86       0  -6.127779200000000e+07   8.600e+08   1.000e+00
     74  119700.147      87       0  -6.127787600000000e+07   1.217e+09   1.000e+00
     75  121067.902      88       0  -6.127795200000000e+07   8.427e+08   1.000e+00
     76  122438.651      89       0  -6.127804800000000e+07   7.151e+08   1.000e+00
     77  123803.754      90       0  -6.127810400000000e+07   7.599e+08   1.000e+00
     78  125170.416      91       0  -6.127817600000000e+07   7.108e+08   1.000e+00
     79  126535.444      92       0  -6.127824000000000e+07   1.651e+09   1.000e+00
     80  127903.078      93       0  -6.127832800000000e+07   6.391e+08   1.000e+00
     81  129267.816      94       0  -6.127837600000000e+07   6.169e+08   1.000e+00
     82  130636.585      95       0  -6.127844000000000e+07   7.520e+08   1.000e+00
     83  132004.042      96       0  -6.127853600000000e+07   1.201e+09   1.000e+00
     84  133371.209      97       0  -6.127860800000000e+07   9.071e+08   1.000e+00
     85  134736.396      98       0  -6.127865600000000e+07   5.458e+08   1.000e+00
     86  136104.851      99       0  -6.127869600000000e+07   5.711e+08   1.000e+00
     87  137472.129     100       0  -6.127874400000000e+07   7.551e+08   1.000e+00
     88  138839.756     101       0  -6.127878000000000e+07   5.610e+08   1.000e+00
     89  140208.092     102       0  -6.127884000000000e+07   5.674e+08   1.000e+00
     90  141576.251     103       0  -6.127887200000000e+07   1.166e+09   1.000e+00
     91  142944.114     104       0  -6.127892000000000e+07   5.059e+08   1.000e+00
     92  144312.089     105       0  -6.127894400000000e+07   4.593e+08   1.000e+00
     93  145679.931     106       0  -6.127898000000000e+07   5.521e+08   1.000e+00
     94  147047.759     107       0  -6.127902800000000e+07   1.024e+09   1.000e+00
     95  148415.586     108       0  -6.127907200000000e+07   6.087e+08   1.000e+00
     96  149780.611     109       0  -6.127910800000000e+07   3.976e+08   1.000e+00
     97  151150.953     110       0  -6.127914400000000e+07   4.385e+08   1.000e+00
     98  152522.285     111       0  -6.127916400000000e+07   7.303e+08   1.000e+00
     99  153892.348     112       0  -6.127918800000000e+07   4.631e+08   1.000e+00
    100  155261.212     113       0  -6.127922400000000e+07   4.040e+08   1.000e+00
    101  156630.712     114       0  -6.127924800000000e+07   4.837e+08   1.000e+00
    102  158000.578     115       0  -6.127928800000000e+07   5.657e+08   1.000e+00
    103  159367.473     116       0  -6.127931200000000e+07   5.480e+08   1.000e+00
    104  160736.195     117       0  -6.127934000000000e+07   4.072e+08   1.000e+00
    105  162104.181     118       0  -6.127936000000000e+07   4.136e+08   1.000e+00
    106  163471.752     119       0  -6.127938000000000e+07   5.798e+08   1.000e+00
    107  164841.324     120       0  -6.127940800000000e+07   4.329e+08   1.000e+00
    108  166210.881     121       0  -6.127944000000000e+07   4.657e+08   1.000e+00
    109  167575.824     122       0  -6.127945600000000e+07   7.257e+08   1.000e+00
    110  168944.721     123       0  -6.127947600000000e+07   3.985e+08   1.000e+00
    111  170312.003     124       0  -6.127949200000000e+07   3.177e+08   1.000e+00
    112  171679.204     125       0  -6.127951200000000e+07   3.474e+08   1.000e+00
    113  173047.082     126       0  -6.127952800000000e+07   1.071e+09   1.000e+00
    114  174412.618     127       0  -6.127956400000000e+07   3.789e+08   1.000e+00
    115  175780.089     128       0  -6.127957200000000e+07   3.033e+08   1.000e+00
    116  177148.174     129       0  -6.127958800000000e+07   3.717e+08   1.000e+00
    117  178516.477     130       0  -6.127961200000000e+07   5.862e+08   1.000e+00
    118  179885.962     131       0  -6.127963600000000e+07   4.836e+08   1.000e+00
    119  181260.290     132       0  -6.127965600000000e+07   3.178e+08   1.000e+00
    120  182628.599     133       0  -6.127967600000000e+07   3.632e+08   1.000e+00
    121  183996.330     134       0  -6.127968800000000e+07   5.376e+08   1.000e+00
    122  185367.172     135       0  -6.127970000000000e+07   3.315e+08   1.000e+00
    123  186732.155     136       0  -6.127972800000000e+07   3.088e+08   1.000e+00
    124  188101.297     137       0  -6.127974400000000e+07   4.823e+08   1.000e+00
    125  189471.554     138       0  -6.127976000000000e+07   3.495e+08   1.000e+00
    126  190953.169     139       0  -6.127977600000000e+07   3.199e+08   1.000e+00
    127  192596.931     140       0  -6.127978800000000e+07   4.268e+08   1.000e+00
    128  194218.729     141       0  -6.127980800000000e+07   3.283e+08   1.000e+00
    129  195675.962     142       0  -6.127982000000000e+07   3.331e+08   1.000e+00
    130  197047.128     143       0  -6.127983600000000e+07   6.156e+08   1.000e+00
    131  198416.748     144       0  -6.127985200000000e+07   3.780e+08   1.000e+00
    132  199783.147     145       0  -6.127986400000000e+07   2.734e+08   1.000e+00
    133  201152.024     146       0  -6.127987200000000e+07   2.727e+08   1.000e+00
    134  202520.710     147       0  -6.127988800000000e+07   4.790e+08   1.000e+00
    135  203888.255     148       0  -6.127990400000000e+07   2.713e+08   1.000e+00
    136  205257.264     149       0  -6.127991600000000e+07   2.648e+08   1.000e+00
    137  206626.945     150       0  -6.127992400000000e+07   4.188e+08   1.000e+00
    138  207991.786     151       0  -6.127994000000000e+07   3.194e+08   1.000e+00
    139  209360.547     152       0  -6.127995600000000e+07   3.423e+08   1.000e+00
    140  210731.579     153       0  -6.127997200000000e+07   3.733e+08   1.000e+00
    141  212096.468     154       0  -6.127998000000000e+07   3.198e+08   1.000e+00
    142  213465.680     155       0  -6.128000000000000e+07   3.456e+08   1.000e+00
    143  214835.144     156       0  -6.128001200000000e+07   5.701e+08   1.000e+00
    144  216200.372     157       0  -6.128002000000000e+07   3.107e+08   1.000e+00
    145  217567.574     158       0  -6.128004000000000e+07   2.540e+08   1.000e+00
    146  241570.924     176       0  -6.128004000000000e+07   2.539e+08   2.927e-06
# Termination: function reduction test satisfied
# Iter.   Time (ms)    Eval. Reject.       Obj. Func.           Grad.       Step
# ---------------------------------------------------------------------------------
      0    1332.114       1       0  -5.498981200000000e+07   1.614e+10   0.000e+00
      1   14649.247      11       0  -5.505061200000000e+07   3.743e+10   9.690e-16
      2   16005.496      12       0  -5.514617600000000e+07   2.277e+10   1.000e+00
      3   17362.906      13       0  -5.520249200000000e+07   2.098e+10   1.000e+00
      4   18720.392      14       0  -5.525138400000000e+07   2.034e+10   1.000e+00
      5   20078.596      15       0  -5.527769600000000e+07   2.262e+10   1.000e+00
      6   21438.201      16       0  -5.530500400000000e+07   1.158e+10   1.000e+00
      7   22798.267      17       0  -5.531742400000000e+07   9.552e+09   1.000e+00
      8   24159.141      18       0  -5.533014000000000e+07   9.536e+09   1.000e+00
      9   25518.814      19       0  -5.533637200000000e+07   1.591e+10   1.000e+00
     10   26878.616      20       0  -5.534542400000000e+07   6.590e+09   1.000e+00
     11   28238.973      21       0  -5.534928800000000e+07   5.605e+09   1.000e+00
     12   29602.816      22       0  -5.535344800000000e+07   5.897e+09   1.000e+00
     13   30964.504      23       0  -5.535660400000000e+07   1.268e+10   1.000e+00
     14   32324.851      24       0  -5.536149600000000e+07   4.534e+09   1.000e+00
     15   33870.429      25       0  -5.536329200000000e+07   3.845e+09   1.000e+00
     16   35491.765      26       0  -5.536558800000000e+07   4.321e+09   1.000e+00
     17   37094.422      27       0  -5.536863200000000e+07   6.724e+09   1.000e+00
     18   38474.191      28       0  -5.537107200000000e+07   5.385e+09   1.000e+00
     19   39853.043      29       0  -5.537275600000000e+07   3.307e+09   1.000e+00
     20   41235.043      30       0  -5.537482800000000e+07   3.440e+09   1.000e+00
     21   42613.458      31       0  -5.537640800000000e+07   4.713e+09   1.000e+00
     22   43992.942      32       0  -5.537815600000000e+07   3.265e+09   1.000e+00
     23   45372.522      33       0  -5.537940000000000e+07   2.942e+09   1.000e+00
     24   46746.373      34       0  -5.538068800000000e+07   3.540e+09   1.000e+00
     25   48124.329      35       0  -5.538174800000000e+07   3.283e+09   1.000e+00
     26   49499.387      36       0  -5.538280800000000e+07   2.837e+09   1.000e+00
     27   50874.689      37       0  -5.538389600000000e+07   4.347e+09   1.000e+00
     28   52253.463      38       0  -5.538475600000000e+07   3.335e+09   1.000e+00
     29   53632.785      39       0  -5.538534800000000e+07   2.353e+09   1.000e+00
     30   55013.788      40       0  -5.538622000000000e+07   2.139e+09   1.000e+00
     31   56392.029      41       0  -5.538686400000000e+07   3.555e+09   1.000e+00
     32   57767.005      42       0  -5.538763600000000e+07   2.397e+09   1.000e+00
     33   59145.425      43       0  -5.538852800000000e+07   2.236e+09   1.000e+00
     34   60523.456      44       0  -5.538905600000000e+07   3.614e+09   1.000e+00
     35   61898.780      45       0  -5.538962400000000e+07   2.193e+09   1.000e+00
     36   63277.268      46       0  -5.539024800000000e+07   1.963e+09   1.000e+00
     37   64657.002      47       0  -5.539075200000000e+07   2.400e+09   1.000e+00
     38   66036.545      48       0  -5.539142400000000e+07   3.415e+09   1.000e+00
     39   67415.833      49       0  -5.539201200000000e+07   2.004e+09   1.000e+00
     40   68792.573      50       0  -5.539239200000000e+07   1.805e+09   1.000e+00
     41   70167.242      51       0  -5.539287200000000e+07   2.033e+09   1.000e+00
     42   71544.580      52       0  -5.539323600000000e+07   3.780e+09   1.000e+00
     43   72918.353      53       0  -5.539372800000000e+07   1.817e+09   1.000e+00
     44   74296.265      54       0  -5.539408800000000e+07   1.550e+09   1.000e+00
     45   75674.662      55       0  -5.539440800000000e+07   1.641e+09   1.000e+00
     46   77052.369      56       0  -5.539451600000000e+07   4.971e+09   1.000e+00
     47   78437.410      57       0  -5.539508800000000e+07   1.503e+09   1.000e+00
     48   79825.984      58       0  -5.539527200000000e+07   1.160e+09   1.000e+00
     49   81213.014      59       0  -5.539553600000000e+07   1.533e+09   1.000e+00
     50   82601.613      60       0  -5.539595600000000e+07   1.810e+09   1.000e+00
     51   85321.062      62       0  -5.539621600000000e+07   2.744e+09   4.407e-01
     52   86681.938      63       0  -5.539658000000000e+07   1.273e+09   1.000e+00
     53   88042.864      64       0  -5.539677600000000e+07   1.005e+09   1.000e+00
     54   89403.745      65       0  -5.539700000000000e+07   1.389e+09   1.000e+00
     55   90768.401      66       0  -5.539716000000000e+07   2.168e+09   1.000e+00
     56   92129.575      67       0  -5.539734800000000e+07   1.279e+09   1.000e+00
     57   93489.741      68       0  -5.539761600000000e+07   1.102e+09   1.000e+00
     58   94850.868      69       0  -5.539775200000000e+07   1.238e+09   1.000e+00
     59   96211.809      70       0  -5.539791200000000e+07   1.756e+09   1.000e+00
     60   97571.568      71       0  -5.539806400000000e+07   8.153e+08   1.000e+00
     61   98932.115      72       0  -5.539814400000000e+07   8.789e+08   1.000e+00
     62  100292.196      73       0  -5.539826000000000e+07   1.010e+09   1.000e+00
     63  101651.712      74       0  -5.539829200000000e+07   2.731e+09   1.000e+00
     64  103019.982      75       0  -5.539848400000000e+07   7.903e+08   1.000e+00
     65  104390.128      76       0  -5.539853600000000e+07   6.217e+08   1.000e+00
     66  105761.403      77       0  -5.539860000000000e+07   7.039e+08   1.000e+00
     67  107128.183      78       0  -5.539866800000000e+07   1.537e+09   1.000e+00
     68  108495.930      79       0  -5.539875600000000e+07   7.000e+08   1.000e+00
     69  109866.266      80       0  -5.539879600000000e+07   5.544e+08   1.000e+00
     70  111226.616      81       0  -5.539884800000000e+07   6.690e+08   1.000e+00
     71  112587.866      82       0  -5.539890000000000e+07   1.365e+09   1.000e+00
     72  113948.137      83       0  -5.539896000000000e+07   6.182e+08   1.000e+00
     73  115309.731      84       0  -5.539899600000000e+07   5.156e+08   1.000e+00
     74  116671.291      85       0  -5.539904000000000e+07   5.856e+08   1.000e+00
     75  118032.041      86       0  -5.539910000000000e+07   1.014e+09   1.000e+00
     76  119392.386      87       0  -5.539914000000000e+07   8.212e+08   1.000e+00
     77  120757.884      88       0  -5.539916800000000e+07   4.420e+08   1.000e+00
     78  122119.420      89       0  -5.539920000000000e+07   4.638e+08   1.000e+00
     79  123479.867      90       0  -5.539923200000000e+07   5.500e+08   1.000e+00
     80  124841.030      91       0  -5.539926400000000e+07   8.573e+08   1.000e+00
     81  126202.475      92       0  -5.539929200000000e+07   4.422e+08   1.000e+00
     82  127562.779      93       0  -5.539932400000000e+07   4.046e+08   1.000e+00
     83  128935.653      94       0  -5.539934400000000e+07   4.765e+08   1.000e+00
     84  130542.995      95       0  -5.539936800000000e+07   6.990e+08   1.000e+00
     85  132185.892      96       0  -5.539940000000000e+07   4.367e+08   1.000e+00
     86  133652.625      97       0  -5.539941200000000e+07   4.275e+08   1.000e+00
     87  135033.584      98       0  -5.539944000000000e+07   4.611e+08   1.000e+00
     88  136412.850      99       0  -5.539944400000000e+07   1.346e+09   1.000e+00
     89  137792.424     100       0  -5.539948000000000e+07   4.189e+08   1.000e+00
     90  139166.818     101       0  -5.539949200000000e+07   2.803e+08   1.000e+00
     91  140545.368     102       0  -5.539950800000000e+07   3.374e+08   1.000e+00
     92  141925.141     103       0  -5.539952800000000e+07   4.208e+08   1.000e+00
     93  143305.121     104       0  -5.539953600000000e+07   8.971e+08   1.000e+00
     94  144683.817     105       0  -5.539956400000000e+07   2.977e+08   1.000e+00
     95  146061.163     106       0  -5.539957600000000e+07   3.016e+08   1.000e+00
     96  147440.005     107       0  -5.539959200000000e+07   3.661e+08   1.000e+00
     97  148816.200     108       0  -5.539960800000000e+07   9.298e+08   1.000e+00
     98  150195.844     109       0  -5.539962400000000e+07   4.198e+08   1.000e+00
     99  151578.245     110       0  -5.539964000000000e+07   2.934e+08   1.000e+00
    100  152957.468     111       0  -5.539965200000000e+07   3.346e+08   1.000e+00
    101  154335.321     112       0  -5.539966800000000e+07   4.227e+08   1.000e+00
    102  157041.774     114       0  -5.539968800000000e+07   4.767e+08   5.000e-01
    103  158402.182     115       0  -5.539969200000000e+07   3.075e+08   1.000e+00
    104  159762.825     116       0  -5.539970800000000e+07   2.984e+08   1.000e+00
    105  161125.651     117       0  -5.539972800000000e+07   4.058e+08   1.000e+00
    106  162487.272     118       0  -5.539973200000000e+07   4.650e+08   1.000e+00
    107  163848.100     119       0  -5.539975200000000e+07   2.903e+08   1.000e+00
    108  165209.729     120       0  -5.539976800000000e+07   3.107e+08   1.000e+00
    109  166570.802     121       0  -5.539978000000000e+07   4.151e+08   1.000e+00
    110  167931.647     122       0  -5.539978800000000e+07   3.066e+08   1.000e+00
    111  169291.745     123       0  -5.539980800000000e+07   3.601e+08   1.000e+00
    112  170651.797     124       0  -5.539981200000000e+07   6.232e+08   1.000e+00
    113  172011.859     125       0  -5.539982800000000e+07   2.636e+08   1.000e+00
    114  173371.625     126       0  -5.539983200000000e+07   2.175e+08   1.000e+00
    115  174731.369     127       0  -5.539984400000000e+07   2.952e+08   1.000e+00
    116  176093.826     128       0  -5.539986400000000e+07   3.782e+08   1.000e+00
    117  178785.487     130       0  -5.539986800000000e+07   5.020e+08   3.688e-01
    118  180148.877     131       0  -5.539988400000000e+07   2.795e+08   1.000e+00
    119  181511.767     132       0  -5.539989200000000e+07   2.167e+08   1.000e+00
    120  182879.402     133       0  -5.539990400000000e+07   3.080e+08   1.000e+00
    121  184249.295     134       0  -5.539991200000000e+07   4.669e+08   1.000e+00
    122  185615.025     135       0  -5.539992000000000e+07   3.010e+08   1.000e+00
    123  186982.912     136       0  -5.539993600000000e+07   2.539e+08   1.000e+00
    124  188350.834     137       0  -5.539994400000000e+07   2.881e+08   1.000e+00
    125  189717.472     138       0  -5.539995200000000e+07   2.627e+08   1.000e+00
    126  191088.789     139       0  -5.539996000000000e+07   3.085e+08   1.000e+00
    127  192454.618     140       0  -5.539996800000000e+07   2.440e+08   1.000e+00
    128  193821.876     141       0  -5.539997200000000e+07   2.192e+08   1.000e+00
    129  195190.669     142       0  -5.539998400000000e+07   3.107e+08   1.000e+00
    130  196560.587     143       0  -5.540000000000000e+07   2.880e+08   1.000e+00
    131  197929.919     144       0  -5.540000400000000e+07   2.227e+08   1.000e+00
    132  224600.943     164       0  -5.540000400000000e+07   2.227e+08   1.904e-06
# Termination: function reduction test satisfied
# Iter.   Time (ms)    Eval. Reject.       Obj. Func.           Grad.       Step
# ---------------------------------------------------------------------------------
      0    1327.077       1       0  -6.149224800000000e+07   1.614e+10   0.000e+00
      1   17877.328      13       0  -6.156691200000000e+07   3.256e+10   8.003e-16
      2   19228.315      14       0  -6.164619200000000e+07   2.230e+10   1.000e+00
      3   20579.921      15       0  -6.170824800000000e+07   2.133e+10   1.000e+00
      4   21932.541      16       0  -6.175625600000000e+07   2.245e+10   1.000e+00
      5   23286.673      17       0  -6.178725200000000e+07   2.049e+10   1.000e+00
      6   24643.492      18       0  -6.180956800000000e+07   1.216e+10   1.000e+00
      7   25998.087      19       0  -6.182483200000000e+07   9.483e+09   1.000e+00
      8   27353.863      20       0  -6.183754000000000e+07   1.081e+10   1.000e+00
      9   28709.753      21       0  -6.184696400000000e+07   1.124e+10   1.000e+00
     10   30065.000      22       0  -6.185373600000000e+07   6.775e+09   1.000e+00
     11   31419.875      23       0  -6.185908000000000e+07   6.043e+09   1.000e+00
     12   32775.506      24       0  -6.186402400000000e+07   6.466e+09   1.000e+00
     13   34131.143      25       0  -6.186758800000000e+07   1.026e+10   1.000e+00
     14   35487.335      26       0  -6.187159600000000e+07   4.739e+09   1.000e+00
     15   36842.306      27       0  -6.187372400000000e+07   4.234e+09   1.000e+00
     16   38197.755      28       0  -6.187644000000000e+07   4.771e+09   1.000e+00
     17   39554.055      29       0  -6.187847200000000e+07   1.130e+10   1.000e+00
     18   40909.204      30       0  -6.188240800000000e+07   4.464e+09   1.000e+00
     19   42265.163      31       0  -6.188431600000000e+07   3.652e+09   1.000e+00
     20   43622.455      32       0  -6.188629200000000e+07   4.038e+09   1.000e+00
     21   44981.372      33       0  -6.188903600000000e+07   6.730e+09   1.000e+00
     22   46340.343      34       0  -6.189126000000000e+07   4.795e+09   1.000e+00
     23   47696.341      35       0  -6.189266400000000e+07   3.044e+09   1.000e+00
     24   49052.498      36       0  -6.189450400000000e+07   3.178e+09   1.000e+00
     25   50407.621      37       0  -6.189596000000000e+07   4.766e+09   1.000e+00
     26   51763.301      38       0  -6.189758400000000e+07   3.189e+09   1.000e+00
     27   53119.848      39       0  -6.189890000000000e+07   2.856e+09   1.000e+00
     28   54476.130      40       0  -6.190030000000000e+07   4.040e+09   1.000e+00
     29   55831.379      41       0  -6.190155200000000e+07   3.401e+09   1.000e+00
     30   57187.152      42       0  -6.190268400000000e+07   2.828e+09   1.000e+00
     31   58543.501      43       0  -6.190394800000000e+07   3.492e+09   1.000e+00
     32   59899.018      44       0  -6.190480000000000e+07   4.594e+09   1.000e+00
     33   61257.912      45       0  -6.190569200000000e+07   2.629e+09   1.000e+00
     34   62614.358      46       0  -6.190661600000000e+07   2.248e+09   1.000e+00
     35   63969.603      47       0  -6.190738800000000e+07   2.684e+09   1.000e+00
     36   65325.943      48       0  -6.190840000000000e+07   3.947e+09   1.000e+00
     37   66681.129      49       0  -6.190936400000000e+07   2.573e+09   1.000e+00
     38   68036.943      50       0  -6.191008400000000e+07   2.412e+09   1.000e+00
     39   69393.458      51       0  -6.191097600000000e+07   2.488e+09   1.000e+00
     40   70749.381      52       0  -6.191140000000000e+07   6.015e+09   1.000e+00
     41   72104.631      53       0  -6.191234000000000e+07   2.387e+09   1.000e+00
     42   73462.590      54       0  -6.191286800000000e+07   1.763e+09   1.000e+00
     43   74819.246      55       0  -6.191335600000000e+07   2.154e+09   1.000e+00
     44   76179.916      56       0  -6.191420000000000e+07   2.910e+09   1.000e+00
     45   77536.002      57       0  -6.191466000000000e+07   4.843e+09   1.000e+00
     46   78892.203      58       0  -6.191542400000000e+07   1.855e+09   1.000e+00
     47   80255.028      59       0  -6.191581600000000e+07   1.728e+09   1.000e+00
     48   81619.855      60       0  -6.191630400000000e+07   2.059e+09   1.000e+00
     49   83007.471      61       0  -6.191685200000000e+07   4.503e+09   1.000e+00
     50   84500.286      62       0  -6.191751200000000e+07   2.032e+09   1.000e+00
     51   85993.648      63       0  -6.191788800000000e+07   1.548e+09   1.000e+00
     52   87435.800      64       0  -6.191824800000000e+07   1.748e+09   1.000e+00
     53   88826.517      65       0  -6.191866000000000e+07   3.148e+09   1.000e+00
     54   90218.597      66       0  -6.191910800000000e+07   1.682e+09   1.000e+00
     55   91597.447      67       0  -6.191940400000000e+07   1.366e+09   1.000e+00
     56   92980.817      68       0  -6.191976800000000e+07   1.545e+09   1.000e+00
     57   94361.207      69       0  -6.192003600000000e+07   3.206e+09   1.000e+00
     58   95745.899      70       0  -6.192039600000000e+07   1.518e+09   1.000e+00
     59   97129.373      71       0  -6.192062400000000e+07   1.144e+09   1.000e+00
     60   98511.048      72       0  -6.192081600000000e+07   1.315e+09   1.000e+00
     61   99893.980      73       0  -6.192110400000000e+07   2.489e+09   1.000e+00
     62  101274.947      74       0  -6.192138800000000e+07   1.489e+09   1.000e+00
     63  102657.413      75       0  -6.192156800000000e+07   1.063e+09   1.000e+00
     64  104041.701      76       0  -6.192178000000000e+07   1.273e+09   1.000e+00
     65  105424.773      77       0  -6.192194000000000e+07   1.801e+09   1.000e+00
     66  106805.072      78       0  -6.192213200000000e+07   1.153e+09   1.000e+00
     67  108188.419      79       0  -6.192235600000000e+07   1.001e+09   1.000e+00
     68  109572.280      80       0  -6.192251200000000e+07   1.327e+09   1.000e+00
     69  110958.737      81       0  -6.192270800000000e+07   1.178e+09   1.000e+00
     70  112340.651      82       0  -6.192286400000000e+07   1.137e+09   1.000e+00
     71  113719.114      83       0  -6.192303600000000e+07   1.027e+09   1.000e+00
     72  115098.232      84       0  -6.192317600000000e+07   1.104e+09   1.000e+00
     73  116481.488      85       0  -6.192334000000000e+07   1.346e+09   1.000e+00
     74  117863.830      86       0  -6.192349600000000e+07   9.845e+08   1.000e+00
     75  119244.377      87       0  -6.192362800000000e+07   9.524e+08   1.000e+00
     76  120627.469      88       0  -6.192374800000000e+07   1.379e+09   1.000e+00
     77  122010.137      89       0  -6.192387200000000e+07   8.767e+08   1.000e+00
     78  123392.734      90       0  -6.192400000000000e+07   8.400e+08   1.000e+00
     79  124774.616      91       0  -6.192411600000000e+07   1.215e+09   1.000e+00
     80  126153.426      92       0  -6.192424400000000e+07   9.541e+08   1.000e+00
     81  127535.483      93       0  -6.192436800000000e+07   1.011e+09   1.000e+00
     82  128917.424      94       0  -6.192449200000000e+07   9.728e+08   1.000e+00
     83  130301.028      95       0  -6.192460400000000e+07   8.762e+08   1.000e+00
     84  131680.482      96       0  -6.192472800000000e+07   1.275e+09   1.000e+00
     85  133060.783      97       0  -6.192484800000000e+07   9.848e+08   1.000e+00
     86  134439.847      98       0  -6.192493600000000e+07   8.142e+08   1.000e+00
     87  135824.657      99       0  -6.192503200000000e+07   8.204e+08   1.000e+00
     88  137207.659     100       0  -6.192513200000000e+07   1.079e+09   1.000e+00
     89  138587.619     101       0  -6.192522800000000e+07   8.570e+08   1.000e+00
     90  139968.342     102       0  -6.192532800000000e+07   7.556e+08   1.000e+00
     91  141349.914     103       0  -6.192544000000000e+07   1.118e+09   1.000e+00
     92  142732.221     104       0  -6.192554000000000e+07   8.430e+08   1.000e+00
     93  144116.712     105       0  -6.192563200000000e+07   7.827e+08   1.000e+00
     94  145661.180     106       0  -6.192572000000000e+07   9.422e+08   1.000e+00
     95  147255.965     107       0  -6.192579600000000e+07   8.068e+08   1.000e+00
     96  148865.071     108       0  -6.192588400000000e+07   6.971e+08   1.000e+00
     97  150301.372     109       0  -6.192598800000000e+07   1.220e+09   1.000e+00
     98  151692.903     110       0  -6.192605200000000e+07   1.055e+09   1.000e+00
     99  153080.034     111       0  -6.192610000000000e+07   6.524e+08   1.000e+00
    100  154468.700     112       0  -6.192616000000000e+07   5.341e+08   1.000e+00
    101  155861.065     113       0  -6.192625200000000e+07   9.201e+08   1.000e+00
    102  157249.944     114       0  -6.192633200000000e+07   9.863e+08   1.000e+00
    103  158639.333     115       0  -6.192640000000000e+07   6.745e+08   1.000e+00
    104  160028.968     116       0  -6.192650800000000e+07   7.060e+08   1.000e+00
    105  161416.649     117       0  -6.192656800000000e+07   1.054e+09   1.000e+00
    106  162806.190     118       0  -6.192663600000000e+07   7.505e+08   1.000e+00
    107  164195.775     119       0  -6.192676400000000e+07   7.517e+08   1.000e+00
    108  165591.712     120       0  -6.192683600000000e+07   1.237e+09   1.000e+00
    109  166989.153     121       0  -6.192690000000000e+07   7.782e+08   1.000e+00
    110  168378.007     122       0  -6.192699600000000e+07   6.284e+08   1.000e+00
    111  169769.966     123       0  -6.192706000000000e+07   7.753e+08   1.000e+00
    112  171161.470     124       0  -6.192715200000000e+07   9.884e+08   1.000e+00
    113  172554.244     125       0  -6.192722400000000e+07   7.862e+08   1.000e+00
    114  173947.576     126       0  -6.192728800000000e+07   6.511e+08   1.000e+00
    115  175327.867     127       0  -6.192736000000000e+07   6.837e+08   1.000e+00
    116  176723.232     128       0  -6.192742800000000e+07   1.143e+09   1.000e+00
    117  178129.111     129       0  -6.192749600000000e+07   6.549e+08   1.000e+00
    118  179528.896     130       0  -6.192756000000000e+07   5.707e+08   1.000e+00
    119  180923.307     131       0  -6.192760400000000e+07   7.308e+08   1.000e+00
    120  182316.286     132       0  -6.192766800000000e+07   7.274e+08   1.000e+00
    121  183713.537     133       0  -6.192773600000000e+07   6.328e+08   1.000e+00
    122  185112.159     134       0  -6.192780400000000e+07   8.664e+08   1.000e+00
    123  186516.729     135       0  -6.192785200000000e+07   6.173e+08   1.000e+00
    124  187923.552     136       0  -6.192790400000000e+07   5.559e+08   1.000e+00
    125  189329.893     137       0  -6.192796800000000e+07   9.200e+08   1.000e+00
    126  190736.970     138       0  -6.192802800000000e+07   9.580e+08   1.000e+00
    127  192138.134     139       0  -6.192806800000000e+07   6.027e+08   1.000e+00
    128  193546.806     140       0  -6.192812800000000e+07   5.240e+08   1.000e+00
    129  194963.105     141       0  -6.192817600000000e+07   6.780e+08   1.000e+00
    130  196369.803     142       0  -6.192822400000000e+07   7.107e+08   1.000e+00
    131  197788.691     143       0  -6.192829200000000e+07   5.668e+08   1.000e+00
    132  199200.697     144       0  -6.192836000000000e+07   7.273e+08   1.000e+00
    133  200600.360     145       0  -6.192841200000000e+07   6.566e+08   1.000e+00
    134  202008.408     146       0  -6.192845600000000e+07   5.415e+08   1.000e+00
    135  203409.503     147       0  -6.192852400000000e+07   7.849e+08   1.000e+00
    136  204826.086     148       0  -6.192856400000000e+07   8.742e+08   1.000e+00
    137  206234.194     149       0  -6.192860000000000e+07   5.989e+08   1.000e+00
    138  207639.956     150       0  -6.192866000000000e+07   5.149e+08   1.000e+00
    139  209044.774     151       0  -6.192869200000000e+07   7.182e+08   1.000e+00
    140  210449.960     152       0  -6.192873200000000e+07   5.708e+08   1.000e+00
    141  211854.241     153       0  -6.192879600000000e+07   6.036e+08   1.000e+00
    142  213260.175     154       0  -6.192882400000000e+07   8.806e+08   1.000e+00
    143  214664.873     155       0  -6.192886000000000e+07   5.409e+08   1.000e+00
    144  216085.520     156       0  -6.192890800000000e+07   4.436e+08   1.000e+00
    145  217512.068     157       0  -6.192894800000000e+07   5.565e+08   1.000e+00
    146  218925.527     158       0  -6.192899200000000e+07   8.674e+08   1.000e+00
    147  220339.808     159       0  -6.192903600000000e+07   4.936e+08   1.000e+00
    148  221769.749     160       0  -6.192907600000000e+07   4.460e+08   1.000e+00
    149  223190.301     161       0  -6.192910800000000e+07   4.975e+08   1.000e+00
    150  224594.363     162       0  -6.192913600000000e+07   9.284e+08   1.000e+00
    151  226008.577     163       0  -6.192918000000000e+07   4.612e+08   1.000e+00
    152  227446.948     164       0  -6.192920800000000e+07   4.116e+08   1.000e+00
    153  228886.771     165       0  -6.192924400000000e+07   4.937e+08   1.000e+00
    154  230329.855     166       0  -6.192926800000000e+07   1.018e+09   1.000e+00
    155  231784.168     167       0  -6.192930000000000e+07   4.481e+08   1.000e+00
    156  233228.982     168       0  -6.192933200000000e+07   4.021e+08   1.000e+00
    157  234686.751     169       0  -6.192935600000000e+07   4.536e+08   1.000e+00
    158  236055.572     170       0  -6.192940000000000e+07   6.779e+08   1.000e+00
    159  237431.736     171       0  -6.192943200000000e+07   7.591e+08   1.000e+00
    160  238810.284     172       0  -6.192945600000000e+07   3.886e+08   1.000e+00
    161  240187.711     173       0  -6.192948800000000e+07   3.717e+08   1.000e+00
    162  241565.711     174       0  -6.192951600000000e+07   4.386e+08   1.000e+00
    163  242942.826     175       0  -6.192955200000000e+07   6.928e+08   1.000e+00
    164  244310.656     176       0  -6.192958800000000e+07   5.510e+08   1.000e+00
    165  245678.013     177       0  -6.192961200000000e+07   3.952e+08   1.000e+00
    166  247044.820     178       0  -6.192964400000000e+07   3.971e+08   1.000e+00
    167  248415.098     179       0  -6.192966400000000e+07   6.473e+08   1.000e+00
    168  249790.557     180       0  -6.192969600000000e+07   4.525e+08   1.000e+00
    169  251164.125     181       0  -6.192972800000000e+07   3.990e+08   1.000e+00
    170  252537.498     182       0  -6.192974400000000e+07   5.138e+08   1.000e+00
    171  253913.133     183       0  -6.192977600000000e+07   4.149e+08   1.000e+00
    172  255294.677     184       0  -6.192980800000000e+07   4.123e+08   1.000e+00
    173  256668.420     185       0  -6.192982400000000e+07   8.009e+08   1.000e+00
    174  258042.723     186       0  -6.192984000000000e+07   3.914e+08   1.000e+00
    175  259414.759     187       0  -6.192986400000000e+07   3.128e+08   1.000e+00
    176  260785.414     188       0  -6.192988800000000e+07   4.097e+08   1.000e+00
    177  262158.543     189       0  -6.192991600000000e+07   5.333e+08   1.000e+00
    178  263531.919     190       0  -6.192994000000000e+07   6.843e+08   1.000e+00
    179  264907.144     191       0  -6.192996800000000e+07   3.438e+08   1.000e+00
    180  266297.884     192       0  -6.192998400000000e+07   3.380e+08   1.000e+00
    181  267688.862     193       0  -6.193000800000000e+07   4.169e+08   1.000e+00
    182  269081.889     194       0  -6.193002800000000e+07   6.829e+08   1.000e+00
    183  270473.439     195       0  -6.193005600000000e+07   3.609e+08   1.000e+00
    184  271862.526     196       0  -6.193007200000000e+07   3.404e+08   1.000e+00
    185  273251.760     197       0  -6.193008800000000e+07   3.640e+08   1.000e+00
    186  274655.786     198       0  -6.193010400000000e+07   7.306e+08   1.000e+00
    187  276069.534     199       0  -6.193013200000000e+07   3.712e+08   1.000e+00
    188  277482.361     200       0  -6.193014000000000e+07   3.267e+08   1.000e+00
    189  278899.847     201       0  -6.193016400000000e+07   3.660e+08   1.000e+00
    190  280311.189     202       0  -6.193018400000000e+07   6.904e+08   1.000e+00
    191  281728.474     203       0  -6.193020800000000e+07   3.511e+08   1.000e+00
    192  283143.480     204       0  -6.193022000000000e+07   3.200e+08   1.000e+00
    193  284560.872     205       0  -6.193023600000000e+07   3.682e+08   1.000e+00
    194  285975.544     206       0  -6.193026000000000e+07   6.374e+08   1.000e+00
    195  287392.156     207       0  -6.193027200000000e+07   3.490e+08   1.000e+00
    196  288807.276     208       0  -6.193029200000000e+07   3.105e+08   1.000e+00
    197  290222.639     209       0  -6.193030400000000e+07   3.542e+08   1.000e+00
    198  291635.537     210       0  -6.193032800000000e+07   5.592e+08   1.000e+00
    199  293051.436     211       0  -6.193034800000000e+07   3.800e+08   1.000e+00
    200  294468.032     212       0  -6.193036800000000e+07   3.022e+08   1.000e+00
    201  295880.192     213       0  -6.193037600000000e+07   3.208e+08   1.000e+00
    202  297295.807     214       0  -6.193039200000000e+07   5.369e+08   1.000e+00
    203  298710.973     215       0  -6.193041200000000e+07   3.223e+08   1.000e+00
    204  300127.737     216       0  -6.193043200000000e+07   2.917e+08   1.000e+00
    205  301539.081     217       0  -6.193044000000000e+07   3.511e+08   1.000e+00
    206  302951.120     218       0  -6.193044800000000e+07   4.465e+08   1.000e+00
    207  304367.890     219       0  -6.193047200000000e+07   3.223e+08   1.000e+00
    208  305783.714     220       0  -6.193048400000000e+07   3.175e+08   1.000e+00
    209  307200.066     221       0  -6.193050000000000e+07   3.389e+08   1.000e+00
    210  308615.290     222       0  -6.193052000000000e+07   3.086e+08   1.000e+00
    211  310031.327     223       0  -6.193054000000000e+07   3.617e+08   1.000e+00
    212  311442.946     224       0  -6.193054800000000e+07   4.422e+08   1.000e+00
    213  312858.770     225       0  -6.193055600000000e+07   2.900e+08   1.000e+00
    214  314270.850     226       0  -6.193057200000000e+07   2.741e+08   1.000e+00
    215  315689.374     227       0  -6.193059600000000e+07   3.687e+08   1.000e+00
    216  317116.461     228       0  -6.193061200000000e+07   3.655e+08   1.000e+00
    217  318530.529     229       0  -6.193062400000000e+07   2.893e+08   1.000e+00
    218  319943.080     230       0  -6.193064000000000e+07   3.799e+08   1.000e+00
    219  321359.142     231       0  -6.193064800000000e+07   2.966e+08   1.000e+00
    220  322775.342     232       0  -6.193066400000000e+07   2.815e+08   1.000e+00
    221  324192.090     233       0  -6.193067600000000e+07   3.764e+08   1.000e+00
    222  325602.390     234       0  -6.193068400000000e+07   5.566e+08   1.000e+00
    223  327019.756     235       0  -6.193068800000000e+07   3.017e+08   1.000e+00
    224  328436.468     236       0  -6.193070800000000e+07   2.356e+08   1.000e+00
    225  329854.686     237       0  -6.193072000000000e+07   2.852e+08   1.000e+00
    226  331275.753     238       0  -6.193073200000000e+07   3.622e+08   1.000e+00
    227  332690.539     239       0  -6.193074800000000e+07   5.408e+08   1.000e+00
    228  334108.205     240       0  -6.193075600000000e+07   2.508e+08   1.000e+00
    229  335522.336     241       0  -6.193076400000000e+07   2.444e+08   1.000e+00
    230  336938.214     242       0  -6.193078000000000e+07   2.860e+08   1.000e+00
    231  338354.861     243       0  -6.193078800000000e+07   2.941e+08   1.000e+00
    232  339767.737     244       0  -6.193081200000000e+07   4.363e+08   1.000e+00
    233  341187.567     245       0  -6.193081600000000e+07   3.001e+08   1.000e+00
    234  342598.792     246       0  -6.193082400000000e+07   2.419e+08   1.000e+00
    235  344011.687     247       0  -6.193084000000000e+07   2.539e+08   1.000e+00
    236  345429.850     248       0  -6.193085200000000e+07   4.094e+08   1.000e+00
    237  346847.872     249       0  -6.193086000000000e+07   2.608e+08   1.000e+00
    238  348263.771     250       0  -6.193086800000000e+07   2.363e+08   1.000e+00
    239  349679.298     251       0  -6.193088000000000e+07   3.015e+08   1.000e+00
    240  351096.447     252       0  -6.193089200000000e+07   3.221e+08   1.000e+00
    241  352511.160     253       0  -6.193090000000000e+07   2.389e+08   1.000e+00
    242  353927.110     254       0  -6.193092000000000e+07   2.728e+08   1.000e+00
    243  377904.021     272       0  -6.193092000000000e+07   2.713e+08   3.240e-07
# Termination: function reduction test satisfied
# Iter.   Time (ms)    Eval. Reject.       Obj. Func.           Grad.       Step
# ---------------------------------------------------------------------------------
      0    1325.829       1       0  -6.149166000000000e+07   1.614e+10   0.000e+00
      1   17246.079      13       0  -6.156632400000000e+07   3.256e+10   8.001e-16
      2   18603.437      14       0  -6.164560400000000e+07   2.230e+10   1.000e+00
      3   19963.017      15       0  -6.170766400000000e+07   2.133e+10   1.000e+00
      4   21315.727      16       0  -6.175566800000000e+07   2.245e+10   1.000e+00
      5   22669.252      17       0  -6.178667200000000e+07   2.048e+10   1.000e+00
      6   24023.526      18       0  -6.180897600000000e+07   1.216e+10   1.000e+00
      7   25378.130      19       0  -6.182424400000000e+07   9.482e+09   1.000e+00
      8   26733.964      20       0  -6.183695600000000e+07   1.082e+10   1.000e+00
      9   28089.732      21       0  -6.184637600000000e+07   1.123e+10   1.000e+00
     10   29444.090      22       0  -6.185314800000000e+07   6.775e+09   1.000e+00
     11   30797.769      23       0  -6.185849600000000e+07   6.043e+09   1.000e+00
     12   32152.824      24       0  -6.186344000000000e+07   6.468e+09   1.000e+00
     13   33508.042      25       0  -6.186700800000000e+07   1.022e+10   1.000e+00
     14   34863.183      26       0  -6.187100800000000e+07   4.741e+09   1.000e+00
     15   36218.417      27       0  -6.187314000000000e+07   4.237e+09   1.000e+00
     16   37573.342      28       0  -6.187586800000000e+07   4.774e+09   1.000e+00
     17   38931.881      29       0  -6.187788800000000e+07   1.131e+10   1.000e+00
     18   40286.728      30       0  -6.188182000000000e+07   4.460e+09   1.000e+00
     19   41642.076      31       0  -6.188372800000000e+07   3.652e+09   1.000e+00
     20   42997.146      32       0  -6.188570000000000e+07   4.038e+09   1.000e+00
     21   44354.286      33       0  -6.188844800000000e+07   6.732e+09   1.000e+00
     22   45709.443      34       0  -6.189066800000000e+07   4.792e+09   1.000e+00
     23   47064.067      35       0  -6.189207600000000e+07   3.043e+09   1.000e+00
     24   48419.059      36       0  -6.189392000000000e+07   3.179e+09   1.000e+00
     25   49773.984      37       0  -6.189537200000000e+07   4.768e+09   1.000e+00
     26   51128.961      38       0  -6.189699200000000e+07   3.184e+09   1.000e+00
     27   52483.972      39       0  -6.189831600000000e+07   2.856e+09   1.000e+00
     28   53839.639      40       0  -6.189971200000000e+07   4.078e+09   1.000e+00
     29   55194.883      41       0  -6.190096400000000e+07   3.371e+09   1.000e+00
     30   56550.648      42       0  -6.190209600000000e+07   2.823e+09   1.000e+00
     31   57907.307      43       0  -6.190335200000000e+07   3.499e+09   1.000e+00
     32   59267.039      44       0  -6.190420800000000e+07   4.579e+09   1.000e+00
     33   60621.194      45       0  -6.190510400000000e+07   2.619e+09   1.000e+00
     34   61975.817      46       0  -6.190602400000000e+07   2.253e+09   1.000e+00
     35   63330.868      47       0  -6.190680800000000e+07   2.691e+09   1.000e+00
     36   64685.801      48       0  -6.190781200000000e+07   3.915e+09   1.000e+00
     37   66040.280      49       0  -6.190878000000000e+07   2.549e+09   1.000e+00
     38   67397.243      50       0  -6.190950400000000e+07   2.410e+09   1.000e+00
     39   68768.424      51       0  -6.191038800000000e+07   2.494e+09   1.000e+00
     40   70139.755      52       0  -6.191082400000000e+07   5.944e+09   1.000e+00
     41   71513.402      53       0  -6.191176000000000e+07   2.371e+09   1.000e+00
     42   72884.589      54       0  -6.191228800000000e+07   1.776e+09   1.000e+00
     43   74255.420      55       0  -6.191278800000000e+07   2.157e+09   1.000e+00
     44   75629.185      56       0  -6.191362800000000e+07   3.001e+09   1.000e+00
     45   77001.610      57       0  -6.191413600000000e+07   4.501e+09   1.000e+00
     46   78374.025      58       0  -6.191484000000000e+07   1.846e+09   1.000e+00
     47   79734.967      59       0  -6.191526000000000e+07   1.772e+09   1.000e+00
     48   81098.938      60       0  -6.191574400000000e+07   2.078e+09   1.000e+00
     49   82464.489      61       0  -6.191624400000000e+07   4.666e+09   1.000e+00
     50   83837.082      62       0  -6.191690800000000e+07   2.012e+09   1.000e+00
     51   85208.480      63       0  -6.191728400000000e+07   1.561e+09   1.000e+00
     52   86582.414      64       0  -6.191762000000000e+07   1.743e+09   1.000e+00
     53   87955.817      65       0  -6.191812000000000e+07   2.884e+09   1.000e+00
     54   89330.826      66       0  -6.191856400000000e+07   1.882e+09   1.000e+00
     55   90701.189      67       0  -6.191884800000000e+07   1.333e+09   1.000e+00
     56   92074.186      68       0  -6.191926400000000e+07   1.472e+09   1.000e+00
     57   93444.127      69       0  -6.191950400000000e+07   2.705e+09   1.000e+00
     58   94817.285      70       0  -6.191980400000000e+07   1.532e+09   1.000e+00
     59   96188.547      71       0  -6.192008400000000e+07   1.162e+09   1.000e+00
     60   97558.376      72       0  -6.192028400000000e+07   1.271e+09   1.000e+00
     61   98930.628      73       0  -6.192052400000000e+07   2.857e+09   1.000e+00
     62  100296.478      74       0  -6.192081600000000e+07   1.238e+09   1.000e+00
     63  101669.366      75       0  -6.192096000000000e+07   1.052e+09   1.000e+00
     64  103041.180      76       0  -6.192116400000000e+07   1.229e+09   1.000e+00
     65  104417.023      77       0  -6.192137200000000e+07   2.521e+09   1.000e+00
     66  105788.232      78       0  -6.192161200000000e+07   1.268e+09   1.000e+00
     67  107160.777      79       0  -6.192177600000000e+07   9.514e+08   1.000e+00
     68  108533.003      80       0  -6.192192000000000e+07   1.097e+09   1.000e+00
     69  109903.538      81       0  -6.192209600000000e+07   1.781e+09   1.000e+00
     70  111277.555      82       0  -6.192226000000000e+07   1.182e+09   1.000e+00
     71  112653.039      83       0  -6.192239200000000e+07   9.638e+08   1.000e+00
     72  114026.194      84       0  -6.192256800000000e+07   1.152e+09   1.000e+00
     73  115395.650      85       0  -6.192269200000000e+07   1.844e+09   1.000e+00
     74  116770.085      86       0  -6.192283200000000e+07   1.030e+09   1.000e+00
     75  118149.214      87       0  -6.192298000000000e+07   8.722e+08   1.000e+00
     76  119521.800      88       0  -6.192309200000000e+07   9.966e+08   1.000e+00
     77  120895.693      89       0  -6.192321600000000e+07   2.011e+09   1.000e+00
     78  122267.127      90       0  -6.192337600000000e+07   9.056e+08   1.000e+00
     79  123640.231      91       0  -6.192348000000000e+07   8.380e+08   1.000e+00
     80  125012.476      92       0  -6.192359200000000e+07   9.597e+08   1.000e+00
     81  126384.903      93       0  -6.192371600000000e+07   2.097e+09   1.000e+00
     82  127757.838      94       0  -6.192386800000000e+07   9.696e+08   1.000e+00
     83  129130.302      95       0  -6.192395600000000e+07   7.480e+08   1.000e+00
     84  130504.458      96       0  -6.192405200000000e+07   8.566e+08   1.000e+00
     85  131877.628      97       0  -6.192418800000000e+07   1.262e+09   1.000e+00
     86  133254.621      98       0  -6.192429600000000e+07   1.399e+09   1.000e+00
     87  134628.060      99       0  -6.192438400000000e+07   7.181e+08   1.000e+00
     88  136001.233     100       0  -6.192446800000000e+07   7.448e+08   1.000e+00
     89  137373.195     101       0  -6.192456000000000e+07   8.463e+08   1.000e+00
     90  138744.425     102       0  -6.192464000000000e+07   1.640e+09   1.000e+00
     91  140117.119     103       0  -6.192475600000000e+07   7.473e+08   1.000e+00
     92  141488.877     104       0  -6.192482000000000e+07   7.074e+08   1.000e+00
     93  142860.564     105       0  -6.192489200000000e+07   7.690e+08   1.000e+00
     94  144230.839     106       0  -6.192496800000000e+07   1.905e+09   1.000e+00
     95  145604.033     107       0  -6.192507600000000e+07   7.496e+08   1.000e+00
     96  146982.536     108       0  -6.192513600000000e+07   6.368e+08   1.000e+00
     97  148365.440     109       0  -6.192520000000000e+07   7.679e+08   1.000e+00
     98  149740.258     110       0  -6.192530800000000e+07   1.227e+09   1.000e+00
     99  151121.953     111       0  -6.192539600000000e+07   1.079e+09   1.000e+00
    100  152503.036     112       0  -6.192546000000000e+07   6.401e+08   1.000e+00
    101  153885.617     113       0  -6.192554400000000e+07   6.685e+08   1.000e+00
    102  155269.915     114       0  -6.192562000000000e+07   8.731e+08   1.000e+00
    103  156648.448     115       0  -6.192570400000000e+07   1.032e+09   1.000e+00
    104  158030.816     116       0  -6.192578800000000e+07   6.945e+08   1.000e+00
    105  159410.563     117       0  -6.192588000000000e+07   7.172e+08   1.000e+00
    106  160794.719     118       0  -6.192594400000000e+07   9.492e+08   1.000e+00
    107  162176.128     119       0  -6.192604000000000e+07   7.468e+08   1.000e+00
    108  163556.477     120       0  -6.192614000000000e+07   7.583e+08   1.000e+00
    109  164937.382     121       0  -6.192622000000000e+07   1.025e+09   1.000e+00
    110  166316.170     122       0  -6.192629600000000e+07   7.101e+08   1.000e+00
    111  167689.281     123       0  -6.192639200000000e+07   6.597e+08   1.000e+00
    112  169063.463     124       0  -6.192646800000000e+07   1.209e+09   1.000e+00
    113  170437.666     125       0  -6.192654000000000e+07   7.450e+08   1.000e+00
    114  171811.784     126       0  -6.192661600000000e+07   6.566e+08   1.000e+00
    115  173182.977     127       0  -6.192669200000000e+07   7.823e+08   1.000e+00
    116  174556.243     128       0  -6.192676800000000e+07   8.664e+08   1.000e+00
    117  175928.864     129       0  -6.192684000000000e+07   7.308e+08   1.000e+00
    118  177304.106     130       0  -6.192690800000000e+07   6.902e+08   1.000e+00
    119  178678.948     131       0  -6.192697600000000e+07   6.895e+08   1.000e+00
    120  180055.096     132       0  -6.192704800000000e+07   9.023e+08   1.000e+00
    121  181432.484     133       0  -6.192711200000000e+07   6.488e+08   1.000e+00
    122  182807.390     134       0  -6.192717200000000e+07   5.993e+08   1.000e+00
    123  184184.041     135       0  -6.192722800000000e+07   8.464e+08   1.000e+00
    124  185560.687     136       0  -6.192728400000000e+07   5.849e+08   1.000e+00
    125  186935.507     137       0  -6.192734400000000e+07   5.974e+08   1.000e+00
    126  188311.145     138       0  -6.192739200000000e+07   8.091e+08   1.000e+00
    127  189687.407     139       0  -6.192744000000000e+07   5.972e+08   1.000e+00
    128  191073.841     140       0  -6.192750000000000e+07   5.476e+08   1.000e+00
    129  192466.003     141       0  -6.192755200000000e+07   7.921e+08   1.000e+00
    130  193855.754     142       0  -6.192760400000000e+07   6.716e+08   1.000e+00
    131  195243.657     143       0  -6.192766000000000e+07   5.543e+08   1.000e+00
    132  196634.016     144       0  -6.192772000000000e+07   6.432e+08   1.000e+00
    133  198021.946     145       0  -6.192776800000000e+07   7.529e+08   1.000e+00
    134  199415.023     146       0  -6.192780400000000e+07   5.422e+08   1.000e+00
    135  200805.924     147       0  -6.192786000000000e+07   5.171e+08   1.000e+00
    136  202194.803     148       0  -6.192790000000000e+07   9.148e+08   1.000e+00
    137  203582.135     149       0  -6.192794400000000e+07   5.224e+08   1.000e+00
    138  204970.773     150       0  -6.192797600000000e+07   4.894e+08   1.000e+00
    139  206362.425     151       0  -6.192802400000000e+07   6.049e+08   1.000e+00
    140  207757.457     152       0  -6.192805600000000e+07   1.052e+09   1.000e+00
    141  209135.833     153       0  -6.192809600000000e+07   5.262e+08   1.000e+00
    142  210515.880     154       0  -6.192813200000000e+07   4.490e+08   1.000e+00
    143  211900.420     155       0  -6.192818000000000e+07   5.319e+08   1.000e+00
    144  213281.546     156       0  -6.192822800000000e+07   8.986e+08   1.000e+00
    145  214659.495     157       0  -6.192826800000000e+07   6.211e+08   1.000e+00
    146  216042.624     158       0  -6.192830400000000e+07   4.165e+08   1.000e+00
    147  217423.869     159       0  -6.192833600000000e+07   4.247e+08   1.000e+00
    148  218809.624     160       0  -6.192837200000000e+07   7.901e+08   1.000e+00
    149  220191.016     161       0  -6.192840800000000e+07   5.027e+08   1.000e+00
    150  221572.794     162       0  -6.192845200000000e+07   4.200e+08   1.000e+00
    151  222954.512     163       0  -6.192847600000000e+07   5.556e+08   1.000e+00
    152  224337.716     164       0  -6.192850400000000e+07   4.961e+08   1.000e+00
    153  225719.255     165       0  -6.192854400000000e+07   4.267e+08   1.000e+00
    154  227101.580     166       0  -6.192857600000000e+07   5.878e+08   1.000e+00
    155  228483.256     167       0  -6.192860000000000e+07   4.355e+08   1.000e+00
    156  229866.074     168       0  -6.192862800000000e+07   4.149e+08   1.000e+00
    157  231245.373     169       0  -6.192866000000000e+07   6.914e+08   1.000e+00
    158  232632.358     170       0  -6.192868800000000e+07   4.955e+08   1.000e+00
    159  234024.703     171       0  -6.192871200000000e+07   4.021e+08   1.000e+00
    160  235415.501     172       0  -6.192874800000000e+07   4.767e+08   1.000e+00
    161  236822.029     173       0  -6.192876000000000e+07   5.961e+08   1.000e+00
    162  238222.536     174       0  -6.192879600000000e+07   3.939e+08   1.000e+00
    163  239616.649     175       0  -6.192882400000000e+07   3.729e+08   1.000e+00
    164  241004.361     176       0  -6.192885200000000e+07   5.187e+08   1.000e+00
    165  242400.918     177       0  -6.192888000000000e+07   4.537e+08   1.000e+00
    166  243806.955     178       0  -6.192890000000000e+07   3.827e+08   1.000e+00
    167  245206.802     179       0  -6.192893600000000e+07   4.951e+08   1.000e+00
    168  246591.395     180       0  -6.192894800000000e+07   4.490e+08   1.000e+00
    169  247986.936     181       0  -6.192898000000000e+07   3.892e+08   1.000e+00
    170  249380.588     182       0  -6.192900400000000e+07   6.226e+08   1.000e+00
    171  250776.703     183       0  -6.192902000000000e+07   6.048e+08   1.000e+00
    172  252174.372     184       0  -6.192903200000000e+07   3.871e+08   1.000e+00
    173  253579.855     185       0  -6.192905600000000e+07   2.956e+08   1.000e+00
    174  254973.359     186       0  -6.192908800000000e+07   4.017e+08   1.000e+00
    175  256365.190     187       0  -6.192910400000000e+07   6.702e+08   1.000e+00
    176  257757.928     188       0  -6.192912800000000e+07   3.751e+08   1.000e+00
    177  259145.511     189       0  -6.192914800000000e+07   3.612e+08   1.000e+00
    178  260543.305     190       0  -6.192917200000000e+07   3.916e+08   1.000e+00
    179  261944.629     191       0  -6.192920000000000e+07   7.547e+08   1.000e+00
    180  263348.240     192       0  -6.192923200000000e+07   3.777e+08   1.000e+00
    181  264746.831     193       0  -6.192924000000000e+07   3.436e+08   1.000e+00
    182  266146.775     194       0  -6.192926800000000e+07   4.167e+08   1.000e+00
    183  267548.684     195       0  -6.192928400000000e+07   8.738e+08   1.000e+00
    184  268946.991     196       0  -6.192930400000000e+07   3.860e+08   1.000e+00
    185  270346.752     197       0  -6.192932400000000e+07   3.252e+08   1.000e+00
    186  271747.695     198       0  -6.192933600000000e+07   3.775e+08   1.000e+00
    187  273141.422     199       0  -6.192936800000000e+07   4.629e+08   1.000e+00
    188  274538.539     200       0  -6.192937600000000e+07   9.435e+08   1.000e+00
    189  275931.019     201       0  -6.192940400000000e+07   3.459e+08   1.000e+00
    190  277327.559     202       0  -6.192942400000000e+07   3.034e+08   1.000e+00
    191  278726.216     203       0  -6.192943600000000e+07   3.760e+08   1.000e+00
    192  280134.837     204       0  -6.192945600000000e+07   4.284e+08   1.000e+00
    193  281530.528     205       0  -6.192946800000000e+07   9.611e+08   1.000e+00
    194  282945.934     206       0  -6.192949600000000e+07   3.272e+08   1.000e+00
    195  284341.434     207       0  -6.192950800000000e+07   2.993e+08   1.000e+00
    196  285744.209     208       0  -6.192952400000000e+07   3.632e+08   1.000e+00
    197  287144.545     209       0  -6.192954800000000e+07   3.889e+08   1.000e+00
    198  288550.789     210       0  -6.192956400000000e+07   7.513e+08   1.000e+00
    199  289957.060     211       0  -6.192959200000000e+07   3.297e+08   1.000e+00
    200  291369.962     212       0  -6.192960800000000e+07   3.009e+08   1.000e+00
    201  292770.270     213       0  -6.192963200000000e+07   4.041e+08   1.000e+00
    202  294173.575     214       0  -6.192964400000000e+07   6.073e+08   1.000e+00
    203  295579.016     215       0  -6.192966000000000e+07   3.401e+08   1.000e+00
    204  296990.415     216       0  -6.192968800000000e+07   3.063e+08   1.000e+00
    205  298395.456     217       0  -6.192970000000000e+07   3.455e+08   1.000e+00
    206  299797.562     218       0  -6.192972400000000e+07   5.056e+08   1.000e+00
    207  301200.686     219       0  -6.192973600000000e+07   3.767e+08   1.000e+00
    208  302603.925     220       0  -6.192975200000000e+07   3.152e+08   1.000e+00
    209  304019.502     221       0  -6.192976000000000e+07   3.571e+08   1.000e+00
    210  305428.030     222       0  -6.192978400000000e+07   5.055e+08   1.000e+00
    211  306869.247     223       0  -6.192980000000000e+07   3.199e+08   1.000e+00
    212  308305.476     224       0  -6.192981200000000e+07   2.881e+08   1.000e+00
    213  309717.730     225       0  -6.192983200000000e+07   3.491e+08   1.000e+00
    214  311131.017     226       0  -6.192984400000000e+07   4.697e+08   1.000e+00
    215  312546.823     227       0  -6.192986800000000e+07   3.072e+08   1.000e+00
    216  313978.521     228       0  -6.192988400000000e+07   3.047e+08   1.000e+00
    217  315427.160     229       0  -6.192989600000000e+07   3.731e+08   1.000e+00
    218  316859.599     230       0  -6.192990800000000e+07   3.246e+08   1.000e+00
    219  318272.267     231       0  -6.192993200000000e+07   3.778e+08   1.000e+00
    220  319694.756     232       0  -6.192995200000000e+07   4.328e+08   1.000e+00
    221  321151.648     233       0  -6.192995600000000e+07   2.868e+08   1.000e+00
    222  322575.626     234       0  -6.192997200000000e+07   2.636e+08   1.000e+00
    223  324004.344     235       0  -6.192998000000000e+07   3.407e+08   1.000e+00
    224  325413.534     236       0  -6.193000000000000e+07   3.923e+08   1.000e+00
    225  326830.644     237       0  -6.193001600000000e+07   2.891e+08   1.000e+00
    226  328248.858     238       0  -6.193002400000000e+07   2.929e+08   1.000e+00
    227  329705.538     239       0  -6.193003600000000e+07   3.106e+08   1.000e+00
    228  331163.436     240       0  -6.193005200000000e+07   2.786e+08   1.000e+00
    229  332533.927     241       0  -6.193006800000000e+07   3.548e+08   1.000e+00
    230  333904.614     242       0  -6.193007200000000e+07   3.738e+08   1.000e+00
    231  335272.587     243       0  -6.193008800000000e+07   2.694e+08   1.000e+00
    232  336641.065     244       0  -6.193010000000000e+07   2.704e+08   1.000e+00
    233  338009.638     245       0  -6.193011600000000e+07   3.624e+08   1.000e+00
    234  339381.221     246       0  -6.193012800000000e+07   2.734e+08   1.000e+00
    235  340759.940     247       0  -6.193014400000000e+07   2.736e+08   1.000e+00
    236  342151.709     248       0  -6.193014800000000e+07   3.812e+08   1.000e+00
    237  343555.241     249       0  -6.193016000000000e+07   2.595e+08   1.000e+00
    238  344966.900     250       0  -6.193018000000000e+07   2.460e+08   1.000e+00
    239  346378.930     251       0  -6.193018400000000e+07   3.119e+08   1.000e+00
    240  347789.908     252       0  -6.193020000000000e+07   2.874e+08   1.000e+00
    241  369113.396     268       0  -6.193020000000000e+07   2.867e+08   1.041e-06
# Termination: function reduction test satisfied
# Iter.   Time (ms)    Eval. Reject.       Obj. Func.           Grad.       Step
# ---------------------------------------------------------------------------------
      0    1326.121       1       0  -6.148580800000000e+07   1.614e+10   0.000e+00
      1   17251.702      13       0  -6.156054800000000e+07   3.252e+10   7.990e-16
      2   18606.740      14       0  -6.163974000000000e+07   2.230e+10   1.000e+00
      3   19965.299      15       0  -6.170182800000000e+07   2.133e+10   1.000e+00
      4   21319.747      16       0  -6.174980800000000e+07   2.247e+10   1.000e+00
      5   22674.887      17       0  -6.178086000000000e+07   2.044e+10   1.000e+00
      6   24032.689      18       0  -6.180310800000000e+07   1.216e+10   1.000e+00
      7   25389.922      19       0  -6.181840400000000e+07   9.479e+09   1.000e+00
      8   26752.058      20       0  -6.183112400000000e+07   1.085e+10   1.000e+00
      9   28115.238      21       0  -6.184054400000000e+07   1.114e+10   1.000e+00
     10   29478.249      22       0  -6.184728000000000e+07   6.770e+09   1.000e+00
     11   30843.130      23       0  -6.185266800000000e+07   6.042e+09   1.000e+00
     12   32204.511      24       0  -6.185760000000000e+07   6.496e+09   1.000e+00
     13   33564.590      25       0  -6.186128400000000e+07   9.914e+09   1.000e+00
     14   34925.283      26       0  -6.186517200000000e+07   4.761e+09   1.000e+00
     15   36289.636      27       0  -6.186731600000000e+07   4.265e+09   1.000e+00
     16   37651.600      28       0  -6.187007600000000e+07   4.797e+09   1.000e+00
     17   39011.898      29       0  -6.187202000000000e+07   1.131e+10   1.000e+00
     18   40372.816      30       0  -6.187596800000000e+07   4.422e+09   1.000e+00
     19   41736.889      31       0  -6.187784400000000e+07   3.646e+09   1.000e+00
     20   43099.787      32       0  -6.187982000000000e+07   4.039e+09   1.000e+00
     21   44461.449      33       0  -6.188247600000000e+07   6.959e+09   1.000e+00
     22   45823.230      34       0  -6.188479600000000e+07   4.424e+09   1.000e+00
     23   47185.033      35       0  -6.188616800000000e+07   3.042e+09   1.000e+00
     24   48550.787      36       0  -6.188812400000000e+07   3.225e+09   1.000e+00
     25   49916.291      37       0  -6.188934800000000e+07   6.072e+09   1.000e+00
     26   51279.073      38       0  -6.189087200000000e+07   3.314e+09   1.000e+00
     27   52641.280      39       0  -6.189225600000000e+07   2.739e+09   1.000e+00
     28   54003.365      40       0  -6.189340000000000e+07   3.215e+09   1.000e+00
     29   55364.857      41       0  -6.189470400000000e+07   5.561e+09   1.000e+00
     30   56727.561      42       0  -6.189608400000000e+07   2.810e+09   1.000e+00
     31   58089.645      43       0  -6.189693600000000e+07   2.638e+09   1.000e+00
     32   59467.371      44       0  -6.189805200000000e+07   2.922e+09   1.000e+00
     33   60856.531      45       0  -6.189865200000000e+07   7.327e+09   1.000e+00
     34   62240.918      46       0  -6.190009600000000e+07   2.700e+09   1.000e+00
     35   63618.200      47       0  -6.190074800000000e+07   1.989e+09   1.000e+00
     36   64995.577      48       0  -6.190142000000000e+07   2.416e+09   1.000e+00
     37   66373.154      49       0  -6.190258400000000e+07   3.112e+09   1.000e+00
     38   67748.920      50       0  -6.190309200000000e+07   5.954e+09   1.000e+00
     39   69126.589      51       0  -6.190429200000000e+07   1.997e+09   1.000e+00
     40   70499.122      52       0  -6.190473600000000e+07   1.885e+09   1.000e+00
     41   71877.097      53       0  -6.190540000000000e+07   2.244e+09   1.000e+00
     42   73252.372      54       0  -6.190613200000000e+07   5.085e+09   1.000e+00
     43   74629.195      55       0  -6.190704400000000e+07   2.406e+09   1.000e+00
     44   76003.509      56       0  -6.190763200000000e+07   1.858e+09   1.000e+00
     45   77381.006      57       0  -6.190814400000000e+07   2.113e+09   1.000e+00
     46   78759.580      58       0  -6.190872800000000e+07   4.139e+09   1.000e+00
     47   80143.539      59       0  -6.190938000000000e+07   1.988e+09   1.000e+00
     48   81519.084      60       0  -6.190983200000000e+07   1.734e+09   1.000e+00
     49   82895.820      61       0  -6.191034000000000e+07   2.023e+09   1.000e+00
     50   84274.323      62       0  -6.191084000000000e+07   4.225e+09   1.000e+00
     51   85651.236      63       0  -6.191146000000000e+07   1.821e+09   1.000e+00
     52   87028.255      64       0  -6.191179200000000e+07   1.444e+09   1.000e+00
     53   88406.319      65       0  -6.191214000000000e+07   1.622e+09   1.000e+00
     54   89785.105      66       0  -6.191256000000000e+07   3.113e+09   1.000e+00
     55   91161.732      67       0  -6.191300000000000e+07   1.728e+09   1.000e+00
     56   92540.034      68       0  -6.191325200000000e+07   1.272e+09   1.000e+00
     57   93916.739      69       0  -6.191354400000000e+07   1.517e+09   1.000e+00
     58   95293.815      70       0  -6.191378800000000e+07   2.383e+09   1.000e+00
     59   96670.815      71       0  -6.191406800000000e+07   1.425e+09   1.000e+00
     60   98050.648      72       0  -6.191436400000000e+07   1.192e+09   1.000e+00
     61   99424.751      73       0  -6.191456800000000e+07   1.448e+09   1.000e+00
     62  100802.069      74       0  -6.191483600000000e+07   1.622e+09   1.000e+00
     63  102177.457      75       0  -6.191506000000000e+07   1.258e+09   1.000e+00
     64  103553.091      76       0  -6.191526000000000e+07   1.176e+09   1.000e+00
     65  104928.249      77       0  -6.191544800000000e+07   1.313e+09   1.000e+00
     66  106306.205      78       0  -6.191564800000000e+07   1.602e+09   1.000e+00
     67  107684.522      79       0  -6.191583600000000e+07   1.100e+09   1.000e+00
     68  109068.513      80       0  -6.191602800000000e+07   1.040e+09   1.000e+00
     69  110445.952      81       0  -6.191617200000000e+07   1.464e+09   1.000e+00
     70  111826.871      82       0  -6.191632800000000e+07   1.041e+09   1.000e+00
     71  113207.565      83       0  -6.191650000000000e+07   1.096e+09   1.000e+00
     72  114591.963      84       0  -6.191662800000000e+07   1.358e+09   1.000e+00
     73  115974.347      85       0  -6.191675600000000e+07   1.023e+09   1.000e+00
     74  117358.734      86       0  -6.191693200000000e+07   1.070e+09   1.000e+00
     75  118740.604      87       0  -6.191705200000000e+07   1.435e+09   1.000e+00
     76  120122.608      88       0  -6.191716000000000e+07   1.017e+09   1.000e+00
     77  121506.108      89       0  -6.191730800000000e+07   8.494e+08   1.000e+00
     78  122894.598      90       0  -6.191742400000000e+07   1.272e+09   1.000e+00
     79  124284.107      91       0  -6.191755200000000e+07   1.102e+09   1.000e+00
     80  125668.099      92       0  -6.191770400000000e+07   1.324e+09   1.000e+00
     81  127055.024      93       0  -6.191783200000000e+07   9.746e+08   1.000e+00
     82  128439.379      94       0  -6.191794400000000e+07   8.994e+08   1.000e+00
     83  129825.214      95       0  -6.191807200000000e+07   1.304e+09   1.000e+00
     84  131214.447      96       0  -6.191818000000000e+07   1.275e+09   1.000e+00
     85  132598.646      97       0  -6.191825200000000e+07   7.906e+08   1.000e+00
     86  133985.021      98       0  -6.191835600000000e+07   7.164e+08   1.000e+00
     87  135366.343      99       0  -6.191843200000000e+07   9.241e+08   1.000e+00
     88  136749.429     100       0  -6.191854400000000e+07   8.474e+08   1.000e+00
     89  138136.255     101       0  -6.191864800000000e+07   8.645e+08   1.000e+00
     90  139525.254     102       0  -6.191875200000000e+07   8.077e+08   1.000e+00
     91  140912.466     103       0  -6.191883200000000e+07   8.325e+08   1.000e+00
     92  142298.569     104       0  -6.191890800000000e+07   7.044e+08   1.000e+00
     93  143682.337     105       0  -6.191900800000000e+07   7.973e+08   1.000e+00
     94  145056.297     106       0  -6.191908400000000e+07   1.083e+09   1.000e+00
     95  146434.423     107       0  -6.191915200000000e+07   7.509e+08   1.000e+00
     96  147810.946     108       0  -6.191923200000000e+07   6.574e+08   1.000e+00
     97  149180.794     109       0  -6.191929200000000e+07   9.536e+08   1.000e+00
     98  150557.727     110       0  -6.191935200000000e+07   7.125e+08   1.000e+00
     99  151932.932     111       0  -6.191944000000000e+07   8.086e+08   1.000e+00
    100  153309.488     112       0  -6.191950800000000e+07   8.734e+08   1.000e+00
    101  154686.188     113       0  -6.191956800000000e+07   7.259e+08   1.000e+00
    102  156066.371     114       0  -6.191966800000000e+07   9.907e+08   1.000e+00
    103  157447.157     115       0  -6.191973200000000e+07   1.100e+09   1.000e+00
    104  158825.707     116       0  -6.191978400000000e+07   7.339e+08   1.000e+00
    105  160211.635     117       0  -6.191987200000000e+07   5.827e+08   1.000e+00
    106  161601.647     118       0  -6.191994800000000e+07   9.490e+08   1.000e+00
    107  162994.987     119       0  -6.192002000000000e+07   7.926e+08   1.000e+00
    108  164387.904     120       0  -6.192010400000000e+07   7.145e+08   1.000e+00
    109  165782.999     121       0  -6.192019200000000e+07   8.706e+08   1.000e+00
    110  167178.534     122       0  -6.192026400000000e+07   6.986e+08   1.000e+00
    111  168574.443     123       0  -6.192033200000000e+07   6.440e+08   1.000e+00
    112  169969.550     124       0  -6.192039600000000e+07   1.044e+09   1.000e+00
    113  171362.397     125       0  -6.192045600000000e+07   6.530e+08   1.000e+00
    114  172754.527     126       0  -6.192051600000000e+07   6.027e+08   1.000e+00
    115  174146.101     127       0  -6.192058400000000e+07   7.579e+08   1.000e+00
    116  175542.787     128       0  -6.192063600000000e+07   8.617e+08   1.000e+00
    117  176937.308     129       0  -6.192068800000000e+07   5.598e+08   1.000e+00
    118  178330.632     130       0  -6.192075200000000e+07   5.879e+08   1.000e+00
    119  179725.135     131       0  -6.192081200000000e+07   7.310e+08   1.000e+00
    120  181105.318     132       0  -6.192087600000000e+07   7.554e+08   1.000e+00
    121  182486.961     133       0  -6.192092400000000e+07   5.594e+08   1.000e+00
    122  183901.091     134       0  -6.192099600000000e+07   7.482e+08   1.000e+00
    123  185312.705     135       0  -6.192103600000000e+07   7.811e+08   1.000e+00
    124  186725.758     136       0  -6.192108000000000e+07   5.792e+08   1.000e+00
    125  188136.663     137       0  -6.192116000000000e+07   6.371e+08   1.000e+00
    126  189549.638     138       0  -6.192119200000000e+07   1.205e+09   1.000e+00
    127  190965.763     139       0  -6.192123200000000e+07   6.433e+08   1.000e+00
    128  192376.259     140       0  -6.192128000000000e+07   4.816e+08   1.000e+00
    129  193788.929     141       0  -6.192132000000000e+07   5.646e+08   1.000e+00
    130  195201.783     142       0  -6.192138000000000e+07   8.201e+08   1.000e+00
    131  196614.165     143       0  -6.192143200000000e+07   1.048e+09   1.000e+00
    132  198027.194     144       0  -6.192148000000000e+07   4.953e+08   1.000e+00
    133  199443.064     145       0  -6.192152400000000e+07   4.624e+08   1.000e+00
    134  200857.807     146       0  -6.192156400000000e+07   5.675e+08   1.000e+00
    135  202269.411     147       0  -6.192160000000000e+07   1.098e+09   1.000e+00
    136  203682.518     148       0  -6.192164800000000e+07   4.888e+08   1.000e+00
    137  205092.929     149       0  -6.192168000000000e+07   4.635e+08   1.000e+00
    138  206502.109     150       0  -6.192172000000000e+07   5.083e+08   1.000e+00
    139  207912.500     151       0  -6.192175200000000e+07   1.114e+09   1.000e+00
    140  209325.120     152       0  -6.192180400000000e+07   4.990e+08   1.000e+00
    141  210732.303     153       0  -6.192183600000000e+07   4.390e+08   1.000e+00
    142  212145.331     154       0  -6.192186800000000e+07   5.024e+08   1.000e+00
    143  213556.255     155       0  -6.192190400000000e+07   1.004e+09   1.000e+00
    144  214969.789     156       0  -6.192194400000000e+07   5.034e+08   1.000e+00
    145  216381.292     157       0  -6.192197200000000e+07   4.240e+08   1.000e+00
    146  217793.117     158       0  -6.192200400000000e+07   4.914e+08   1.000e+00
    147  219204.878     159       0  -6.192203200000000e+07   9.057e+08   1.000e+00
    148  220611.875     160       0  -6.192206400000000e+07   4.627e+08   1.000e+00
    149  222020.012     161       0  -6.192209200000000e+07   3.990e+08   1.000e+00
    150  223428.608     162       0  -6.192212000000000e+07   4.649e+08   1.000e+00
    151  224840.898     163       0  -6.192214800000000e+07   8.516e+08   1.000e+00
    152  226248.077     164       0  -6.192218400000000e+07   4.637e+08   1.000e+00
    153  227662.803     165       0  -6.192220800000000e+07   3.854e+08   1.000e+00
    154  229079.023     166       0  -6.192223600000000e+07   4.342e+08   1.000e+00
    155  230493.320     167       0  -6.192226000000000e+07   8.457e+08   1.000e+00
    156  231905.490     168       0  -6.192229200000000e+07   4.343e+08   1.000e+00
    157  233312.274     169       0  -6.192230800000000e+07   3.640e+08   1.000e+00
    158  234725.317     170       0  -6.192233200000000e+07   4.230e+08   1.000e+00
    159  236137.386     171       0  -6.192236800000000e+07   7.881e+08   1.000e+00
    160  237549.222     172       0  -6.192238800000000e+07   4.242e+08   1.000e+00
    161  238966.784     173       0  -6.192241600000000e+07   3.550e+08   1.000e+00
    162  240379.059     174       0  -6.192244400000000e+07   3.958e+08   1.000e+00
    163  241790.455     175       0  -6.192245600000000e+07   7.657e+08   1.000e+00
    164  243201.406     176       0  -6.192248800000000e+07   4.180e+08   1.000e+00
    165  244608.653     177       0  -6.192250800000000e+07   3.545e+08   1.000e+00
    166  246022.385     178       0  -6.192252800000000e+07   4.101e+08   1.000e+00
    167  247434.200     179       0  -6.192254800000000e+07   8.194e+08   1.000e+00
    168  248845.246     180       0  -6.192257600000000e+07   4.103e+08   1.000e+00
    169  250252.080     181       0  -6.192259200000000e+07   3.383e+08   1.000e+00
    170  251659.773     182       0  -6.192260800000000e+07   3.936e+08   1.000e+00
    171  253044.925     183       0  -6.192264400000000e+07   5.777e+08   1.000e+00
    172  254428.934     184       0  -6.192266800000000e+07   5.651e+08   1.000e+00
    173  255813.344     185       0  -6.192268400000000e+07   3.467e+08   1.000e+00
    174  257194.182     186       0  -6.192270400000000e+07   3.391e+08   1.000e+00
    175  258580.971     187       0  -6.192272800000000e+07   4.491e+08   1.000e+00
    176  259968.411     188       0  -6.192275200000000e+07   4.800e+08   1.000e+00
    177  261353.426     189       0  -6.192277200000000e+07   3.481e+08   1.000e+00
    178  262738.160     190       0  -6.192280000000000e+07   3.656e+08   1.000e+00
    179  264125.487     191       0  -6.192282000000000e+07   5.152e+08   1.000e+00
    180  265508.857     192       0  -6.192283200000000e+07   3.566e+08   1.000e+00
    181  266890.806     193       0  -6.192286000000000e+07   3.762e+08   1.000e+00
    182  268277.692     194       0  -6.192287600000000e+07   5.663e+08   1.000e+00
    183  269665.381     195       0  -6.192290400000000e+07   3.652e+08   1.000e+00
    184  271047.814     196       0  -6.192291600000000e+07   3.214e+08   1.000e+00
    185  272433.430     197       0  -6.192294400000000e+07   4.049e+08   1.000e+00
    186  273817.701     198       0  -6.192296000000000e+07   4.389e+08   1.000e+00
    187  275201.459     199       0  -6.192298400000000e+07   3.545e+08   1.000e+00
    188  276586.506     200       0  -6.192300400000000e+07   3.679e+08   1.000e+00
    189  277971.363     201       0  -6.192301600000000e+07   3.949e+08   1.000e+00
    190  279357.477     202       0  -6.192303600000000e+07   3.253e+08   1.000e+00
    191  280737.997     203       0  -6.192306000000000e+07   3.988e+08   1.000e+00
    192  282120.744     204       0  -6.192307600000000e+07   5.596e+08   1.000e+00
    193  283505.794     205       0  -6.192308800000000e+07   3.356e+08   1.000e+00
    194  284888.655     206       0  -6.192310800000000e+07   2.758e+08   1.000e+00
    195  286272.985     207       0  -6.192312000000000e+07   3.291e+08   1.000e+00
    196  287659.572     208       0  -6.192313600000000e+07   4.608e+08   1.000e+00
    197  289052.013     209       0  -6.192315600000000e+07   3.791e+08   1.000e+00
    198  290437.487     210       0  -6.192316400000000e+07   3.029e+08   1.000e+00
    199  291822.705     211       0  -6.192318400000000e+07   3.312e+08   1.000e+00
    200  293197.702     212       0  -6.192320400000000e+07   4.804e+08   1.000e+00
    201  294577.540     213       0  -6.192321200000000e+07   3.092e+08   1.000e+00
    202  295956.647     214       0  -6.192322800000000e+07   2.899e+08   1.000e+00
    203  297332.007     215       0  -6.192324400000000e+07   3.455e+08   1.000e+00
    204  298706.678     216       0  -6.192326000000000e+07   3.561e+08   1.000e+00
    205  300078.996     217       0  -6.192326400000000e+07   2.779e+08   1.000e+00
    206  301456.212     218       0  -6.192329200000000e+07   3.341e+08   1.000e+00
    207  327955.321     238       0  -6.192329200000000e+07   3.313e+08   1.116e-06
# Termination: function reduction test satisfied
# Iter.   Time (ms)    Eval. Reject.       Obj. Func.           Grad.       Step
# ---------------------------------------------------------------------------------
      0    1320.637       1       0  -6.142728800000000e+07   1.614e+10   0.000e+00
      1   17186.865      13       0  -6.150258400000000e+07   3.222e+10   7.892e-16
      2   18529.554      14       0  -6.158108800000000e+07   2.227e+10   1.000e+00
      3   19872.545      15       0  -6.164346400000000e+07   2.131e+10   1.000e+00
      4   21221.896      16       0  -6.169116400000000e+07   2.261e+10   1.000e+00
      5   22566.721      17       0  -6.172266000000000e+07   2.011e+10   1.000e+00
      6   23912.171      18       0  -6.174450400000000e+07   1.217e+10   1.000e+00
      7   25257.802      19       0  -6.175994800000000e+07   9.457e+09   1.000e+00
      8   26603.491      20       0  -6.177267600000000e+07   1.116e+10   1.000e+00
      9   27949.107      21       0  -6.178213600000000e+07   1.045e+10   1.000e+00
     10   29295.391      22       0  -6.178861200000000e+07   6.730e+09   1.000e+00
     11   30640.735      23       0  -6.179432000000000e+07   6.057e+09   1.000e+00
     12   31986.235      24       0  -6.179913600000000e+07   6.794e+09   1.000e+00
     13   33331.845      25       0  -6.180352000000000e+07   7.351e+09   1.000e+00
     14   34678.302      26       0  -6.180670400000000e+07   5.105e+09   1.000e+00
     15   36024.597      27       0  -6.180914800000000e+07   4.444e+09   1.000e+00
     16   37371.487      28       0  -6.181211200000000e+07   5.169e+09   1.000e+00
     17   38716.049      29       0  -6.181491200000000e+07   7.373e+09   1.000e+00
     18   40062.206      30       0  -6.181774800000000e+07   4.223e+09   1.000e+00
     19   41408.788      31       0  -6.182014400000000e+07   3.841e+09   1.000e+00
     20   42754.712      32       0  -6.182211600000000e+07   4.512e+09   1.000e+00
     21   44100.299      33       0  -6.182428800000000e+07   5.389e+09   1.000e+00
     22   45446.424      34       0  -6.182621200000000e+07   3.556e+09   1.000e+00
     23   46792.979      35       0  -6.182795600000000e+07   3.514e+09   1.000e+00
     24   48139.046      36       0  -6.182968400000000e+07   4.017e+09   1.000e+00
     25   49485.550      37       0  -6.183110000000000e+07   5.500e+09   1.000e+00
     26   50833.281      38       0  -6.183248800000000e+07   3.021e+09   1.000e+00
     27   52185.743      39       0  -6.183354800000000e+07   2.863e+09   1.000e+00
     28   53532.031      40       0  -6.183483600000000e+07   3.354e+09   1.000e+00
     29   54877.962      41       0  -6.183582800000000e+07   6.530e+09   1.000e+00
     30   56224.021      42       0  -6.183731200000000e+07   2.687e+09   1.000e+00
     31   57569.916      43       0  -6.183810400000000e+07   2.440e+09   1.000e+00
     32   58916.356      44       0  -6.183904800000000e+07   2.798e+09   1.000e+00
     33   60262.821      45       0  -6.183981200000000e+07   6.498e+09   1.000e+00
     34   61608.770      46       0  -6.184107600000000e+07   2.601e+09   1.000e+00
     35   62956.856      47       0  -6.184176400000000e+07   2.153e+09   1.000e+00
     36   64302.917      48       0  -6.184249200000000e+07   2.469e+09   1.000e+00
     37   65649.068      49       0  -6.184356800000000e+07   4.075e+09   1.000e+00
     38   66994.674      50       0  -6.184451200000000e+07   2.959e+09   1.000e+00
     39   68340.017      51       0  -6.184514800000000e+07   1.971e+09   1.000e+00
     40   69686.686      52       0  -6.184602000000000e+07   2.266e+09   1.000e+00
     41   71033.079      53       0  -6.184657200000000e+07   3.837e+09   1.000e+00
     42   72379.063      54       0  -6.184726000000000e+07   2.301e+09   1.000e+00
     43   73724.616      55       0  -6.184805200000000e+07   1.917e+09   1.000e+00
     44   75070.628      56       0  -6.184862800000000e+07   2.287e+09   1.000e+00
     45   76416.517      57       0  -6.184926800000000e+07   3.314e+09   1.000e+00
     46   77762.055      58       0  -6.184984800000000e+07   1.855e+09   1.000e+00
     47   79108.477      59       0  -6.185029200000000e+07   1.889e+09   1.000e+00
     48   80456.796      60       0  -6.185086400000000e+07   2.211e+09   1.000e+00
     49   81803.137      61       0  -6.185121200000000e+07   4.764e+09   1.000e+00
     50   83149.714      62       0  -6.185187600000000e+07   1.740e+09   1.000e+00
     51   84495.527      63       0  -6.185217200000000e+07   1.387e+09   1.000e+00
     52   85841.903      64       0  -6.185249600000000e+07   1.616e+09   1.000e+00
     53   87187.251      65       0  -6.185292400000000e+07   2.987e+09   1.000e+00
     54   88533.886      66       0  -6.185336400000000e+07   1.709e+09   1.000e+00
     55   89881.690      67       0  -6.185363600000000e+07   1.249e+09   1.000e+00
     56   91241.783      68       0  -6.185397200000000e+07   1.542e+09   1.000e+00
     57   92597.456      69       0  -6.185414800000000e+07   2.706e+09   1.000e+00
     58   93952.131      70       0  -6.185440000000000e+07   1.442e+09   1.000e+00
     59   95318.961      71       0  -6.185468000000000e+07   1.192e+09   1.000e+00
     60   96682.681      72       0  -6.185486800000000e+07   1.295e+09   1.000e+00
     61   98046.624      73       0  -6.185516800000000e+07   2.575e+09   1.000e+00
     62   99410.101      74       0  -6.185542000000000e+07   1.641e+09   1.000e+00
     63  100780.136      75       0  -6.185556000000000e+07   9.923e+08   1.000e+00
     64  102155.905      76       0  -6.185573600000000e+07   9.558e+08   1.000e+00
     65  103527.495      77       0  -6.185590000000000e+07   1.371e+09   1.000e+00
     66  104897.028      78       0  -6.185610400000000e+07   1.284e+09   1.000e+00
     67  106266.629      79       0  -6.185627600000000e+07   9.303e+08   1.000e+00
     68  107638.981      80       0  -6.185647200000000e+07   1.105e+09   1.000e+00
     69  109011.216      81       0  -6.185658800000000e+07   1.420e+09   1.000e+00
     70  110384.130      82       0  -6.185669200000000e+07   9.271e+08   1.000e+00
     71  111756.815      83       0  -6.185686400000000e+07   8.364e+08   1.000e+00
     72  113131.878      84       0  -6.185698400000000e+07   1.256e+09   1.000e+00
     73  114501.721      85       0  -6.185713600000000e+07   9.945e+08   1.000e+00
     74  115875.831      86       0  -6.185724000000000e+07   1.277e+09   1.000e+00
     75  117248.021      87       0  -6.185734000000000e+07   7.885e+08   1.000e+00
     76  118620.866      88       0  -6.185742800000000e+07   7.895e+08   1.000e+00
     77  119990.038      89       0  -6.185755200000000e+07   1.058e+09   1.000e+00
     78  121362.701      90       0  -6.185765200000000e+07   1.376e+09   1.000e+00
     79  122739.007      91       0  -6.185774800000000e+07   7.610e+08   1.000e+00
     80  124108.413      92       0  -6.185784800000000e+07   7.095e+08   1.000e+00
     81  125481.763      93       0  -6.185792000000000e+07   8.485e+08   1.000e+00
     82  126855.313      94       0  -6.185801200000000e+07   1.174e+09   1.000e+00
     83  128224.345      95       0  -6.185810000000000e+07   6.807e+08   1.000e+00
     84  129595.965      96       0  -6.185818000000000e+07   6.895e+08   1.000e+00
     85  130972.322      97       0  -6.185825600000000e+07   8.062e+08   1.000e+00
     86  132347.788      98       0  -6.185833600000000e+07   1.094e+09   1.000e+00
     87  133724.368      99       0  -6.185840000000000e+07   6.643e+08   1.000e+00
     88  135099.724     100       0  -6.185846800000000e+07   6.299e+08   1.000e+00
     89  136475.961     101       0  -6.185853200000000e+07   7.242e+08   1.000e+00
     90  137851.788     102       0  -6.185860400000000e+07   9.978e+08   1.000e+00
     91  139228.631     103       0  -6.185865600000000e+07   6.046e+08   1.000e+00
     92  140606.633     104       0  -6.185870800000000e+07   5.707e+08   1.000e+00
     93  141982.032     105       0  -6.185876000000000e+07   6.898e+08   1.000e+00
     94  143355.147     106       0  -6.185881600000000e+07   9.447e+08   1.000e+00
     95  144723.737     107       0  -6.185887200000000e+07   5.556e+08   1.000e+00
     96  146095.499     108       0  -6.185891600000000e+07   5.423e+08   1.000e+00
     97  147467.512     109       0  -6.185896800000000e+07   6.199e+08   1.000e+00
     98  148836.461     110       0  -6.185902000000000e+07   7.526e+08   1.000e+00
     99  150206.365     111       0  -6.185906800000000e+07   5.394e+08   1.000e+00
    100  151578.785     112       0  -6.185910800000000e+07   5.303e+08   1.000e+00
    101  152954.061     113       0  -6.185914800000000e+07   5.985e+08   1.000e+00
    102  154326.778     114       0  -6.185919600000000e+07   6.671e+08   1.000e+00
    103  155698.129     115       0  -6.185924400000000e+07   5.390e+08   1.000e+00
    104  157071.610     116       0  -6.185928800000000e+07   6.175e+08   1.000e+00
    105  158439.830     117       0  -6.185932000000000e+07   5.760e+08   1.000e+00
    106  159809.485     118       0  -6.185936800000000e+07   4.893e+08   1.000e+00
    107  161182.761     119       0  -6.185941600000000e+07   7.885e+08   1.000e+00
    108  162554.782     120       0  -6.185945200000000e+07   7.314e+08   1.000e+00
    109  163927.538     121       0  -6.185947600000000e+07   4.935e+08   1.000e+00
    110  165296.784     122       0  -6.185951600000000e+07   4.044e+08   1.000e+00
    111  166666.882     123       0  -6.185954800000000e+07   6.567e+08   1.000e+00
    112  168038.882     124       0  -6.185958400000000e+07   5.388e+08   1.000e+00
    113  169408.762     125       0  -6.185962800000000e+07   4.520e+08   1.000e+00
    114  170781.556     126       0  -6.185967600000000e+07   7.104e+08   1.000e+00
    115  172161.358     127       0  -6.185970400000000e+07   4.998e+08   1.000e+00
    116  173535.576     128       0  -6.185972400000000e+07   4.171e+08   1.000e+00
    117  174905.436     129       0  -6.185977600000000e+07   5.409e+08   1.000e+00
    118  176279.814     130       0  -6.185978800000000e+07   7.782e+08   1.000e+00
    119  177652.859     131       0  -6.185981600000000e+07   4.223e+08   1.000e+00
    120  179023.067     132       0  -6.185984000000000e+07   3.415e+08   1.000e+00
    121  180394.800     133       0  -6.185985600000000e+07   3.830e+08   1.000e+00
    122  181769.386     134       0  -6.185988000000000e+07   7.623e+08   1.000e+00
    123  183143.803     135       0  -6.185991600000000e+07   3.642e+08   1.000e+00
    124  184516.594     136       0  -6.185992800000000e+07   3.515e+08   1.000e+00
    125  185891.590     137       0  -6.185995600000000e+07   3.816e+08   1.000e+00
    126  187263.605     138       0  -6.185997600000000e+07   7.668e+08   1.000e+00
    127  188635.254     139       0  -6.186000400000000e+07   3.840e+08   1.000e+00
    128  190006.949     140       0  -6.186002400000000e+07   3.580e+08   1.000e+00
    129  191384.565     141       0  -6.186005200000000e+07   3.992e+08   1.000e+00
    130  192772.316     142       0  -6.186007600000000e+07   7.772e+08   1.000e+00
    131  194166.986     143       0  -6.186010000000000e+07   3.612e+08   1.000e+00
    132  195562.190     144       0  -6.186010400000000e+07   3.259e+08   1.000e+00
    133  196960.762     145       0  -6.186012400000000e+07   3.702e+08   1.000e+00
    134  198354.591     146       0  -6.186014800000000e+07   6.075e+08   1.000e+00
    135  199754.665     147       0  -6.186017200000000e+07   3.576e+08   1.000e+00
    136  201153.368     148       0  -6.186018400000000e+07   3.031e+08   1.000e+00
    137  202553.523     149       0  -6.186020400000000e+07   3.208e+08   1.000e+00
    138  203949.252     150       0  -6.186021600000000e+07   6.726e+08   1.000e+00
    139  205349.130     151       0  -6.186024000000000e+07   3.223e+08   1.000e+00
    140  206744.472     152       0  -6.186024800000000e+07   2.875e+08   1.000e+00
    141  208144.381     153       0  -6.186025600000000e+07   3.344e+08   1.000e+00
    142  209540.263     154       0  -6.186028000000000e+07   4.828e+08   1.000e+00
    143  210941.263     155       0  -6.186028800000000e+07   4.065e+08   1.000e+00
    144  212341.396     156       0  -6.186030800000000e+07   2.759e+08   1.000e+00
    145  213741.126     157       0  -6.186031600000000e+07   2.636e+08   1.000e+00
    146  215137.784     158       0  -6.186032800000000e+07   3.721e+08   1.000e+00
    147  216538.343     159       0  -6.186034400000000e+07   2.971e+08   1.000e+00
    148  217935.075     160       0  -6.186035600000000e+07   2.710e+08   1.000e+00
    149  219334.068     161       0  -6.186036400000000e+07   3.180e+08   1.000e+00
    150  220734.195     162       0  -6.186036800000000e+07   2.594e+08   1.000e+00
    151  222133.400     163       0  -6.186039200000000e+07   2.360e+08   1.000e+00
    152  223528.965     164       0  -6.186039600000000e+07   3.506e+08   1.000e+00
    153  224929.379     165       0  -6.186040800000000e+07   2.757e+08   1.000e+00
    154  226325.296     166       0  -6.186041600000000e+07   2.362e+08   1.000e+00
    155  227698.258     167       0  -6.186042400000000e+07   2.930e+08   1.000e+00
    156  229071.487     168       0  -6.186043200000000e+07   3.586e+08   1.000e+00
    157  231760.156     170       0  -6.186044000000000e+07   2.824e+08   5.000e-01
    158  233105.823     171       0  -6.186045600000000e+07   2.344e+08   1.000e+00
    159  234451.562     172       0  -6.186046000000000e+07   2.071e+08   1.000e+00
    160  235797.152     173       0  -6.186046800000000e+07   2.278e+08   1.000e+00
    161  237143.794     174       0  -6.186048000000000e+07   3.799e+08   1.000e+00
    162  238490.542     175       0  -6.186048800000000e+07   2.509e+08   1.000e+00
    163  239836.954     176       0  -6.186050000000000e+07   2.164e+08   1.000e+00
    164  241182.815     177       0  -6.186050400000000e+07   2.609e+08   1.000e+00
    165  242529.144     178       0  -6.186051600000000e+07   3.457e+08   1.000e+00
    166  243875.319     179       0  -6.186052000000000e+07   2.249e+08   1.000e+00
    167  245221.352     180       0  -6.186052800000000e+07   2.157e+08   1.000e+00
    168  246568.222     181       0  -6.186053200000000e+07   2.595e+08   1.000e+00
    169  247915.173     182       0  -6.186054800000000e+07   2.647e+08   1.000e+00
    170  249261.783     183       0  -6.186055600000000e+07   2.214e+08   1.000e+00
    171  250607.934     184       0  -6.186056000000000e+07   2.249e+08   1.000e+00
    172  251954.339     185       0  -6.186056400000000e+07   2.222e+08   1.000e+00
    173  253299.982     186       0  -6.186057600000000e+07   2.366e+08   1.000e+00
    174  254646.118     187       0  -6.186058800000000e+07   2.642e+08   1.000e+00
    175  255992.301     188       0  -6.186059600000000e+07   2.220e+08   1.000e+00
    176  257338.797     189       0  -6.186060400000000e+07   2.060e+08   1.000e+00
    177  260007.061     191       0  -6.186060800000000e+07   2.021e+08   5.000e-01
    178  261354.838     192       0  -6.186061600000000e+07   2.174e+08   1.000e+00
    179  262701.714     193       0  -6.186062400000000e+07   3.131e+08   1.000e+00
    180  264047.802     194       0  -6.186063200000000e+07   1.908e+08   1.000e+00
    181  265395.233     195       0  -6.186063600000000e+07   1.847e+08   1.000e+00
    182  268061.533     197       0  -6.186064000000000e+07   1.878e+08   5.000e-01
    183  289179.383     213       0  -6.186064000000000e+07   1.917e+08   1.677e-06
# Termination: function reduction test satisfied
# Iter.   Time (ms)    Eval. Reject.       Obj. Func.           Grad.       Step
# ---------------------------------------------------------------------------------
      0    1318.828       1       0  -6.084206000000000e+07   1.614e+10   0.000e+00
      1   17095.197      13       0  -6.092065200000000e+07   2.976e+10   7.124e-16
      2   18431.770      14       0  -6.099470000000000e+07   2.211e+10   1.000e+00
      3   19769.576      15       0  -6.105941200000000e+07   2.103e+10   1.000e+00
      4   21108.490      16       0  -6.110392400000000e+07   2.397e+10   1.000e+00
      5   22448.964      17       0  -6.113939200000000e+07   1.698e+10   1.000e+00
      6   23789.742      18       0  -6.115882800000000e+07   1.212e+10   1.000e+00
      7   25130.502      19       0  -6.117532000000000e+07   1.012e+10   1.000e+00
      8   26473.267      20       0  -6.118710800000000e+07   1.361e+10   1.000e+00
      9   27814.282      21       0  -6.119600000000000e+07   7.850e+09   1.000e+00
     10   29155.585      22       0  -6.120173200000000e+07   6.750e+09   1.000e+00
     11   30497.006      23       0  -6.120799600000000e+07   7.004e+09   1.000e+00
     12   31840.417      24       0  -6.121121200000000e+07   1.263e+10   1.000e+00
     13   33181.461      25       0  -6.121633200000000e+07   5.221e+09   1.000e+00
     14   34522.436      26       0  -6.121878400000000e+07   4.224e+09   1.000e+00
     15   35863.859      27       0  -6.122111200000000e+07   4.677e+09   1.000e+00
     16   37205.147      28       0  -6.122436400000000e+07   9.090e+09   1.000e+00
     17   38545.908      29       0  -6.122786800000000e+07   4.563e+09   1.000e+00
     18   39887.119      30       0  -6.122980400000000e+07   3.775e+09   1.000e+00
     19   41228.147      31       0  -6.123252800000000e+07   4.193e+09   1.000e+00
     20   42571.554      32       0  -6.123374000000000e+07   9.539e+09   1.000e+00
     21   43913.077      33       0  -6.123631200000000e+07   4.114e+09   1.000e+00
     22   45253.494      34       0  -6.123785600000000e+07   3.057e+09   1.000e+00
     23   46595.328      35       0  -6.123913600000000e+07   3.546e+09   1.000e+00
     24   47936.549      36       0  -6.124156400000000e+07   4.695e+09   1.000e+00
     25   49277.647      37       0  -6.124198000000000e+07   8.447e+09   1.000e+00
     26   50619.029      38       0  -6.124406400000000e+07   2.725e+09   1.000e+00
     27   51959.837      39       0  -6.124474000000000e+07   2.328e+09   1.000e+00
     28   53301.315      40       0  -6.124587200000000e+07   2.927e+09   1.000e+00
     29   54642.534      41       0  -6.124737200000000e+07   4.424e+09   1.000e+00
     30   55984.607      42       0  -6.124847200000000e+07   4.620e+09   1.000e+00
     31   57326.083      43       0  -6.124948400000000e+07   2.195e+09   1.000e+00
     32   58666.991      44       0  -6.125022800000000e+07   2.278e+09   1.000e+00
     33   60008.969      45       0  -6.125107600000000e+07   2.823e+09   1.000e+00
     34   61354.464      46       0  -6.125192400000000e+07   4.638e+09   1.000e+00
     35   62696.640      47       0  -6.125284000000000e+07   2.156e+09   1.000e+00
     36   64038.193      48       0  -6.125348400000000e+07   2.164e+09   1.000e+00
     37   65379.037      49       0  -6.125410400000000e+07   2.347e+09   1.000e+00
     38   66720.617      50       0  -6.125453200000000e+07   5.773e+09   1.000e+00
     39   68061.575      51       0  -6.125550400000000e+07   2.011e+09   1.000e+00
     40   69402.696      52       0  -6.125592800000000e+07   1.772e+09   1.000e+00
     41   70745.057      53       0  -6.125644800000000e+07   2.101e+09   1.000e+00
     42   72086.487      54       0  -6.125717200000000e+07   3.873e+09   1.000e+00
     43   73427.374      55       0  -6.125788800000000e+07   2.132e+09   1.000e+00
     44   74767.791      56       0  -6.125831200000000e+07   1.628e+09   1.000e+00
     45   76108.909      57       0  -6.125889200000000e+07   1.937e+09   1.000e+00
     46   77451.472      58       0  -6.125918800000000e+07   3.880e+09   1.000e+00
     47   78792.278      59       0  -6.125966000000000e+07   1.917e+09   1.000e+00
     48   80134.197      60       0  -6.126007200000000e+07   1.528e+09   1.000e+00
     49   81502.486      61       0  -6.126040000000000e+07   1.738e+09   1.000e+00
     50   82876.387      62       0  -6.126099600000000e+07   2.976e+09   1.000e+00
     51   84255.814      63       0  -6.126137200000000e+07   2.900e+09   1.000e+00
     52   85636.893      64       0  -6.126170000000000e+07   1.341e+09   1.000e+00
     53   87016.829      65       0  -6.126194800000000e+07   1.299e+09   1.000e+00
     54   88399.824      66       0  -6.126219200000000e+07   1.507e+09   1.000e+00
     55   89778.440      67       0  -6.126245600000000e+07   3.367e+09   1.000e+00
     56   91160.939      68       0  -6.126280400000000e+07   1.428e+09   1.000e+00
     57   92540.956      69       0  -6.126297200000000e+07   1.108e+09   1.000e+00
     58   93922.656      70       0  -6.126313200000000e+07   1.224e+09   1.000e+00
     59   95302.843      71       0  -6.126337200000000e+07   1.742e+09   1.000e+00
     60   96677.679      72       0  -6.126357600000000e+07   1.570e+09   1.000e+00
     61   98054.682      73       0  -6.126372800000000e+07   9.727e+08   1.000e+00
     62   99433.985      74       0  -6.126391200000000e+07   1.062e+09   1.000e+00
     63  100818.260      75       0  -6.126404800000000e+07   1.416e+09   1.000e+00
     64  102200.951      76       0  -6.126421200000000e+07   9.405e+08   1.000e+00
     65  103586.674      77       0  -6.126436400000000e+07   8.071e+08   1.000e+00
     66  104969.756      78       0  -6.126446400000000e+07   1.646e+09   1.000e+00
     67  106346.619      79       0  -6.126457600000000e+07   8.119e+08   1.000e+00
     68  107726.586      80       0  -6.126465200000000e+07   7.396e+08   1.000e+00
     69  109112.972      81       0  -6.126474000000000e+07   8.984e+08   1.000e+00
     70  110494.386      82       0  -6.126482800000000e+07   1.881e+09   1.000e+00
     71  111873.871      83       0  -6.126494800000000e+07   8.433e+08   1.000e+00
     72  113254.380      84       0  -6.126502000000000e+07   6.488e+08   1.000e+00
     73  114635.034      85       0  -6.126508400000000e+07   7.013e+08   1.000e+00
     74  116020.368      86       0  -6.126519600000000e+07   9.357e+08   1.000e+00
     75  117400.879      87       0  -6.126523600000000e+07   1.578e+09   1.000e+00
     76  118783.733      88       0  -6.126533600000000e+07   5.709e+08   1.000e+00
     77  120168.645      89       0  -6.126537200000000e+07   5.521e+08   1.000e+00
     78  121550.074      90       0  -6.126544000000000e+07   6.850e+08   1.000e+00
     79  122939.091      91       0  -6.126548800000000e+07   1.603e+09   1.000e+00
     80  124314.608      92       0  -6.126557200000000e+07   6.521e+08   1.000e+00
     81  125698.260      93       0  -6.126560400000000e+07   5.223e+08   1.000e+00
     82  127078.340      94       0  -6.126565200000000e+07   5.769e+08   1.000e+00
     83  128462.231      95       0  -6.126571200000000e+07   8.395e+08   1.000e+00
     84  129844.029      96       0  -6.126574000000000e+07   8.673e+08   1.000e+00
     85  131224.600      97       0  -6.126578400000000e+07   4.495e+08   1.000e+00
     86  132608.625      98       0  -6.126582000000000e+07   4.701e+08   1.000e+00
     87  133990.885      99       0  -6.126585600000000e+07   5.497e+08   1.000e+00
     88  135370.821     100       0  -6.126588400000000e+07   1.203e+09   1.000e+00
     89  136751.395     101       0  -6.126593600000000e+07   4.764e+08   1.000e+00
     90  138130.466     102       0  -6.126595600000000e+07   3.879e+08   1.000e+00
     91  139515.494     103       0  -6.126598400000000e+07   4.267e+08   1.000e+00
     92  140894.789     104       0  -6.126600400000000e+07   8.114e+08   1.000e+00
     93  142280.249     105       0  -6.126604000000000e+07   4.163e+08   1.000e+00
     94  143663.013     106       0  -6.126606000000000e+07   3.564e+08   1.000e+00
     95  145042.961     107       0  -6.126608000000000e+07   4.062e+08   1.000e+00
     96  146425.892     108       0  -6.126609600000000e+07   8.848e+08   1.000e+00
     97  147806.847     109       0  -6.126612400000000e+07   3.784e+08   1.000e+00
     98  149186.529     110       0  -6.126613600000000e+07   3.128e+08   1.000e+00
     99  150568.453     111       0  -6.126614400000000e+07   3.732e+08   1.000e+00
    100  151953.853     112       0  -6.126617200000000e+07   4.739e+08   1.000e+00
    101  153333.771     113       0  -6.126618400000000e+07   7.863e+08   1.000e+00
    102  154712.942     114       0  -6.126620800000000e+07   3.096e+08   1.000e+00
    103  156095.912     115       0  -6.126622000000000e+07   2.805e+08   1.000e+00
    104  157479.050     116       0  -6.126623600000000e+07   3.271e+08   1.000e+00
    105  158859.324     117       0  -6.126625200000000e+07   5.180e+08   1.000e+00
    106  160240.373     118       0  -6.126627200000000e+07   3.705e+08   1.000e+00
    107  161630.321     119       0  -6.126628400000000e+07   2.736e+08   1.000e+00
    108  163022.955     120       0  -6.126629600000000e+07   3.102e+08   1.000e+00
    109  164416.626     121       0  -6.126630800000000e+07   4.841e+08   1.000e+00
    110  165809.012     122       0  -6.126632000000000e+07   2.855e+08   1.000e+00
    111  167203.475     123       0  -6.126633200000000e+07   2.549e+08   1.000e+00
    112  168592.577     124       0  -6.126634400000000e+07   2.831e+08   1.000e+00
    113  169980.571     125       0  -6.126635200000000e+07   4.782e+08   1.000e+00
    114  171370.319     126       0  -6.126637200000000e+07   2.937e+08   1.000e+00
    115  196354.305     145       0  -6.126637200000000e+07   2.931e+08   2.654e-06
# Termination: function reduction test satisfied
# Iter.   Time (ms)    Eval. Reject.       Obj. Func.           Grad.       Step
# ---------------------------------------------------------------------------------
      0    1313.997       1       0  -5.498981200000000e+07   1.614e+10   0.000e+00
      1   14468.755      11       0  -5.505176800000000e+07   3.666e+10   9.395e-16
      2   15808.591      12       0  -5.514339600000000e+07   2.253e+10   1.000e+00
      3   17146.575      13       0  -5.519904000000000e+07   2.076e+10   1.000e+00
      4   18485.235      14       0  -5.524733600000000e+07   2.036e+10   1.000e+00
      5   19826.334      15       0  -5.527298800000000e+07   2.263e+10   1.000e+00
      6   21167.991      16       0  -5.529981600000000e+07   1.144e+10   1.000e+00
      7   22509.935      17       0  -5.531216800000000e+07   9.468e+09   1.000e+00
      8   23851.875      18       0  -5.532421600000000e+07   9.302e+09   1.000e+00
      9   25204.367      19       0  -5.533052400000000e+07   1.581e+10   1.000e+00
     10   26568.354      20       0  -5.533948000000000e+07   6.472e+09   1.000e+00
     11   27931.401      21       0  -5.534312800000000e+07   5.494e+09   1.000e+00
     12   29295.343      22       0  -5.534725600000000e+07   5.705e+09   1.000e+00
     13   30661.454      23       0  -5.534990800000000e+07   1.275e+10   1.000e+00
     14   32021.935      24       0  -5.535465600000000e+07   4.477e+09   1.000e+00
     15   33383.727      25       0  -5.535634400000000e+07   3.671e+09   1.000e+00
     16   34743.376      26       0  -5.535831600000000e+07   4.196e+09   1.000e+00
     17   36104.794      27       0  -5.536128400000000e+07   5.987e+09   1.000e+00
     18   37468.272      28       0  -5.536313200000000e+07   6.793e+09   1.000e+00
     19   38827.587      29       0  -5.536502400000000e+07   3.231e+09   1.000e+00
     20   40187.930      30       0  -5.536649200000000e+07   3.182e+09   1.000e+00
     21   41548.275      31       0  -5.536800800000000e+07   3.613e+09   1.000e+00
     22   42907.571      32       0  -5.536897200000000e+07   7.444e+09   1.000e+00
     23   44268.529      33       0  -5.537065600000000e+07   2.776e+09   1.000e+00
     24   45632.277      34       0  -5.537141600000000e+07   2.497e+09   1.000e+00
     25   46992.463      35       0  -5.537230800000000e+07   2.865e+09   1.000e+00
     26   48351.942      36       0  -5.537333600000000e+07   5.992e+09   1.000e+00
     27   49711.958      37       0  -5.537454400000000e+07   2.717e+09   1.000e+00
     28   51071.559      38       0  -5.537521600000000e+07   2.139e+09   1.000e+00
     29   52432.265      39       0  -5.537597200000000e+07   2.434e+09   1.000e+00
     30   53793.042      40       0  -5.537664000000000e+07   4.813e+09   1.000e+00
     31   55153.217      41       0  -5.537748000000000e+07   2.272e+09   1.000e+00
     32   56509.906      42       0  -5.537799600000000e+07   1.927e+09   1.000e+00
     33   57869.345      43       0  -5.537857200000000e+07   2.242e+09   1.000e+00
     34   59226.651      44       0  -5.537917200000000e+07   4.853e+09   1.000e+00
     35   60589.045      45       0  -5.537992800000000e+07   2.173e+09   1.000e+00
     36   61948.174      46       0  -5.538032400000000e+07   1.629e+09   1.000e+00
     37   63307.671      47       0  -5.538072400000000e+07   1.867e+09   1.000e+00
     38   64672.639      48       0  -5.538124000000000e+07   3.108e+09   1.000e+00
     39   66040.510      49       0  -5.538179200000000e+07   2.147e+09   1.000e+00
     40   67408.428      50       0  -5.538218800000000e+07   1.589e+09   1.000e+00
     41   68777.252      51       0  -5.538269600000000e+07   2.024e+09   1.000e+00
     42   70145.446      52       0  -5.538294800000000e+07   2.961e+09   1.000e+00
     43   71517.432      53       0  -5.538324800000000e+07   1.668e+09   1.000e+00
     44   72889.674      54       0  -5.538364800000000e+07   1.373e+09   1.000e+00
     45   74261.637      55       0  -5.538391200000000e+07   1.498e+09   1.000e+00
     46   75637.252      56       0  -5.538425200000000e+07   4.056e+09   1.000e+00
     47   77005.005      57       0  -5.538474400000000e+07   1.578e+09   1.000e+00
     48   78364.549      58       0  -5.538491600000000e+07   1.122e+09   1.000e+00
     49   79743.856      59       0  -5.538518400000000e+07   1.282e+09   1.000e+00
     50   81132.339      60       0  -5.538539200000000e+07   2.693e+09   1.000e+00
     51   82519.458      61       0  -5.538566400000000e+07   1.420e+09   1.000e+00
     52   83906.675      62       0  -5.538587600000000e+07   1.068e+09   1.000e+00
     53   85288.103      63       0  -5.538603600000000e+07   1.085e+09   1.000e+00
     54   86673.857      64       0  -5.538622000000000e+07   2.615e+09   1.000e+00
     55   88057.162      65       0  -5.538644400000000e+07   1.034e+09   1.000e+00
     56   89445.144      66       0  -5.538655600000000e+07   8.559e+08   1.000e+00
     57   90834.789      67       0  -5.538671200000000e+07   1.048e+09   1.000e+00
     58   92221.568      68       0  -5.538683200000000e+07   2.363e+09   1.000e+00
     59   93604.886      69       0  -5.538700000000000e+07   1.023e+09   1.000e+00
     60   94990.188      70       0  -5.538708800000000e+07   7.242e+08   1.000e+00
     61   96370.747      71       0  -5.538715600000000e+07   7.885e+08   1.000e+00
     62   97754.966      72       0  -5.538728000000000e+07   1.242e+09   1.000e+00
     63   99141.033      73       0  -5.538736800000000e+07   1.206e+09   1.000e+00
     64  100525.835      74       0  -5.538744800000000e+07   6.651e+08   1.000e+00
     65  101909.735      75       0  -5.538752400000000e+07   6.793e+08   1.000e+00
     66  103299.332      76       0  -5.538759200000000e+07   7.930e+08   1.000e+00
     67  104694.180      77       0  -5.538764400000000e+07   1.402e+09   1.000e+00
     68  106082.005      78       0  -5.538771200000000e+07   5.746e+08   1.000e+00
     69  107471.872      79       0  -5.538774800000000e+07   5.235e+08   1.000e+00
     70  108855.465      80       0  -5.538779200000000e+07   5.797e+08   1.000e+00
     71  110238.625      81       0  -5.538783600000000e+07   1.293e+09   1.000e+00
     72  111620.793      82       0  -5.538789600000000e+07   5.603e+08   1.000e+00
     73  113006.442      83       0  -5.538792000000000e+07   4.366e+08   1.000e+00
     74  114389.072      84       0  -5.538796000000000e+07   4.855e+08   1.000e+00
     75  115774.088      85       0  -5.538798400000000e+07   1.147e+09   1.000e+00
     76  117156.774      86       0  -5.538801600000000e+07   4.724e+08   1.000e+00
     77  118541.814      87       0  -5.538805600000000e+07   3.845e+08   1.000e+00
     78  119928.829      88       0  -5.538806400000000e+07   4.635e+08   1.000e+00
     79  121313.769      89       0  -5.538810400000000e+07   6.713e+08   1.000e+00
     80  122697.443      90       0  -5.538812000000000e+07   9.288e+08   1.000e+00
     81  124084.036      91       0  -5.538816000000000e+07   3.552e+08   1.000e+00
     82  125470.477      92       0  -5.538816800000000e+07   3.175e+08   1.000e+00
     83  126826.592      93       0  -5.538817600000000e+07   3.903e+08   1.000e+00
     84  128190.637      94       0  -5.538820000000000e+07   6.621e+08   1.000e+00
     85  129553.834      95       0  -5.538822400000000e+07   4.547e+08   1.000e+00
     86  130913.667      96       0  -5.538823600000000e+07   2.962e+08   1.000e+00
     87  132278.499      97       0  -5.538824800000000e+07   3.089e+08   1.000e+00
     88  133642.254      98       0  -5.538826400000000e+07   4.582e+08   1.000e+00
     89  135006.103      99       0  -5.538827200000000e+07   2.928e+08   1.000e+00
     90  136383.014     100       0  -5.538829200000000e+07   2.668e+08   1.000e+00
     91  137760.657     101       0  -5.538830400000000e+07   3.597e+08   1.000e+00
     92  139137.349     102       0  -5.538830800000000e+07   2.807e+08   1.000e+00
     93  140508.860     103       0  -5.538833200000000e+07   2.996e+08   1.000e+00
     94  165558.689     122       0  -5.538833200000000e+07   2.994e+08   1.523e-06
# Termination: function reduction test satisfied
# Iter.   Time (ms)    Eval. Reject.       Obj. Func.           Grad.       Step
# ---------------------------------------------------------------------------------
      0    1312.626       1       0  -6.149224800000000e+07   1.614e+10   0.000e+00
      1   15749.984      12       0  -6.152219600000000e+07   3.958e+10   1.033e-15
      2   17086.823      13       0  -6.162428000000000e+07   2.199e+10   1.000e+00
      3   18423.466      14       0  -6.166874400000000e+07   1.852e+10   1.000e+00
      4   19760.309      15       0  -6.171310000000000e+07   1.737e+10   1.000e+00
      5   21099.362      16       0  -6.173765600000000e+07   2.189e+10   1.000e+00
      6   22439.438      17       0  -6.176689600000000e+07   1.522e+10   1.000e+00
      7   23779.396      18       0  -6.177861200000000e+07   9.326e+09   1.000e+00
      8   25120.358      19       0  -6.179185200000000e+07   7.372e+09   1.000e+00
      9   26460.463      20       0  -6.180168800000000e+07   1.115e+10   1.000e+00
     10   27800.973      21       0  -6.180809600000000e+07   7.627e+09   1.000e+00
     11   29147.198      22       0  -6.181223600000000e+07   5.683e+09   1.000e+00
     12   30490.069      23       0  -6.181807600000000e+07   5.823e+09   1.000e+00
     13   31833.881      24       0  -6.182102400000000e+07   7.637e+09   1.000e+00
     14   33173.576      25       0  -6.182370800000000e+07   4.307e+09   1.000e+00
     15   34513.522      26       0  -6.182625600000000e+07   3.626e+09   1.000e+00
     16   35854.314      27       0  -6.182820000000000e+07   3.770e+09   1.000e+00
     17   37195.261      28       0  -6.183053600000000e+07   5.198e+09   1.000e+00
     18   38536.648      29       0  -6.183242400000000e+07   4.190e+09   1.000e+00
     19   39884.532      30       0  -6.183370800000000e+07   3.204e+09   1.000e+00
     20   41233.689      31       0  -6.183550800000000e+07   3.062e+09   1.000e+00
     21   42579.926      32       0  -6.183664000000000e+07   4.681e+09   1.000e+00
     22   43926.439      33       0  -6.183783600000000e+07   2.713e+09   1.000e+00
     23   45272.379      34       0  -6.183895200000000e+07   2.599e+09   1.000e+00
     24   46625.260      35       0  -6.183993200000000e+07   2.771e+09   1.000e+00
     25   47981.825      36       0  -6.184109600000000e+07   2.848e+09   1.000e+00
     26   49339.566      37       0  -6.184206000000000e+07   3.386e+09   1.000e+00
     27   50695.237      38       0  -6.184288800000000e+07   2.234e+09   1.000e+00
     28   52051.546      39       0  -6.184350800000000e+07   2.172e+09   1.000e+00
     29   53406.977      40       0  -6.184427200000000e+07   2.530e+09   1.000e+00
     30   54763.742      41       0  -6.184499200000000e+07   2.739e+09   1.000e+00
     31   56120.341      42       0  -6.184572000000000e+07   2.200e+09   1.000e+00
     32   57476.935      43       0  -6.184623200000000e+07   1.988e+09   1.000e+00
     33   58832.710      44       0  -6.184678800000000e+07   2.009e+09   1.000e+00
     34   60192.927      45       0  -6.184737600000000e+07   2.205e+09   1.000e+00
     35   61548.346      46       0  -6.184798800000000e+07   2.057e+09   1.000e+00
     36   62908.888      47       0  -6.184854000000000e+07   2.002e+09   1.000e+00
     37   64269.720      48       0  -6.184895200000000e+07   2.039e+09   1.000e+00
     38   65628.732      49       0  -6.184935200000000e+07   1.874e+09   1.000e+00
     39   66989.285      50       0  -6.184979200000000e+07   1.975e+09   1.000e+00
     40   68349.645      51       0  -6.185015600000000e+07   1.925e+09   1.000e+00
     41   69705.988      52       0  -6.185058400000000e+07   1.693e+09   1.000e+00
     42   71064.192      53       0  -6.185093600000000e+07   1.759e+09   1.000e+00
     43   72420.528      54       0  -6.185123200000000e+07   1.792e+09   1.000e+00
     44   73776.206      55       0  -6.185155600000000e+07   1.777e+09   1.000e+00
     45   75138.320      56       0  -6.185186800000000e+07   1.833e+09   1.000e+00
     46   76497.206      57       0  -6.185214800000000e+07   1.696e+09   1.000e+00
     47   77851.363      58       0  -6.185244800000000e+07   1.589e+09   1.000e+00
     48   79205.494      59       0  -6.185266800000000e+07   1.687e+09   1.000e+00
     49   80571.810      60       0  -6.185287200000000e+07   1.646e+09   1.000e+00
     50   81930.961      61       0  -6.185310800000000e+07   1.612e+09   1.000e+00
     51   83281.515      62       0  -6.185328400000000e+07   1.627e+09   1.000e+00
     52   84635.290      63       0  -6.185345200000000e+07   1.529e+09   1.000e+00
     53   85986.599      64       0  -6.185362000000000e+07   1.476e+09   1.000e+00
     54   87339.181      65       0  -6.185375200000000e+07   1.548e+09   1.000e+00
     55   88695.370      66       0  -6.185386000000000e+07   1.488e+09   1.000e+00
     56   90071.187      67       0  -6.185397600000000e+07   1.449e+09   1.000e+00
     57   91453.635      68       0  -6.185408400000000e+07   1.506e+09   1.000e+00
     58   92835.805      69       0  -6.185417200000000e+07   1.478e+09   1.000e+00
     59   94217.298      70       0  -6.185426400000000e+07   1.421e+09   1.000e+00
     60   95598.577      71       0  -6.185435200000000e+07   1.428e+09   1.000e+00
     61   96981.871      72       0  -6.185441600000000e+07   1.432e+09   1.000e+00
     62   98367.202      73       0  -6.185448000000000e+07   1.369e+09   1.000e+00
     63   99751.216      74       0  -6.185454400000000e+07   1.377e+09   1.000e+00
     64  101134.182      75       0  -6.185460400000000e+07   1.427e+09   1.000e+00
     65  102518.479      76       0  -6.185465200000000e+07   1.402e+09   1.000e+00
     66  103903.537      77       0  -6.185470400000000e+07   1.370e+09   1.000e+00
     67  105285.480      78       0  -6.185475600000000e+07   1.369e+09   1.000e+00
     68  106666.234      79       0  -6.185480000000000e+07   1.378e+09   1.000e+00
     69  108048.670      80       0  -6.185484000000000e+07   1.341e+09   1.000e+00
     70  109429.508      81       0  -6.185488800000000e+07   1.349e+09   1.000e+00
     71  110809.406      82       0  -6.185491600000000e+07   1.351e+09   1.000e+00
     72  112194.759      83       0  -6.185495600000000e+07   1.325e+09   1.000e+00
     73  113575.456      84       0  -6.185498800000000e+07   1.326e+09   1.000e+00
     74  114958.054      85       0  -6.185502800000000e+07   1.348e+09   1.000e+00
     75  116337.658      86       0  -6.185505200000000e+07   1.332e+09   1.000e+00
     76  117721.140      87       0  -6.185508000000000e+07   1.292e+09   1.000e+00
     77  119110.380      88       0  -6.185510400000000e+07   1.302e+09   1.000e+00
     78  120494.068      89       0  -6.185512800000000e+07   1.326e+09   1.000e+00
     79  121882.266      90       0  -6.185515200000000e+07   1.304e+09   1.000e+00
     80  123266.402      91       0  -6.185517600000000e+07   1.273e+09   1.000e+00
     81  124645.677      92       0  -6.185520400000000e+07   1.281e+09   1.000e+00
     82  126025.048      93       0  -6.185522000000000e+07   1.317e+09   1.000e+00
     83  127408.498      94       0  -6.185524400000000e+07   1.299e+09   1.000e+00
     84  128790.221      95       0  -6.185526000000000e+07   1.284e+09   1.000e+00
     85  130172.967      96       0  -6.185528800000000e+07   1.289e+09   1.000e+00
     86  131554.346      97       0  -6.185530000000000e+07   1.293e+09   1.000e+00
     87  132937.330      98       0  -6.185531600000000e+07   1.248e+09   1.000e+00
     88  134317.638      99       0  -6.185532800000000e+07   1.222e+09   1.000e+00
     89  135697.657     100       0  -6.185534800000000e+07   1.268e+09   1.000e+00
     90  137083.889     101       0  -6.185536000000000e+07   1.311e+09   1.000e+00
     91  138462.219     102       0  -6.185536800000000e+07   1.245e+09   1.000e+00
     92  139842.914     103       0  -6.185538400000000e+07   1.175e+09   1.000e+00
     93  141237.030     104       0  -6.185539600000000e+07   1.246e+09   1.000e+00
     94  142628.705     105       0  -6.185542000000000e+07   1.311e+09   1.000e+00
     95  159774.818     118       0  -6.185542000000000e+07   1.374e+09   9.982e-07
# Termination: function reduction test satisfied
# Iter.   Time (ms)    Eval. Reject.       Obj. Func.           Grad.       Step
# ---------------------------------------------------------------------------------
      0    1313.262       1       0  -6.149166000000000e+07   1.614e+10   0.000e+00
      1   15768.925      12       0  -6.152163600000000e+07   3.958e+10   1.033e-15
      2   17105.186      13       0  -6.162368400000000e+07   2.199e+10   1.000e+00
      3   18442.509      14       0  -6.166816400000000e+07   1.852e+10   1.000e+00
      4   19782.145      15       0  -6.171252400000000e+07   1.737e+10   1.000e+00
      5   21123.926      16       0  -6.173706800000000e+07   2.189e+10   1.000e+00
      6   22464.495      17       0  -6.176632000000000e+07   1.521e+10   1.000e+00
      7   23805.908      18       0  -6.177802400000000e+07   9.324e+09   1.000e+00
      8   25146.178      19       0  -6.179127600000000e+07   7.375e+09   1.000e+00
      9   26493.564      20       0  -6.180109600000000e+07   1.116e+10   1.000e+00
     10   27841.216      21       0  -6.180750400000000e+07   7.618e+09   1.000e+00
     11   29189.643      22       0  -6.181164800000000e+07   5.683e+09   1.000e+00
     12   30537.853      23       0  -6.181748800000000e+07   5.825e+09   1.000e+00
     13   31890.336      24       0  -6.182043600000000e+07   7.653e+09   1.000e+00
     14   33237.337      25       0  -6.182312000000000e+07   4.308e+09   1.000e+00
     15   34585.186      26       0  -6.182566400000000e+07   3.627e+09   1.000e+00
     16   35932.162      27       0  -6.182760800000000e+07   3.768e+09   1.000e+00
     17   37280.472      28       0  -6.182993600000000e+07   5.215e+09   1.000e+00
     18   38627.778      29       0  -6.183182400000000e+07   4.198e+09   1.000e+00
     19   39974.920      30       0  -6.183310800000000e+07   3.205e+09   1.000e+00
     20   41320.577      31       0  -6.183490800000000e+07   3.059e+09   1.000e+00
     21   42668.685      32       0  -6.183603200000000e+07   4.678e+09   1.000e+00
     22   44016.538      33       0  -6.183724400000000e+07   2.713e+09   1.000e+00
     23   45365.360      34       0  -6.183835600000000e+07   2.602e+09   1.000e+00
     24   46710.737      35       0  -6.183933600000000e+07   2.761e+09   1.000e+00
     25   48057.879      36       0  -6.184051200000000e+07   2.838e+09   1.000e+00
     26   49412.392      37       0  -6.184147600000000e+07   3.387e+09   1.000e+00
     27   50765.675      38       0  -6.184232000000000e+07   2.242e+09   1.000e+00
     28   52116.370      39       0  -6.184292800000000e+07   2.166e+09   1.000e+00
     29   53465.055      40       0  -6.184368800000000e+07   2.531e+09   1.000e+00
     30   54813.151      41       0  -6.184441200000000e+07   2.774e+09   1.000e+00
     31   56158.625      42       0  -6.184514000000000e+07   2.167e+09   1.000e+00
     32   57505.133      43       0  -6.184564800000000e+07   1.970e+09   1.000e+00
     33   58854.033      44       0  -6.184620800000000e+07   2.052e+09   1.000e+00
     34   60215.948      45       0  -6.184678800000000e+07   2.210e+09   1.000e+00
     35   61575.100      46       0  -6.184740800000000e+07   2.056e+09   1.000e+00
     36   62934.213      47       0  -6.184792400000000e+07   2.055e+09   1.000e+00
     37   64293.998      48       0  -6.184833600000000e+07   1.952e+09   1.000e+00
     38   65652.135      49       0  -6.184875600000000e+07   1.890e+09   1.000e+00
     39   67008.480      50       0  -6.184918000000000e+07   2.019e+09   1.000e+00
     40   68362.054      51       0  -6.184955200000000e+07   1.907e+09   1.000e+00
     41   69714.270      52       0  -6.185000800000000e+07   1.666e+09   1.000e+00
     42   71066.112      53       0  -6.185032800000000e+07   1.809e+09   1.000e+00
     43   72414.468      54       0  -6.185062800000000e+07   1.775e+09   1.000e+00
     44   73761.594      55       0  -6.185097200000000e+07   1.780e+09   1.000e+00
     45   75109.958      56       0  -6.185127200000000e+07   1.825e+09   1.000e+00
     46   76460.508      57       0  -6.185154000000000e+07   1.671e+09   1.000e+00
     47   77814.972      58       0  -6.185184400000000e+07   1.609e+09   1.000e+00
     48   79169.860      59       0  -6.185206800000000e+07   1.713e+09   1.000e+00
     49   80518.812      60       0  -6.185227600000000e+07   1.663e+09   1.000e+00
     50   81870.618      61       0  -6.185251600000000e+07   1.603e+09   1.000e+00
     51   83217.417      62       0  -6.185270800000000e+07   1.644e+09   1.000e+00
     52   84568.577      63       0  -6.185286800000000e+07   1.531e+09   1.000e+00
     53   85918.043      64       0  -6.185303600000000e+07   1.472e+09   1.000e+00
     54   87265.657      65       0  -6.185316000000000e+07   1.571e+09   1.000e+00
     55   88613.295      66       0  -6.185327600000000e+07   1.500e+09   1.000e+00
     56   89966.691      67       0  -6.185340000000000e+07   1.435e+09   1.000e+00
     57   91322.013      68       0  -6.185349600000000e+07   1.526e+09   1.000e+00
     58   92673.055      69       0  -6.185359200000000e+07   1.475e+09   1.000e+00
     59   94022.429      70       0  -6.185369200000000e+07   1.413e+09   1.000e+00
     60   95372.604      71       0  -6.185378000000000e+07   1.455e+09   1.000e+00
     61   96721.412      72       0  -6.185384400000000e+07   1.425e+09   1.000e+00
     62   98074.623      73       0  -6.185391200000000e+07   1.345e+09   1.000e+00
     63   99429.373      74       0  -6.185397600000000e+07   1.405e+09   1.000e+00
     64  100776.636      75       0  -6.185402400000000e+07   1.432e+09   1.000e+00
     65  102125.475      76       0  -6.185407600000000e+07   1.370e+09   1.000e+00
     66  103478.984      77       0  -6.185413200000000e+07   1.358e+09   1.000e+00
     67  104831.303      78       0  -6.185418000000000e+07   1.387e+09   1.000e+00
     68  106194.556      79       0  -6.185421600000000e+07   1.366e+09   1.000e+00
     69  107562.480      80       0  -6.185425600000000e+07   1.300e+09   1.000e+00
     70  108927.033      81       0  -6.185430000000000e+07   1.324e+09   1.000e+00
     71  110289.620      82       0  -6.185432800000000e+07   1.346e+09   1.000e+00
     72  111667.226      83       0  -6.185435600000000e+07   1.359e+09   1.000e+00
     73  113052.539      84       0  -6.185439600000000e+07   1.320e+09   1.000e+00
     74  114440.977      85       0  -6.185442400000000e+07   1.307e+09   1.000e+00
     75  115823.387      86       0  -6.185445200000000e+07   1.332e+09   1.000e+00
     76  117209.382      87       0  -6.185447600000000e+07   1.330e+09   1.000e+00
     77  118594.577      88       0  -6.185450800000000e+07   1.302e+09   1.000e+00
     78  119976.464      89       0  -6.185453600000000e+07   1.276e+09   1.000e+00
     79  121360.064      90       0  -6.185456400000000e+07   1.301e+09   1.000e+00
     80  122741.564      91       0  -6.185458400000000e+07   1.329e+09   1.000e+00
     81  124123.918      92       0  -6.185460000000000e+07   1.315e+09   1.000e+00
     82  125512.679      93       0  -6.185463200000000e+07   1.300e+09   1.000e+00
     83  126899.160      94       0  -6.185466000000000e+07   1.321e+09   1.000e+00
     84  128283.081      95       0  -6.185468000000000e+07   1.347e+09   1.000e+00
     85  129663.134      96       0  -6.185470800000000e+07   1.333e+09   1.000e+00
     86  131032.005      97       0  -6.185473600000000e+07   1.294e+09   1.000e+00
     87  132401.603      98       0  -6.185476400000000e+07   1.290e+09   1.000e+00
     88  133768.657      99       0  -6.185478800000000e+07   1.310e+09   1.000e+00
     89  135136.775     100       0  -6.185481600000000e+07   1.347e+09   1.000e+00
     90  136505.600     101       0  -6.185483600000000e+07   1.320e+09   1.000e+00
     91  137881.887     102       0  -6.185486400000000e+07   1.260e+09   1.000e+00
     92  139262.103     103       0  -6.185488400000000e+07   1.272e+09   1.000e+00
     93  140638.323     104       0  -6.185492000000000e+07   1.365e+09   1.000e+00
     94  142015.032     105       0  -6.185493600000000e+07   1.376e+09   1.000e+00
     95  143387.375     106       0  -6.185496000000000e+07   1.215e+09   1.000e+00
     96  144762.007     107       0  -6.185498800000000e+07   1.241e+09   1.000e+00
     97  146138.579     108       0  -6.185502400000000e+07   1.362e+09   1.000e+00
     98  147513.562     109       0  -6.185504000000000e+07   1.438e+09   1.000e+00
     99  148891.160     110       0  -6.185505600000000e+07   1.251e+09   1.000e+00
    100  150265.462     111       0  -6.185507600000000e+07   1.213e+09   1.000e+00
    101  151641.059     112       0  -6.185510800000000e+07   1.312e+09   1.000e+00
    102  153018.929     113       0  -6.185512000000000e+07   1.443e+09   1.000e+00
    103  154392.194     114       0  -6.185513600000000e+07   1.332e+09   1.000e+00
    104  155764.089     115       0  -6.185515200000000e+07   1.199e+09   1.000e+00
    105  157135.250     116       0  -6.185517200000000e+07   1.285e+09   1.000e+00
    106  158510.546     117       0  -6.185520000000000e+07   1.413e+09   1.000e+00
    107  159883.646     118       0  -6.185521600000000e+07   1.393e+09   1.000e+00
    108  161258.569     119       0  -6.185523200000000e+07   1.171e+09   1.000e+00
    109  162634.088     120       0  -6.185525200000000e+07   1.243e+09   1.000e+00
    110  164010.153     121       0  -6.185527200000000e+07   1.311e+09   1.000e+00
    111  165384.549     122       0  -6.185528400000000e+07   1.406e+09   1.000e+00
    112  166748.291     123       0  -6.185530400000000e+07   1.277e+09   1.000e+00
    113  168115.214     124       0  -6.185532400000000e+07   1.221e+09   1.000e+00
    114  169482.164     125       0  -6.185534800000000e+07   1.251e+09   1.000e+00
    115  170849.065     126       0  -6.185536000000000e+07   1.337e+09   1.000e+00
    116  172216.094     127       0  -6.185537200000000e+07   1.315e+09   1.000e+00
    117  173583.108     128       0  -6.185538400000000e+07   1.193e+09   1.000e+00
    118  174946.872     129       0  -6.185540400000000e+07   1.242e+09   1.000e+00
    119  176311.445     130       0  -6.185542000000000e+07   1.322e+09   1.000e+00
    120  177678.460     131       0  -6.185543200000000e+07   1.331e+09   1.000e+00
    121  179052.784     132       0  -6.185545200000000e+07   1.194e+09   1.000e+00
    122  180428.888     133       0  -6.185546400000000e+07   1.244e+09   1.000e+00
    123  181809.006     134       0  -6.185550000000000e+07   1.350e+09   1.000e+00
    124  183186.118     135       0  -6.185550800000000e+07   1.451e+09   1.000e+00
    125  184562.962     136       0  -6.185552400000000e+07   1.206e+09   1.000e+00
    126  185938.689     137       0  -6.185554400000000e+07   1.189e+09   1.000e+00
    127  187312.466     138       0  -6.185556800000000e+07   1.315e+09   1.000e+00
    128  188690.164     139       0  -6.185558400000000e+07   1.428e+09   1.000e+00
    129  190066.343     140       0  -6.185559200000000e+07   1.366e+09   1.000e+00
    130  191441.138     141       0  -6.185560800000000e+07   1.163e+09   1.000e+00
    131  192818.983     142       0  -6.185563200000000e+07   1.233e+09   1.000e+00
    132  194190.989     143       0  -6.185565600000000e+07   1.339e+09   1.000e+00
    133  195565.706     144       0  -6.185566800000000e+07   1.449e+09   1.000e+00
    134  196941.879     145       0  -6.185568400000000e+07   1.224e+09   1.000e+00
    135  198318.191     146       0  -6.185569600000000e+07   1.201e+09   1.000e+00
    136  199694.173     147       0  -6.185572000000000e+07   1.264e+09   1.000e+00
    137  201074.239     148       0  -6.185573200000000e+07   1.378e+09   1.000e+00
    138  202450.539     149       0  -6.185575200000000e+07   1.303e+09   1.000e+00
    139  203823.683     150       0  -6.185576000000000e+07   1.179e+09   1.000e+00
    140  205199.809     151       0  -6.185577600000000e+07   1.241e+09   1.000e+00
    141  206567.014     152       0  -6.185579200000000e+07   1.350e+09   1.000e+00
    142  207934.863     153       0  -6.185580000000000e+07   1.398e+09   1.000e+00
    143  209299.336     154       0  -6.185581600000000e+07   1.147e+09   1.000e+00
    144  210666.224     155       0  -6.185582400000000e+07   1.196e+09   1.000e+00
    145  212036.005     156       0  -6.185584400000000e+07   1.287e+09   1.000e+00
    146  213400.417     157       0  -6.185585600000000e+07   1.395e+09   1.000e+00
    147  214767.141     158       0  -6.185586000000000e+07   1.267e+09   1.000e+00
    148  216131.975     159       0  -6.185588000000000e+07   1.162e+09   1.000e+00
    149  217499.375     160       0  -6.185588400000000e+07   1.202e+09   1.000e+00
    150  218866.511     161       0  -6.185590400000000e+07   1.307e+09   1.000e+00
    151  220232.646     162       0  -6.185591200000000e+07   1.425e+09   1.000e+00
    152  221599.102     163       0  -6.185592000000000e+07   1.195e+09   1.000e+00
    153  222963.953     164       0  -6.185593200000000e+07   1.154e+09   1.000e+00
    154  224330.064     165       0  -6.185595600000000e+07   1.224e+09   1.000e+00
    155  225696.054     166       0  -6.185598400000000e+07   1.366e+09   1.000e+00
    156  244234.495     180       0  -6.185598400000000e+07   1.389e+09   3.726e-07
# Termination: function reduction test satisfied
# Iter.   Time (ms)    Eval. Reject.       Obj. Func.           Grad.       Step
# ---------------------------------------------------------------------------------
      0    1321.213       1       0  -6.148580800000000e+07   1.614e+10   0.000e+00
      1   15815.564      12       0  -6.151605600000000e+07   3.953e+10   1.032e-15
      2   17157.179      13       0  -6.161783200000000e+07   2.198e+10   1.000e+00
      3   18499.826      14       0  -6.166233200000000e+07   1.852e+10   1.000e+00
      4   19853.244      15       0  -6.170670800000000e+07   1.739e+10   1.000e+00
      5   21208.579      16       0  -6.173118800000000e+07   2.192e+10   1.000e+00
      6   22561.465      17       0  -6.176049200000000e+07   1.514e+10   1.000e+00
      7   23916.153      18       0  -6.177216400000000e+07   9.307e+09   1.000e+00
      8   25271.070      19       0  -6.178543600000000e+07   7.406e+09   1.000e+00
      9   26625.997      20       0  -6.179521200000000e+07   1.128e+10   1.000e+00
     10   27978.435      21       0  -6.180166000000000e+07   7.520e+09   1.000e+00
     11   29330.411      22       0  -6.180576800000000e+07   5.680e+09   1.000e+00
     12   30685.384      23       0  -6.181160000000000e+07   5.857e+09   1.000e+00
     13   32040.793      24       0  -6.181453200000000e+07   7.826e+09   1.000e+00
     14   33386.635      25       0  -6.181724800000000e+07   4.309e+09   1.000e+00
     15   34733.589      26       0  -6.181973200000000e+07   3.620e+09   1.000e+00
     16   36092.002      27       0  -6.182166000000000e+07   3.750e+09   1.000e+00
     17   37444.333      28       0  -6.182398800000000e+07   5.378e+09   1.000e+00
     18   38796.528      29       0  -6.182587200000000e+07   4.281e+09   1.000e+00
     19   40150.521      30       0  -6.182712000000000e+07   3.213e+09   1.000e+00
     20   41503.388      31       0  -6.182893200000000e+07   3.027e+09   1.000e+00
     21   42857.855      32       0  -6.183009600000000e+07   4.545e+09   1.000e+00
     22   44212.046      33       0  -6.183132800000000e+07   2.663e+09   1.000e+00
     23   45570.424      34       0  -6.183243200000000e+07   2.594e+09   1.000e+00
     24   46932.341      35       0  -6.183346000000000e+07   2.793e+09   1.000e+00
     25   48283.987      36       0  -6.183458800000000e+07   3.026e+09   1.000e+00
     26   49638.226      37       0  -6.183550000000000e+07   3.228e+09   1.000e+00
     27   50993.747      38       0  -6.183626400000000e+07   2.235e+09   1.000e+00
     28   52347.965      39       0  -6.183698000000000e+07   2.243e+09   1.000e+00
     29   53702.879      40       0  -6.183771200000000e+07   2.528e+09   1.000e+00
     30   55058.060      41       0  -6.183845200000000e+07   2.613e+09   1.000e+00
     31   56412.574      42       0  -6.183915200000000e+07   2.184e+09   1.000e+00
     32   57770.670      43       0  -6.183969600000000e+07   1.998e+09   1.000e+00
     33   59126.278      44       0  -6.184027600000000e+07   2.114e+09   1.000e+00
     34   60482.880      45       0  -6.184084400000000e+07   2.231e+09   1.000e+00
     35   61837.373      46       0  -6.184138000000000e+07   2.115e+09   1.000e+00
     36   63190.292      47       0  -6.184187600000000e+07   1.940e+09   1.000e+00
     37   64542.337      48       0  -6.184232400000000e+07   1.870e+09   1.000e+00
     38   65895.546      49       0  -6.184276800000000e+07   1.967e+09   1.000e+00
     39   67249.788      50       0  -6.184318800000000e+07   1.955e+09   1.000e+00
     40   68602.320      51       0  -6.184362000000000e+07   1.821e+09   1.000e+00
     41   69954.827      52       0  -6.184400800000000e+07   1.797e+09   1.000e+00
     42   71310.309      53       0  -6.184432800000000e+07   1.816e+09   1.000e+00
     43   72665.000      54       0  -6.184464000000000e+07   1.765e+09   1.000e+00
     44   74018.888      55       0  -6.184495600000000e+07   1.797e+09   1.000e+00
     45   75376.968      56       0  -6.184522800000000e+07   1.771e+09   1.000e+00
     46   76733.194      57       0  -6.184552000000000e+07   1.649e+09   1.000e+00
     47   78090.497      58       0  -6.184578400000000e+07   1.652e+09   1.000e+00
     48   79446.474      59       0  -6.184599200000000e+07   1.647e+09   1.000e+00
     49   80799.472      60       0  -6.184621600000000e+07   1.607e+09   1.000e+00
     50   82153.950      61       0  -6.184641600000000e+07   1.665e+09   1.000e+00
     51   83506.832      62       0  -6.184658000000000e+07   1.612e+09   1.000e+00
     52   84862.350      63       0  -6.184675600000000e+07   1.512e+09   1.000e+00
     53   86217.768      64       0  -6.184691600000000e+07   1.532e+09   1.000e+00
     54   87571.487      65       0  -6.184704000000000e+07   1.516e+09   1.000e+00
     55   88925.285      66       0  -6.184715600000000e+07   1.475e+09   1.000e+00
     56   90278.396      67       0  -6.184727200000000e+07   1.504e+09   1.000e+00
     57   91633.700      68       0  -6.184737600000000e+07   1.527e+09   1.000e+00
     58   92987.684      69       0  -6.184748000000000e+07   1.480e+09   1.000e+00
     59   94342.610      70       0  -6.184758800000000e+07   1.460e+09   1.000e+00
     60   95697.826      71       0  -6.184766400000000e+07   1.459e+09   1.000e+00
     61   97050.769      72       0  -6.184774400000000e+07   1.406e+09   1.000e+00
     62   98405.960      73       0  -6.184782400000000e+07   1.413e+09   1.000e+00
     63   99758.004      74       0  -6.184788400000000e+07   1.460e+09   1.000e+00
     64  101110.678      75       0  -6.184794400000000e+07   1.402e+09   1.000e+00
     65  102465.411      76       0  -6.184801600000000e+07   1.373e+09   1.000e+00
     66  103818.383      77       0  -6.184808000000000e+07   1.458e+09   1.000e+00
     67  105179.215      78       0  -6.184813200000000e+07   1.446e+09   1.000e+00
     68  106538.108      79       0  -6.184818800000000e+07   1.335e+09   1.000e+00
     69  107897.718      80       0  -6.184823600000000e+07   1.345e+09   1.000e+00
     70  109252.703      81       0  -6.184828000000000e+07   1.399e+09   1.000e+00
     71  110606.661      82       0  -6.184832800000000e+07   1.384e+09   1.000e+00
     72  111961.445      83       0  -6.184835600000000e+07   1.344e+09   1.000e+00
     73  113315.816      84       0  -6.184839600000000e+07   1.355e+09   1.000e+00
     74  114672.598      85       0  -6.184842800000000e+07   1.347e+09   1.000e+00
     75  116041.777      86       0  -6.184846000000000e+07   1.342e+09   1.000e+00
     76  117410.031      87       0  -6.184849600000000e+07   1.351e+09   1.000e+00
     77  118777.881      88       0  -6.184851200000000e+07   1.315e+09   1.000e+00
     78  120145.431      89       0  -6.184854400000000e+07   1.271e+09   1.000e+00
     79  121506.553      90       0  -6.184856800000000e+07   1.280e+09   1.000e+00
     80  122870.611      91       0  -6.184860000000000e+07   1.342e+09   1.000e+00
     81  124231.003      92       0  -6.184861200000000e+07   1.326e+09   1.000e+00
     82  125591.868      93       0  -6.184862400000000e+07   1.225e+09   1.000e+00
     83  126952.492      94       0  -6.184866000000000e+07   1.249e+09   1.000e+00
     84  128316.517      95       0  -6.184868400000000e+07   1.335e+09   1.000e+00
     85  129681.940      96       0  -6.184869600000000e+07   1.400e+09   1.000e+00
     86  131041.713      97       0  -6.184871200000000e+07   1.237e+09   1.000e+00
     87  132405.561      98       0  -6.184873600000000e+07   1.196e+09   1.000e+00
     88  133768.055      99       0  -6.184875600000000e+07   1.293e+09   1.000e+00
     89  135137.426     100       0  -6.184876800000000e+07   1.445e+09   1.000e+00
     90  136506.020     101       0  -6.184878400000000e+07   1.374e+09   1.000e+00
     91  137871.210     102       0  -6.184879600000000e+07   1.209e+09   1.000e+00
     92  139233.614     103       0  -6.184883200000000e+07   1.284e+09   1.000e+00
     93  140596.518     104       0  -6.184886000000000e+07   1.468e+09   1.000e+00
     94  141956.744     105       0  -6.184887600000000e+07   1.456e+09   1.000e+00
     95  143324.986     106       0  -6.184890400000000e+07   1.230e+09   1.000e+00
     96  144697.429     107       0  -6.184893200000000e+07   1.288e+09   1.000e+00
     97  146067.148     108       0  -6.184894000000000e+07   1.354e+09   1.000e+00
     98  147436.649     109       0  -6.184896400000000e+07   1.378e+09   1.000e+00
     99  148808.631     110       0  -6.184898400000000e+07   1.295e+09   1.000e+00
    100  150179.990     111       0  -6.184901600000000e+07   1.277e+09   1.000e+00
    101  151550.441     112       0  -6.184903600000000e+07   1.314e+09   1.000e+00
    102  152919.594     113       0  -6.184905200000000e+07   1.291e+09   1.000e+00
    103  154292.580     114       0  -6.184906000000000e+07   1.249e+09   1.000e+00
    104  155666.578     115       0  -6.184908000000000e+07   1.241e+09   1.000e+00
    105  157039.554     116       0  -6.184910000000000e+07   1.304e+09   1.000e+00
    106  158409.882     117       0  -6.184910800000000e+07   1.350e+09   1.000e+00
    107  159779.224     118       0  -6.184912000000000e+07   1.233e+09   1.000e+00
    108  161149.624     119       0  -6.184913200000000e+07   1.231e+09   1.000e+00
    109  162521.835     120       0  -6.184915200000000e+07   1.311e+09   1.000e+00
    110  163893.808     121       0  -6.184917200000000e+07   1.481e+09   1.000e+00
    111  165266.122     122       0  -6.184918800000000e+07   1.349e+09   1.000e+00
    112  166636.018     123       0  -6.184921200000000e+07   1.164e+09   1.000e+00
    113  168013.038     124       0  -6.184924000000000e+07   1.291e+09   1.000e+00
    114  169383.638     125       0  -6.184927600000000e+07   1.420e+09   1.000e+00
    115  170753.406     126       0  -6.184930400000000e+07   1.537e+09   1.000e+00
    116  172125.727     127       0  -6.184932400000000e+07   1.296e+09   1.000e+00
    117  173496.824     128       0  -6.184935200000000e+07   1.259e+09   1.000e+00
    118  174869.566     129       0  -6.184937600000000e+07   1.311e+09   1.000e+00
    119  176239.547     130       0  -6.184942000000000e+07   1.433e+09   1.000e+00
    120  177610.700     131       0  -6.184944400000000e+07   1.398e+09   1.000e+00
    121  178986.297     132       0  -6.184946400000000e+07   1.237e+09   1.000e+00
    122  180361.167     133       0  -6.184949200000000e+07   1.308e+09   1.000e+00
    123  181734.326     134       0  -6.184952400000000e+07   1.378e+09   1.000e+00
    124  183109.704     135       0  -6.184955200000000e+07   1.451e+09   1.000e+00
    125  184478.982     136       0  -6.184957200000000e+07   1.324e+09   1.000e+00
    126  185853.395     137       0  -6.184960000000000e+07   1.257e+09   1.000e+00
    127  187225.047     138       0  -6.184962800000000e+07   1.283e+09   1.000e+00
    128  188597.927     139       0  -6.184965200000000e+07   1.370e+09   1.000e+00
    129  189969.165     140       0  -6.184967600000000e+07   1.418e+09   1.000e+00
    130  191338.404     141       0  -6.184969200000000e+07   1.291e+09   1.000e+00
    131  192709.663     142       0  -6.184972000000000e+07   1.255e+09   1.000e+00
    132  194082.544     143       0  -6.184974800000000e+07   1.305e+09   1.000e+00
    133  195462.129     144       0  -6.184977600000000e+07   1.411e+09   1.000e+00
    134  196837.317     145       0  -6.184979600000000e+07   1.364e+09   1.000e+00
    135  198209.109     146       0  -6.184981200000000e+07   1.214e+09   1.000e+00
    136  199578.827     147       0  -6.184984000000000e+07   1.263e+09   1.000e+00
    137  200949.797     148       0  -6.184986400000000e+07   1.372e+09   1.000e+00
    138  202321.818     149       0  -6.184987600000000e+07   1.413e+09   1.000e+00
    139  203691.389     150       0  -6.184989600000000e+07   1.240e+09   1.000e+00
    140  205062.075     151       0  -6.184992000000000e+07   1.237e+09   1.000e+00
    141  206437.852     152       0  -6.184994000000000e+07   1.321e+09   1.000e+00
    142  207809.575     153       0  -6.184995600000000e+07   1.362e+09   1.000e+00
    143  209181.045     154       0  -6.184996800000000e+07   1.256e+09   1.000e+00
    144  210551.120     155       0  -6.184998400000000e+07   1.183e+09   1.000e+00
    145  211927.281     156       0  -6.185000000000000e+07   1.262e+09   1.000e+00
    146  213301.826     157       0  -6.185001200000000e+07   1.368e+09   1.000e+00
    147  214675.117     158       0  -6.185002000000000e+07   1.302e+09   1.000e+00
    148  216050.959     159       0  -6.185003200000000e+07   1.150e+09   1.000e+00
    149  217423.753     160       0  -6.185005600000000e+07   1.236e+09   1.000e+00
    150  218803.496     161       0  -6.185007600000000e+07   1.355e+09   1.000e+00
    151  220184.443     162       0  -6.185008400000000e+07   1.350e+09   1.000e+00
    152  221566.305     163       0  -6.185009200000000e+07   1.126e+09   1.000e+00
    153  222951.083     164       0  -6.185010000000000e+07   1.193e+09   1.000e+00
    154  224333.199     165       0  -6.185012000000000e+07   1.280e+09   1.000e+00
    155  225715.970     166       0  -6.185013600000000e+07   1.361e+09   1.000e+00
    156  250801.629     185       0  -6.185013600000000e+07   1.379e+09   1.124e-06
# Termination: function reduction test satisfied
# Iter.   Time (ms)    Eval. Reject.       Obj. Func.           Grad.       Step
# ---------------------------------------------------------------------------------
      0    1317.262       1       0  -6.142728800000000e+07   1.614e+10   0.000e+00
      1   15819.918      12       0  -6.146012000000000e+07   3.907e+10   1.014e-15
      2   17162.587      13       0  -6.155921200000000e+07   2.190e+10   1.000e+00
      3   18505.162      14       0  -6.160391600000000e+07   1.853e+10   1.000e+00
      4   19849.215      15       0  -6.164864000000000e+07   1.760e+10   1.000e+00
      5   21194.141      16       0  -6.167244400000000e+07   2.226e+10   1.000e+00
      6   22539.911      17       0  -6.170224000000000e+07   1.439e+10   1.000e+00
      7   23885.870      18       0  -6.171371200000000e+07   9.152e+09   1.000e+00
      8   25231.793      19       0  -6.172720800000000e+07   7.757e+09   1.000e+00
      9   26578.911      20       0  -6.173623600000000e+07   1.240e+10   1.000e+00
     10   27924.067      21       0  -6.174310000000000e+07   6.834e+09   1.000e+00
     11   29271.063      22       0  -6.174702800000000e+07   5.681e+09   1.000e+00
     12   30616.801      23       0  -6.175255200000000e+07   5.860e+09   1.000e+00
     13   31962.986      24       0  -6.175551200000000e+07   9.280e+09   1.000e+00
     14   33309.537      25       0  -6.175871600000000e+07   4.169e+09   1.000e+00
     15   34660.372      26       0  -6.176067600000000e+07   3.618e+09   1.000e+00
     16   36009.780      27       0  -6.176264800000000e+07   3.853e+09   1.000e+00
     17   37355.833      28       0  -6.176499600000000e+07   5.583e+09   1.000e+00
     18   38702.034      29       0  -6.176677600000000e+07   4.774e+09   1.000e+00
     19   40049.004      30       0  -6.176799200000000e+07   3.269e+09   1.000e+00
     20   41395.729      31       0  -6.176965600000000e+07   2.868e+09   1.000e+00
     21   42742.420      32       0  -6.177105600000000e+07   3.624e+09   1.000e+00
     22   44089.810      33       0  -6.177242400000000e+07   3.326e+09   1.000e+00
     23   45449.053      34       0  -6.177356400000000e+07   2.536e+09   1.000e+00
     24   46805.536      35       0  -6.177466400000000e+07   2.726e+09   1.000e+00
     25   48163.076      36       0  -6.177556800000000e+07   2.974e+09   1.000e+00
     26   49515.464      37       0  -6.177646800000000e+07   2.441e+09   1.000e+00
     27   50870.796      38       0  -6.177741200000000e+07   2.476e+09   1.000e+00
     28   52221.941      39       0  -6.177813200000000e+07   3.010e+09   1.000e+00
     29   53575.227      40       0  -6.177881200000000e+07   2.157e+09   1.000e+00
     30   54930.133      41       0  -6.177943600000000e+07   2.114e+09   1.000e+00
     31   56283.893      42       0  -6.178000400000000e+07   2.259e+09   1.000e+00
     32   57635.815      43       0  -6.178061600000000e+07   2.242e+09   1.000e+00
     33   58990.454      44       0  -6.178129600000000e+07   2.083e+09   1.000e+00
     34   60341.769      45       0  -6.178178800000000e+07   2.322e+09   1.000e+00
     35   61694.984      46       0  -6.178222400000000e+07   1.926e+09   1.000e+00
     36   63050.645      47       0  -6.178269600000000e+07   2.002e+09   1.000e+00
     37   64409.113      48       0  -6.178312400000000e+07   2.092e+09   1.000e+00
     38   65764.888      49       0  -6.178358800000000e+07   1.951e+09   1.000e+00
     39   67123.410      50       0  -6.178410400000000e+07   1.775e+09   1.000e+00
     40   68478.096      51       0  -6.178444000000000e+07   1.916e+09   1.000e+00
     41   69834.171      52       0  -6.178478000000000e+07   1.782e+09   1.000e+00
     42   71185.971      53       0  -6.178514800000000e+07   1.807e+09   1.000e+00
     43   72540.014      54       0  -6.178547200000000e+07   1.892e+09   1.000e+00
     44   73894.500      55       0  -6.178582400000000e+07   1.762e+09   1.000e+00
     45   75249.819      56       0  -6.178618400000000e+07   1.748e+09   1.000e+00
     46   76603.847      57       0  -6.178644800000000e+07   1.729e+09   1.000e+00
     47   77959.168      58       0  -6.178671600000000e+07   1.637e+09   1.000e+00
     48   79314.121      59       0  -6.178699200000000e+07   1.688e+09   1.000e+00
     49   80667.091      60       0  -6.178720400000000e+07   1.726e+09   1.000e+00
     50   82021.374      61       0  -6.178743200000000e+07   1.625e+09   1.000e+00
     51   83374.726      62       0  -6.178764800000000e+07   1.599e+09   1.000e+00
     52   84729.549      63       0  -6.178781600000000e+07   1.588e+09   1.000e+00
     53   86084.303      64       0  -6.178798000000000e+07   1.507e+09   1.000e+00
     54   87438.333      65       0  -6.178812400000000e+07   1.533e+09   1.000e+00
     55   88793.994      66       0  -6.178823200000000e+07   1.510e+09   1.000e+00
     56   90146.640      67       0  -6.178834800000000e+07   1.423e+09   1.000e+00
     57   91501.766      68       0  -6.178846400000000e+07   1.468e+09   1.000e+00
     58   92856.070      69       0  -6.178854800000000e+07   1.492e+09   1.000e+00
     59   94214.604      70       0  -6.178862400000000e+07   1.405e+09   1.000e+00
     60   95571.599      71       0  -6.178871200000000e+07   1.375e+09   1.000e+00
     61   96925.916      72       0  -6.178878800000000e+07   1.455e+09   1.000e+00
     62   98279.764      73       0  -6.178883600000000e+07   1.428e+09   1.000e+00
     63   99633.912      74       0  -6.178890800000000e+07   1.345e+09   1.000e+00
     64  100987.566      75       0  -6.178896400000000e+07   1.381e+09   1.000e+00
     65  102343.166      76       0  -6.178902000000000e+07   1.405e+09   1.000e+00
     66  103698.045      77       0  -6.178906800000000e+07   1.363e+09   1.000e+00
     67  105051.935      78       0  -6.178912000000000e+07   1.352e+09   1.000e+00
     68  106406.664      79       0  -6.178916000000000e+07   1.368e+09   1.000e+00
     69  107761.570      80       0  -6.178920800000000e+07   1.360e+09   1.000e+00
     70  109116.236      81       0  -6.178924400000000e+07   1.369e+09   1.000e+00
     71  110476.213      82       0  -6.178929200000000e+07   1.400e+09   1.000e+00
     72  111830.143      83       0  -6.178932800000000e+07   1.352e+09   1.000e+00
     73  113183.606      84       0  -6.178936400000000e+07   1.325e+09   1.000e+00
     74  114539.101      85       0  -6.178941600000000e+07   1.370e+09   1.000e+00
     75  115893.071      86       0  -6.178946400000000e+07   1.403e+09   1.000e+00
     76  117247.255      87       0  -6.178948800000000e+07   1.294e+09   1.000e+00
     77  118603.009      88       0  -6.178952800000000e+07   1.268e+09   1.000e+00
     78  119958.278      89       0  -6.178956400000000e+07   1.359e+09   1.000e+00
     79  121314.235      90       0  -6.178958800000000e+07   1.398e+09   1.000e+00
     80  122665.890      91       0  -6.178961200000000e+07   1.300e+09   1.000e+00
     81  124019.255      92       0  -6.178964400000000e+07   1.271e+09   1.000e+00
     82  125379.963      93       0  -6.178967200000000e+07   1.319e+09   1.000e+00
     83  126731.024      94       0  -6.178969200000000e+07   1.355e+09   1.000e+00
     84  128086.558      95       0  -6.178970000000000e+07   1.294e+09   1.000e+00
     85  129438.978      96       0  -6.178972800000000e+07   1.236e+09   1.000e+00
     86  130793.128      97       0  -6.178974800000000e+07   1.283e+09   1.000e+00
     87  132143.781      98       0  -6.178976400000000e+07   1.311e+09   1.000e+00
     88  133495.923      99       0  -6.178978400000000e+07   1.286e+09   1.000e+00
     89  134850.580     100       0  -6.178979600000000e+07   1.219e+09   1.000e+00
     90  136205.756     101       0  -6.178982000000000e+07   1.253e+09   1.000e+00
     91  137559.715     102       0  -6.178982400000000e+07   1.303e+09   1.000e+00
     92  138915.347     103       0  -6.178983600000000e+07   1.285e+09   1.000e+00
     93  140271.829     104       0  -6.178985600000000e+07   1.208e+09   1.000e+00
     94  141629.941     105       0  -6.178986800000000e+07   1.230e+09   1.000e+00
     95  142982.165     106       0  -6.178988800000000e+07   1.306e+09   1.000e+00
     96  144338.521     107       0  -6.178990000000000e+07   1.317e+09   1.000e+00
     97  145706.581     108       0  -6.178990400000000e+07   1.194e+09   1.000e+00
     98  147071.776     109       0  -6.178992000000000e+07   1.226e+09   1.000e+00
     99  148438.554     110       0  -6.178995200000000e+07   1.316e+09   1.000e+00
    100  149802.426     111       0  -6.178996400000000e+07   1.490e+09   1.000e+00
    101  151164.666     112       0  -6.178998400000000e+07   1.274e+09   1.000e+00
    102  152524.420     113       0  -6.179001600000000e+07   1.179e+09   1.000e+00
    103  153890.547     114       0  -6.179004800000000e+07   1.327e+09   1.000e+00
    104  155257.904     115       0  -6.179006000000000e+07   1.424e+09   1.000e+00
    105  156621.527     116       0  -6.179008000000000e+07   1.344e+09   1.000e+00
    106  157983.559     117       0  -6.179010400000000e+07   1.201e+09   1.000e+00
    107  159344.306     118       0  -6.179012000000000e+07   1.270e+09   1.000e+00
    108  160707.527     119       0  -6.179014400000000e+07   1.336e+09   1.000e+00
    109  162073.521     120       0  -6.179015600000000e+07   1.380e+09   1.000e+00
    110  163438.249     121       0  -6.179017200000000e+07   1.205e+09   1.000e+00
    111  164802.974     122       0  -6.179019600000000e+07   1.235e+09   1.000e+00
    112  166177.125     123       0  -6.179021200000000e+07   1.310e+09   1.000e+00
    113  167550.584     124       0  -6.179022400000000e+07   1.363e+09   1.000e+00
    114  168923.502     125       0  -6.179024400000000e+07   1.287e+09   1.000e+00
    115  170296.032     126       0  -6.179026800000000e+07   1.250e+09   1.000e+00
    116  171671.326     127       0  -6.179028400000000e+07   1.308e+09   1.000e+00
    117  173041.773     128       0  -6.179030400000000e+07   1.356e+09   1.000e+00
    118  174414.210     129       0  -6.179031600000000e+07   1.268e+09   1.000e+00
    119  175790.365     130       0  -6.179033600000000e+07   1.204e+09   1.000e+00
    120  177170.345     131       0  -6.179035600000000e+07   1.293e+09   1.000e+00
    121  178554.398     132       0  -6.179037600000000e+07   1.379e+09   1.000e+00
    122  179934.519     133       0  -6.179038800000000e+07   1.286e+09   1.000e+00
    123  181314.035     134       0  -6.179040800000000e+07   1.196e+09   1.000e+00
    124  182693.891     135       0  -6.179042800000000e+07   1.270e+09   1.000e+00
    125  184072.870     136       0  -6.179044800000000e+07   1.373e+09   1.000e+00
    126  185457.023     137       0  -6.179046000000000e+07   1.305e+09   1.000e+00
    127  186838.966     138       0  -6.179047200000000e+07   1.173e+09   1.000e+00
    128  188221.334     139       0  -6.179050000000000e+07   1.244e+09   1.000e+00
    129  189601.783     140       0  -6.179050800000000e+07   1.357e+09   1.000e+00
    130  190983.528     141       0  -6.179052000000000e+07   1.334e+09   1.000e+00
    131  192363.899     142       0  -6.179053600000000e+07   1.136e+09   1.000e+00
    132  193744.505     143       0  -6.179055600000000e+07   1.212e+09   1.000e+00
    133  195127.212     144       0  -6.179057200000000e+07   1.303e+09   1.000e+00
    134  196508.152     145       0  -6.179058800000000e+07   1.378e+09   1.000e+00
    135  197890.575     146       0  -6.179059600000000e+07   1.233e+09   1.000e+00
    136  199270.340     147       0  -6.179060000000000e+07   1.193e+09   1.000e+00
    137  200650.790     148       0  -6.179062400000000e+07   1.240e+09   1.000e+00
    138  202031.220     149       0  -6.179063600000000e+07   1.325e+09   1.000e+00
    139  203412.812     150       0  -6.179064800000000e+07   1.251e+09   1.000e+00
    140  204792.482     151       0  -6.179065200000000e+07   1.134e+09   1.000e+00
    141  206175.027     152       0  -6.179066800000000e+07   1.210e+09   1.000e+00
    142  207555.080     153       0  -6.179068400000000e+07   1.296e+09   1.000e+00
    143  211566.297     156       0  -6.179068800000000e+07   1.321e+09   2.243e-01
    144  212913.197     157       0  -6.179069200000000e+07   1.129e+09   1.000e+00
    145  214264.393     158       0  -6.179070800000000e+07   1.264e+09   1.000e+00
    146  215611.074     159       0  -6.179071200000000e+07   1.341e+09   1.000e+00
    147  219591.805     162       0  -6.179071600000000e+07   1.274e+09   2.070e-01
    148  220937.838     163       0  -6.179072400000000e+07   1.077e+09   1.000e+00
    149  222283.324     164       0  -6.179073600000000e+07   1.120e+09   1.000e+00
    150  223630.591     165       0  -6.179074400000000e+07   1.351e+09   1.000e+00
    151  224978.548     166       0  -6.179074800000000e+07   1.412e+09   1.000e+00
    152  226335.126     167       0  -6.179076000000000e+07   1.191e+09   1.000e+00
    153  227687.729     168       0  -6.179077200000000e+07   1.170e+09   1.000e+00
    154  229047.242     169       0  -6.179079200000000e+07   1.194e+09   1.000e+00
    155  230406.582     170       0  -6.179081200000000e+07   1.318e+09   1.000e+00
    156  231763.095     171       0  -6.179082400000000e+07   1.374e+09   1.000e+00
    157  233129.201     172       0  -6.179083600000000e+07   1.141e+09   1.000e+00
    158  234492.995     173       0  -6.179084800000000e+07   1.136e+09   1.000e+00
    159  235857.030     174       0  -6.179087600000000e+07   1.281e+09   1.000e+00
    160  237219.014     175       0  -6.179088800000000e+07   1.364e+09   1.000e+00
    161  238584.638     176       0  -6.179089200000000e+07   1.197e+09   1.000e+00
    162  239949.445     177       0  -6.179090400000000e+07   1.124e+09   1.000e+00
    163  241312.140     178       0  -6.179091600000000e+07   1.166e+09   1.000e+00
    164  242678.578     179       0  -6.179094800000000e+07   1.280e+09   1.000e+00
    165  244045.870     180       0  -6.179095200000000e+07   1.392e+09   1.000e+00
    166  245411.389     181       0  -6.179096800000000e+07   1.154e+09   1.000e+00
    167  246772.204     182       0  -6.179098000000000e+07   1.144e+09   1.000e+00
    168  248136.008     183       0  -6.179099600000000e+07   1.231e+09   1.000e+00
    169  249501.522     184       0  -6.179100400000000e+07   1.286e+09   1.000e+00
    170  250865.022     185       0  -6.179100800000000e+07   1.249e+09   1.000e+00
    171  252226.770     186       0  -6.179101200000000e+07   1.073e+09   1.000e+00
    172  253593.984     187       0  -6.179102800000000e+07   1.118e+09   1.000e+00
    173  254957.129     188       0  -6.179103600000000e+07   1.283e+09   1.000e+00
    174  256321.695     189       0  -6.179104000000000e+07   1.294e+09   1.000e+00
    175  257683.116     190       0  -6.179104400000000e+07   1.060e+09   1.000e+00
    176  259043.314     191       0  -6.179105200000000e+07   1.068e+09   1.000e+00
    177  281488.357     208       0  -6.179105200000000e+07   1.232e+09   2.438e-06
# Termination: function reduction test satisfied
# Iter.   Time (ms)    Eval. Reject.       Obj. Func.           Grad.       Step
# ---------------------------------------------------------------------------------
      0    1332.410       1       0  -6.084206000000000e+07   1.614e+10   0.000e+00
      1   15995.650      12       0  -6.089272800000000e+07   3.507e+10   8.713e-16
      2   17353.499      13       0  -6.097295200000000e+07   2.125e+10   1.000e+00
      3   18711.317      14       0  -6.101970400000000e+07   1.883e+10   1.000e+00
      4   20070.314      15       0  -6.106628400000000e+07   1.919e+10   1.000e+00
      5   21430.480      16       0  -6.108739600000000e+07   2.383e+10   1.000e+00
      6   22795.369      17       0  -6.111716800000000e+07   1.097e+10   1.000e+00
      7   24159.405      18       0  -6.112904400000000e+07   9.178e+09   1.000e+00
      8   25520.084      19       0  -6.114039600000000e+07   9.111e+09   1.000e+00
      9   26881.491      20       0  -6.114844800000000e+07   1.434e+10   1.000e+00
     10   28242.825      21       0  -6.115677200000000e+07   6.649e+09   1.000e+00
     11   29604.224      22       0  -6.116038400000000e+07   5.676e+09   1.000e+00
     12   30965.135      23       0  -6.116554800000000e+07   5.702e+09   1.000e+00
     13   32327.461      24       0  -6.116872000000000e+07   1.015e+10   1.000e+00
     14   33689.587      25       0  -6.117225600000000e+07   4.157e+09   1.000e+00
     15   35051.158      26       0  -6.117389200000000e+07   3.655e+09   1.000e+00
     16   36415.749      27       0  -6.117574000000000e+07   4.026e+09   1.000e+00
     17   37786.174      28       0  -6.117824000000000e+07   4.969e+09   1.000e+00
     18   39160.190      29       0  -6.117985200000000e+07   6.038e+09   1.000e+00
     19   40530.939      30       0  -6.118135200000000e+07   3.205e+09   1.000e+00
     20   41901.579      31       0  -6.118251600000000e+07   2.752e+09   1.000e+00
     21   43273.706      32       0  -6.118365600000000e+07   3.150e+09   1.000e+00
     22   44644.177      33       0  -6.118515600000000e+07   3.452e+09   1.000e+00
     23   46013.272      34       0  -6.118637200000000e+07   4.282e+09   1.000e+00
     24   47383.030      35       0  -6.118742800000000e+07   2.385e+09   1.000e+00
     25   48753.137      36       0  -6.118808400000000e+07   2.283e+09   1.000e+00
     26   50124.184      37       0  -6.118892400000000e+07   2.750e+09   1.000e+00
     27   51495.851      38       0  -6.118978800000000e+07   3.047e+09   1.000e+00
     28   52871.382      39       0  -6.119068800000000e+07   2.295e+09   1.000e+00
     29   54245.058      40       0  -6.119126000000000e+07   2.083e+09   1.000e+00
     30   55618.441      41       0  -6.119183600000000e+07   2.034e+09   1.000e+00
     31   56987.832      42       0  -6.119246400000000e+07   2.197e+09   1.000e+00
     32   58355.061      43       0  -6.119308000000000e+07   2.168e+09   1.000e+00
     33   59723.938      44       0  -6.119362400000000e+07   2.121e+09   1.000e+00
     34   61095.818      45       0  -6.119406400000000e+07   1.910e+09   1.000e+00
     35   62467.103      46       0  -6.119450400000000e+07   1.865e+09   1.000e+00
     36   63836.746      47       0  -6.119492400000000e+07   1.984e+09   1.000e+00
     37   65208.080      48       0  -6.119532800000000e+07   1.868e+09   1.000e+00
     38   66579.091      49       0  -6.119573200000000e+07   1.636e+09   1.000e+00
     39   67949.221      50       0  -6.119604000000000e+07   1.744e+09   1.000e+00
     40   69319.855      51       0  -6.119632800000000e+07   1.731e+09   1.000e+00
     41   70688.217      52       0  -6.119664400000000e+07   1.735e+09   1.000e+00
     42   72058.907      53       0  -6.119693200000000e+07   1.730e+09   1.000e+00
     43   73428.247      54       0  -6.119719200000000e+07   1.616e+09   1.000e+00
     44   74799.384      55       0  -6.119746800000000e+07   1.571e+09   1.000e+00
     45   76168.385      56       0  -6.119768000000000e+07   1.647e+09   1.000e+00
     46   77537.544      57       0  -6.119787600000000e+07   1.595e+09   1.000e+00
     47   78904.229      58       0  -6.119811200000000e+07   1.541e+09   1.000e+00
     48   80272.412      59       0  -6.119828000000000e+07   1.576e+09   1.000e+00
     49   81640.595      60       0  -6.119843200000000e+07   1.472e+09   1.000e+00
     50   83014.455      61       0  -6.119863200000000e+07   1.438e+09   1.000e+00
     51   84386.605      62       0  -6.119875600000000e+07   1.547e+09   1.000e+00
     52   85755.860      63       0  -6.119888000000000e+07   1.481e+09   1.000e+00
     53   87127.481      64       0  -6.119903600000000e+07   1.413e+09   1.000e+00
     54   88496.890      65       0  -6.119915600000000e+07   1.528e+09   1.000e+00
     55   89867.687      66       0  -6.119926000000000e+07   1.431e+09   1.000e+00
     56   91235.822      67       0  -6.119938400000000e+07   1.306e+09   1.000e+00
     57   92604.284      68       0  -6.119947600000000e+07   1.461e+09   1.000e+00
     58   93975.382      69       0  -6.119955200000000e+07   1.413e+09   1.000e+00
     59   95344.677      70       0  -6.119964000000000e+07   1.307e+09   1.000e+00
     60   96714.697      71       0  -6.119971600000000e+07   1.453e+09   1.000e+00
     61   98083.135      72       0  -6.119978000000000e+07   1.385e+09   1.000e+00
     62   99450.459      73       0  -6.119986400000000e+07   1.288e+09   1.000e+00
     63  100819.611      74       0  -6.119992400000000e+07   1.409e+09   1.000e+00
     64  102186.941      75       0  -6.119996800000000e+07   1.345e+09   1.000e+00
     65  103555.165      76       0  -6.120002000000000e+07   1.270e+09   1.000e+00
     66  104922.610      77       0  -6.120006800000000e+07   1.335e+09   1.000e+00
     67  106292.721      78       0  -6.120010000000000e+07   1.364e+09   1.000e+00
     68  107662.658      79       0  -6.120014400000000e+07   1.264e+09   1.000e+00
     69  109031.216      80       0  -6.120018400000000e+07   1.303e+09   1.000e+00
     70  110399.665      81       0  -6.120022000000000e+07   1.317e+09   1.000e+00
     71  111769.159      82       0  -6.120024000000000e+07   1.239e+09   1.000e+00
     72  113140.770      83       0  -6.120028000000000e+07   1.227e+09   1.000e+00
     73  114513.139      84       0  -6.120029600000000e+07   1.300e+09   1.000e+00
     74  115879.667      85       0  -6.120032000000000e+07   1.252e+09   1.000e+00
     75  117247.344      86       0  -6.120033600000000e+07   1.194e+09   1.000e+00
     76  118618.769      87       0  -6.120035200000000e+07   1.256e+09   1.000e+00
     77  119986.542      88       0  -6.120037600000000e+07   1.243e+09   1.000e+00
     78  121356.262      89       0  -6.120038400000000e+07   1.183e+09   1.000e+00
     79  122730.008      90       0  -6.120040800000000e+07   1.209e+09   1.000e+00
     80  124116.281      91       0  -6.120042000000000e+07   1.230e+09   1.000e+00
     81  125501.492      92       0  -6.120042800000000e+07   1.223e+09   1.000e+00
     82  126882.903      93       0  -6.120044000000000e+07   1.143e+09   1.000e+00
     83  128262.312      94       0  -6.120044800000000e+07   1.168e+09   1.000e+00
     84  129640.447      95       0  -6.120047600000000e+07   1.227e+09   1.000e+00
     85  153665.486     113       0  -6.120047600000000e+07   1.291e+09   1.071e-06
# Termination: function reduction test satisfied
# Iter.   Time (ms)    Eval. Reject.       Obj. Func.           Grad.       Step
# ---------------------------------------------------------------------------------
      0    1333.235       1       0  -5.498981200000000e+07   1.614e+10   0.000e+00
      1   14666.670      11       0  -5.505047600000000e+07   3.109e+10   7.438e-16
      2   16023.848      12       0  -5.511812800000000e+07   2.062e+10   1.000e+00
      3   17381.943      13       0  -5.516591600000000e+07   1.879e+10   1.000e+00
      4   18740.531      14       0  -5.521066400000000e+07   2.014e+10   1.000e+00
      5   20105.406      15       0  -5.523269200000000e+07   2.265e+10   1.000e+00
      6   21465.995      16       0  -5.525693600000000e+07   1.165e+10   1.000e+00
      7   22826.642      17       0  -5.526993200000000e+07   9.039e+09   1.000e+00
      8   24188.078      18       0  -5.527957600000000e+07   8.660e+09   1.000e+00
      9   25549.787      19       0  -5.528812000000000e+07   1.338e+10   1.000e+00
     10   26911.064      20       0  -5.529560800000000e+07   7.090e+09   1.000e+00
     11   28272.705      21       0  -5.529878800000000e+07   5.482e+09   1.000e+00
     12   29633.886      22       0  -5.530366000000000e+07   4.841e+09   1.000e+00
     13   30997.611      23       0  -5.530612000000000e+07   9.234e+09   1.000e+00
     14   32359.456      24       0  -5.530901200000000e+07   3.850e+09   1.000e+00
     15   33720.922      25       0  -5.531040000000000e+07   3.220e+09   1.000e+00
     16   35082.584      26       0  -5.531189200000000e+07   3.405e+09   1.000e+00
     17   36443.394      27       0  -5.531384000000000e+07   4.215e+09   1.000e+00
     18   37804.313      28       0  -5.531504400000000e+07   5.053e+09   1.000e+00
     19   39166.023      29       0  -5.531613600000000e+07   2.718e+09   1.000e+00
     20   40527.326      30       0  -5.531701200000000e+07   2.384e+09   1.000e+00
     21   41889.040      31       0  -5.531784800000000e+07   2.736e+09   1.000e+00
     22   43251.012      32       0  -5.531885600000000e+07   3.065e+09   1.000e+00
     23   44613.312      33       0  -5.531963600000000e+07   3.396e+09   1.000e+00
     24   45974.596      34       0  -5.532027200000000e+07   1.965e+09   1.000e+00
     25   47336.658      35       0  -5.532076000000000e+07   1.956e+09   1.000e+00
     26   48699.221      36       0  -5.532127600000000e+07   2.253e+09   1.000e+00
     27   50069.732      37       0  -5.532188000000000e+07   2.148e+09   1.000e+00
     28   51431.005      38       0  -5.532250000000000e+07   2.145e+09   1.000e+00
     29   52793.915      39       0  -5.532284400000000e+07   2.342e+09   1.000e+00
     30   54155.564      40       0  -5.532311600000000e+07   1.555e+09   1.000e+00
     31   55518.076      41       0  -5.532342400000000e+07   1.803e+09   1.000e+00
     32   56879.893      42       0  -5.532366400000000e+07   1.763e+09   1.000e+00
     33   58241.103      43       0  -5.532392800000000e+07   1.682e+09   1.000e+00
     34   59603.295      44       0  -5.532419600000000e+07   1.594e+09   1.000e+00
     35   60967.905      45       0  -5.532444800000000e+07   1.500e+09   1.000e+00
     36   62330.246      46       0  -5.532466000000000e+07   1.483e+09   1.000e+00
     37   63692.005      47       0  -5.532487200000000e+07   1.461e+09   1.000e+00
     38   65052.936      48       0  -5.532507600000000e+07   1.475e+09   1.000e+00
     39   66415.405      49       0  -5.532522400000000e+07   1.424e+09   1.000e+00
     40   67777.803      50       0  -5.532540000000000e+07   1.346e+09   1.000e+00
     41   69140.706      51       0  -5.532554400000000e+07   1.375e+09   1.000e+00
     42   70513.378      52       0  -5.532566400000000e+07   1.334e+09   1.000e+00
     43   71886.619      53       0  -5.532580400000000e+07   1.277e+09   1.000e+00
     44   73261.070      54       0  -5.532590000000000e+07   1.325e+09   1.000e+00
     45   74631.709      55       0  -5.532599200000000e+07   1.257e+09   1.000e+00
     46   76002.119      56       0  -5.532608800000000e+07   1.217e+09   1.000e+00
     47   77372.786      57       0  -5.532616400000000e+07   1.315e+09   1.000e+00
     48   78748.333      58       0  -5.532624000000000e+07   1.258e+09   1.000e+00
     49   80130.564      59       0  -5.532631200000000e+07   1.199e+09   1.000e+00
     50   81509.459      60       0  -5.532639200000000e+07   1.268e+09   1.000e+00
     51   82890.600      61       0  -5.532644400000000e+07   1.223e+09   1.000e+00
     52   84269.253      62       0  -5.532650400000000e+07   1.174e+09   1.000e+00
     53   85642.142      63       0  -5.532656400000000e+07   1.262e+09   1.000e+00
     54   87023.421      64       0  -5.532661600000000e+07   1.234e+09   1.000e+00
     55   88402.738      65       0  -5.532668000000000e+07   1.168e+09   1.000e+00
     56   89782.771      66       0  -5.532672400000000e+07   1.237e+09   1.000e+00
     57   91161.255      67       0  -5.532676800000000e+07   1.223e+09   1.000e+00
     58   92543.048      68       0  -5.532682800000000e+07   1.148e+09   1.000e+00
     59   93922.804      69       0  -5.532686400000000e+07   1.208e+09   1.000e+00
     60   95306.196      70       0  -5.532689600000000e+07   1.217e+09   1.000e+00
     61   96685.303      71       0  -5.532693200000000e+07   1.129e+09   1.000e+00
     62   98059.003      72       0  -5.532697200000000e+07   1.191e+09   1.000e+00
     63   99439.130      73       0  -5.532699600000000e+07   1.230e+09   1.000e+00
     64  100818.123      74       0  -5.532702800000000e+07   1.132e+09   1.000e+00
     65  102196.768      75       0  -5.532705600000000e+07   1.118e+09   1.000e+00
     66  103573.255      76       0  -5.532707200000000e+07   1.148e+09   1.000e+00
     67  104950.394      77       0  -5.532709200000000e+07   1.070e+09   1.000e+00
     68  106330.775      78       0  -5.532711200000000e+07   1.082e+09   1.000e+00
     69  107711.365      79       0  -5.532712800000000e+07   1.159e+09   1.000e+00
     70  109093.860      80       0  -5.532714400000000e+07   1.024e+09   1.000e+00
     71  110470.566      81       0  -5.532716000000000e+07   1.013e+09   1.000e+00
     72  111851.081      82       0  -5.532717600000000e+07   1.153e+09   1.000e+00
     73  113228.293      83       0  -5.532718800000000e+07   1.079e+09   1.000e+00
     74  114604.029      84       0  -5.532720000000000e+07   9.617e+08   1.000e+00
     75  115984.735      85       0  -5.532721600000000e+07   1.064e+09   1.000e+00
     76  117363.486      86       0  -5.532722400000000e+07   1.094e+09   1.000e+00
     77  118742.577      87       0  -5.532723200000000e+07   1.052e+09   1.000e+00
     78  120120.270      88       0  -5.532724400000000e+07   1.001e+09   1.000e+00
     79  121497.077      89       0  -5.532724800000000e+07   1.010e+09   1.000e+00
     80  122878.907      90       0  -5.532726000000000e+07   1.113e+09   1.000e+00
     81  124259.037      91       0  -5.532727200000000e+07   1.131e+09   1.000e+00
     82  125637.939      92       0  -5.532727600000000e+07   1.023e+09   1.000e+00
     83  127016.626      93       0  -5.532728400000000e+07   1.007e+09   1.000e+00
     84  128398.713      94       0  -5.532729600000000e+07   1.078e+09   1.000e+00
     85  129777.954      95       0  -5.532730800000000e+07   1.047e+09   1.000e+00
     86  156485.862     115       0  -5.532730800000000e+07   1.111e+09   1.904e-06
# Termination: function reduction test satisfied
# Iter.   Time (ms)    Eval. Reject.       Obj. Func.           Grad.       Step
# ---------------------------------------------------------------------------------
      0    1316.560       1       0  -6.149224800000000e+07   1.614e+10   0.000e+00
      1   15804.690      12       0  -6.149263600000000e+07   2.088e+10   8.037e-17
      2   17146.178      13       0  -6.150012400000000e+07   1.532e+10   1.000e+00
      3   18487.379      14       0  -6.151567600000000e+07   1.717e+10   1.000e+00
      4   21146.050      16       0  -6.151982000000000e+07   2.288e+10   4.464e-01
      5   22489.134      17       0  -6.153139200000000e+07   2.190e+10   1.000e+00
      6   23834.092      18       0  -6.155108400000000e+07   1.992e+10   1.000e+00
      7   25178.609      19       0  -6.156261200000000e+07   2.112e+10   1.000e+00
      8   26522.880      20       0  -6.157987200000000e+07   1.747e+10   1.000e+00
      9   27866.569      21       0  -6.158783600000000e+07   1.636e+10   1.000e+00
     10   29211.532      22       0  -6.159492000000000e+07   1.587e+10   1.000e+00
     11   30556.300      23       0  -6.159698000000000e+07   1.685e+10   1.000e+00
     12   31901.354      24       0  -6.160254000000000e+07   1.323e+10   1.000e+00
     13   33246.108      25       0  -6.160591200000000e+07   1.525e+10   1.000e+00
     14   34591.104      26       0  -6.160826800000000e+07   1.460e+10   1.000e+00
     15   35935.891      27       0  -6.161106000000000e+07   1.261e+10   1.000e+00
     16   39911.483      30       0  -6.161106400000000e+07   1.723e+10   1.641e-01
     17   41256.721      31       0  -6.161142000000000e+07   1.277e+10   1.000e+00
     18   42607.645      32       0  -6.161164800000000e+07   1.592e+10   1.000e+00
     19   43952.815      33       0  -6.161182000000000e+07   1.688e+10   1.000e+00
     20   45297.388      34       0  -6.161215200000000e+07   1.754e+10   1.000e+00
     21   46642.504      35       0  -6.161282800000000e+07   1.502e+10   1.000e+00
     22   47987.027      36       0  -6.161294400000000e+07   1.716e+10   1.000e+00
     23   49332.388      37       0  -6.161355600000000e+07   1.410e+10   1.000e+00
     24   50676.696      38       0  -6.161410800000000e+07   1.404e+10   1.000e+00
     25   52021.269      39       0  -6.161454000000000e+07   1.704e+10   1.000e+00
     26   53365.713      40       0  -6.161504000000000e+07   1.626e+10   1.000e+00
     27   54709.744      41       0  -6.161570000000000e+07   1.299e+10   1.000e+00
     28   56054.194      42       0  -6.161602000000000e+07   1.442e+10   1.000e+00
     29   57399.012      43       0  -6.161610400000000e+07   1.548e+10   1.000e+00
     30   58748.326      44       0  -6.161626000000000e+07   1.407e+10   1.000e+00
     31   60092.722      45       0  -6.161642000000000e+07   1.503e+10   1.000e+00
     32   61437.033      46       0  -6.161644400000000e+07   1.665e+10   1.000e+00
     33   62781.637      47       0  -6.161655600000000e+07   1.396e+10   1.000e+00
     34   64125.961      48       0  -6.161666800000000e+07   1.347e+10   1.000e+00
     35   65470.594      49       0  -6.161672400000000e+07   1.693e+10   1.000e+00
     36   66814.965      50       0  -6.161678400000000e+07   1.544e+10   1.000e+00
     37   68159.219      51       0  -6.161685200000000e+07   1.314e+10   1.000e+00
     38   69504.043      52       0  -6.161687200000000e+07   1.543e+10   1.000e+00
     39   70849.178      53       0  -6.161691600000000e+07   1.455e+10   1.000e+00
     40   72195.280      54       0  -6.161692400000000e+07   1.478e+10   1.000e+00
     41   73549.772      55       0  -6.161695600000000e+07   1.515e+10   1.000e+00
     42   74894.444      56       0  -6.161698000000000e+07   1.541e+10   1.000e+00
     43   76240.471      57       0  -6.161699600000000e+07   1.564e+10   1.000e+00
     44   77585.780      58       0  -6.161701600000000e+07   1.450e+10   1.000e+00
     45   78930.132      59       0  -6.161703200000000e+07   1.401e+10   1.000e+00
     46   80274.753      60       0  -6.161705600000000e+07   1.544e+10   1.000e+00
     47   81619.966      61       0  -6.161707600000000e+07   1.628e+10   1.000e+00
     48   82964.653      62       0  -6.161709200000000e+07   1.413e+10   1.000e+00
     49   84309.733      63       0  -6.161711600000000e+07   1.413e+10   1.000e+00
     50   85655.230      64       0  -6.161715600000000e+07   1.520e+10   1.000e+00
     51   87000.548      65       0  -6.161719200000000e+07   1.592e+10   1.000e+00
     52   88345.470      66       0  -6.161720800000000e+07   1.355e+10   1.000e+00
     53   89690.009      67       0  -6.161722800000000e+07   1.376e+10   1.000e+00
     54   91035.161      68       0  -6.161725600000000e+07   1.324e+10   1.000e+00
     55   92381.665      69       0  -6.161728800000000e+07   1.398e+10   1.000e+00
     56   93730.217      70       0  -6.161734000000000e+07   1.554e+10   1.000e+00
     57   95083.758      71       0  -6.161735200000000e+07   1.442e+10   1.000e+00
     58   96439.033      72       0  -6.161735600000000e+07   1.229e+10   1.000e+00
     59   97811.425      73       0  -6.161739200000000e+07   1.352e+10   1.000e+00
     60   99183.773      74       0  -6.161745200000000e+07   1.372e+10   1.000e+00
     61  100556.245      75       0  -6.161753600000000e+07   1.599e+10   1.000e+00
     62  103250.090      77       0  -6.161754400000000e+07   1.436e+10   5.000e-01
     63  104601.812      78       0  -6.161756800000000e+07   1.203e+10   1.000e+00
     64  105947.075      79       0  -6.161760400000000e+07   1.396e+10   1.000e+00
     65  107291.770      80       0  -6.161764800000000e+07   1.434e+10   1.000e+00
     66  108637.135      81       0  -6.161766000000000e+07   1.424e+10   1.000e+00
     67  109982.733      82       0  -6.161767600000000e+07   1.331e+10   1.000e+00
     68  111327.216      83       0  -6.161770400000000e+07   1.375e+10   1.000e+00
     69  112672.224      84       0  -6.161771200000000e+07   1.537e+10   1.000e+00
     70  114017.362      85       0  -6.161773600000000e+07   1.453e+10   1.000e+00
     71  115367.004      86       0  -6.161775600000000e+07   1.479e+10   1.000e+00
     72  116712.185      87       0  -6.161776400000000e+07   1.386e+10   1.000e+00
     73  120690.141      90       0  -6.161776800000000e+07   1.473e+10   2.500e-01
     74  137831.967     103       0  -6.161776800000000e+07   1.774e+10   1.203e-07
# Termination: function reduction test satisfied
# Iter.   Time (ms)    Eval. Reject.       Obj. Func.           Grad.       Step
# ---------------------------------------------------------------------------------
      0    1313.674       1       0  -6.149166000000000e+07   1.614e+10   0.000e+00
      1   15760.138      12       0  -6.149204800000000e+07   2.088e+10   8.036e-17
      2   17097.776      13       0  -6.149953600000000e+07   1.532e+10   1.000e+00
      3   18436.652      14       0  -6.151508800000000e+07   1.717e+10   1.000e+00
      4   21089.014      16       0  -6.151923200000000e+07   2.288e+10   4.465e-01
      5   22431.510      17       0  -6.153080400000000e+07   2.190e+10   1.000e+00
      6   23774.557      18       0  -6.155050400000000e+07   1.992e+10   1.000e+00
      7   25120.667      19       0  -6.156202800000000e+07   2.112e+10   1.000e+00
      8   26462.183      20       0  -6.157928800000000e+07   1.747e+10   1.000e+00
      9   27804.779      21       0  -6.158724400000000e+07   1.636e+10   1.000e+00
     10   29146.828      22       0  -6.159432800000000e+07   1.587e+10   1.000e+00
     11   30488.232      23       0  -6.159638800000000e+07   1.684e+10   1.000e+00
     12   31830.370      24       0  -6.160195200000000e+07   1.323e+10   1.000e+00
     13   33172.185      25       0  -6.160532800000000e+07   1.525e+10   1.000e+00
     14   34515.947      26       0  -6.160767600000000e+07   1.459e+10   1.000e+00
     15   35871.650      27       0  -6.161046800000000e+07   1.261e+10   1.000e+00
     16   41165.643      31       0  -6.161049200000000e+07   1.762e+10   8.190e-02
     17   42507.768      32       0  -6.161076000000000e+07   1.255e+10   1.000e+00
     18   43848.964      33       0  -6.161086000000000e+07   1.614e+10   1.000e+00
     19   45191.522      34       0  -6.161097600000000e+07   1.663e+10   1.000e+00
     20   46533.866      35       0  -6.161118800000000e+07   1.728e+10   1.000e+00
     21   47876.689      36       0  -6.161148400000000e+07   1.571e+10   1.000e+00
     22   49219.257      37       0  -6.161159200000000e+07   1.649e+10   1.000e+00
     23   50561.429      38       0  -6.161192000000000e+07   1.427e+10   1.000e+00
     24   51912.107      39       0  -6.161225200000000e+07   1.476e+10   1.000e+00
     25   53263.010      40       0  -6.161260800000000e+07   1.614e+10   1.000e+00
     26   54609.229      41       0  -6.161349600000000e+07   1.608e+10   1.000e+00
     27   55954.482      42       0  -6.161400000000000e+07   1.559e+10   1.000e+00
     28   57297.618      43       0  -6.161448000000000e+07   1.271e+10   1.000e+00
     29   58640.625      44       0  -6.161476400000000e+07   1.388e+10   1.000e+00
     30   59981.649      45       0  -6.161500000000000e+07   1.554e+10   1.000e+00
     31   61323.568      46       0  -6.161543200000000e+07   1.443e+10   1.000e+00
     32   62666.121      47       0  -6.161591200000000e+07   1.633e+10   1.000e+00
     33   64008.365      48       0  -6.161655200000000e+07   1.364e+10   1.000e+00
     34   65358.108      49       0  -6.161714800000000e+07   1.299e+10   1.000e+00
     35   66709.222      50       0  -6.161740000000000e+07   1.599e+10   1.000e+00
     36   68059.001      51       0  -6.161798000000000e+07   1.537e+10   1.000e+00
     37   69401.235      52       0  -6.161858800000000e+07   1.351e+10   1.000e+00
     38   70743.655      53       0  -6.161860800000000e+07   1.535e+10   1.000e+00
     39   72085.751      54       0  -6.161888800000000e+07   1.259e+10   1.000e+00
     40   73427.330      55       0  -6.161895600000000e+07   1.367e+10   1.000e+00
     41   74770.273      56       0  -6.161911200000000e+07   1.407e+10   1.000e+00
     42   76113.058      57       0  -6.161928800000000e+07   1.217e+10   1.000e+00
     43   78769.580      59       0  -6.161929600000000e+07   1.408e+10   4.883e-01
     44   80112.159      60       0  -6.161936400000000e+07   1.193e+10   1.000e+00
     45   81454.694      61       0  -6.161938800000000e+07   1.438e+10   1.000e+00
     46   82796.929      62       0  -6.161945600000000e+07   1.386e+10   1.000e+00
     47   84140.333      63       0  -6.161953600000000e+07   1.671e+10   1.000e+00
     48   85482.811      64       0  -6.161959600000000e+07   1.380e+10   1.000e+00
     49   86828.357      65       0  -6.161961200000000e+07   1.506e+10   1.000e+00
     50   88169.839      66       0  -6.161965600000000e+07   1.322e+10   1.000e+00
     51   89512.662      67       0  -6.161971600000000e+07   1.496e+10   1.000e+00
     52   90855.480      68       0  -6.161972000000000e+07   1.537e+10   1.000e+00
     53   92198.061      69       0  -6.161972400000000e+07   1.402e+10   1.000e+00
     54   93540.650      70       0  -6.161975600000000e+07   1.276e+10   1.000e+00
     55   94883.354      71       0  -6.161977600000000e+07   1.552e+10   1.000e+00
     56   96225.709      72       0  -6.161978400000000e+07   1.507e+10   1.000e+00
     57   97571.214      73       0  -6.161978800000000e+07   1.409e+10   1.000e+00
     58   98914.735      74       0  -6.161980800000000e+07   1.326e+10   1.000e+00
     59  102883.686      77       0  -6.161981200000000e+07   1.715e+10   1.706e-01
     60  125249.567      94       0  -6.161981200000000e+07   1.842e+10   1.597e-06
# Termination: function reduction test satisfied
# Iter.   Time (ms)    Eval. Reject.       Obj. Func.           Grad.       Step
# ---------------------------------------------------------------------------------
      0    1316.462       1       0  -6.148580800000000e+07   1.614e+10   0.000e+00
      1   15749.455      12       0  -6.148619200000000e+07   2.088e+10   8.036e-17
      2   17086.632      13       0  -6.149368400000000e+07   1.532e+10   1.000e+00
      3   18424.019      14       0  -6.150923600000000e+07   1.717e+10   1.000e+00
      4   21076.818      16       0  -6.151338000000000e+07   2.288e+10   4.464e-01
      5   22416.344      17       0  -6.152495200000000e+07   2.190e+10   1.000e+00
      6   23757.763      18       0  -6.154463200000000e+07   1.992e+10   1.000e+00
      7   25099.317      19       0  -6.155617600000000e+07   2.112e+10   1.000e+00
      8   26439.263      20       0  -6.157343600000000e+07   1.747e+10   1.000e+00
      9   27780.095      21       0  -6.158138400000000e+07   1.636e+10   1.000e+00
     10   29121.175      22       0  -6.158846800000000e+07   1.587e+10   1.000e+00
     11   30462.437      23       0  -6.159053200000000e+07   1.685e+10   1.000e+00
     12   31803.125      24       0  -6.159610000000000e+07   1.324e+10   1.000e+00
     13   33144.337      25       0  -6.159946800000000e+07   1.524e+10   1.000e+00
     14   34485.267      26       0  -6.160183600000000e+07   1.459e+10   1.000e+00
     15   35828.019      27       0  -6.160461600000000e+07   1.262e+10   1.000e+00
     16   41103.728      31       0  -6.160463200000000e+07   1.766e+10   8.040e-02
     17   42444.483      32       0  -6.160491200000000e+07   1.255e+10   1.000e+00
     18   43785.978      33       0  -6.160501200000000e+07   1.609e+10   1.000e+00
     19   45133.618      34       0  -6.160511600000000e+07   1.676e+10   1.000e+00
     20   46481.535      35       0  -6.160534400000000e+07   1.734e+10   1.000e+00
     21   47832.055      36       0  -6.160566000000000e+07   1.576e+10   1.000e+00
     22   49180.723      37       0  -6.160575600000000e+07   1.664e+10   1.000e+00
     23   50532.890      38       0  -6.160613200000000e+07   1.433e+10   1.000e+00
     24   51880.065      39       0  -6.160648000000000e+07   1.456e+10   1.000e+00
     25   53229.038      40       0  -6.160680000000000e+07   1.628e+10   1.000e+00
     26   54579.774      41       0  -6.160756000000000e+07   1.593e+10   1.000e+00
     27   55928.439      42       0  -6.160817200000000e+07   1.558e+10   1.000e+00
     28   57276.146      43       0  -6.160850000000000e+07   1.383e+10   1.000e+00
     29   58623.687      44       0  -6.160883200000000e+07   1.368e+10   1.000e+00
     30   59963.821      45       0  -6.160904000000000e+07   1.490e+10   1.000e+00
     31   61305.848      46       0  -6.160939200000000e+07   1.479e+10   1.000e+00
     32   62645.859      47       0  -6.161004400000000e+07   1.580e+10   1.000e+00
     33   63986.722      48       0  -6.161038800000000e+07   1.529e+10   1.000e+00
     34   65326.891      49       0  -6.161118800000000e+07   1.276e+10   1.000e+00
     35   67978.735      51       0  -6.161122000000000e+07   1.571e+10   4.566e-01
     36   69318.955      52       0  -6.161146800000000e+07   1.420e+10   1.000e+00
     37   70664.218      53       0  -6.161172400000000e+07   1.411e+10   1.000e+00
     38   72012.018      54       0  -6.161178400000000e+07   1.597e+10   1.000e+00
     39   73357.148      55       0  -6.161186400000000e+07   1.386e+10   1.000e+00
     40   74703.581      56       0  -6.161199200000000e+07   1.420e+10   1.000e+00
     41   76048.930      57       0  -6.161205600000000e+07   1.598e+10   1.000e+00
     42   77396.753      58       0  -6.161210400000000e+07   1.542e+10   1.000e+00
     43   78743.080      59       0  -6.161215200000000e+07   1.325e+10   1.000e+00
     44   80095.087      60       0  -6.161221200000000e+07   1.472e+10   1.000e+00
     45   81449.452      61       0  -6.161228000000000e+07   1.434e+10   1.000e+00
     46   82797.036      62       0  -6.161230400000000e+07   1.537e+10   1.000e+00
     47   84144.115      63       0  -6.161232800000000e+07   1.414e+10   1.000e+00
     48   85491.076      64       0  -6.161236000000000e+07   1.398e+10   1.000e+00
     49   86839.548      65       0  -6.161240000000000e+07   1.499e+10   1.000e+00
     50   88184.864      66       0  -6.161242800000000e+07   1.549e+10   1.000e+00
     51   89535.809      67       0  -6.161245200000000e+07   1.441e+10   1.000e+00
     52   90896.998      68       0  -6.161250400000000e+07   1.419e+10   1.000e+00
     53   92257.405      69       0  -6.161254800000000e+07   1.504e+10   1.000e+00
     54   93614.338      70       0  -6.161257200000000e+07   1.523e+10   1.000e+00
     55   94970.081      71       0  -6.161259600000000e+07   1.410e+10   1.000e+00
     56   96324.287      72       0  -6.161263200000000e+07   1.401e+10   1.000e+00
     57   97682.658      73       0  -6.161264800000000e+07   1.556e+10   1.000e+00
     58   99040.552      74       0  -6.161266000000000e+07   1.450e+10   1.000e+00
     59  100398.953      75       0  -6.161266800000000e+07   1.381e+10   1.000e+00
     60  101758.410      76       0  -6.161267200000000e+07   1.587e+10   1.000e+00
     61  103118.712      77       0  -6.161268800000000e+07   1.512e+10   1.000e+00
     62  104476.640      78       0  -6.161269600000000e+07   1.433e+10   1.000e+00
     63  125498.714      94       0  -6.161269600000000e+07   1.816e+10   1.249e-07
# Termination: function reduction test satisfied
# Iter.   Time (ms)    Eval. Reject.       Obj. Func.           Grad.       Step
# ---------------------------------------------------------------------------------
      0    1313.981       1       0  -6.142728800000000e+07   1.614e+10   0.000e+00
      1   15734.988      12       0  -6.142767600000000e+07   2.088e+10   8.016e-17
      2   17071.321      13       0  -6.143515600000000e+07   1.531e+10   1.000e+00
      3   18408.174      14       0  -6.145068400000000e+07   1.717e+10   1.000e+00
      4   21056.885      16       0  -6.145482000000000e+07   2.289e+10   4.463e-01
      5   22395.564      17       0  -6.146636800000000e+07   2.190e+10   1.000e+00
      6   23734.282      18       0  -6.148604800000000e+07   1.992e+10   1.000e+00
      7   25073.990      19       0  -6.149758400000000e+07   2.112e+10   1.000e+00
      8   26413.032      20       0  -6.151486400000000e+07   1.747e+10   1.000e+00
      9   27752.592      21       0  -6.152282000000000e+07   1.636e+10   1.000e+00
     10   29092.018      22       0  -6.152988400000000e+07   1.586e+10   1.000e+00
     11   30435.704      23       0  -6.153196000000000e+07   1.685e+10   1.000e+00
     12   31783.942      24       0  -6.153750000000000e+07   1.325e+10   1.000e+00
     13   33130.957      25       0  -6.154088400000000e+07   1.523e+10   1.000e+00
     14   34475.408      26       0  -6.154321600000000e+07   1.464e+10   1.000e+00
     15   35823.538      27       0  -6.154602400000000e+07   1.261e+10   1.000e+00
     16   41100.516      31       0  -6.154604400000000e+07   1.763e+10   8.132e-02
     17   42441.468      32       0  -6.154632000000000e+07   1.257e+10   1.000e+00
     18   43783.622      33       0  -6.154642000000000e+07   1.615e+10   1.000e+00
     19   45141.598      34       0  -6.154653200000000e+07   1.664e+10   1.000e+00
     20   46501.850      35       0  -6.154675200000000e+07   1.723e+10   1.000e+00
     21   47862.967      36       0  -6.154704000000000e+07   1.573e+10   1.000e+00
     22   49233.048      37       0  -6.154716400000000e+07   1.653e+10   1.000e+00
     23   50598.580      38       0  -6.154750000000000e+07   1.424e+10   1.000e+00
     24   51966.388      39       0  -6.154782800000000e+07   1.492e+10   1.000e+00
     25   53334.881      40       0  -6.154822400000000e+07   1.612e+10   1.000e+00
     26   54700.895      41       0  -6.154912400000000e+07   1.654e+10   1.000e+00
     27   56068.436      42       0  -6.154950800000000e+07   1.539e+10   1.000e+00
     28   57433.568      43       0  -6.155008800000000e+07   1.228e+10   1.000e+00
     29   58802.099      44       0  -6.155034400000000e+07   1.405e+10   1.000e+00
     30   60170.157      45       0  -6.155061600000000e+07   1.563e+10   1.000e+00
     31   61537.780      46       0  -6.155114800000000e+07   1.410e+10   1.000e+00
     32   62906.010      47       0  -6.155143200000000e+07   1.636e+10   1.000e+00
     33   64275.522      48       0  -6.155208400000000e+07   1.318e+10   1.000e+00
     34   65641.091      49       0  -6.155250000000000e+07   1.369e+10   1.000e+00
     35   67000.908      50       0  -6.155293600000000e+07   1.607e+10   1.000e+00
     36   68369.411      51       0  -6.155363600000000e+07   1.435e+10   1.000e+00
     37   69738.214      52       0  -6.155410800000000e+07   1.475e+10   1.000e+00
     38   72417.688      54       0  -6.155414400000000e+07   1.570e+10   4.517e-01
     39   73757.405      55       0  -6.155447600000000e+07   1.273e+10   1.000e+00
     40   75100.802      56       0  -6.155456400000000e+07   1.494e+10   1.000e+00
     41   76446.948      57       0  -6.155464400000000e+07   1.426e+10   1.000e+00
     42   77791.355      58       0  -6.155477200000000e+07   1.324e+10   1.000e+00
     43   79139.518      59       0  -6.155485600000000e+07   1.547e+10   1.000e+00
     44   80486.512      60       0  -6.155495200000000e+07   1.334e+10   1.000e+00
     45   83141.497      62       0  -6.155495600000000e+07   1.482e+10   4.472e-01
     46   84517.299      63       0  -6.155497600000000e+07   1.413e+10   1.000e+00
     47   85899.050      64       0  -6.155500800000000e+07   1.425e+10   1.000e+00
     48   88585.195      66       0  -6.155501600000000e+07   1.641e+10   4.599e-01
     49   89924.153      67       0  -6.155502000000000e+07   1.387e+10   1.000e+00
     50   91266.601      68       0  -6.155502800000000e+07   1.479e+10   1.000e+00
     51   92606.624      69       0  -6.155504000000000e+07   1.402e+10   1.000e+00
     52  114915.164      86       0  -6.155504000000000e+07   1.812e+10   2.004e-06
# Termination: function reduction test satisfied
# Iter.   Time (ms)    Eval. Reject.       Obj. Func.           Grad.       Step
# ---------------------------------------------------------------------------------
      0    1315.400       1       0  -6.084206000000000e+07   1.614e+10   0.000e+00
      1   15783.406      12       0  -6.084246800000000e+07   2.086e+10   7.834e-17
      2   17123.721      13       0  -6.084981200000000e+07   1.527e+10   1.000e+00
      3   18465.113      14       0  -6.086514800000000e+07   1.716e+10   1.000e+00
      4   21127.022      16       0  -6.086922000000000e+07   2.287e+10   4.458e-01
      5   22469.780      17       0  -6.088058000000000e+07   2.194e+10   1.000e+00
      6   23813.894      18       0  -6.090021600000000e+07   1.996e+10   1.000e+00
      7   25157.869      19       0  -6.091170000000000e+07   2.116e+10   1.000e+00
      8   26502.344      20       0  -6.092910000000000e+07   1.752e+10   1.000e+00
      9   27845.663      21       0  -6.093705600000000e+07   1.635e+10   1.000e+00
     10   29191.225      22       0  -6.094399200000000e+07   1.587e+10   1.000e+00
     11   30545.887      23       0  -6.094620400000000e+07   1.682e+10   1.000e+00
     12   31904.509      24       0  -6.095164000000000e+07   1.342e+10   1.000e+00
     13   33257.080      25       0  -6.095507200000000e+07   1.520e+10   1.000e+00
     14   34609.091      26       0  -6.095742400000000e+07   1.477e+10   1.000e+00
     15   35959.399      27       0  -6.096020800000000e+07   1.255e+10   1.000e+00
     16   41250.666      31       0  -6.096022800000000e+07   1.758e+10   8.216e-02
     17   42593.209      32       0  -6.096052800000000e+07   1.259e+10   1.000e+00
     18   43935.714      33       0  -6.096062800000000e+07   1.631e+10   1.000e+00
     19   45278.981      34       0  -6.096072800000000e+07   1.689e+10   1.000e+00
     20   46621.686      35       0  -6.096099600000000e+07   1.698e+10   1.000e+00
     21   47964.702      36       0  -6.096144400000000e+07   1.597e+10   1.000e+00
     22   49310.893      37       0  -6.096154000000000e+07   1.677e+10   1.000e+00
     23   50655.372      38       0  -6.096204800000000e+07   1.431e+10   1.000e+00
     24   51998.610      39       0  -6.096240800000000e+07   1.396e+10   1.000e+00
     25   53341.645      40       0  -6.096259600000000e+07   1.741e+10   1.000e+00
     26   54685.791      41       0  -6.096312800000000e+07   1.526e+10   1.000e+00
     27   56029.060      42       0  -6.096363200000000e+07   1.515e+10   1.000e+00
     28   57372.769      43       0  -6.096384800000000e+07   1.546e+10   1.000e+00
     29   58717.043      44       0  -6.096410400000000e+07   1.415e+10   1.000e+00
     30   60060.290      45       0  -6.096425600000000e+07   1.476e+10   1.000e+00
     31   61403.204      46       0  -6.096445600000000e+07   1.579e+10   1.000e+00
     32   62754.962      47       0  -6.096472800000000e+07   1.433e+10   1.000e+00
     33   64105.090      48       0  -6.096482000000000e+07   1.560e+10   1.000e+00
     34   65458.111      49       0  -6.096504800000000e+07   1.426e+10   1.000e+00
     35   66810.359      50       0  -6.096532000000000e+07   1.553e+10   1.000e+00
     36   68160.056      51       0  -6.096557200000000e+07   1.501e+10   1.000e+00
     37   69512.815      52       0  -6.096558000000000e+07   1.473e+10   1.000e+00
     38   70864.654      53       0  -6.096562800000000e+07   1.305e+10   1.000e+00
     39   72213.517      54       0  -6.096575200000000e+07   1.445e+10   1.000e+00
     40   73561.842      55       0  -6.096593200000000e+07   1.527e+10   1.000e+00
     41   74914.224      56       0  -6.096620800000000e+07   1.593e+10   1.000e+00
     42   76264.824      57       0  -6.096626800000000e+07   1.453e+10   1.000e+00
     43   77617.199      58       0  -6.096642400000000e+07   1.345e+10   1.000e+00
     44   78969.488      59       0  -6.096659600000000e+07   1.417e+10   1.000e+00
     45   80322.035      60       0  -6.096669200000000e+07   1.610e+10   1.000e+00
     46   81673.174      61       0  -6.096680800000000e+07   1.369e+10   1.000e+00
     47   83025.378      62       0  -6.096692800000000e+07   1.571e+10   1.000e+00
     48   84376.617      63       0  -6.096708000000000e+07   1.309e+10   1.000e+00
     49   87054.811      65       0  -6.096708400000000e+07   1.661e+10   4.744e-01
     50   88398.018      66       0  -6.096714400000000e+07   1.332e+10   1.000e+00
     51   89741.156      67       0  -6.096720000000000e+07   1.598e+10   1.000e+00
     52   91086.033      68       0  -6.096723600000000e+07   1.519e+10   1.000e+00
     53   92429.363      69       0  -6.096727200000000e+07   1.495e+10   1.000e+00
     54   93773.274      70       0  -6.096730400000000e+07   1.467e+10   1.000e+00
     55   95116.344      71       0  -6.096733200000000e+07   1.664e+10   1.000e+00
     56   96458.910      72       0  -6.096735600000000e+07   1.462e+10   1.000e+00
     57   97803.053      73       0  -6.096737600000000e+07   1.441e+10   1.000e+00
     58   99146.388      74       0  -6.096740800000000e+07   1.562e+10   1.000e+00
     59  100490.439      75       0  -6.096742000000000e+07   1.527e+10   1.000e+00
     60  101833.854      76       0  -6.096742800000000e+07   1.496e+10   1.000e+00
     61  103178.423      77       0  -6.096744800000000e+07   1.492e+10   1.000e+00
     62  104522.300      78       0  -6.096745600000000e+07   1.596e+10   1.000e+00
     63  105865.993      79       0  -6.096746800000000e+07   1.484e+10   1.000e+00
     64  107209.805      80       0  -6.096747600000000e+07   1.447e+10   1.000e+00
     65  108554.987      81       0  -6.096748400000000e+07   1.601e+10   1.000e+00
     66  109898.740      82       0  -6.096749600000000e+07   1.541e+10   1.000e+00
     67  111243.146      83       0  -6.096750400000000e+07   1.457e+10   1.000e+00
     68  113900.390      85       0  -6.096750800000000e+07   1.659e+10   5.000e-01
     69  117873.443      88       0  -6.096751200000000e+07   1.655e+10   2.500e-01
     70  119216.553      89       0  -6.096751600000000e+07   1.442e+10   1.000e+00
     71  121874.829      91       0  -6.096752000000000e+07   1.342e+10   5.000e-01
     72  145578.899     109       0  -6.096752000000000e+07   1.610e+10   1.807e-06
# Termination: function reduction test satisfied
# Iter.   Time (ms)    Eval. Reject.       Obj. Func.           Grad.       Step
# ---------------------------------------------------------------------------------
      0    1312.061       1       0  -5.498981200000000e+07   1.614e+10   0.000e+00
      1   15740.224      12       0  -5.499032800000000e+07   2.072e+10   6.332e-17
      2   17077.301      13       0  -5.499650400000000e+07   1.492e+10   1.000e+00
      3   18415.207      14       0  -5.501036400000000e+07   1.694e+10   1.000e+00
      4   21074.689      16       0  -5.501394400000000e+07   2.260e+10   4.357e-01
      5   22414.688      17       0  -5.502379200000000e+07   2.224e+10   1.000e+00
      6   23757.214      18       0  -5.504325600000000e+07   2.012e+10   1.000e+00
      7   25098.350      19       0  -5.505351200000000e+07   2.155e+10   1.000e+00
      8   26439.279      20       0  -5.507226800000000e+07   1.780e+10   1.000e+00
      9   27780.409      21       0  -5.507957200000000e+07   1.646e+10   1.000e+00
     10   29120.111      22       0  -5.508607200000000e+07   1.583e+10   1.000e+00
     11   30460.887      23       0  -5.508847200000000e+07   1.656e+10   1.000e+00
     12   31800.822      24       0  -5.509343200000000e+07   1.249e+10   1.000e+00
     13   33141.007      25       0  -5.509728000000000e+07   1.519e+10   1.000e+00
     14   34481.204      26       0  -5.509912400000000e+07   1.475e+10   1.000e+00
     15   35822.474      27       0  -5.510184000000000e+07   1.282e+10   1.000e+00
     16   38474.603      29       0  -5.510230800000000e+07   1.551e+10   4.958e-01
     17   39819.021      30       0  -5.510288800000000e+07   1.342e+10   1.000e+00
     18   41159.261      31       0  -5.510320400000000e+07   1.381e+10   1.000e+00
     19   42499.468      32       0  -5.510332000000000e+07   1.728e+10   1.000e+00
     20   43839.257      33       0  -5.510360800000000e+07   1.562e+10   1.000e+00
     21   45180.279      34       0  -5.510398800000000e+07   1.349e+10   1.000e+00
     22   46520.369      35       0  -5.510421200000000e+07   1.590e+10   1.000e+00
     23   47863.269      36       0  -5.510436800000000e+07   1.476e+10   1.000e+00
     24   49218.475      37       0  -5.510448800000000e+07   1.412e+10   1.000e+00
     25   50571.208      38       0  -5.510462800000000e+07   1.474e+10   1.000e+00
     26   51922.162      39       0  -5.510480000000000e+07   1.415e+10   1.000e+00
     27   53273.596      40       0  -5.510495600000000e+07   1.591e+10   1.000e+00
     28   54625.485      41       0  -5.510514000000000e+07   1.394e+10   1.000e+00
     29   55976.507      42       0  -5.510533200000000e+07   1.431e+10   1.000e+00
     30   57326.436      43       0  -5.510556400000000e+07   1.412e+10   1.000e+00
     31   58676.514      44       0  -5.510584800000000e+07   1.500e+10   1.000e+00
     32   60025.445      45       0  -5.510593200000000e+07   1.503e+10   1.000e+00
     33   61373.385      46       0  -5.510606400000000e+07   1.219e+10   1.000e+00
     34   62721.198      47       0  -5.510614800000000e+07   1.448e+10   1.000e+00
     35   64068.611      48       0  -5.510624000000000e+07   1.582e+10   1.000e+00
     36   65419.875      49       0  -5.510656000000000e+07   1.283e+10   1.000e+00
     37   68076.868      51       0  -5.510662000000000e+07   1.652e+10   4.446e-01
     38   69417.515      52       0  -5.510665600000000e+07   1.437e+10   1.000e+00
     39   70761.778      53       0  -5.510674000000000e+07   1.303e+10   1.000e+00
     40   72102.335      54       0  -5.510681200000000e+07   1.497e+10   1.000e+00
     41   73443.441      55       0  -5.510684000000000e+07   1.517e+10   1.000e+00
     42   74784.051      56       0  -5.510687200000000e+07   1.296e+10   1.000e+00
     43   76124.397      57       0  -5.510688000000000e+07   1.356e+10   1.000e+00
     44   77464.730      58       0  -5.510691200000000e+07   1.436e+10   1.000e+00
     45   78804.497      59       0  -5.510696800000000e+07   1.216e+10   1.000e+00
     46   80154.195      60       0  -5.510698000000000e+07   1.523e+10   1.000e+00
     47   81504.352      61       0  -5.510699600000000e+07   1.364e+10   1.000e+00
     48   82853.288      62       0  -5.510702800000000e+07   1.481e+10   1.000e+00
     49   84202.869      63       0  -5.510708000000000e+07   1.442e+10   1.000e+00
     50   85554.566      64       0  -5.510714000000000e+07   1.520e+10   1.000e+00
     51   86900.729      65       0  -5.510714800000000e+07   1.458e+10   1.000e+00
     52   88250.752      66       0  -5.510720000000000e+07   1.333e+10   1.000e+00
     53   89600.171      67       0  -5.510725200000000e+07   1.296e+10   1.000e+00
     54   90949.410      68       0  -5.510730000000000e+07   1.606e+10   1.000e+00
     55   92296.973      69       0  -5.510738000000000e+07   1.465e+10   1.000e+00
     56   94963.599      71       0  -5.510740400000000e+07   1.594e+10   4.547e-01
     57   96313.053      72       0  -5.510743200000000e+07   1.321e+10   1.000e+00
     58   97662.179      73       0  -5.510750400000000e+07   1.263e+10   1.000e+00
     59   99012.334      74       0  -5.510754800000000e+07   1.548e+10   1.000e+00
     60  104295.845      78       0  -5.510755200000000e+07   1.791e+10   1.250e-01
     61  105636.696      79       0  -5.510756800000000e+07   1.268e+10   1.000e+00
     62  108289.865      81       0  -5.510757200000000e+07   1.287e+10   4.421e-01
     63  109636.864      82       0  -5.510757600000000e+07   1.358e+10   1.000e+00
     64  110984.858      83       0  -5.510759200000000e+07   1.647e+10   1.000e+00
     65  135959.078     102       0  -5.510759200000000e+07   1.819e+10   1.170e-06
# Termination: function reduction test satisfied
