path_folder=PosixPath('/srv/storage/thoth1@storage4.grenoble.grid5000.fr/chalucas/codes/EXMILDPACO/data/real_data/DISKS_IRDIS_CHARLES/HR_4796/2015-02-03/IRDIS/data')
Not using recentered data
Not using centered data
waffle_amplitude=0.03
(2, 112, 1024, 1024)
sorting vector not found
y.shape=(2, 112, 1024, 1024)
Using all channels
path_sources='/srv/storage/thoth1@storage4.grenoble.grid5000.fr/chalucas/codes/EXMILDPACO/data/real_data/DISKS_IRDIS_CHARLES/HR_4796/2015-02-03/IRDIS/data/sources_256_northaligned.csv'
No source file found
Loading checkpoint /srv/storage/thoth1@storage4.grenoble.grid5000.fr/chalucas/codes/EXMILDPACO/checkpoints_calib_exomild/checkpoints/exomild_H2/ckpt/ckpt_40000.pt
Conserved blocks : [0, 1, 2, 3, 4, 5, 6, 7, 8, 9, 10, 11]
Conserved weights : 176 out of 176
[ExoMILD] self.use_modelco_loss=False
i=0 params={'type': 'spatial', 'name': 'p8_s1', 'repeat': 1, 'patch_size': 8, 'stride': 4, 'dilation': 1, 'temporal_length': None, 'temporal_dilation': 1, 'temporal_stride': 1, 'dim_samples': 't l', 'dim_prefeatures': 'h w', 'denoise_mean': False, 'groups': 1, 'mode_ab': 'left', 'grad_params': True, 'use_dataparallel': False, 'batch_size': None, 'low_memory_mode': False, 'symmetry': 1, 'params_pipeline': [{'type': 'linear', 'patch_wise': '${model.patch_wise}', 'size_in': 64, 'size_out': 64, 'learnable': '${model.learnable_proj}', 'is_identity': False}]}
params={'name': 'p8_s1', 'repeat': 1, 'patch_size': 8, 'stride': 4, 'dilation': 1, 'temporal_length': None, 'temporal_dilation': 1, 'temporal_stride': 1, 'dim_samples': 't l', 'dim_prefeatures': 'h w', 'denoise_mean': False, 'groups': 1, 'mode_ab': 'left', 'grad_params': True, 'use_dataparallel': False, 'batch_size': None, 'low_memory_mode': False, 'symmetry': 1, 'params_pipeline': [{'type': 'linear', 'patch_wise': '${model.patch_wise}', 'size_in': 64, 'size_out': 64, 'learnable': '${model.learnable_proj}', 'is_identity': False}]}
[SpatialTerm] self.name='p8_s1'
[SpatialTerm] self.use_dataparallel=False
[SpatialTerm] self.dilation=1
[SpatialTerm] self.denoise_mean=False
[SpatialTerm] self.stat_model='gaussian'
[SpatialTerm] self.bsp=3969
[SpatialTerm] self.symmetry=1
[LinearFeatures] self.learnable=True
[FeaturesPipeline] self.transforms=ModuleList(
  (0): LinearFeatures()
)
[Engine] self.batch_size=None
[Engine] self.low_memory_mode=False
[Engine] self.grad_params=True
[Engine] self.low_memory_mode=False
[SpatialTerm] self.device_ids=[0]
[SpatialTerm] Not using DataParallel
[SpatialPatchesHandler (8)] spatial stride: 4
[SpatialPatchesHandler (8)] spatial patch_size: 8
i=1 params={'type': 'spatial', 'name': 'p8_s2', 'repeat': 1, 'patch_size': 8, 'stride': 4, 'dilation': 1, 'temporal_length': None, 'temporal_dilation': 1, 'temporal_stride': 1, 'dim_samples': 't l', 'dim_prefeatures': 'h w', 'groups': 1, 'mode_ab': 'left', 'grad_params': True, 'use_dataparallel': False, 'batch_size': None, 'low_memory_mode': False, 'symmetry': 2, 'params_pipeline': [{'type': 'linear', 'patch_wise': '${model.patch_wise}', 'size_in': 128, 'size_out': 64, 'learnable': '${model.learnable_proj}', 'is_identity': False}]}
params={'name': 'p8_s2', 'repeat': 1, 'patch_size': 8, 'stride': 4, 'dilation': 1, 'temporal_length': None, 'temporal_dilation': 1, 'temporal_stride': 1, 'dim_samples': 't l', 'dim_prefeatures': 'h w', 'groups': 1, 'mode_ab': 'left', 'grad_params': True, 'use_dataparallel': False, 'batch_size': None, 'low_memory_mode': False, 'symmetry': 2, 'params_pipeline': [{'type': 'linear', 'patch_wise': '${model.patch_wise}', 'size_in': 128, 'size_out': 64, 'learnable': '${model.learnable_proj}', 'is_identity': False}]}
[SpatialTerm] self.name='p8_s2'
[SpatialTerm] self.use_dataparallel=False
[SpatialTerm] self.dilation=1
[SpatialTerm] self.denoise_mean=False
[SpatialTerm] self.stat_model='gaussian'
[SpatialTerm] self.bsp=3969
[SpatialTerm] self.symmetry=2
[LinearFeatures] self.learnable=True
[FeaturesPipeline] self.transforms=ModuleList(
  (0): LinearFeatures()
)
[Engine] self.batch_size=None
[Engine] self.low_memory_mode=False
[Engine] self.grad_params=True
[Engine] self.low_memory_mode=False
[SpatialTerm] self.device_ids=[0]
[SpatialTerm] Not using DataParallel
[SpatialPatchesHandler (8)] spatial stride: 4
[SpatialPatchesHandler (8)] spatial patch_size: 8
i=2 params={'type': 'spatial', 'name': 'p8_s4', 'repeat': 1, 'patch_size': 8, 'stride': 4, 'dilation': 1, 'temporal_length': None, 'temporal_dilation': 1, 'temporal_stride': 1, 'dim_samples': 't l', 'dim_prefeatures': 'h w', 'groups': 1, 'mode_ab': 'left', 'grad_params': True, 'use_dataparallel': False, 'batch_size': None, 'low_memory_mode': False, 'symmetry': 4, 'params_pipeline': [{'type': 'linear', 'patch_wise': '${model.patch_wise}', 'size_in': 256, 'size_out': 64, 'learnable': '${model.learnable_proj}', 'is_identity': False}]}
params={'name': 'p8_s4', 'repeat': 1, 'patch_size': 8, 'stride': 4, 'dilation': 1, 'temporal_length': None, 'temporal_dilation': 1, 'temporal_stride': 1, 'dim_samples': 't l', 'dim_prefeatures': 'h w', 'groups': 1, 'mode_ab': 'left', 'grad_params': True, 'use_dataparallel': False, 'batch_size': None, 'low_memory_mode': False, 'symmetry': 4, 'params_pipeline': [{'type': 'linear', 'patch_wise': '${model.patch_wise}', 'size_in': 256, 'size_out': 64, 'learnable': '${model.learnable_proj}', 'is_identity': False}]}
[SpatialTerm] self.name='p8_s4'
[SpatialTerm] self.use_dataparallel=False
[SpatialTerm] self.dilation=1
[SpatialTerm] self.denoise_mean=False
[SpatialTerm] self.stat_model='gaussian'
[SpatialTerm] self.bsp=3969
[SpatialTerm] self.symmetry=4
[LinearFeatures] self.learnable=True
[FeaturesPipeline] self.transforms=ModuleList(
  (0): LinearFeatures()
)
[Engine] self.batch_size=None
[Engine] self.low_memory_mode=False
[Engine] self.grad_params=True
[Engine] self.low_memory_mode=False
[SpatialTerm] self.device_ids=[0]
[SpatialTerm] Not using DataParallel
[SpatialPatchesHandler (8)] spatial stride: 4
[SpatialPatchesHandler (8)] spatial patch_size: 8
i=3 params={'type': 'spatial', 'name': 'p16_s1', 'repeat': 1, 'patch_size': 16, 'stride': 8, 'dilation': 1, 'temporal_length': None, 'temporal_dilation': 1, 'temporal_stride': 1, 'dim_samples': 't l', 'dim_prefeatures': 'h w', 'groups': 1, 'mode_ab': 'left', 'grad_params': True, 'use_dataparallel': False, 'batch_size': None, 'low_memory_mode': False, 'symmetry': 1, 'params_pipeline': [{'type': 'linear', 'patch_wise': '${model.patch_wise}', 'size_in': 256, 'size_out': 64, 'learnable': '${model.learnable_proj}', 'is_identity': False}]}
params={'name': 'p16_s1', 'repeat': 1, 'patch_size': 16, 'stride': 8, 'dilation': 1, 'temporal_length': None, 'temporal_dilation': 1, 'temporal_stride': 1, 'dim_samples': 't l', 'dim_prefeatures': 'h w', 'groups': 1, 'mode_ab': 'left', 'grad_params': True, 'use_dataparallel': False, 'batch_size': None, 'low_memory_mode': False, 'symmetry': 1, 'params_pipeline': [{'type': 'linear', 'patch_wise': '${model.patch_wise}', 'size_in': 256, 'size_out': 64, 'learnable': '${model.learnable_proj}', 'is_identity': False}]}
[SpatialTerm] self.name='p16_s1'
[SpatialTerm] self.use_dataparallel=False
[SpatialTerm] self.dilation=1
[SpatialTerm] self.denoise_mean=False
[SpatialTerm] self.stat_model='gaussian'
[SpatialTerm] self.bsp=961
[SpatialTerm] self.symmetry=1
[LinearFeatures] self.learnable=True
[FeaturesPipeline] self.transforms=ModuleList(
  (0): LinearFeatures()
)
[Engine] self.batch_size=None
[Engine] self.low_memory_mode=False
[Engine] self.grad_params=True
[Engine] self.low_memory_mode=False
[SpatialTerm] self.device_ids=[0]
[SpatialTerm] Not using DataParallel
[SpatialPatchesHandler (16)] spatial stride: 8
[SpatialPatchesHandler (16)] spatial patch_size: 16
i=4 params={'type': 'spatial', 'name': 'p16_s2', 'repeat': 1, 'patch_size': 16, 'stride': 8, 'dilation': 1, 'temporal_length': None, 'temporal_dilation': 1, 'temporal_stride': 1, 'dim_samples': 't l', 'dim_prefeatures': 'h w', 'groups': 1, 'mode_ab': 'left', 'grad_params': True, 'use_dataparallel': False, 'batch_size': None, 'low_memory_mode': False, 'symmetry': 2, 'params_pipeline': [{'type': 'linear', 'patch_wise': '${model.patch_wise}', 'size_in': 512, 'size_out': 64, 'learnable': '${model.learnable_proj}', 'is_identity': False}]}
params={'name': 'p16_s2', 'repeat': 1, 'patch_size': 16, 'stride': 8, 'dilation': 1, 'temporal_length': None, 'temporal_dilation': 1, 'temporal_stride': 1, 'dim_samples': 't l', 'dim_prefeatures': 'h w', 'groups': 1, 'mode_ab': 'left', 'grad_params': True, 'use_dataparallel': False, 'batch_size': None, 'low_memory_mode': False, 'symmetry': 2, 'params_pipeline': [{'type': 'linear', 'patch_wise': '${model.patch_wise}', 'size_in': 512, 'size_out': 64, 'learnable': '${model.learnable_proj}', 'is_identity': False}]}
[SpatialTerm] self.name='p16_s2'
[SpatialTerm] self.use_dataparallel=False
[SpatialTerm] self.dilation=1
[SpatialTerm] self.denoise_mean=False
[SpatialTerm] self.stat_model='gaussian'
[SpatialTerm] self.bsp=961
[SpatialTerm] self.symmetry=2
[LinearFeatures] self.learnable=True
[FeaturesPipeline] self.transforms=ModuleList(
  (0): LinearFeatures()
)
[Engine] self.batch_size=None
[Engine] self.low_memory_mode=False
[Engine] self.grad_params=True
[Engine] self.low_memory_mode=False
[SpatialTerm] self.device_ids=[0]
[SpatialTerm] Not using DataParallel
[SpatialPatchesHandler (16)] spatial stride: 8
[SpatialPatchesHandler (16)] spatial patch_size: 16
i=5 params={'type': 'spatial', 'name': 'p16_s4', 'repeat': 1, 'patch_size': 16, 'stride': 8, 'dilation': 1, 'temporal_length': None, 'temporal_dilation': 1, 'temporal_stride': 1, 'dim_samples': 't l', 'dim_prefeatures': 'h w', 'groups': 1, 'mode_ab': 'left', 'grad_params': True, 'use_dataparallel': False, 'batch_size': None, 'low_memory_mode': False, 'symmetry': 4, 'params_pipeline': [{'type': 'linear', 'patch_wise': '${model.patch_wise}', 'size_in': 1024, 'size_out': 64, 'learnable': '${model.learnable_proj}', 'is_identity': False}]}
params={'name': 'p16_s4', 'repeat': 1, 'patch_size': 16, 'stride': 8, 'dilation': 1, 'temporal_length': None, 'temporal_dilation': 1, 'temporal_stride': 1, 'dim_samples': 't l', 'dim_prefeatures': 'h w', 'groups': 1, 'mode_ab': 'left', 'grad_params': True, 'use_dataparallel': False, 'batch_size': None, 'low_memory_mode': False, 'symmetry': 4, 'params_pipeline': [{'type': 'linear', 'patch_wise': '${model.patch_wise}', 'size_in': 1024, 'size_out': 64, 'learnable': '${model.learnable_proj}', 'is_identity': False}]}
[SpatialTerm] self.name='p16_s4'
[SpatialTerm] self.use_dataparallel=False
[SpatialTerm] self.dilation=1
[SpatialTerm] self.denoise_mean=False
[SpatialTerm] self.stat_model='gaussian'
[SpatialTerm] self.bsp=961
[SpatialTerm] self.symmetry=4
[LinearFeatures] self.learnable=True
[FeaturesPipeline] self.transforms=ModuleList(
  (0): LinearFeatures()
)
[Engine] self.batch_size=None
[Engine] self.low_memory_mode=False
[Engine] self.grad_params=True
[Engine] self.low_memory_mode=False
[SpatialTerm] self.device_ids=[0]
[SpatialTerm] Not using DataParallel
[SpatialPatchesHandler (16)] spatial stride: 8
[SpatialPatchesHandler (16)] spatial patch_size: 16
i=6 params={'type': 'spatial', 'name': 'p32_s1', 'repeat': 1, 'patch_size': 32, 'stride': 16, 'dilation': 1, 'temporal_length': None, 'temporal_dilation': 1, 'temporal_stride': 1, 'dim_samples': 't l', 'dim_prefeatures': 'h w', 'groups': 1, 'mode_ab': 'left', 'grad_params': True, 'use_dataparallel': False, 'batch_size': None, 'low_memory_mode': False, 'symmetry': 1, 'params_pipeline': [{'type': 'linear', 'patch_wise': '${model.patch_wise}', 'size_in': 1024, 'size_out': 64, 'learnable': '${model.learnable_proj}', 'is_identity': False}]}
params={'name': 'p32_s1', 'repeat': 1, 'patch_size': 32, 'stride': 16, 'dilation': 1, 'temporal_length': None, 'temporal_dilation': 1, 'temporal_stride': 1, 'dim_samples': 't l', 'dim_prefeatures': 'h w', 'groups': 1, 'mode_ab': 'left', 'grad_params': True, 'use_dataparallel': False, 'batch_size': None, 'low_memory_mode': False, 'symmetry': 1, 'params_pipeline': [{'type': 'linear', 'patch_wise': '${model.patch_wise}', 'size_in': 1024, 'size_out': 64, 'learnable': '${model.learnable_proj}', 'is_identity': False}]}
[SpatialTerm] self.name='p32_s1'
[SpatialTerm] self.use_dataparallel=False
[SpatialTerm] self.dilation=1
[SpatialTerm] self.denoise_mean=False
[SpatialTerm] self.stat_model='gaussian'
[SpatialTerm] self.bsp=225
[SpatialTerm] self.symmetry=1
[LinearFeatures] self.learnable=True
[FeaturesPipeline] self.transforms=ModuleList(
  (0): LinearFeatures()
)
[Engine] self.batch_size=None
[Engine] self.low_memory_mode=False
[Engine] self.grad_params=True
[Engine] self.low_memory_mode=False
[SpatialTerm] self.device_ids=[0]
[SpatialTerm] Not using DataParallel
[SpatialPatchesHandler (32)] spatial stride: 16
[SpatialPatchesHandler (32)] spatial patch_size: 32
i=7 params={'type': 'spatial', 'name': 'p32_s2', 'repeat': 1, 'patch_size': 32, 'stride': 16, 'dilation': 1, 'temporal_length': None, 'temporal_dilation': 1, 'temporal_stride': 1, 'dim_samples': 't l', 'dim_prefeatures': 'h w', 'groups': 1, 'mode_ab': 'left', 'grad_params': True, 'use_dataparallel': False, 'batch_size': None, 'low_memory_mode': False, 'symmetry': 2, 'params_pipeline': [{'type': 'linear', 'patch_wise': '${model.patch_wise}', 'size_in': 2048, 'size_out': 64, 'learnable': '${model.learnable_proj}', 'is_identity': False}]}
params={'name': 'p32_s2', 'repeat': 1, 'patch_size': 32, 'stride': 16, 'dilation': 1, 'temporal_length': None, 'temporal_dilation': 1, 'temporal_stride': 1, 'dim_samples': 't l', 'dim_prefeatures': 'h w', 'groups': 1, 'mode_ab': 'left', 'grad_params': True, 'use_dataparallel': False, 'batch_size': None, 'low_memory_mode': False, 'symmetry': 2, 'params_pipeline': [{'type': 'linear', 'patch_wise': '${model.patch_wise}', 'size_in': 2048, 'size_out': 64, 'learnable': '${model.learnable_proj}', 'is_identity': False}]}
[SpatialTerm] self.name='p32_s2'
[SpatialTerm] self.use_dataparallel=False
[SpatialTerm] self.dilation=1
[SpatialTerm] self.denoise_mean=False
[SpatialTerm] self.stat_model='gaussian'
[SpatialTerm] self.bsp=225
[SpatialTerm] self.symmetry=2
[LinearFeatures] self.learnable=True
[FeaturesPipeline] self.transforms=ModuleList(
  (0): LinearFeatures()
)
[Engine] self.batch_size=None
[Engine] self.low_memory_mode=False
[Engine] self.grad_params=True
[Engine] self.low_memory_mode=False
[SpatialTerm] self.device_ids=[0]
[SpatialTerm] Not using DataParallel
[SpatialPatchesHandler (32)] spatial stride: 16
[SpatialPatchesHandler (32)] spatial patch_size: 32
i=8 params={'type': 'spatial', 'name': 'p32_s4', 'repeat': 1, 'patch_size': 32, 'stride': 16, 'dilation': 1, 'temporal_length': None, 'temporal_dilation': 1, 'temporal_stride': 1, 'dim_samples': 't l', 'dim_prefeatures': 'h w', 'groups': 1, 'mode_ab': 'left', 'grad_params': True, 'use_dataparallel': False, 'batch_size': None, 'low_memory_mode': False, 'symmetry': 4, 'params_pipeline': [{'type': 'linear', 'patch_wise': '${model.patch_wise}', 'size_in': 4096, 'size_out': 64, 'learnable': '${model.learnable_proj}', 'is_identity': False}]}
params={'name': 'p32_s4', 'repeat': 1, 'patch_size': 32, 'stride': 16, 'dilation': 1, 'temporal_length': None, 'temporal_dilation': 1, 'temporal_stride': 1, 'dim_samples': 't l', 'dim_prefeatures': 'h w', 'groups': 1, 'mode_ab': 'left', 'grad_params': True, 'use_dataparallel': False, 'batch_size': None, 'low_memory_mode': False, 'symmetry': 4, 'params_pipeline': [{'type': 'linear', 'patch_wise': '${model.patch_wise}', 'size_in': 4096, 'size_out': 64, 'learnable': '${model.learnable_proj}', 'is_identity': False}]}
[SpatialTerm] self.name='p32_s4'
[SpatialTerm] self.use_dataparallel=False
[SpatialTerm] self.dilation=1
[SpatialTerm] self.denoise_mean=False
[SpatialTerm] self.stat_model='gaussian'
[SpatialTerm] self.bsp=225
[SpatialTerm] self.symmetry=4
[LinearFeatures] self.learnable=True
[FeaturesPipeline] self.transforms=ModuleList(
  (0): LinearFeatures()
)
[Engine] self.batch_size=None
[Engine] self.low_memory_mode=False
[Engine] self.grad_params=True
[Engine] self.low_memory_mode=False
[SpatialTerm] self.device_ids=[0]
[SpatialTerm] Not using DataParallel
[SpatialPatchesHandler (32)] spatial stride: 16
[SpatialPatchesHandler (32)] spatial patch_size: 32
i=9 params={'type': 'spatial', 'name': 'p64_s1', 'repeat': 1, 'patch_size': 64, 'stride': 32, 'dilation': 1, 'temporal_length': None, 'temporal_dilation': 1, 'temporal_stride': 1, 'dim_samples': 't l', 'dim_prefeatures': 'h w', 'groups': 1, 'mode_ab': 'left', 'grad_params': True, 'use_dataparallel': False, 'batch_size': None, 'low_memory_mode': False, 'symmetry': 1, 'params_pipeline': [{'type': 'linear', 'patch_wise': '${model.patch_wise}', 'size_in': 4096, 'size_out': 64, 'learnable': '${model.learnable_proj}', 'is_identity': False}]}
params={'name': 'p64_s1', 'repeat': 1, 'patch_size': 64, 'stride': 32, 'dilation': 1, 'temporal_length': None, 'temporal_dilation': 1, 'temporal_stride': 1, 'dim_samples': 't l', 'dim_prefeatures': 'h w', 'groups': 1, 'mode_ab': 'left', 'grad_params': True, 'use_dataparallel': False, 'batch_size': None, 'low_memory_mode': False, 'symmetry': 1, 'params_pipeline': [{'type': 'linear', 'patch_wise': '${model.patch_wise}', 'size_in': 4096, 'size_out': 64, 'learnable': '${model.learnable_proj}', 'is_identity': False}]}
[SpatialTerm] self.name='p64_s1'
[SpatialTerm] self.use_dataparallel=False
[SpatialTerm] self.dilation=1
[SpatialTerm] self.denoise_mean=False
[SpatialTerm] self.stat_model='gaussian'
[SpatialTerm] self.bsp=49
[SpatialTerm] self.symmetry=1
[LinearFeatures] self.learnable=True
[FeaturesPipeline] self.transforms=ModuleList(
  (0): LinearFeatures()
)
[Engine] self.batch_size=None
[Engine] self.low_memory_mode=False
[Engine] self.grad_params=True
[Engine] self.low_memory_mode=False
[SpatialTerm] self.device_ids=[0]
[SpatialTerm] Not using DataParallel
[SpatialPatchesHandler (64)] spatial stride: 32
[SpatialPatchesHandler (64)] spatial patch_size: 64
i=10 params={'type': 'spatial', 'name': 'p64_s2', 'repeat': 1, 'patch_size': 64, 'stride': 32, 'dilation': 1, 'temporal_length': None, 'temporal_dilation': 1, 'temporal_stride': 1, 'dim_samples': 't l', 'dim_prefeatures': 'h w', 'groups': 1, 'mode_ab': 'left', 'grad_params': True, 'use_dataparallel': False, 'batch_size': None, 'low_memory_mode': False, 'symmetry': 2, 'params_pipeline': [{'type': 'linear', 'patch_wise': '${model.patch_wise}', 'size_in': 8192, 'size_out': 64, 'learnable': '${model.learnable_proj}', 'is_identity': False}]}
params={'name': 'p64_s2', 'repeat': 1, 'patch_size': 64, 'stride': 32, 'dilation': 1, 'temporal_length': None, 'temporal_dilation': 1, 'temporal_stride': 1, 'dim_samples': 't l', 'dim_prefeatures': 'h w', 'groups': 1, 'mode_ab': 'left', 'grad_params': True, 'use_dataparallel': False, 'batch_size': None, 'low_memory_mode': False, 'symmetry': 2, 'params_pipeline': [{'type': 'linear', 'patch_wise': '${model.patch_wise}', 'size_in': 8192, 'size_out': 64, 'learnable': '${model.learnable_proj}', 'is_identity': False}]}
[SpatialTerm] self.name='p64_s2'
[SpatialTerm] self.use_dataparallel=False
[SpatialTerm] self.dilation=1
[SpatialTerm] self.denoise_mean=False
[SpatialTerm] self.stat_model='gaussian'
[SpatialTerm] self.bsp=49
[SpatialTerm] self.symmetry=2
[LinearFeatures] self.learnable=True
[FeaturesPipeline] self.transforms=ModuleList(
  (0): LinearFeatures()
)
[Engine] self.batch_size=None
[Engine] self.low_memory_mode=False
[Engine] self.grad_params=True
[Engine] self.low_memory_mode=False
[SpatialTerm] self.device_ids=[0]
[SpatialTerm] Not using DataParallel
[SpatialPatchesHandler (64)] spatial stride: 32
[SpatialPatchesHandler (64)] spatial patch_size: 64
i=11 params={'type': 'spatial', 'name': 'p64_s2', 'repeat': 1, 'patch_size': 64, 'stride': 32, 'dilation': 1, 'temporal_length': None, 'temporal_dilation': 1, 'temporal_stride': 1, 'dim_samples': 't l', 'dim_prefeatures': 'h w', 'groups': 1, 'mode_ab': 'left', 'grad_params': True, 'use_dataparallel': False, 'batch_size': None, 'low_memory_mode': False, 'symmetry': 4, 'params_pipeline': [{'type': 'linear', 'patch_wise': '${model.patch_wise}', 'size_in': 16384, 'size_out': 64, 'learnable': '${model.learnable_proj}', 'is_identity': False}]}
params={'name': 'p64_s2', 'repeat': 1, 'patch_size': 64, 'stride': 32, 'dilation': 1, 'temporal_length': None, 'temporal_dilation': 1, 'temporal_stride': 1, 'dim_samples': 't l', 'dim_prefeatures': 'h w', 'groups': 1, 'mode_ab': 'left', 'grad_params': True, 'use_dataparallel': False, 'batch_size': None, 'low_memory_mode': False, 'symmetry': 4, 'params_pipeline': [{'type': 'linear', 'patch_wise': '${model.patch_wise}', 'size_in': 16384, 'size_out': 64, 'learnable': '${model.learnable_proj}', 'is_identity': False}]}
[SpatialTerm] self.name='p64_s2'
[SpatialTerm] self.use_dataparallel=False
[SpatialTerm] self.dilation=1
[SpatialTerm] self.denoise_mean=False
[SpatialTerm] self.stat_model='gaussian'
[SpatialTerm] self.bsp=49
[SpatialTerm] self.symmetry=4
[LinearFeatures] self.learnable=True
[FeaturesPipeline] self.transforms=ModuleList(
  (0): LinearFeatures()
)
[Engine] self.batch_size=None
[Engine] self.low_memory_mode=False
[Engine] self.grad_params=True
[Engine] self.low_memory_mode=False
[SpatialTerm] self.device_ids=[0]
[SpatialTerm] Not using DataParallel
[SpatialPatchesHandler (64)] spatial stride: 32
[SpatialPatchesHandler (64)] spatial patch_size: 64
[ExoMILD] self.G_tot=12
all_terms=[SpatialTerm(
  (engine): EngineSpatial(
    (features_pipeline): FeaturesPipeline(
      (transforms): ModuleList(
        (0): LinearFeatures()
      )
    )
    (psf_sampler_shift): BatchPSFSampler()
    (psf_sampler_center): BatchPSFSampler()
  )
  (patch_formatter): PatchFormatter()
  (wavelength_aligner): WavelengthAligner()
), SpatialTerm(
  (engine): EngineSpatial(
    (features_pipeline): FeaturesPipeline(
      (transforms): ModuleList(
        (0): LinearFeatures()
      )
    )
    (psf_sampler_shift): BatchPSFSampler()
    (psf_sampler_center): BatchPSFSampler()
  )
  (patch_formatter): PatchFormatter()
  (wavelength_aligner): WavelengthAligner()
), SpatialTerm(
  (engine): EngineSpatial(
    (features_pipeline): FeaturesPipeline(
      (transforms): ModuleList(
        (0): LinearFeatures()
      )
    )
    (psf_sampler_shift): BatchPSFSampler()
    (psf_sampler_center): BatchPSFSampler()
  )
  (patch_formatter): PatchFormatter()
  (wavelength_aligner): WavelengthAligner()
), SpatialTerm(
  (engine): EngineSpatial(
    (features_pipeline): FeaturesPipeline(
      (transforms): ModuleList(
        (0): LinearFeatures()
      )
    )
    (psf_sampler_shift): BatchPSFSampler()
    (psf_sampler_center): BatchPSFSampler()
  )
  (patch_formatter): PatchFormatter()
  (wavelength_aligner): WavelengthAligner()
), SpatialTerm(
  (engine): EngineSpatial(
    (features_pipeline): FeaturesPipeline(
      (transforms): ModuleList(
        (0): LinearFeatures()
      )
    )
    (psf_sampler_shift): BatchPSFSampler()
    (psf_sampler_center): BatchPSFSampler()
  )
  (patch_formatter): PatchFormatter()
  (wavelength_aligner): WavelengthAligner()
), SpatialTerm(
  (engine): EngineSpatial(
    (features_pipeline): FeaturesPipeline(
      (transforms): ModuleList(
        (0): LinearFeatures()
      )
    )
    (psf_sampler_shift): BatchPSFSampler()
    (psf_sampler_center): BatchPSFSampler()
  )
  (patch_formatter): PatchFormatter()
  (wavelength_aligner): WavelengthAligner()
), SpatialTerm(
  (engine): EngineSpatial(
    (features_pipeline): FeaturesPipeline(
      (transforms): ModuleList(
        (0): LinearFeatures()
      )
    )
    (psf_sampler_shift): BatchPSFSampler()
    (psf_sampler_center): BatchPSFSampler()
  )
  (patch_formatter): PatchFormatter()
  (wavelength_aligner): WavelengthAligner()
), SpatialTerm(
  (engine): EngineSpatial(
    (features_pipeline): FeaturesPipeline(
      (transforms): ModuleList(
        (0): LinearFeatures()
      )
    )
    (psf_sampler_shift): BatchPSFSampler()
    (psf_sampler_center): BatchPSFSampler()
  )
  (patch_formatter): PatchFormatter()
  (wavelength_aligner): WavelengthAligner()
), SpatialTerm(
  (engine): EngineSpatial(
    (features_pipeline): FeaturesPipeline(
      (transforms): ModuleList(
        (0): LinearFeatures()
      )
    )
    (psf_sampler_shift): BatchPSFSampler()
    (psf_sampler_center): BatchPSFSampler()
  )
  (patch_formatter): PatchFormatter()
  (wavelength_aligner): WavelengthAligner()
), SpatialTerm(
  (engine): EngineSpatial(
    (features_pipeline): FeaturesPipeline(
      (transforms): ModuleList(
        (0): LinearFeatures()
      )
    )
    (psf_sampler_shift): BatchPSFSampler()
    (psf_sampler_center): BatchPSFSampler()
  )
  (patch_formatter): PatchFormatter()
  (wavelength_aligner): WavelengthAligner()
), SpatialTerm(
  (engine): EngineSpatial(
    (features_pipeline): FeaturesPipeline(
      (transforms): ModuleList(
        (0): LinearFeatures()
      )
    )
    (psf_sampler_shift): BatchPSFSampler()
    (psf_sampler_center): BatchPSFSampler()
  )
  (patch_formatter): PatchFormatter()
  (wavelength_aligner): WavelengthAligner()
), SpatialTerm(
  (engine): EngineSpatial(
    (features_pipeline): FeaturesPipeline(
      (transforms): ModuleList(
        (0): LinearFeatures()
      )
    )
    (psf_sampler_shift): BatchPSFSampler()
    (psf_sampler_center): BatchPSFSampler()
  )
  (patch_formatter): PatchFormatter()
  (wavelength_aligner): WavelengthAligner()
)]
[ExoMILD] self.learnable_weights=True
[ExoMILD] self.pixel_wise_weights=True
[ExoMILD] self.use_local_max=False
[ExoMILD] self.n_sources_max=16
[ExoMILD] self.iterative=False
[ExoMILD] self.oracle=False
[Filter] self.is_residual=False
[Filter] self.gate_type='unet_normal'
[U-Net] self.skip_norm=False
[UNet] False
[ExoMILD] linalg_library='cusolver'
[ExoMILD] self.grad_iterative=True
[ExoMILD] self.grad_astrometry=False
N params model: 3.783 M
ExoMILD(
  (all_terms): ModuleList(
    (0-11): 12 x SpatialTerm(
      (engine): EngineSpatial(
        (features_pipeline): FeaturesPipeline(
          (transforms): ModuleList(
            (0): LinearFeatures()
          )
        )
        (psf_sampler_shift): BatchPSFSampler()
        (psf_sampler_center): BatchPSFSampler()
      )
      (patch_formatter): PatchFormatter()
      (wavelength_aligner): WavelengthAligner()
    )
  )
  (filter): Filter(
    (psf_sampler_center): BatchPSFSampler()
    (unet): UNet(
      (image_proj): Conv2d(2, 16, kernel_size=(3, 3), stride=(1, 1), padding=(1, 1))
      (time_emb): TimeEmbedding(
        (lin1): Linear(in_features=16, out_features=64, bias=True)
        (act): Swish()
        (lin2): Linear(in_features=64, out_features=64, bias=True)
      )
      (down): ModuleList(
        (0): DownBlock(
          (res): ResidualBlock(
            (norm1): GroupNorm(16, 16, eps=1e-05, affine=True)
            (norm2): GroupNorm(16, 16, eps=1e-05, affine=True)
            (act1): Swish()
            (conv1): Conv2d(16, 16, kernel_size=(3, 3), stride=(1, 1), padding=(1, 1))
            (act2): Swish()
            (conv2): Conv2d(16, 16, kernel_size=(3, 3), stride=(1, 1), padding=(1, 1))
            (shortcut): Identity()
            (time_emb): Linear(in_features=64, out_features=16, bias=True)
            (time_act): Swish()
            (dropout): Dropout(p=0.1, inplace=False)
          )
          (attn): Identity()
        )
        (1): Downsample(
          (conv): Conv2d(16, 16, kernel_size=(3, 3), stride=(2, 2), padding=(1, 1))
        )
        (2): DownBlock(
          (res): ResidualBlock(
            (norm1): GroupNorm(16, 16, eps=1e-05, affine=True)
            (norm2): GroupNorm(16, 32, eps=1e-05, affine=True)
            (act1): Swish()
            (conv1): Conv2d(16, 32, kernel_size=(3, 3), stride=(1, 1), padding=(1, 1))
            (act2): Swish()
            (conv2): Conv2d(32, 32, kernel_size=(3, 3), stride=(1, 1), padding=(1, 1))
            (shortcut): Conv2d(16, 32, kernel_size=(1, 1), stride=(1, 1))
            (time_emb): Linear(in_features=64, out_features=32, bias=True)
            (time_act): Swish()
            (dropout): Dropout(p=0.1, inplace=False)
          )
          (attn): Identity()
        )
        (3): Downsample(
          (conv): Conv2d(32, 32, kernel_size=(3, 3), stride=(2, 2), padding=(1, 1))
        )
        (4): DownBlock(
          (res): ResidualBlock(
            (norm1): GroupNorm(16, 32, eps=1e-05, affine=True)
            (norm2): GroupNorm(16, 64, eps=1e-05, affine=True)
            (act1): Swish()
            (conv1): Conv2d(32, 64, kernel_size=(3, 3), stride=(1, 1), padding=(1, 1))
            (act2): Swish()
            (conv2): Conv2d(64, 64, kernel_size=(3, 3), stride=(1, 1), padding=(1, 1))
            (shortcut): Conv2d(32, 64, kernel_size=(1, 1), stride=(1, 1))
            (time_emb): Linear(in_features=64, out_features=64, bias=True)
            (time_act): Swish()
            (dropout): Dropout(p=0.1, inplace=False)
          )
          (attn): AttentionBlock(
            (norm): GroupNorm(16, 64, eps=1e-05, affine=True)
            (projection): Linear(in_features=64, out_features=192, bias=True)
            (output): Linear(in_features=64, out_features=64, bias=True)
          )
        )
      )
      (middle): MiddleBlock(
        (res1): ResidualBlock(
          (norm1): GroupNorm(16, 64, eps=1e-05, affine=True)
          (norm2): GroupNorm(16, 64, eps=1e-05, affine=True)
          (act1): Swish()
          (conv1): Conv2d(64, 64, kernel_size=(3, 3), stride=(1, 1), padding=(1, 1))
          (act2): Swish()
          (conv2): Conv2d(64, 64, kernel_size=(3, 3), stride=(1, 1), padding=(1, 1))
          (shortcut): Identity()
          (time_emb): Linear(in_features=64, out_features=64, bias=True)
          (time_act): Swish()
          (dropout): Dropout(p=0.1, inplace=False)
        )
        (attn): AttentionBlock(
          (norm): GroupNorm(16, 64, eps=1e-05, affine=True)
          (projection): Linear(in_features=64, out_features=192, bias=True)
          (output): Linear(in_features=64, out_features=64, bias=True)
        )
        (res2): ResidualBlock(
          (norm1): GroupNorm(16, 64, eps=1e-05, affine=True)
          (norm2): GroupNorm(16, 64, eps=1e-05, affine=True)
          (act1): Swish()
          (conv1): Conv2d(64, 64, kernel_size=(3, 3), stride=(1, 1), padding=(1, 1))
          (act2): Swish()
          (conv2): Conv2d(64, 64, kernel_size=(3, 3), stride=(1, 1), padding=(1, 1))
          (shortcut): Identity()
          (time_emb): Linear(in_features=64, out_features=64, bias=True)
          (time_act): Swish()
          (dropout): Dropout(p=0.1, inplace=False)
        )
      )
      (up): ModuleList(
        (0): UpBlock(
          (res): ResidualBlock(
            (norm1): GroupNorm(16, 128, eps=1e-05, affine=True)
            (norm2): GroupNorm(16, 64, eps=1e-05, affine=True)
            (act1): Swish()
            (conv1): Conv2d(128, 64, kernel_size=(3, 3), stride=(1, 1), padding=(1, 1))
            (act2): Swish()
            (conv2): Conv2d(64, 64, kernel_size=(3, 3), stride=(1, 1), padding=(1, 1))
            (shortcut): Conv2d(128, 64, kernel_size=(1, 1), stride=(1, 1))
            (time_emb): Linear(in_features=64, out_features=64, bias=True)
            (time_act): Swish()
            (dropout): Dropout(p=0.1, inplace=False)
          )
          (attn): AttentionBlock(
            (norm): GroupNorm(16, 64, eps=1e-05, affine=True)
            (projection): Linear(in_features=64, out_features=192, bias=True)
            (output): Linear(in_features=64, out_features=64, bias=True)
          )
        )
        (1): UpBlock(
          (res): ResidualBlock(
            (norm1): GroupNorm(16, 96, eps=1e-05, affine=True)
            (norm2): GroupNorm(16, 32, eps=1e-05, affine=True)
            (act1): Swish()
            (conv1): Conv2d(96, 32, kernel_size=(3, 3), stride=(1, 1), padding=(1, 1))
            (act2): Swish()
            (conv2): Conv2d(32, 32, kernel_size=(3, 3), stride=(1, 1), padding=(1, 1))
            (shortcut): Conv2d(96, 32, kernel_size=(1, 1), stride=(1, 1))
            (time_emb): Linear(in_features=64, out_features=32, bias=True)
            (time_act): Swish()
            (dropout): Dropout(p=0.1, inplace=False)
          )
          (attn): AttentionBlock(
            (norm): GroupNorm(16, 32, eps=1e-05, affine=True)
            (projection): Linear(in_features=32, out_features=96, bias=True)
            (output): Linear(in_features=32, out_features=32, bias=True)
          )
        )
        (2): Upsample(
          (conv): ConvTranspose2d(32, 32, kernel_size=(4, 4), stride=(2, 2), padding=(1, 1))
        )
        (3): UpBlock(
          (res): ResidualBlock(
            (norm1): GroupNorm(16, 64, eps=1e-05, affine=True)
            (norm2): GroupNorm(16, 32, eps=1e-05, affine=True)
            (act1): Swish()
            (conv1): Conv2d(64, 32, kernel_size=(3, 3), stride=(1, 1), padding=(1, 1))
            (act2): Swish()
            (conv2): Conv2d(32, 32, kernel_size=(3, 3), stride=(1, 1), padding=(1, 1))
            (shortcut): Conv2d(64, 32, kernel_size=(1, 1), stride=(1, 1))
            (time_emb): Linear(in_features=64, out_features=32, bias=True)
            (time_act): Swish()
            (dropout): Dropout(p=0.1, inplace=False)
          )
          (attn): Identity()
        )
        (4): UpBlock(
          (res): ResidualBlock(
            (norm1): GroupNorm(16, 48, eps=1e-05, affine=True)
            (norm2): GroupNorm(16, 16, eps=1e-05, affine=True)
            (act1): Swish()
            (conv1): Conv2d(48, 16, kernel_size=(3, 3), stride=(1, 1), padding=(1, 1))
            (act2): Swish()
            (conv2): Conv2d(16, 16, kernel_size=(3, 3), stride=(1, 1), padding=(1, 1))
            (shortcut): Conv2d(48, 16, kernel_size=(1, 1), stride=(1, 1))
            (time_emb): Linear(in_features=64, out_features=16, bias=True)
            (time_act): Swish()
            (dropout): Dropout(p=0.1, inplace=False)
          )
          (attn): Identity()
        )
        (5): Upsample(
          (conv): ConvTranspose2d(16, 16, kernel_size=(4, 4), stride=(2, 2), padding=(1, 1))
        )
        (6-7): 2 x UpBlock(
          (res): ResidualBlock(
            (norm1): GroupNorm(16, 32, eps=1e-05, affine=True)
            (norm2): GroupNorm(16, 16, eps=1e-05, affine=True)
            (act1): Swish()
            (conv1): Conv2d(32, 16, kernel_size=(3, 3), stride=(1, 1), padding=(1, 1))
            (act2): Swish()
            (conv2): Conv2d(16, 16, kernel_size=(3, 3), stride=(1, 1), padding=(1, 1))
            (shortcut): Conv2d(32, 16, kernel_size=(1, 1), stride=(1, 1))
            (time_emb): Linear(in_features=64, out_features=16, bias=True)
            (time_act): Swish()
            (dropout): Dropout(p=0.1, inplace=False)
          )
          (attn): Identity()
        )
      )
      (norm): GroupNorm(8, 16, eps=1e-05, affine=True)
      (act): Swish()
      (final): Conv2d(16, 2, kernel_size=(3, 3), stride=(1, 1), padding=(1, 1))
    )
  )
  (psf_sampler_center): BatchPSFSampler()
  (injector): Injector(
    (psf_sampler_shift): BatchPSFSampler()
  )
  (local_masker): LocalMasker()
)
[ExoMILD] self.use_modelco_loss=False
i=0 params={'type': 'spatial', 'name': 'p8_s1', 'repeat': 1, 'patch_size': 8, 'stride': 4, 'dilation': 1, 'temporal_length': None, 'temporal_dilation': 1, 'temporal_stride': 1, 'dim_samples': 't l', 'dim_prefeatures': 'h w', 'denoise_mean': False, 'groups': 1, 'mode_ab': 'left', 'grad_params': True, 'use_dataparallel': False, 'batch_size': None, 'low_memory_mode': False, 'symmetry': 1, 'params_pipeline': [{'type': 'linear', 'patch_wise': '${model.patch_wise}', 'size_in': 64, 'size_out': 64, 'learnable': '${model.learnable_proj}', 'is_identity': False}]}
params={'name': 'p8_s1', 'repeat': 1, 'patch_size': 8, 'stride': 4, 'dilation': 1, 'temporal_length': None, 'temporal_dilation': 1, 'temporal_stride': 1, 'dim_samples': 't l', 'dim_prefeatures': 'h w', 'denoise_mean': False, 'groups': 1, 'mode_ab': 'left', 'grad_params': True, 'use_dataparallel': False, 'batch_size': None, 'low_memory_mode': False, 'symmetry': 1, 'params_pipeline': [{'type': 'linear', 'patch_wise': '${model.patch_wise}', 'size_in': 64, 'size_out': 64, 'learnable': '${model.learnable_proj}', 'is_identity': False}]}
[SpatialTerm] self.name='p8_s1'
[SpatialTerm] self.use_dataparallel=False
[SpatialTerm] self.dilation=1
[SpatialTerm] self.denoise_mean=False
[SpatialTerm] self.stat_model='gaussian'
[SpatialTerm] self.bsp=3969
[SpatialTerm] self.symmetry=1
[LinearFeatures] self.learnable=True
[FeaturesPipeline] self.transforms=ModuleList(
  (0): LinearFeatures()
)
[Engine] self.batch_size=None
[Engine] self.low_memory_mode=False
[Engine] self.grad_params=True
[Engine] self.low_memory_mode=False
[SpatialTerm] self.device_ids=[0]
[SpatialTerm] Not using DataParallel
[SpatialPatchesHandler (8)] spatial stride: 4
[SpatialPatchesHandler (8)] spatial patch_size: 8
i=1 params={'type': 'spatial', 'name': 'p8_s2', 'repeat': 1, 'patch_size': 8, 'stride': 4, 'dilation': 1, 'temporal_length': None, 'temporal_dilation': 1, 'temporal_stride': 1, 'dim_samples': 't l', 'dim_prefeatures': 'h w', 'groups': 1, 'mode_ab': 'left', 'grad_params': True, 'use_dataparallel': False, 'batch_size': None, 'low_memory_mode': False, 'symmetry': 2, 'params_pipeline': [{'type': 'linear', 'patch_wise': '${model.patch_wise}', 'size_in': 128, 'size_out': 64, 'learnable': '${model.learnable_proj}', 'is_identity': False}]}
params={'name': 'p8_s2', 'repeat': 1, 'patch_size': 8, 'stride': 4, 'dilation': 1, 'temporal_length': None, 'temporal_dilation': 1, 'temporal_stride': 1, 'dim_samples': 't l', 'dim_prefeatures': 'h w', 'groups': 1, 'mode_ab': 'left', 'grad_params': True, 'use_dataparallel': False, 'batch_size': None, 'low_memory_mode': False, 'symmetry': 2, 'params_pipeline': [{'type': 'linear', 'patch_wise': '${model.patch_wise}', 'size_in': 128, 'size_out': 64, 'learnable': '${model.learnable_proj}', 'is_identity': False}]}
[SpatialTerm] self.name='p8_s2'
[SpatialTerm] self.use_dataparallel=False
[SpatialTerm] self.dilation=1
[SpatialTerm] self.denoise_mean=False
[SpatialTerm] self.stat_model='gaussian'
[SpatialTerm] self.bsp=3969
[SpatialTerm] self.symmetry=2
[LinearFeatures] self.learnable=True
[FeaturesPipeline] self.transforms=ModuleList(
  (0): LinearFeatures()
)
[Engine] self.batch_size=None
[Engine] self.low_memory_mode=False
[Engine] self.grad_params=True
[Engine] self.low_memory_mode=False
[SpatialTerm] self.device_ids=[0]
[SpatialTerm] Not using DataParallel
[SpatialPatchesHandler (8)] spatial stride: 4
[SpatialPatchesHandler (8)] spatial patch_size: 8
i=2 params={'type': 'spatial', 'name': 'p8_s4', 'repeat': 1, 'patch_size': 8, 'stride': 4, 'dilation': 1, 'temporal_length': None, 'temporal_dilation': 1, 'temporal_stride': 1, 'dim_samples': 't l', 'dim_prefeatures': 'h w', 'groups': 1, 'mode_ab': 'left', 'grad_params': True, 'use_dataparallel': False, 'batch_size': None, 'low_memory_mode': False, 'symmetry': 4, 'params_pipeline': [{'type': 'linear', 'patch_wise': '${model.patch_wise}', 'size_in': 256, 'size_out': 64, 'learnable': '${model.learnable_proj}', 'is_identity': False}]}
params={'name': 'p8_s4', 'repeat': 1, 'patch_size': 8, 'stride': 4, 'dilation': 1, 'temporal_length': None, 'temporal_dilation': 1, 'temporal_stride': 1, 'dim_samples': 't l', 'dim_prefeatures': 'h w', 'groups': 1, 'mode_ab': 'left', 'grad_params': True, 'use_dataparallel': False, 'batch_size': None, 'low_memory_mode': False, 'symmetry': 4, 'params_pipeline': [{'type': 'linear', 'patch_wise': '${model.patch_wise}', 'size_in': 256, 'size_out': 64, 'learnable': '${model.learnable_proj}', 'is_identity': False}]}
[SpatialTerm] self.name='p8_s4'
[SpatialTerm] self.use_dataparallel=False
[SpatialTerm] self.dilation=1
[SpatialTerm] self.denoise_mean=False
[SpatialTerm] self.stat_model='gaussian'
[SpatialTerm] self.bsp=3969
[SpatialTerm] self.symmetry=4
[LinearFeatures] self.learnable=True
[FeaturesPipeline] self.transforms=ModuleList(
  (0): LinearFeatures()
)
[Engine] self.batch_size=None
[Engine] self.low_memory_mode=False
[Engine] self.grad_params=True
[Engine] self.low_memory_mode=False
[SpatialTerm] self.device_ids=[0]
[SpatialTerm] Not using DataParallel
[SpatialPatchesHandler (8)] spatial stride: 4
[SpatialPatchesHandler (8)] spatial patch_size: 8
i=3 params={'type': 'spatial', 'name': 'p16_s1', 'repeat': 1, 'patch_size': 16, 'stride': 8, 'dilation': 1, 'temporal_length': None, 'temporal_dilation': 1, 'temporal_stride': 1, 'dim_samples': 't l', 'dim_prefeatures': 'h w', 'groups': 1, 'mode_ab': 'left', 'grad_params': True, 'use_dataparallel': False, 'batch_size': None, 'low_memory_mode': False, 'symmetry': 1, 'params_pipeline': [{'type': 'linear', 'patch_wise': '${model.patch_wise}', 'size_in': 256, 'size_out': 64, 'learnable': '${model.learnable_proj}', 'is_identity': False}]}
params={'name': 'p16_s1', 'repeat': 1, 'patch_size': 16, 'stride': 8, 'dilation': 1, 'temporal_length': None, 'temporal_dilation': 1, 'temporal_stride': 1, 'dim_samples': 't l', 'dim_prefeatures': 'h w', 'groups': 1, 'mode_ab': 'left', 'grad_params': True, 'use_dataparallel': False, 'batch_size': None, 'low_memory_mode': False, 'symmetry': 1, 'params_pipeline': [{'type': 'linear', 'patch_wise': '${model.patch_wise}', 'size_in': 256, 'size_out': 64, 'learnable': '${model.learnable_proj}', 'is_identity': False}]}
[SpatialTerm] self.name='p16_s1'
[SpatialTerm] self.use_dataparallel=False
[SpatialTerm] self.dilation=1
[SpatialTerm] self.denoise_mean=False
[SpatialTerm] self.stat_model='gaussian'
[SpatialTerm] self.bsp=961
[SpatialTerm] self.symmetry=1
[LinearFeatures] self.learnable=True
[FeaturesPipeline] self.transforms=ModuleList(
  (0): LinearFeatures()
)
[Engine] self.batch_size=None
[Engine] self.low_memory_mode=False
[Engine] self.grad_params=True
[Engine] self.low_memory_mode=False
[SpatialTerm] self.device_ids=[0]
[SpatialTerm] Not using DataParallel
[SpatialPatchesHandler (16)] spatial stride: 8
[SpatialPatchesHandler (16)] spatial patch_size: 16
i=4 params={'type': 'spatial', 'name': 'p16_s2', 'repeat': 1, 'patch_size': 16, 'stride': 8, 'dilation': 1, 'temporal_length': None, 'temporal_dilation': 1, 'temporal_stride': 1, 'dim_samples': 't l', 'dim_prefeatures': 'h w', 'groups': 1, 'mode_ab': 'left', 'grad_params': True, 'use_dataparallel': False, 'batch_size': None, 'low_memory_mode': False, 'symmetry': 2, 'params_pipeline': [{'type': 'linear', 'patch_wise': '${model.patch_wise}', 'size_in': 512, 'size_out': 64, 'learnable': '${model.learnable_proj}', 'is_identity': False}]}
params={'name': 'p16_s2', 'repeat': 1, 'patch_size': 16, 'stride': 8, 'dilation': 1, 'temporal_length': None, 'temporal_dilation': 1, 'temporal_stride': 1, 'dim_samples': 't l', 'dim_prefeatures': 'h w', 'groups': 1, 'mode_ab': 'left', 'grad_params': True, 'use_dataparallel': False, 'batch_size': None, 'low_memory_mode': False, 'symmetry': 2, 'params_pipeline': [{'type': 'linear', 'patch_wise': '${model.patch_wise}', 'size_in': 512, 'size_out': 64, 'learnable': '${model.learnable_proj}', 'is_identity': False}]}
[SpatialTerm] self.name='p16_s2'
[SpatialTerm] self.use_dataparallel=False
[SpatialTerm] self.dilation=1
[SpatialTerm] self.denoise_mean=False
[SpatialTerm] self.stat_model='gaussian'
[SpatialTerm] self.bsp=961
[SpatialTerm] self.symmetry=2
[LinearFeatures] self.learnable=True
[FeaturesPipeline] self.transforms=ModuleList(
  (0): LinearFeatures()
)
[Engine] self.batch_size=None
[Engine] self.low_memory_mode=False
[Engine] self.grad_params=True
[Engine] self.low_memory_mode=False
[SpatialTerm] self.device_ids=[0]
[SpatialTerm] Not using DataParallel
[SpatialPatchesHandler (16)] spatial stride: 8
[SpatialPatchesHandler (16)] spatial patch_size: 16
i=5 params={'type': 'spatial', 'name': 'p16_s4', 'repeat': 1, 'patch_size': 16, 'stride': 8, 'dilation': 1, 'temporal_length': None, 'temporal_dilation': 1, 'temporal_stride': 1, 'dim_samples': 't l', 'dim_prefeatures': 'h w', 'groups': 1, 'mode_ab': 'left', 'grad_params': True, 'use_dataparallel': False, 'batch_size': None, 'low_memory_mode': False, 'symmetry': 4, 'params_pipeline': [{'type': 'linear', 'patch_wise': '${model.patch_wise}', 'size_in': 1024, 'size_out': 64, 'learnable': '${model.learnable_proj}', 'is_identity': False}]}
params={'name': 'p16_s4', 'repeat': 1, 'patch_size': 16, 'stride': 8, 'dilation': 1, 'temporal_length': None, 'temporal_dilation': 1, 'temporal_stride': 1, 'dim_samples': 't l', 'dim_prefeatures': 'h w', 'groups': 1, 'mode_ab': 'left', 'grad_params': True, 'use_dataparallel': False, 'batch_size': None, 'low_memory_mode': False, 'symmetry': 4, 'params_pipeline': [{'type': 'linear', 'patch_wise': '${model.patch_wise}', 'size_in': 1024, 'size_out': 64, 'learnable': '${model.learnable_proj}', 'is_identity': False}]}
[SpatialTerm] self.name='p16_s4'
[SpatialTerm] self.use_dataparallel=False
[SpatialTerm] self.dilation=1
[SpatialTerm] self.denoise_mean=False
[SpatialTerm] self.stat_model='gaussian'
[SpatialTerm] self.bsp=961
[SpatialTerm] self.symmetry=4
[LinearFeatures] self.learnable=True
[FeaturesPipeline] self.transforms=ModuleList(
  (0): LinearFeatures()
)
[Engine] self.batch_size=None
[Engine] self.low_memory_mode=False
[Engine] self.grad_params=True
[Engine] self.low_memory_mode=False
[SpatialTerm] self.device_ids=[0]
[SpatialTerm] Not using DataParallel
[SpatialPatchesHandler (16)] spatial stride: 8
[SpatialPatchesHandler (16)] spatial patch_size: 16
i=6 params={'type': 'spatial', 'name': 'p32_s1', 'repeat': 1, 'patch_size': 32, 'stride': 16, 'dilation': 1, 'temporal_length': None, 'temporal_dilation': 1, 'temporal_stride': 1, 'dim_samples': 't l', 'dim_prefeatures': 'h w', 'groups': 1, 'mode_ab': 'left', 'grad_params': True, 'use_dataparallel': False, 'batch_size': None, 'low_memory_mode': False, 'symmetry': 1, 'params_pipeline': [{'type': 'linear', 'patch_wise': '${model.patch_wise}', 'size_in': 1024, 'size_out': 64, 'learnable': '${model.learnable_proj}', 'is_identity': False}]}
params={'name': 'p32_s1', 'repeat': 1, 'patch_size': 32, 'stride': 16, 'dilation': 1, 'temporal_length': None, 'temporal_dilation': 1, 'temporal_stride': 1, 'dim_samples': 't l', 'dim_prefeatures': 'h w', 'groups': 1, 'mode_ab': 'left', 'grad_params': True, 'use_dataparallel': False, 'batch_size': None, 'low_memory_mode': False, 'symmetry': 1, 'params_pipeline': [{'type': 'linear', 'patch_wise': '${model.patch_wise}', 'size_in': 1024, 'size_out': 64, 'learnable': '${model.learnable_proj}', 'is_identity': False}]}
[SpatialTerm] self.name='p32_s1'
[SpatialTerm] self.use_dataparallel=False
[SpatialTerm] self.dilation=1
[SpatialTerm] self.denoise_mean=False
[SpatialTerm] self.stat_model='gaussian'
[SpatialTerm] self.bsp=225
[SpatialTerm] self.symmetry=1
[LinearFeatures] self.learnable=True
[FeaturesPipeline] self.transforms=ModuleList(
  (0): LinearFeatures()
)
[Engine] self.batch_size=None
[Engine] self.low_memory_mode=False
[Engine] self.grad_params=True
[Engine] self.low_memory_mode=False
[SpatialTerm] self.device_ids=[0]
[SpatialTerm] Not using DataParallel
[SpatialPatchesHandler (32)] spatial stride: 16
[SpatialPatchesHandler (32)] spatial patch_size: 32
i=7 params={'type': 'spatial', 'name': 'p32_s2', 'repeat': 1, 'patch_size': 32, 'stride': 16, 'dilation': 1, 'temporal_length': None, 'temporal_dilation': 1, 'temporal_stride': 1, 'dim_samples': 't l', 'dim_prefeatures': 'h w', 'groups': 1, 'mode_ab': 'left', 'grad_params': True, 'use_dataparallel': False, 'batch_size': None, 'low_memory_mode': False, 'symmetry': 2, 'params_pipeline': [{'type': 'linear', 'patch_wise': '${model.patch_wise}', 'size_in': 2048, 'size_out': 64, 'learnable': '${model.learnable_proj}', 'is_identity': False}]}
params={'name': 'p32_s2', 'repeat': 1, 'patch_size': 32, 'stride': 16, 'dilation': 1, 'temporal_length': None, 'temporal_dilation': 1, 'temporal_stride': 1, 'dim_samples': 't l', 'dim_prefeatures': 'h w', 'groups': 1, 'mode_ab': 'left', 'grad_params': True, 'use_dataparallel': False, 'batch_size': None, 'low_memory_mode': False, 'symmetry': 2, 'params_pipeline': [{'type': 'linear', 'patch_wise': '${model.patch_wise}', 'size_in': 2048, 'size_out': 64, 'learnable': '${model.learnable_proj}', 'is_identity': False}]}
[SpatialTerm] self.name='p32_s2'
[SpatialTerm] self.use_dataparallel=False
[SpatialTerm] self.dilation=1
[SpatialTerm] self.denoise_mean=False
[SpatialTerm] self.stat_model='gaussian'
[SpatialTerm] self.bsp=225
[SpatialTerm] self.symmetry=2
[LinearFeatures] self.learnable=True
[FeaturesPipeline] self.transforms=ModuleList(
  (0): LinearFeatures()
)
[Engine] self.batch_size=None
[Engine] self.low_memory_mode=False
[Engine] self.grad_params=True
[Engine] self.low_memory_mode=False
[SpatialTerm] self.device_ids=[0]
[SpatialTerm] Not using DataParallel
[SpatialPatchesHandler (32)] spatial stride: 16
[SpatialPatchesHandler (32)] spatial patch_size: 32
i=8 params={'type': 'spatial', 'name': 'p32_s4', 'repeat': 1, 'patch_size': 32, 'stride': 16, 'dilation': 1, 'temporal_length': None, 'temporal_dilation': 1, 'temporal_stride': 1, 'dim_samples': 't l', 'dim_prefeatures': 'h w', 'groups': 1, 'mode_ab': 'left', 'grad_params': True, 'use_dataparallel': False, 'batch_size': None, 'low_memory_mode': False, 'symmetry': 4, 'params_pipeline': [{'type': 'linear', 'patch_wise': '${model.patch_wise}', 'size_in': 4096, 'size_out': 64, 'learnable': '${model.learnable_proj}', 'is_identity': False}]}
params={'name': 'p32_s4', 'repeat': 1, 'patch_size': 32, 'stride': 16, 'dilation': 1, 'temporal_length': None, 'temporal_dilation': 1, 'temporal_stride': 1, 'dim_samples': 't l', 'dim_prefeatures': 'h w', 'groups': 1, 'mode_ab': 'left', 'grad_params': True, 'use_dataparallel': False, 'batch_size': None, 'low_memory_mode': False, 'symmetry': 4, 'params_pipeline': [{'type': 'linear', 'patch_wise': '${model.patch_wise}', 'size_in': 4096, 'size_out': 64, 'learnable': '${model.learnable_proj}', 'is_identity': False}]}
[SpatialTerm] self.name='p32_s4'
[SpatialTerm] self.use_dataparallel=False
[SpatialTerm] self.dilation=1
[SpatialTerm] self.denoise_mean=False
[SpatialTerm] self.stat_model='gaussian'
[SpatialTerm] self.bsp=225
[SpatialTerm] self.symmetry=4
[LinearFeatures] self.learnable=True
[FeaturesPipeline] self.transforms=ModuleList(
  (0): LinearFeatures()
)
[Engine] self.batch_size=None
[Engine] self.low_memory_mode=False
[Engine] self.grad_params=True
[Engine] self.low_memory_mode=False
[SpatialTerm] self.device_ids=[0]
[SpatialTerm] Not using DataParallel
[SpatialPatchesHandler (32)] spatial stride: 16
[SpatialPatchesHandler (32)] spatial patch_size: 32
i=9 params={'type': 'spatial', 'name': 'p64_s1', 'repeat': 1, 'patch_size': 64, 'stride': 32, 'dilation': 1, 'temporal_length': None, 'temporal_dilation': 1, 'temporal_stride': 1, 'dim_samples': 't l', 'dim_prefeatures': 'h w', 'groups': 1, 'mode_ab': 'left', 'grad_params': True, 'use_dataparallel': False, 'batch_size': None, 'low_memory_mode': False, 'symmetry': 1, 'params_pipeline': [{'type': 'linear', 'patch_wise': '${model.patch_wise}', 'size_in': 4096, 'size_out': 64, 'learnable': '${model.learnable_proj}', 'is_identity': False}]}
params={'name': 'p64_s1', 'repeat': 1, 'patch_size': 64, 'stride': 32, 'dilation': 1, 'temporal_length': None, 'temporal_dilation': 1, 'temporal_stride': 1, 'dim_samples': 't l', 'dim_prefeatures': 'h w', 'groups': 1, 'mode_ab': 'left', 'grad_params': True, 'use_dataparallel': False, 'batch_size': None, 'low_memory_mode': False, 'symmetry': 1, 'params_pipeline': [{'type': 'linear', 'patch_wise': '${model.patch_wise}', 'size_in': 4096, 'size_out': 64, 'learnable': '${model.learnable_proj}', 'is_identity': False}]}
[SpatialTerm] self.name='p64_s1'
[SpatialTerm] self.use_dataparallel=False
[SpatialTerm] self.dilation=1
[SpatialTerm] self.denoise_mean=False
[SpatialTerm] self.stat_model='gaussian'
[SpatialTerm] self.bsp=49
[SpatialTerm] self.symmetry=1
[LinearFeatures] self.learnable=True
[FeaturesPipeline] self.transforms=ModuleList(
  (0): LinearFeatures()
)
[Engine] self.batch_size=None
[Engine] self.low_memory_mode=False
[Engine] self.grad_params=True
[Engine] self.low_memory_mode=False
[SpatialTerm] self.device_ids=[0]
[SpatialTerm] Not using DataParallel
[SpatialPatchesHandler (64)] spatial stride: 32
[SpatialPatchesHandler (64)] spatial patch_size: 64
i=10 params={'type': 'spatial', 'name': 'p64_s2', 'repeat': 1, 'patch_size': 64, 'stride': 32, 'dilation': 1, 'temporal_length': None, 'temporal_dilation': 1, 'temporal_stride': 1, 'dim_samples': 't l', 'dim_prefeatures': 'h w', 'groups': 1, 'mode_ab': 'left', 'grad_params': True, 'use_dataparallel': False, 'batch_size': None, 'low_memory_mode': False, 'symmetry': 2, 'params_pipeline': [{'type': 'linear', 'patch_wise': '${model.patch_wise}', 'size_in': 8192, 'size_out': 64, 'learnable': '${model.learnable_proj}', 'is_identity': False}]}
params={'name': 'p64_s2', 'repeat': 1, 'patch_size': 64, 'stride': 32, 'dilation': 1, 'temporal_length': None, 'temporal_dilation': 1, 'temporal_stride': 1, 'dim_samples': 't l', 'dim_prefeatures': 'h w', 'groups': 1, 'mode_ab': 'left', 'grad_params': True, 'use_dataparallel': False, 'batch_size': None, 'low_memory_mode': False, 'symmetry': 2, 'params_pipeline': [{'type': 'linear', 'patch_wise': '${model.patch_wise}', 'size_in': 8192, 'size_out': 64, 'learnable': '${model.learnable_proj}', 'is_identity': False}]}
[SpatialTerm] self.name='p64_s2'
[SpatialTerm] self.use_dataparallel=False
[SpatialTerm] self.dilation=1
[SpatialTerm] self.denoise_mean=False
[SpatialTerm] self.stat_model='gaussian'
[SpatialTerm] self.bsp=49
[SpatialTerm] self.symmetry=2
[LinearFeatures] self.learnable=True
[FeaturesPipeline] self.transforms=ModuleList(
  (0): LinearFeatures()
)
[Engine] self.batch_size=None
[Engine] self.low_memory_mode=False
[Engine] self.grad_params=True
[Engine] self.low_memory_mode=False
[SpatialTerm] self.device_ids=[0]
[SpatialTerm] Not using DataParallel
[SpatialPatchesHandler (64)] spatial stride: 32
[SpatialPatchesHandler (64)] spatial patch_size: 64
i=11 params={'type': 'spatial', 'name': 'p64_s2', 'repeat': 1, 'patch_size': 64, 'stride': 32, 'dilation': 1, 'temporal_length': None, 'temporal_dilation': 1, 'temporal_stride': 1, 'dim_samples': 't l', 'dim_prefeatures': 'h w', 'groups': 1, 'mode_ab': 'left', 'grad_params': True, 'use_dataparallel': False, 'batch_size': None, 'low_memory_mode': False, 'symmetry': 4, 'params_pipeline': [{'type': 'linear', 'patch_wise': '${model.patch_wise}', 'size_in': 16384, 'size_out': 64, 'learnable': '${model.learnable_proj}', 'is_identity': False}]}
params={'name': 'p64_s2', 'repeat': 1, 'patch_size': 64, 'stride': 32, 'dilation': 1, 'temporal_length': None, 'temporal_dilation': 1, 'temporal_stride': 1, 'dim_samples': 't l', 'dim_prefeatures': 'h w', 'groups': 1, 'mode_ab': 'left', 'grad_params': True, 'use_dataparallel': False, 'batch_size': None, 'low_memory_mode': False, 'symmetry': 4, 'params_pipeline': [{'type': 'linear', 'patch_wise': '${model.patch_wise}', 'size_in': 16384, 'size_out': 64, 'learnable': '${model.learnable_proj}', 'is_identity': False}]}
[SpatialTerm] self.name='p64_s2'
[SpatialTerm] self.use_dataparallel=False
[SpatialTerm] self.dilation=1
[SpatialTerm] self.denoise_mean=False
[SpatialTerm] self.stat_model='gaussian'
[SpatialTerm] self.bsp=49
[SpatialTerm] self.symmetry=4
[LinearFeatures] self.learnable=True
[FeaturesPipeline] self.transforms=ModuleList(
  (0): LinearFeatures()
)
[Engine] self.batch_size=None
[Engine] self.low_memory_mode=False
[Engine] self.grad_params=True
[Engine] self.low_memory_mode=False
[SpatialTerm] self.device_ids=[0]
[SpatialTerm] Not using DataParallel
[SpatialPatchesHandler (64)] spatial stride: 32
[SpatialPatchesHandler (64)] spatial patch_size: 64
[ExoMILD] self.G_tot=12
all_terms=[SpatialTerm(
  (engine): EngineSpatial(
    (features_pipeline): FeaturesPipeline(
      (transforms): ModuleList(
        (0): LinearFeatures()
      )
    )
    (psf_sampler_shift): BatchPSFSampler()
    (psf_sampler_center): BatchPSFSampler()
  )
  (patch_formatter): PatchFormatter()
  (wavelength_aligner): WavelengthAligner()
), SpatialTerm(
  (engine): EngineSpatial(
    (features_pipeline): FeaturesPipeline(
      (transforms): ModuleList(
        (0): LinearFeatures()
      )
    )
    (psf_sampler_shift): BatchPSFSampler()
    (psf_sampler_center): BatchPSFSampler()
  )
  (patch_formatter): PatchFormatter()
  (wavelength_aligner): WavelengthAligner()
), SpatialTerm(
  (engine): EngineSpatial(
    (features_pipeline): FeaturesPipeline(
      (transforms): ModuleList(
        (0): LinearFeatures()
      )
    )
    (psf_sampler_shift): BatchPSFSampler()
    (psf_sampler_center): BatchPSFSampler()
  )
  (patch_formatter): PatchFormatter()
  (wavelength_aligner): WavelengthAligner()
), SpatialTerm(
  (engine): EngineSpatial(
    (features_pipeline): FeaturesPipeline(
      (transforms): ModuleList(
        (0): LinearFeatures()
      )
    )
    (psf_sampler_shift): BatchPSFSampler()
    (psf_sampler_center): BatchPSFSampler()
  )
  (patch_formatter): PatchFormatter()
  (wavelength_aligner): WavelengthAligner()
), SpatialTerm(
  (engine): EngineSpatial(
    (features_pipeline): FeaturesPipeline(
      (transforms): ModuleList(
        (0): LinearFeatures()
      )
    )
    (psf_sampler_shift): BatchPSFSampler()
    (psf_sampler_center): BatchPSFSampler()
  )
  (patch_formatter): PatchFormatter()
  (wavelength_aligner): WavelengthAligner()
), SpatialTerm(
  (engine): EngineSpatial(
    (features_pipeline): FeaturesPipeline(
      (transforms): ModuleList(
        (0): LinearFeatures()
      )
    )
    (psf_sampler_shift): BatchPSFSampler()
    (psf_sampler_center): BatchPSFSampler()
  )
  (patch_formatter): PatchFormatter()
  (wavelength_aligner): WavelengthAligner()
), SpatialTerm(
  (engine): EngineSpatial(
    (features_pipeline): FeaturesPipeline(
      (transforms): ModuleList(
        (0): LinearFeatures()
      )
    )
    (psf_sampler_shift): BatchPSFSampler()
    (psf_sampler_center): BatchPSFSampler()
  )
  (patch_formatter): PatchFormatter()
  (wavelength_aligner): WavelengthAligner()
), SpatialTerm(
  (engine): EngineSpatial(
    (features_pipeline): FeaturesPipeline(
      (transforms): ModuleList(
        (0): LinearFeatures()
      )
    )
    (psf_sampler_shift): BatchPSFSampler()
    (psf_sampler_center): BatchPSFSampler()
  )
  (patch_formatter): PatchFormatter()
  (wavelength_aligner): WavelengthAligner()
), SpatialTerm(
  (engine): EngineSpatial(
    (features_pipeline): FeaturesPipeline(
      (transforms): ModuleList(
        (0): LinearFeatures()
      )
    )
    (psf_sampler_shift): BatchPSFSampler()
    (psf_sampler_center): BatchPSFSampler()
  )
  (patch_formatter): PatchFormatter()
  (wavelength_aligner): WavelengthAligner()
), SpatialTerm(
  (engine): EngineSpatial(
    (features_pipeline): FeaturesPipeline(
      (transforms): ModuleList(
        (0): LinearFeatures()
      )
    )
    (psf_sampler_shift): BatchPSFSampler()
    (psf_sampler_center): BatchPSFSampler()
  )
  (patch_formatter): PatchFormatter()
  (wavelength_aligner): WavelengthAligner()
), SpatialTerm(
  (engine): EngineSpatial(
    (features_pipeline): FeaturesPipeline(
      (transforms): ModuleList(
        (0): LinearFeatures()
      )
    )
    (psf_sampler_shift): BatchPSFSampler()
    (psf_sampler_center): BatchPSFSampler()
  )
  (patch_formatter): PatchFormatter()
  (wavelength_aligner): WavelengthAligner()
), SpatialTerm(
  (engine): EngineSpatial(
    (features_pipeline): FeaturesPipeline(
      (transforms): ModuleList(
        (0): LinearFeatures()
      )
    )
    (psf_sampler_shift): BatchPSFSampler()
    (psf_sampler_center): BatchPSFSampler()
  )
  (patch_formatter): PatchFormatter()
  (wavelength_aligner): WavelengthAligner()
)]
[ExoMILD] self.learnable_weights=True
[ExoMILD] self.pixel_wise_weights=True
[ExoMILD] self.use_local_max=False
[ExoMILD] self.n_sources_max=16
[ExoMILD] self.iterative=False
[ExoMILD] self.oracle=False
[Filter] self.is_residual=False
[Filter] self.gate_type='unet_normal'
[U-Net] self.skip_norm=False
[UNet] False
[ExoMILD] linalg_library='cusolver'
[ExoMILD] self.grad_iterative=True
[ExoMILD] self.grad_astrometry=False
[SpatialPatchesHandler (8)] padding=(0, 0)
[SpatialPatchesHandler (8)] padding=(0, 0)
[SpatialPatchesHandler (8)] padding=(0, 0)
[SpatialPatchesHandler (16)] padding=(0, 0)
[SpatialPatchesHandler (16)] padding=(0, 0)
[SpatialPatchesHandler (16)] padding=(0, 0)
[SpatialPatchesHandler (32)] padding=(0, 0)
[SpatialPatchesHandler (32)] padding=(0, 0)
[SpatialPatchesHandler (32)] padding=(0, 0)
[SpatialPatchesHandler (64)] padding=(0, 0)
[SpatialPatchesHandler (64)] padding=(0, 0)
[SpatialPatchesHandler (64)] padding=(0, 0)
# Iter.   Time (ms)    Eval. Reject.       Obj. Func.           Grad.       Step
# ---------------------------------------------------------------------------------
      0    1431.943       1       0  -6.237991600000000e+07   1.121e+10   0.000e+00
      1   13150.072      13       0  -6.243694400000000e+07   2.144e+10   6.632e-16
      2   14149.051      14       0  -6.248248800000000e+07   1.408e+10   1.000e+00
      3   15148.578      15       0  -6.253902800000000e+07   1.544e+10   1.000e+00
      4   16150.160      16       0  -6.259722000000000e+07   1.868e+10   1.000e+00
      5   17155.431      17       0  -6.263236800000000e+07   2.339e+10   1.000e+00
      6   18161.419      18       0  -6.266986000000000e+07   1.107e+10   1.000e+00
      7   19164.436      19       0  -6.268733200000000e+07   9.023e+09   1.000e+00
      8   20168.530      20       0  -6.270347600000000e+07   9.385e+09   1.000e+00
      9   21167.851      21       0  -6.272114400000000e+07   1.068e+10   1.000e+00
     10   22172.460      22       0  -6.273016400000000e+07   8.042e+09   1.000e+00
     11   23177.572      23       0  -6.273532800000000e+07   5.986e+09   1.000e+00
     12   24181.414      24       0  -6.274362400000000e+07   5.247e+09   1.000e+00
     13   25186.233      25       0  -6.274884800000000e+07   9.896e+09   1.000e+00
     14   26184.557      26       0  -6.275327200000000e+07   4.587e+09   1.000e+00
     15   27188.368      27       0  -6.275650400000000e+07   3.669e+09   1.000e+00
     16   28192.752      28       0  -6.275944000000000e+07   3.911e+09   1.000e+00
     17   29196.284      29       0  -6.276441600000000e+07   6.988e+09   1.000e+00
     18   30203.160      30       0  -6.276837600000000e+07   4.297e+09   1.000e+00
     19   31209.066      31       0  -6.276994400000000e+07   2.953e+09   1.000e+00
     20   32213.692      32       0  -6.277302400000000e+07   2.887e+09   1.000e+00
     21   33216.177      33       0  -6.277565600000000e+07   5.947e+09   1.000e+00
     22   34220.780      34       0  -6.277791200000000e+07   3.205e+09   1.000e+00
     23   35224.710      35       0  -6.278046400000000e+07   2.670e+09   1.000e+00
     24   36239.342      36       0  -6.278235200000000e+07   2.914e+09   1.000e+00
     25   37253.448      37       0  -6.278506000000000e+07   6.968e+09   1.000e+00
     26   38271.410      38       0  -6.278744800000000e+07   2.591e+09   1.000e+00
     27   39284.703      39       0  -6.278835200000000e+07   2.295e+09   1.000e+00
     28   40303.521      40       0  -6.279016400000000e+07   2.813e+09   1.000e+00
     29   41318.587      41       0  -6.279128400000000e+07   7.221e+09   1.000e+00
     30   42334.572      42       0  -6.279294000000000e+07   2.547e+09   1.000e+00
     31   43349.740      43       0  -6.279380800000000e+07   1.836e+09   1.000e+00
     32   44365.005      44       0  -6.279494000000000e+07   2.313e+09   1.000e+00
     33   45382.973      45       0  -6.279675600000000e+07   2.744e+09   1.000e+00
     34   46398.687      46       0  -6.279731200000000e+07   7.788e+09   1.000e+00
     35   47400.849      47       0  -6.279942800000000e+07   1.888e+09   1.000e+00
     36   48405.101      48       0  -6.279990000000000e+07   1.584e+09   1.000e+00
     37   49409.134      49       0  -6.280097600000000e+07   2.069e+09   1.000e+00
     38   50413.216      50       0  -6.280201600000000e+07   5.464e+09   1.000e+00
     39   51412.236      51       0  -6.280313600000000e+07   2.472e+09   1.000e+00
     40   52411.038      52       0  -6.280398000000000e+07   1.760e+09   1.000e+00
     41   53439.317      53       0  -6.280462000000000e+07   1.985e+09   1.000e+00
     42   54455.526      54       0  -6.280590000000000e+07   2.326e+09   1.000e+00
     43   55475.100      55       0  -6.280619600000000e+07   6.738e+09   1.000e+00
     44   56494.077      56       0  -6.280766000000000e+07   1.928e+09   1.000e+00
     45   57513.249      57       0  -6.280806000000000e+07   1.362e+09   1.000e+00
     46   58529.719      58       0  -6.280886400000000e+07   1.751e+09   1.000e+00
     47   59547.437      59       0  -6.280976000000000e+07   2.872e+09   1.000e+00
     48   60566.050      60       0  -6.281066800000000e+07   1.857e+09   1.000e+00
     49   61592.427      61       0  -6.281126400000000e+07   1.482e+09   1.000e+00
     50   62636.750      62       0  -6.281198400000000e+07   2.030e+09   1.000e+00
     51   63664.465      63       0  -6.281263600000000e+07   1.975e+09   1.000e+00
     52   64691.779      64       0  -6.281329200000000e+07   1.600e+09   1.000e+00
     53   65714.205      65       0  -6.281426800000000e+07   2.757e+09   1.000e+00
     54   66737.808      66       0  -6.281487600000000e+07   2.203e+09   1.000e+00
     55   67763.457      67       0  -6.281517600000000e+07   1.447e+09   1.000e+00
     56   68789.021      68       0  -6.281580400000000e+07   1.267e+09   1.000e+00
     57   69814.711      69       0  -6.281652000000000e+07   2.116e+09   1.000e+00
     58   70840.222      70       0  -6.281748000000000e+07   1.803e+09   1.000e+00
     59   71873.351      71       0  -6.281818400000000e+07   1.927e+09   1.000e+00
     60   72898.492      72       0  -6.281880800000000e+07   1.447e+09   1.000e+00
     61   73920.056      73       0  -6.281934000000000e+07   1.373e+09   1.000e+00
     62   74944.164      74       0  -6.282004400000000e+07   2.151e+09   1.000e+00
     63   75971.677      75       0  -6.282082800000000e+07   1.851e+09   1.000e+00
     64   76999.944      76       0  -6.282149600000000e+07   1.627e+09   1.000e+00
     65   78026.313      77       0  -6.282215600000000e+07   1.823e+09   1.000e+00
     66   79052.255      78       0  -6.282272800000000e+07   1.452e+09   1.000e+00
     67   80064.891      79       0  -6.282339200000000e+07   1.522e+09   1.000e+00
     68   81081.016      80       0  -6.282418400000000e+07   1.967e+09   1.000e+00
     69   82097.023      81       0  -6.282480000000000e+07   2.340e+09   1.000e+00
     70   83117.320      82       0  -6.282525600000000e+07   1.481e+09   1.000e+00
     71   84136.699      83       0  -6.282587600000000e+07   1.423e+09   1.000e+00
     72   85158.229      84       0  -6.282647200000000e+07   2.391e+09   1.000e+00
     73   86178.159      85       0  -6.282709200000000e+07   1.621e+09   1.000e+00
     74   87196.842      86       0  -6.282768000000000e+07   1.465e+09   1.000e+00
     75   88219.548      87       0  -6.282824000000000e+07   2.306e+09   1.000e+00
     76   89241.454      88       0  -6.282868800000000e+07   1.472e+09   1.000e+00
     77   90261.852      89       0  -6.282910000000000e+07   1.408e+09   1.000e+00
     78   91282.565      90       0  -6.282957200000000e+07   2.025e+09   1.000e+00
     79   92301.859      91       0  -6.283003200000000e+07   1.942e+09   1.000e+00
     80   93320.572      92       0  -6.283040000000000e+07   1.461e+09   1.000e+00
     81   94338.544      93       0  -6.283083600000000e+07   1.383e+09   1.000e+00
     82   95363.492      94       0  -6.283115200000000e+07   1.594e+09   1.000e+00
     83   96380.026      95       0  -6.283150000000000e+07   1.254e+09   1.000e+00
     84   97400.080      96       0  -6.283179200000000e+07   1.742e+09   1.000e+00
     85   98417.171      97       0  -6.283205200000000e+07   1.333e+09   1.000e+00
     86   99441.275      98       0  -6.283227200000000e+07   1.150e+09   1.000e+00
     87  100473.363      99       0  -6.283257200000000e+07   1.385e+09   1.000e+00
     88  101493.296     100       0  -6.283275600000000e+07   2.492e+09   1.000e+00
     89  102519.937     101       0  -6.283304000000000e+07   1.195e+09   1.000e+00
     90  103536.912     102       0  -6.283320800000000e+07   1.005e+09   1.000e+00
     91  104582.405     103       0  -6.283337600000000e+07   1.225e+09   1.000e+00
     92  105606.031     104       0  -6.283367600000000e+07   2.018e+09   1.000e+00
     93  106624.882     105       0  -6.283400000000000e+07   1.703e+09   1.000e+00
     94  107641.226     106       0  -6.283433200000000e+07   1.196e+09   1.000e+00
     95  108658.123     107       0  -6.283478400000000e+07   1.439e+09   1.000e+00
     96  109673.067     108       0  -6.283500000000000e+07   2.191e+09   1.000e+00
     97  110704.981     109       0  -6.283522400000000e+07   1.202e+09   1.000e+00
     98  111727.902     110       0  -6.283550400000000e+07   1.020e+09   1.000e+00
     99  112749.879     111       0  -6.283574400000000e+07   1.156e+09   1.000e+00
    100  113767.721     112       0  -6.283614000000000e+07   2.409e+09   1.000e+00
    101  114798.165     113       0  -6.283648800000000e+07   1.411e+09   1.000e+00
    102  115830.973     114       0  -6.283664800000000e+07   8.864e+08   1.000e+00
    103  116873.170     115       0  -6.283682800000000e+07   9.713e+08   1.000e+00
    104  117917.600     116       0  -6.283698800000000e+07   1.478e+09   1.000e+00
    105  118960.241     117       0  -6.283720400000000e+07   1.069e+09   1.000e+00
    106  120005.761     118       0  -6.283753200000000e+07   9.968e+08   1.000e+00
    107  121048.964     119       0  -6.283766800000000e+07   2.164e+09   1.000e+00
    108  122093.788     120       0  -6.283785200000000e+07   1.048e+09   1.000e+00
    109  123117.268     121       0  -6.283803600000000e+07   8.469e+08   1.000e+00
    110  124161.149     122       0  -6.283818400000000e+07   9.803e+08   1.000e+00
    111  125190.962     123       0  -6.283845600000000e+07   1.874e+09   1.000e+00
    112  126222.661     124       0  -6.283868800000000e+07   1.325e+09   1.000e+00
    113  127255.064     125       0  -6.283883200000000e+07   8.108e+08   1.000e+00
    114  128288.995     126       0  -6.283901600000000e+07   8.590e+08   1.000e+00
    115  129319.119     127       0  -6.283916800000000e+07   1.233e+09   1.000e+00
    116  130350.641     128       0  -6.283937600000000e+07   9.170e+08   1.000e+00
    117  131384.240     129       0  -6.283958400000000e+07   1.071e+09   1.000e+00
    118  132416.807     130       0  -6.283976400000000e+07   1.246e+09   1.000e+00
    119  133450.299     131       0  -6.283990800000000e+07   8.693e+08   1.000e+00
    120  134485.642     132       0  -6.284014400000000e+07   8.533e+08   1.000e+00
    121  135516.691     133       0  -6.284030400000000e+07   1.247e+09   1.000e+00
    122  136553.711     134       0  -6.284051200000000e+07   9.859e+08   1.000e+00
    123  137592.508     135       0  -6.284073600000000e+07   1.684e+09   1.000e+00
    124  138629.575     136       0  -6.284090400000000e+07   9.247e+08   1.000e+00
    125  139658.484     137       0  -6.284100800000000e+07   8.080e+08   1.000e+00
    126  140690.381     138       0  -6.284119200000000e+07   1.070e+09   1.000e+00
    127  141748.552     139       0  -6.284133200000000e+07   2.088e+09   1.000e+00
    128  142811.888     140       0  -6.284149200000000e+07   9.790e+08   1.000e+00
    129  143872.385     141       0  -6.284165600000000e+07   8.024e+08   1.000e+00
    130  144933.676     142       0  -6.284180800000000e+07   1.001e+09   1.000e+00
    131  145991.620     143       0  -6.284198400000000e+07   1.799e+09   1.000e+00
    132  147058.349     144       0  -6.284218800000000e+07   8.965e+08   1.000e+00
    133  148118.941     145       0  -6.284232000000000e+07   8.192e+08   1.000e+00
    134  149179.093     146       0  -6.284253200000000e+07   1.076e+09   1.000e+00
    135  150236.598     147       0  -6.284275600000000e+07   2.223e+09   1.000e+00
    136  151295.281     148       0  -6.284302400000000e+07   1.211e+09   1.000e+00
    137  152336.983     149       0  -6.284326000000000e+07   9.191e+08   1.000e+00
    138  153368.849     150       0  -6.284346400000000e+07   1.098e+09   1.000e+00
    139  154422.628     151       0  -6.284364000000000e+07   2.269e+09   1.000e+00
    140  155469.007     152       0  -6.284386400000000e+07   1.002e+09   1.000e+00
    141  156522.157     153       0  -6.284402800000000e+07   9.194e+08   1.000e+00
    142  157574.119     154       0  -6.284420000000000e+07   1.086e+09   1.000e+00
    143  158626.621     155       0  -6.284455200000000e+07   1.895e+09   1.000e+00
    144  159678.529     156       0  -6.284487200000000e+07   1.640e+09   1.000e+00
    145  160725.801     157       0  -6.284509200000000e+07   9.308e+08   1.000e+00
    146  161784.084     158       0  -6.284531600000000e+07   1.036e+09   1.000e+00
    147  162841.896     159       0  -6.284549600000000e+07   1.397e+09   1.000e+00
    148  163902.994     160       0  -6.284574000000000e+07   1.048e+09   1.000e+00
    149  164957.725     161       0  -6.284599200000000e+07   1.070e+09   1.000e+00
    150  166018.904     162       0  -6.284620800000000e+07   2.054e+09   1.000e+00
    151  167073.655     163       0  -6.284645200000000e+07   1.101e+09   1.000e+00
    152  168135.677     164       0  -6.284666000000000e+07   1.060e+09   1.000e+00
    153  169194.716     165       0  -6.284690800000000e+07   1.233e+09   1.000e+00
    154  170256.281     166       0  -6.284699600000000e+07   3.610e+09   1.000e+00
    155  171314.016     167       0  -6.284738800000000e+07   1.269e+09   1.000e+00
    156  172370.712     168       0  -6.284754000000000e+07   8.631e+08   1.000e+00
    157  173444.115     169       0  -6.284773200000000e+07   1.044e+09   1.000e+00
    158  174502.169     170       0  -6.284798800000000e+07   1.233e+09   1.000e+00
    159  175564.065     171       0  -6.284804000000000e+07   3.105e+09   1.000e+00
    160  176621.327     172       0  -6.284841600000000e+07   9.117e+08   1.000e+00
    161  177682.788     173       0  -6.284854000000000e+07   8.805e+08   1.000e+00
    162  178743.399     174       0  -6.284882400000000e+07   1.228e+09   1.000e+00
    163  179799.765     175       0  -6.284903600000000e+07   3.106e+09   1.000e+00
    164  180858.145     176       0  -6.284937200000000e+07   1.347e+09   1.000e+00
    165  181919.347     177       0  -6.284958000000000e+07   9.956e+08   1.000e+00
    166  182978.212     178       0  -6.284975200000000e+07   1.117e+09   1.000e+00
    167  184039.672     179       0  -6.285006400000000e+07   1.550e+09   1.000e+00
    168  185097.908     180       0  -6.285018800000000e+07   2.563e+09   1.000e+00
    169  186154.200     181       0  -6.285050000000000e+07   9.438e+08   1.000e+00
    170  187215.336     182       0  -6.285064400000000e+07   9.626e+08   1.000e+00
    171  188269.832     183       0  -6.285089200000000e+07   1.243e+09   1.000e+00
    172  189331.414     184       0  -6.285104400000000e+07   3.235e+09   1.000e+00
    173  190376.346     185       0  -6.285138800000000e+07   1.224e+09   1.000e+00
    174  191407.936     186       0  -6.285153600000000e+07   9.485e+08   1.000e+00
    175  192447.666     187       0  -6.285171200000000e+07   1.087e+09   1.000e+00
    176  193487.025     188       0  -6.285200800000000e+07   1.351e+09   1.000e+00
    177  195499.026     190       0  -6.285219200000000e+07   1.703e+09   4.783e-01
    178  196497.875     191       0  -6.285243600000000e+07   9.787e+08   1.000e+00
    179  197496.049     192       0  -6.285264400000000e+07   9.883e+08   1.000e+00
    180  198493.739     193       0  -6.285286800000000e+07   1.718e+09   1.000e+00
    181  199492.698     194       0  -6.285310400000000e+07   1.102e+09   1.000e+00
    182  200491.618     195       0  -6.285332800000000e+07   1.037e+09   1.000e+00
    183  201490.566     196       0  -6.285358800000000e+07   1.377e+09   1.000e+00
    184  202488.302     197       0  -6.285381600000000e+07   1.699e+09   1.000e+00
    185  203496.002     198       0  -6.285402000000000e+07   1.022e+09   1.000e+00
    186  204494.463     199       0  -6.285420800000000e+07   9.660e+08   1.000e+00
    187  205493.632     200       0  -6.285435600000000e+07   1.148e+09   1.000e+00
    188  206492.922     201       0  -6.285457600000000e+07   1.175e+09   1.000e+00
    189  207490.763     202       0  -6.285473200000000e+07   1.104e+09   1.000e+00
    190  208489.587     203       0  -6.285487200000000e+07   8.800e+08   1.000e+00
    191  209487.874     204       0  -6.285498800000000e+07   8.839e+08   1.000e+00
    192  210485.704     205       0  -6.285511600000000e+07   1.238e+09   1.000e+00
    193  211485.026     206       0  -6.285524800000000e+07   8.846e+08   1.000e+00
    194  212483.371     207       0  -6.285537200000000e+07   8.412e+08   1.000e+00
    195  213481.304     208       0  -6.285548000000000e+07   1.253e+09   1.000e+00
    196  214480.464     209       0  -6.285559200000000e+07   7.970e+08   1.000e+00
    197  215478.445     210       0  -6.285572000000000e+07   8.193e+08   1.000e+00
    198  216477.621     211       0  -6.285582000000000e+07   9.788e+08   1.000e+00
    199  217475.883     212       0  -6.285594000000000e+07   9.209e+08   1.000e+00
    200  218474.360     213       0  -6.285608000000000e+07   1.122e+09   1.000e+00
    201  219472.749     214       0  -6.285621200000000e+07   9.459e+08   1.000e+00
    202  220471.757     215       0  -6.285634400000000e+07   8.616e+08   1.000e+00
    203  221470.644     216       0  -6.285648800000000e+07   1.224e+09   1.000e+00
    204  222474.996     217       0  -6.285661200000000e+07   1.020e+09   1.000e+00
    205  223473.727     218       0  -6.285671600000000e+07   8.097e+08   1.000e+00
    206  224471.969     219       0  -6.285683200000000e+07   8.050e+08   1.000e+00
    207  225470.811     220       0  -6.285691200000000e+07   1.547e+09   1.000e+00
    208  226469.368     221       0  -6.285703600000000e+07   8.207e+08   1.000e+00
    209  227468.788     222       0  -6.285715200000000e+07   7.191e+08   1.000e+00
    210  228467.633     223       0  -6.285724800000000e+07   8.717e+08   1.000e+00
    211  229465.790     224       0  -6.285737200000000e+07   1.685e+09   1.000e+00
    212  230463.870     225       0  -6.285752400000000e+07   8.485e+08   1.000e+00
    213  231462.033     226       0  -6.285762400000000e+07   7.842e+08   1.000e+00
    214  232460.441     227       0  -6.285777200000000e+07   8.901e+08   1.000e+00
    215  233471.523     228       0  -6.285789200000000e+07   2.078e+09   1.000e+00
    216  234472.035     229       0  -6.285806000000000e+07   9.500e+08   1.000e+00
    217  235474.304     230       0  -6.285818000000000e+07   7.230e+08   1.000e+00
    218  236478.385     231       0  -6.285830000000000e+07   8.285e+08   1.000e+00
    219  237479.624     232       0  -6.285848800000000e+07   1.424e+09   1.000e+00
    220  238481.028     233       0  -6.285865200000000e+07   1.062e+09   1.000e+00
    221  239484.758     234       0  -6.285874800000000e+07   6.720e+08   1.000e+00
    222  240487.890     235       0  -6.285888000000000e+07   8.364e+08   1.000e+00
    223  241488.787     236       0  -6.285899200000000e+07   1.197e+09   1.000e+00
    224  242490.539     237       0  -6.285914000000000e+07   8.656e+08   1.000e+00
    225  243490.265     238       0  -6.285931600000000e+07   8.520e+08   1.000e+00
    226  244491.686     239       0  -6.285940800000000e+07   1.709e+09   1.000e+00
    227  245492.330     240       0  -6.285954000000000e+07   8.086e+08   1.000e+00
    228  246498.077     241       0  -6.285963600000000e+07   7.021e+08   1.000e+00
    229  247497.905     242       0  -6.285972800000000e+07   8.517e+08   1.000e+00
    230  248500.257     243       0  -6.285987200000000e+07   1.753e+09   1.000e+00
    231  249500.209     244       0  -6.286002400000000e+07   9.280e+08   1.000e+00
    232  250498.697     245       0  -6.286010800000000e+07   6.287e+08   1.000e+00
    233  251498.123     246       0  -6.286020000000000e+07   7.116e+08   1.000e+00
    234  252507.319     247       0  -6.286026800000000e+07   1.316e+09   1.000e+00
    235  253506.120     248       0  -6.286036000000000e+07   7.525e+08   1.000e+00
    236  254504.732     249       0  -6.286047600000000e+07   6.999e+08   1.000e+00
    237  255503.833     250       0  -6.286058000000000e+07   8.475e+08   1.000e+00
    238  256506.999     251       0  -6.286064800000000e+07   1.890e+09   1.000e+00
    239  257508.743     252       0  -6.286079200000000e+07   7.272e+08   1.000e+00
    240  258511.943     253       0  -6.286087200000000e+07   6.342e+08   1.000e+00
    241  259511.843     254       0  -6.286095200000000e+07   7.527e+08   1.000e+00
    242  260515.726     255       0  -6.286108800000000e+07   1.679e+09   1.000e+00
    243  261519.400     256       0  -6.286122000000000e+07   8.691e+08   1.000e+00
    244  262517.559     257       0  -6.286130800000000e+07   6.264e+08   1.000e+00
    245  263531.568     258       0  -6.286140800000000e+07   7.457e+08   1.000e+00
    246  264533.610     259       0  -6.286148800000000e+07   1.307e+09   1.000e+00
    247  265537.057     260       0  -6.286160800000000e+07   7.836e+08   1.000e+00
    248  266536.340     261       0  -6.286169600000000e+07   6.999e+08   1.000e+00
    249  267535.227     262       0  -6.286182000000000e+07   8.822e+08   1.000e+00
    250  268537.860     263       0  -6.286189600000000e+07   1.817e+09   1.000e+00
    251  269541.480     264       0  -6.286202400000000e+07   8.246e+08   1.000e+00
    252  270544.916     265       0  -6.286212800000000e+07   6.916e+08   1.000e+00
    253  271548.431     266       0  -6.286220800000000e+07   7.908e+08   1.000e+00
    254  272552.887     267       0  -6.286232800000000e+07   1.680e+09   1.000e+00
    255  273561.456     268       0  -6.286246400000000e+07   8.451e+08   1.000e+00
    256  274570.967     269       0  -6.286254400000000e+07   6.546e+08   1.000e+00
    257  275578.427     270       0  -6.286265600000000e+07   7.707e+08   1.000e+00
    258  276583.867     271       0  -6.286275200000000e+07   1.435e+09   1.000e+00
    259  277592.081     272       0  -6.286288400000000e+07   8.590e+08   1.000e+00
    260  278601.004     273       0  -6.286298800000000e+07   7.087e+08   1.000e+00
    261  279608.487     274       0  -6.286309200000000e+07   9.229e+08   1.000e+00
    262  280616.729     275       0  -6.286318000000000e+07   1.554e+09   1.000e+00
    263  281624.586     276       0  -6.286330000000000e+07   8.383e+08   1.000e+00
    264  282630.625     277       0  -6.286340800000000e+07   7.291e+08   1.000e+00
    265  283636.911     278       0  -6.286348400000000e+07   8.257e+08   1.000e+00
    266  284645.315     279       0  -6.286352400000000e+07   2.407e+09   1.000e+00
    267  285651.880     280       0  -6.286370800000000e+07   7.965e+08   1.000e+00
    268  286660.585     281       0  -6.286378000000000e+07   6.013e+08   1.000e+00
    269  287669.528     282       0  -6.286386400000000e+07   7.534e+08   1.000e+00
    270  288676.127     283       0  -6.286399600000000e+07   1.096e+09   1.000e+00
    271  289684.814     284       0  -6.286410800000000e+07   1.264e+09   1.000e+00
    272  290692.038     285       0  -6.286421600000000e+07   6.941e+08   1.000e+00
    273  291697.816     286       0  -6.286430800000000e+07   7.688e+08   1.000e+00
    274  292705.819     287       0  -6.286439600000000e+07   9.276e+08   1.000e+00
    275  293713.130     288       0  -6.286450800000000e+07   1.133e+09   1.000e+00
    276  294720.327     289       0  -6.286460400000000e+07   7.161e+08   1.000e+00
    277  295727.650     290       0  -6.286471600000000e+07   7.413e+08   1.000e+00
    278  296736.640     291       0  -6.286481200000000e+07   9.811e+08   1.000e+00
    279  297742.289     292       0  -6.286492800000000e+07   7.388e+08   1.000e+00
    280  298748.128     293       0  -6.286502400000000e+07   1.010e+09   1.000e+00
    281  299756.171     294       0  -6.286511200000000e+07   6.872e+08   1.000e+00
    282  300764.500     295       0  -6.286519600000000e+07   6.374e+08   1.000e+00
    283  301772.643     296       0  -6.286530800000000e+07   1.174e+09   1.000e+00
    284  302780.628     297       0  -6.286540800000000e+07   8.995e+08   1.000e+00
    285  303788.173     298       0  -6.286549200000000e+07   7.165e+08   1.000e+00
    286  304796.501     299       0  -6.286559200000000e+07   7.601e+08   1.000e+00
    287  305804.482     300       0  -6.286566800000000e+07   9.788e+08   1.000e+00
    288  306811.643     301       0  -6.286573600000000e+07   7.046e+08   1.000e+00
    289  307819.704     302       0  -6.286584000000000e+07   6.341e+08   1.000e+00
    290  308825.310     303       0  -6.286588400000000e+07   1.123e+09   1.000e+00
    291  309832.238     304       0  -6.286595200000000e+07   7.926e+08   1.000e+00
    292  310839.367     305       0  -6.286609200000000e+07   6.617e+08   1.000e+00
    293  311852.548     306       0  -6.286617200000000e+07   9.628e+08   1.000e+00
    294  312857.344     307       0  -6.286627200000000e+07   8.089e+08   1.000e+00
    295  313869.307     308       0  -6.286638000000000e+07   1.232e+09   1.000e+00
    296  314881.060     309       0  -6.286648800000000e+07   7.187e+08   1.000e+00
    297  315892.726     310       0  -6.286653600000000e+07   6.567e+08   1.000e+00
    298  316906.559     311       0  -6.286667600000000e+07   1.215e+09   1.000e+00
    299  317915.505     312       0  -6.286677200000000e+07   1.119e+09   1.000e+00
    300  318925.902     313       0  -6.286683600000000e+07   6.695e+08   1.000e+00
    301  319937.445     314       0  -6.286693200000000e+07   5.244e+08   1.000e+00
    302  320944.349     315       0  -6.286699200000000e+07   6.578e+08   1.000e+00
    303  321966.910     316       0  -6.286708800000000e+07   1.055e+09   1.000e+00
    304  322988.304     317       0  -6.286718000000000e+07   6.434e+08   1.000e+00
    305  324033.324     318       0  -6.286723600000000e+07   6.704e+08   1.000e+00
    306  325058.836     319       0  -6.286733200000000e+07   7.933e+08   1.000e+00
    307  326082.789     320       0  -6.286738800000000e+07   1.862e+09   1.000e+00
    308  327091.939     321       0  -6.286750000000000e+07   7.227e+08   1.000e+00
    309  328104.101     322       0  -6.286755600000000e+07   5.089e+08   1.000e+00
    310  329125.511     323       0  -6.286760000000000e+07   5.978e+08   1.000e+00
    311  330149.846     324       0  -6.286768000000000e+07   1.014e+09   1.000e+00
    312  331177.086     325       0  -6.286777600000000e+07   6.851e+08   1.000e+00
    313  332203.703     326       0  -6.286783600000000e+07   5.567e+08   1.000e+00
    314  333228.590     327       0  -6.286794400000000e+07   8.603e+08   1.000e+00
    315  334255.735     328       0  -6.286798000000000e+07   1.365e+09   1.000e+00
    316  335277.770     329       0  -6.286805200000000e+07   6.679e+08   1.000e+00
    317  336303.435     330       0  -6.286811600000000e+07   5.229e+08   1.000e+00
    318  337331.052     331       0  -6.286817200000000e+07   6.424e+08   1.000e+00
    319  338354.843     332       0  -6.286828000000000e+07   9.334e+08   1.000e+00
    320  339380.196     333       0  -6.286831600000000e+07   1.496e+09   1.000e+00
    321  340408.377     334       0  -6.286840800000000e+07   5.186e+08   1.000e+00
    322  341435.671     335       0  -6.286844400000000e+07   4.775e+08   1.000e+00
    323  342457.524     336       0  -6.286850800000000e+07   6.293e+08   1.000e+00
    324  343480.442     337       0  -6.286858000000000e+07   1.525e+09   1.000e+00
    325  344508.333     338       0  -6.286867600000000e+07   7.554e+08   1.000e+00
    326  345536.000     339       0  -6.286874000000000e+07   5.407e+08   1.000e+00
    327  346549.821     340       0  -6.286878800000000e+07   6.030e+08   1.000e+00
    328  347572.729     341       0  -6.286888000000000e+07   8.205e+08   1.000e+00
    329  348596.428     342       0  -6.286893600000000e+07   1.327e+09   1.000e+00
    330  349620.464     343       0  -6.286901200000000e+07   5.242e+08   1.000e+00
    331  350643.777     344       0  -6.286906400000000e+07   5.752e+08   1.000e+00
    332  351670.700     345       0  -6.286914400000000e+07   7.250e+08   1.000e+00
    333  352694.110     346       0  -6.286922400000000e+07   1.791e+09   1.000e+00
    334  353714.021     347       0  -6.286934400000000e+07   7.161e+08   1.000e+00
    335  354739.562     348       0  -6.286939600000000e+07   5.213e+08   1.000e+00
    336  355765.101     349       0  -6.286945200000000e+07   6.071e+08   1.000e+00
    337  356791.576     350       0  -6.286954800000000e+07   6.965e+08   1.000e+00
    338  357820.180     351       0  -6.286962400000000e+07   1.875e+09   1.000e+00
    339  358840.761     352       0  -6.286976000000000e+07   6.351e+08   1.000e+00
    340  359866.411     353       0  -6.286982000000000e+07   4.963e+08   1.000e+00
    341  360876.688     354       0  -6.286990400000000e+07   6.282e+08   1.000e+00
    342  361884.971     355       0  -6.286996000000000e+07   1.955e+09   1.000e+00
    343  362897.191     356       0  -6.287006000000000e+07   7.538e+08   1.000e+00
    344  363903.959     357       0  -6.287012400000000e+07   4.768e+08   1.000e+00
    345  364910.757     358       0  -6.287017600000000e+07   6.314e+08   1.000e+00
    346  365919.914     359       0  -6.287028800000000e+07   7.258e+08   1.000e+00
    347  366933.845     360       0  -6.287034000000000e+07   2.114e+09   1.000e+00
    348  367946.250     361       0  -6.287049200000000e+07   6.210e+08   1.000e+00
    349  368958.614     362       0  -6.287053600000000e+07   4.409e+08   1.000e+00
    350  369991.600     363       0  -6.287061200000000e+07   5.894e+08   1.000e+00
    351  371023.410     364       0  -6.287071600000000e+07   1.158e+09   1.000e+00
    352  372064.235     365       0  -6.287082800000000e+07   7.440e+08   1.000e+00
    353  373101.273     366       0  -6.287091600000000e+07   5.677e+08   1.000e+00
    354  374135.430     367       0  -6.287099600000000e+07   8.450e+08   1.000e+00
    355  375168.872     368       0  -6.287105600000000e+07   6.088e+08   1.000e+00
    356  376203.447     369       0  -6.287112800000000e+07   5.607e+08   1.000e+00
    357  377224.480     370       0  -6.287122400000000e+07   7.439e+08   1.000e+00
    358  378243.284     371       0  -6.287131600000000e+07   1.046e+09   1.000e+00
    359  379257.807     372       0  -6.287138800000000e+07   6.158e+08   1.000e+00
    360  380274.916     373       0  -6.287145600000000e+07   5.621e+08   1.000e+00
    361  381289.976     374       0  -6.287153600000000e+07   6.378e+08   1.000e+00
    362  382306.993     375       0  -6.287164400000000e+07   1.410e+09   1.000e+00
    363  383340.260     376       0  -6.287173200000000e+07   5.864e+08   1.000e+00
    364  384360.552     377       0  -6.287179200000000e+07   5.232e+08   1.000e+00
    365  385378.976     378       0  -6.287185200000000e+07   5.789e+08   1.000e+00
    366  386398.102     379       0  -6.287193200000000e+07   1.651e+09   1.000e+00
    367  387414.603     380       0  -6.287203200000000e+07   6.198e+08   1.000e+00
    368  388430.665     381       0  -6.287208000000000e+07   4.928e+08   1.000e+00
    369  389445.938     382       0  -6.287215600000000e+07   6.088e+08   1.000e+00
    370  390462.273     383       0  -6.287226800000000e+07   8.990e+08   1.000e+00
    371  391481.934     384       0  -6.287237600000000e+07   1.136e+09   1.000e+00
    372  392502.218     385       0  -6.287244000000000e+07   5.152e+08   1.000e+00
    373  393522.526     386       0  -6.287248400000000e+07   5.681e+08   1.000e+00
    374  394543.173     387       0  -6.287255600000000e+07   6.724e+08   1.000e+00
    375  395570.351     388       0  -6.287262400000000e+07   1.688e+09   1.000e+00
    376  396598.916     389       0  -6.287271200000000e+07   6.388e+08   1.000e+00
    377  397626.608     390       0  -6.287275600000000e+07   5.007e+08   1.000e+00
    378  398650.914     391       0  -6.287282000000000e+07   5.912e+08   1.000e+00
    379  399678.806     392       0  -6.287291600000000e+07   8.705e+08   1.000e+00
    380  400706.818     393       0  -6.287300000000000e+07   9.325e+08   1.000e+00
    381  401734.777     394       0  -6.287305600000000e+07   4.657e+08   1.000e+00
    382  402763.174     395       0  -6.287310400000000e+07   5.604e+08   1.000e+00
    383  403790.890     396       0  -6.287316800000000e+07   6.697e+08   1.000e+00
    384  404818.915     397       0  -6.287322800000000e+07   1.675e+09   1.000e+00
    385  405847.340     398       0  -6.287332400000000e+07   6.562e+08   1.000e+00
    386  406878.345     399       0  -6.287336000000000e+07   5.096e+08   1.000e+00
    387  407911.658     400       0  -6.287342000000000e+07   5.642e+08   1.000e+00
    388  408943.308     401       0  -6.287350400000000e+07   6.479e+08   1.000e+00
    389  410956.304     403       0  -6.287356000000000e+07   9.810e+08   4.881e-01
    390  411957.355     404       0  -6.287362400000000e+07   5.367e+08   1.000e+00
    391  412956.599     405       0  -6.287367200000000e+07   4.885e+08   1.000e+00
    392  413970.212     406       0  -6.287374800000000e+07   6.921e+08   1.000e+00
    393  414968.909     407       0  -6.287378800000000e+07   1.167e+09   1.000e+00
    394  415968.257     408       0  -6.287384400000000e+07   5.415e+08   1.000e+00
    395  416969.017     409       0  -6.287388400000000e+07   4.864e+08   1.000e+00
    396  417969.378     410       0  -6.287393200000000e+07   5.707e+08   1.000e+00
    397  418972.420     411       0  -6.287399200000000e+07   1.392e+09   1.000e+00
    398  419970.944     412       0  -6.287406800000000e+07   6.448e+08   1.000e+00
    399  420972.248     413       0  -6.287410400000000e+07   4.644e+08   1.000e+00
    400  421975.098     414       0  -6.287414400000000e+07   4.934e+08   1.000e+00
    401  422977.373     415       0  -6.287417600000000e+07   9.550e+08   1.000e+00
    402  423981.442     416       0  -6.287421200000000e+07   5.207e+08   1.000e+00
    403  424984.546     417       0  -6.287426800000000e+07   5.052e+08   1.000e+00
    404  425987.796     418       0  -6.287431600000000e+07   5.701e+08   1.000e+00
    405  427968.392     420       0  -6.287434800000000e+07   9.460e+08   5.000e-01
    406  428973.012     421       0  -6.287440400000000e+07   5.734e+08   1.000e+00
    407  429980.524     422       0  -6.287444400000000e+07   4.263e+08   1.000e+00
    408  430985.362     423       0  -6.287448000000000e+07   6.405e+08   1.000e+00
    409  431996.785     424       0  -6.287450400000000e+07   5.779e+08   1.000e+00
    410  433001.633     425       0  -6.287454400000000e+07   5.251e+08   1.000e+00
    411  434007.587     426       0  -6.287458800000000e+07   9.443e+08   1.000e+00
    412  435012.342     427       0  -6.287463200000000e+07   5.440e+08   1.000e+00
    413  436016.646     428       0  -6.287466400000000e+07   4.980e+08   1.000e+00
    414  437024.739     429       0  -6.287470000000000e+07   5.829e+08   1.000e+00
    415  439004.940     431       0  -6.287472800000000e+07   7.175e+08   4.511e-01
    416  440009.144     432       0  -6.287476400000000e+07   5.356e+08   1.000e+00
    417  441015.916     433       0  -6.287481200000000e+07   5.361e+08   1.000e+00
    418  442023.607     434       0  -6.287482800000000e+07   8.840e+08   1.000e+00
    419  443031.518     435       0  -6.287486000000000e+07   4.903e+08   1.000e+00
    420  444050.659     436       0  -6.287490400000000e+07   4.702e+08   1.000e+00
    421  445056.707     437       0  -6.287493600000000e+07   5.668e+08   1.000e+00
    422  446064.673     438       0  -6.287501200000000e+07   8.591e+08   1.000e+00
    423  447070.863     439       0  -6.287502800000000e+07   1.369e+09   1.000e+00
    424  448075.930     440       0  -6.287510400000000e+07   5.092e+08   1.000e+00
    425  449084.697     441       0  -6.287512800000000e+07   3.863e+08   1.000e+00
    426  450091.614     442       0  -6.287516800000000e+07   5.102e+08   1.000e+00
    427  451099.989     443       0  -6.287520800000000e+07   1.043e+09   1.000e+00
    428  452112.097     444       0  -6.287526400000000e+07   6.003e+08   1.000e+00
    429  453129.822     445       0  -6.287531200000000e+07   4.465e+08   1.000e+00
    430  454147.993     446       0  -6.287534800000000e+07   5.543e+08   1.000e+00
    431  455161.473     447       0  -6.287536400000000e+07   1.100e+09   1.000e+00
    432  456177.855     448       0  -6.287541200000000e+07   4.965e+08   1.000e+00
    433  457194.682     449       0  -6.287545200000000e+07   4.438e+08   1.000e+00
    434  458209.377     450       0  -6.287548400000000e+07   5.339e+08   1.000e+00
    435  459227.858     451       0  -6.287552400000000e+07   1.172e+09   1.000e+00
    436  460247.173     452       0  -6.287558000000000e+07   6.326e+08   1.000e+00
    437  461262.909     453       0  -6.287562000000000e+07   4.251e+08   1.000e+00
    438  462277.071     454       0  -6.287564800000000e+07   4.646e+08   1.000e+00
    439  463295.891     455       0  -6.287568000000000e+07   7.336e+08   1.000e+00
    440  464316.540     456       0  -6.287572000000000e+07   5.325e+08   1.000e+00
    441  465345.660     457       0  -6.287574800000000e+07   4.615e+08   1.000e+00
    442  466372.943     458       0  -6.287578800000000e+07   7.816e+08   1.000e+00
    443  467400.814     459       0  -6.287582000000000e+07   5.675e+08   1.000e+00
    444  468427.426     460       0  -6.287586000000000e+07   4.995e+08   1.000e+00
    445  469450.726     461       0  -6.287591600000000e+07   6.406e+08   1.000e+00
    446  471438.205     463       0  -6.287593200000000e+07   5.412e+08   4.786e-01
    447  472437.144     464       0  -6.287596000000000e+07   4.862e+08   1.000e+00
    448  473448.045     465       0  -6.287599200000000e+07   6.844e+08   1.000e+00
    449  475422.141     467       0  -6.287600800000000e+07   4.740e+08   5.000e-01
    450  476421.665     468       0  -6.287603600000000e+07   4.742e+08   1.000e+00
    451  477421.058     469       0  -6.287608400000000e+07   6.033e+08   1.000e+00
    452  479393.924     471       0  -6.287610400000000e+07   6.317e+08   4.789e-01
    453  480393.288     472       0  -6.287614400000000e+07   4.867e+08   1.000e+00
    454  481391.694     473       0  -6.287618000000000e+07   5.862e+08   1.000e+00
    455  482389.199     474       0  -6.287620800000000e+07   8.776e+08   1.000e+00
    456  483394.090     475       0  -6.287624000000000e+07   4.779e+08   1.000e+00
    457  484397.920     476       0  -6.287627600000000e+07   3.977e+08   1.000e+00
    458  485400.853     477       0  -6.287630400000000e+07   4.591e+08   1.000e+00
    459  486405.664     478       0  -6.287633600000000e+07   1.159e+09   1.000e+00
    460  487411.853     479       0  -6.287639200000000e+07   5.279e+08   1.000e+00
    461  488419.829     480       0  -6.287641200000000e+07   4.029e+08   1.000e+00
    462  489428.320     481       0  -6.287646000000000e+07   4.505e+08   1.000e+00
    463  490435.849     482       0  -6.287646400000000e+07   1.284e+09   1.000e+00
    464  491443.680     483       0  -6.287650800000000e+07   4.809e+08   1.000e+00
    465  492451.500     484       0  -6.287652400000000e+07   3.380e+08   1.000e+00
    466  493459.402     485       0  -6.287655200000000e+07   4.348e+08   1.000e+00
    467  494463.642     486       0  -6.287658000000000e+07   6.005e+08   1.000e+00
    468  495471.614     487       0  -6.287661600000000e+07   5.635e+08   1.000e+00
    469  496480.250     488       0  -6.287664400000000e+07   3.482e+08   1.000e+00
    470  497488.250     489       0  -6.287668000000000e+07   4.648e+08   1.000e+00
    471  498495.764     490       0  -6.287671600000000e+07   6.677e+08   1.000e+00
    472  499503.969     491       0  -6.287675600000000e+07   4.645e+08   1.000e+00
    473  500511.848     492       0  -6.287679200000000e+07   4.103e+08   1.000e+00
    474  501520.443     493       0  -6.287680800000000e+07   1.024e+09   1.000e+00
    475  502528.040     494       0  -6.287684400000000e+07   4.248e+08   1.000e+00
    476  503546.008     495       0  -6.287687200000000e+07   3.461e+08   1.000e+00
    477  504551.733     496       0  -6.287690000000000e+07   4.441e+08   1.000e+00
    478  505559.639     497       0  -6.287693200000000e+07   6.148e+08   1.000e+00
    479  506568.069     498       0  -6.287696000000000e+07   1.118e+09   1.000e+00
    480  507576.576     499       0  -6.287700800000000e+07   3.994e+08   1.000e+00
    481  508583.819     500       0  -6.287702800000000e+07   3.611e+08   1.000e+00
    482  509593.199     501       0  -6.287705600000000e+07   4.224e+08   1.000e+00
    483  510599.938     502       0  -6.287707200000000e+07   1.266e+09   1.000e+00
    484  511608.366     503       0  -6.287712000000000e+07   4.615e+08   1.000e+00
    485  512613.127     504       0  -6.287713600000000e+07   3.323e+08   1.000e+00
    486  513619.792     505       0  -6.287716400000000e+07   4.241e+08   1.000e+00
    487  514625.457     506       0  -6.287720000000000e+07   6.007e+08   1.000e+00
    488  515632.704     507       0  -6.287722400000000e+07   6.877e+08   1.000e+00
    489  516641.091     508       0  -6.287726000000000e+07   3.287e+08   1.000e+00
    490  517648.643     509       0  -6.287728800000000e+07   4.058e+08   1.000e+00
    491  518652.353     510       0  -6.287731200000000e+07   4.719e+08   1.000e+00
    492  519659.685     511       0  -6.287736000000000e+07   1.129e+09   1.000e+00
    493  520668.340     512       0  -6.287740400000000e+07   4.831e+08   1.000e+00
    494  521679.796     513       0  -6.287743200000000e+07   3.919e+08   1.000e+00
    495  522695.431     514       0  -6.287746400000000e+07   4.338e+08   1.000e+00
    496  523711.573     515       0  -6.287751200000000e+07   8.785e+08   1.000e+00
    497  524725.316     516       0  -6.287754400000000e+07   4.549e+08   1.000e+00
    498  525737.198     517       0  -6.287757600000000e+07   3.615e+08   1.000e+00
    499  526755.529     518       0  -6.287762000000000e+07   4.722e+08   1.000e+00
    500  527774.815     519       0  -6.287764800000000e+07   1.107e+09   1.000e+00
    501  528791.414     520       0  -6.287768400000000e+07   4.952e+08   1.000e+00
    502  529808.404     521       0  -6.287771600000000e+07   3.687e+08   1.000e+00
    503  530827.692     522       0  -6.287774400000000e+07   4.394e+08   1.000e+00
    504  531847.278     523       0  -6.287779600000000e+07   7.120e+08   1.000e+00
    505  532863.123     524       0  -6.287784800000000e+07   7.124e+08   1.000e+00
    506  533878.859     525       0  -6.287787600000000e+07   3.580e+08   1.000e+00
    507  534892.827     526       0  -6.287790400000000e+07   4.292e+08   1.000e+00
    508  535911.365     527       0  -6.287794400000000e+07   4.979e+08   1.000e+00
    509  536931.837     528       0  -6.287798400000000e+07   1.223e+09   1.000e+00
    510  537948.204     529       0  -6.287805200000000e+07   5.293e+08   1.000e+00
    511  538967.054     530       0  -6.287808400000000e+07   4.074e+08   1.000e+00
    512  539983.666     531       0  -6.287811200000000e+07   4.421e+08   1.000e+00
    513  541000.307     532       0  -6.287816400000000e+07   7.272e+08   1.000e+00
    514  542019.932     533       0  -6.287822000000000e+07   5.128e+08   1.000e+00
    515  543038.983     534       0  -6.287825600000000e+07   3.936e+08   1.000e+00
    516  544055.970     535       0  -6.287832000000000e+07   4.906e+08   1.000e+00
    517  545059.278     536       0  -6.287834800000000e+07   1.155e+09   1.000e+00
    518  546066.272     537       0  -6.287838000000000e+07   5.167e+08   1.000e+00
    519  547072.475     538       0  -6.287842000000000e+07   3.515e+08   1.000e+00
    520  548083.320     539       0  -6.287845200000000e+07   4.394e+08   1.000e+00
    521  549095.820     540       0  -6.287851600000000e+07   5.397e+08   1.000e+00
    522  550110.050     541       0  -6.287853600000000e+07   1.572e+09   1.000e+00
    523  551126.380     542       0  -6.287861600000000e+07   4.225e+08   1.000e+00
    524  552142.491     543       0  -6.287863200000000e+07   3.277e+08   1.000e+00
    525  553159.064     544       0  -6.287868000000000e+07   4.320e+08   1.000e+00
    526  554172.659     545       0  -6.287873200000000e+07   8.017e+08   1.000e+00
    527  555191.203     546       0  -6.287878800000000e+07   5.770e+08   1.000e+00
    528  556207.153     547       0  -6.287882400000000e+07   4.081e+08   1.000e+00
    529  557222.954     548       0  -6.287886800000000e+07   5.038e+08   1.000e+00
    530  558239.407     549       0  -6.287889600000000e+07   4.841e+08   1.000e+00
    531  559253.745     550       0  -6.287893200000000e+07   4.109e+08   1.000e+00
    532  560270.724     551       0  -6.287900000000000e+07   7.500e+08   1.000e+00
    533  561285.661     552       0  -6.287904400000000e+07   7.196e+08   1.000e+00
    534  562303.366     553       0  -6.287907200000000e+07   4.156e+08   1.000e+00
    535  563329.887     554       0  -6.287910400000000e+07   3.445e+08   1.000e+00
    536  564346.936     555       0  -6.287914000000000e+07   4.573e+08   1.000e+00
    537  565361.773     556       0  -6.287918400000000e+07   1.037e+09   1.000e+00
    538  566379.205     557       0  -6.287923200000000e+07   4.078e+08   1.000e+00
    539  567394.702     558       0  -6.287926000000000e+07   3.701e+08   1.000e+00
    540  568408.922     559       0  -6.287929200000000e+07   4.321e+08   1.000e+00
    541  569428.778     560       0  -6.287932800000000e+07   1.271e+09   1.000e+00
    542  570447.020     561       0  -6.287937600000000e+07   4.772e+08   1.000e+00
    543  571463.567     562       0  -6.287940800000000e+07   3.388e+08   1.000e+00
    544  572478.793     563       0  -6.287943600000000e+07   4.275e+08   1.000e+00
    545  573495.577     564       0  -6.287948800000000e+07   6.201e+08   1.000e+00
    546  574509.375     565       0  -6.287954400000000e+07   6.883e+08   1.000e+00
    547  575532.783     566       0  -6.287957600000000e+07   3.677e+08   1.000e+00
    548  576560.169     567       0  -6.287960800000000e+07   4.349e+08   1.000e+00
    549  577582.190     568       0  -6.287964000000000e+07   5.188e+08   1.000e+00
    550  578608.283     569       0  -6.287968800000000e+07   6.773e+08   1.000e+00
    551  579636.275     570       0  -6.287973200000000e+07   4.037e+08   1.000e+00
    552  580658.821     571       0  -6.287976800000000e+07   3.985e+08   1.000e+00
    553  581681.401     572       0  -6.287981200000000e+07   4.869e+08   1.000e+00
    554  582708.870     573       0  -6.287986400000000e+07   4.773e+08   1.000e+00
    555  583735.537     574       0  -6.287989600000000e+07   5.204e+08   1.000e+00
    556  584759.244     575       0  -6.287992800000000e+07   4.106e+08   1.000e+00
    557  585783.163     576       0  -6.287996800000000e+07   3.817e+08   1.000e+00
    558  586808.263     577       0  -6.287998800000000e+07   8.482e+08   1.000e+00
    559  587830.969     578       0  -6.288002400000000e+07   4.194e+08   1.000e+00
    560  588855.714     579       0  -6.288006000000000e+07   3.538e+08   1.000e+00
    561  589881.413     580       0  -6.288008400000000e+07   3.702e+08   1.000e+00
    562  590908.075     581       0  -6.288014000000000e+07   8.604e+08   1.000e+00
    563  591935.921     582       0  -6.288018000000000e+07   3.841e+08   1.000e+00
    564  592958.888     583       0  -6.288019200000000e+07   3.399e+08   1.000e+00
    565  593998.387     584       0  -6.288022800000000e+07   5.474e+08   1.000e+00
    566  595024.688     585       0  -6.288026000000000e+07   6.671e+08   1.000e+00
    567  596049.316     586       0  -6.288028800000000e+07   4.064e+08   1.000e+00
    568  597075.582     587       0  -6.288032000000000e+07   3.291e+08   1.000e+00
    569  598099.490     588       0  -6.288034000000000e+07   4.031e+08   1.000e+00
    570  599118.167     589       0  -6.288038800000000e+07   4.130e+08   1.000e+00
    571  600144.296     590       0  -6.288041200000000e+07   5.091e+08   1.000e+00
    572  601168.504     591       0  -6.288043200000000e+07   4.261e+08   1.000e+00
    573  602196.237     592       0  -6.288046400000000e+07   4.479e+08   1.000e+00
    574  603225.556     593       0  -6.288047600000000e+07   6.820e+08   1.000e+00
    575  604252.221     594       0  -6.288050800000000e+07   4.126e+08   1.000e+00
    576  605280.912     595       0  -6.288052800000000e+07   3.395e+08   1.000e+00
    577  606293.817     596       0  -6.288054400000000e+07   3.956e+08   1.000e+00
    578  607306.179     597       0  -6.288058400000000e+07   5.364e+08   1.000e+00
    579  608326.858     598       0  -6.288060400000000e+07   4.838e+08   1.000e+00
    580  609350.218     599       0  -6.288063200000000e+07   4.241e+08   1.000e+00
    581  610371.135     600       0  -6.288066800000000e+07   4.841e+08   1.000e+00
    582  611391.258     601       0  -6.288068800000000e+07   8.138e+08   1.000e+00
    583  612413.168     602       0  -6.288071200000000e+07   4.106e+08   1.000e+00
    584  613433.998     603       0  -6.288073600000000e+07   3.298e+08   1.000e+00
    585  614454.447     604       0  -6.288075600000000e+07   3.925e+08   1.000e+00
    586  615470.773     605       0  -6.288078400000000e+07   6.583e+08   1.000e+00
    587  616490.776     606       0  -6.288081600000000e+07   5.021e+08   1.000e+00
    588  617511.049     607       0  -6.288083600000000e+07   3.809e+08   1.000e+00
    589  618529.827     608       0  -6.288087200000000e+07   3.879e+08   1.000e+00
    590  619550.698     609       0  -6.288090000000000e+07   8.428e+08   1.000e+00
    591  620581.524     610       0  -6.288092800000000e+07   4.387e+08   1.000e+00
    592  621616.576     611       0  -6.288095200000000e+07   3.349e+08   1.000e+00
    593  622652.600     612       0  -6.288096800000000e+07   3.873e+08   1.000e+00
    594  623687.978     613       0  -6.288103200000000e+07   6.217e+08   1.000e+00
    595  624720.092     614       0  -6.288104400000000e+07   1.092e+09   1.000e+00
    596  625752.736     615       0  -6.288108000000000e+07   3.320e+08   1.000e+00
    597  626787.403     616       0  -6.288109600000000e+07   2.820e+08   1.000e+00
    598  627818.636     617       0  -6.288112400000000e+07   3.886e+08   1.000e+00
    599  628852.821     618       0  -6.288116400000000e+07   6.531e+08   1.000e+00
    600  629888.996     619       0  -6.288121600000000e+07   5.822e+08   1.000e+00
    601  630912.400     620       0  -6.288124800000000e+07   3.814e+08   1.000e+00
    602  631933.617     621       0  -6.288127600000000e+07   4.040e+08   1.000e+00
    603  632959.905     622       0  -6.288130000000000e+07   4.817e+08   1.000e+00
    604  633984.356     623       0  -6.288132800000000e+07   3.636e+08   1.000e+00
    605  635006.668     624       0  -6.288137600000000e+07   4.152e+08   1.000e+00
    606  636030.946     625       0  -6.288139600000000e+07   7.904e+08   1.000e+00
    607  637052.848     626       0  -6.288142400000000e+07   3.581e+08   1.000e+00
    608  638074.037     627       0  -6.288144000000000e+07   3.168e+08   1.000e+00
    609  639098.027     628       0  -6.288146800000000e+07   4.032e+08   1.000e+00
    610  640122.366     629       0  -6.288150400000000e+07   5.585e+08   1.000e+00
    611  642123.779     631       0  -6.288152800000000e+07   6.955e+08   4.623e-01
    612  643123.409     632       0  -6.288156400000000e+07   3.809e+08   1.000e+00
    613  644121.580     633       0  -6.288158800000000e+07   3.079e+08   1.000e+00
    614  645119.703     634       0  -6.288162000000000e+07   3.900e+08   1.000e+00
    615  646118.866     635       0  -6.288162800000000e+07   8.560e+08   1.000e+00
    616  647118.062     636       0  -6.288165600000000e+07   3.913e+08   1.000e+00
    617  648117.505     637       0  -6.288167600000000e+07   3.540e+08   1.000e+00
    618  649116.013     638       0  -6.288170000000000e+07   4.049e+08   1.000e+00
    619  650114.807     639       0  -6.288171600000000e+07   8.939e+08   1.000e+00
    620  651112.874     640       0  -6.288174800000000e+07   4.102e+08   1.000e+00
    621  652112.324     641       0  -6.288176400000000e+07   2.993e+08   1.000e+00
    622  653111.650     642       0  -6.288177200000000e+07   3.356e+08   1.000e+00
    623  654114.366     643       0  -6.288178400000000e+07   7.119e+08   1.000e+00
    624  655113.190     644       0  -6.288180000000000e+07   3.868e+08   1.000e+00
    625  656111.467     645       0  -6.288182400000000e+07   3.230e+08   1.000e+00
    626  657110.965     646       0  -6.288184000000000e+07   3.448e+08   1.000e+00
    627  659084.859     648       0  -6.288184800000000e+07   6.333e+08   5.000e-01
    628  660083.645     649       0  -6.288187200000000e+07   3.684e+08   1.000e+00
    629  661082.792     650       0  -6.288189200000000e+07   3.079e+08   1.000e+00
    630  662081.581     651       0  -6.288190800000000e+07   5.260e+08   1.000e+00
    631  663079.916     652       0  -6.288193600000000e+07   4.480e+08   1.000e+00
    632  664079.116     653       0  -6.288195200000000e+07   3.715e+08   1.000e+00
    633  665078.455     654       0  -6.288198800000000e+07   5.754e+08   1.000e+00
    634  666077.787     655       0  -6.288200400000000e+07   3.779e+08   1.000e+00
    635  667075.641     656       0  -6.288202000000000e+07   3.406e+08   1.000e+00
    636  668079.839     657       0  -6.288204800000000e+07   4.705e+08   1.000e+00
    637  670062.524     659       0  -6.288206400000000e+07   4.103e+08   5.000e-01
    638  671059.760     660       0  -6.288207600000000e+07   3.667e+08   1.000e+00
    639  672066.958     661       0  -6.288210000000000e+07   5.379e+08   1.000e+00
    640  673067.971     662       0  -6.288210400000000e+07   6.537e+08   1.000e+00
    641  674069.068     663       0  -6.288211200000000e+07   3.093e+08   1.000e+00
    642  675067.774     664       0  -6.288212800000000e+07   2.484e+08   1.000e+00
    643  676066.928     665       0  -6.288215200000000e+07   3.686e+08   1.000e+00
    644  677064.961     666       0  -6.288217200000000e+07   6.035e+08   1.000e+00
    645  678063.439     667       0  -6.288218800000000e+07   4.198e+08   1.000e+00
    646  679061.936     668       0  -6.288220800000000e+07   3.227e+08   1.000e+00
    647  680061.567     669       0  -6.288223600000000e+07   4.659e+08   1.000e+00
    648  681059.554     670       0  -6.288224000000000e+07   4.275e+08   1.000e+00
    649  682058.683     671       0  -6.288225600000000e+07   3.318e+08   1.000e+00
    650  683056.638     672       0  -6.288228000000000e+07   4.009e+08   1.000e+00
    651  684063.829     673       0  -6.288228800000000e+07   5.854e+08   1.000e+00
    652  685062.231     674       0  -6.288230000000000e+07   3.738e+08   1.000e+00
    653  686061.826     675       0  -6.288231200000000e+07   2.994e+08   1.000e+00
    654  687058.933     676       0  -6.288232400000000e+07   3.161e+08   1.000e+00
    655  689033.515     678       0  -6.288232800000000e+07   4.145e+08   3.622e-01
    656  690032.245     679       0  -6.288234000000000e+07   2.827e+08   1.000e+00
    657  691030.472     680       0  -6.288234400000000e+07   3.209e+08   1.000e+00
    658  692029.019     681       0  -6.288235600000000e+07   4.926e+08   1.000e+00
    659  693027.857     682       0  -6.288237200000000e+07   4.449e+08   1.000e+00
    660  694027.776     683       0  -6.288238800000000e+07   3.609e+08   1.000e+00
    661  695026.561     684       0  -6.288241200000000e+07   4.241e+08   1.000e+00
    662  696999.741     686       0  -6.288242400000000e+07   3.341e+08   5.000e-01
    663  697998.802     687       0  -6.288243600000000e+07   3.226e+08   1.000e+00
    664  699972.680     689       0  -6.288244000000000e+07   3.526e+08   5.000e-01
    665  701954.522     691       0  -6.288244400000000e+07   2.493e+08   5.000e-01
    666  702953.478     692       0  -6.288245200000000e+07   3.471e+08   1.000e+00
    667  704927.987     694       0  -6.288246000000000e+07   2.759e+08   5.000e-01
    668  705927.918     695       0  -6.288247200000000e+07   3.335e+08   1.000e+00
    669  706926.757     696       0  -6.288248800000000e+07   5.857e+08   1.000e+00
    670  707926.673     697       0  -6.288251200000000e+07   3.707e+08   1.000e+00
    671  708925.653     698       0  -6.288252800000000e+07   2.832e+08   1.000e+00
    672  709924.819     699       0  -6.288255200000000e+07   3.559e+08   1.000e+00
    673  710924.894     700       0  -6.288256400000000e+07   7.713e+08   1.000e+00
    674  711929.758     701       0  -6.288258400000000e+07   3.368e+08   1.000e+00
    675  712935.584     702       0  -6.288259200000000e+07   2.491e+08   1.000e+00
    676  713957.881     703       0  -6.288260800000000e+07   3.033e+08   1.000e+00
    677  714964.098     704       0  -6.288262800000000e+07   4.705e+08   1.000e+00
    678  715978.711     705       0  -6.288264400000000e+07   5.929e+08   1.000e+00
    679  717007.632     706       0  -6.288266400000000e+07   2.744e+08   1.000e+00
    680  718038.224     707       0  -6.288267600000000e+07   2.988e+08   1.000e+00
    681  719066.698     708       0  -6.288269600000000e+07   3.600e+08   1.000e+00
    682  721067.587     710       0  -6.288270800000000e+07   5.544e+08   5.000e-01
    683  722066.436     711       0  -6.288272800000000e+07   3.598e+08   1.000e+00
    684  723065.729     712       0  -6.288275200000000e+07   3.378e+08   1.000e+00
    685  724065.734     713       0  -6.288276400000000e+07   5.109e+08   1.000e+00
    686  725063.515     714       0  -6.288278000000000e+07   3.094e+08   1.000e+00
    687  726063.223     715       0  -6.288280000000000e+07   3.125e+08   1.000e+00
    688  727062.453     716       0  -6.288282000000000e+07   3.699e+08   1.000e+00
    689  728061.557     717       0  -6.288283600000000e+07   9.132e+08   1.000e+00
    690  729069.211     718       0  -6.288286400000000e+07   3.403e+08   1.000e+00
    691  730073.260     719       0  -6.288287600000000e+07   2.678e+08   1.000e+00
    692  731078.330     720       0  -6.288289600000000e+07   3.099e+08   1.000e+00
    693  732091.104     721       0  -6.288291200000000e+07   7.937e+08   1.000e+00
    694  733096.355     722       0  -6.288293600000000e+07   4.061e+08   1.000e+00
    695  734104.503     723       0  -6.288295600000000e+07   2.720e+08   1.000e+00
    696  735112.667     724       0  -6.288296800000000e+07   3.200e+08   1.000e+00
    697  736120.544     725       0  -6.288299200000000e+07   6.165e+08   1.000e+00
    698  737125.331     726       0  -6.288302000000000e+07   3.715e+08   1.000e+00
    699  738132.112     727       0  -6.288303200000000e+07   2.959e+08   1.000e+00
    700  739137.574     728       0  -6.288305600000000e+07   3.908e+08   1.000e+00
    701  740143.701     729       0  -6.288307200000000e+07   6.593e+08   1.000e+00
    702  741152.336     730       0  -6.288309600000000e+07   3.515e+08   1.000e+00
    703  742159.846     731       0  -6.288312000000000e+07   3.022e+08   1.000e+00
    704  743168.081     732       0  -6.288313600000000e+07   3.276e+08   1.000e+00
    705  744177.571     733       0  -6.288314800000000e+07   9.814e+08   1.000e+00
    706  745184.712     734       0  -6.288318000000000e+07   2.891e+08   1.000e+00
    707  746202.786     735       0  -6.288319600000000e+07   2.355e+08   1.000e+00
    708  747219.140     736       0  -6.288322000000000e+07   3.038e+08   1.000e+00
    709  748236.311     737       0  -6.288324000000000e+07   5.800e+08   1.000e+00
    710  749254.370     738       0  -6.288327200000000e+07   4.044e+08   1.000e+00
    711  750271.389     739       0  -6.288328800000000e+07   2.926e+08   1.000e+00
    712  751288.265     740       0  -6.288331600000000e+07   3.797e+08   1.000e+00
    713  752307.035     741       0  -6.288332400000000e+07   4.470e+08   1.000e+00
    714  753323.427     742       0  -6.288333600000000e+07   3.090e+08   1.000e+00
    715  754336.446     743       0  -6.288336800000000e+07   3.098e+08   1.000e+00
    716  755354.712     744       0  -6.288338400000000e+07   5.148e+08   1.000e+00
    717  756369.156     745       0  -6.288340000000000e+07   3.515e+08   1.000e+00
    718  757387.158     746       0  -6.288343200000000e+07   3.439e+08   1.000e+00
    719  758402.834     747       0  -6.288344800000000e+07   3.852e+08   1.000e+00
    720  759417.872     748       0  -6.288346000000000e+07   2.965e+08   1.000e+00
    721  760435.138     749       0  -6.288348800000000e+07   3.806e+08   1.000e+00
    722  761449.801     750       0  -6.288350400000000e+07   5.171e+08   1.000e+00
    723  762467.524     751       0  -6.288351200000000e+07   3.374e+08   1.000e+00
    724  763484.679     752       0  -6.288354400000000e+07   2.825e+08   1.000e+00
    725  764502.880     753       0  -6.288356000000000e+07   3.076e+08   1.000e+00
    726  765519.070     754       0  -6.288359200000000e+07   4.938e+08   1.000e+00
    727  766534.078     755       0  -6.288362000000000e+07   3.272e+08   1.000e+00
    728  767551.217     756       0  -6.288362400000000e+07   2.848e+08   1.000e+00
    729  768565.101     757       0  -6.288364800000000e+07   2.957e+08   1.000e+00
    730  769583.651     758       0  -6.288367200000000e+07   6.915e+08   1.000e+00
    731  770602.800     759       0  -6.288369600000000e+07   3.257e+08   1.000e+00
    732  771620.336     760       0  -6.288371200000000e+07   2.478e+08   1.000e+00
    733  772635.476     761       0  -6.288372800000000e+07   2.661e+08   1.000e+00
    734  773651.052     762       0  -6.288375600000000e+07   6.098e+08   1.000e+00
    735  774665.147     763       0  -6.288378000000000e+07   2.641e+08   1.000e+00
    736  775683.419     764       0  -6.288379200000000e+07   2.415e+08   1.000e+00
    737  776703.008     765       0  -6.288381200000000e+07   3.179e+08   1.000e+00
    738  777719.938     766       0  -6.288382800000000e+07   7.816e+08   1.000e+00
    739  778733.797     767       0  -6.288385200000000e+07   3.472e+08   1.000e+00
    740  779751.174     768       0  -6.288386400000000e+07   2.469e+08   1.000e+00
    741  780766.648     769       0  -6.288388400000000e+07   2.872e+08   1.000e+00
    742  781783.623     770       0  -6.288390400000000e+07   4.317e+08   1.000e+00
    743  782797.382     771       0  -6.288393600000000e+07   6.305e+08   1.000e+00
    744  783814.999     772       0  -6.288395200000000e+07   2.547e+08   1.000e+00
    745  784827.674     773       0  -6.288396000000000e+07   2.532e+08   1.000e+00
    746  785840.729     774       0  -6.288396400000000e+07   3.127e+08   1.000e+00
    747  786859.690     775       0  -6.288398400000000e+07   8.214e+08   1.000e+00
    748  787876.171     776       0  -6.288400800000000e+07   3.617e+08   1.000e+00
    749  788895.030     777       0  -6.288402800000000e+07   2.581e+08   1.000e+00
    750  789910.349     778       0  -6.288404000000000e+07   2.932e+08   1.000e+00
    751  790927.112     779       0  -6.288406400000000e+07   3.192e+08   1.000e+00
    752  791950.174     780       0  -6.288407200000000e+07   1.089e+09   1.000e+00
    753  792965.695     781       0  -6.288410400000000e+07   2.753e+08   1.000e+00
    754  793983.348     782       0  -6.288411200000000e+07   2.090e+08   1.000e+00
    755  795004.261     783       0  -6.288412800000000e+07   2.801e+08   1.000e+00
    756  796031.046     784       0  -6.288414400000000e+07   4.572e+08   1.000e+00
    757  797055.587     785       0  -6.288416800000000e+07   3.589e+08   1.000e+00
    758  798077.395     786       0  -6.288418000000000e+07   2.506e+08   1.000e+00
    759  799103.791     787       0  -6.288420000000000e+07   3.007e+08   1.000e+00
    760  800129.128     788       0  -6.288421200000000e+07   3.196e+08   1.000e+00
    761  801156.260     789       0  -6.288423200000000e+07   2.589e+08   1.000e+00
    762  802168.533     790       0  -6.288426400000000e+07   4.671e+08   1.000e+00
    763  803187.701     791       0  -6.288428400000000e+07   5.002e+08   1.000e+00
    764  804213.136     792       0  -6.288429200000000e+07   2.414e+08   1.000e+00
    765  805240.045     793       0  -6.288430000000000e+07   2.006e+08   1.000e+00
    766  806264.422     794       0  -6.288431600000000e+07   2.774e+08   1.000e+00
    767  807291.232     795       0  -6.288434400000000e+07   5.584e+08   1.000e+00
    768  808313.230     796       0  -6.288436400000000e+07   2.948e+08   1.000e+00
    769  809337.742     797       0  -6.288438800000000e+07   2.243e+08   1.000e+00
    770  810363.121     798       0  -6.288440800000000e+07   2.901e+08   1.000e+00
    771  811385.410     799       0  -6.288442400000000e+07   5.658e+08   1.000e+00
    772  812412.101     800       0  -6.288443600000000e+07   2.778e+08   1.000e+00
    773  813433.909     801       0  -6.288445600000000e+07   2.366e+08   1.000e+00
    774  814459.994     802       0  -6.288446800000000e+07   3.007e+08   1.000e+00
    775  815483.623     803       0  -6.288450000000000e+07   5.852e+08   1.000e+00
    776  816504.645     804       0  -6.288452400000000e+07   3.292e+08   1.000e+00
    777  817528.101     805       0  -6.288453600000000e+07   2.501e+08   1.000e+00
    778  818555.667     806       0  -6.288456400000000e+07   2.850e+08   1.000e+00
    779  819583.895     807       0  -6.288457600000000e+07   7.087e+08   1.000e+00
    780  820611.334     808       0  -6.288459200000000e+07   2.861e+08   1.000e+00
    781  821639.098     809       0  -6.288459600000000e+07   2.200e+08   1.000e+00
    782  822663.705     810       0  -6.288461200000000e+07   2.700e+08   1.000e+00
    783  823686.775     811       0  -6.288463200000000e+07   3.968e+08   1.000e+00
    784  824710.938     812       0  -6.288464800000000e+07   5.851e+08   1.000e+00
    785  825736.179     813       0  -6.288466400000000e+07   2.379e+08   1.000e+00
    786  826757.730     814       0  -6.288467200000000e+07   2.465e+08   1.000e+00
    787  827782.670     815       0  -6.288468800000000e+07   2.946e+08   1.000e+00
    788  828804.087     816       0  -6.288469200000000e+07   8.457e+08   1.000e+00
    789  829825.689     817       0  -6.288472000000000e+07   3.032e+08   1.000e+00
    790  830851.363     818       0  -6.288472800000000e+07   2.120e+08   1.000e+00
    791  831878.437     819       0  -6.288473600000000e+07   2.580e+08   1.000e+00
    792  832901.792     820       0  -6.288474000000000e+07   3.087e+08   1.000e+00
    793  833940.019     821       0  -6.288475200000000e+07   8.556e+08   1.000e+00
    794  834962.774     822       0  -6.288477200000000e+07   2.214e+08   1.000e+00
    795  835987.695     823       0  -6.288478400000000e+07   2.000e+08   1.000e+00
    796  837020.371     824       0  -6.288479600000000e+07   2.591e+08   1.000e+00
    797  838056.072     825       0  -6.288480000000000e+07   6.686e+08   1.000e+00
    798  839088.627     826       0  -6.288481600000000e+07   3.272e+08   1.000e+00
    799  840121.101     827       0  -6.288483200000000e+07   2.353e+08   1.000e+00
    800  841157.250     828       0  -6.288484000000000e+07   2.669e+08   1.000e+00
    801  842192.778     829       0  -6.288486000000000e+07   3.463e+08   1.000e+00
    802  844203.641     831       0  -6.288486400000000e+07   4.275e+08   4.495e-01
    803  845203.221     832       0  -6.288487600000000e+07   2.649e+08   1.000e+00
    804  846201.974     833       0  -6.288488800000000e+07   2.302e+08   1.000e+00
    805  847201.199     834       0  -6.288489600000000e+07   2.668e+08   1.000e+00
    806  848200.045     835       0  -6.288490800000000e+07   6.649e+08   1.000e+00
    807  849199.065     836       0  -6.288492000000000e+07   2.486e+08   1.000e+00
    808  850197.604     837       0  -6.288492400000000e+07   2.184e+08   1.000e+00
    809  851196.190     838       0  -6.288493600000000e+07   2.652e+08   1.000e+00
    810  852195.583     839       0  -6.288495200000000e+07   4.321e+08   1.000e+00
    811  871734.067     859       0  -6.288495200000000e+07   4.321e+08   7.616e-07
# Termination: function reduction test satisfied
# Iter.   Time (ms)    Eval. Reject.       Obj. Func.           Grad.       Step
# ---------------------------------------------------------------------------------
      0     975.748       1       0  -6.237932800000000e+07   1.121e+10   0.000e+00
      1   12693.539      13       0  -6.243635600000000e+07   2.144e+10   6.631e-16
      2   13688.766      14       0  -6.248190000000000e+07   1.408e+10   1.000e+00
      3   14685.891      15       0  -6.253844000000000e+07   1.544e+10   1.000e+00
      4   15682.090      16       0  -6.259663200000000e+07   1.869e+10   1.000e+00
      5   16687.531      17       0  -6.263178000000000e+07   2.339e+10   1.000e+00
      6   17692.956      18       0  -6.266927200000000e+07   1.107e+10   1.000e+00
      7   18700.250      19       0  -6.268674400000000e+07   9.023e+09   1.000e+00
      8   19706.976      20       0  -6.270288800000000e+07   9.386e+09   1.000e+00
      9   20714.808      21       0  -6.272055600000000e+07   1.068e+10   1.000e+00
     10   21737.084      22       0  -6.272957600000000e+07   8.042e+09   1.000e+00
     11   22745.391      23       0  -6.273474000000000e+07   5.985e+09   1.000e+00
     12   23751.204      24       0  -6.274303600000000e+07   5.247e+09   1.000e+00
     13   24759.199      25       0  -6.274826000000000e+07   9.896e+09   1.000e+00
     14   25766.011      26       0  -6.275268400000000e+07   4.587e+09   1.000e+00
     15   26773.166      27       0  -6.275591600000000e+07   3.669e+09   1.000e+00
     16   27779.187      28       0  -6.275885200000000e+07   3.911e+09   1.000e+00
     17   28786.579      29       0  -6.276382800000000e+07   6.989e+09   1.000e+00
     18   29794.429      30       0  -6.276778800000000e+07   4.295e+09   1.000e+00
     19   30802.859      31       0  -6.276935600000000e+07   2.952e+09   1.000e+00
     20   31810.702      32       0  -6.277243600000000e+07   2.888e+09   1.000e+00
     21   32818.822      33       0  -6.277506800000000e+07   5.950e+09   1.000e+00
     22   33827.257      34       0  -6.277732400000000e+07   3.205e+09   1.000e+00
     23   34834.602      35       0  -6.277987600000000e+07   2.670e+09   1.000e+00
     24   35843.030      36       0  -6.278176400000000e+07   2.913e+09   1.000e+00
     25   36848.708      37       0  -6.278447200000000e+07   6.958e+09   1.000e+00
     26   37855.978      38       0  -6.278686000000000e+07   2.592e+09   1.000e+00
     27   38862.607      39       0  -6.278776800000000e+07   2.296e+09   1.000e+00
     28   39870.651      40       0  -6.278958000000000e+07   2.816e+09   1.000e+00
     29   40888.725      41       0  -6.279070800000000e+07   7.206e+09   1.000e+00
     30   41897.282      42       0  -6.279235200000000e+07   2.544e+09   1.000e+00
     31   42903.254      43       0  -6.279322000000000e+07   1.836e+09   1.000e+00
     32   43911.609      44       0  -6.279435200000000e+07   2.313e+09   1.000e+00
     33   44919.217      45       0  -6.279617200000000e+07   2.747e+09   1.000e+00
     34   45925.910      46       0  -6.279672000000000e+07   7.786e+09   1.000e+00
     35   46930.875      47       0  -6.279883200000000e+07   1.888e+09   1.000e+00
     36   47938.978      48       0  -6.279930800000000e+07   1.584e+09   1.000e+00
     37   48946.621      49       0  -6.280038000000000e+07   2.069e+09   1.000e+00
     38   49955.061      50       0  -6.280142000000000e+07   5.456e+09   1.000e+00
     39   50960.336      51       0  -6.280254000000000e+07   2.475e+09   1.000e+00
     40   51967.977      52       0  -6.280338800000000e+07   1.760e+09   1.000e+00
     41   52975.402      53       0  -6.280402800000000e+07   1.986e+09   1.000e+00
     42   53980.901      54       0  -6.280529600000000e+07   2.325e+09   1.000e+00
     43   54991.160      55       0  -6.280558400000000e+07   6.787e+09   1.000e+00
     44   56000.404      56       0  -6.280705600000000e+07   1.932e+09   1.000e+00
     45   57007.893      57       0  -6.280745200000000e+07   1.363e+09   1.000e+00
     46   58015.654      58       0  -6.280825600000000e+07   1.747e+09   1.000e+00
     47   59023.283      59       0  -6.280915600000000e+07   2.833e+09   1.000e+00
     48   60030.727      60       0  -6.281006800000000e+07   1.873e+09   1.000e+00
     49   61039.074      61       0  -6.281066000000000e+07   1.480e+09   1.000e+00
     50   62045.932      62       0  -6.281140000000000e+07   2.015e+09   1.000e+00
     51   63052.270      63       0  -6.281204400000000e+07   2.013e+09   1.000e+00
     52   64059.557      64       0  -6.281267600000000e+07   1.596e+09   1.000e+00
     53   65067.093      65       0  -6.281368800000000e+07   2.730e+09   1.000e+00
     54   66075.115      66       0  -6.281428000000000e+07   2.332e+09   1.000e+00
     55   67080.472      67       0  -6.281457200000000e+07   1.451e+09   1.000e+00
     56   68087.342      68       0  -6.281514400000000e+07   1.241e+09   1.000e+00
     57   69094.768      69       0  -6.281583600000000e+07   1.853e+09   1.000e+00
     58   70106.093      70       0  -6.281682400000000e+07   2.663e+09   1.000e+00
     59   71126.511      71       0  -6.281748000000000e+07   1.567e+09   1.000e+00
     60   72161.392      72       0  -6.281794800000000e+07   1.453e+09   1.000e+00
     61   73197.253      73       0  -6.281854800000000e+07   1.568e+09   1.000e+00
     62   74232.870      74       0  -6.281929600000000e+07   2.992e+09   1.000e+00
     63   75277.097      75       0  -6.281979600000000e+07   1.569e+09   1.000e+00
     64   76301.015      76       0  -6.282043600000000e+07   1.476e+09   1.000e+00
     65   77325.508      77       0  -6.282098400000000e+07   1.647e+09   1.000e+00
     66   78347.879      78       0  -6.282188800000000e+07   3.272e+09   1.000e+00
     67   79371.067      79       0  -6.282259200000000e+07   1.633e+09   1.000e+00
     68   80395.869      80       0  -6.282292400000000e+07   1.496e+09   1.000e+00
     69   81421.746      81       0  -6.282361600000000e+07   1.777e+09   1.000e+00
     70   82444.986      82       0  -6.282425200000000e+07   3.979e+09   1.000e+00
     71   83469.690      83       0  -6.282483200000000e+07   1.738e+09   1.000e+00
     72   84497.631      84       0  -6.282534000000000e+07   1.343e+09   1.000e+00
     73   85521.804      85       0  -6.282581200000000e+07   1.560e+09   1.000e+00
     74   86542.020      86       0  -6.282645200000000e+07   2.929e+09   1.000e+00
     75   87582.292      87       0  -6.282704400000000e+07   1.390e+09   1.000e+00
     76   88631.381      88       0  -6.282740000000000e+07   1.320e+09   1.000e+00
     77   89680.772      89       0  -6.282792000000000e+07   1.574e+09   1.000e+00
     78   90728.542      90       0  -6.282835200000000e+07   4.231e+09   1.000e+00
     79   91771.507      91       0  -6.282896400000000e+07   1.827e+09   1.000e+00
     80   92820.324      92       0  -6.282936000000000e+07   1.241e+09   1.000e+00
     81   93862.537      93       0  -6.282966400000000e+07   1.423e+09   1.000e+00
     82   94905.106      94       0  -6.283022000000000e+07   1.851e+09   1.000e+00
     83   95946.822      95       0  -6.283032800000000e+07   3.996e+09   1.000e+00
     84   96995.172      96       0  -6.283087200000000e+07   1.217e+09   1.000e+00
     85   98039.539      97       0  -6.283103200000000e+07   1.014e+09   1.000e+00
     86   99087.018      98       0  -6.283133600000000e+07   1.287e+09   1.000e+00
     87  100143.426      99       0  -6.283175600000000e+07   2.047e+09   1.000e+00
     88  101191.366     100       0  -6.283216400000000e+07   1.863e+09   1.000e+00
     89  102230.733     101       0  -6.283242400000000e+07   1.038e+09   1.000e+00
     90  103256.736     102       0  -6.283269600000000e+07   1.061e+09   1.000e+00
     91  104282.091     103       0  -6.283294800000000e+07   1.387e+09   1.000e+00
     92  105309.932     104       0  -6.283328400000000e+07   1.352e+09   1.000e+00
     93  106342.168     105       0  -6.283354000000000e+07   1.087e+09   1.000e+00
     94  107368.608     106       0  -6.283383200000000e+07   1.164e+09   1.000e+00
     95  108394.436     107       0  -6.283404800000000e+07   1.637e+09   1.000e+00
     96  109421.168     108       0  -6.283428000000000e+07   1.107e+09   1.000e+00
     97  110449.630     109       0  -6.283462000000000e+07   1.099e+09   1.000e+00
     98  111479.156     110       0  -6.283483600000000e+07   1.726e+09   1.000e+00
     99  112506.168     111       0  -6.283506800000000e+07   1.210e+09   1.000e+00
    100  113533.554     112       0  -6.283536800000000e+07   1.095e+09   1.000e+00
    101  114562.116     113       0  -6.283554000000000e+07   1.434e+09   1.000e+00
    102  115590.416     114       0  -6.283571600000000e+07   1.158e+09   1.000e+00
    103  116621.712     115       0  -6.283598800000000e+07   1.471e+09   1.000e+00
    104  117649.144     116       0  -6.283619200000000e+07   1.424e+09   1.000e+00
    105  118678.440     117       0  -6.283636400000000e+07   1.209e+09   1.000e+00
    106  119714.096     118       0  -6.283669200000000e+07   1.565e+09   1.000e+00
    107  120748.069     119       0  -6.283684400000000e+07   2.130e+09   1.000e+00
    108  121798.017     120       0  -6.283702000000000e+07   1.140e+09   1.000e+00
    109  122861.798     121       0  -6.283721200000000e+07   8.445e+08   1.000e+00
    110  123925.726     122       0  -6.283736400000000e+07   1.048e+09   1.000e+00
    111  124983.975     123       0  -6.283760800000000e+07   1.946e+09   1.000e+00
    112  126044.328     124       0  -6.283786800000000e+07   1.438e+09   1.000e+00
    113  127110.509     125       0  -6.283806800000000e+07   1.034e+09   1.000e+00
    114  128177.417     126       0  -6.283840000000000e+07   1.156e+09   1.000e+00
    115  129236.208     127       0  -6.283857600000000e+07   2.131e+09   1.000e+00
    116  130311.295     128       0  -6.283879600000000e+07   1.264e+09   1.000e+00
    117  131373.034     129       0  -6.283907600000000e+07   9.774e+08   1.000e+00
    118  132437.441     130       0  -6.283925200000000e+07   1.063e+09   1.000e+00
    119  133501.841     131       0  -6.283945600000000e+07   2.553e+09   1.000e+00
    120  134561.900     132       0  -6.283974800000000e+07   1.032e+09   1.000e+00
    121  135630.112     133       0  -6.283988400000000e+07   9.643e+08   1.000e+00
    122  136693.394     134       0  -6.284016800000000e+07   1.066e+09   1.000e+00
    123  137758.081     135       0  -6.284026800000000e+07   3.613e+09   1.000e+00
    124  138826.616     136       0  -6.284064800000000e+07   1.244e+09   1.000e+00
    125  139889.180     137       0  -6.284079200000000e+07   7.819e+08   1.000e+00
    126  140950.449     138       0  -6.284096800000000e+07   9.966e+08   1.000e+00
    127  142020.216     139       0  -6.284120000000000e+07   1.205e+09   1.000e+00
    128  143081.065     140       0  -6.284136800000000e+07   2.723e+09   1.000e+00
    129  144146.566     141       0  -6.284168800000000e+07   8.907e+08   1.000e+00
    130  145222.209     142       0  -6.284182400000000e+07   9.443e+08   1.000e+00
    131  146291.871     143       0  -6.284205600000000e+07   1.152e+09   1.000e+00
    132  147371.452     144       0  -6.284235200000000e+07   2.705e+09   1.000e+00
    133  148450.482     145       0  -6.284267600000000e+07   1.288e+09   1.000e+00
    134  149529.918     146       0  -6.284287200000000e+07   9.413e+08   1.000e+00
    135  150607.644     147       0  -6.284306400000000e+07   1.114e+09   1.000e+00
    136  151686.880     148       0  -6.284336400000000e+07   1.489e+09   1.000e+00
    137  152724.082     149       0  -6.284363600000000e+07   2.392e+09   1.000e+00
    138  153762.582     150       0  -6.284390000000000e+07   1.056e+09   1.000e+00
    139  154789.733     151       0  -6.284410800000000e+07   1.051e+09   1.000e+00
    140  155814.853     152       0  -6.284430800000000e+07   1.166e+09   1.000e+00
    141  156854.121     153       0  -6.284453200000000e+07   2.946e+09   1.000e+00
    142  157899.989     154       0  -6.284483600000000e+07   1.113e+09   1.000e+00
    143  158962.573     155       0  -6.284500800000000e+07   9.310e+08   1.000e+00
    144  160002.888     156       0  -6.284518800000000e+07   1.139e+09   1.000e+00
    145  161073.856     157       0  -6.284551600000000e+07   1.765e+09   1.000e+00
    146  162122.413     158       0  -6.284582400000000e+07   1.998e+09   1.000e+00
    147  163172.880     159       0  -6.284606400000000e+07   9.848e+08   1.000e+00
    148  164225.034     160       0  -6.284626800000000e+07   1.088e+09   1.000e+00
    149  165276.733     161       0  -6.284648000000000e+07   1.192e+09   1.000e+00
    150  166328.724     162       0  -6.284670400000000e+07   2.654e+09   1.000e+00
    151  167380.476     163       0  -6.284697200000000e+07   1.122e+09   1.000e+00
    152  168430.113     164       0  -6.284715200000000e+07   1.007e+09   1.000e+00
    153  169479.002     165       0  -6.284733600000000e+07   1.164e+09   1.000e+00
    154  170522.582     166       0  -6.284770000000000e+07   1.774e+09   1.000e+00
    155  171583.325     167       0  -6.284792000000000e+07   2.112e+09   1.000e+00
    156  172631.981     168       0  -6.284815600000000e+07   9.644e+08   1.000e+00
    157  173685.705     169       0  -6.284832000000000e+07   9.614e+08   1.000e+00
    158  174733.561     170       0  -6.284852400000000e+07   1.135e+09   1.000e+00
    159  175779.400     171       0  -6.284866800000000e+07   2.990e+09   1.000e+00
    160  176832.696     172       0  -6.284895200000000e+07   1.118e+09   1.000e+00
    161  177884.522     173       0  -6.284908800000000e+07   8.791e+08   1.000e+00
    162  178931.661     174       0  -6.284924000000000e+07   1.062e+09   1.000e+00
    163  179984.733     175       0  -6.284950400000000e+07   1.282e+09   1.000e+00
    164  181036.995     176       0  -6.284951600000000e+07   3.514e+09   1.000e+00
    165  182085.458     177       0  -6.284990800000000e+07   9.405e+08   1.000e+00
    166  183134.425     178       0  -6.285001600000000e+07   7.939e+08   1.000e+00
    167  184183.037     179       0  -6.285023600000000e+07   1.021e+09   1.000e+00
    168  185236.989     180       0  -6.285047200000000e+07   2.320e+09   1.000e+00
    169  186288.342     181       0  -6.285074000000000e+07   1.272e+09   1.000e+00
    170  187340.707     182       0  -6.285094000000000e+07   9.368e+08   1.000e+00
    171  188393.218     183       0  -6.285112000000000e+07   1.097e+09   1.000e+00
    172  189441.619     184       0  -6.285134400000000e+07   1.605e+09   1.000e+00
    173  190495.760     185       0  -6.285156800000000e+07   1.486e+09   1.000e+00
    174  191548.345     186       0  -6.285175200000000e+07   1.013e+09   1.000e+00
    175  192600.580     187       0  -6.285202000000000e+07   9.626e+08   1.000e+00
    176  193652.618     188       0  -6.285221600000000e+07   1.526e+09   1.000e+00
    177  194704.484     189       0  -6.285246000000000e+07   1.105e+09   1.000e+00
    178  195752.095     190       0  -6.285263600000000e+07   1.375e+09   1.000e+00
    179  196784.791     191       0  -6.285277600000000e+07   9.313e+08   1.000e+00
    180  197832.455     192       0  -6.285292800000000e+07   9.352e+08   1.000e+00
    181  198874.259     193       0  -6.285312400000000e+07   1.515e+09   1.000e+00
    182  199907.142     194       0  -6.285330800000000e+07   1.346e+09   1.000e+00
    183  200945.279     195       0  -6.285345200000000e+07   9.077e+08   1.000e+00
    184  201981.185     196       0  -6.285362400000000e+07   9.538e+08   1.000e+00
    185  203017.566     197       0  -6.285374400000000e+07   1.119e+09   1.000e+00
    186  204052.903     198       0  -6.285387600000000e+07   1.018e+09   1.000e+00
    187  205089.385     199       0  -6.285405200000000e+07   1.978e+09   1.000e+00
    188  206125.435     200       0  -6.285424000000000e+07   9.818e+08   1.000e+00
    189  207174.129     201       0  -6.285434000000000e+07   7.998e+08   1.000e+00
    190  208216.533     202       0  -6.285450000000000e+07   9.682e+08   1.000e+00
    191  210242.601     204       0  -6.285458400000000e+07   1.177e+09   4.876e-01
    192  211241.203     205       0  -6.285466800000000e+07   9.003e+08   1.000e+00
    193  212240.983     206       0  -6.285480400000000e+07   9.050e+08   1.000e+00
    194  213240.687     207       0  -6.285484800000000e+07   1.327e+09   1.000e+00
    195  214239.950     208       0  -6.285493600000000e+07   8.600e+08   1.000e+00
    196  215239.675     209       0  -6.285507200000000e+07   7.313e+08   1.000e+00
    197  216239.193     210       0  -6.285515600000000e+07   8.727e+08   1.000e+00
    198  217239.033     211       0  -6.285525600000000e+07   1.481e+09   1.000e+00
    199  218238.383     212       0  -6.285536800000000e+07   9.944e+08   1.000e+00
    200  219237.355     213       0  -6.285544800000000e+07   7.886e+08   1.000e+00
    201  220242.534     214       0  -6.285558400000000e+07   8.276e+08   1.000e+00
    202  221242.302     215       0  -6.285567200000000e+07   1.550e+09   1.000e+00
    203  222241.424     216       0  -6.285578400000000e+07   9.151e+08   1.000e+00
    204  223240.569     217       0  -6.285589200000000e+07   7.392e+08   1.000e+00
    205  224240.101     218       0  -6.285596000000000e+07   7.998e+08   1.000e+00
    206  225248.288     219       0  -6.285608000000000e+07   7.875e+08   1.000e+00
    207  226256.554     220       0  -6.285618400000000e+07   1.250e+09   1.000e+00
    208  227259.207     221       0  -6.285630400000000e+07   9.856e+08   1.000e+00
    209  228276.685     222       0  -6.285647600000000e+07   8.797e+08   1.000e+00
    210  229298.477     223       0  -6.285658800000000e+07   1.006e+09   1.000e+00
    211  230320.810     224       0  -6.285670800000000e+07   9.485e+08   1.000e+00
    212  231346.907     225       0  -6.285686400000000e+07   2.068e+09   1.000e+00
    213  232378.061     226       0  -6.285703200000000e+07   8.999e+08   1.000e+00
    214  233401.363     227       0  -6.285710800000000e+07   7.636e+08   1.000e+00
    215  234427.775     228       0  -6.285729600000000e+07   8.791e+08   1.000e+00
    216  236431.286     230       0  -6.285739200000000e+07   1.422e+09   4.474e-01
    217  237430.047     231       0  -6.285750000000000e+07   9.361e+08   1.000e+00
    218  238428.794     232       0  -6.285764000000000e+07   6.823e+08   1.000e+00
    219  239426.904     233       0  -6.285773200000000e+07   8.254e+08   1.000e+00
    220  240426.206     234       0  -6.285786400000000e+07   8.625e+08   1.000e+00
    221  241424.920     235       0  -6.285802000000000e+07   1.006e+09   1.000e+00
    222  242422.824     236       0  -6.285816400000000e+07   1.061e+09   1.000e+00
    223  243422.549     237       0  -6.285827200000000e+07   7.271e+08   1.000e+00
    224  244421.817     238       0  -6.285838400000000e+07   7.305e+08   1.000e+00
    225  245419.182     239       0  -6.285851200000000e+07   1.332e+09   1.000e+00
    226  246417.540     240       0  -6.285865600000000e+07   7.925e+08   1.000e+00
    227  247415.393     241       0  -6.285881200000000e+07   8.010e+08   1.000e+00
    228  248413.383     242       0  -6.285893200000000e+07   1.097e+09   1.000e+00
    229  249412.432     243       0  -6.285907200000000e+07   8.522e+08   1.000e+00
    230  250413.491     244       0  -6.285920800000000e+07   9.262e+08   1.000e+00
    231  251405.992     245       0  -6.285933200000000e+07   9.129e+08   1.000e+00
    232  252406.544     246       0  -6.285942800000000e+07   7.720e+08   1.000e+00
    233  253405.628     247       0  -6.285954400000000e+07   7.146e+08   1.000e+00
    234  254404.461     248       0  -6.285964400000000e+07   1.841e+09   1.000e+00
    235  255408.324     249       0  -6.285978400000000e+07   8.122e+08   1.000e+00
    236  256411.320     250       0  -6.285986000000000e+07   7.102e+08   1.000e+00
    237  257414.966     251       0  -6.285995600000000e+07   8.426e+08   1.000e+00
    238  258418.061     252       0  -6.286006000000000e+07   1.744e+09   1.000e+00
    239  259421.086     253       0  -6.286019600000000e+07   7.581e+08   1.000e+00
    240  260422.882     254       0  -6.286027600000000e+07   6.151e+08   1.000e+00
    241  261426.853     255       0  -6.286038000000000e+07   7.175e+08   1.000e+00
    242  262423.920     256       0  -6.286046800000000e+07   1.712e+09   1.000e+00
    243  263427.706     257       0  -6.286059200000000e+07   8.809e+08   1.000e+00
    244  264431.180     258       0  -6.286071600000000e+07   7.165e+08   1.000e+00
    245  265434.512     259       0  -6.286081200000000e+07   8.751e+08   1.000e+00
    246  266431.700     260       0  -6.286094800000000e+07   1.965e+09   1.000e+00
    247  267427.836     261       0  -6.286111200000000e+07   9.189e+08   1.000e+00
    248  268426.824     262       0  -6.286120800000000e+07   6.928e+08   1.000e+00
    249  269425.759     263       0  -6.286131600000000e+07   7.871e+08   1.000e+00
    250  270424.643     264       0  -6.286142000000000e+07   1.317e+09   1.000e+00
    251  271423.106     265       0  -6.286155600000000e+07   8.313e+08   1.000e+00
    252  272427.249     266       0  -6.286164000000000e+07   6.888e+08   1.000e+00
    253  273430.970     267       0  -6.286176400000000e+07   1.022e+09   1.000e+00
    254  274434.340     268       0  -6.286185200000000e+07   1.139e+09   1.000e+00
    255  275442.568     269       0  -6.286195600000000e+07   8.146e+08   1.000e+00
    256  276451.021     270       0  -6.286211600000000e+07   8.440e+08   1.000e+00
    257  277463.497     271       0  -6.286219600000000e+07   1.335e+09   1.000e+00
    258  278480.502     272       0  -6.286228000000000e+07   8.791e+08   1.000e+00
    259  279496.632     273       0  -6.286241200000000e+07   6.662e+08   1.000e+00
    260  280513.491     274       0  -6.286248800000000e+07   8.112e+08   1.000e+00
    261  281523.572     275       0  -6.286259200000000e+07   7.906e+08   1.000e+00
    262  282541.571     276       0  -6.286262400000000e+07   2.218e+09   1.000e+00
    263  283558.226     277       0  -6.286278400000000e+07   7.584e+08   1.000e+00
    264  284561.634     278       0  -6.286285600000000e+07   5.772e+08   1.000e+00
    265  285563.727     279       0  -6.286296400000000e+07   7.592e+08   1.000e+00
    266  286571.501     280       0  -6.286310400000000e+07   1.084e+09   1.000e+00
    267  287589.350     281       0  -6.286317600000000e+07   1.867e+09   1.000e+00
    268  288604.720     282       0  -6.286331600000000e+07   6.578e+08   1.000e+00
    269  289610.237     283       0  -6.286336800000000e+07   5.931e+08   1.000e+00
    270  290613.350     284       0  -6.286344400000000e+07   7.378e+08   1.000e+00
    271  291631.414     285       0  -6.286353200000000e+07   1.833e+09   1.000e+00
    272  292638.203     286       0  -6.286366400000000e+07   8.704e+08   1.000e+00
    273  293646.053     287       0  -6.286374800000000e+07   6.062e+08   1.000e+00
    274  294661.416     288       0  -6.286381600000000e+07   6.690e+08   1.000e+00
    275  295677.361     289       0  -6.286394000000000e+07   1.144e+09   1.000e+00
    276  296693.879     290       0  -6.286403200000000e+07   8.656e+08   1.000e+00
    277  297711.424     291       0  -6.286409600000000e+07   5.515e+08   1.000e+00
    278  298728.328     292       0  -6.286419200000000e+07   6.908e+08   1.000e+00
    279  299734.125     293       0  -6.286429600000000e+07   9.345e+08   1.000e+00
    280  300741.550     294       0  -6.286443600000000e+07   8.264e+08   1.000e+00
    281  301746.218     295       0  -6.286452800000000e+07   7.255e+08   1.000e+00
    282  302750.328     296       0  -6.286462400000000e+07   7.283e+08   1.000e+00
    283  303760.205     297       0  -6.286469600000000e+07   6.873e+08   1.000e+00
    284  304765.851     298       0  -6.286481200000000e+07   6.469e+08   1.000e+00
    285  305780.692     299       0  -6.286490400000000e+07   1.584e+09   1.000e+00
    286  306797.465     300       0  -6.286502000000000e+07   6.313e+08   1.000e+00
    287  307814.983     301       0  -6.286506800000000e+07   5.492e+08   1.000e+00
    288  308837.167     302       0  -6.286514800000000e+07   6.556e+08   1.000e+00
    289  309872.039     303       0  -6.286523200000000e+07   1.611e+09   1.000e+00
    290  310903.510     304       0  -6.286532400000000e+07   7.056e+08   1.000e+00
    291  311941.176     305       0  -6.286540400000000e+07   5.238e+08   1.000e+00
    292  312974.998     306       0  -6.286547200000000e+07   6.247e+08   1.000e+00
    293  314008.608     307       0  -6.286558000000000e+07   1.087e+09   1.000e+00
    294  315028.601     308       0  -6.286568800000000e+07   7.083e+08   1.000e+00
    295  316049.170     309       0  -6.286576000000000e+07   5.516e+08   1.000e+00
    296  317068.647     310       0  -6.286587600000000e+07   7.791e+08   1.000e+00
    297  318086.826     311       0  -6.286592800000000e+07   1.482e+09   1.000e+00
    298  319103.266     312       0  -6.286602000000000e+07   7.372e+08   1.000e+00
    299  320133.363     313       0  -6.286610000000000e+07   6.043e+08   1.000e+00
    300  321163.495     314       0  -6.286616800000000e+07   6.778e+08   1.000e+00
    301  322200.281     315       0  -6.286628800000000e+07   1.096e+09   1.000e+00
    302  323227.516     316       0  -6.286636000000000e+07   1.155e+09   1.000e+00
    303  324254.744     317       0  -6.286642800000000e+07   5.545e+08   1.000e+00
    304  325268.508     318       0  -6.286647600000000e+07   5.405e+08   1.000e+00
    305  326284.285     319       0  -6.286654000000000e+07   7.125e+08   1.000e+00
    306  327299.049     320       0  -6.286659600000000e+07   1.566e+09   1.000e+00
    307  328314.603     321       0  -6.286668800000000e+07   6.714e+08   1.000e+00
    308  329327.464     322       0  -6.286674800000000e+07   5.476e+08   1.000e+00
    309  330344.870     323       0  -6.286679200000000e+07   5.969e+08   1.000e+00
    310  331359.631     324       0  -6.286685200000000e+07   1.300e+09   1.000e+00
    311  332376.570     325       0  -6.286694400000000e+07   6.292e+08   1.000e+00
    312  333392.561     326       0  -6.286699600000000e+07   5.446e+08   1.000e+00
    313  334408.829     327       0  -6.286708800000000e+07   6.929e+08   1.000e+00
    314  335434.708     328       0  -6.286715200000000e+07   1.485e+09   1.000e+00
    315  336459.252     329       0  -6.286724400000000e+07   7.013e+08   1.000e+00
    316  337485.650     330       0  -6.286731600000000e+07   5.464e+08   1.000e+00
    317  338509.196     331       0  -6.286736800000000e+07   6.447e+08   1.000e+00
    318  339530.842     332       0  -6.286744800000000e+07   1.500e+09   1.000e+00
    319  340557.962     333       0  -6.286754400000000e+07   7.079e+08   1.000e+00
    320  341582.213     334       0  -6.286760400000000e+07   5.346e+08   1.000e+00
    321  342607.103     335       0  -6.286766800000000e+07   6.391e+08   1.000e+00
    322  343634.015     336       0  -6.286772000000000e+07   1.207e+09   1.000e+00
    323  344661.604     337       0  -6.286780000000000e+07   6.341e+08   1.000e+00
    324  345686.261     338       0  -6.286786800000000e+07   5.485e+08   1.000e+00
    325  346703.408     339       0  -6.286793600000000e+07   6.162e+08   1.000e+00
    326  347720.509     340       0  -6.286799200000000e+07   1.589e+09   1.000e+00
    327  348735.744     341       0  -6.286808400000000e+07   6.429e+08   1.000e+00
    328  349748.493     342       0  -6.286813600000000e+07   5.201e+08   1.000e+00
    329  350764.124     343       0  -6.286820800000000e+07   6.207e+08   1.000e+00
    330  351788.008     344       0  -6.286831600000000e+07   1.001e+09   1.000e+00
    331  352804.080     345       0  -6.286842000000000e+07   9.487e+08   1.000e+00
    332  353820.396     346       0  -6.286850800000000e+07   5.562e+08   1.000e+00
    333  354841.056     347       0  -6.286859600000000e+07   6.451e+08   1.000e+00
    334  355866.830     348       0  -6.286868000000000e+07   7.755e+08   1.000e+00
    335  356888.510     349       0  -6.286879600000000e+07   9.948e+08   1.000e+00
    336  357908.718     350       0  -6.286889200000000e+07   6.896e+08   1.000e+00
    337  358924.649     351       0  -6.286898400000000e+07   6.445e+08   1.000e+00
    338  359944.726     352       0  -6.286906400000000e+07   9.047e+08   1.000e+00
    339  360960.481     353       0  -6.286916800000000e+07   6.632e+08   1.000e+00
    340  361975.988     354       0  -6.286923200000000e+07   5.732e+08   1.000e+00
    341  362995.167     355       0  -6.286931200000000e+07   6.406e+08   1.000e+00
    342  364016.697     356       0  -6.286938000000000e+07   8.861e+08   1.000e+00
    343  365036.903     357       0  -6.286944400000000e+07   5.545e+08   1.000e+00
    344  366061.194     358       0  -6.286953200000000e+07   5.730e+08   1.000e+00
    345  367086.568     359       0  -6.286959200000000e+07   1.051e+09   1.000e+00
    346  368108.715     360       0  -6.286966800000000e+07   6.583e+08   1.000e+00
    347  369134.412     361       0  -6.286975200000000e+07   5.187e+08   1.000e+00
    348  370161.789     362       0  -6.286982000000000e+07   7.637e+08   1.000e+00
    349  371190.207     363       0  -6.286990000000000e+07   6.860e+08   1.000e+00
    350  372215.157     364       0  -6.287000000000000e+07   9.542e+08   1.000e+00
    351  373241.662     365       0  -6.287008800000000e+07   6.910e+08   1.000e+00
    352  374266.989     366       0  -6.287016400000000e+07   6.272e+08   1.000e+00
    353  375295.096     367       0  -6.287025600000000e+07   8.712e+08   1.000e+00
    354  376315.979     368       0  -6.287033200000000e+07   8.610e+08   1.000e+00
    355  377336.618     369       0  -6.287038400000000e+07   6.065e+08   1.000e+00
    356  378356.313     370       0  -6.287047200000000e+07   5.239e+08   1.000e+00
    357  379376.499     371       0  -6.287051200000000e+07   8.117e+08   1.000e+00
    358  380394.211     372       0  -6.287056800000000e+07   6.105e+08   1.000e+00
    359  381406.978     373       0  -6.287066000000000e+07   6.141e+08   1.000e+00
    360  382428.086     374       0  -6.287069600000000e+07   9.990e+08   1.000e+00
    361  383448.772     375       0  -6.287074400000000e+07   6.181e+08   1.000e+00
    362  384470.255     376       0  -6.287082400000000e+07   5.171e+08   1.000e+00
    363  385496.697     377       0  -6.287088000000000e+07   6.108e+08   1.000e+00
    364  386522.764     378       0  -6.287090800000000e+07   2.122e+09   1.000e+00
    365  387547.589     379       0  -6.287104000000000e+07   5.536e+08   1.000e+00
    366  388573.628     380       0  -6.287106000000000e+07   4.060e+08   1.000e+00
    367  389599.481     381       0  -6.287111200000000e+07   4.759e+08   1.000e+00
    368  390626.724     382       0  -6.287118800000000e+07   6.124e+08   1.000e+00
    369  391648.981     383       0  -6.287126000000000e+07   1.536e+09   1.000e+00
    370  392673.409     384       0  -6.287135600000000e+07   5.437e+08   1.000e+00
    371  393696.031     385       0  -6.287138800000000e+07   4.811e+08   1.000e+00
    372  394722.961     386       0  -6.287145200000000e+07   5.529e+08   1.000e+00
    373  395750.601     387       0  -6.287146800000000e+07   2.075e+09   1.000e+00
    374  396772.420     388       0  -6.287156400000000e+07   6.242e+08   1.000e+00
    375  397797.814     389       0  -6.287160400000000e+07   3.965e+08   1.000e+00
    376  398819.314     390       0  -6.287165200000000e+07   5.070e+08   1.000e+00
    377  399845.155     391       0  -6.287171200000000e+07   5.397e+08   1.000e+00
    378  400880.993     392       0  -6.287176400000000e+07   1.650e+09   1.000e+00
    379  401904.875     393       0  -6.287186000000000e+07   5.071e+08   1.000e+00
    380  402928.952     394       0  -6.287189600000000e+07   3.966e+08   1.000e+00
    381  403953.341     395       0  -6.287194000000000e+07   5.136e+08   1.000e+00
    382  404976.007     396       0  -6.287194800000000e+07   1.743e+09   1.000e+00
    383  406000.998     397       0  -6.287203200000000e+07   6.168e+08   1.000e+00
    384  407025.470     398       0  -6.287206400000000e+07   3.913e+08   1.000e+00
    385  408050.638     399       0  -6.287210800000000e+07   5.111e+08   1.000e+00
    386  409076.100     400       0  -6.287216400000000e+07   6.203e+08   1.000e+00
    387  410100.877     401       0  -6.287218400000000e+07   1.661e+09   1.000e+00
    388  411124.952     402       0  -6.287228400000000e+07   4.522e+08   1.000e+00
    389  412154.808     403       0  -6.287230800000000e+07   4.155e+08   1.000e+00
    390  413180.093     404       0  -6.287235600000000e+07   5.109e+08   1.000e+00
    391  414207.257     405       0  -6.287237600000000e+07   1.666e+09   1.000e+00
    392  415246.349     406       0  -6.287245200000000e+07   6.157e+08   1.000e+00
    393  416276.381     407       0  -6.287248400000000e+07   4.057e+08   1.000e+00
    394  417304.575     408       0  -6.287253200000000e+07   5.222e+08   1.000e+00
    395  418332.985     409       0  -6.287258800000000e+07   5.900e+08   1.000e+00
    396  419374.878     410       0  -6.287260800000000e+07   1.734e+09   1.000e+00
    397  420414.724     411       0  -6.287270400000000e+07   4.935e+08   1.000e+00
    398  421451.993     412       0  -6.287274000000000e+07   4.032e+08   1.000e+00
    399  422494.724     413       0  -6.287278400000000e+07   4.990e+08   1.000e+00
    400  424495.188     415       0  -6.287281600000000e+07   8.485e+08   4.691e-01
    401  425493.782     416       0  -6.287286000000000e+07   6.006e+08   1.000e+00
    402  426492.225     417       0  -6.287292000000000e+07   4.916e+08   1.000e+00
    403  427494.876     418       0  -6.287295200000000e+07   9.210e+08   1.000e+00
    404  428498.784     419       0  -6.287300000000000e+07   5.713e+08   1.000e+00
    405  429506.394     420       0  -6.287306000000000e+07   5.058e+08   1.000e+00
    406  430513.935     421       0  -6.287310800000000e+07   5.979e+08   1.000e+00
    407  431521.387     422       0  -6.287315200000000e+07   1.307e+09   1.000e+00
    408  432528.329     423       0  -6.287322400000000e+07   4.856e+08   1.000e+00
    409  433534.120     424       0  -6.287324800000000e+07   4.275e+08   1.000e+00
    410  434542.019     425       0  -6.287329600000000e+07   5.038e+08   1.000e+00
    411  435549.770     426       0  -6.287332000000000e+07   1.389e+09   1.000e+00
    412  436554.041     427       0  -6.287338000000000e+07   5.549e+08   1.000e+00
    413  437563.112     428       0  -6.287342400000000e+07   4.097e+08   1.000e+00
    414  438569.557     429       0  -6.287345200000000e+07   4.794e+08   1.000e+00
    415  439574.151     430       0  -6.287349600000000e+07   1.096e+09   1.000e+00
    416  440582.255     431       0  -6.287355600000000e+07   4.914e+08   1.000e+00
    417  441601.912     432       0  -6.287357600000000e+07   4.073e+08   1.000e+00
    418  442609.931     433       0  -6.287362400000000e+07   5.265e+08   1.000e+00
    419  443618.119     434       0  -6.287366400000000e+07   1.078e+09   1.000e+00
    420  444626.226     435       0  -6.287372400000000e+07   5.934e+08   1.000e+00
    421  445634.896     436       0  -6.287376800000000e+07   4.453e+08   1.000e+00
    422  446642.078     437       0  -6.287381200000000e+07   5.684e+08   1.000e+00
    423  447651.555     438       0  -6.287384000000000e+07   9.223e+08   1.000e+00
    424  448649.862     439       0  -6.287388800000000e+07   5.107e+08   1.000e+00
    425  449648.233     440       0  -6.287393600000000e+07   4.805e+08   1.000e+00
    426  450647.132     441       0  -6.287396800000000e+07   5.071e+08   1.000e+00
    427  451644.504     442       0  -6.287398400000000e+07   1.347e+09   1.000e+00
    428  452642.452     443       0  -6.287404800000000e+07   4.500e+08   1.000e+00
    429  453641.174     444       0  -6.287407600000000e+07   3.763e+08   1.000e+00
    430  454639.302     445       0  -6.287410400000000e+07   4.604e+08   1.000e+00
    431  455637.760     446       0  -6.287413200000000e+07   1.134e+09   1.000e+00
    432  456634.821     447       0  -6.287417600000000e+07   5.807e+08   1.000e+00
    433  457633.757     448       0  -6.287420800000000e+07   4.429e+08   1.000e+00
    434  458632.262     449       0  -6.287423600000000e+07   5.090e+08   1.000e+00
    435  459630.538     450       0  -6.287426400000000e+07   1.139e+09   1.000e+00
    436  460627.945     451       0  -6.287430800000000e+07   4.927e+08   1.000e+00
    437  461626.681     452       0  -6.287434400000000e+07   4.263e+08   1.000e+00
    438  462625.481     453       0  -6.287438800000000e+07   5.494e+08   1.000e+00
    439  463623.339     454       0  -6.287441600000000e+07   1.188e+09   1.000e+00
    440  464621.029     455       0  -6.287448000000000e+07   5.682e+08   1.000e+00
    441  465620.409     456       0  -6.287451200000000e+07   4.330e+08   1.000e+00
    442  466618.313     457       0  -6.287454000000000e+07   4.836e+08   1.000e+00
    443  467616.199     458       0  -6.287458000000000e+07   9.350e+08   1.000e+00
    444  468614.898     459       0  -6.287462800000000e+07   5.387e+08   1.000e+00
    445  469613.111     460       0  -6.287466000000000e+07   4.111e+08   1.000e+00
    446  470611.960     461       0  -6.287471200000000e+07   5.445e+08   1.000e+00
    447  471625.590     462       0  -6.287473200000000e+07   9.459e+08   1.000e+00
    448  472626.626     463       0  -6.287476800000000e+07   4.868e+08   1.000e+00
    449  473625.321     464       0  -6.287480400000000e+07   4.023e+08   1.000e+00
    450  474632.208     465       0  -6.287483600000000e+07   4.606e+08   1.000e+00
    451  475630.678     466       0  -6.287486800000000e+07   1.201e+09   1.000e+00
    452  476628.977     467       0  -6.287491200000000e+07   4.768e+08   1.000e+00
    453  477627.684     468       0  -6.287495200000000e+07   3.669e+08   1.000e+00
    454  478626.342     469       0  -6.287498800000000e+07   4.505e+08   1.000e+00
    455  479624.958     470       0  -6.287502000000000e+07   7.386e+08   1.000e+00
    456  480623.093     471       0  -6.287508800000000e+07   5.805e+08   1.000e+00
    457  481621.483     472       0  -6.287512000000000e+07   4.222e+08   1.000e+00
    458  482620.312     473       0  -6.287515600000000e+07   5.161e+08   1.000e+00
    459  483619.077     474       0  -6.287519600000000e+07   7.004e+08   1.000e+00
    460  484617.307     475       0  -6.287522800000000e+07   4.935e+08   1.000e+00
    461  485616.016     476       0  -6.287528800000000e+07   4.683e+08   1.000e+00
    462  486614.513     477       0  -6.287531200000000e+07   6.949e+08   1.000e+00
    463  487612.587     478       0  -6.287533600000000e+07   5.306e+08   1.000e+00
    464  488611.711     479       0  -6.287538800000000e+07   6.706e+08   1.000e+00
    465  489609.842     480       0  -6.287541600000000e+07   5.472e+08   1.000e+00
    466  490607.919     481       0  -6.287543200000000e+07   4.696e+08   1.000e+00
    467  491607.103     482       0  -6.287549200000000e+07   6.137e+08   1.000e+00
    468  492605.884     483       0  -6.287550400000000e+07   1.219e+09   1.000e+00
    469  493603.884     484       0  -6.287555600000000e+07   5.016e+08   1.000e+00
    470  494602.462     485       0  -6.287557200000000e+07   3.309e+08   1.000e+00
    471  495600.401     486       0  -6.287560800000000e+07   4.766e+08   1.000e+00
    472  496598.727     487       0  -6.287564000000000e+07   5.497e+08   1.000e+00
    473  498573.227     489       0  -6.287566000000000e+07   7.051e+08   4.817e-01
    474  499572.457     490       0  -6.287571600000000e+07   4.270e+08   1.000e+00
    475  500570.856     491       0  -6.287575200000000e+07   4.088e+08   1.000e+00
    476  501581.465     492       0  -6.287579200000000e+07   6.461e+08   1.000e+00
    477  502587.170     493       0  -6.287582800000000e+07   6.162e+08   1.000e+00
    478  503594.462     494       0  -6.287585600000000e+07   3.974e+08   1.000e+00
    479  504598.707     495       0  -6.287590000000000e+07   4.323e+08   1.000e+00
    480  505619.022     496       0  -6.287592800000000e+07   5.805e+08   1.000e+00
    481  506636.847     497       0  -6.287597600000000e+07   4.287e+08   1.000e+00
    482  507652.225     498       0  -6.287602400000000e+07   4.690e+08   1.000e+00
    483  508682.628     499       0  -6.287604400000000e+07   9.554e+08   1.000e+00
    484  509713.737     500       0  -6.287608400000000e+07   3.989e+08   1.000e+00
    485  510752.033     501       0  -6.287611200000000e+07   3.298e+08   1.000e+00
    486  511787.478     502       0  -6.287614000000000e+07   4.226e+08   1.000e+00
    487  512823.387     503       0  -6.287618800000000e+07   7.087e+08   1.000e+00
    488  513854.921     504       0  -6.287625200000000e+07   5.959e+08   1.000e+00
    489  514894.894     505       0  -6.287628400000000e+07   3.783e+08   1.000e+00
    490  515926.654     506       0  -6.287632800000000e+07   4.238e+08   1.000e+00
    491  516957.824     507       0  -6.287637600000000e+07   7.248e+08   1.000e+00
    492  517991.497     508       0  -6.287641600000000e+07   4.150e+08   1.000e+00
    493  519027.539     509       0  -6.287646400000000e+07   3.904e+08   1.000e+00
    494  520058.691     510       0  -6.287650400000000e+07   4.889e+08   1.000e+00
    495  521095.445     511       0  -6.287656400000000e+07   6.635e+08   1.000e+00
    496  522130.781     512       0  -6.287661600000000e+07   4.420e+08   1.000e+00
    497  523167.096     513       0  -6.287665600000000e+07   4.213e+08   1.000e+00
    498  524204.362     514       0  -6.287669200000000e+07   5.066e+08   1.000e+00
    499  525238.516     515       0  -6.287673600000000e+07   5.858e+08   1.000e+00
    500  526271.330     516       0  -6.287678000000000e+07   4.296e+08   1.000e+00
    501  527307.309     517       0  -6.287682400000000e+07   4.187e+08   1.000e+00
    502  528343.061     518       0  -6.287686800000000e+07   5.885e+08   1.000e+00
    503  529379.043     519       0  -6.287690800000000e+07   3.924e+08   1.000e+00
    504  530415.498     520       0  -6.287695600000000e+07   4.236e+08   1.000e+00
    505  531454.132     521       0  -6.287700000000000e+07   5.291e+08   1.000e+00
    506  532487.858     522       0  -6.287703200000000e+07   4.010e+08   1.000e+00
    507  533524.631     523       0  -6.287707200000000e+07   3.745e+08   1.000e+00
    508  534557.788     524       0  -6.287711600000000e+07   6.605e+08   1.000e+00
    509  535594.922     525       0  -6.287715200000000e+07   4.697e+08   1.000e+00
    510  536630.939     526       0  -6.287719200000000e+07   3.860e+08   1.000e+00
    511  537667.324     527       0  -6.287722000000000e+07   4.429e+08   1.000e+00
    512  538704.011     528       0  -6.287726400000000e+07   4.964e+08   1.000e+00
    513  539739.416     529       0  -6.287730000000000e+07   3.763e+08   1.000e+00
    514  540775.792     530       0  -6.287733600000000e+07   4.077e+08   1.000e+00
    515  541810.453     531       0  -6.287736800000000e+07   5.851e+08   1.000e+00
    516  542842.548     532       0  -6.287738800000000e+07   3.738e+08   1.000e+00
    517  543879.403     533       0  -6.287742000000000e+07   3.535e+08   1.000e+00
    518  544914.691     534       0  -6.287745600000000e+07   4.132e+08   1.000e+00
    519  545951.429     535       0  -6.287748000000000e+07   9.488e+08   1.000e+00
    520  546986.906     536       0  -6.287750800000000e+07   3.114e+08   1.000e+00
    521  548019.124     537       0  -6.287751200000000e+07   2.705e+08   1.000e+00
    522  549055.541     538       0  -6.287754400000000e+07   3.666e+08   1.000e+00
    523  550091.154     539       0  -6.287757200000000e+07   8.136e+08   1.000e+00
    524  551132.000     540       0  -6.287760000000000e+07   4.344e+08   1.000e+00
    525  552154.961     541       0  -6.287763200000000e+07   3.197e+08   1.000e+00
    526  553182.231     542       0  -6.287765600000000e+07   3.568e+08   1.000e+00
    527  554203.746     543       0  -6.287767200000000e+07   9.274e+08   1.000e+00
    528  555229.683     544       0  -6.287770000000000e+07   3.330e+08   1.000e+00
    529  556255.161     545       0  -6.287771600000000e+07   3.040e+08   1.000e+00
    530  557277.073     546       0  -6.287774800000000e+07   4.091e+08   1.000e+00
    531  558301.634     547       0  -6.287778800000000e+07   6.372e+08   1.000e+00
    532  559324.399     548       0  -6.287782400000000e+07   7.527e+08   1.000e+00
    533  560349.363     549       0  -6.287785600000000e+07   3.725e+08   1.000e+00
    534  561374.508     550       0  -6.287788000000000e+07   3.369e+08   1.000e+00
    535  562402.865     551       0  -6.287789600000000e+07   3.615e+08   1.000e+00
    536  563430.241     552       0  -6.287791600000000e+07   9.174e+08   1.000e+00
    537  564458.340     553       0  -6.287794800000000e+07   3.621e+08   1.000e+00
    538  565486.627     554       0  -6.287796000000000e+07   3.022e+08   1.000e+00
    539  566505.787     555       0  -6.287798400000000e+07   3.734e+08   1.000e+00
    540  567523.116     556       0  -6.287801200000000e+07   6.263e+08   1.000e+00
    541  568540.142     557       0  -6.287804400000000e+07   6.198e+08   1.000e+00
    542  569558.936     558       0  -6.287806000000000e+07   3.268e+08   1.000e+00
    543  570574.625     559       0  -6.287808800000000e+07   3.493e+08   1.000e+00
    544  571605.919     560       0  -6.287810800000000e+07   3.879e+08   1.000e+00
    545  572635.571     561       0  -6.287814400000000e+07   1.011e+09   1.000e+00
    546  573671.628     562       0  -6.287817600000000e+07   4.446e+08   1.000e+00
    547  574706.491     563       0  -6.287820400000000e+07   3.426e+08   1.000e+00
    548  575739.341     564       0  -6.287822000000000e+07   3.912e+08   1.000e+00
    549  576772.580     565       0  -6.287825200000000e+07   5.689e+08   1.000e+00
    550  577806.950     566       0  -6.287827600000000e+07   6.095e+08   1.000e+00
    551  578838.722     567       0  -6.287829600000000e+07   3.475e+08   1.000e+00
    552  579869.536     568       0  -6.287832400000000e+07   3.711e+08   1.000e+00
    553  580910.390     569       0  -6.287834800000000e+07   3.992e+08   1.000e+00
    554  581943.118     570       0  -6.287836400000000e+07   7.637e+08   1.000e+00
    555  582978.556     571       0  -6.287839600000000e+07   3.687e+08   1.000e+00
    556  584009.867     572       0  -6.287841200000000e+07   3.589e+08   1.000e+00
    557  585042.251     573       0  -6.287843600000000e+07   4.221e+08   1.000e+00
    558  586073.648     574       0  -6.287844000000000e+07   1.149e+09   1.000e+00
    559  587107.533     575       0  -6.287848400000000e+07   3.928e+08   1.000e+00
    560  588143.285     576       0  -6.287850000000000e+07   3.028e+08   1.000e+00
    561  589179.523     577       0  -6.287851200000000e+07   3.608e+08   1.000e+00
    562  590215.724     578       0  -6.287853600000000e+07   5.948e+08   1.000e+00
    563  591250.348     579       0  -6.287855200000000e+07   3.609e+08   1.000e+00
    564  592300.989     580       0  -6.287858000000000e+07   2.961e+08   1.000e+00
    565  593335.485     581       0  -6.287860400000000e+07   4.447e+08   1.000e+00
    566  594371.636     582       0  -6.287862400000000e+07   7.882e+08   1.000e+00
    567  595406.140     583       0  -6.287865200000000e+07   4.419e+08   1.000e+00
    568  596439.262     584       0  -6.287868000000000e+07   3.720e+08   1.000e+00
    569  597475.583     585       0  -6.287870400000000e+07   4.005e+08   1.000e+00
    570  598512.427     586       0  -6.287871600000000e+07   1.095e+09   1.000e+00
    571  599548.216     587       0  -6.287875600000000e+07   3.780e+08   1.000e+00
    572  600587.617     588       0  -6.287877200000000e+07   2.866e+08   1.000e+00
    573  601631.772     589       0  -6.287878800000000e+07   3.450e+08   1.000e+00
    574  602677.951     590       0  -6.287882400000000e+07   5.310e+08   1.000e+00
    575  603719.878     591       0  -6.287885600000000e+07   5.807e+08   1.000e+00
    576  604764.529     592       0  -6.287888800000000e+07   3.859e+08   1.000e+00
    577  605808.956     593       0  -6.287892400000000e+07   3.835e+08   1.000e+00
    578  606852.439     594       0  -6.287894400000000e+07   4.729e+08   1.000e+00
    579  607896.093     595       0  -6.287896000000000e+07   3.533e+08   1.000e+00
    580  608935.868     596       0  -6.287899200000000e+07   4.334e+08   1.000e+00
    581  609980.958     597       0  -6.287901200000000e+07   6.839e+08   1.000e+00
    582  611025.082     598       0  -6.287903200000000e+07   3.772e+08   1.000e+00
    583  612080.053     599       0  -6.287905200000000e+07   3.154e+08   1.000e+00
    584  613129.501     600       0  -6.287907200000000e+07   3.693e+08   1.000e+00
    585  614176.362     601       0  -6.287908800000000e+07   1.114e+09   1.000e+00
    586  615223.501     602       0  -6.287912400000000e+07   3.784e+08   1.000e+00
    587  616273.147     603       0  -6.287914000000000e+07   2.738e+08   1.000e+00
    588  617320.688     604       0  -6.287916000000000e+07   3.217e+08   1.000e+00
    589  618352.554     605       0  -6.287918000000000e+07   4.854e+08   1.000e+00
    590  619400.365     606       0  -6.287920400000000e+07   5.016e+08   1.000e+00
    591  620447.222     607       0  -6.287922400000000e+07   3.115e+08   1.000e+00
    592  621500.739     608       0  -6.287924400000000e+07   3.439e+08   1.000e+00
    593  622554.856     609       0  -6.287926400000000e+07   4.662e+08   1.000e+00
    594  623618.102     610       0  -6.287929200000000e+07   3.625e+08   1.000e+00
    595  624681.153     611       0  -6.287932400000000e+07   3.765e+08   1.000e+00
    596  625745.977     612       0  -6.287934800000000e+07   4.104e+08   1.000e+00
    597  626780.276     613       0  -6.287937200000000e+07   3.662e+08   1.000e+00
    598  627827.650     614       0  -6.287939600000000e+07   3.494e+08   1.000e+00
    599  628873.456     615       0  -6.287942400000000e+07   5.451e+08   1.000e+00
    600  629918.616     616       0  -6.287944400000000e+07   3.712e+08   1.000e+00
    601  630952.082     617       0  -6.287947200000000e+07   3.255e+08   1.000e+00
    602  631981.829     618       0  -6.287949200000000e+07   3.687e+08   1.000e+00
    603  633019.485     619       0  -6.287950800000000e+07   5.505e+08   1.000e+00
    604  634056.691     620       0  -6.287953600000000e+07   2.944e+08   1.000e+00
    605  635093.622     621       0  -6.287954400000000e+07   2.967e+08   1.000e+00
    606  636130.112     622       0  -6.287957200000000e+07   3.648e+08   1.000e+00
    607  637163.927     623       0  -6.287959600000000e+07   6.986e+08   1.000e+00
    608  638200.337     624       0  -6.287961600000000e+07   3.402e+08   1.000e+00
    609  639239.353     625       0  -6.287964400000000e+07   3.252e+08   1.000e+00
    610  640285.393     626       0  -6.287966400000000e+07   3.306e+08   1.000e+00
    611  641323.277     627       0  -6.287968000000000e+07   1.101e+09   1.000e+00
    612  642373.044     628       0  -6.287971600000000e+07   3.371e+08   1.000e+00
    613  660188.913     646       0  -6.287971600000000e+07   3.371e+08   1.919e-06
# Termination: function reduction test satisfied
# Iter.   Time (ms)    Eval. Reject.       Obj. Func.           Grad.       Step
# ---------------------------------------------------------------------------------
      0     986.095       1       0  -6.237347600000000e+07   1.121e+10   0.000e+00
      1   12821.169      13       0  -6.243050400000000e+07   2.143e+10   6.629e-16
      2   13828.797      14       0  -6.247604800000000e+07   1.408e+10   1.000e+00
      3   14836.647      15       0  -6.253260400000000e+07   1.544e+10   1.000e+00
      4   15846.162      16       0  -6.259078400000000e+07   1.869e+10   1.000e+00
      5   16856.224      17       0  -6.262596000000000e+07   2.338e+10   1.000e+00
      6   17871.206      18       0  -6.266341600000000e+07   1.107e+10   1.000e+00
      7   18890.164      19       0  -6.268088400000000e+07   9.021e+09   1.000e+00
      8   19900.858      20       0  -6.269703600000000e+07   9.389e+09   1.000e+00
      9   20911.553      21       0  -6.271470800000000e+07   1.068e+10   1.000e+00
     10   21924.187      22       0  -6.272371600000000e+07   8.040e+09   1.000e+00
     11   22935.020      23       0  -6.272888000000000e+07   5.984e+09   1.000e+00
     12   23954.608      24       0  -6.273717200000000e+07   5.248e+09   1.000e+00
     13   24971.271      25       0  -6.274239600000000e+07   9.891e+09   1.000e+00
     14   25990.285      26       0  -6.274682000000000e+07   4.585e+09   1.000e+00
     15   27009.982      27       0  -6.275005200000000e+07   3.667e+09   1.000e+00
     16   28027.849      28       0  -6.275298400000000e+07   3.910e+09   1.000e+00
     17   29046.356      29       0  -6.275796000000000e+07   7.004e+09   1.000e+00
     18   30062.263      30       0  -6.276191600000000e+07   4.267e+09   1.000e+00
     19   31082.883      31       0  -6.276348800000000e+07   2.950e+09   1.000e+00
     20   32100.405      32       0  -6.276657600000000e+07   2.903e+09   1.000e+00
     21   33111.155      33       0  -6.276919600000000e+07   6.031e+09   1.000e+00
     22   34122.324      34       0  -6.277142800000000e+07   3.208e+09   1.000e+00
     23   35133.236      35       0  -6.277394400000000e+07   2.668e+09   1.000e+00
     24   36145.129      36       0  -6.277581600000000e+07   2.909e+09   1.000e+00
     25   37165.167      37       0  -6.277863200000000e+07   6.708e+09   1.000e+00
     26   38187.146      38       0  -6.278104400000000e+07   2.645e+09   1.000e+00
     27   39198.900      39       0  -6.278195600000000e+07   2.314e+09   1.000e+00
     28   40214.124      40       0  -6.278382800000000e+07   2.876e+09   1.000e+00
     29   41225.751      41       0  -6.278493600000000e+07   6.950e+09   1.000e+00
     30   42236.816      42       0  -6.278645600000000e+07   2.514e+09   1.000e+00
     31   43247.069      43       0  -6.278734000000000e+07   1.844e+09   1.000e+00
     32   44258.158      44       0  -6.278847200000000e+07   2.310e+09   1.000e+00
     33   45268.830      45       0  -6.279029200000000e+07   2.788e+09   1.000e+00
     34   46279.535      46       0  -6.279086400000000e+07   7.495e+09   1.000e+00
     35   47290.200      47       0  -6.279287600000000e+07   1.871e+09   1.000e+00
     36   48301.450      48       0  -6.279336000000000e+07   1.607e+09   1.000e+00
     37   49312.615      49       0  -6.279442400000000e+07   2.111e+09   1.000e+00
     38   50324.568      50       0  -6.279546800000000e+07   5.478e+09   1.000e+00
     39   51343.505      51       0  -6.279657200000000e+07   2.440e+09   1.000e+00
     40   52359.219      52       0  -6.279738800000000e+07   1.751e+09   1.000e+00
     41   53376.505      53       0  -6.279800800000000e+07   1.997e+09   1.000e+00
     42   54396.600      54       0  -6.279930800000000e+07   2.377e+09   1.000e+00
     43   55414.695      55       0  -6.279978400000000e+07   6.260e+09   1.000e+00
     44   56435.174      56       0  -6.280111600000000e+07   1.882e+09   1.000e+00
     45   57452.965      57       0  -6.280154400000000e+07   1.372e+09   1.000e+00
     46   58470.111      58       0  -6.280231200000000e+07   1.738e+09   1.000e+00
     47   59489.514      59       0  -6.280319600000000e+07   3.492e+09   1.000e+00
     48   60506.493      60       0  -6.280402000000000e+07   1.877e+09   1.000e+00
     49   61530.359      61       0  -6.280464400000000e+07   1.416e+09   1.000e+00
     50   62561.328      62       0  -6.280526400000000e+07   1.898e+09   1.000e+00
     51   63592.941      63       0  -6.280605600000000e+07   2.467e+09   1.000e+00
     52   64620.285      64       0  -6.280678400000000e+07   1.760e+09   1.000e+00
     53   65648.617      65       0  -6.280747600000000e+07   1.506e+09   1.000e+00
     54   66674.925      66       0  -6.280812800000000e+07   2.018e+09   1.000e+00
     55   67704.486      67       0  -6.280877600000000e+07   1.708e+09   1.000e+00
     56   68730.398      68       0  -6.280933600000000e+07   1.550e+09   1.000e+00
     57   69759.571      69       0  -6.281026000000000e+07   2.262e+09   1.000e+00
     58   70793.908      70       0  -6.281089200000000e+07   2.335e+09   1.000e+00
     59   71810.086      71       0  -6.281132000000000e+07   1.637e+09   1.000e+00
     60   72840.439      72       0  -6.281214000000000e+07   1.409e+09   1.000e+00
     61   73869.637      73       0  -6.281269200000000e+07   2.477e+09   1.000e+00
     62   74896.776      74       0  -6.281315600000000e+07   1.696e+09   1.000e+00
     63   75925.413      75       0  -6.281400400000000e+07   1.372e+09   1.000e+00
     64   76954.303      76       0  -6.281453200000000e+07   1.834e+09   1.000e+00
     65   77984.820      77       0  -6.281534800000000e+07   1.760e+09   1.000e+00
     66   79012.942      78       0  -6.281606800000000e+07   4.245e+09   1.000e+00
     67   80040.175      79       0  -6.281677200000000e+07   1.524e+09   1.000e+00
     68   81069.112      80       0  -6.281709600000000e+07   1.285e+09   1.000e+00
     69   82105.500      81       0  -6.281758800000000e+07   1.552e+09   1.000e+00
     70   83133.205      82       0  -6.281829600000000e+07   3.219e+09   1.000e+00
     71   84169.760      83       0  -6.281902400000000e+07   1.552e+09   1.000e+00
     72   85214.590      84       0  -6.281948800000000e+07   1.262e+09   1.000e+00
     73   86262.824      85       0  -6.282004800000000e+07   1.573e+09   1.000e+00
     74   87310.379      86       0  -6.282065200000000e+07   3.006e+09   1.000e+00
     75   88359.351      87       0  -6.282121200000000e+07   1.580e+09   1.000e+00
     76   89407.937      88       0  -6.282167600000000e+07   1.270e+09   1.000e+00
     77   90450.633      89       0  -6.282206800000000e+07   1.464e+09   1.000e+00
     78   91500.158      90       0  -6.282248400000000e+07   3.700e+09   1.000e+00
     79   92547.587      91       0  -6.282300800000000e+07   1.429e+09   1.000e+00
     80   93592.851      92       0  -6.282332000000000e+07   1.168e+09   1.000e+00
     81   94639.571      93       0  -6.282364000000000e+07   1.386e+09   1.000e+00
     82   95687.154      94       0  -6.282420000000000e+07   1.897e+09   1.000e+00
     83   96734.133      95       0  -6.282443200000000e+07   3.145e+09   1.000e+00
     84   97777.469      96       0  -6.282481600000000e+07   1.039e+09   1.000e+00
     85   98823.847      97       0  -6.282495600000000e+07   9.396e+08   1.000e+00
     86   99871.181      98       0  -6.282521600000000e+07   1.218e+09   1.000e+00
     87  100918.127      99       0  -6.282556400000000e+07   2.634e+09   1.000e+00
     88  101947.944     100       0  -6.282592400000000e+07   1.383e+09   1.000e+00
     89  102975.166     101       0  -6.282617200000000e+07   9.879e+08   1.000e+00
     90  104004.456     102       0  -6.282638000000000e+07   1.175e+09   1.000e+00
     91  105032.825     103       0  -6.282658000000000e+07   2.101e+09   1.000e+00
     92  106062.017     104       0  -6.282680800000000e+07   1.069e+09   1.000e+00
     93  107087.595     105       0  -6.282703200000000e+07   1.001e+09   1.000e+00
     94  108116.028     106       0  -6.282723200000000e+07   1.168e+09   1.000e+00
     95  109144.312     107       0  -6.282749200000000e+07   2.919e+09   1.000e+00
     96  110172.740     108       0  -6.282782800000000e+07   1.229e+09   1.000e+00
     97  111199.851     109       0  -6.282799600000000e+07   9.187e+08   1.000e+00
     98  112228.813     110       0  -6.282817600000000e+07   1.083e+09   1.000e+00
     99  113264.892     111       0  -6.282848800000000e+07   1.356e+09   1.000e+00
    100  114300.762     112       0  -6.282851600000000e+07   3.472e+09   1.000e+00
    101  115337.589     113       0  -6.282894800000000e+07   9.978e+08   1.000e+00
    102  116376.348     114       0  -6.282906000000000e+07   8.197e+08   1.000e+00
    103  117413.419     115       0  -6.282926000000000e+07   1.009e+09   1.000e+00
    104  118451.555     116       0  -6.282950800000000e+07   2.007e+09   1.000e+00
    105  119485.086     117       0  -6.282976000000000e+07   1.175e+09   1.000e+00
    106  120522.890     118       0  -6.282995200000000e+07   9.374e+08   1.000e+00
    107  121555.299     119       0  -6.283014800000000e+07   1.384e+09   1.000e+00
    108  122575.036     120       0  -6.283032000000000e+07   1.392e+09   1.000e+00
    109  123594.520     121       0  -6.283050400000000e+07   1.061e+09   1.000e+00
    110  124614.131     122       0  -6.283078800000000e+07   1.370e+09   1.000e+00
    111  125634.636     123       0  -6.283094800000000e+07   1.299e+09   1.000e+00
    112  126655.268     124       0  -6.283110000000000e+07   1.028e+09   1.000e+00
    113  127684.562     125       0  -6.283139600000000e+07   1.150e+09   1.000e+00
    114  128710.238     126       0  -6.283156000000000e+07   1.939e+09   1.000e+00
    115  129738.067     127       0  -6.283172800000000e+07   1.227e+09   1.000e+00
    116  130769.418     128       0  -6.283196400000000e+07   8.835e+08   1.000e+00
    117  131803.987     129       0  -6.283208800000000e+07   1.037e+09   1.000e+00
    118  132844.282     130       0  -6.283234000000000e+07   1.385e+09   1.000e+00
    119  133881.940     131       0  -6.283256000000000e+07   1.660e+09   1.000e+00
    120  134913.238     132       0  -6.283276400000000e+07   1.141e+09   1.000e+00
    121  135942.033     133       0  -6.283307200000000e+07   1.045e+09   1.000e+00
    122  136974.121     134       0  -6.283327600000000e+07   1.312e+09   1.000e+00
    123  138004.156     135       0  -6.283354000000000e+07   1.022e+09   1.000e+00
    124  139036.247     136       0  -6.283384000000000e+07   1.056e+09   1.000e+00
    125  140065.589     137       0  -6.283397200000000e+07   2.540e+09   1.000e+00
    126  141093.018     138       0  -6.283422400000000e+07   9.460e+08   1.000e+00
    127  142133.030     139       0  -6.283434800000000e+07   8.507e+08   1.000e+00
    128  143160.477     140       0  -6.283454400000000e+07   9.961e+08   1.000e+00
    129  144192.299     141       0  -6.283482000000000e+07   1.997e+09   1.000e+00
    130  145224.730     142       0  -6.283510400000000e+07   9.538e+08   1.000e+00
    131  146257.347     143       0  -6.283528400000000e+07   8.058e+08   1.000e+00
    132  147289.580     144       0  -6.283551600000000e+07   1.093e+09   1.000e+00
    133  148322.173     145       0  -6.283568400000000e+07   2.361e+09   1.000e+00
    134  149356.226     146       0  -6.283588400000000e+07   1.063e+09   1.000e+00
    135  150388.598     147       0  -6.283608000000000e+07   7.785e+08   1.000e+00
    136  151420.615     148       0  -6.283622000000000e+07   9.205e+08   1.000e+00
    137  152451.099     149       0  -6.283648400000000e+07   1.904e+09   1.000e+00
    138  153486.049     150       0  -6.283675600000000e+07   1.164e+09   1.000e+00
    139  154512.981     151       0  -6.283692400000000e+07   8.768e+08   1.000e+00
    140  155533.296     152       0  -6.283720000000000e+07   1.198e+09   1.000e+00
    141  156558.347     153       0  -6.283740400000000e+07   1.905e+09   1.000e+00
    142  157589.902     154       0  -6.283762000000000e+07   1.122e+09   1.000e+00
    143  158618.959     155       0  -6.283794400000000e+07   1.019e+09   1.000e+00
    144  159652.744     156       0  -6.283815600000000e+07   1.050e+09   1.000e+00
    145  160690.732     157       0  -6.283828000000000e+07   3.562e+09   1.000e+00
    146  161722.288     158       0  -6.283868400000000e+07   9.212e+08   1.000e+00
    147  162750.965     159       0  -6.283878000000000e+07   7.453e+08   1.000e+00
    148  163784.309     160       0  -6.283897200000000e+07   9.717e+08   1.000e+00
    149  164814.279     161       0  -6.283924800000000e+07   1.728e+09   1.000e+00
    150  165848.080     162       0  -6.283956800000000e+07   1.324e+09   1.000e+00
    151  166881.253     163       0  -6.283980000000000e+07   9.343e+08   1.000e+00
    152  167912.499     164       0  -6.284007200000000e+07   1.133e+09   1.000e+00
    153  168945.459     165       0  -6.284022000000000e+07   1.658e+09   1.000e+00
    154  169973.874     166       0  -6.284036400000000e+07   9.881e+08   1.000e+00
    155  171002.020     167       0  -6.284059600000000e+07   8.660e+08   1.000e+00
    156  172044.983     168       0  -6.284075600000000e+07   1.003e+09   1.000e+00
    157  173075.343     169       0  -6.284091200000000e+07   2.768e+09   1.000e+00
    158  174109.100     170       0  -6.284120800000000e+07   8.952e+08   1.000e+00
    159  175138.057     171       0  -6.284130400000000e+07   7.652e+08   1.000e+00
    160  176161.750     172       0  -6.284148000000000e+07   9.405e+08   1.000e+00
    161  177194.512     173       0  -6.284163200000000e+07   2.516e+09   1.000e+00
    162  178229.077     174       0  -6.284184000000000e+07   1.131e+09   1.000e+00
    163  179260.739     175       0  -6.284200400000000e+07   7.715e+08   1.000e+00
    164  180290.744     176       0  -6.284212800000000e+07   9.091e+08   1.000e+00
    165  181315.292     177       0  -6.284238000000000e+07   1.219e+09   1.000e+00
    166  182339.339     178       0  -6.284246400000000e+07   2.584e+09   1.000e+00
    167  183361.951     179       0  -6.284269600000000e+07   7.621e+08   1.000e+00
    168  184394.398     180       0  -6.284277200000000e+07   7.156e+08   1.000e+00
    169  185420.479     181       0  -6.284294000000000e+07   9.496e+08   1.000e+00
    170  186443.189     182       0  -6.284316400000000e+07   1.988e+09   1.000e+00
    171  187467.951     183       0  -6.284339200000000e+07   1.151e+09   1.000e+00
    172  188492.008     184       0  -6.284354800000000e+07   8.162e+08   1.000e+00
    173  189516.842     185       0  -6.284371600000000e+07   9.841e+08   1.000e+00
    174  190548.727     186       0  -6.284386000000000e+07   1.389e+09   1.000e+00
    175  191577.840     187       0  -6.284400800000000e+07   8.906e+08   1.000e+00
    176  192607.733     188       0  -6.284421200000000e+07   8.609e+08   1.000e+00
    177  193641.245     189       0  -6.284434400000000e+07   1.086e+09   1.000e+00
    178  194670.150     190       0  -6.284450000000000e+07   9.500e+08   1.000e+00
    179  195705.354     191       0  -6.284464400000000e+07   1.000e+09   1.000e+00
    180  196729.429     192       0  -6.284479600000000e+07   9.823e+08   1.000e+00
    181  197751.170     193       0  -6.284490000000000e+07   7.899e+08   1.000e+00
    182  198786.617     194       0  -6.284504800000000e+07   8.615e+08   1.000e+00
    183  199826.993     195       0  -6.284516000000000e+07   1.647e+09   1.000e+00
    184  200866.514     196       0  -6.284528000000000e+07   8.443e+08   1.000e+00
    185  201910.866     197       0  -6.284537200000000e+07   7.109e+08   1.000e+00
    186  202953.598     198       0  -6.284545200000000e+07   8.136e+08   1.000e+00
    187  203977.333     199       0  -6.284552400000000e+07   1.773e+09   1.000e+00
    188  205007.917     200       0  -6.284565200000000e+07   7.160e+08   1.000e+00
    189  206050.377     201       0  -6.284572000000000e+07   6.675e+08   1.000e+00
    190  207095.690     202       0  -6.284583200000000e+07   8.023e+08   1.000e+00
    191  208145.074     203       0  -6.284595200000000e+07   1.606e+09   1.000e+00
    192  209195.592     204       0  -6.284608400000000e+07   8.852e+08   1.000e+00
    193  210247.822     205       0  -6.284616000000000e+07   6.473e+08   1.000e+00
    194  211294.232     206       0  -6.284625600000000e+07   7.933e+08   1.000e+00
    195  212341.177     207       0  -6.284632400000000e+07   1.289e+09   1.000e+00
    196  213387.454     208       0  -6.284641600000000e+07   7.994e+08   1.000e+00
    197  214434.434     209       0  -6.284651600000000e+07   6.976e+08   1.000e+00
    198  215483.489     210       0  -6.284658800000000e+07   8.303e+08   1.000e+00
    199  216534.586     211       0  -6.284667200000000e+07   1.252e+09   1.000e+00
    200  217587.759     212       0  -6.284677200000000e+07   7.363e+08   1.000e+00
    201  218638.070     213       0  -6.284685200000000e+07   6.983e+08   1.000e+00
    202  219691.056     214       0  -6.284692000000000e+07   8.039e+08   1.000e+00
    203  220744.646     215       0  -6.284698400000000e+07   1.495e+09   1.000e+00
    204  221795.021     216       0  -6.284708000000000e+07   7.199e+08   1.000e+00
    205  222847.424     217       0  -6.284715600000000e+07   6.807e+08   1.000e+00
    206  223892.516     218       0  -6.284723200000000e+07   7.647e+08   1.000e+00
    207  224941.753     219       0  -6.284729200000000e+07   1.946e+09   1.000e+00
    208  225986.246     220       0  -6.284742000000000e+07   7.627e+08   1.000e+00
    209  227034.334     221       0  -6.284749200000000e+07   6.181e+08   1.000e+00
    210  228086.578     222       0  -6.284756400000000e+07   7.271e+08   1.000e+00
    211  229138.021     223       0  -6.284769200000000e+07   1.015e+09   1.000e+00
    212  230183.965     224       0  -6.284778800000000e+07   1.268e+09   1.000e+00
    213  231236.745     225       0  -6.284787600000000e+07   6.079e+08   1.000e+00
    214  232281.044     226       0  -6.284796000000000e+07   6.920e+08   1.000e+00
    215  233302.868     227       0  -6.284806400000000e+07   8.143e+08   1.000e+00
    216  234329.088     228       0  -6.284814000000000e+07   2.112e+09   1.000e+00
    217  235353.386     229       0  -6.284828800000000e+07   8.167e+08   1.000e+00
    218  236378.498     230       0  -6.284836000000000e+07   6.415e+08   1.000e+00
    219  237405.095     231       0  -6.284843600000000e+07   7.392e+08   1.000e+00
    220  238428.487     232       0  -6.284856000000000e+07   1.089e+09   1.000e+00
    221  239452.685     233       0  -6.284866000000000e+07   1.019e+09   1.000e+00
    222  240476.711     234       0  -6.284874400000000e+07   5.804e+08   1.000e+00
    223  241497.762     235       0  -6.284884000000000e+07   7.046e+08   1.000e+00
    224  242522.023     236       0  -6.284894000000000e+07   8.105e+08   1.000e+00
    225  243544.350     237       0  -6.284904400000000e+07   1.865e+09   1.000e+00
    226  244568.972     238       0  -6.284916800000000e+07   7.364e+08   1.000e+00
    227  245593.611     239       0  -6.284923200000000e+07   6.407e+08   1.000e+00
    228  246617.640     240       0  -6.284932400000000e+07   7.091e+08   1.000e+00
    229  247640.323     241       0  -6.284944000000000e+07   1.212e+09   1.000e+00
    230  248650.111     242       0  -6.284954800000000e+07   8.383e+08   1.000e+00
    231  249673.703     243       0  -6.284962800000000e+07   5.951e+08   1.000e+00
    232  250692.745     244       0  -6.284974400000000e+07   6.649e+08   1.000e+00
    233  251716.235     245       0  -6.284980800000000e+07   1.483e+09   1.000e+00
    234  252740.701     246       0  -6.284988800000000e+07   7.511e+08   1.000e+00
    235  253763.934     247       0  -6.284997600000000e+07   5.909e+08   1.000e+00
    236  254788.780     248       0  -6.285004400000000e+07   6.785e+08   1.000e+00
    237  255813.016     249       0  -6.285021200000000e+07   9.516e+08   1.000e+00
    238  256837.360     250       0  -6.285024400000000e+07   2.119e+09   1.000e+00
    239  257858.576     251       0  -6.285039600000000e+07   6.264e+08   1.000e+00
    240  258878.890     252       0  -6.285044800000000e+07   4.866e+08   1.000e+00
    241  259908.128     253       0  -6.285056000000000e+07   7.118e+08   1.000e+00
    242  260935.370     254       0  -6.285071600000000e+07   1.084e+09   1.000e+00
    243  261977.910     255       0  -6.285090400000000e+07   1.019e+09   1.000e+00
    244  263003.759     256       0  -6.285101200000000e+07   7.896e+08   1.000e+00
    245  264039.533     257       0  -6.285111600000000e+07   7.095e+08   1.000e+00
    246  265062.788     258       0  -6.285118000000000e+07   6.038e+08   1.000e+00
    247  266096.422     259       0  -6.285127200000000e+07   6.579e+08   1.000e+00
    248  267124.113     260       0  -6.285138400000000e+07   1.246e+09   1.000e+00
    249  268147.738     261       0  -6.285148800000000e+07   7.109e+08   1.000e+00
    250  269180.902     262       0  -6.285156800000000e+07   6.611e+08   1.000e+00
    251  270209.084     263       0  -6.285166800000000e+07   7.734e+08   1.000e+00
    252  271240.843     264       0  -6.285173600000000e+07   1.719e+09   1.000e+00
    253  272272.295     265       0  -6.285183600000000e+07   6.151e+08   1.000e+00
    254  273305.865     266       0  -6.285188000000000e+07   4.996e+08   1.000e+00
    255  274337.876     267       0  -6.285194800000000e+07   6.378e+08   1.000e+00
    256  275368.753     268       0  -6.285204400000000e+07   1.076e+09   1.000e+00
    257  276401.555     269       0  -6.285216400000000e+07   8.236e+08   1.000e+00
    258  277434.639     270       0  -6.285224000000000e+07   5.583e+08   1.000e+00
    259  278464.594     271       0  -6.285234400000000e+07   7.037e+08   1.000e+00
    260  279493.453     272       0  -6.285239600000000e+07   1.085e+09   1.000e+00
    261  280523.484     273       0  -6.285245200000000e+07   6.541e+08   1.000e+00
    262  281554.214     274       0  -6.285254400000000e+07   6.071e+08   1.000e+00
    263  282587.716     275       0  -6.285260400000000e+07   6.810e+08   1.000e+00
    264  283620.059     276       0  -6.285263600000000e+07   2.337e+09   1.000e+00
    265  284653.566     277       0  -6.285280000000000e+07   6.312e+08   1.000e+00
    266  285687.025     278       0  -6.285283600000000e+07   4.480e+08   1.000e+00
    267  286720.953     279       0  -6.285289600000000e+07   5.369e+08   1.000e+00
    268  287749.273     280       0  -6.285298000000000e+07   9.093e+08   1.000e+00
    269  288782.492     281       0  -6.285308800000000e+07   7.297e+08   1.000e+00
    270  289811.043     282       0  -6.285317200000000e+07   6.725e+08   1.000e+00
    271  290845.459     283       0  -6.285325600000000e+07   7.494e+08   1.000e+00
    272  291876.097     284       0  -6.285331200000000e+07   6.950e+08   1.000e+00
    273  292908.811     285       0  -6.285336800000000e+07   5.640e+08   1.000e+00
    274  293936.827     286       0  -6.285348400000000e+07   9.524e+08   1.000e+00
    275  294968.803     287       0  -6.285356000000000e+07   1.013e+09   1.000e+00
    276  296001.301     288       0  -6.285360800000000e+07   5.841e+08   1.000e+00
    277  297033.736     289       0  -6.285367600000000e+07   4.677e+08   1.000e+00
    278  298063.482     290       0  -6.285375200000000e+07   5.563e+08   1.000e+00
    279  299097.042     291       0  -6.285381200000000e+07   1.486e+09   1.000e+00
    280  300130.545     292       0  -6.285392000000000e+07   5.201e+08   1.000e+00
    281  301161.741     293       0  -6.285396400000000e+07   5.089e+08   1.000e+00
    282  302197.622     294       0  -6.285405200000000e+07   6.667e+08   1.000e+00
    283  303228.969     295       0  -6.285412800000000e+07   1.676e+09   1.000e+00
    284  304259.884     296       0  -6.285422000000000e+07   6.595e+08   1.000e+00
    285  305289.591     297       0  -6.285428400000000e+07   4.708e+08   1.000e+00
    286  306319.166     298       0  -6.285434800000000e+07   5.629e+08   1.000e+00
    287  307351.954     299       0  -6.285443600000000e+07   9.596e+08   1.000e+00
    288  308384.465     300       0  -6.285453200000000e+07   5.710e+08   1.000e+00
    289  309416.754     301       0  -6.285461600000000e+07   5.285e+08   1.000e+00
    290  310445.351     302       0  -6.285472400000000e+07   8.282e+08   1.000e+00
    291  311473.683     303       0  -6.285477200000000e+07   1.378e+09   1.000e+00
    292  312506.943     304       0  -6.285482800000000e+07   5.685e+08   1.000e+00
    293  313539.828     305       0  -6.285486800000000e+07   4.550e+08   1.000e+00
    294  314573.616     306       0  -6.285492800000000e+07   5.854e+08   1.000e+00
    295  315605.333     307       0  -6.285500800000000e+07   9.304e+08   1.000e+00
    296  316635.615     308       0  -6.285510400000000e+07   8.487e+08   1.000e+00
    297  317669.628     309       0  -6.285514800000000e+07   4.858e+08   1.000e+00
    298  318701.882     310       0  -6.285521200000000e+07   5.212e+08   1.000e+00
    299  319730.776     311       0  -6.285524800000000e+07   6.440e+08   1.000e+00
    300  320759.547     312       0  -6.285532000000000e+07   5.459e+08   1.000e+00
    301  321788.884     313       0  -6.285538400000000e+07   5.112e+08   1.000e+00
    302  322811.198     314       0  -6.285541600000000e+07   1.699e+09   1.000e+00
    303  323850.655     315       0  -6.285550400000000e+07   4.864e+08   1.000e+00
    304  324889.222     316       0  -6.285553200000000e+07   3.961e+08   1.000e+00
    305  325929.841     317       0  -6.285559200000000e+07   5.153e+08   1.000e+00
    306  326955.231     318       0  -6.285566000000000e+07   7.236e+08   1.000e+00
    307  328006.855     319       0  -6.285571200000000e+07   1.437e+09   1.000e+00
    308  329057.992     320       0  -6.285580400000000e+07   5.153e+08   1.000e+00
    309  330111.242     321       0  -6.285583600000000e+07   4.679e+08   1.000e+00
    310  331162.610     322       0  -6.285588800000000e+07   5.269e+08   1.000e+00
    311  333197.563     324       0  -6.285593200000000e+07   1.033e+09   4.862e-01
    312  334203.247     325       0  -6.285599600000000e+07   5.993e+08   1.000e+00
    313  335210.999     326       0  -6.285604400000000e+07   4.385e+08   1.000e+00
    314  336217.745     327       0  -6.285608400000000e+07   5.047e+08   1.000e+00
    315  337224.073     328       0  -6.285612000000000e+07   1.348e+09   1.000e+00
    316  338230.884     329       0  -6.285618400000000e+07   5.115e+08   1.000e+00
    317  339237.428     330       0  -6.285621200000000e+07   4.246e+08   1.000e+00
    318  340248.977     331       0  -6.285625200000000e+07   5.577e+08   1.000e+00
    319  341262.765     332       0  -6.285633600000000e+07   7.270e+08   1.000e+00
    320  343251.271     334       0  -6.285638000000000e+07   9.838e+08   4.691e-01
    321  344258.903     335       0  -6.285644800000000e+07   4.980e+08   1.000e+00
    322  345265.490     336       0  -6.285648000000000e+07   4.225e+08   1.000e+00
    323  346272.590     337       0  -6.285654000000000e+07   5.666e+08   1.000e+00
    324  347280.043     338       0  -6.285658000000000e+07   1.211e+09   1.000e+00
    325  348286.835     339       0  -6.285663600000000e+07   6.202e+08   1.000e+00
    326  349294.053     340       0  -6.285670000000000e+07   5.050e+08   1.000e+00
    327  350303.862     341       0  -6.285674000000000e+07   5.724e+08   1.000e+00
    328  351326.088     342       0  -6.285676800000000e+07   1.762e+09   1.000e+00
    329  352352.596     343       0  -6.285686400000000e+07   5.688e+08   1.000e+00
    330  353376.629     344       0  -6.285689200000000e+07   3.897e+08   1.000e+00
    331  354397.641     345       0  -6.285692400000000e+07   4.925e+08   1.000e+00
    332  355421.009     346       0  -6.285698000000000e+07   5.887e+08   1.000e+00
    333  356444.558     347       0  -6.285702800000000e+07   1.475e+09   1.000e+00
    334  357469.039     348       0  -6.285711600000000e+07   5.085e+08   1.000e+00
    335  358480.857     349       0  -6.285714800000000e+07   4.009e+08   1.000e+00
    336  359490.641     350       0  -6.285720000000000e+07   4.727e+08   1.000e+00
    337  360501.592     351       0  -6.285723200000000e+07   1.572e+09   1.000e+00
    338  361524.772     352       0  -6.285729600000000e+07   6.297e+08   1.000e+00
    339  362548.033     353       0  -6.285733600000000e+07   3.715e+08   1.000e+00
    340  363569.751     354       0  -6.285738000000000e+07   4.778e+08   1.000e+00
    341  364582.215     355       0  -6.285744800000000e+07   5.568e+08   1.000e+00
    342  365589.301     356       0  -6.285749200000000e+07   1.563e+09   1.000e+00
    343  366601.049     357       0  -6.285758000000000e+07   4.581e+08   1.000e+00
    344  367611.608     358       0  -6.285760400000000e+07   3.754e+08   1.000e+00
    345  368623.068     359       0  -6.285766400000000e+07   4.775e+08   1.000e+00
    346  369635.183     360       0  -6.285770400000000e+07   1.611e+09   1.000e+00
    347  370646.342     361       0  -6.285777200000000e+07   6.139e+08   1.000e+00
    348  371673.644     362       0  -6.285780800000000e+07   3.806e+08   1.000e+00
    349  372700.330     363       0  -6.285786000000000e+07   4.652e+08   1.000e+00
    350  373733.426     364       0  -6.285792000000000e+07   5.583e+08   1.000e+00
    351  374763.322     365       0  -6.285794800000000e+07   1.666e+09   1.000e+00
    352  375795.888     366       0  -6.285803200000000e+07   3.969e+08   1.000e+00
    353  376830.086     367       0  -6.285804800000000e+07   3.528e+08   1.000e+00
    354  377849.495     368       0  -6.285810000000000e+07   4.455e+08   1.000e+00
    355  378870.661     369       0  -6.285815600000000e+07   1.190e+09   1.000e+00
    356  379891.095     370       0  -6.285821200000000e+07   5.458e+08   1.000e+00
    357  380914.822     371       0  -6.285825200000000e+07   3.916e+08   1.000e+00
    358  381928.867     372       0  -6.285829200000000e+07   4.486e+08   1.000e+00
    359  382952.947     373       0  -6.285835600000000e+07   6.938e+08   1.000e+00
    360  383976.881     374       0  -6.285840800000000e+07   7.840e+08   1.000e+00
    361  385012.414     375       0  -6.285845200000000e+07   3.961e+08   1.000e+00
    362  386063.666     376       0  -6.285848000000000e+07   4.351e+08   1.000e+00
    363  387111.366     377       0  -6.285852400000000e+07   4.793e+08   1.000e+00
    364  388163.673     378       0  -6.285858000000000e+07   1.252e+09   1.000e+00
    365  389211.505     379       0  -6.285863200000000e+07   4.184e+08   1.000e+00
    366  390243.145     380       0  -6.285865600000000e+07   3.646e+08   1.000e+00
    367  391271.933     381       0  -6.285869600000000e+07   4.160e+08   1.000e+00
    368  392298.613     382       0  -6.285876000000000e+07   1.023e+09   1.000e+00
    369  393345.488     383       0  -6.285881600000000e+07   4.919e+08   1.000e+00
    370  394389.934     384       0  -6.285886800000000e+07   3.693e+08   1.000e+00
    371  395434.069     385       0  -6.285890400000000e+07   4.284e+08   1.000e+00
    372  396478.742     386       0  -6.285896000000000e+07   8.851e+08   1.000e+00
    373  397522.411     387       0  -6.285900800000000e+07   4.261e+08   1.000e+00
    374  398561.877     388       0  -6.285904000000000e+07   3.545e+08   1.000e+00
    375  399598.223     389       0  -6.285907200000000e+07   4.429e+08   1.000e+00
    376  400637.969     390       0  -6.285911600000000e+07   9.351e+08   1.000e+00
    377  401681.787     391       0  -6.285916000000000e+07   4.688e+08   1.000e+00
    378  402706.997     392       0  -6.285918800000000e+07   3.801e+08   1.000e+00
    379  403746.181     393       0  -6.285921200000000e+07   4.203e+08   1.000e+00
    380  404790.609     394       0  -6.285925200000000e+07   1.173e+09   1.000e+00
    381  405830.667     395       0  -6.285930000000000e+07   4.399e+08   1.000e+00
    382  406872.507     396       0  -6.285931600000000e+07   3.104e+08   1.000e+00
    383  407913.500     397       0  -6.285933600000000e+07   3.861e+08   1.000e+00
    384  408959.030     398       0  -6.285938000000000e+07   5.057e+08   1.000e+00
    385  409987.008     399       0  -6.285940000000000e+07   1.257e+09   1.000e+00
    386  411024.190     400       0  -6.285946000000000e+07   4.038e+08   1.000e+00
    387  412074.932     401       0  -6.285946800000000e+07   3.320e+08   1.000e+00
    388  413121.427     402       0  -6.285949600000000e+07   4.063e+08   1.000e+00
    389  414159.935     403       0  -6.285953200000000e+07   6.855e+08   1.000e+00
    390  415195.833     404       0  -6.285957200000000e+07   5.810e+08   1.000e+00
    391  416233.179     405       0  -6.285960000000000e+07   3.705e+08   1.000e+00
    392  417271.256     406       0  -6.285963200000000e+07   4.060e+08   1.000e+00
    393  418309.004     407       0  -6.285966000000000e+07   6.376e+08   1.000e+00
    394  419355.661     408       0  -6.285968400000000e+07   4.048e+08   1.000e+00
    395  420397.751     409       0  -6.285972000000000e+07   3.821e+08   1.000e+00
    396  421438.247     410       0  -6.285974400000000e+07   5.624e+08   1.000e+00
    397  422476.278     411       0  -6.285977600000000e+07   4.117e+08   1.000e+00
    398  423517.970     412       0  -6.285980800000000e+07   3.696e+08   1.000e+00
    399  424554.407     413       0  -6.285983600000000e+07   5.794e+08   1.000e+00
    400  425596.934     414       0  -6.285986400000000e+07   4.384e+08   1.000e+00
    401  426637.961     415       0  -6.285988400000000e+07   4.130e+08   1.000e+00
    402  427674.014     416       0  -6.285992400000000e+07   6.523e+08   1.000e+00
    403  428717.011     417       0  -6.285994400000000e+07   6.583e+08   1.000e+00
    404  429754.857     418       0  -6.285996800000000e+07   3.675e+08   1.000e+00
    405  430808.174     419       0  -6.285998800000000e+07   3.028e+08   1.000e+00
    406  431848.827     420       0  -6.286001200000000e+07   3.788e+08   1.000e+00
    407  432889.332     421       0  -6.286003600000000e+07   7.192e+08   1.000e+00
    408  433926.910     422       0  -6.286006400000000e+07   3.474e+08   1.000e+00
    409  434969.203     423       0  -6.286008800000000e+07   3.726e+08   1.000e+00
    410  436008.293     424       0  -6.286012000000000e+07   4.496e+08   1.000e+00
    411  437049.537     425       0  -6.286012800000000e+07   1.084e+09   1.000e+00
    412  438086.209     426       0  -6.286017200000000e+07   3.921e+08   1.000e+00
    413  439130.161     427       0  -6.286018800000000e+07   3.086e+08   1.000e+00
    414  440173.485     428       0  -6.286021600000000e+07   3.811e+08   1.000e+00
    415  441209.527     429       0  -6.286025600000000e+07   5.512e+08   1.000e+00
    416  442251.684     430       0  -6.286028400000000e+07   5.046e+08   1.000e+00
    417  443291.646     431       0  -6.286030400000000e+07   2.973e+08   1.000e+00
    418  444333.777     432       0  -6.286032400000000e+07   3.691e+08   1.000e+00
    419  445378.018     433       0  -6.286035600000000e+07   4.823e+08   1.000e+00
    420  446421.687     434       0  -6.286038800000000e+07   4.205e+08   1.000e+00
    421  447465.355     435       0  -6.286042400000000e+07   3.853e+08   1.000e+00
    422  448509.964     436       0  -6.286045200000000e+07   9.070e+08   1.000e+00
    423  449553.225     437       0  -6.286048800000000e+07   3.441e+08   1.000e+00
    424  450588.631     438       0  -6.286050400000000e+07   3.154e+08   1.000e+00
    425  451629.949     439       0  -6.286052800000000e+07   3.935e+08   1.000e+00
    426  452666.103     440       0  -6.286055600000000e+07   8.889e+08   1.000e+00
    427  453702.956     441       0  -6.286059600000000e+07   4.797e+08   1.000e+00
    428  454742.543     442       0  -6.286062000000000e+07   3.160e+08   1.000e+00
    429  455783.281     443       0  -6.286064000000000e+07   3.498e+08   1.000e+00
    430  456823.442     444       0  -6.286065600000000e+07   6.451e+08   1.000e+00
    431  457865.382     445       0  -6.286068000000000e+07   3.424e+08   1.000e+00
    432  458901.812     446       0  -6.286070000000000e+07   3.548e+08   1.000e+00
    433  459944.843     447       0  -6.286072800000000e+07   4.233e+08   1.000e+00
    434  460987.018     448       0  -6.286074400000000e+07   1.245e+09   1.000e+00
    435  462029.896     449       0  -6.286078800000000e+07   4.535e+08   1.000e+00
    436  463072.527     450       0  -6.286080400000000e+07   2.777e+08   1.000e+00
    437  464112.313     451       0  -6.286081200000000e+07   3.356e+08   1.000e+00
    438  465153.104     452       0  -6.286083600000000e+07   4.106e+08   1.000e+00
    439  466191.131     453       0  -6.286086000000000e+07   1.068e+09   1.000e+00
    440  467233.445     454       0  -6.286090400000000e+07   4.218e+08   1.000e+00
    441  468277.574     455       0  -6.286092000000000e+07   2.995e+08   1.000e+00
    442  469318.702     456       0  -6.286094400000000e+07   3.651e+08   1.000e+00
    443  470357.670     457       0  -6.286097600000000e+07   5.888e+08   1.000e+00
    444  471405.254     458       0  -6.286101600000000e+07   4.438e+08   1.000e+00
    445  472441.531     459       0  -6.286102800000000e+07   3.410e+08   1.000e+00
    446  473478.641     460       0  -6.286105600000000e+07   3.682e+08   1.000e+00
    447  474521.302     461       0  -6.286107600000000e+07   3.946e+08   1.000e+00
    448  475558.180     462       0  -6.286110400000000e+07   3.331e+08   1.000e+00
    449  476593.997     463       0  -6.286112800000000e+07   3.883e+08   1.000e+00
    450  477635.006     464       0  -6.286114400000000e+07   8.074e+08   1.000e+00
    451  478677.688     465       0  -6.286116400000000e+07   3.389e+08   1.000e+00
    452  479721.171     466       0  -6.286117600000000e+07   2.896e+08   1.000e+00
    453  480759.203     467       0  -6.286119600000000e+07   3.628e+08   1.000e+00
    454  481801.026     468       0  -6.286121600000000e+07   7.762e+08   1.000e+00
    455  482846.137     469       0  -6.286124000000000e+07   3.661e+08   1.000e+00
    456  483885.774     470       0  -6.286126400000000e+07   2.908e+08   1.000e+00
    457  484922.006     471       0  -6.286128000000000e+07   3.253e+08   1.000e+00
    458  485965.286     472       0  -6.286129200000000e+07   8.429e+08   1.000e+00
    459  487009.536     473       0  -6.286132400000000e+07   3.645e+08   1.000e+00
    460  488054.900     474       0  -6.286133600000000e+07   2.845e+08   1.000e+00
    461  489097.048     475       0  -6.286136000000000e+07   3.508e+08   1.000e+00
    462  490142.526     476       0  -6.286139200000000e+07   6.344e+08   1.000e+00
    463  491185.135     477       0  -6.286142000000000e+07   5.511e+08   1.000e+00
    464  492229.285     478       0  -6.286144800000000e+07   3.035e+08   1.000e+00
    465  493270.075     479       0  -6.286146400000000e+07   3.291e+08   1.000e+00
    466  494321.814     480       0  -6.286148000000000e+07   3.812e+08   1.000e+00
    467  495369.258     481       0  -6.286150800000000e+07   5.722e+08   1.000e+00
    468  496410.399     482       0  -6.286153600000000e+07   3.344e+08   1.000e+00
    469  497456.543     483       0  -6.286156000000000e+07   3.199e+08   1.000e+00
    470  498504.451     484       0  -6.286159200000000e+07   4.216e+08   1.000e+00
    471  499552.473     485       0  -6.286161600000000e+07   3.810e+08   1.000e+00
    472  500599.015     486       0  -6.286164400000000e+07   4.495e+08   1.000e+00
    473  501654.752     487       0  -6.286166000000000e+07   3.226e+08   1.000e+00
    474  502715.733     488       0  -6.286169200000000e+07   3.064e+08   1.000e+00
    475  503770.182     489       0  -6.286170400000000e+07   5.325e+08   1.000e+00
    476  504814.190     490       0  -6.286172800000000e+07   3.288e+08   1.000e+00
    477  505867.265     491       0  -6.286176000000000e+07   2.984e+08   1.000e+00
    478  506915.370     492       0  -6.286177600000000e+07   3.938e+08   1.000e+00
    479  507960.615     493       0  -6.286180800000000e+07   2.776e+08   1.000e+00
    480  509015.616     494       0  -6.286182400000000e+07   3.658e+08   1.000e+00
    481  510063.829     495       0  -6.286184800000000e+07   3.674e+08   1.000e+00
    482  511130.971     496       0  -6.286186800000000e+07   3.503e+08   1.000e+00
    483  512204.875     497       0  -6.286188800000000e+07   3.268e+08   1.000e+00
    484  513260.232     498       0  -6.286191600000000e+07   6.352e+08   1.000e+00
    485  514317.706     499       0  -6.286194400000000e+07   3.436e+08   1.000e+00
    486  515375.882     500       0  -6.286196800000000e+07   3.023e+08   1.000e+00
    487  516428.210     501       0  -6.286198800000000e+07   3.640e+08   1.000e+00
    488  517477.846     502       0  -6.286202000000000e+07   4.630e+08   1.000e+00
    489  518531.991     503       0  -6.286204400000000e+07   2.844e+08   1.000e+00
    490  519582.248     504       0  -6.286206000000000e+07   2.942e+08   1.000e+00
    491  520634.925     505       0  -6.286208400000000e+07   3.240e+08   1.000e+00
    492  521682.816     506       0  -6.286211600000000e+07   7.538e+08   1.000e+00
    493  522729.047     507       0  -6.286214400000000e+07   3.220e+08   1.000e+00
    494  523787.824     508       0  -6.286216800000000e+07   2.820e+08   1.000e+00
    495  524839.801     509       0  -6.286218400000000e+07   3.165e+08   1.000e+00
    496  525893.307     510       0  -6.286221200000000e+07   8.176e+08   1.000e+00
    497  526954.321     511       0  -6.286224400000000e+07   3.129e+08   1.000e+00
    498  528008.578     512       0  -6.286226000000000e+07   2.610e+08   1.000e+00
    499  529067.939     513       0  -6.286228000000000e+07   3.182e+08   1.000e+00
    500  530121.436     514       0  -6.286231200000000e+07   4.695e+08   1.000e+00
    501  531176.343     515       0  -6.286234800000000e+07   6.059e+08   1.000e+00
    502  532228.032     516       0  -6.286236400000000e+07   2.700e+08   1.000e+00
    503  533282.370     517       0  -6.286238400000000e+07   2.877e+08   1.000e+00
    504  534337.873     518       0  -6.286240800000000e+07   3.438e+08   1.000e+00
    505  535402.373     519       0  -6.286243600000000e+07   8.814e+08   1.000e+00
    506  536459.105     520       0  -6.286246000000000e+07   3.463e+08   1.000e+00
    507  537513.338     521       0  -6.286247600000000e+07   2.629e+08   1.000e+00
    508  538572.574     522       0  -6.286249600000000e+07   3.113e+08   1.000e+00
    509  539626.322     523       0  -6.286252400000000e+07   3.385e+08   1.000e+00
    510  540693.583     524       0  -6.286254400000000e+07   1.130e+09   1.000e+00
    511  541752.840     525       0  -6.286258000000000e+07   2.850e+08   1.000e+00
    512  542817.015     526       0  -6.286258800000000e+07   2.225e+08   1.000e+00
    513  543899.984     527       0  -6.286260400000000e+07   2.926e+08   1.000e+00
    514  544977.212     528       0  -6.286263600000000e+07   5.685e+08   1.000e+00
    515  546041.016     529       0  -6.286266800000000e+07   3.665e+08   1.000e+00
    516  547106.944     530       0  -6.286268400000000e+07   2.672e+08   1.000e+00
    517  548171.533     531       0  -6.286270400000000e+07   4.119e+08   1.000e+00
    518  549227.182     532       0  -6.286272800000000e+07   3.040e+08   1.000e+00
    519  550308.111     533       0  -6.286274000000000e+07   2.838e+08   1.000e+00
    520  551379.698     534       0  -6.286277600000000e+07   4.949e+08   1.000e+00
    521  552438.771     535       0  -6.286279600000000e+07   4.874e+08   1.000e+00
    522  553503.281     536       0  -6.286281200000000e+07   2.742e+08   1.000e+00
    523  554575.483     537       0  -6.286282400000000e+07   2.442e+08   1.000e+00
    524  555638.463     538       0  -6.286284000000000e+07   2.995e+08   1.000e+00
    525  556710.018     539       0  -6.286286400000000e+07   8.364e+08   1.000e+00
    526  557769.630     540       0  -6.286288800000000e+07   2.653e+08   1.000e+00
    527  558828.617     541       0  -6.286289600000000e+07   2.332e+08   1.000e+00
    528  559926.308     542       0  -6.286292000000000e+07   2.788e+08   1.000e+00
    529  561014.473     543       0  -6.286292800000000e+07   6.647e+08   1.000e+00
    530  562100.832     544       0  -6.286296000000000e+07   3.088e+08   1.000e+00
    531  563164.931     545       0  -6.286297600000000e+07   2.568e+08   1.000e+00
    532  564221.185     546       0  -6.286299600000000e+07   2.961e+08   1.000e+00
    533  565296.444     547       0  -6.286301200000000e+07   7.689e+08   1.000e+00
    534  566359.808     548       0  -6.286303200000000e+07   3.001e+08   1.000e+00
    535  567421.970     549       0  -6.286304800000000e+07   2.360e+08   1.000e+00
    536  568495.094     550       0  -6.286305600000000e+07   2.911e+08   1.000e+00
    537  569568.843     551       0  -6.286307600000000e+07   3.554e+08   1.000e+00
    538  571641.687     553       0  -6.286308400000000e+07   5.187e+08   4.601e-01
    539  572647.754     554       0  -6.286310400000000e+07   3.022e+08   1.000e+00
    540  573654.524     555       0  -6.286312400000000e+07   2.609e+08   1.000e+00
    541  574661.074     556       0  -6.286312800000000e+07   3.506e+08   1.000e+00
    542  575667.477     557       0  -6.286315200000000e+07   3.177e+08   1.000e+00
    543  576683.387     558       0  -6.286316400000000e+07   3.024e+08   1.000e+00
    544  577694.499     559       0  -6.286317600000000e+07   4.580e+08   1.000e+00
    545  578707.032     560       0  -6.286319200000000e+07   3.156e+08   1.000e+00
    546  579721.025     561       0  -6.286320000000000e+07   2.792e+08   1.000e+00
    547  580744.168     562       0  -6.286321200000000e+07   3.353e+08   1.000e+00
    548  581756.656     563       0  -6.286322800000000e+07   3.531e+08   1.000e+00
    549  582769.387     564       0  -6.286324400000000e+07   2.679e+08   1.000e+00
    550  583784.634     565       0  -6.286326400000000e+07   3.175e+08   1.000e+00
    551  584798.453     566       0  -6.286327600000000e+07   4.263e+08   1.000e+00
    552  585813.742     567       0  -6.286329200000000e+07   2.875e+08   1.000e+00
    553  586819.224     568       0  -6.286330400000000e+07   2.650e+08   1.000e+00
    554  587825.961     569       0  -6.286332000000000e+07   4.759e+08   1.000e+00
    555  588838.611     570       0  -6.286334000000000e+07   3.163e+08   1.000e+00
    556  589858.201     571       0  -6.286336000000000e+07   2.677e+08   1.000e+00
    557  590887.613     572       0  -6.286336800000000e+07   3.549e+08   1.000e+00
    558  591916.879     573       0  -6.286338800000000e+07   3.169e+08   1.000e+00
    559  592940.876     574       0  -6.286340800000000e+07   5.817e+08   1.000e+00
    560  593965.168     575       0  -6.286343200000000e+07   3.258e+08   1.000e+00
    561  594988.871     576       0  -6.286344400000000e+07   2.800e+08   1.000e+00
    562  596012.707     577       0  -6.286346000000000e+07   4.640e+08   1.000e+00
    563  597023.197     578       0  -6.286347200000000e+07   5.855e+08   1.000e+00
    564  598034.867     579       0  -6.286348800000000e+07   2.924e+08   1.000e+00
    565  599059.265     580       0  -6.286350000000000e+07   2.147e+08   1.000e+00
    566  600084.450     581       0  -6.286351200000000e+07   2.567e+08   1.000e+00
    567  601108.705     582       0  -6.286352400000000e+07   4.719e+08   1.000e+00
    568  602131.897     583       0  -6.286354800000000e+07   2.436e+08   1.000e+00
    569  603156.768     584       0  -6.286356400000000e+07   2.833e+08   1.000e+00
    570  604178.997     585       0  -6.286357200000000e+07   3.621e+08   1.000e+00
    571  605205.004     586       0  -6.286358000000000e+07   7.528e+08   1.000e+00
    572  606228.444     587       0  -6.286360000000000e+07   3.061e+08   1.000e+00
    573  607250.148     588       0  -6.286360400000000e+07   2.172e+08   1.000e+00
    574  608277.448     589       0  -6.286361600000000e+07   2.775e+08   1.000e+00
    575  609288.398     590       0  -6.286362400000000e+07   4.201e+08   1.000e+00
    576  610303.886     591       0  -6.286363600000000e+07   4.793e+08   1.000e+00
    577  611326.663     592       0  -6.286365200000000e+07   2.516e+08   1.000e+00
    578  612353.106     593       0  -6.286365600000000e+07   2.792e+08   1.000e+00
    579  613377.023     594       0  -6.286366800000000e+07   3.171e+08   1.000e+00
    580  614386.905     595       0  -6.286368000000000e+07   4.714e+08   1.000e+00
    581  615398.608     596       0  -6.286368800000000e+07   2.646e+08   1.000e+00
    582  616409.999     597       0  -6.286370000000000e+07   2.708e+08   1.000e+00
    583  617436.095     598       0  -6.286371200000000e+07   3.079e+08   1.000e+00
    584  618461.196     599       0  -6.286371600000000e+07   5.846e+08   1.000e+00
    585  619483.918     600       0  -6.286372800000000e+07   2.687e+08   1.000e+00
    586  620505.765     601       0  -6.286374400000000e+07   2.592e+08   1.000e+00
    587  621548.725     602       0  -6.286376000000000e+07   3.053e+08   1.000e+00
    588  623553.698     604       0  -6.286376800000000e+07   4.877e+08   5.000e-01
    589  624559.552     605       0  -6.286379200000000e+07   3.130e+08   1.000e+00
    590  625565.849     606       0  -6.286379600000000e+07   2.466e+08   1.000e+00
    591  626573.131     607       0  -6.286380400000000e+07   3.696e+08   1.000e+00
    592  627578.447     608       0  -6.286381600000000e+07   2.521e+08   1.000e+00
    593  628584.536     609       0  -6.286383600000000e+07   2.558e+08   1.000e+00
    594  629590.825     610       0  -6.286384000000000e+07   4.079e+08   1.000e+00
    595  630596.662     611       0  -6.286386400000000e+07   3.067e+08   1.000e+00
    596  631602.264     612       0  -6.286388000000000e+07   2.611e+08   1.000e+00
    597  632611.383     613       0  -6.286388800000000e+07   4.825e+08   1.000e+00
    598  633622.279     614       0  -6.286389600000000e+07   2.432e+08   1.000e+00
    599  634634.893     615       0  -6.286390400000000e+07   2.543e+08   1.000e+00
    600  635643.335     616       0  -6.286392400000000e+07   2.983e+08   1.000e+00
    601  636653.661     617       0  -6.286393600000000e+07   6.733e+08   1.000e+00
    602  637661.056     618       0  -6.286394400000000e+07   2.818e+08   1.000e+00
    603  638667.025     619       0  -6.286396000000000e+07   2.027e+08   1.000e+00
    604  639676.896     620       0  -6.286396800000000e+07   2.354e+08   1.000e+00
    605  640686.298     621       0  -6.286398000000000e+07   4.298e+08   1.000e+00
    606  641696.559     622       0  -6.286399600000000e+07   2.704e+08   1.000e+00
    607  642706.328     623       0  -6.286401200000000e+07   2.193e+08   1.000e+00
    608  643717.988     624       0  -6.286402000000000e+07   3.276e+08   1.000e+00
    609  644726.179     625       0  -6.286403200000000e+07   4.151e+08   1.000e+00
    610  645736.852     626       0  -6.286404400000000e+07   2.700e+08   1.000e+00
    611  646743.926     627       0  -6.286406400000000e+07   2.305e+08   1.000e+00
    612  647753.874     628       0  -6.286407600000000e+07   3.151e+08   1.000e+00
    613  648763.500     629       0  -6.286409200000000e+07   2.415e+08   1.000e+00
    614  649773.561     630       0  -6.286410000000000e+07   4.448e+08   1.000e+00
    615  650784.271     631       0  -6.286410800000000e+07   2.280e+08   1.000e+00
    616  651790.450     632       0  -6.286412400000000e+07   2.313e+08   1.000e+00
    617  652806.533     633       0  -6.286413600000000e+07   3.064e+08   1.000e+00
    618  653833.523     634       0  -6.286415200000000e+07   6.175e+08   1.000e+00
    619  654854.404     635       0  -6.286416400000000e+07   2.392e+08   1.000e+00
    620  655881.301     636       0  -6.286417600000000e+07   2.047e+08   1.000e+00
    621  656903.614     637       0  -6.286418400000000e+07   2.442e+08   1.000e+00
    622  657928.130     638       0  -6.286419600000000e+07   5.580e+08   1.000e+00
    623  658953.387     639       0  -6.286421200000000e+07   2.644e+08   1.000e+00
    624  659977.816     640       0  -6.286421600000000e+07   1.942e+08   1.000e+00
    625  661005.289     641       0  -6.286422800000000e+07   2.281e+08   1.000e+00
    626  662027.258     642       0  -6.286423600000000e+07   4.946e+08   1.000e+00
    627  663050.662     643       0  -6.286425200000000e+07   2.497e+08   1.000e+00
    628  664077.282     644       0  -6.286426400000000e+07   2.264e+08   1.000e+00
    629  665100.615     645       0  -6.286426800000000e+07   2.618e+08   1.000e+00
    630  666124.885     646       0  -6.286428800000000e+07   5.042e+08   1.000e+00
    631  667147.343     647       0  -6.286430800000000e+07   3.190e+08   1.000e+00
    632  668175.990     648       0  -6.286432000000000e+07   1.907e+08   1.000e+00
    633  669195.317     649       0  -6.286433600000000e+07   2.172e+08   1.000e+00
    634  670220.743     650       0  -6.286434800000000e+07   2.595e+08   1.000e+00
    635  671240.112     651       0  -6.286436800000000e+07   4.433e+08   1.000e+00
    636  672259.390     652       0  -6.286438400000000e+07   2.314e+08   1.000e+00
    637  673278.736     653       0  -6.286439600000000e+07   2.217e+08   1.000e+00
    638  674294.738     654       0  -6.286440000000000e+07   2.534e+08   1.000e+00
    639  675319.153     655       0  -6.286441600000000e+07   5.853e+08   1.000e+00
    640  676342.516     656       0  -6.286442800000000e+07   2.056e+08   1.000e+00
    641  677368.907     657       0  -6.286444400000000e+07   1.936e+08   1.000e+00
    642  678395.533     658       0  -6.286444800000000e+07   2.330e+08   1.000e+00
    643  679421.682     659       0  -6.286446800000000e+07   4.995e+08   1.000e+00
    644  680442.020     660       0  -6.286448000000000e+07   2.494e+08   1.000e+00
    645  681485.670     661       0  -6.286449200000000e+07   1.987e+08   1.000e+00
    646  682510.307     662       0  -6.286450000000000e+07   2.207e+08   1.000e+00
    647  683536.335     663       0  -6.286451600000000e+07   5.438e+08   1.000e+00
    648  684560.647     664       0  -6.286452800000000e+07   2.255e+08   1.000e+00
    649  685582.690     665       0  -6.286453200000000e+07   1.879e+08   1.000e+00
    650  686608.400     666       0  -6.286454000000000e+07   2.360e+08   1.000e+00
    651  687631.850     667       0  -6.286456400000000e+07   3.707e+08   1.000e+00
    652  688656.973     668       0  -6.286457600000000e+07   4.122e+08   1.000e+00
    653  689679.122     669       0  -6.286458400000000e+07   1.908e+08   1.000e+00
    654  690703.993     670       0  -6.286459200000000e+07   1.981e+08   1.000e+00
    655  691728.254     671       0  -6.286459600000000e+07   2.288e+08   1.000e+00
    656  692750.327     672       0  -6.286460000000000e+07   6.156e+08   1.000e+00
    657  693776.764     673       0  -6.286461600000000e+07   2.493e+08   1.000e+00
    658  695785.981     675       0  -6.286462000000000e+07   1.856e+08   5.000e-01
    659  696798.082     676       0  -6.286462800000000e+07   2.135e+08   1.000e+00
    660  697813.947     677       0  -6.286463600000000e+07   2.307e+08   1.000e+00
    661  698830.425     678       0  -6.286464000000000e+07   7.141e+08   1.000e+00
    662  699841.577     679       0  -6.286465600000000e+07   1.998e+08   1.000e+00
    663  717538.230     697       0  -6.286465600000000e+07   1.998e+08   7.616e-06
# Termination: function reduction test satisfied
# Iter.   Time (ms)    Eval. Reject.       Obj. Func.           Grad.       Step
# ---------------------------------------------------------------------------------
      0     980.616       1       0  -6.231495600000000e+07   1.121e+10   0.000e+00
      1   12771.589      13       0  -6.237198800000000e+07   2.139e+10   6.615e-16
      2   13774.088      14       0  -6.241750800000000e+07   1.407e+10   1.000e+00
      3   14784.372      15       0  -6.247413200000000e+07   1.544e+10   1.000e+00
      4   15787.429      16       0  -6.253230800000000e+07   1.870e+10   1.000e+00
      5   16792.050      17       0  -6.256754800000000e+07   2.331e+10   1.000e+00
      6   17804.430      18       0  -6.260481600000000e+07   1.105e+10   1.000e+00
      7   18819.377      19       0  -6.262228400000000e+07   9.011e+09   1.000e+00
      8   19831.828      20       0  -6.263844800000000e+07   9.404e+09   1.000e+00
      9   20845.376      21       0  -6.265611200000000e+07   1.065e+10   1.000e+00
     10   21858.205      22       0  -6.266509200000000e+07   8.020e+09   1.000e+00
     11   22864.136      23       0  -6.267024000000000e+07   5.974e+09   1.000e+00
     12   23891.152      24       0  -6.267852800000000e+07   5.251e+09   1.000e+00
     13   24904.846      25       0  -6.268374000000000e+07   9.876e+09   1.000e+00
     14   25911.124      26       0  -6.268815600000000e+07   4.568e+09   1.000e+00
     15   26925.536      27       0  -6.269136800000000e+07   3.655e+09   1.000e+00
     16   27939.991      28       0  -6.269431200000000e+07   3.902e+09   1.000e+00
     17   28955.075      29       0  -6.269924000000000e+07   7.044e+09   1.000e+00
     18   29971.032      30       0  -6.270318800000000e+07   4.162e+09   1.000e+00
     19   30984.358      31       0  -6.270474800000000e+07   2.941e+09   1.000e+00
     20   31999.434      32       0  -6.270792000000000e+07   2.965e+09   1.000e+00
     21   33015.346      33       0  -6.271046800000000e+07   6.275e+09   1.000e+00
     22   34027.458      34       0  -6.271260400000000e+07   3.198e+09   1.000e+00
     23   35040.788      35       0  -6.271496800000000e+07   2.641e+09   1.000e+00
     24   36055.104      36       0  -6.271680400000000e+07   2.901e+09   1.000e+00
     25   37068.103      37       0  -6.271982800000000e+07   5.884e+09   1.000e+00
     26   38082.947      38       0  -6.272227600000000e+07   3.014e+09   1.000e+00
     27   39098.706      39       0  -6.272321200000000e+07   2.353e+09   1.000e+00
     28   40111.576      40       0  -6.272519600000000e+07   2.535e+09   1.000e+00
     29   41122.917      41       0  -6.272622400000000e+07   7.039e+09   1.000e+00
     30   42137.180      42       0  -6.272770400000000e+07   2.609e+09   1.000e+00
     31   43150.902      43       0  -6.272858800000000e+07   1.818e+09   1.000e+00
     32   44162.572      44       0  -6.272970400000000e+07   2.297e+09   1.000e+00
     33   45175.227      45       0  -6.273132000000000e+07   2.742e+09   1.000e+00
     34   46190.623      46       0  -6.273202000000000e+07   6.960e+09   1.000e+00
     35   47202.942      47       0  -6.273379600000000e+07   1.861e+09   1.000e+00
     36   48216.246      48       0  -6.273430400000000e+07   1.606e+09   1.000e+00
     37   49231.382      49       0  -6.273536400000000e+07   2.101e+09   1.000e+00
     38   50245.300      50       0  -6.273658400000000e+07   4.554e+09   1.000e+00
     39   51259.393      51       0  -6.273776800000000e+07   2.208e+09   1.000e+00
     40   52273.063      52       0  -6.273853600000000e+07   1.717e+09   1.000e+00
     41   53285.637      53       0  -6.273927200000000e+07   2.023e+09   1.000e+00
     42   54299.164      54       0  -6.274023600000000e+07   3.757e+09   1.000e+00
     43   55312.911      55       0  -6.274114800000000e+07   1.940e+09   1.000e+00
     44   56328.585      56       0  -6.274179200000000e+07   1.621e+09   1.000e+00
     45   57340.219      57       0  -6.274254000000000e+07   1.855e+09   1.000e+00
     46   58354.858      58       0  -6.274323200000000e+07   4.232e+09   1.000e+00
     47   59368.277      59       0  -6.274395600000000e+07   1.779e+09   1.000e+00
     48   60383.587      60       0  -6.274445200000000e+07   1.423e+09   1.000e+00
     49   61396.707      61       0  -6.274501200000000e+07   1.712e+09   1.000e+00
     50   62411.276      62       0  -6.274604400000000e+07   2.726e+09   1.000e+00
     51   63424.898      63       0  -6.274692800000000e+07   2.890e+09   1.000e+00
     52   64438.720      64       0  -6.274739200000000e+07   1.346e+09   1.000e+00
     53   65455.189      65       0  -6.274776400000000e+07   1.386e+09   1.000e+00
     54   66470.580      66       0  -6.274826000000000e+07   1.625e+09   1.000e+00
     55   67482.615      67       0  -6.274910400000000e+07   3.647e+09   1.000e+00
     56   68498.669      68       0  -6.274971600000000e+07   1.557e+09   1.000e+00
     57   69512.174      69       0  -6.275015600000000e+07   1.313e+09   1.000e+00
     58   70527.530      70       0  -6.275061600000000e+07   1.481e+09   1.000e+00
     59   71543.644      71       0  -6.275148400000000e+07   2.429e+09   1.000e+00
     60   72561.035      72       0  -6.275230400000000e+07   2.141e+09   1.000e+00
     61   73575.253      73       0  -6.275267600000000e+07   1.250e+09   1.000e+00
     62   74589.200      74       0  -6.275317600000000e+07   1.416e+09   1.000e+00
     63   75603.234      75       0  -6.275373200000000e+07   1.887e+09   1.000e+00
     64   76615.722      76       0  -6.275445200000000e+07   1.497e+09   1.000e+00
     65   77628.317      77       0  -6.275502400000000e+07   1.245e+09   1.000e+00
     66   78642.829      78       0  -6.275574800000000e+07   2.388e+09   1.000e+00
     67   79655.280      79       0  -6.275626400000000e+07   1.463e+09   1.000e+00
     68   80667.086      80       0  -6.275660800000000e+07   1.366e+09   1.000e+00
     69   81679.768      81       0  -6.275735200000000e+07   1.783e+09   1.000e+00
     70   82691.748      82       0  -6.275780000000000e+07   4.124e+09   1.000e+00
     71   83707.672      83       0  -6.275825600000000e+07   1.405e+09   1.000e+00
     72   84718.401      84       0  -6.275852000000000e+07   9.617e+08   1.000e+00
     73   85727.433      85       0  -6.275897600000000e+07   1.298e+09   1.000e+00
     74   86739.461      86       0  -6.275952400000000e+07   1.677e+09   1.000e+00
     75   87746.167      87       0  -6.276019600000000e+07   2.726e+09   1.000e+00
     76   88752.496      88       0  -6.276062800000000e+07   1.195e+09   1.000e+00
     77   89759.388      89       0  -6.276085600000000e+07   1.223e+09   1.000e+00
     78   90766.385      90       0  -6.276118400000000e+07   1.405e+09   1.000e+00
     79   91772.772      91       0  -6.276151200000000e+07   3.503e+09   1.000e+00
     80   92779.235      92       0  -6.276189600000000e+07   1.299e+09   1.000e+00
     81   93789.822      93       0  -6.276213200000000e+07   9.470e+08   1.000e+00
     82   94800.152      94       0  -6.276236800000000e+07   1.174e+09   1.000e+00
     83   95811.783      95       0  -6.276275200000000e+07   1.736e+09   1.000e+00
     84   96828.610      96       0  -6.276306400000000e+07   2.028e+09   1.000e+00
     85   97840.125      97       0  -6.276325600000000e+07   8.901e+08   1.000e+00
     86   98852.983      98       0  -6.276341600000000e+07   9.578e+08   1.000e+00
     87   99864.408      99       0  -6.276360000000000e+07   1.112e+09   1.000e+00
     88  100876.293     100       0  -6.276389600000000e+07   2.484e+09   1.000e+00
     89  101888.463     101       0  -6.276418000000000e+07   1.152e+09   1.000e+00
     90  102903.853     102       0  -6.276433200000000e+07   8.887e+08   1.000e+00
     91  103919.600     103       0  -6.276449200000000e+07   1.007e+09   1.000e+00
     92  104931.310     104       0  -6.276471200000000e+07   1.480e+09   1.000e+00
     93  105937.846     105       0  -6.276492000000000e+07   1.164e+09   1.000e+00
     94  106947.732     106       0  -6.276504400000000e+07   7.564e+08   1.000e+00
     95  107959.355     107       0  -6.276524000000000e+07   8.367e+08   1.000e+00
     96  108976.498     108       0  -6.276538800000000e+07   1.282e+09   1.000e+00
     97  109988.928     109       0  -6.276556800000000e+07   8.684e+08   1.000e+00
     98  111003.470     110       0  -6.276577600000000e+07   7.339e+08   1.000e+00
     99  112019.985     111       0  -6.276592800000000e+07   1.423e+09   1.000e+00
    100  113032.126     112       0  -6.276605200000000e+07   8.058e+08   1.000e+00
    101  114052.621     113       0  -6.276617200000000e+07   6.979e+08   1.000e+00
    102  115064.452     114       0  -6.276628800000000e+07   8.925e+08   1.000e+00
    103  116079.434     115       0  -6.276644400000000e+07   1.308e+09   1.000e+00
    104  117096.103     116       0  -6.276656000000000e+07   7.569e+08   1.000e+00
    105  118123.462     117       0  -6.276666400000000e+07   6.997e+08   1.000e+00
    106  119151.426     118       0  -6.276678000000000e+07   7.940e+08   1.000e+00
    107  120171.980     119       0  -6.276690000000000e+07   1.516e+09   1.000e+00
    108  121198.396     120       0  -6.276701200000000e+07   7.207e+08   1.000e+00
    109  122216.755     121       0  -6.276709200000000e+07   6.559e+08   1.000e+00
    110  123246.847     122       0  -6.276718800000000e+07   7.245e+08   1.000e+00
    111  124278.510     123       0  -6.276727600000000e+07   1.774e+09   1.000e+00
    112  125301.090     124       0  -6.276740000000000e+07   6.937e+08   1.000e+00
    113  126321.027     125       0  -6.276747600000000e+07   5.720e+08   1.000e+00
    114  127355.941     126       0  -6.276755200000000e+07   6.911e+08   1.000e+00
    115  128388.516     127       0  -6.276770000000000e+07   1.069e+09   1.000e+00
    116  129423.364     128       0  -6.276781200000000e+07   1.062e+09   1.000e+00
    117  130453.267     129       0  -6.276789200000000e+07   5.458e+08   1.000e+00
    118  131487.750     130       0  -6.276797200000000e+07   5.960e+08   1.000e+00
    119  132510.079     131       0  -6.276804000000000e+07   6.914e+08   1.000e+00
    120  133534.246     132       0  -6.276816400000000e+07   1.057e+09   1.000e+00
    121  134572.515     133       0  -6.276826000000000e+07   6.095e+08   1.000e+00
    122  135615.928     134       0  -6.276834800000000e+07   6.152e+08   1.000e+00
    123  136660.631     135       0  -6.276844800000000e+07   7.735e+08   1.000e+00
    124  137689.144     136       0  -6.276857200000000e+07   8.761e+08   1.000e+00
    125  138716.484     137       0  -6.276864400000000e+07   5.723e+08   1.000e+00
    126  139769.221     138       0  -6.276871600000000e+07   5.780e+08   1.000e+00
    127  140820.948     139       0  -6.276881600000000e+07   6.393e+08   1.000e+00
    128  141871.544     140       0  -6.276892000000000e+07   1.270e+09   1.000e+00
    129  142923.843     141       0  -6.276900400000000e+07   5.263e+08   1.000e+00
    130  143981.711     142       0  -6.276905600000000e+07   4.768e+08   1.000e+00
    131  145020.574     143       0  -6.276912000000000e+07   5.387e+08   1.000e+00
    132  146072.585     144       0  -6.276922400000000e+07   1.298e+09   1.000e+00
    133  147123.448     145       0  -6.276931600000000e+07   5.527e+08   1.000e+00
    134  148158.118     146       0  -6.276937200000000e+07   4.593e+08   1.000e+00
    135  149188.793     147       0  -6.276945200000000e+07   5.339e+08   1.000e+00
    136  150249.479     148       0  -6.276955600000000e+07   1.044e+09   1.000e+00
    137  151290.340     149       0  -6.276966000000000e+07   5.310e+08   1.000e+00
    138  152347.059     150       0  -6.276970800000000e+07   4.601e+08   1.000e+00
    139  153401.925     151       0  -6.276980000000000e+07   6.272e+08   1.000e+00
    140  154448.186     152       0  -6.276988400000000e+07   1.137e+09   1.000e+00
    141  155490.027     153       0  -6.276994800000000e+07   6.175e+08   1.000e+00
    142  156535.787     154       0  -6.277002400000000e+07   4.896e+08   1.000e+00
    143  157593.076     155       0  -6.277007600000000e+07   5.443e+08   1.000e+00
    144  158643.198     156       0  -6.277016800000000e+07   1.448e+09   1.000e+00
    145  159690.464     157       0  -6.277024400000000e+07   5.306e+08   1.000e+00
    146  160735.279     158       0  -6.277028800000000e+07   4.288e+08   1.000e+00
    147  161783.119     159       0  -6.277034800000000e+07   5.192e+08   1.000e+00
    148  162830.580     160       0  -6.277043200000000e+07   7.368e+08   1.000e+00
    149  163887.066     161       0  -6.277054400000000e+07   9.590e+08   1.000e+00
    150  164945.049     162       0  -6.277060000000000e+07   4.622e+08   1.000e+00
    151  165991.779     163       0  -6.277064800000000e+07   4.846e+08   1.000e+00
    152  167052.856     164       0  -6.277070400000000e+07   5.524e+08   1.000e+00
    153  168116.108     165       0  -6.277076800000000e+07   1.391e+09   1.000e+00
    154  169162.395     166       0  -6.277083600000000e+07   5.158e+08   1.000e+00
    155  170207.357     167       0  -6.277087600000000e+07   4.052e+08   1.000e+00
    156  171251.240     168       0  -6.277092400000000e+07   4.778e+08   1.000e+00
    157  172314.690     169       0  -6.277101200000000e+07   6.941e+08   1.000e+00
    158  173375.341     170       0  -6.277110000000000e+07   8.159e+08   1.000e+00
    159  174430.789     171       0  -6.277114000000000e+07   3.867e+08   1.000e+00
    160  175474.195     172       0  -6.277116800000000e+07   4.442e+08   1.000e+00
    161  176527.994     173       0  -6.277121600000000e+07   5.375e+08   1.000e+00
    162  177580.929     174       0  -6.277130000000000e+07   1.153e+09   1.000e+00
    163  178628.433     175       0  -6.277136800000000e+07   4.981e+08   1.000e+00
    164  179683.768     176       0  -6.277141200000000e+07   4.276e+08   1.000e+00
    165  180728.980     177       0  -6.277146400000000e+07   4.595e+08   1.000e+00
    166  181778.267     178       0  -6.277154800000000e+07   9.239e+08   1.000e+00
    167  182836.350     179       0  -6.277162400000000e+07   4.577e+08   1.000e+00
    168  183913.753     180       0  -6.277165600000000e+07   3.757e+08   1.000e+00
    169  184980.938     181       0  -6.277172800000000e+07   4.481e+08   1.000e+00
    170  186045.033     182       0  -6.277178400000000e+07   1.163e+09   1.000e+00
    171  187162.886     183       0  -6.277183600000000e+07   5.392e+08   1.000e+00
    172  188188.954     184       0  -6.277188000000000e+07   3.753e+08   1.000e+00
    173  189219.660     185       0  -6.277192800000000e+07   4.356e+08   1.000e+00
    174  190254.403     186       0  -6.277200000000000e+07   6.737e+08   1.000e+00
    175  191286.272     187       0  -6.277208400000000e+07   8.927e+08   1.000e+00
    176  192318.183     188       0  -6.277210800000000e+07   3.816e+08   1.000e+00
    177  193351.695     189       0  -6.277213200000000e+07   3.817e+08   1.000e+00
    178  194386.820     190       0  -6.277216000000000e+07   4.700e+08   1.000e+00
    179  195419.175     191       0  -6.277223600000000e+07   8.736e+08   1.000e+00
    180  196446.255     192       0  -6.277230800000000e+07   5.863e+08   1.000e+00
    181  197482.330     193       0  -6.277233200000000e+07   3.670e+08   1.000e+00
    182  198518.177     194       0  -6.277238000000000e+07   3.812e+08   1.000e+00
    183  199550.716     195       0  -6.277240000000000e+07   5.517e+08   1.000e+00
    184  200578.228     196       0  -6.277244000000000e+07   4.003e+08   1.000e+00
    185  201611.792     197       0  -6.277248800000000e+07   4.093e+08   1.000e+00
    186  202640.995     198       0  -6.277251200000000e+07   7.634e+08   1.000e+00
    187  203684.435     199       0  -6.277253200000000e+07   3.458e+08   1.000e+00
    188  204720.972     200       0  -6.277255200000000e+07   3.052e+08   1.000e+00
    189  205741.632     201       0  -6.277257200000000e+07   3.634e+08   1.000e+00
    190  206768.563     202       0  -6.277260800000000e+07   6.435e+08   1.000e+00
    191  207790.849     203       0  -6.277263200000000e+07   4.388e+08   1.000e+00
    192  208814.141     204       0  -6.277265200000000e+07   3.030e+08   1.000e+00
    193  209838.707     205       0  -6.277267200000000e+07   3.377e+08   1.000e+00
    194  210867.919     206       0  -6.277268400000000e+07   6.376e+08   1.000e+00
    195  211908.852     207       0  -6.277270000000000e+07   3.706e+08   1.000e+00
    196  212957.219     208       0  -6.277272400000000e+07   2.936e+08   1.000e+00
    197  213985.266     209       0  -6.277274000000000e+07   3.262e+08   1.000e+00
    198  215011.801     210       0  -6.277276400000000e+07   7.175e+08   1.000e+00
    199  216036.073     211       0  -6.277278400000000e+07   4.719e+08   1.000e+00
    200  217065.195     212       0  -6.277279600000000e+07   2.738e+08   1.000e+00
    201  218097.555     213       0  -6.277281200000000e+07   2.679e+08   1.000e+00
    202  219140.638     214       0  -6.277282800000000e+07   3.694e+08   1.000e+00
    203  220192.070     215       0  -6.277285600000000e+07   4.773e+08   1.000e+00
    204  221244.893     216       0  -6.277288000000000e+07   3.349e+08   1.000e+00
    205  222297.097     217       0  -6.277290400000000e+07   3.105e+08   1.000e+00
    206  223344.426     218       0  -6.277290800000000e+07   3.728e+08   1.000e+00
    207  224396.416     219       0  -6.277293200000000e+07   2.771e+08   1.000e+00
    208  225447.850     220       0  -6.277295600000000e+07   3.895e+08   1.000e+00
    209  226495.686     221       0  -6.277297600000000e+07   4.133e+08   1.000e+00
    210  227529.511     222       0  -6.277299600000000e+07   3.044e+08   1.000e+00
    211  228570.481     223       0  -6.277302000000000e+07   2.937e+08   1.000e+00
    212  229611.892     224       0  -6.277303200000000e+07   5.917e+08   1.000e+00
    213  230651.644     225       0  -6.277305200000000e+07   3.225e+08   1.000e+00
    214  231689.380     226       0  -6.277307600000000e+07   2.517e+08   1.000e+00
    215  232729.343     227       0  -6.277309200000000e+07   2.835e+08   1.000e+00
    216  233780.262     228       0  -6.277312000000000e+07   5.463e+08   1.000e+00
    217  234828.358     229       0  -6.277313600000000e+07   4.080e+08   1.000e+00
    218  235879.341     230       0  -6.277315600000000e+07   2.721e+08   1.000e+00
    219  236920.396     231       0  -6.277317600000000e+07   2.837e+08   1.000e+00
    220  237964.092     232       0  -6.277319600000000e+07   3.478e+08   1.000e+00
    221  239006.204     233       0  -6.277323200000000e+07   3.562e+08   1.000e+00
    222  240046.618     234       0  -6.277326000000000e+07   3.927e+08   1.000e+00
    223  241084.775     235       0  -6.277328400000000e+07   2.655e+08   1.000e+00
    224  242124.113     236       0  -6.277329200000000e+07   2.574e+08   1.000e+00
    225  243161.046     237       0  -6.277331600000000e+07   4.377e+08   1.000e+00
    226  244202.983     238       0  -6.277333600000000e+07   3.038e+08   1.000e+00
    227  245240.394     239       0  -6.277336000000000e+07   2.879e+08   1.000e+00
    228  246282.238     240       0  -6.277337600000000e+07   4.779e+08   1.000e+00
    229  247319.985     241       0  -6.277339600000000e+07   2.432e+08   1.000e+00
    230  248362.534     242       0  -6.277340000000000e+07   2.311e+08   1.000e+00
    231  249402.041     243       0  -6.277343200000000e+07   2.887e+08   1.000e+00
    232  251424.760     245       0  -6.277344000000000e+07   3.761e+08   5.000e-01
    233  252429.775     246       0  -6.277345600000000e+07   2.992e+08   1.000e+00
    234  253435.186     247       0  -6.277349200000000e+07   3.680e+08   1.000e+00
    235  254446.845     248       0  -6.277350800000000e+07   5.214e+08   1.000e+00
    236  255453.015     249       0  -6.277351600000000e+07   2.554e+08   1.000e+00
    237  256459.524     250       0  -6.277353600000000e+07   2.215e+08   1.000e+00
    238  257464.401     251       0  -6.277354800000000e+07   2.748e+08   1.000e+00
    239  258470.461     252       0  -6.277357200000000e+07   6.945e+08   1.000e+00
    240  259475.717     253       0  -6.277359200000000e+07   3.186e+08   1.000e+00
    241  260481.280     254       0  -6.277360800000000e+07   2.457e+08   1.000e+00
    242  261486.005     255       0  -6.277363600000000e+07   2.488e+08   1.000e+00
    243  262491.804     256       0  -6.277365200000000e+07   6.457e+08   1.000e+00
    244  263497.047     257       0  -6.277367200000000e+07   2.731e+08   1.000e+00
    245  264518.342     258       0  -6.277368400000000e+07   2.118e+08   1.000e+00
    246  265524.307     259       0  -6.277369600000000e+07   2.693e+08   1.000e+00
    247  266530.584     260       0  -6.277372000000000e+07   4.764e+08   1.000e+00
    248  267536.993     261       0  -6.277374800000000e+07   4.027e+08   1.000e+00
    249  268542.808     262       0  -6.277376000000000e+07   2.386e+08   1.000e+00
    250  269549.411     263       0  -6.277377600000000e+07   2.471e+08   1.000e+00
    251  270555.698     264       0  -6.277378800000000e+07   3.006e+08   1.000e+00
    252  271566.147     265       0  -6.277380800000000e+07   2.856e+08   1.000e+00
    253  272587.275     266       0  -6.277381600000000e+07   3.354e+08   1.000e+00
    254  273604.934     267       0  -6.277383600000000e+07   3.186e+08   1.000e+00
    255  274618.852     268       0  -6.277385200000000e+07   2.662e+08   1.000e+00
    256  275631.970     269       0  -6.277386400000000e+07   2.457e+08   1.000e+00
    257  276650.294     270       0  -6.277387600000000e+07   3.839e+08   1.000e+00
    258  277671.567     271       0  -6.277388400000000e+07   2.419e+08   1.000e+00
    259  278691.216     272       0  -6.277389200000000e+07   2.235e+08   1.000e+00
    260  279711.626     273       0  -6.277390000000000e+07   2.983e+08   1.000e+00
    261  280731.166     274       0  -6.277391200000000e+07   2.239e+08   1.000e+00
    262  281751.215     275       0  -6.277391600000000e+07   2.469e+08   1.000e+00
    263  282777.202     276       0  -6.277392800000000e+07   2.389e+08   1.000e+00
    264  283800.980     277       0  -6.277393200000000e+07   3.019e+08   1.000e+00
    265  284825.991     278       0  -6.277395200000000e+07   3.084e+08   1.000e+00
    266  285849.093     279       0  -6.277396800000000e+07   2.658e+08   1.000e+00
    267  286871.633     280       0  -6.277397600000000e+07   2.198e+08   1.000e+00
    268  287891.912     281       0  -6.277398000000000e+07   2.860e+08   1.000e+00
    269  288913.879     282       0  -6.277399200000000e+07   2.147e+08   1.000e+00
    270  289937.149     283       0  -6.277401200000000e+07   2.401e+08   1.000e+00
    271  290959.978     284       0  -6.277402400000000e+07   3.776e+08   1.000e+00
    272  291979.792     285       0  -6.277403200000000e+07   2.210e+08   1.000e+00
    273  293001.917     286       0  -6.277404800000000e+07   1.802e+08   1.000e+00
    274  294037.595     287       0  -6.277405600000000e+07   2.715e+08   1.000e+00
    275  295060.689     288       0  -6.277406800000000e+07   2.670e+08   1.000e+00
    276  296083.561     289       0  -6.277409200000000e+07   2.816e+08   1.000e+00
    277  297103.903     290       0  -6.277411200000000e+07   2.521e+08   1.000e+00
    278  298115.908     291       0  -6.277412400000000e+07   3.389e+08   1.000e+00
    279  299136.200     292       0  -6.277414000000000e+07   2.164e+08   1.000e+00
    280  300161.340     293       0  -6.277414800000000e+07   2.186e+08   1.000e+00
    281  301184.272     294       0  -6.277416400000000e+07   2.658e+08   1.000e+00
    282  302204.336     295       0  -6.277417600000000e+07   7.499e+08   1.000e+00
    283  303230.110     296       0  -6.277419200000000e+07   2.359e+08   1.000e+00
    284  304254.359     297       0  -6.277420000000000e+07   1.529e+08   1.000e+00
    285  305278.073     298       0  -6.277421200000000e+07   1.863e+08   1.000e+00
    286  306301.401     299       0  -6.277422400000000e+07   2.315e+08   1.000e+00
    287  307322.550     300       0  -6.277424800000000e+07   3.230e+08   1.000e+00
    288  308345.357     301       0  -6.277425600000000e+07   1.909e+08   1.000e+00
    289  309366.595     302       0  -6.277426800000000e+07   2.399e+08   1.000e+00
    290  310388.822     303       0  -6.277428000000000e+07   2.910e+08   1.000e+00
    291  311410.725     304       0  -6.277429200000000e+07   4.546e+08   1.000e+00
    292  312422.056     305       0  -6.277430400000000e+07   1.872e+08   1.000e+00
    293  313434.411     306       0  -6.277430800000000e+07   1.775e+08   1.000e+00
    294  314457.556     307       0  -6.277432000000000e+07   1.936e+08   1.000e+00
    295  315480.810     308       0  -6.277433200000000e+07   4.052e+08   1.000e+00
    296  316504.925     309       0  -6.277434400000000e+07   1.778e+08   1.000e+00
    297  317528.817     310       0  -6.277434800000000e+07   1.965e+08   1.000e+00
    298  318548.548     311       0  -6.277435600000000e+07   2.130e+08   1.000e+00
    299  319568.254     312       0  -6.277436800000000e+07   5.830e+08   1.000e+00
    300  320592.996     313       0  -6.277437200000000e+07   2.005e+08   1.000e+00
    301  321606.982     314       0  -6.277438800000000e+07   1.519e+08   1.000e+00
    302  322626.441     315       0  -6.277439600000000e+07   1.874e+08   1.000e+00
    303  323649.260     316       0  -6.277440400000000e+07   3.152e+08   1.000e+00
    304  324674.115     317       0  -6.277441600000000e+07   2.540e+08   1.000e+00
    305  325694.793     318       0  -6.277442000000000e+07   1.653e+08   1.000e+00
    306  326718.081     319       0  -6.277442800000000e+07   1.813e+08   1.000e+00
    307  327742.050     320       0  -6.277443200000000e+07   2.193e+08   1.000e+00
    308  328766.236     321       0  -6.277444000000000e+07   2.876e+08   1.000e+00
    309  329790.300     322       0  -6.277445200000000e+07   1.809e+08   1.000e+00
    310  348479.717     341       0  -6.277445200000000e+07   1.809e+08   3.808e-06
# Termination: function reduction test satisfied
# Iter.   Time (ms)    Eval. Reject.       Obj. Func.           Grad.       Step
# ---------------------------------------------------------------------------------
      0     979.966       1       0  -6.172972800000000e+07   1.121e+10   0.000e+00
      1   11784.665      12       0  -6.176339600000000e+07   3.278e+10   1.088e-15
      2   12794.075      13       0  -6.183620000000000e+07   1.474e+10   1.000e+00
      3   13805.417      14       0  -6.187177600000000e+07   1.150e+10   1.000e+00
      4   14809.478      15       0  -6.192638800000000e+07   1.431e+10   1.000e+00
      5   15813.681      16       0  -6.197260400000000e+07   2.339e+10   1.000e+00
      6   16819.209      17       0  -6.201097600000000e+07   2.139e+10   1.000e+00
      7   17832.872      18       0  -6.203104800000000e+07   9.213e+09   1.000e+00
      8   18847.030      19       0  -6.204547600000000e+07   7.205e+09   1.000e+00
      9   19852.820      20       0  -6.206296000000000e+07   7.960e+09   1.000e+00
     10   20858.335      21       0  -6.207305600000000e+07   1.600e+10   1.000e+00
     11   21863.406      22       0  -6.208478800000000e+07   6.292e+09   1.000e+00
     12   22868.832      23       0  -6.208893600000000e+07   5.088e+09   1.000e+00
     13   23875.492      24       0  -6.209375600000000e+07   5.328e+09   1.000e+00
     14   24881.906      25       0  -6.210084000000000e+07   8.512e+09   1.000e+00
     15   25887.250      26       0  -6.210594400000000e+07   5.128e+09   1.000e+00
     16   26893.509      27       0  -6.210784800000000e+07   3.360e+09   1.000e+00
     17   27907.365      28       0  -6.211120800000000e+07   3.086e+09   1.000e+00
     18   28914.233      29       0  -6.211445600000000e+07   5.430e+09   1.000e+00
     19   29928.407      30       0  -6.211734000000000e+07   3.395e+09   1.000e+00
     20   30943.165      31       0  -6.212016800000000e+07   2.982e+09   1.000e+00
     21   31954.929      32       0  -6.212261200000000e+07   3.818e+09   1.000e+00
     22   32967.130      33       0  -6.212523200000000e+07   3.179e+09   1.000e+00
     23   33980.757      34       0  -6.212781200000000e+07   3.368e+09   1.000e+00
     24   34995.045      35       0  -6.213013200000000e+07   3.340e+09   1.000e+00
     25   36020.602      36       0  -6.213171600000000e+07   2.682e+09   1.000e+00
     26   37035.402      37       0  -6.213363600000000e+07   2.644e+09   1.000e+00
     27   38049.143      38       0  -6.213524400000000e+07   3.551e+09   1.000e+00
     28   39076.258      39       0  -6.213658800000000e+07   2.463e+09   1.000e+00
     29   40111.960      40       0  -6.213808400000000e+07   2.199e+09   1.000e+00
     30   41150.919      41       0  -6.213950000000000e+07   3.065e+09   1.000e+00
     31   42191.638      42       0  -6.214102400000000e+07   2.346e+09   1.000e+00
     32   43241.704      43       0  -6.214232000000000e+07   2.657e+09   1.000e+00
     33   44301.860      44       0  -6.214333200000000e+07   2.266e+09   1.000e+00
     34   45362.554      45       0  -6.214424000000000e+07   1.990e+09   1.000e+00
     35   46422.878      46       0  -6.214533600000000e+07   2.478e+09   1.000e+00
     36   47482.767      47       0  -6.214646000000000e+07   3.384e+09   1.000e+00
     37   48504.485      48       0  -6.214721200000000e+07   1.865e+09   1.000e+00
     38   49529.378      49       0  -6.214770000000000e+07   1.638e+09   1.000e+00
     39   50562.181      50       0  -6.214844800000000e+07   2.074e+09   1.000e+00
     40   51595.122      51       0  -6.214939200000000e+07   2.835e+09   1.000e+00
     41   52627.792      52       0  -6.215009600000000e+07   1.782e+09   1.000e+00
     42   53664.370      53       0  -6.215088000000000e+07   1.604e+09   1.000e+00
     43   54698.191      54       0  -6.215148000000000e+07   1.761e+09   1.000e+00
     44   55731.353      55       0  -6.215221600000000e+07   2.754e+09   1.000e+00
     45   56760.284      56       0  -6.215273200000000e+07   1.407e+09   1.000e+00
     46   57792.717      57       0  -6.215317600000000e+07   1.387e+09   1.000e+00
     47   58846.673      58       0  -6.215366400000000e+07   1.575e+09   1.000e+00
     48   59894.922      59       0  -6.215431600000000e+07   3.511e+09   1.000e+00
     49   60942.561      60       0  -6.215485200000000e+07   1.339e+09   1.000e+00
     50   61990.264      61       0  -6.215513600000000e+07   1.171e+09   1.000e+00
     51   63041.906      62       0  -6.215553600000000e+07   1.293e+09   1.000e+00
     52   64089.339      63       0  -6.215619600000000e+07   2.337e+09   1.000e+00
     53   65141.587      64       0  -6.215682800000000e+07   1.410e+09   1.000e+00
     54   66184.566      65       0  -6.215712400000000e+07   1.016e+09   1.000e+00
     55   67215.737      66       0  -6.215768400000000e+07   1.160e+09   1.000e+00
     56   68247.365      67       0  -6.215810400000000e+07   2.599e+09   1.000e+00
     57   69280.133      68       0  -6.215840000000000e+07   1.336e+09   1.000e+00
     58   70316.861      69       0  -6.215878800000000e+07   1.001e+09   1.000e+00
     59   71352.467      70       0  -6.215912800000000e+07   1.127e+09   1.000e+00
     60   72383.469      71       0  -6.215977600000000e+07   1.945e+09   1.000e+00
     61   73416.931      72       0  -6.216033200000000e+07   1.860e+09   1.000e+00
     62   74460.496      73       0  -6.216048000000000e+07   9.542e+08   1.000e+00
     63   75514.660      74       0  -6.216070400000000e+07   9.627e+08   1.000e+00
     64   76566.783      75       0  -6.216100000000000e+07   1.166e+09   1.000e+00
     65   77618.266      76       0  -6.216158000000000e+07   2.329e+09   1.000e+00
     66   78665.632      77       0  -6.216195600000000e+07   1.069e+09   1.000e+00
     67   79688.613      78       0  -6.216220400000000e+07   9.101e+08   1.000e+00
     68   80706.320      79       0  -6.216250000000000e+07   9.823e+08   1.000e+00
     69   81725.179      80       0  -6.216297600000000e+07   2.237e+09   1.000e+00
     70   82746.900      81       0  -6.216336000000000e+07   1.061e+09   1.000e+00
     71   83789.386      82       0  -6.216363600000000e+07   8.702e+08   1.000e+00
     72   84849.944      83       0  -6.216397600000000e+07   1.072e+09   1.000e+00
     73   85902.465      84       0  -6.216440400000000e+07   2.347e+09   1.000e+00
     74   86950.435      85       0  -6.216471200000000e+07   1.039e+09   1.000e+00
     75   88002.994      86       0  -6.216490400000000e+07   7.978e+08   1.000e+00
     76   89052.373      87       0  -6.216510800000000e+07   9.254e+08   1.000e+00
     77   90102.515      88       0  -6.216550800000000e+07   1.347e+09   1.000e+00
     78   91154.579      89       0  -6.216590800000000e+07   1.970e+09   1.000e+00
     79   92206.878      90       0  -6.216607600000000e+07   8.125e+08   1.000e+00
     80   93254.118      91       0  -6.216620400000000e+07   7.852e+08   1.000e+00
     81   94306.991      92       0  -6.216638400000000e+07   9.135e+08   1.000e+00
     82   95369.905      93       0  -6.216665600000000e+07   2.514e+09   1.000e+00
     83   96422.512      94       0  -6.216687200000000e+07   9.390e+08   1.000e+00
     84   97470.206      95       0  -6.216699200000000e+07   6.574e+08   1.000e+00
     85   98519.121      96       0  -6.216714800000000e+07   7.730e+08   1.000e+00
     86   99570.391      97       0  -6.216736800000000e+07   8.788e+08   1.000e+00
     87  100617.882      98       0  -6.216755200000000e+07   2.451e+09   1.000e+00
     88  101671.222      99       0  -6.216772800000000e+07   6.665e+08   1.000e+00
     89  102720.580     100       0  -6.216777200000000e+07   5.617e+08   1.000e+00
     90  103773.098     101       0  -6.216791600000000e+07   7.157e+08   1.000e+00
     91  104827.533     102       0  -6.216809600000000e+07   1.635e+09   1.000e+00
     92  105877.179     103       0  -6.216825200000000e+07   8.144e+08   1.000e+00
     93  106931.083     104       0  -6.216834400000000e+07   5.583e+08   1.000e+00
     94  107978.276     105       0  -6.216842800000000e+07   6.136e+08   1.000e+00
     95  109030.718     106       0  -6.216854800000000e+07   8.356e+08   1.000e+00
     96  110083.546     107       0  -6.216864800000000e+07   9.248e+08   1.000e+00
     97  111133.840     108       0  -6.216870800000000e+07   5.853e+08   1.000e+00
     98  112186.121     109       0  -6.216881200000000e+07   5.698e+08   1.000e+00
     99  113238.975     110       0  -6.216886000000000e+07   7.210e+08   1.000e+00
    100  114294.925     111       0  -6.216896800000000e+07   5.133e+08   1.000e+00
    101  115346.314     112       0  -6.216904000000000e+07   6.374e+08   1.000e+00
    102  116399.809     113       0  -6.216910400000000e+07   6.167e+08   1.000e+00
    103  117450.190     114       0  -6.216913200000000e+07   4.571e+08   1.000e+00
    104  118502.763     115       0  -6.216917600000000e+07   4.713e+08   1.000e+00
    105  119555.380     116       0  -6.216923200000000e+07   7.646e+08   1.000e+00
    106  120605.510     117       0  -6.216928800000000e+07   4.786e+08   1.000e+00
    107  121655.754     118       0  -6.216933200000000e+07   3.985e+08   1.000e+00
    108  122705.442     119       0  -6.216936800000000e+07   5.826e+08   1.000e+00
    109  123758.713     120       0  -6.216940000000000e+07   3.572e+08   1.000e+00
    110  124805.461     121       0  -6.216944000000000e+07   3.841e+08   1.000e+00
    111  125860.024     122       0  -6.216947200000000e+07   6.298e+08   1.000e+00
    112  126909.753     123       0  -6.216951200000000e+07   4.884e+08   1.000e+00
    113  127963.046     124       0  -6.216954400000000e+07   3.828e+08   1.000e+00
    114  129012.838     125       0  -6.216958400000000e+07   4.762e+08   1.000e+00
    115  130066.886     126       0  -6.216960800000000e+07   4.111e+08   1.000e+00
    116  131118.735     127       0  -6.216963200000000e+07   3.746e+08   1.000e+00
    117  132171.469     128       0  -6.216968000000000e+07   7.326e+08   1.000e+00
    118  133221.191     129       0  -6.216971200000000e+07   5.487e+08   1.000e+00
    119  134273.891     130       0  -6.216972000000000e+07   2.981e+08   1.000e+00
    120  135326.441     131       0  -6.216974000000000e+07   2.293e+08   1.000e+00
    121  136378.059     132       0  -6.216976800000000e+07   3.054e+08   1.000e+00
    122  137425.014     133       0  -6.216979600000000e+07   7.178e+08   1.000e+00
    123  138478.182     134       0  -6.216982800000000e+07   3.016e+08   1.000e+00
    124  139530.677     135       0  -6.216984400000000e+07   2.599e+08   1.000e+00
    125  140583.064     136       0  -6.216988000000000e+07   2.970e+08   1.000e+00
    126  141632.923     137       0  -6.216990400000000e+07   9.153e+08   1.000e+00
    127  142682.789     138       0  -6.216992800000000e+07   2.999e+08   1.000e+00
    128  143735.511     139       0  -6.216994800000000e+07   1.974e+08   1.000e+00
    129  144795.965     140       0  -6.216995600000000e+07   2.539e+08   1.000e+00
    130  145848.960     141       0  -6.216998000000000e+07   3.167e+08   1.000e+00
    131  146903.038     142       0  -6.217002000000000e+07   6.608e+08   1.000e+00
    132  147951.002     143       0  -6.217003600000000e+07   2.241e+08   1.000e+00
    133  166568.166     162       0  -6.217003600000000e+07   2.241e+08   3.808e-06
# Termination: function reduction test satisfied
# Iter.   Time (ms)    Eval. Reject.       Obj. Func.           Grad.       Step
# ---------------------------------------------------------------------------------
      0     974.037       1       0  -5.587748000000000e+07   1.121e+10   0.000e+00
      1    9760.527      10       0  -5.587763600000000e+07   3.797e+10   1.343e-15
      2   10757.472      11       0  -5.598544400000000e+07   1.536e+10   1.000e+00
      3   11754.873      12       0  -5.601573600000000e+07   1.172e+10   1.000e+00
      4   12752.014      13       0  -5.606000000000000e+07   1.113e+10   1.000e+00
      5   13749.573      14       0  -5.611732800000000e+07   1.835e+10   1.000e+00
      6   14749.923      15       0  -5.614063200000000e+07   2.554e+10   1.000e+00
      7   15748.604      16       0  -5.617062400000000e+07   1.283e+10   1.000e+00
      8   16747.885      17       0  -5.618149600000000e+07   1.154e+10   1.000e+00
      9   17745.682      18       0  -5.619417600000000e+07   6.632e+09   1.000e+00
     10   18761.332      19       0  -5.621026800000000e+07   5.705e+09   1.000e+00
     11   19767.931      20       0  -5.621893200000000e+07   9.707e+09   1.000e+00
     12   20776.684      21       0  -5.622686800000000e+07   5.031e+09   1.000e+00
     13   21784.327      22       0  -5.623178000000000e+07   4.084e+09   1.000e+00
     14   22792.158      23       0  -5.623603200000000e+07   5.234e+09   1.000e+00
     15   23799.733      24       0  -5.624061200000000e+07   4.021e+09   1.000e+00
     16   24808.449      25       0  -5.624380800000000e+07   3.371e+09   1.000e+00
     17   25816.251      26       0  -5.624684800000000e+07   3.372e+09   1.000e+00
     18   26823.993      27       0  -5.624935600000000e+07   3.489e+09   1.000e+00
     19   27832.573      28       0  -5.625197200000000e+07   2.676e+09   1.000e+00
     20   28840.814      29       0  -5.625463200000000e+07   3.467e+09   1.000e+00
     21   29848.448      30       0  -5.625670400000000e+07   3.499e+09   1.000e+00
     22   30856.479      31       0  -5.625802000000000e+07   2.345e+09   1.000e+00
     23   31864.562      32       0  -5.625982800000000e+07   2.066e+09   1.000e+00
     24   32872.900      33       0  -5.626160400000000e+07   3.947e+09   1.000e+00
     25   33884.725      34       0  -5.626306800000000e+07   2.385e+09   1.000e+00
     26   34893.029      35       0  -5.626457600000000e+07   1.976e+09   1.000e+00
     27   35898.378      36       0  -5.626581200000000e+07   2.578e+09   1.000e+00
     28   36904.253      37       0  -5.626722800000000e+07   2.230e+09   1.000e+00
     29   37912.255      38       0  -5.626842400000000e+07   2.781e+09   1.000e+00
     30   38920.652      39       0  -5.626938000000000e+07   1.859e+09   1.000e+00
     31   39929.241      40       0  -5.627011600000000e+07   1.728e+09   1.000e+00
     32   40936.404      41       0  -5.627099600000000e+07   2.562e+09   1.000e+00
     33   41944.271      42       0  -5.627185600000000e+07   1.757e+09   1.000e+00
     34   42947.817      43       0  -5.627247600000000e+07   1.522e+09   1.000e+00
     35   43952.007      44       0  -5.627328000000000e+07   1.962e+09   1.000e+00
     36   44959.322      45       0  -5.627396000000000e+07   1.726e+09   1.000e+00
     37   45964.329      46       0  -5.627442800000000e+07   1.431e+09   1.000e+00
     38   46968.508      47       0  -5.627524400000000e+07   1.541e+09   1.000e+00
     39   47977.024      48       0  -5.627586400000000e+07   2.750e+09   1.000e+00
     40   48986.765      49       0  -5.627624000000000e+07   1.415e+09   1.000e+00
     41   49992.621      50       0  -5.627668800000000e+07   1.090e+09   1.000e+00
     42   50999.412      51       0  -5.627709600000000e+07   1.230e+09   1.000e+00
     43   52007.240      52       0  -5.627774000000000e+07   2.845e+09   1.000e+00
     44   53012.444      53       0  -5.627825200000000e+07   1.211e+09   1.000e+00
     45   54019.994      54       0  -5.627843200000000e+07   1.012e+09   1.000e+00
     46   55026.928      55       0  -5.627888800000000e+07   1.074e+09   1.000e+00
     47   56035.744      56       0  -5.627924400000000e+07   3.104e+09   1.000e+00
     48   57043.118      57       0  -5.627956800000000e+07   1.106e+09   1.000e+00
     49   58047.670      58       0  -5.627975600000000e+07   7.380e+08   1.000e+00
     50   59052.088      59       0  -5.628000400000000e+07   8.741e+08   1.000e+00
     51   60059.989      60       0  -5.628038400000000e+07   1.149e+09   1.000e+00
     52   61067.800      61       0  -5.628089600000000e+07   2.449e+09   1.000e+00
     53   62076.376      62       0  -5.628110400000000e+07   8.272e+08   1.000e+00
     54   63083.275      63       0  -5.628120000000000e+07   7.817e+08   1.000e+00
     55   64089.104      64       0  -5.628145600000000e+07   9.257e+08   1.000e+00
     56   65096.697      65       0  -5.628186000000000e+07   2.227e+09   1.000e+00
     57   66103.381      66       0  -5.628213600000000e+07   9.011e+08   1.000e+00
     58   67110.030      67       0  -5.628227200000000e+07   6.464e+08   1.000e+00
     59   68117.150      68       0  -5.628246800000000e+07   7.692e+08   1.000e+00
     60   69124.044      69       0  -5.628278400000000e+07   9.525e+08   1.000e+00
     61   70132.762      70       0  -5.628320800000000e+07   2.287e+09   1.000e+00
     62   71140.461      71       0  -5.628336000000000e+07   7.990e+08   1.000e+00
     63   72145.145      72       0  -5.628345200000000e+07   6.292e+08   1.000e+00
     64   73149.649      73       0  -5.628364400000000e+07   7.829e+08   1.000e+00
     65   74156.145      74       0  -5.628400800000000e+07   1.009e+09   1.000e+00
     66   75164.863      75       0  -5.628447200000000e+07   2.121e+09   1.000e+00
     67   76172.806      76       0  -5.628458400000000e+07   6.323e+08   1.000e+00
     68   77180.524      77       0  -5.628464800000000e+07   5.581e+08   1.000e+00
     69   78188.478      78       0  -5.628488000000000e+07   7.014e+08   1.000e+00
     70   79195.748      79       0  -5.628528800000000e+07   1.608e+09   1.000e+00
     71   80204.583      80       0  -5.628560400000000e+07   8.667e+08   1.000e+00
     72   81212.330      81       0  -5.628587600000000e+07   6.272e+08   1.000e+00
     73   82220.529      82       0  -5.628613600000000e+07   6.968e+08   1.000e+00
     74   83228.788      83       0  -5.628646800000000e+07   1.494e+09   1.000e+00
     75   84236.170      84       0  -5.628664400000000e+07   6.828e+08   1.000e+00
     76   85245.182      85       0  -5.628676000000000e+07   6.217e+08   1.000e+00
     77   86252.334      86       0  -5.628694000000000e+07   7.717e+08   1.000e+00
     78   87260.512      87       0  -5.628727600000000e+07   1.150e+09   1.000e+00
     79   88268.099      88       0  -5.628760400000000e+07   1.661e+09   1.000e+00
     80   89277.204      89       0  -5.628765600000000e+07   5.403e+08   1.000e+00
     81   90285.943      90       0  -5.628768000000000e+07   4.713e+08   1.000e+00
     82   91292.719      91       0  -5.628778400000000e+07   6.428e+08   1.000e+00
     83   92300.696      92       0  -5.628800800000000e+07   9.911e+08   1.000e+00
     84   93307.528      93       0  -5.628829600000000e+07   1.102e+09   1.000e+00
     85   94314.382      94       0  -5.628841600000000e+07   5.438e+08   1.000e+00
     86   95321.139      95       0  -5.628852000000000e+07   5.046e+08   1.000e+00
     87   96328.155      96       0  -5.628862400000000e+07   5.021e+08   1.000e+00
     88   97337.401      97       0  -5.628881200000000e+07   9.438e+08   1.000e+00
     89   98344.897      98       0  -5.628890000000000e+07   4.809e+08   1.000e+00
     90   99353.074      99       0  -5.628898800000000e+07   4.891e+08   1.000e+00
     91  100357.342     100       0  -5.628908400000000e+07   5.233e+08   1.000e+00
     92  101363.527     101       0  -5.628924800000000e+07   1.182e+09   1.000e+00
     93  102367.647     102       0  -5.628931600000000e+07   4.128e+08   1.000e+00
     94  103375.425     103       0  -5.628934000000000e+07   3.887e+08   1.000e+00
     95  104380.406     104       0  -5.628940400000000e+07   4.313e+08   1.000e+00
     96  105388.576     105       0  -5.628948800000000e+07   1.446e+09   1.000e+00
     97  106395.606     106       0  -5.628954800000000e+07   4.298e+08   1.000e+00
     98  107399.614     107       0  -5.628958000000000e+07   2.814e+08   1.000e+00
     99  108402.950     108       0  -5.628964400000000e+07   3.182e+08   1.000e+00
    100  109421.895     109       0  -5.628971600000000e+07   4.314e+08   1.000e+00
    101  110424.926     110       0  -5.628981600000000e+07   4.778e+08   1.000e+00
    102  111428.668     111       0  -5.628983600000000e+07   2.703e+08   1.000e+00
    103  112435.523     112       0  -5.628984400000000e+07   3.683e+08   1.000e+00
    104  113439.801     113       0  -5.628988000000000e+07   4.438e+08   1.000e+00
    105  114448.369     114       0  -5.628991600000000e+07   5.746e+08   1.000e+00
    106  115456.051     115       0  -5.628995200000000e+07   2.722e+08   1.000e+00
    107  116464.066     116       0  -5.628997200000000e+07   2.537e+08   1.000e+00
    108  117472.173     117       0  -5.628999200000000e+07   2.807e+08   1.000e+00
    109  118479.745     118       0  -5.629002400000000e+07   4.598e+08   1.000e+00
    110  119488.537     119       0  -5.629004400000000e+07   2.477e+08   1.000e+00
    111  120495.925     120       0  -5.629005200000000e+07   2.686e+08   1.000e+00
    112  121504.090     121       0  -5.629007600000000e+07   2.837e+08   1.000e+00
    113  122512.338     122       0  -5.629009600000000e+07   8.644e+08   1.000e+00
    114  123520.959     123       0  -5.629011600000000e+07   2.265e+08   1.000e+00
    115  124528.140     124       0  -5.629013200000000e+07   1.885e+08   1.000e+00
    116  125535.647     125       0  -5.629015600000000e+07   2.352e+08   1.000e+00
    117  126542.824     126       0  -5.629018400000000e+07   4.639e+08   1.000e+00
    118  127555.978     127       0  -5.629020800000000e+07   2.515e+08   1.000e+00
    119  128563.985     128       0  -5.629023200000000e+07   1.957e+08   1.000e+00
    120  129571.723     129       0  -5.629025600000000e+07   2.303e+08   1.000e+00
    121  130579.986     130       0  -5.629028000000000e+07   5.317e+08   1.000e+00
    122  131588.596     131       0  -5.629029200000000e+07   2.183e+08   1.000e+00
    123  132608.976     132       0  -5.629030000000000e+07   1.982e+08   1.000e+00
    124  133627.197     133       0  -5.629032400000000e+07   2.545e+08   1.000e+00
    125  134646.493     134       0  -5.629035200000000e+07   4.252e+08   1.000e+00
    126  135663.647     135       0  -5.629038800000000e+07   3.815e+08   1.000e+00
    127  136683.849     136       0  -5.629039200000000e+07   1.824e+08   1.000e+00
    128  137702.698     137       0  -5.629040000000000e+07   1.790e+08   1.000e+00
    129  138731.588     138       0  -5.629041600000000e+07   2.097e+08   1.000e+00
    130  139747.155     139       0  -5.629044000000000e+07   5.248e+08   1.000e+00
    131  140763.725     140       0  -5.629046000000000e+07   2.639e+08   1.000e+00
    132  141776.524     141       0  -5.629047200000000e+07   1.770e+08   1.000e+00
    133  142795.664     142       0  -5.629048400000000e+07   2.026e+08   1.000e+00
    134  143814.253     143       0  -5.629049600000000e+07   2.897e+08   1.000e+00
    135  144831.231     144       0  -5.629051600000000e+07   2.156e+08   1.000e+00
    136  145846.953     145       0  -5.629052400000000e+07   1.654e+08   1.000e+00
    137  146862.945     146       0  -5.629054000000000e+07   2.026e+08   1.000e+00
    138  147882.163     147       0  -5.629054800000000e+07   4.661e+08   1.000e+00
    139  148901.599     148       0  -5.629055200000000e+07   1.914e+08   1.000e+00
    140  149919.130     149       0  -5.629055600000000e+07   1.381e+08   1.000e+00
    141  150938.806     150       0  -5.629057200000000e+07   1.920e+08   1.000e+00
    142  151955.247     151       0  -5.629058800000000e+07   2.586e+08   1.000e+00
    143  152969.674     152       0  -5.629060000000000e+07   4.962e+08   1.000e+00
    144  153988.101     153       0  -5.629060800000000e+07   1.614e+08   1.000e+00
    145  155007.163     154       0  -5.629061200000000e+07   1.365e+08   1.000e+00
    146  156023.851     155       0  -5.629062400000000e+07   1.635e+08   1.000e+00
    147  157037.253     156       0  -5.629062800000000e+07   3.309e+08   1.000e+00
    148  158055.113     157       0  -5.629064000000000e+07   2.084e+08   1.000e+00
    149  159070.979     158       0  -5.629065600000000e+07   1.559e+08   1.000e+00
    150  160087.948     159       0  -5.629066400000000e+07   2.092e+08   1.000e+00
    151  161105.020     160       0  -5.629068400000000e+07   3.161e+08   1.000e+00
    152  179690.761     179       0  -5.629068400000000e+07   3.161e+08   3.808e-06
# Termination: function reduction test satisfied
# Iter.   Time (ms)    Eval. Reject.       Obj. Func.           Grad.       Step
# ---------------------------------------------------------------------------------
      0     974.822       1       0  -6.237991600000000e+07   1.121e+10   0.000e+00
      1   12694.639      13       0  -6.243693200000000e+07   2.144e+10   6.630e-16
      2   13690.794      14       0  -6.248246400000000e+07   1.407e+10   1.000e+00
      3   14687.200      15       0  -6.253899200000000e+07   1.543e+10   1.000e+00
      4   15683.890      16       0  -6.259718000000000e+07   1.868e+10   1.000e+00
      5   16681.457      17       0  -6.263232400000000e+07   2.339e+10   1.000e+00
      6   17680.123      18       0  -6.266980800000000e+07   1.107e+10   1.000e+00
      7   18679.228      19       0  -6.268727200000000e+07   9.022e+09   1.000e+00
      8   19688.287      20       0  -6.270340800000000e+07   9.384e+09   1.000e+00
      9   20690.432      21       0  -6.272108400000000e+07   1.068e+10   1.000e+00
     10   21692.310      22       0  -6.273010000000000e+07   8.042e+09   1.000e+00
     11   22693.351      23       0  -6.273525600000000e+07   5.984e+09   1.000e+00
     12   23694.712      24       0  -6.274355600000000e+07   5.245e+09   1.000e+00
     13   24693.153      25       0  -6.274877600000000e+07   9.891e+09   1.000e+00
     14   25692.858      26       0  -6.275319200000000e+07   4.586e+09   1.000e+00
     15   26692.755      27       0  -6.275643600000000e+07   3.668e+09   1.000e+00
     16   27693.486      28       0  -6.275936400000000e+07   3.910e+09   1.000e+00
     17   28694.320      29       0  -6.276434800000000e+07   6.990e+09   1.000e+00
     18   29694.967      30       0  -6.276829600000000e+07   4.288e+09   1.000e+00
     19   30695.953      31       0  -6.276986400000000e+07   2.950e+09   1.000e+00
     20   31696.930      32       0  -6.277294400000000e+07   2.889e+09   1.000e+00
     21   32696.034      33       0  -6.277556400000000e+07   5.961e+09   1.000e+00
     22   33694.650      34       0  -6.277781600000000e+07   3.203e+09   1.000e+00
     23   34693.566      35       0  -6.278036000000000e+07   2.667e+09   1.000e+00
     24   35697.420      36       0  -6.278224000000000e+07   2.911e+09   1.000e+00
     25   36697.284      37       0  -6.278497200000000e+07   6.940e+09   1.000e+00
     26   37697.530      38       0  -6.278735600000000e+07   2.597e+09   1.000e+00
     27   38699.318      39       0  -6.278825600000000e+07   2.295e+09   1.000e+00
     28   39700.051      40       0  -6.279007600000000e+07   2.813e+09   1.000e+00
     29   40700.994      41       0  -6.279120400000000e+07   7.182e+09   1.000e+00
     30   41700.908      42       0  -6.279283600000000e+07   2.543e+09   1.000e+00
     31   42700.643      43       0  -6.279370400000000e+07   1.834e+09   1.000e+00
     32   43703.332      44       0  -6.279483200000000e+07   2.311e+09   1.000e+00
     33   44704.933      45       0  -6.279665200000000e+07   2.746e+09   1.000e+00
     34   45703.462      46       0  -6.279721200000000e+07   7.736e+09   1.000e+00
     35   46707.087      47       0  -6.279931200000000e+07   1.882e+09   1.000e+00
     36   47708.440      48       0  -6.279978400000000e+07   1.583e+09   1.000e+00
     37   48710.707      49       0  -6.280085600000000e+07   2.074e+09   1.000e+00
     38   49732.192      50       0  -6.280190000000000e+07   5.439e+09   1.000e+00
     39   50732.051      51       0  -6.280301600000000e+07   2.465e+09   1.000e+00
     40   51733.785      52       0  -6.280386000000000e+07   1.757e+09   1.000e+00
     41   52734.208      53       0  -6.280449200000000e+07   1.981e+09   1.000e+00
     42   53735.144      54       0  -6.280577600000000e+07   2.318e+09   1.000e+00
     43   54735.281      55       0  -6.280611600000000e+07   6.632e+09   1.000e+00
     44   55734.963      56       0  -6.280754400000000e+07   1.922e+09   1.000e+00
     45   56734.101      57       0  -6.280795200000000e+07   1.352e+09   1.000e+00
     46   57734.216      58       0  -6.280874800000000e+07   1.750e+09   1.000e+00
     47   58736.438      59       0  -6.280964000000000e+07   2.960e+09   1.000e+00
     48   59735.425      60       0  -6.281050400000000e+07   1.814e+09   1.000e+00
     49   60737.531      61       0  -6.281112800000000e+07   1.458e+09   1.000e+00
     50   61736.849      62       0  -6.281184000000000e+07   2.112e+09   1.000e+00
     51   62736.103      63       0  -6.281248000000000e+07   1.924e+09   1.000e+00
     52   63735.770      64       0  -6.281314400000000e+07   1.614e+09   1.000e+00
     53   64735.248      65       0  -6.281407200000000e+07   2.823e+09   1.000e+00
     54   65734.198      66       0  -6.281469200000000e+07   1.975e+09   1.000e+00
     55   66734.395      67       0  -6.281500400000000e+07   1.433e+09   1.000e+00
     56   67734.515      68       0  -6.281572000000000e+07   1.382e+09   1.000e+00
     57   68740.347      69       0  -6.281642000000000e+07   2.793e+09   1.000e+00
     58   69740.047      70       0  -6.281707200000000e+07   1.735e+09   1.000e+00
     59   70743.075      71       0  -6.281792800000000e+07   1.380e+09   1.000e+00
     60   71747.641      72       0  -6.281845200000000e+07   1.747e+09   1.000e+00
     61   72750.908      73       0  -6.281913600000000e+07   1.510e+09   1.000e+00
     62   73755.038      74       0  -6.281985600000000e+07   2.284e+09   1.000e+00
     63   74755.807      75       0  -6.282052000000000e+07   1.613e+09   1.000e+00
     64   75760.334      76       0  -6.282106800000000e+07   1.486e+09   1.000e+00
     65   76759.290      77       0  -6.282191200000000e+07   2.441e+09   1.000e+00
     66   77758.432      78       0  -6.282265200000000e+07   1.930e+09   1.000e+00
     67   78761.975      79       0  -6.282308000000000e+07   1.448e+09   1.000e+00
     68   79771.668      80       0  -6.282379600000000e+07   1.550e+09   1.000e+00
     69   80774.194      81       0  -6.282443200000000e+07   2.381e+09   1.000e+00
     70   81777.616      82       0  -6.282504000000000e+07   1.661e+09   1.000e+00
     71   82781.746      83       0  -6.282596000000000e+07   1.437e+09   1.000e+00
     72   83785.248      84       0  -6.282646400000000e+07   2.261e+09   1.000e+00
     73   84788.941      85       0  -6.282694000000000e+07   1.601e+09   1.000e+00
     74   85791.083      86       0  -6.282770400000000e+07   1.588e+09   1.000e+00
     75   86803.803      87       0  -6.282810000000000e+07   2.628e+09   1.000e+00
     76   87815.563      88       0  -6.282847200000000e+07   1.661e+09   1.000e+00
     77   88826.861      89       0  -6.282905600000000e+07   1.383e+09   1.000e+00
     78   89839.131      90       0  -6.282943600000000e+07   1.596e+09   1.000e+00
     79   90851.086      91       0  -6.282991600000000e+07   2.959e+09   1.000e+00
     80   91863.040      92       0  -6.283036000000000e+07   1.243e+09   1.000e+00
     81   92875.746      93       0  -6.283057200000000e+07   1.176e+09   1.000e+00
     82   93887.356      94       0  -6.283090400000000e+07   1.363e+09   1.000e+00
     83   94903.180      95       0  -6.283108800000000e+07   3.736e+09   1.000e+00
     84   95934.416      96       0  -6.283153200000000e+07   1.330e+09   1.000e+00
     85   96971.035      97       0  -6.283172800000000e+07   9.708e+08   1.000e+00
     86   98012.198      98       0  -6.283197600000000e+07   1.198e+09   1.000e+00
     87   99047.276      99       0  -6.283234000000000e+07   1.484e+09   1.000e+00
     88  100078.453     100       0  -6.283240800000000e+07   3.175e+09   1.000e+00
     89  101115.054     101       0  -6.283281600000000e+07   9.097e+08   1.000e+00
     90  102146.901     102       0  -6.283294000000000e+07   8.983e+08   1.000e+00
     91  103183.138     103       0  -6.283320400000000e+07   1.212e+09   1.000e+00
     92  104218.662     104       0  -6.283349600000000e+07   2.744e+09   1.000e+00
     93  105253.966     105       0  -6.283383200000000e+07   1.431e+09   1.000e+00
     94  106290.109     106       0  -6.283408400000000e+07   1.047e+09   1.000e+00
     95  107327.201     107       0  -6.283428800000000e+07   1.128e+09   1.000e+00
     96  108362.304     108       0  -6.283454000000000e+07   2.356e+09   1.000e+00
     97  109398.531     109       0  -6.283482400000000e+07   1.067e+09   1.000e+00
     98  110434.220     110       0  -6.283501200000000e+07   9.704e+08   1.000e+00
     99  111470.560     111       0  -6.283528800000000e+07   1.247e+09   1.000e+00
    100  112528.747     112       0  -6.283554000000000e+07   2.746e+09   1.000e+00
    101  113576.302     113       0  -6.283585600000000e+07   1.264e+09   1.000e+00
    102  114621.903     114       0  -6.283607600000000e+07   9.622e+08   1.000e+00
    103  115668.394     115       0  -6.283624000000000e+07   1.079e+09   1.000e+00
    104  116716.346     116       0  -6.283654800000000e+07   1.858e+09   1.000e+00
    105  117764.658     117       0  -6.283679600000000e+07   1.552e+09   1.000e+00
    106  118797.814     118       0  -6.283698800000000e+07   8.755e+08   1.000e+00
    107  119832.825     119       0  -6.283718800000000e+07   1.025e+09   1.000e+00
    108  120879.731     120       0  -6.283739200000000e+07   1.330e+09   1.000e+00
    109  121925.851     121       0  -6.283768800000000e+07   1.350e+09   1.000e+00
    110  122971.304     122       0  -6.283793600000000e+07   1.238e+09   1.000e+00
    111  124004.294     123       0  -6.283818000000000e+07   1.137e+09   1.000e+00
    112  125037.385     124       0  -6.283838800000000e+07   1.219e+09   1.000e+00
    113  126083.765     125       0  -6.283860000000000e+07   1.034e+09   1.000e+00
    114  127131.700     126       0  -6.283882400000000e+07   1.415e+09   1.000e+00
    115  128165.969     127       0  -6.283902800000000e+07   1.144e+09   1.000e+00
    116  129211.675     128       0  -6.283920000000000e+07   1.024e+09   1.000e+00
    117  130258.510     129       0  -6.283940800000000e+07   1.467e+09   1.000e+00
    118  131304.722     130       0  -6.283958000000000e+07   1.424e+09   1.000e+00
    119  132347.234     131       0  -6.283974000000000e+07   9.698e+08   1.000e+00
    120  133394.766     132       0  -6.283995600000000e+07   9.137e+08   1.000e+00
    121  134443.261     133       0  -6.284013200000000e+07   1.314e+09   1.000e+00
    122  135487.510     134       0  -6.284040000000000e+07   1.139e+09   1.000e+00
    123  136534.465     135       0  -6.284074800000000e+07   1.573e+09   1.000e+00
    124  137583.906     136       0  -6.284107600000000e+07   1.297e+09   1.000e+00
    125  138631.781     137       0  -6.284132000000000e+07   9.744e+08   1.000e+00
    126  139688.873     138       0  -6.284157200000000e+07   1.147e+09   1.000e+00
    127  140720.662     139       0  -6.284179200000000e+07   1.770e+09   1.000e+00
    128  141752.736     140       0  -6.284196800000000e+07   1.028e+09   1.000e+00
    129  142785.202     141       0  -6.284221600000000e+07   8.403e+08   1.000e+00
    130  143820.727     142       0  -6.284240400000000e+07   9.654e+08   1.000e+00
    131  144869.247     143       0  -6.284271600000000e+07   2.446e+09   1.000e+00
    132  145920.466     144       0  -6.284300800000000e+07   1.144e+09   1.000e+00
    133  146952.710     145       0  -6.284313200000000e+07   9.129e+08   1.000e+00
    134  147999.898     146       0  -6.284338400000000e+07   9.933e+08   1.000e+00
    135  149047.582     147       0  -6.284352800000000e+07   2.849e+09   1.000e+00
    136  150091.507     148       0  -6.284378400000000e+07   1.179e+09   1.000e+00
    137  151138.251     149       0  -6.284395200000000e+07   8.135e+08   1.000e+00
    138  152188.812     150       0  -6.284412000000000e+07   9.772e+08   1.000e+00
    139  153232.821     151       0  -6.284436400000000e+07   1.462e+09   1.000e+00
    140  154279.708     152       0  -6.284465200000000e+07   1.534e+09   1.000e+00
    141  155327.038     153       0  -6.284486400000000e+07   9.334e+08   1.000e+00
    142  156375.080     154       0  -6.284515600000000e+07   1.150e+09   1.000e+00
    143  157403.480     155       0  -6.284536400000000e+07   1.569e+09   1.000e+00
    144  158455.888     156       0  -6.284561600000000e+07   1.043e+09   1.000e+00
    145  159513.298     157       0  -6.284589600000000e+07   1.020e+09   1.000e+00
    146  160565.981     158       0  -6.284608400000000e+07   2.008e+09   1.000e+00
    147  161624.683     159       0  -6.284630400000000e+07   1.053e+09   1.000e+00
    148  162680.309     160       0  -6.284652000000000e+07   1.045e+09   1.000e+00
    149  163736.221     161       0  -6.284674400000000e+07   1.206e+09   1.000e+00
    150  164789.505     162       0  -6.284698800000000e+07   2.919e+09   1.000e+00
    151  165843.683     163       0  -6.284732400000000e+07   1.206e+09   1.000e+00
    152  166896.385     164       0  -6.284750800000000e+07   8.823e+08   1.000e+00
    153  167952.264     165       0  -6.284770000000000e+07   1.109e+09   1.000e+00
    154  169021.773     166       0  -6.284797600000000e+07   1.891e+09   1.000e+00
    155  170074.887     167       0  -6.284829200000000e+07   1.264e+09   1.000e+00
    156  171129.867     168       0  -6.284852000000000e+07   9.048e+08   1.000e+00
    157  172181.283     169       0  -6.284878000000000e+07   1.281e+09   1.000e+00
    158  173235.062     170       0  -6.284894400000000e+07   1.667e+09   1.000e+00
    159  174292.952     171       0  -6.284912000000000e+07   1.105e+09   1.000e+00
    160  175345.019     172       0  -6.284944000000000e+07   9.835e+08   1.000e+00
    161  176399.015     173       0  -6.284964400000000e+07   1.185e+09   1.000e+00
    162  177456.997     174       0  -6.284994800000000e+07   1.434e+09   1.000e+00
    163  178510.546     175       0  -6.285016800000000e+07   1.517e+09   1.000e+00
    164  179569.891     176       0  -6.285036000000000e+07   1.130e+09   1.000e+00
    165  180623.222     177       0  -6.285059600000000e+07   1.001e+09   1.000e+00
    166  181678.022     178       0  -6.285078800000000e+07   1.880e+09   1.000e+00
    167  182736.862     179       0  -6.285101600000000e+07   1.159e+09   1.000e+00
    168  183793.066     180       0  -6.285124400000000e+07   9.426e+08   1.000e+00
    169  184848.967     181       0  -6.285140400000000e+07   1.185e+09   1.000e+00
    170  185903.907     182       0  -6.285163200000000e+07   1.153e+09   1.000e+00
    171  186961.101     183       0  -6.285180800000000e+07   1.695e+09   1.000e+00
    172  188021.013     184       0  -6.285201200000000e+07   1.044e+09   1.000e+00
    173  189072.528     185       0  -6.285221600000000e+07   9.445e+08   1.000e+00
    174  190125.254     186       0  -6.285240800000000e+07   1.332e+09   1.000e+00
    175  191179.962     187       0  -6.285265200000000e+07   1.335e+09   1.000e+00
    176  192237.710     188       0  -6.285284000000000e+07   1.107e+09   1.000e+00
    177  193291.354     189       0  -6.285303200000000e+07   1.011e+09   1.000e+00
    178  194346.080     190       0  -6.285318400000000e+07   1.033e+09   1.000e+00
    179  195401.412     191       0  -6.285336400000000e+07   9.266e+08   1.000e+00
    180  196458.980     192       0  -6.285353600000000e+07   1.436e+09   1.000e+00
    181  197515.062     193       0  -6.285368000000000e+07   1.108e+09   1.000e+00
    182  198541.844     194       0  -6.285378000000000e+07   8.498e+08   1.000e+00
    183  199582.304     195       0  -6.285391600000000e+07   8.023e+08   1.000e+00
    184  200615.030     196       0  -6.285397200000000e+07   2.317e+09   1.000e+00
    185  201646.180     197       0  -6.285415600000000e+07   9.441e+08   1.000e+00
    186  202676.450     198       0  -6.285424400000000e+07   7.108e+08   1.000e+00
    187  203707.350     199       0  -6.285431600000000e+07   8.331e+08   1.000e+00
    188  204738.491     200       0  -6.285448000000000e+07   1.112e+09   1.000e+00
    189  206761.833     202       0  -6.285457200000000e+07   1.287e+09   4.589e-01
    190  207775.750     203       0  -6.285470800000000e+07   8.069e+08   1.000e+00
    191  208788.315     204       0  -6.285486400000000e+07   8.488e+08   1.000e+00
    192  209802.106     205       0  -6.285498800000000e+07   1.338e+09   1.000e+00
    193  210815.987     206       0  -6.285514400000000e+07   1.005e+09   1.000e+00
    194  211829.722     207       0  -6.285530400000000e+07   8.768e+08   1.000e+00
    195  212842.518     208       0  -6.285546800000000e+07   1.161e+09   1.000e+00
    196  213854.776     209       0  -6.285560800000000e+07   1.207e+09   1.000e+00
    197  214868.880     210       0  -6.285572000000000e+07   8.088e+08   1.000e+00
    198  215882.428     211       0  -6.285586400000000e+07   8.001e+08   1.000e+00
    199  216896.582     212       0  -6.285595600000000e+07   1.169e+09   1.000e+00
    200  217915.125     213       0  -6.285606400000000e+07   8.674e+08   1.000e+00
    201  218929.002     214       0  -6.285623600000000e+07   9.425e+08   1.000e+00
    202  219942.023     215       0  -6.285630400000000e+07   1.314e+09   1.000e+00
    203  220955.323     216       0  -6.285638000000000e+07   7.960e+08   1.000e+00
    204  221969.611     217       0  -6.285651200000000e+07   6.988e+08   1.000e+00
    205  222983.726     218       0  -6.285660400000000e+07   8.201e+08   1.000e+00
    206  223998.095     219       0  -6.285683200000000e+07   1.788e+09   1.000e+00
    207  225011.724     220       0  -6.285698400000000e+07   1.491e+09   1.000e+00
    208  226025.497     221       0  -6.285709600000000e+07   6.814e+08   1.000e+00
    209  227038.840     222       0  -6.285717600000000e+07   6.052e+08   1.000e+00
    210  228052.630     223       0  -6.285724400000000e+07   7.310e+08   1.000e+00
    211  229087.638     224       0  -6.285737600000000e+07   1.804e+09   1.000e+00
    212  230109.016     225       0  -6.285751200000000e+07   8.334e+08   1.000e+00
    213  231128.672     226       0  -6.285762400000000e+07   7.060e+08   1.000e+00
    214  232148.805     227       0  -6.285771600000000e+07   7.610e+08   1.000e+00
    215  233178.705     228       0  -6.285780800000000e+07   2.101e+09   1.000e+00
    216  234210.420     229       0  -6.285795200000000e+07   7.707e+08   1.000e+00
    217  235243.122     230       0  -6.285804000000000e+07   5.851e+08   1.000e+00
    218  236276.644     231       0  -6.285812800000000e+07   8.127e+08   1.000e+00
    219  237308.069     232       0  -6.285829600000000e+07   1.043e+09   1.000e+00
    220  238338.557     233       0  -6.285834800000000e+07   2.913e+09   1.000e+00
    221  239370.433     234       0  -6.285860800000000e+07   8.524e+08   1.000e+00
    222  240403.843     235       0  -6.285866800000000e+07   6.151e+08   1.000e+00
    223  241435.958     236       0  -6.285878000000000e+07   7.291e+08   1.000e+00
    224  242466.894     237       0  -6.285893200000000e+07   1.038e+09   1.000e+00
    225  243497.928     238       0  -6.285907600000000e+07   1.348e+09   1.000e+00
    226  244531.300     239       0  -6.285918800000000e+07   7.081e+08   1.000e+00
    227  245563.841     240       0  -6.285927200000000e+07   7.505e+08   1.000e+00
    228  246596.198     241       0  -6.285937200000000e+07   8.692e+08   1.000e+00
    229  247628.334     242       0  -6.285946000000000e+07   1.524e+09   1.000e+00
    230  248659.142     243       0  -6.285956400000000e+07   7.508e+08   1.000e+00
    231  249689.399     244       0  -6.285965200000000e+07   7.068e+08   1.000e+00
    232  250719.225     245       0  -6.285971200000000e+07   7.463e+08   1.000e+00
    233  251752.637     246       0  -6.285979600000000e+07   1.479e+09   1.000e+00
    234  252790.372     247       0  -6.285990400000000e+07   7.370e+08   1.000e+00
    235  253831.810     248       0  -6.285997200000000e+07   7.646e+08   1.000e+00
    236  254873.050     249       0  -6.286008000000000e+07   8.961e+08   1.000e+00
    237  255912.206     250       0  -6.286009600000000e+07   2.280e+09   1.000e+00
    238  256949.619     251       0  -6.286024800000000e+07   8.688e+08   1.000e+00
    239  257993.295     252       0  -6.286032000000000e+07   6.335e+08   1.000e+00
    240  259044.765     253       0  -6.286038800000000e+07   7.822e+08   1.000e+00
    241  260083.248     254       0  -6.286048000000000e+07   1.349e+09   1.000e+00
    242  261124.746     255       0  -6.286058000000000e+07   7.125e+08   1.000e+00
    243  262164.629     256       0  -6.286064800000000e+07   6.152e+08   1.000e+00
    244  263204.160     257       0  -6.286078000000000e+07   7.786e+08   1.000e+00
    245  264243.994     258       0  -6.286080800000000e+07   2.160e+09   1.000e+00
    246  265282.080     259       0  -6.286095600000000e+07   9.156e+08   1.000e+00
    247  266319.883     260       0  -6.286104800000000e+07   6.300e+08   1.000e+00
    248  267360.247     261       0  -6.286113600000000e+07   7.928e+08   1.000e+00
    249  268400.293     262       0  -6.286128000000000e+07   9.768e+08   1.000e+00
    250  270414.023     264       0  -6.286136400000000e+07   1.246e+09   4.394e-01
    251  271427.358     265       0  -6.286146400000000e+07   6.851e+08   1.000e+00
    252  272440.948     266       0  -6.286154400000000e+07   6.373e+08   1.000e+00
    253  273453.787     267       0  -6.286166400000000e+07   8.074e+08   1.000e+00
    254  274468.106     268       0  -6.286172000000000e+07   2.371e+09   1.000e+00
    255  275481.275     269       0  -6.286189200000000e+07   9.800e+08   1.000e+00
    256  276496.240     270       0  -6.286198000000000e+07   6.263e+08   1.000e+00
    257  277510.550     271       0  -6.286206400000000e+07   7.870e+08   1.000e+00
    258  278531.887     272       0  -6.286220400000000e+07   9.463e+08   1.000e+00
    259  280533.713     274       0  -6.286230000000000e+07   1.494e+09   4.882e-01
    260  281547.440     275       0  -6.286243600000000e+07   7.524e+08   1.000e+00
    261  282560.504     276       0  -6.286251600000000e+07   6.357e+08   1.000e+00
    262  283573.740     277       0  -6.286264000000000e+07   8.125e+08   1.000e+00
    263  284588.581     278       0  -6.286270800000000e+07   1.909e+09   1.000e+00
    264  285602.464     279       0  -6.286283200000000e+07   8.062e+08   1.000e+00
    265  286616.654     280       0  -6.286290800000000e+07   6.082e+08   1.000e+00
    266  287630.534     281       0  -6.286299200000000e+07   7.309e+08   1.000e+00
    267  288643.996     282       0  -6.286313600000000e+07   1.159e+09   1.000e+00
    268  289673.395     283       0  -6.286324000000000e+07   1.491e+09   1.000e+00
    269  290687.590     284       0  -6.286334000000000e+07   6.577e+08   1.000e+00
    270  291700.979     285       0  -6.286340400000000e+07   6.591e+08   1.000e+00
    271  292721.758     286       0  -6.286350400000000e+07   7.669e+08   1.000e+00
    272  293745.592     287       0  -6.286355200000000e+07   2.373e+09   1.000e+00
    273  294769.409     288       0  -6.286371600000000e+07   8.157e+08   1.000e+00
    274  295792.593     289       0  -6.286378000000000e+07   5.564e+08   1.000e+00
    275  296813.131     290       0  -6.286384800000000e+07   6.687e+08   1.000e+00
    276  297834.468     291       0  -6.286394800000000e+07   7.959e+08   1.000e+00
    277  298856.624     292       0  -6.286396800000000e+07   2.381e+09   1.000e+00
    278  299877.887     293       0  -6.286414400000000e+07   6.917e+08   1.000e+00
    279  300901.271     294       0  -6.286419600000000e+07   5.675e+08   1.000e+00
    280  301922.631     295       0  -6.286430400000000e+07   7.314e+08   1.000e+00
    281  302948.708     296       0  -6.286444000000000e+07   1.287e+09   1.000e+00
    282  303979.161     297       0  -6.286456400000000e+07   9.361e+08   1.000e+00
    283  305011.649     298       0  -6.286464800000000e+07   6.242e+08   1.000e+00
    284  306043.571     299       0  -6.286476000000000e+07   7.598e+08   1.000e+00
    285  307074.715     300       0  -6.286483200000000e+07   9.822e+08   1.000e+00
    286  308107.069     301       0  -6.286492400000000e+07   7.036e+08   1.000e+00
    287  309144.615     302       0  -6.286509200000000e+07   7.554e+08   1.000e+00
    288  310184.695     303       0  -6.286515200000000e+07   1.390e+09   1.000e+00
    289  311222.868     304       0  -6.286523200000000e+07   7.757e+08   1.000e+00
    290  312261.990     305       0  -6.286534000000000e+07   6.129e+08   1.000e+00
    291  313300.680     306       0  -6.286540800000000e+07   6.589e+08   1.000e+00
    292  314339.952     307       0  -6.286547600000000e+07   1.906e+09   1.000e+00
    293  315378.548     308       0  -6.286560000000000e+07   6.603e+08   1.000e+00
    294  316421.186     309       0  -6.286565200000000e+07   5.325e+08   1.000e+00
    295  317458.178     310       0  -6.286572000000000e+07   6.351e+08   1.000e+00
    296  318497.902     311       0  -6.286582000000000e+07   1.052e+09   1.000e+00
    297  319541.321     312       0  -6.286593200000000e+07   9.248e+08   1.000e+00
    298  320585.257     313       0  -6.286599600000000e+07   5.812e+08   1.000e+00
    299  321624.456     314       0  -6.286607600000000e+07   6.118e+08   1.000e+00
    300  322664.783     315       0  -6.286613600000000e+07   8.298e+08   1.000e+00
    301  323703.938     316       0  -6.286621600000000e+07   6.801e+08   1.000e+00
    302  324742.249     317       0  -6.286627600000000e+07   6.218e+08   1.000e+00
    303  325784.970     318       0  -6.286634400000000e+07   7.380e+08   1.000e+00
    304  326823.384     319       0  -6.286639600000000e+07   6.516e+08   1.000e+00
    305  327863.006     320       0  -6.286646400000000e+07   5.846e+08   1.000e+00
    306  328904.647     321       0  -6.286652000000000e+07   9.967e+08   1.000e+00
    307  329944.906     322       0  -6.286657200000000e+07   7.392e+08   1.000e+00
    308  330983.752     323       0  -6.286661600000000e+07   5.574e+08   1.000e+00
    309  332021.590     324       0  -6.286666400000000e+07   5.236e+08   1.000e+00
    310  333060.274     325       0  -6.286668400000000e+07   1.124e+09   1.000e+00
    311  334098.108     326       0  -6.286673600000000e+07   5.744e+08   1.000e+00
    312  335136.813     327       0  -6.286679200000000e+07   4.773e+08   1.000e+00
    313  336171.285     328       0  -6.286682000000000e+07   5.707e+08   1.000e+00
    314  337206.056     329       0  -6.286688800000000e+07   9.281e+08   1.000e+00
    315  338246.586     330       0  -6.286695200000000e+07   7.917e+08   1.000e+00
    316  339287.335     331       0  -6.286701600000000e+07   6.477e+08   1.000e+00
    317  340324.378     332       0  -6.286713600000000e+07   7.930e+08   1.000e+00
    318  341362.228     333       0  -6.286717600000000e+07   1.363e+09   1.000e+00
    319  342400.418     334       0  -6.286724000000000e+07   6.756e+08   1.000e+00
    320  343446.923     335       0  -6.286730000000000e+07   4.966e+08   1.000e+00
    321  344485.536     336       0  -6.286734800000000e+07   5.778e+08   1.000e+00
    322  345524.691     337       0  -6.286740400000000e+07   9.111e+08   1.000e+00
    323  346548.814     338       0  -6.286748800000000e+07   7.078e+08   1.000e+00
    324  347572.193     339       0  -6.286753200000000e+07   5.540e+08   1.000e+00
    325  348596.521     340       0  -6.286761600000000e+07   6.448e+08   1.000e+00
    326  349630.139     341       0  -6.286766000000000e+07   1.353e+09   1.000e+00
    327  350656.552     342       0  -6.286773200000000e+07   7.531e+08   1.000e+00
    328  351678.918     343       0  -6.286779600000000e+07   5.338e+08   1.000e+00
    329  352709.272     344       0  -6.286784000000000e+07   5.917e+08   1.000e+00
    330  353741.668     345       0  -6.286794000000000e+07   1.015e+09   1.000e+00
    331  354765.375     346       0  -6.286799200000000e+07   1.581e+09   1.000e+00
    332  355789.866     347       0  -6.286808400000000e+07   5.927e+08   1.000e+00
    333  356814.068     348       0  -6.286812800000000e+07   4.862e+08   1.000e+00
    334  357837.604     349       0  -6.286819600000000e+07   6.866e+08   1.000e+00
    335  358861.543     350       0  -6.286831200000000e+07   9.359e+08   1.000e+00
    336  359885.498     351       0  -6.286837600000000e+07   1.359e+09   1.000e+00
    337  360908.778     352       0  -6.286846000000000e+07   4.864e+08   1.000e+00
    338  361930.739     353       0  -6.286849200000000e+07   4.794e+08   1.000e+00
    339  362955.289     354       0  -6.286855200000000e+07   5.685e+08   1.000e+00
    340  363978.800     355       0  -6.286861200000000e+07   1.767e+09   1.000e+00
    341  365004.000     356       0  -6.286871200000000e+07   6.592e+08   1.000e+00
    342  366031.377     357       0  -6.286876800000000e+07   4.699e+08   1.000e+00
    343  367057.850     358       0  -6.286884000000000e+07   5.752e+08   1.000e+00
    344  368094.223     359       0  -6.286893600000000e+07   9.813e+08   1.000e+00
    345  369129.028     360       0  -6.286904000000000e+07   6.607e+08   1.000e+00
    346  370161.171     361       0  -6.286911600000000e+07   5.092e+08   1.000e+00
    347  371192.474     362       0  -6.286923600000000e+07   7.684e+08   1.000e+00
    348  372230.688     363       0  -6.286930800000000e+07   1.322e+09   1.000e+00
    349  373271.989     364       0  -6.286938000000000e+07   6.575e+08   1.000e+00
    350  374314.605     365       0  -6.286945600000000e+07   5.593e+08   1.000e+00
    351  375357.848     366       0  -6.286953200000000e+07   6.369e+08   1.000e+00
    352  376398.183     367       0  -6.286967200000000e+07   1.144e+09   1.000e+00
    353  377441.161     368       0  -6.286978400000000e+07   9.491e+08   1.000e+00
    354  378482.225     369       0  -6.286983200000000e+07   4.791e+08   1.000e+00
    355  379516.961     370       0  -6.286987200000000e+07   4.997e+08   1.000e+00
    356  380558.041     371       0  -6.286992800000000e+07   6.132e+08   1.000e+00
    357  381603.355     372       0  -6.287001600000000e+07   1.294e+09   1.000e+00
    358  382643.306     373       0  -6.287009600000000e+07   5.881e+08   1.000e+00
    359  383681.848     374       0  -6.287015600000000e+07   5.394e+08   1.000e+00
    360  384718.626     375       0  -6.287021600000000e+07   5.874e+08   1.000e+00
    361  385762.960     376       0  -6.287030400000000e+07   1.497e+09   1.000e+00
    362  386806.143     377       0  -6.287040800000000e+07   6.224e+08   1.000e+00
    363  387845.725     378       0  -6.287046000000000e+07   4.987e+08   1.000e+00
    364  388877.981     379       0  -6.287053200000000e+07   6.300e+08   1.000e+00
    365  389909.220     380       0  -6.287062000000000e+07   1.105e+09   1.000e+00
    366  390939.949     381       0  -6.287070800000000e+07   6.377e+08   1.000e+00
    367  391972.649     382       0  -6.287075600000000e+07   4.744e+08   1.000e+00
    368  393005.263     383       0  -6.287082400000000e+07   5.799e+08   1.000e+00
    369  394037.296     384       0  -6.287088400000000e+07   8.758e+08   1.000e+00
    370  395069.135     385       0  -6.287094000000000e+07   5.627e+08   1.000e+00
    371  396100.013     386       0  -6.287100800000000e+07   4.773e+08   1.000e+00
    372  397141.595     387       0  -6.287106400000000e+07   5.548e+08   1.000e+00
    373  398180.185     388       0  -6.287112800000000e+07   8.443e+08   1.000e+00
    374  399238.732     389       0  -6.287117600000000e+07   6.157e+08   1.000e+00
    375  400280.842     390       0  -6.287122400000000e+07   5.074e+08   1.000e+00
    376  401327.933     391       0  -6.287128800000000e+07   5.275e+08   1.000e+00
    377  402370.651     392       0  -6.287137200000000e+07   1.195e+09   1.000e+00
    378  403419.915     393       0  -6.287144800000000e+07   6.021e+08   1.000e+00
    379  404464.876     394       0  -6.287151200000000e+07   4.620e+08   1.000e+00
    380  405508.012     395       0  -6.287156800000000e+07   5.227e+08   1.000e+00
    381  406552.586     396       0  -6.287164400000000e+07   1.232e+09   1.000e+00
    382  407596.352     397       0  -6.287170400000000e+07   5.132e+08   1.000e+00
    383  408640.110     398       0  -6.287174400000000e+07   4.605e+08   1.000e+00
    384  409696.658     399       0  -6.287180400000000e+07   5.785e+08   1.000e+00
    385  410740.673     400       0  -6.287187200000000e+07   1.303e+09   1.000e+00
    386  411784.590     401       0  -6.287194800000000e+07   6.316e+08   1.000e+00
    387  412828.998     402       0  -6.287199600000000e+07   4.388e+08   1.000e+00
    388  413883.997     403       0  -6.287204400000000e+07   5.014e+08   1.000e+00
    389  414930.123     404       0  -6.287210000000000e+07   9.825e+08   1.000e+00
    390  415980.598     405       0  -6.287216000000000e+07   5.543e+08   1.000e+00
    391  417030.601     406       0  -6.287219600000000e+07   4.710e+08   1.000e+00
    392  418090.368     407       0  -6.287224400000000e+07   5.998e+08   1.000e+00
    393  419141.604     408       0  -6.287227600000000e+07   1.170e+09   1.000e+00
    394  420183.304     409       0  -6.287233200000000e+07   5.395e+08   1.000e+00
    395  421244.284     410       0  -6.287238000000000e+07   4.677e+08   1.000e+00
    396  422292.385     411       0  -6.287242000000000e+07   5.455e+08   1.000e+00
    397  423337.244     412       0  -6.287248000000000e+07   1.073e+09   1.000e+00
    398  424390.125     413       0  -6.287254400000000e+07   6.503e+08   1.000e+00
    399  425436.185     414       0  -6.287258400000000e+07   4.284e+08   1.000e+00
    400  426479.961     415       0  -6.287262800000000e+07   5.000e+08   1.000e+00
    401  427526.561     416       0  -6.287266000000000e+07   8.861e+08   1.000e+00
    402  428589.799     417       0  -6.287270800000000e+07   5.766e+08   1.000e+00
    403  429638.452     418       0  -6.287277200000000e+07   5.104e+08   1.000e+00
    404  430690.503     419       0  -6.287282000000000e+07   6.382e+08   1.000e+00
    405  431754.238     420       0  -6.287287600000000e+07   7.492e+08   1.000e+00
    406  432805.702     421       0  -6.287292000000000e+07   5.612e+08   1.000e+00
    407  433855.807     422       0  -6.287295200000000e+07   5.153e+08   1.000e+00
    408  434940.554     423       0  -6.287301200000000e+07   5.553e+08   1.000e+00
    409  436039.963     424       0  -6.287304000000000e+07   1.230e+09   1.000e+00
    410  437143.025     425       0  -6.287309600000000e+07   5.385e+08   1.000e+00
    411  438214.347     426       0  -6.287314000000000e+07   4.333e+08   1.000e+00
    412  439267.485     427       0  -6.287316800000000e+07   4.951e+08   1.000e+00
    413  440325.548     428       0  -6.287321600000000e+07   1.028e+09   1.000e+00
    414  441376.424     429       0  -6.287327200000000e+07   5.057e+08   1.000e+00
    415  442429.895     430       0  -6.287330400000000e+07   4.379e+08   1.000e+00
    416  443483.575     431       0  -6.287336400000000e+07   5.199e+08   1.000e+00
    417  444538.879     432       0  -6.287340000000000e+07   1.436e+09   1.000e+00
    418  445597.501     433       0  -6.287346800000000e+07   6.176e+08   1.000e+00
    419  446656.104     434       0  -6.287350800000000e+07   4.253e+08   1.000e+00
    420  447711.750     435       0  -6.287354000000000e+07   5.122e+08   1.000e+00
    421  448766.469     436       0  -6.287360800000000e+07   7.297e+08   1.000e+00
    422  449822.208     437       0  -6.287363200000000e+07   1.209e+09   1.000e+00
    423  450885.554     438       0  -6.287368400000000e+07   4.397e+08   1.000e+00
    424  451941.303     439       0  -6.287371200000000e+07   4.048e+08   1.000e+00
    425  452998.226     440       0  -6.287373200000000e+07   5.189e+08   1.000e+00
    426  454052.201     441       0  -6.287378000000000e+07   8.794e+08   1.000e+00
    427  455108.234     442       0  -6.287381200000000e+07   6.745e+08   1.000e+00
    428  456168.601     443       0  -6.287384000000000e+07   4.161e+08   1.000e+00
    429  457233.648     444       0  -6.287388400000000e+07   4.194e+08   1.000e+00
    430  458293.597     445       0  -6.287390800000000e+07   5.775e+08   1.000e+00
    431  459355.154     446       0  -6.287394000000000e+07   4.601e+08   1.000e+00
    432  460426.827     447       0  -6.287396400000000e+07   5.329e+08   1.000e+00
    433  461483.608     448       0  -6.287399600000000e+07   5.180e+08   1.000e+00
    434  462545.529     449       0  -6.287402400000000e+07   4.518e+08   1.000e+00
    435  463610.745     450       0  -6.287406000000000e+07   4.581e+08   1.000e+00
    436  464658.217     451       0  -6.287408800000000e+07   9.036e+08   1.000e+00
    437  465710.315     452       0  -6.287412400000000e+07   4.836e+08   1.000e+00
    438  466756.904     453       0  -6.287415200000000e+07   4.124e+08   1.000e+00
    439  467800.556     454       0  -6.287416800000000e+07   4.800e+08   1.000e+00
    440  468844.131     455       0  -6.287418000000000e+07   9.889e+08   1.000e+00
    441  469890.414     456       0  -6.287422800000000e+07   4.053e+08   1.000e+00
    442  470937.229     457       0  -6.287424400000000e+07   3.749e+08   1.000e+00
    443  472000.048     458       0  -6.287427600000000e+07   4.686e+08   1.000e+00
    444  473057.985     459       0  -6.287432000000000e+07   8.503e+08   1.000e+00
    445  474109.870     460       0  -6.287437200000000e+07   5.410e+08   1.000e+00
    446  475182.793     461       0  -6.287440800000000e+07   3.928e+08   1.000e+00
    447  476242.666     462       0  -6.287444800000000e+07   5.522e+08   1.000e+00
    448  477298.660     463       0  -6.287447200000000e+07   6.057e+08   1.000e+00
    449  478360.523     464       0  -6.287449600000000e+07   4.552e+08   1.000e+00
    450  479426.512     465       0  -6.287454800000000e+07   5.172e+08   1.000e+00
    451  480481.189     466       0  -6.287457200000000e+07   7.560e+08   1.000e+00
    452  481537.641     467       0  -6.287460800000000e+07   5.019e+08   1.000e+00
    453  482602.890     468       0  -6.287465200000000e+07   3.835e+08   1.000e+00
    454  483667.742     469       0  -6.287467600000000e+07   4.603e+08   1.000e+00
    455  484742.790     470       0  -6.287472000000000e+07   4.845e+08   1.000e+00
    456  485820.770     471       0  -6.287474800000000e+07   7.096e+08   1.000e+00
    457  486932.225     472       0  -6.287478000000000e+07   5.123e+08   1.000e+00
    458  487974.354     473       0  -6.287483200000000e+07   4.447e+08   1.000e+00
    459  489002.875     474       0  -6.287486000000000e+07   7.056e+08   1.000e+00
    460  490036.187     475       0  -6.287490000000000e+07   4.996e+08   1.000e+00
    461  491068.874     476       0  -6.287494000000000e+07   4.676e+08   1.000e+00
    462  492097.914     477       0  -6.287496800000000e+07   6.169e+08   1.000e+00
    463  493130.063     478       0  -6.287499200000000e+07   4.462e+08   1.000e+00
    464  494161.396     479       0  -6.287504000000000e+07   4.574e+08   1.000e+00
    465  495193.903     480       0  -6.287506800000000e+07   6.915e+08   1.000e+00
    466  496229.115     481       0  -6.287510000000000e+07   5.178e+08   1.000e+00
    467  497258.873     482       0  -6.287514800000000e+07   5.525e+08   1.000e+00
    468  498293.141     483       0  -6.287518000000000e+07   6.068e+08   1.000e+00
    469  499323.694     484       0  -6.287519600000000e+07   4.659e+08   1.000e+00
    470  500357.794     485       0  -6.287526000000000e+07   5.106e+08   1.000e+00
    471  501389.686     486       0  -6.287528400000000e+07   8.094e+08   1.000e+00
    472  502422.779     487       0  -6.287531200000000e+07   5.211e+08   1.000e+00
    473  503455.807     488       0  -6.287536000000000e+07   4.039e+08   1.000e+00
    474  504489.756     489       0  -6.287538800000000e+07   4.139e+08   1.000e+00
    475  505524.730     490       0  -6.287542000000000e+07   1.132e+09   1.000e+00
    476  506556.159     491       0  -6.287547200000000e+07   4.305e+08   1.000e+00
    477  507588.624     492       0  -6.287550000000000e+07   3.480e+08   1.000e+00
    478  508621.583     493       0  -6.287553600000000e+07   4.644e+08   1.000e+00
    479  509657.335     494       0  -6.287555600000000e+07   1.014e+09   1.000e+00
    480  510689.210     495       0  -6.287560000000000e+07   4.828e+08   1.000e+00
    481  511720.971     496       0  -6.287562400000000e+07   3.719e+08   1.000e+00
    482  512753.665     497       0  -6.287564400000000e+07   4.076e+08   1.000e+00
    483  513786.782     498       0  -6.287567600000000e+07   1.017e+09   1.000e+00
    484  514820.611     499       0  -6.287572000000000e+07   3.717e+08   1.000e+00
    485  515850.967     500       0  -6.287574400000000e+07   3.533e+08   1.000e+00
    486  516886.025     501       0  -6.287578400000000e+07   4.928e+08   1.000e+00
    487  517921.471     502       0  -6.287580400000000e+07   1.063e+09   1.000e+00
    488  518953.849     503       0  -6.287585600000000e+07   4.910e+08   1.000e+00
    489  519995.904     504       0  -6.287588800000000e+07   3.755e+08   1.000e+00
    490  521040.353     505       0  -6.287590800000000e+07   4.235e+08   1.000e+00
    491  522079.569     506       0  -6.287594400000000e+07   9.683e+08   1.000e+00
    492  523118.249     507       0  -6.287599200000000e+07   4.526e+08   1.000e+00
    493  524162.805     508       0  -6.287602000000000e+07   3.595e+08   1.000e+00
    494  525206.931     509       0  -6.287605600000000e+07   4.495e+08   1.000e+00
    495  526250.876     510       0  -6.287608400000000e+07   9.270e+08   1.000e+00
    496  527293.506     511       0  -6.287612400000000e+07   4.553e+08   1.000e+00
    497  528330.330     512       0  -6.287616400000000e+07   3.981e+08   1.000e+00
    498  529373.717     513       0  -6.287619200000000e+07   4.473e+08   1.000e+00
    499  530418.995     514       0  -6.287624800000000e+07   8.089e+08   1.000e+00
    500  531461.940     515       0  -6.287630400000000e+07   6.528e+08   1.000e+00
    501  532498.252     516       0  -6.287632800000000e+07   3.464e+08   1.000e+00
    502  533541.827     517       0  -6.287636400000000e+07   3.917e+08   1.000e+00
    503  534586.322     518       0  -6.287638800000000e+07   4.835e+08   1.000e+00
    504  535629.769     519       0  -6.287644400000000e+07   6.406e+08   1.000e+00
    505  536674.160     520       0  -6.287649200000000e+07   4.199e+08   1.000e+00
    506  537718.562     521       0  -6.287654800000000e+07   4.097e+08   1.000e+00
    507  538762.701     522       0  -6.287657600000000e+07   6.266e+08   1.000e+00
    508  539806.240     523       0  -6.287660800000000e+07   4.088e+08   1.000e+00
    509  540850.459     524       0  -6.287665200000000e+07   4.557e+08   1.000e+00
    510  541889.969     525       0  -6.287669200000000e+07   5.314e+08   1.000e+00
    511  542919.950     526       0  -6.287672800000000e+07   4.462e+08   1.000e+00
    512  543947.804     527       0  -6.287676800000000e+07   8.935e+08   1.000e+00
    513  544989.874     528       0  -6.287681200000000e+07   4.002e+08   1.000e+00
    514  546034.139     529       0  -6.287682800000000e+07   3.975e+08   1.000e+00
    515  547079.251     530       0  -6.287686400000000e+07   4.669e+08   1.000e+00
    516  548131.392     531       0  -6.287688800000000e+07   1.171e+09   1.000e+00
    517  549171.747     532       0  -6.287693600000000e+07   4.733e+08   1.000e+00
    518  550211.813     533       0  -6.287696000000000e+07   3.351e+08   1.000e+00
    519  551254.579     534       0  -6.287698800000000e+07   3.844e+08   1.000e+00
    520  552284.124     535       0  -6.287702000000000e+07   6.925e+08   1.000e+00
    521  553326.626     536       0  -6.287705600000000e+07   4.280e+08   1.000e+00
    522  554370.482     537       0  -6.287708000000000e+07   3.587e+08   1.000e+00
    523  555414.420     538       0  -6.287710400000000e+07   5.092e+08   1.000e+00
    524  556458.245     539       0  -6.287712800000000e+07   8.291e+08   1.000e+00
    525  557502.027     540       0  -6.287716000000000e+07   4.393e+08   1.000e+00
    526  558539.439     541       0  -6.287719200000000e+07   3.695e+08   1.000e+00
    527  559581.783     542       0  -6.287721200000000e+07   3.998e+08   1.000e+00
    528  560626.419     543       0  -6.287723200000000e+07   1.113e+09   1.000e+00
    529  561670.773     544       0  -6.287728000000000e+07   3.882e+08   1.000e+00
    530  562714.971     545       0  -6.287729600000000e+07   3.000e+08   1.000e+00
    531  563758.354     546       0  -6.287731200000000e+07   3.635e+08   1.000e+00
    532  564802.866     547       0  -6.287735600000000e+07   5.043e+08   1.000e+00
    533  565841.260     548       0  -6.287738400000000e+07   8.529e+08   1.000e+00
    534  566881.754     549       0  -6.287742000000000e+07   3.466e+08   1.000e+00
    535  567920.410     550       0  -6.287743200000000e+07   3.396e+08   1.000e+00
    536  568961.396     551       0  -6.287746000000000e+07   3.983e+08   1.000e+00
    537  570001.618     552       0  -6.287747600000000e+07   1.189e+09   1.000e+00
    538  571035.834     553       0  -6.287751600000000e+07   4.301e+08   1.000e+00
    539  572076.673     554       0  -6.287753600000000e+07   2.976e+08   1.000e+00
    540  573117.387     555       0  -6.287756400000000e+07   3.696e+08   1.000e+00
    541  574158.238     556       0  -6.287760400000000e+07   4.187e+08   1.000e+00
    542  575211.789     557       0  -6.287761200000000e+07   1.277e+09   1.000e+00
    543  576259.828     558       0  -6.287766000000000e+07   3.334e+08   1.000e+00
    544  577304.854     559       0  -6.287767600000000e+07   2.902e+08   1.000e+00
    545  578360.771     560       0  -6.287770400000000e+07   3.738e+08   1.000e+00
    546  579415.003     561       0  -6.287774800000000e+07   9.360e+08   1.000e+00
    547  580479.212     562       0  -6.287778400000000e+07   4.689e+08   1.000e+00
    548  581530.582     563       0  -6.287781200000000e+07   3.414e+08   1.000e+00
    549  582581.932     564       0  -6.287783200000000e+07   3.890e+08   1.000e+00
    550  583643.801     565       0  -6.287787200000000e+07   5.556e+08   1.000e+00
    551  584693.751     566       0  -6.287790000000000e+07   7.597e+08   1.000e+00
    552  585741.574     567       0  -6.287792800000000e+07   3.692e+08   1.000e+00
    553  586801.299     568       0  -6.287795200000000e+07   3.589e+08   1.000e+00
    554  587855.450     569       0  -6.287798000000000e+07   3.943e+08   1.000e+00
    555  588938.765     570       0  -6.287800800000000e+07   9.687e+08   1.000e+00
    556  590030.459     571       0  -6.287805200000000e+07   3.585e+08   1.000e+00
    557  591127.388     572       0  -6.287807200000000e+07   3.115e+08   1.000e+00
    558  592224.236     573       0  -6.287810400000000e+07   3.568e+08   1.000e+00
    559  593328.491     574       0  -6.287814000000000e+07   7.876e+08   1.000e+00
    560  594399.278     575       0  -6.287817200000000e+07   4.455e+08   1.000e+00
    561  595472.011     576       0  -6.287820000000000e+07   3.298e+08   1.000e+00
    562  596535.902     577       0  -6.287824400000000e+07   4.046e+08   1.000e+00
    563  597607.488     578       0  -6.287826400000000e+07   7.522e+08   1.000e+00
    564  598664.878     579       0  -6.287828800000000e+07   3.574e+08   1.000e+00
    565  599726.758     580       0  -6.287831200000000e+07   3.293e+08   1.000e+00
    566  600794.892     581       0  -6.287833200000000e+07   3.823e+08   1.000e+00
    567  601851.285     582       0  -6.287837600000000e+07   8.464e+08   1.000e+00
    568  602910.861     583       0  -6.287841200000000e+07   4.711e+08   1.000e+00
    569  603971.984     584       0  -6.287843600000000e+07   3.090e+08   1.000e+00
    570  605032.164     585       0  -6.287846400000000e+07   3.279e+08   1.000e+00
    571  606111.470     586       0  -6.287848800000000e+07   4.885e+08   1.000e+00
    572  607176.337     587       0  -6.287852400000000e+07   3.998e+08   1.000e+00
    573  608248.437     588       0  -6.287855200000000e+07   3.446e+08   1.000e+00
    574  609309.054     589       0  -6.287857600000000e+07   5.114e+08   1.000e+00
    575  610364.438     590       0  -6.287860000000000e+07   3.647e+08   1.000e+00
    576  611483.317     591       0  -6.287861600000000e+07   3.489e+08   1.000e+00
    577  612517.780     592       0  -6.287864400000000e+07   5.655e+08   1.000e+00
    578  613553.444     593       0  -6.287866800000000e+07   4.463e+08   1.000e+00
    579  614589.104     594       0  -6.287868400000000e+07   3.342e+08   1.000e+00
    580  615622.158     595       0  -6.287871200000000e+07   3.348e+08   1.000e+00
    581  616655.375     596       0  -6.287872800000000e+07   5.698e+08   1.000e+00
    582  617687.784     597       0  -6.287875200000000e+07   3.356e+08   1.000e+00
    583  618721.231     598       0  -6.287877200000000e+07   2.837e+08   1.000e+00
    584  619764.262     599       0  -6.287878000000000e+07   3.307e+08   1.000e+00
    585  620797.291     600       0  -6.287879200000000e+07   7.441e+08   1.000e+00
    586  621833.810     601       0  -6.287882400000000e+07   3.578e+08   1.000e+00
    587  622870.229     602       0  -6.287884400000000e+07   3.171e+08   1.000e+00
    588  623904.630     603       0  -6.287887200000000e+07   3.722e+08   1.000e+00
    589  625925.168     605       0  -6.287888400000000e+07   4.747e+08   5.000e-01
    590  626943.262     606       0  -6.287890000000000e+07   3.675e+08   1.000e+00
    591  627963.668     607       0  -6.287892400000000e+07   3.677e+08   1.000e+00
    592  628982.585     608       0  -6.287893200000000e+07   6.060e+08   1.000e+00
    593  630000.415     609       0  -6.287894800000000e+07   2.879e+08   1.000e+00
    594  631019.739     610       0  -6.287896800000000e+07   2.941e+08   1.000e+00
    595  632039.690     611       0  -6.287898000000000e+07   3.577e+08   1.000e+00
    596  633059.534     612       0  -6.287900000000000e+07   9.076e+08   1.000e+00
    597  634079.383     613       0  -6.287902800000000e+07   3.808e+08   1.000e+00
    598  635098.521     614       0  -6.287904000000000e+07   2.799e+08   1.000e+00
    599  636116.491     615       0  -6.287906000000000e+07   2.971e+08   1.000e+00
    600  637136.317     616       0  -6.287908400000000e+07   4.947e+08   1.000e+00
    601  638155.246     617       0  -6.287910800000000e+07   3.853e+08   1.000e+00
    602  639175.051     618       0  -6.287912400000000e+07   2.849e+08   1.000e+00
    603  640195.002     619       0  -6.287915200000000e+07   3.455e+08   1.000e+00
    604  641210.939     620       0  -6.287916800000000e+07   6.739e+08   1.000e+00
    605  642230.674     621       0  -6.287918400000000e+07   3.378e+08   1.000e+00
    606  643249.923     622       0  -6.287921200000000e+07   3.094e+08   1.000e+00
    607  644269.542     623       0  -6.287922400000000e+07   3.333e+08   1.000e+00
    608  645287.212     624       0  -6.287923600000000e+07   9.523e+08   1.000e+00
    609  646303.774     625       0  -6.287927200000000e+07   3.284e+08   1.000e+00
    610  647322.821     626       0  -6.287928400000000e+07   2.677e+08   1.000e+00
    611  648340.062     627       0  -6.287930000000000e+07   3.419e+08   1.000e+00
    612  649359.797     628       0  -6.287932800000000e+07   4.993e+08   1.000e+00
    613  650379.875     629       0  -6.287935600000000e+07   7.869e+08   1.000e+00
    614  651399.497     630       0  -6.287938400000000e+07   3.060e+08   1.000e+00
    615  652419.487     631       0  -6.287938800000000e+07   2.969e+08   1.000e+00
    616  653438.989     632       0  -6.287940800000000e+07   3.513e+08   1.000e+00
    617  654458.613     633       0  -6.287942400000000e+07   1.055e+09   1.000e+00
    618  655475.232     634       0  -6.287945600000000e+07   4.268e+08   1.000e+00
    619  656492.214     635       0  -6.287946400000000e+07   2.800e+08   1.000e+00
    620  657512.688     636       0  -6.287948800000000e+07   3.458e+08   1.000e+00
    621  658531.073     637       0  -6.287951200000000e+07   3.926e+08   1.000e+00
    622  659547.529     638       0  -6.287952400000000e+07   1.141e+09   1.000e+00
    623  660564.155     639       0  -6.287956400000000e+07   3.570e+08   1.000e+00
    624  661583.128     640       0  -6.287957200000000e+07   2.547e+08   1.000e+00
    625  662602.122     641       0  -6.287959600000000e+07   3.304e+08   1.000e+00
    626  663623.070     642       0  -6.287962000000000e+07   4.441e+08   1.000e+00
    627  664643.449     643       0  -6.287963200000000e+07   9.064e+08   1.000e+00
    628  665662.844     644       0  -6.287965600000000e+07   2.811e+08   1.000e+00
    629  666683.552     645       0  -6.287966800000000e+07   2.449e+08   1.000e+00
    630  667702.630     646       0  -6.287968000000000e+07   3.091e+08   1.000e+00
    631  668726.179     647       0  -6.287969600000000e+07   7.527e+08   1.000e+00
    632  669743.332     648       0  -6.287971200000000e+07   3.643e+08   1.000e+00
    633  670755.262     649       0  -6.287973600000000e+07   2.601e+08   1.000e+00
    634  671766.681     650       0  -6.287974800000000e+07   2.885e+08   1.000e+00
    635  672778.957     651       0  -6.287976000000000e+07   5.959e+08   1.000e+00
    636  673796.135     652       0  -6.287978000000000e+07   2.929e+08   1.000e+00
    637  674815.223     653       0  -6.287979600000000e+07   2.472e+08   1.000e+00
    638  675834.878     654       0  -6.287981200000000e+07   3.354e+08   1.000e+00
    639  676851.106     655       0  -6.287982400000000e+07   7.394e+08   1.000e+00
    640  677871.539     656       0  -6.287984800000000e+07   3.565e+08   1.000e+00
    641  678891.237     657       0  -6.287986800000000e+07   2.703e+08   1.000e+00
    642  679911.600     658       0  -6.287988000000000e+07   3.037e+08   1.000e+00
    643  680929.785     659       0  -6.287990800000000e+07   6.577e+08   1.000e+00
    644  681946.275     660       0  -6.287992800000000e+07   3.617e+08   1.000e+00
    645  682966.486     661       0  -6.287993600000000e+07   2.531e+08   1.000e+00
    646  683986.905     662       0  -6.287994800000000e+07   3.007e+08   1.000e+00
    647  685007.561     663       0  -6.287996400000000e+07   5.600e+08   1.000e+00
    648  686026.696     664       0  -6.287997600000000e+07   3.236e+08   1.000e+00
    649  687043.548     665       0  -6.287999200000000e+07   2.775e+08   1.000e+00
    650  688063.902     666       0  -6.288000400000000e+07   3.065e+08   1.000e+00
    651  690068.112     668       0  -6.288001600000000e+07   4.865e+08   5.000e-01
    652  691079.443     669       0  -6.288003200000000e+07   2.985e+08   1.000e+00
    653  692092.264     670       0  -6.288004000000000e+07   2.879e+08   1.000e+00
    654  693103.939     671       0  -6.288006400000000e+07   3.389e+08   1.000e+00
    655  694115.445     672       0  -6.288007200000000e+07   4.258e+08   1.000e+00
    656  695127.435     673       0  -6.288009200000000e+07   3.185e+08   1.000e+00
    657  696139.005     674       0  -6.288011600000000e+07   3.342e+08   1.000e+00
    658  697151.216     675       0  -6.288012800000000e+07   4.169e+08   1.000e+00
    659  698163.606     676       0  -6.288014800000000e+07   3.091e+08   1.000e+00
    660  699176.014     677       0  -6.288016000000000e+07   3.017e+08   1.000e+00
    661  700195.363     678       0  -6.288016800000000e+07   4.249e+08   1.000e+00
    662  701215.349     679       0  -6.288018400000000e+07   3.094e+08   1.000e+00
    663  702235.206     680       0  -6.288020400000000e+07   3.640e+08   1.000e+00
    664  703254.520     681       0  -6.288021200000000e+07   4.099e+08   1.000e+00
    665  704275.879     682       0  -6.288022400000000e+07   3.193e+08   1.000e+00
    666  705292.850     683       0  -6.288024000000000e+07   3.315e+08   1.000e+00
    667  707298.754     685       0  -6.288024400000000e+07   2.950e+08   5.000e-01
    668  708310.602     686       0  -6.288026400000000e+07   3.441e+08   1.000e+00
    669  709323.576     687       0  -6.288028000000000e+07   3.821e+08   1.000e+00
    670  711322.185     689       0  -6.288029600000000e+07   3.252e+08   5.000e-01
    671  730081.201     708       0  -6.288029600000000e+07   3.252e+08   1.905e-06
# Termination: function reduction test satisfied
# Iter.   Time (ms)    Eval. Reject.       Obj. Func.           Grad.       Step
# ---------------------------------------------------------------------------------
      0     984.706       1       0  -6.237932800000000e+07   1.121e+10   0.000e+00
      1   12830.918      13       0  -6.243634400000000e+07   2.144e+10   6.630e-16
      2   13838.168      14       0  -6.248187600000000e+07   1.407e+10   1.000e+00
      3   14846.639      15       0  -6.253840400000000e+07   1.543e+10   1.000e+00
      4   15855.549      16       0  -6.259659200000000e+07   1.868e+10   1.000e+00
      5   16865.713      17       0  -6.263174800000000e+07   2.339e+10   1.000e+00
      6   17876.843      18       0  -6.266922000000000e+07   1.107e+10   1.000e+00
      7   18887.457      19       0  -6.268668000000000e+07   9.022e+09   1.000e+00
      8   19898.053      20       0  -6.270282400000000e+07   9.384e+09   1.000e+00
      9   20909.168      21       0  -6.272049600000000e+07   1.068e+10   1.000e+00
     10   21920.002      22       0  -6.272951200000000e+07   8.042e+09   1.000e+00
     11   22931.050      23       0  -6.273466800000000e+07   5.984e+09   1.000e+00
     12   23942.537      24       0  -6.274297200000000e+07   5.245e+09   1.000e+00
     13   24953.710      25       0  -6.274818800000000e+07   9.890e+09   1.000e+00
     14   25965.618      26       0  -6.275260400000000e+07   4.586e+09   1.000e+00
     15   26976.957      27       0  -6.275584800000000e+07   3.668e+09   1.000e+00
     16   27993.843      28       0  -6.275877600000000e+07   3.910e+09   1.000e+00
     17   29005.637      29       0  -6.276376000000000e+07   6.990e+09   1.000e+00
     18   30017.508      30       0  -6.276770800000000e+07   4.287e+09   1.000e+00
     19   31029.092      31       0  -6.276927600000000e+07   2.950e+09   1.000e+00
     20   32048.782      32       0  -6.277235600000000e+07   2.889e+09   1.000e+00
     21   33069.635      33       0  -6.277497600000000e+07   5.963e+09   1.000e+00
     22   34080.685      34       0  -6.277722800000000e+07   3.202e+09   1.000e+00
     23   35091.378      35       0  -6.277977200000000e+07   2.667e+09   1.000e+00
     24   36104.308      36       0  -6.278165200000000e+07   2.910e+09   1.000e+00
     25   37116.094      37       0  -6.278437600000000e+07   6.932e+09   1.000e+00
     26   38126.954      38       0  -6.278676800000000e+07   2.598e+09   1.000e+00
     27   39146.158      39       0  -6.278767600000000e+07   2.296e+09   1.000e+00
     28   40158.708      40       0  -6.278949200000000e+07   2.815e+09   1.000e+00
     29   41170.811      41       0  -6.279062000000000e+07   7.173e+09   1.000e+00
     30   42191.097      42       0  -6.279224800000000e+07   2.542e+09   1.000e+00
     31   43221.262      43       0  -6.279311600000000e+07   1.834e+09   1.000e+00
     32   44253.810      44       0  -6.279424400000000e+07   2.310e+09   1.000e+00
     33   45284.938      45       0  -6.279604800000000e+07   2.745e+09   1.000e+00
     34   46312.575      46       0  -6.279662000000000e+07   7.747e+09   1.000e+00
     35   47346.066      47       0  -6.279872000000000e+07   1.882e+09   1.000e+00
     36   48376.892      48       0  -6.279919200000000e+07   1.582e+09   1.000e+00
     37   49393.587      49       0  -6.280026400000000e+07   2.072e+09   1.000e+00
     38   50405.780      50       0  -6.280130800000000e+07   5.433e+09   1.000e+00
     39   51421.932      51       0  -6.280242400000000e+07   2.470e+09   1.000e+00
     40   52438.453      52       0  -6.280326800000000e+07   1.756e+09   1.000e+00
     41   53454.918      53       0  -6.280390400000000e+07   1.981e+09   1.000e+00
     42   54470.998      54       0  -6.280518000000000e+07   2.322e+09   1.000e+00
     43   55486.709      55       0  -6.280549200000000e+07   6.690e+09   1.000e+00
     44   56502.732      56       0  -6.280693600000000e+07   1.918e+09   1.000e+00
     45   57519.297      57       0  -6.280733600000000e+07   1.359e+09   1.000e+00
     46   58536.384      58       0  -6.280812400000000e+07   1.742e+09   1.000e+00
     47   59564.663      59       0  -6.280903600000000e+07   2.832e+09   1.000e+00
     48   60582.518      60       0  -6.280994000000000e+07   1.859e+09   1.000e+00
     49   61623.666      61       0  -6.281054400000000e+07   1.475e+09   1.000e+00
     50   62650.686      62       0  -6.281128000000000e+07   2.034e+09   1.000e+00
     51   63689.365      63       0  -6.281191600000000e+07   2.029e+09   1.000e+00
     52   64725.225      64       0  -6.281253200000000e+07   1.606e+09   1.000e+00
     53   65746.528      65       0  -6.281352000000000e+07   2.691e+09   1.000e+00
     54   66782.112      66       0  -6.281409600000000e+07   2.351e+09   1.000e+00
     55   67810.955      67       0  -6.281437200000000e+07   1.469e+09   1.000e+00
     56   68858.768      68       0  -6.281496800000000e+07   1.226e+09   1.000e+00
     57   69897.546      69       0  -6.281564800000000e+07   1.756e+09   1.000e+00
     58   70937.967      70       0  -6.281659200000000e+07   3.179e+09   1.000e+00
     59   71975.345      71       0  -6.281727200000000e+07   1.502e+09   1.000e+00
     60   73013.741      72       0  -6.281768400000000e+07   1.378e+09   1.000e+00
     61   74048.982      73       0  -6.281828800000000e+07   1.523e+09   1.000e+00
     62   75084.316      74       0  -6.281894000000000e+07   3.879e+09   1.000e+00
     63   76118.597      75       0  -6.281945600000000e+07   1.595e+09   1.000e+00
     64   77157.493      76       0  -6.281991200000000e+07   1.288e+09   1.000e+00
     65   78194.596      77       0  -6.282045600000000e+07   1.622e+09   1.000e+00
     66   79229.582      78       0  -6.282128800000000e+07   2.510e+09   1.000e+00
     67   80268.076      79       0  -6.282214800000000e+07   2.229e+09   1.000e+00
     68   81305.618      80       0  -6.282260000000000e+07   1.405e+09   1.000e+00
     69   82345.881      81       0  -6.282328800000000e+07   1.623e+09   1.000e+00
     70   83386.095      82       0  -6.282384400000000e+07   2.158e+09   1.000e+00
     71   84423.998      83       0  -6.282451600000000e+07   1.666e+09   1.000e+00
     72   85450.409      84       0  -6.282550400000000e+07   1.703e+09   1.000e+00
     73   86475.650      85       0  -6.282581600000000e+07   4.595e+09   1.000e+00
     74   87504.266      86       0  -6.282645200000000e+07   1.512e+09   1.000e+00
     75   88542.127      87       0  -6.282670800000000e+07   1.135e+09   1.000e+00
     76   89572.140      88       0  -6.282718400000000e+07   1.467e+09   1.000e+00
     77   90598.240      89       0  -6.282787200000000e+07   2.019e+09   1.000e+00
     78   91627.515      90       0  -6.282844000000000e+07   3.134e+09   1.000e+00
     79   92665.915      91       0  -6.282894000000000e+07   1.280e+09   1.000e+00
     80   93704.931      92       0  -6.282918800000000e+07   1.208e+09   1.000e+00
     81   94743.271      93       0  -6.282953600000000e+07   1.421e+09   1.000e+00
     82   95781.983      94       0  -6.282968000000000e+07   4.044e+09   1.000e+00
     83   96819.900      95       0  -6.283016000000000e+07   1.372e+09   1.000e+00
     84   97858.183      96       0  -6.283037600000000e+07   9.987e+08   1.000e+00
     85   98900.121      97       0  -6.283059600000000e+07   1.257e+09   1.000e+00
     86   99945.761      98       0  -6.283086400000000e+07   1.863e+09   1.000e+00
     87  100991.253      99       0  -6.283114400000000e+07   1.424e+09   1.000e+00
     88  102038.707     100       0  -6.283139200000000e+07   9.939e+08   1.000e+00
     89  103086.397     101       0  -6.283180400000000e+07   1.276e+09   1.000e+00
     90  104131.201     102       0  -6.283207600000000e+07   2.239e+09   1.000e+00
     91  105177.567     103       0  -6.283240000000000e+07   1.347e+09   1.000e+00
     92  106222.042     104       0  -6.283276000000000e+07   1.081e+09   1.000e+00
     93  107267.253     105       0  -6.283301200000000e+07   1.424e+09   1.000e+00
     94  108313.060     106       0  -6.283330800000000e+07   1.370e+09   1.000e+00
     95  109363.407     107       0  -6.283354400000000e+07   1.080e+09   1.000e+00
     96  110410.859     108       0  -6.283382000000000e+07   1.175e+09   1.000e+00
     97  111455.273     109       0  -6.283409600000000e+07   1.461e+09   1.000e+00
     98  112502.285     110       0  -6.283441200000000e+07   1.321e+09   1.000e+00
     99  113550.475     111       0  -6.283470000000000e+07   1.366e+09   1.000e+00
    100  114598.691     112       0  -6.283493200000000e+07   1.223e+09   1.000e+00
    101  115647.126     113       0  -6.283510400000000e+07   1.035e+09   1.000e+00
    102  116695.612     114       0  -6.283532000000000e+07   9.823e+08   1.000e+00
    103  117742.492     115       0  -6.283552400000000e+07   2.031e+09   1.000e+00
    104  118788.102     116       0  -6.283574400000000e+07   1.036e+09   1.000e+00
    105  119833.984     117       0  -6.283588400000000e+07   9.346e+08   1.000e+00
    106  120879.718     118       0  -6.283604000000000e+07   1.149e+09   1.000e+00
    107  121928.042     119       0  -6.283619200000000e+07   2.005e+09   1.000e+00
    108  122976.780     120       0  -6.283639600000000e+07   9.894e+08   1.000e+00
    109  124014.668     121       0  -6.283655600000000e+07   9.712e+08   1.000e+00
    110  125063.325     122       0  -6.283674400000000e+07   1.145e+09   1.000e+00
    111  126097.654     123       0  -6.283690800000000e+07   3.028e+09   1.000e+00
    112  127146.193     124       0  -6.283722000000000e+07   1.250e+09   1.000e+00
    113  128191.403     125       0  -6.283740000000000e+07   9.048e+08   1.000e+00
    114  129238.355     126       0  -6.283756400000000e+07   1.069e+09   1.000e+00
    115  130272.204     127       0  -6.283785200000000e+07   1.382e+09   1.000e+00
    116  131319.075     128       0  -6.283796400000000e+07   2.726e+09   1.000e+00
    117  132366.259     129       0  -6.283829600000000e+07   1.010e+09   1.000e+00
    118  133416.024     130       0  -6.283846000000000e+07   9.864e+08   1.000e+00
    119  134451.433     131       0  -6.283872800000000e+07   1.243e+09   1.000e+00
    120  135498.868     132       0  -6.283902000000000e+07   2.695e+09   1.000e+00
    121  136547.595     133       0  -6.283934400000000e+07   1.377e+09   1.000e+00
    122  137594.564     134       0  -6.283954000000000e+07   1.000e+09   1.000e+00
    123  138640.502     135       0  -6.283976800000000e+07   1.125e+09   1.000e+00
    124  139686.062     136       0  -6.284002800000000e+07   1.546e+09   1.000e+00
    125  140736.108     137       0  -6.284029600000000e+07   1.589e+09   1.000e+00
    126  141780.289     138       0  -6.284050800000000e+07   1.002e+09   1.000e+00
    127  142827.573     139       0  -6.284080400000000e+07   1.100e+09   1.000e+00
    128  143861.406     140       0  -6.284103200000000e+07   1.375e+09   1.000e+00
    129  144896.904     141       0  -6.284134800000000e+07   1.069e+09   1.000e+00
    130  145933.901     142       0  -6.284164000000000e+07   1.657e+09   1.000e+00
    131  146967.272     143       0  -6.284188400000000e+07   1.004e+09   1.000e+00
    132  148007.000     144       0  -6.284202800000000e+07   9.135e+08   1.000e+00
    133  149040.835     145       0  -6.284229200000000e+07   1.364e+09   1.000e+00
    134  150077.480     146       0  -6.284249600000000e+07   1.839e+09   1.000e+00
    135  151112.007     147       0  -6.284268800000000e+07   1.168e+09   1.000e+00
    136  152145.244     148       0  -6.284302400000000e+07   9.436e+08   1.000e+00
    137  153181.246     149       0  -6.284324000000000e+07   1.133e+09   1.000e+00
    138  154224.154     150       0  -6.284356000000000e+07   1.343e+09   1.000e+00
    139  155268.355     151       0  -6.284378000000000e+07   1.208e+09   1.000e+00
    140  156314.963     152       0  -6.284396800000000e+07   1.213e+09   1.000e+00
    141  157360.446     153       0  -6.284430000000000e+07   1.404e+09   1.000e+00
    142  158408.057     154       0  -6.284456800000000e+07   2.287e+09   1.000e+00
    143  159451.848     155       0  -6.284480800000000e+07   1.264e+09   1.000e+00
    144  160494.791     156       0  -6.284508800000000e+07   9.439e+08   1.000e+00
    145  161538.290     157       0  -6.284525600000000e+07   1.056e+09   1.000e+00
    146  162585.948     158       0  -6.284556400000000e+07   1.811e+09   1.000e+00
    147  163630.089     159       0  -6.284582800000000e+07   1.165e+09   1.000e+00
    148  164664.061     160       0  -6.284600000000000e+07   1.132e+09   1.000e+00
    149  165699.211     161       0  -6.284632000000000e+07   1.300e+09   1.000e+00
    150  166731.736     162       0  -6.284646000000000e+07   2.602e+09   1.000e+00
    151  167762.948     163       0  -6.284670400000000e+07   1.003e+09   1.000e+00
    152  168795.656     164       0  -6.284684000000000e+07   8.393e+08   1.000e+00
    153  169828.481     165       0  -6.284704400000000e+07   1.052e+09   1.000e+00
    154  170856.316     166       0  -6.284724800000000e+07   2.286e+09   1.000e+00
    155  171888.387     167       0  -6.284749600000000e+07   9.698e+08   1.000e+00
    156  172931.244     168       0  -6.284764800000000e+07   8.237e+08   1.000e+00
    157  173978.280     169       0  -6.284781200000000e+07   9.621e+08   1.000e+00
    158  175011.973     170       0  -6.284803600000000e+07   2.073e+09   1.000e+00
    159  176058.694     171       0  -6.284828800000000e+07   1.143e+09   1.000e+00
    160  177102.352     172       0  -6.284851200000000e+07   9.098e+08   1.000e+00
    161  178148.011     173       0  -6.284872000000000e+07   1.161e+09   1.000e+00
    162  179195.555     174       0  -6.284889200000000e+07   2.308e+09   1.000e+00
    163  180229.904     175       0  -6.284910800000000e+07   1.037e+09   1.000e+00
    164  181276.116     176       0  -6.284926000000000e+07   8.886e+08   1.000e+00
    165  182323.180     177       0  -6.284941600000000e+07   1.018e+09   1.000e+00
    166  183368.451     178       0  -6.284971600000000e+07   1.532e+09   1.000e+00
    167  184404.560     179       0  -6.284990400000000e+07   2.077e+09   1.000e+00
    168  185459.382     180       0  -6.285010000000000e+07   8.510e+08   1.000e+00
    169  186513.025     181       0  -6.285021200000000e+07   8.236e+08   1.000e+00
    170  187565.367     182       0  -6.285034800000000e+07   9.972e+08   1.000e+00
    171  188624.221     183       0  -6.285045200000000e+07   2.733e+09   1.000e+00
    172  189689.553     184       0  -6.285067600000000e+07   1.018e+09   1.000e+00
    173  190747.535     185       0  -6.285079200000000e+07   7.357e+08   1.000e+00
    174  191788.066     186       0  -6.285089200000000e+07   8.786e+08   1.000e+00
    175  192829.480     187       0  -6.285108000000000e+07   1.211e+09   1.000e+00
    176  193875.328     188       0  -6.285121600000000e+07   1.994e+09   1.000e+00
    177  194922.682     189       0  -6.285141600000000e+07   7.952e+08   1.000e+00
    178  195970.401     190       0  -6.285152000000000e+07   8.694e+08   1.000e+00
    179  197014.950     191       0  -6.285169200000000e+07   1.070e+09   1.000e+00
    180  198060.096     192       0  -6.285181600000000e+07   2.864e+09   1.000e+00
    181  199102.142     193       0  -6.285205600000000e+07   1.113e+09   1.000e+00
    182  200150.305     194       0  -6.285216800000000e+07   7.634e+08   1.000e+00
    183  201192.835     195       0  -6.285226800000000e+07   8.854e+08   1.000e+00
    184  202242.754     196       0  -6.285244800000000e+07   9.925e+08   1.000e+00
    185  203290.633     197       0  -6.285256400000000e+07   2.510e+09   1.000e+00
    186  204338.973     198       0  -6.285278400000000e+07   8.564e+08   1.000e+00
    187  205386.078     199       0  -6.285289200000000e+07   6.702e+08   1.000e+00
    188  206430.543     200       0  -6.285300400000000e+07   8.365e+08   1.000e+00
    189  207478.307     201       0  -6.285310400000000e+07   2.148e+09   1.000e+00
    190  208532.224     202       0  -6.285326400000000e+07   1.055e+09   1.000e+00
    191  209578.790     203       0  -6.285337600000000e+07   7.094e+08   1.000e+00
    192  210626.368     204       0  -6.285344800000000e+07   7.966e+08   1.000e+00
    193  211670.275     205       0  -6.285356000000000e+07   1.488e+09   1.000e+00
    194  212716.332     206       0  -6.285367200000000e+07   9.896e+08   1.000e+00
    195  213761.709     207       0  -6.285376400000000e+07   6.964e+08   1.000e+00
    196  214807.728     208       0  -6.285389200000000e+07   7.572e+08   1.000e+00
    197  215853.413     209       0  -6.285397200000000e+07   1.342e+09   1.000e+00
    198  216902.582     210       0  -6.285408400000000e+07   8.664e+08   1.000e+00
    199  217947.153     211       0  -6.285420000000000e+07   7.588e+08   1.000e+00
    200  219010.048     212       0  -6.285425600000000e+07   1.088e+09   1.000e+00
    201  220055.277     213       0  -6.285434800000000e+07   8.526e+08   1.000e+00
    202  221103.034     214       0  -6.285448800000000e+07   1.094e+09   1.000e+00
    203  222151.588     215       0  -6.285456800000000e+07   1.246e+09   1.000e+00
    204  223197.745     216       0  -6.285464800000000e+07   7.995e+08   1.000e+00
    205  224243.389     217       0  -6.285479200000000e+07   7.119e+08   1.000e+00
    206  225290.912     218       0  -6.285489200000000e+07   8.065e+08   1.000e+00
    207  226339.147     219       0  -6.285493200000000e+07   2.495e+09   1.000e+00
    208  227387.718     220       0  -6.285514000000000e+07   7.133e+08   1.000e+00
    209  228437.446     221       0  -6.285519200000000e+07   5.913e+08   1.000e+00
    210  229499.014     222       0  -6.285528000000000e+07   7.498e+08   1.000e+00
    211  230556.027     223       0  -6.285540400000000e+07   1.376e+09   1.000e+00
    212  231614.499     224       0  -6.285554400000000e+07   8.913e+08   1.000e+00
    213  232674.041     225       0  -6.285566000000000e+07   6.804e+08   1.000e+00
    214  233731.932     226       0  -6.285576800000000e+07   9.971e+08   1.000e+00
    215  234790.794     227       0  -6.285585200000000e+07   7.830e+08   1.000e+00
    216  235831.778     228       0  -6.285594800000000e+07   7.564e+08   1.000e+00
    217  236872.755     229       0  -6.285615200000000e+07   1.171e+09   1.000e+00
    218  237919.714     230       0  -6.285626800000000e+07   1.477e+09   1.000e+00
    219  238960.843     231       0  -6.285637600000000e+07   8.112e+08   1.000e+00
    220  240001.485     232       0  -6.285648000000000e+07   6.963e+08   1.000e+00
    221  241045.368     233       0  -6.285659200000000e+07   8.607e+08   1.000e+00
    222  242089.673     234       0  -6.285669600000000e+07   1.486e+09   1.000e+00
    223  243131.781     235       0  -6.285682000000000e+07   6.482e+08   1.000e+00
    224  244173.509     236       0  -6.285690800000000e+07   7.185e+08   1.000e+00
    225  245215.515     237       0  -6.285702400000000e+07   8.397e+08   1.000e+00
    226  246250.367     238       0  -6.285715600000000e+07   1.520e+09   1.000e+00
    227  247292.960     239       0  -6.285731200000000e+07   8.089e+08   1.000e+00
    228  248334.139     240       0  -6.285744800000000e+07   7.845e+08   1.000e+00
    229  249376.775     241       0  -6.285756800000000e+07   1.012e+09   1.000e+00
    230  250418.027     242       0  -6.285766800000000e+07   1.123e+09   1.000e+00
    231  251463.535     243       0  -6.285776000000000e+07   7.608e+08   1.000e+00
    232  252503.770     244       0  -6.285790000000000e+07   8.202e+08   1.000e+00
    233  253548.923     245       0  -6.285799600000000e+07   9.851e+08   1.000e+00
    234  254612.465     246       0  -6.285814400000000e+07   7.659e+08   1.000e+00
    235  255664.610     247       0  -6.285828800000000e+07   1.025e+09   1.000e+00
    236  256704.691     248       0  -6.285840000000000e+07   1.133e+09   1.000e+00
    237  257768.633     249       0  -6.285850400000000e+07   7.113e+08   1.000e+00
    238  258836.682     250       0  -6.285860800000000e+07   7.250e+08   1.000e+00
    239  259904.124     251       0  -6.285873200000000e+07   1.010e+09   1.000e+00
    240  260969.422     252       0  -6.285888400000000e+07   1.113e+09   1.000e+00
    241  262032.240     253       0  -6.285901200000000e+07   9.833e+08   1.000e+00
    242  263094.764     254       0  -6.285911600000000e+07   7.143e+08   1.000e+00
    243  264160.993     255       0  -6.285919200000000e+07   6.554e+08   1.000e+00
    244  265224.208     256       0  -6.285930800000000e+07   1.404e+09   1.000e+00
    245  266289.367     257       0  -6.285944800000000e+07   8.115e+08   1.000e+00
    246  267351.879     258       0  -6.285954800000000e+07   7.481e+08   1.000e+00
    247  268417.276     259       0  -6.285967200000000e+07   9.622e+08   1.000e+00
    248  269482.955     260       0  -6.285977600000000e+07   1.334e+09   1.000e+00
    249  270548.804     261       0  -6.285988400000000e+07   7.785e+08   1.000e+00
    250  271617.275     262       0  -6.285998800000000e+07   7.388e+08   1.000e+00
    251  272679.784     263       0  -6.286007600000000e+07   7.556e+08   1.000e+00
    252  273745.395     264       0  -6.286018800000000e+07   1.338e+09   1.000e+00
    253  274808.200     265       0  -6.286031200000000e+07   7.113e+08   1.000e+00
    254  275872.644     266       0  -6.286041200000000e+07   7.596e+08   1.000e+00
    255  276941.451     267       0  -6.286051600000000e+07   9.681e+08   1.000e+00
    256  278006.810     268       0  -6.286060000000000e+07   1.172e+09   1.000e+00
    257  279084.526     269       0  -6.286069600000000e+07   7.022e+08   1.000e+00
    258  280152.948     270       0  -6.286078400000000e+07   7.634e+08   1.000e+00
    259  281221.747     271       0  -6.286087600000000e+07   8.310e+08   1.000e+00
    260  282289.458     272       0  -6.286096400000000e+07   1.439e+09   1.000e+00
    261  283356.578     273       0  -6.286107600000000e+07   6.666e+08   1.000e+00
    262  284425.407     274       0  -6.286115600000000e+07   6.894e+08   1.000e+00
    263  285487.989     275       0  -6.286125200000000e+07   8.156e+08   1.000e+00
    264  286553.132     276       0  -6.286130800000000e+07   1.890e+09   1.000e+00
    265  287616.019     277       0  -6.286144000000000e+07   7.073e+08   1.000e+00
    266  288681.748     278       0  -6.286150800000000e+07   6.393e+08   1.000e+00
    267  289749.948     279       0  -6.286159600000000e+07   7.378e+08   1.000e+00
    268  290817.418     280       0  -6.286169600000000e+07   1.383e+09   1.000e+00
    269  291880.627     281       0  -6.286181600000000e+07   6.990e+08   1.000e+00
    270  292948.001     282       0  -6.286188800000000e+07   6.184e+08   1.000e+00
    271  293991.253     283       0  -6.286200000000000e+07   8.240e+08   1.000e+00
    272  295055.109     284       0  -6.286208400000000e+07   1.414e+09   1.000e+00
    273  296120.890     285       0  -6.286217600000000e+07   7.340e+08   1.000e+00
    274  297184.881     286       0  -6.286227600000000e+07   6.839e+08   1.000e+00
    275  298252.450     287       0  -6.286236400000000e+07   7.549e+08   1.000e+00
    276  299312.009     288       0  -6.286247600000000e+07   1.782e+09   1.000e+00
    277  300374.976     289       0  -6.286260800000000e+07   7.865e+08   1.000e+00
    278  301436.688     290       0  -6.286267200000000e+07   5.833e+08   1.000e+00
    279  302500.155     291       0  -6.286275600000000e+07   6.844e+08   1.000e+00
    280  303564.746     292       0  -6.286284400000000e+07   1.095e+09   1.000e+00
    281  304627.474     293       0  -6.286294400000000e+07   7.481e+08   1.000e+00
    282  305690.158     294       0  -6.286304000000000e+07   6.439e+08   1.000e+00
    283  306757.181     295       0  -6.286316800000000e+07   8.388e+08   1.000e+00
    284  307804.378     296       0  -6.286323200000000e+07   1.571e+09   1.000e+00
    285  308868.585     297       0  -6.286331600000000e+07   6.308e+08   1.000e+00
    286  309911.826     298       0  -6.286336400000000e+07   5.259e+08   1.000e+00
    287  310968.669     299       0  -6.286344400000000e+07   6.968e+08   1.000e+00
    288  312021.745     300       0  -6.286356000000000e+07   1.015e+09   1.000e+00
    289  313077.752     301       0  -6.286365600000000e+07   1.673e+09   1.000e+00
    290  314135.590     302       0  -6.286376000000000e+07   6.423e+08   1.000e+00
    291  315182.646     303       0  -6.286382000000000e+07   5.806e+08   1.000e+00
    292  316229.062     304       0  -6.286389200000000e+07   6.863e+08   1.000e+00
    293  317275.993     305       0  -6.286397200000000e+07   1.736e+09   1.000e+00
    294  318318.934     306       0  -6.286408000000000e+07   7.842e+08   1.000e+00
    295  319363.774     307       0  -6.286414400000000e+07   5.647e+08   1.000e+00
    296  320410.097     308       0  -6.286419600000000e+07   6.733e+08   1.000e+00
    297  321453.766     309       0  -6.286429200000000e+07   8.271e+08   1.000e+00
    298  322500.453     310       0  -6.286429600000000e+07   2.259e+09   1.000e+00
    299  323542.681     311       0  -6.286444800000000e+07   6.732e+08   1.000e+00
    300  324588.483     312       0  -6.286448400000000e+07   5.193e+08   1.000e+00
    301  325635.048     313       0  -6.286456800000000e+07   6.984e+08   1.000e+00
    302  326682.594     314       0  -6.286467200000000e+07   8.404e+08   1.000e+00
    303  328713.114     316       0  -6.286474000000000e+07   1.236e+09   4.706e-01
    304  329724.797     317       0  -6.286483200000000e+07   6.248e+08   1.000e+00
    305  330735.947     318       0  -6.286490400000000e+07   5.271e+08   1.000e+00
    306  331748.747     319       0  -6.286499600000000e+07   7.438e+08   1.000e+00
    307  332767.590     320       0  -6.286505200000000e+07   1.459e+09   1.000e+00
    308  333786.885     321       0  -6.286513600000000e+07   6.352e+08   1.000e+00
    309  334806.216     322       0  -6.286520000000000e+07   5.564e+08   1.000e+00
    310  335832.167     323       0  -6.286526400000000e+07   6.562e+08   1.000e+00
    311  336859.028     324       0  -6.286534000000000e+07   1.664e+09   1.000e+00
    312  337890.921     325       0  -6.286544000000000e+07   6.701e+08   1.000e+00
    313  338918.928     326       0  -6.286549600000000e+07   5.141e+08   1.000e+00
    314  339948.880     327       0  -6.286553600000000e+07   6.260e+08   1.000e+00
    315  340976.156     328       0  -6.286562000000000e+07   8.610e+08   1.000e+00
    316  342004.992     329       0  -6.286565200000000e+07   1.526e+09   1.000e+00
    317  343031.871     330       0  -6.286574400000000e+07   5.532e+08   1.000e+00
    318  344060.918     331       0  -6.286578800000000e+07   5.054e+08   1.000e+00
    319  345088.800     332       0  -6.286582800000000e+07   5.988e+08   1.000e+00
    320  346114.342     333       0  -6.286590000000000e+07   1.331e+09   1.000e+00
    321  347140.327     334       0  -6.286597200000000e+07   6.910e+08   1.000e+00
    322  348167.940     335       0  -6.286602800000000e+07   5.159e+08   1.000e+00
    323  349183.071     336       0  -6.286608800000000e+07   6.262e+08   1.000e+00
    324  350198.725     337       0  -6.286612800000000e+07   1.198e+09   1.000e+00
    325  351215.361     338       0  -6.286620000000000e+07   6.650e+08   1.000e+00
    326  352231.633     339       0  -6.286627200000000e+07   5.642e+08   1.000e+00
    327  353247.248     340       0  -6.286632400000000e+07   6.338e+08   1.000e+00
    328  354262.547     341       0  -6.286638000000000e+07   1.652e+09   1.000e+00
    329  355278.875     342       0  -6.286648000000000e+07   6.257e+08   1.000e+00
    330  356294.028     343       0  -6.286651600000000e+07   4.701e+08   1.000e+00
    331  357314.938     344       0  -6.286656000000000e+07   5.944e+08   1.000e+00
    332  358329.873     345       0  -6.286664400000000e+07   8.193e+08   1.000e+00
    333  359350.580     346       0  -6.286670400000000e+07   1.424e+09   1.000e+00
    334  360380.726     347       0  -6.286679600000000e+07   5.892e+08   1.000e+00
    335  361409.999     348       0  -6.286684000000000e+07   5.504e+08   1.000e+00
    336  362439.426     349       0  -6.286689600000000e+07   6.344e+08   1.000e+00
    337  363469.339     350       0  -6.286696400000000e+07   1.568e+09   1.000e+00
    338  364501.003     351       0  -6.286704800000000e+07   6.980e+08   1.000e+00
    339  365531.447     352       0  -6.286710000000000e+07   5.129e+08   1.000e+00
    340  366560.210     353       0  -6.286715600000000e+07   6.138e+08   1.000e+00
    341  367586.590     354       0  -6.286724800000000e+07   9.005e+08   1.000e+00
    342  368614.087     355       0  -6.286731600000000e+07   9.281e+08   1.000e+00
    343  369654.775     356       0  -6.286738400000000e+07   5.218e+08   1.000e+00
    344  370685.476     357       0  -6.286744800000000e+07   6.009e+08   1.000e+00
    345  371716.919     358       0  -6.286750000000000e+07   6.942e+08   1.000e+00
    346  372746.760     359       0  -6.286759200000000e+07   8.800e+08   1.000e+00
    347  373777.112     360       0  -6.286766000000000e+07   6.245e+08   1.000e+00
    348  374808.104     361       0  -6.286773200000000e+07   6.172e+08   1.000e+00
    349  375836.968     362       0  -6.286780000000000e+07   8.019e+08   1.000e+00
    350  376866.550     363       0  -6.286788400000000e+07   6.099e+08   1.000e+00
    351  377895.708     364       0  -6.286795200000000e+07   6.852e+08   1.000e+00
    352  378925.275     365       0  -6.286802400000000e+07   6.194e+08   1.000e+00
    353  379951.708     366       0  -6.286810000000000e+07   6.073e+08   1.000e+00
    354  380981.977     367       0  -6.286817200000000e+07   7.284e+08   1.000e+00
    355  382012.808     368       0  -6.286823600000000e+07   6.132e+08   1.000e+00
    356  383039.737     369       0  -6.286830000000000e+07   5.971e+08   1.000e+00
    357  384069.331     370       0  -6.286836000000000e+07   6.932e+08   1.000e+00
    358  385099.535     371       0  -6.286843600000000e+07   5.556e+08   1.000e+00
    359  386127.946     372       0  -6.286849600000000e+07   5.515e+08   1.000e+00
    360  387156.990     373       0  -6.286855200000000e+07   5.536e+08   1.000e+00
    361  388183.548     374       0  -6.286861200000000e+07   5.514e+08   1.000e+00
    362  389213.835     375       0  -6.286867600000000e+07   6.537e+08   1.000e+00
    363  390243.247     376       0  -6.286872800000000e+07   5.651e+08   1.000e+00
    364  391274.021     377       0  -6.286880000000000e+07   5.460e+08   1.000e+00
    365  392304.285     378       0  -6.286886400000000e+07   7.962e+08   1.000e+00
    366  393333.219     379       0  -6.286892400000000e+07   5.169e+08   1.000e+00
    367  394353.463     380       0  -6.286897600000000e+07   4.653e+08   1.000e+00
    368  395370.805     381       0  -6.286902800000000e+07   5.548e+08   1.000e+00
    369  396399.599     382       0  -6.286908800000000e+07   5.987e+08   1.000e+00
    370  397429.134     383       0  -6.286914800000000e+07   6.408e+08   1.000e+00
    371  398456.205     384       0  -6.286919600000000e+07   5.198e+08   1.000e+00
    372  399487.977     385       0  -6.286925200000000e+07   5.552e+08   1.000e+00
    373  400514.583     386       0  -6.286930800000000e+07   7.371e+08   1.000e+00
    374  401543.027     387       0  -6.286936000000000e+07   5.343e+08   1.000e+00
    375  402583.214     388       0  -6.286942800000000e+07   5.281e+08   1.000e+00
    376  403623.077     389       0  -6.286946400000000e+07   7.619e+08   1.000e+00
    377  404661.778     390       0  -6.286950400000000e+07   4.986e+08   1.000e+00
    378  405702.209     391       0  -6.286956400000000e+07   4.369e+08   1.000e+00
    379  406743.605     392       0  -6.286960000000000e+07   5.136e+08   1.000e+00
    380  407782.588     393       0  -6.286967200000000e+07   5.731e+08   1.000e+00
    381  408822.365     394       0  -6.286972000000000e+07   1.146e+09   1.000e+00
    382  409859.562     395       0  -6.286978000000000e+07   5.262e+08   1.000e+00
    383  410897.420     396       0  -6.286982800000000e+07   4.416e+08   1.000e+00
    384  411933.314     397       0  -6.286987200000000e+07   5.054e+08   1.000e+00
    385  412970.806     398       0  -6.286993200000000e+07   1.139e+09   1.000e+00
    386  414010.614     399       0  -6.287000000000000e+07   5.487e+08   1.000e+00
    387  415045.008     400       0  -6.287004000000000e+07   5.102e+08   1.000e+00
    388  416080.836     401       0  -6.287010000000000e+07   5.449e+08   1.000e+00
    389  417122.148     402       0  -6.287013600000000e+07   1.459e+09   1.000e+00
    390  418159.199     403       0  -6.287020000000000e+07   5.183e+08   1.000e+00
    391  419198.137     404       0  -6.287023200000000e+07   3.962e+08   1.000e+00
    392  420237.385     405       0  -6.287026800000000e+07   4.924e+08   1.000e+00
    393  421278.875     406       0  -6.287032400000000e+07   7.386e+08   1.000e+00
    394  422315.679     407       0  -6.287037600000000e+07   8.683e+08   1.000e+00
    395  423353.197     408       0  -6.287042000000000e+07   4.200e+08   1.000e+00
    396  424388.009     409       0  -6.287044800000000e+07   4.607e+08   1.000e+00
    397  425424.502     410       0  -6.287047600000000e+07   5.133e+08   1.000e+00
    398  426461.273     411       0  -6.287050000000000e+07   1.386e+09   1.000e+00
    399  427492.708     412       0  -6.287055200000000e+07   5.200e+08   1.000e+00
    400  428527.268     413       0  -6.287058400000000e+07   4.026e+08   1.000e+00
    401  429581.333     414       0  -6.287062000000000e+07   4.774e+08   1.000e+00
    402  430619.958     415       0  -6.287066800000000e+07   5.394e+08   1.000e+00
    403  432642.270     417       0  -6.287069200000000e+07   8.465e+08   4.506e-01
    404  433654.227     418       0  -6.287074400000000e+07   4.867e+08   1.000e+00
    405  434665.980     419       0  -6.287078000000000e+07   3.938e+08   1.000e+00
    406  435678.546     420       0  -6.287083200000000e+07   5.563e+08   1.000e+00
    407  436690.577     421       0  -6.287086800000000e+07   8.365e+08   1.000e+00
    408  437701.719     422       0  -6.287090800000000e+07   4.913e+08   1.000e+00
    409  438712.735     423       0  -6.287095200000000e+07   4.563e+08   1.000e+00
    410  439724.897     424       0  -6.287098800000000e+07   5.183e+08   1.000e+00
    411  440736.741     425       0  -6.287102000000000e+07   1.403e+09   1.000e+00
    412  441749.376     426       0  -6.287109200000000e+07   4.950e+08   1.000e+00
    413  442761.066     427       0  -6.287111600000000e+07   3.967e+08   1.000e+00
    414  443772.721     428       0  -6.287115200000000e+07   4.702e+08   1.000e+00
    415  444784.726     429       0  -6.287120400000000e+07   7.621e+08   1.000e+00
    416  445796.505     430       0  -6.287126800000000e+07   6.968e+08   1.000e+00
    417  446809.308     431       0  -6.287131600000000e+07   4.546e+08   1.000e+00
    418  447826.302     432       0  -6.287137200000000e+07   5.198e+08   1.000e+00
    419  448842.719     433       0  -6.287140800000000e+07   7.479e+08   1.000e+00
    420  449859.863     434       0  -6.287145600000000e+07   4.796e+08   1.000e+00
    421  450880.224     435       0  -6.287151200000000e+07   4.770e+08   1.000e+00
    422  451898.725     436       0  -6.287156000000000e+07   5.539e+08   1.000e+00
    423  452919.074     437       0  -6.287163200000000e+07   1.005e+09   1.000e+00
    424  453938.579     438       0  -6.287168400000000e+07   4.603e+08   1.000e+00
    425  454957.889     439       0  -6.287172400000000e+07   4.597e+08   1.000e+00
    426  455975.289     440       0  -6.287176800000000e+07   5.076e+08   1.000e+00
    427  456992.058     441       0  -6.287178800000000e+07   1.549e+09   1.000e+00
    428  458011.708     442       0  -6.287185600000000e+07   5.101e+08   1.000e+00
    429  459045.077     443       0  -6.287187600000000e+07   3.720e+08   1.000e+00
    430  460066.430     444       0  -6.287192000000000e+07   4.759e+08   1.000e+00
    431  461086.227     445       0  -6.287197200000000e+07   6.251e+08   1.000e+00
    432  462103.554     446       0  -6.287201200000000e+07   1.041e+09   1.000e+00
    433  463122.669     447       0  -6.287206000000000e+07   3.742e+08   1.000e+00
    434  464138.930     448       0  -6.287207600000000e+07   3.976e+08   1.000e+00
    435  465155.513     449       0  -6.287211200000000e+07   4.828e+08   1.000e+00
    436  466176.293     450       0  -6.287214000000000e+07   1.280e+09   1.000e+00
    437  467197.862     451       0  -6.287218800000000e+07   5.430e+08   1.000e+00
    438  468216.022     452       0  -6.287221600000000e+07   3.993e+08   1.000e+00
    439  469234.682     453       0  -6.287223600000000e+07   4.534e+08   1.000e+00
    440  470254.953     454       0  -6.287228400000000e+07   4.946e+08   1.000e+00
    441  472257.367     456       0  -6.287230400000000e+07   7.730e+08   4.188e-01
    442  473269.746     457       0  -6.287235200000000e+07   4.614e+08   1.000e+00
    443  474280.770     458       0  -6.287238800000000e+07   4.149e+08   1.000e+00
    444  475292.797     459       0  -6.287242400000000e+07   7.365e+08   1.000e+00
    445  476305.443     460       0  -6.287246000000000e+07   5.357e+08   1.000e+00
    446  477317.370     461       0  -6.287249600000000e+07   4.699e+08   1.000e+00
    447  478328.840     462       0  -6.287255200000000e+07   5.531e+08   1.000e+00
    448  479340.619     463       0  -6.287257600000000e+07   9.677e+08   1.000e+00
    449  480352.981     464       0  -6.287262400000000e+07   4.701e+08   1.000e+00
    450  481364.862     465       0  -6.287265200000000e+07   4.095e+08   1.000e+00
    451  482376.971     466       0  -6.287268000000000e+07   4.776e+08   1.000e+00
    452  483388.995     467       0  -6.287270400000000e+07   1.236e+09   1.000e+00
    453  484399.784     468       0  -6.287276400000000e+07   4.519e+08   1.000e+00
    454  485410.443     469       0  -6.287280000000000e+07   3.998e+08   1.000e+00
    455  486421.782     470       0  -6.287283200000000e+07   4.709e+08   1.000e+00
    456  487432.752     471       0  -6.287288000000000e+07   9.057e+08   1.000e+00
    457  488444.655     472       0  -6.287293600000000e+07   5.241e+08   1.000e+00
    458  489457.999     473       0  -6.287296800000000e+07   3.957e+08   1.000e+00
    459  490469.306     474       0  -6.287300800000000e+07   5.462e+08   1.000e+00
    460  491479.914     475       0  -6.287304000000000e+07   6.957e+08   1.000e+00
    461  492491.307     476       0  -6.287308400000000e+07   4.517e+08   1.000e+00
    462  493501.426     477       0  -6.287312800000000e+07   4.351e+08   1.000e+00
    463  494513.347     478       0  -6.287316000000000e+07   4.841e+08   1.000e+00
    464  495525.079     479       0  -6.287321200000000e+07   8.066e+08   1.000e+00
    465  496537.046     480       0  -6.287325200000000e+07   4.504e+08   1.000e+00
    466  497549.925     481       0  -6.287327600000000e+07   4.215e+08   1.000e+00
    467  498567.824     482       0  -6.287332000000000e+07   4.904e+08   1.000e+00
    468  499585.622     483       0  -6.287334400000000e+07   1.091e+09   1.000e+00
    469  500616.923     484       0  -6.287339600000000e+07   4.867e+08   1.000e+00
    470  501643.528     485       0  -6.287343200000000e+07   3.858e+08   1.000e+00
    471  502661.829     486       0  -6.287344800000000e+07   4.302e+08   1.000e+00
    472  503680.861     487       0  -6.287348400000000e+07   9.781e+08   1.000e+00
    473  504700.579     488       0  -6.287353200000000e+07   4.207e+08   1.000e+00
    474  505717.609     489       0  -6.287355200000000e+07   3.493e+08   1.000e+00
    475  506737.161     490       0  -6.287357600000000e+07   4.691e+08   1.000e+00
    476  507763.395     491       0  -6.287360800000000e+07   8.624e+08   1.000e+00
    477  508791.509     492       0  -6.287365600000000e+07   5.124e+08   1.000e+00
    478  509821.016     493       0  -6.287368800000000e+07   4.178e+08   1.000e+00
    479  510847.924     494       0  -6.287372000000000e+07   5.086e+08   1.000e+00
    480  511876.796     495       0  -6.287374800000000e+07   8.795e+08   1.000e+00
    481  512902.416     496       0  -6.287378000000000e+07   4.179e+08   1.000e+00
    482  513928.650     497       0  -6.287380800000000e+07   3.910e+08   1.000e+00
    483  514954.878     498       0  -6.287384000000000e+07   4.510e+08   1.000e+00
    484  515985.679     499       0  -6.287387200000000e+07   9.708e+08   1.000e+00
    485  517017.600     500       0  -6.287391600000000e+07   5.090e+08   1.000e+00
    486  518038.236     501       0  -6.287394000000000e+07   3.557e+08   1.000e+00
    487  519080.625     502       0  -6.287397200000000e+07   4.049e+08   1.000e+00
    488  520109.177     503       0  -6.287400800000000e+07   7.973e+08   1.000e+00
    489  521135.260     504       0  -6.287402800000000e+07   4.499e+08   1.000e+00
    490  522165.286     505       0  -6.287406000000000e+07   3.909e+08   1.000e+00
    491  523191.612     506       0  -6.287409200000000e+07   4.279e+08   1.000e+00
    492  524221.235     507       0  -6.287411600000000e+07   1.124e+09   1.000e+00
    493  525252.103     508       0  -6.287416800000000e+07   4.096e+08   1.000e+00
    494  526281.156     509       0  -6.287418400000000e+07   3.223e+08   1.000e+00
    495  527306.820     510       0  -6.287421600000000e+07   3.965e+08   1.000e+00
    496  528336.243     511       0  -6.287425200000000e+07   7.645e+08   1.000e+00
    497  529365.627     512       0  -6.287430800000000e+07   4.675e+08   1.000e+00
    498  530397.811     513       0  -6.287432400000000e+07   3.451e+08   1.000e+00
    499  531428.966     514       0  -6.287436000000000e+07   4.772e+08   1.000e+00
    500  532460.191     515       0  -6.287438800000000e+07   5.755e+08   1.000e+00
    501  533488.504     516       0  -6.287441600000000e+07   3.914e+08   1.000e+00
    502  534518.212     517       0  -6.287445200000000e+07   3.912e+08   1.000e+00
    503  535547.642     518       0  -6.287448400000000e+07   5.028e+08   1.000e+00
    504  536578.227     519       0  -6.287452400000000e+07   4.155e+08   1.000e+00
    505  537608.619     520       0  -6.287456400000000e+07   7.353e+08   1.000e+00
    506  538640.527     521       0  -6.287459200000000e+07   3.473e+08   1.000e+00
    507  539669.980     522       0  -6.287462000000000e+07   3.454e+08   1.000e+00
    508  540697.228     523       0  -6.287464800000000e+07   4.660e+08   1.000e+00
    509  541724.569     524       0  -6.287466000000000e+07   1.047e+09   1.000e+00
    510  542754.694     525       0  -6.287470400000000e+07   4.072e+08   1.000e+00
    511  543786.065     526       0  -6.287471600000000e+07   3.307e+08   1.000e+00
    512  544815.672     527       0  -6.287474000000000e+07   3.922e+08   1.000e+00
    513  545844.801     528       0  -6.287477600000000e+07   6.730e+08   1.000e+00
    514  546873.905     529       0  -6.287481600000000e+07   4.286e+08   1.000e+00
    515  547903.783     530       0  -6.287484000000000e+07   3.037e+08   1.000e+00
    516  548946.061     531       0  -6.287486400000000e+07   4.282e+08   1.000e+00
    517  549977.926     532       0  -6.287488400000000e+07   7.831e+08   1.000e+00
    518  551008.015     533       0  -6.287490800000000e+07   4.500e+08   1.000e+00
    519  552035.221     534       0  -6.287493600000000e+07   4.052e+08   1.000e+00
    520  553064.474     535       0  -6.287496400000000e+07   4.304e+08   1.000e+00
    521  554094.282     536       0  -6.287499200000000e+07   9.377e+08   1.000e+00
    522  555121.254     537       0  -6.287503200000000e+07   4.683e+08   1.000e+00
    523  556146.401     538       0  -6.287504800000000e+07   3.143e+08   1.000e+00
    524  557163.277     539       0  -6.287507200000000e+07   3.679e+08   1.000e+00
    525  558181.964     540       0  -6.287510000000000e+07   5.746e+08   1.000e+00
    526  559213.150     541       0  -6.287513200000000e+07   4.563e+08   1.000e+00
    527  560240.551     542       0  -6.287517200000000e+07   3.970e+08   1.000e+00
    528  561270.333     543       0  -6.287519600000000e+07   7.497e+08   1.000e+00
    529  562301.038     544       0  -6.287521200000000e+07   3.297e+08   1.000e+00
    530  563327.252     545       0  -6.287523200000000e+07   3.427e+08   1.000e+00
    531  564356.157     546       0  -6.287525600000000e+07   4.187e+08   1.000e+00
    532  565383.329     547       0  -6.287530400000000e+07   7.068e+08   1.000e+00
    533  566412.351     548       0  -6.287534800000000e+07   5.259e+08   1.000e+00
    534  567439.311     549       0  -6.287537600000000e+07   3.294e+08   1.000e+00
    535  568469.072     550       0  -6.287539200000000e+07   3.593e+08   1.000e+00
    536  569498.962     551       0  -6.287542800000000e+07   6.062e+08   1.000e+00
    537  570528.390     552       0  -6.287545200000000e+07   3.672e+08   1.000e+00
    538  571558.758     553       0  -6.287550000000000e+07   3.213e+08   1.000e+00
    539  572594.271     554       0  -6.287552000000000e+07   4.782e+08   1.000e+00
    540  573635.485     555       0  -6.287555200000000e+07   3.840e+08   1.000e+00
    541  574674.225     556       0  -6.287559600000000e+07   4.921e+08   1.000e+00
    542  575714.176     557       0  -6.287563600000000e+07   4.078e+08   1.000e+00
    543  576751.404     558       0  -6.287566000000000e+07   3.547e+08   1.000e+00
    544  577790.888     559       0  -6.287569200000000e+07   6.027e+08   1.000e+00
    545  578834.042     560       0  -6.287573200000000e+07   4.492e+08   1.000e+00
    546  579877.663     561       0  -6.287575600000000e+07   3.777e+08   1.000e+00
    547  580923.855     562       0  -6.287580400000000e+07   4.861e+08   1.000e+00
    548  581971.757     563       0  -6.287584000000000e+07   7.862e+08   1.000e+00
    549  583015.266     564       0  -6.287585600000000e+07   3.549e+08   1.000e+00
    550  584047.847     565       0  -6.287588000000000e+07   2.663e+08   1.000e+00
    551  585080.760     566       0  -6.287589600000000e+07   3.507e+08   1.000e+00
    552  586115.409     567       0  -6.287593600000000e+07   5.176e+08   1.000e+00
    553  587148.421     568       0  -6.287598400000000e+07   5.697e+08   1.000e+00
    554  588198.723     569       0  -6.287601600000000e+07   3.739e+08   1.000e+00
    555  589253.406     570       0  -6.287605200000000e+07   3.933e+08   1.000e+00
    556  590312.689     571       0  -6.287608800000000e+07   4.879e+08   1.000e+00
    557  591361.962     572       0  -6.287611600000000e+07   3.787e+08   1.000e+00
    558  592415.627     573       0  -6.287616400000000e+07   5.230e+08   1.000e+00
    559  593470.143     574       0  -6.287619200000000e+07   4.062e+08   1.000e+00
    560  594522.641     575       0  -6.287620800000000e+07   3.200e+08   1.000e+00
    561  595575.811     576       0  -6.287624000000000e+07   3.660e+08   1.000e+00
    562  596615.737     577       0  -6.287626800000000e+07   7.548e+08   1.000e+00
    563  597653.085     578       0  -6.287630000000000e+07   4.234e+08   1.000e+00
    564  598702.159     579       0  -6.287632000000000e+07   3.037e+08   1.000e+00
    565  599747.073     580       0  -6.287634000000000e+07   3.408e+08   1.000e+00
    566  600785.685     581       0  -6.287636400000000e+07   7.665e+08   1.000e+00
    567  601825.339     582       0  -6.287640000000000e+07   3.502e+08   1.000e+00
    568  602862.617     583       0  -6.287640800000000e+07   3.187e+08   1.000e+00
    569  603899.642     584       0  -6.287643200000000e+07   3.669e+08   1.000e+00
    570  604942.401     585       0  -6.287645600000000e+07   7.302e+08   1.000e+00
    571  605991.731     586       0  -6.287648800000000e+07   3.704e+08   1.000e+00
    572  607039.006     587       0  -6.287650400000000e+07   2.949e+08   1.000e+00
    573  608086.411     588       0  -6.287652400000000e+07   3.848e+08   1.000e+00
    574  609140.602     589       0  -6.287653600000000e+07   7.208e+08   1.000e+00
    575  610186.964     590       0  -6.287655600000000e+07   3.567e+08   1.000e+00
    576  611228.126     591       0  -6.287658800000000e+07   3.109e+08   1.000e+00
    577  612269.299     592       0  -6.287660000000000e+07   3.438e+08   1.000e+00
    578  613312.572     593       0  -6.287661200000000e+07   9.478e+08   1.000e+00
    579  614350.817     594       0  -6.287664800000000e+07   3.630e+08   1.000e+00
    580  615393.705     595       0  -6.287666400000000e+07   2.901e+08   1.000e+00
    581  616436.907     596       0  -6.287667600000000e+07   3.389e+08   1.000e+00
    582  617479.125     597       0  -6.287669200000000e+07   5.986e+08   1.000e+00
    583  618520.554     598       0  -6.287671600000000e+07   3.862e+08   1.000e+00
    584  619560.949     599       0  -6.287672800000000e+07   2.876e+08   1.000e+00
    585  620601.332     600       0  -6.287675600000000e+07   3.645e+08   1.000e+00
    586  621649.623     601       0  -6.287676400000000e+07   6.152e+08   1.000e+00
    587  622716.014     602       0  -6.287678000000000e+07   3.724e+08   1.000e+00
    588  623780.814     603       0  -6.287681600000000e+07   3.125e+08   1.000e+00
    589  624840.688     604       0  -6.287682400000000e+07   3.394e+08   1.000e+00
    590  626882.211     606       0  -6.287684400000000e+07   5.619e+08   4.453e-01
    591  627901.196     607       0  -6.287686000000000e+07   3.108e+08   1.000e+00
    592  628922.816     608       0  -6.287687200000000e+07   2.864e+08   1.000e+00
    593  629935.197     609       0  -6.287689600000000e+07   3.787e+08   1.000e+00
    594  630947.952     610       0  -6.287692000000000e+07   6.208e+08   1.000e+00
    595  631959.651     611       0  -6.287694000000000e+07   3.691e+08   1.000e+00
    596  632979.239     612       0  -6.287696800000000e+07   3.002e+08   1.000e+00
    597  633995.743     613       0  -6.287698800000000e+07   3.345e+08   1.000e+00
    598  635016.251     614       0  -6.287700400000000e+07   9.293e+08   1.000e+00
    599  636035.343     615       0  -6.287703600000000e+07   3.188e+08   1.000e+00
    600  637055.086     616       0  -6.287705200000000e+07   2.603e+08   1.000e+00
    601  638067.726     617       0  -6.287706400000000e+07   3.387e+08   1.000e+00
    602  639090.641     618       0  -6.287710400000000e+07   6.283e+08   1.000e+00
    603  640102.749     619       0  -6.287713200000000e+07   3.929e+08   1.000e+00
    604  641116.439     620       0  -6.287716000000000e+07   2.860e+08   1.000e+00
    605  642131.603     621       0  -6.287718800000000e+07   4.163e+08   1.000e+00
    606  643149.325     622       0  -6.287720800000000e+07   4.868e+08   1.000e+00
    607  644170.821     623       0  -6.287722400000000e+07   3.416e+08   1.000e+00
    608  645190.247     624       0  -6.287726400000000e+07   3.258e+08   1.000e+00
    609  646207.735     625       0  -6.287727600000000e+07   4.342e+08   1.000e+00
    610  647227.724     626       0  -6.287730000000000e+07   3.337e+08   1.000e+00
    611  648245.693     627       0  -6.287732400000000e+07   6.203e+08   1.000e+00
    612  649261.837     628       0  -6.287734400000000e+07   3.019e+08   1.000e+00
    613  666055.298     645       0  -6.287734400000000e+07   3.019e+08   2.438e-06
# Termination: function reduction test satisfied
# Iter.   Time (ms)    Eval. Reject.       Obj. Func.           Grad.       Step
# ---------------------------------------------------------------------------------
      0     985.457       1       0  -6.237347600000000e+07   1.121e+10   0.000e+00
      1   12832.674      13       0  -6.243049200000000e+07   2.143e+10   6.628e-16
      2   13839.205      14       0  -6.247602400000000e+07   1.407e+10   1.000e+00
      3   14847.955      15       0  -6.253256800000000e+07   1.543e+10   1.000e+00
      4   15857.256      16       0  -6.259074400000000e+07   1.869e+10   1.000e+00
      5   16867.794      17       0  -6.262592000000000e+07   2.338e+10   1.000e+00
      6   17878.858      18       0  -6.266336000000000e+07   1.106e+10   1.000e+00
      7   18891.140      19       0  -6.268082400000000e+07   9.021e+09   1.000e+00
      8   19902.895      20       0  -6.269697200000000e+07   9.387e+09   1.000e+00
      9   20913.835      21       0  -6.271464000000000e+07   1.068e+10   1.000e+00
     10   21932.688      22       0  -6.272365200000000e+07   8.039e+09   1.000e+00
     11   22944.591      23       0  -6.272880400000000e+07   5.983e+09   1.000e+00
     12   23955.433      24       0  -6.273710400000000e+07   5.246e+09   1.000e+00
     13   24967.703      25       0  -6.274232400000000e+07   9.887e+09   1.000e+00
     14   25978.097      26       0  -6.274674000000000e+07   4.583e+09   1.000e+00
     15   26990.235      27       0  -6.274998400000000e+07   3.666e+09   1.000e+00
     16   28001.122      28       0  -6.275290800000000e+07   3.909e+09   1.000e+00
     17   29013.199      29       0  -6.275787600000000e+07   7.005e+09   1.000e+00
     18   30025.402      30       0  -6.276182800000000e+07   4.259e+09   1.000e+00
     19   31036.874      31       0  -6.276340000000000e+07   2.950e+09   1.000e+00
     20   32049.042      32       0  -6.276650000000000e+07   2.907e+09   1.000e+00
     21   33066.635      33       0  -6.276911200000000e+07   6.042e+09   1.000e+00
     22   34078.793      34       0  -6.277132800000000e+07   3.206e+09   1.000e+00
     23   35097.077      35       0  -6.277383600000000e+07   2.664e+09   1.000e+00
     24   36113.780      36       0  -6.277569600000000e+07   2.906e+09   1.000e+00
     25   37133.163      37       0  -6.277854000000000e+07   6.651e+09   1.000e+00
     26   38149.025      38       0  -6.278094000000000e+07   2.655e+09   1.000e+00
     27   39161.487      39       0  -6.278186000000000e+07   2.316e+09   1.000e+00
     28   40173.787      40       0  -6.278374000000000e+07   2.888e+09   1.000e+00
     29   41185.979      41       0  -6.278485200000000e+07   6.866e+09   1.000e+00
     30   42198.131      42       0  -6.278635200000000e+07   2.504e+09   1.000e+00
     31   43210.200      43       0  -6.278724400000000e+07   1.847e+09   1.000e+00
     32   44222.588      44       0  -6.278837600000000e+07   2.305e+09   1.000e+00
     33   45234.185      45       0  -6.279019200000000e+07   2.807e+09   1.000e+00
     34   46246.643      46       0  -6.279083600000000e+07   7.279e+09   1.000e+00
     35   47258.235      47       0  -6.279276000000000e+07   1.857e+09   1.000e+00
     36   48269.343      48       0  -6.279324800000000e+07   1.617e+09   1.000e+00
     37   49281.190      49       0  -6.279430800000000e+07   2.127e+09   1.000e+00
     38   50299.635      50       0  -6.279534800000000e+07   5.517e+09   1.000e+00
     39   51311.836      51       0  -6.279644800000000e+07   2.422e+09   1.000e+00
     40   52324.299      52       0  -6.279724400000000e+07   1.742e+09   1.000e+00
     41   53335.098      53       0  -6.279786400000000e+07   1.999e+09   1.000e+00
     42   54346.627      54       0  -6.279915600000000e+07   2.377e+09   1.000e+00
     43   55359.116      55       0  -6.279967200000000e+07   6.154e+09   1.000e+00
     44   56371.294      56       0  -6.280098400000000e+07   1.862e+09   1.000e+00
     45   57382.912      57       0  -6.280140000000000e+07   1.374e+09   1.000e+00
     46   58394.531      58       0  -6.280216800000000e+07   1.737e+09   1.000e+00
     47   59406.387      59       0  -6.280305600000000e+07   3.550e+09   1.000e+00
     48   60417.865      60       0  -6.280387600000000e+07   1.907e+09   1.000e+00
     49   61429.486      61       0  -6.280450000000000e+07   1.431e+09   1.000e+00
     50   62440.885      62       0  -6.280510800000000e+07   1.890e+09   1.000e+00
     51   63460.856      63       0  -6.280590800000000e+07   2.412e+09   1.000e+00
     52   64473.239      64       0  -6.280663200000000e+07   1.837e+09   1.000e+00
     53   65485.088      65       0  -6.280730800000000e+07   1.526e+09   1.000e+00
     54   66497.515      66       0  -6.280794400000000e+07   2.105e+09   1.000e+00
     55   67509.447      67       0  -6.280853200000000e+07   1.620e+09   1.000e+00
     56   68530.016      68       0  -6.280906400000000e+07   1.548e+09   1.000e+00
     57   69551.349      69       0  -6.281002800000000e+07   2.373e+09   1.000e+00
     58   70571.288      70       0  -6.281071200000000e+07   2.460e+09   1.000e+00
     59   71582.932      71       0  -6.281110800000000e+07   1.546e+09   1.000e+00
     60   72594.742      72       0  -6.281178400000000e+07   1.294e+09   1.000e+00
     61   73606.624      73       0  -6.281234400000000e+07   1.844e+09   1.000e+00
     62   74617.904      74       0  -6.281312800000000e+07   1.531e+09   1.000e+00
     63   75629.388      75       0  -6.281392000000000e+07   2.292e+09   1.000e+00
     64   76641.604      76       0  -6.281462400000000e+07   1.528e+09   1.000e+00
     65   77653.423      77       0  -6.281520400000000e+07   1.381e+09   1.000e+00
     66   78665.661      78       0  -6.281586400000000e+07   2.350e+09   1.000e+00
     67   79677.419      79       0  -6.281658000000000e+07   1.691e+09   1.000e+00
     68   80695.443      80       0  -6.281707600000000e+07   1.453e+09   1.000e+00
     69   81707.093      81       0  -6.281774400000000e+07   1.839e+09   1.000e+00
     70   82718.576      82       0  -6.281838000000000e+07   1.947e+09   1.000e+00
     71   83730.310      83       0  -6.281893600000000e+07   1.575e+09   1.000e+00
     72   84741.668      84       0  -6.281974000000000e+07   1.670e+09   1.000e+00
     73   85753.691      85       0  -6.282017200000000e+07   2.716e+09   1.000e+00
     74   86766.203      86       0  -6.282053200000000e+07   1.492e+09   1.000e+00
     75   87777.661      87       0  -6.282100400000000e+07   1.239e+09   1.000e+00
     76   88799.420      88       0  -6.282142400000000e+07   1.452e+09   1.000e+00
     77   89811.123      89       0  -6.282200400000000e+07   3.555e+09   1.000e+00
     78   90823.321      90       0  -6.282260400000000e+07   1.419e+09   1.000e+00
     79   91834.510      91       0  -6.282288400000000e+07   1.117e+09   1.000e+00
     80   92858.242      92       0  -6.282325600000000e+07   1.297e+09   1.000e+00
     81   93870.439      93       0  -6.282351600000000e+07   3.397e+09   1.000e+00
     82   94881.702      94       0  -6.282393200000000e+07   1.454e+09   1.000e+00
     83   95893.800      95       0  -6.282421200000000e+07   1.076e+09   1.000e+00
     84   96905.915      96       0  -6.282446400000000e+07   1.250e+09   1.000e+00
     85   97917.745      97       0  -6.282486000000000e+07   1.958e+09   1.000e+00
     86   98930.057      98       0  -6.282521200000000e+07   1.858e+09   1.000e+00
     87   99943.231      99       0  -6.282546400000000e+07   9.676e+08   1.000e+00
     88  100956.943     100       0  -6.282571600000000e+07   1.138e+09   1.000e+00
     89  101970.760     101       0  -6.282596000000000e+07   1.249e+09   1.000e+00
     90  102983.868     102       0  -6.282628400000000e+07   2.314e+09   1.000e+00
     91  103996.740     103       0  -6.282658800000000e+07   1.235e+09   1.000e+00
     92  105008.422     104       0  -6.282676800000000e+07   1.062e+09   1.000e+00
     93  106020.180     105       0  -6.282698400000000e+07   1.138e+09   1.000e+00
     94  107032.532     106       0  -6.282716000000000e+07   2.710e+09   1.000e+00
     95  108045.358     107       0  -6.282744400000000e+07   1.069e+09   1.000e+00
     96  109057.229     108       0  -6.282761200000000e+07   9.182e+08   1.000e+00
     97  110070.355     109       0  -6.282780400000000e+07   1.092e+09   1.000e+00
     98  111089.099     110       0  -6.282806000000000e+07   2.156e+09   1.000e+00
     99  112101.710     111       0  -6.282833600000000e+07   1.134e+09   1.000e+00
    100  113114.513     112       0  -6.282850400000000e+07   8.936e+08   1.000e+00
    101  114127.497     113       0  -6.282873200000000e+07   1.069e+09   1.000e+00
    102  115139.029     114       0  -6.282886800000000e+07   2.383e+09   1.000e+00
    103  116150.626     115       0  -6.282909600000000e+07   1.151e+09   1.000e+00
    104  117162.539     116       0  -6.282928800000000e+07   9.398e+08   1.000e+00
    105  118174.994     117       0  -6.282944400000000e+07   1.087e+09   1.000e+00
    106  119187.914     118       0  -6.282970000000000e+07   2.044e+09   1.000e+00
    107  120199.614     119       0  -6.282994000000000e+07   1.333e+09   1.000e+00
    108  121210.180     120       0  -6.283009600000000e+07   8.687e+08   1.000e+00
    109  122222.364     121       0  -6.283032800000000e+07   1.001e+09   1.000e+00
    110  123234.689     122       0  -6.283049600000000e+07   1.634e+09   1.000e+00
    111  124247.012     123       0  -6.283073600000000e+07   1.178e+09   1.000e+00
    112  125259.381     124       0  -6.283103600000000e+07   1.156e+09   1.000e+00
    113  126270.845     125       0  -6.283121600000000e+07   1.782e+09   1.000e+00
    114  127284.446     126       0  -6.283140000000000e+07   1.086e+09   1.000e+00
    115  128296.548     127       0  -6.283163600000000e+07   9.321e+08   1.000e+00
    116  129307.641     128       0  -6.283180800000000e+07   1.101e+09   1.000e+00
    117  130321.376     129       0  -6.283204000000000e+07   2.167e+09   1.000e+00
    118  131335.501     130       0  -6.283228000000000e+07   1.048e+09   1.000e+00
    119  132347.893     131       0  -6.283242000000000e+07   9.230e+08   1.000e+00
    120  133359.352     132       0  -6.283262800000000e+07   1.036e+09   1.000e+00
    121  134371.117     133       0  -6.283275600000000e+07   2.788e+09   1.000e+00
    122  135383.247     134       0  -6.283300000000000e+07   1.088e+09   1.000e+00
    123  136394.530     135       0  -6.283315200000000e+07   7.807e+08   1.000e+00
    124  137405.876     136       0  -6.283330400000000e+07   9.941e+08   1.000e+00
    125  138416.946     137       0  -6.283355600000000e+07   1.274e+09   1.000e+00
    126  139436.849     138       0  -6.283366000000000e+07   2.742e+09   1.000e+00
    127  140453.795     139       0  -6.283394400000000e+07   8.092e+08   1.000e+00
    128  141475.505     140       0  -6.283403200000000e+07   7.751e+08   1.000e+00
    129  142501.920     141       0  -6.283422800000000e+07   1.021e+09   1.000e+00
    130  143522.387     142       0  -6.283452000000000e+07   2.069e+09   1.000e+00
    131  144534.066     143       0  -6.283480400000000e+07   1.311e+09   1.000e+00
    132  145545.328     144       0  -6.283502800000000e+07   9.327e+08   1.000e+00
    133  146556.206     145       0  -6.283528000000000e+07   1.143e+09   1.000e+00
    134  147567.137     146       0  -6.283544000000000e+07   1.691e+09   1.000e+00
    135  148578.811     147       0  -6.283560400000000e+07   9.994e+08   1.000e+00
    136  149591.309     148       0  -6.283586000000000e+07   9.667e+08   1.000e+00
    137  150602.704     149       0  -6.283604800000000e+07   1.105e+09   1.000e+00
    138  151614.962     150       0  -6.283630800000000e+07   2.737e+09   1.000e+00
    139  152632.446     151       0  -6.283660000000000e+07   1.015e+09   1.000e+00
    140  153654.209     152       0  -6.283675600000000e+07   8.690e+08   1.000e+00
    141  154673.526     153       0  -6.283692000000000e+07   9.979e+08   1.000e+00
    142  155690.667     154       0  -6.283721600000000e+07   1.685e+09   1.000e+00
    143  156722.682     155       0  -6.283751600000000e+07   1.544e+09   1.000e+00
    144  157754.015     156       0  -6.283769600000000e+07   8.835e+08   1.000e+00
    145  158772.112     157       0  -6.283790400000000e+07   9.656e+08   1.000e+00
    146  159792.995     158       0  -6.283811200000000e+07   1.200e+09   1.000e+00
    147  160811.321     159       0  -6.283837200000000e+07   1.438e+09   1.000e+00
    148  161831.461     160       0  -6.283857200000000e+07   9.545e+08   1.000e+00
    149  162852.228     161       0  -6.283878800000000e+07   9.813e+08   1.000e+00
    150  163871.402     162       0  -6.283899600000000e+07   1.328e+09   1.000e+00
    151  164888.727     163       0  -6.283925600000000e+07   1.012e+09   1.000e+00
    152  165908.394     164       0  -6.283945600000000e+07   1.475e+09   1.000e+00
    153  166937.848     165       0  -6.283964400000000e+07   9.419e+08   1.000e+00
    154  167968.082     166       0  -6.283980800000000e+07   8.839e+08   1.000e+00
    155  168986.421     167       0  -6.284001200000000e+07   1.467e+09   1.000e+00
    156  170003.646     168       0  -6.284022400000000e+07   1.131e+09   1.000e+00
    157  171019.959     169       0  -6.284036400000000e+07   8.934e+08   1.000e+00
    158  172053.147     170       0  -6.284055600000000e+07   9.969e+08   1.000e+00
    159  173070.767     171       0  -6.284070800000000e+07   1.049e+09   1.000e+00
    160  174099.492     172       0  -6.284086400000000e+07   9.633e+08   1.000e+00
    161  175133.980     173       0  -6.284114000000000e+07   1.712e+09   1.000e+00
    162  176164.933     174       0  -6.284132000000000e+07   1.100e+09   1.000e+00
    163  177185.002     175       0  -6.284144400000000e+07   8.380e+08   1.000e+00
    164  178207.121     176       0  -6.284168400000000e+07   8.870e+08   1.000e+00
    165  179226.814     177       0  -6.284182000000000e+07   2.486e+09   1.000e+00
    166  180247.555     178       0  -6.284202800000000e+07   1.118e+09   1.000e+00
    167  181266.899     179       0  -6.284217600000000e+07   7.609e+08   1.000e+00
    168  182286.193     180       0  -6.284230000000000e+07   8.959e+08   1.000e+00
    169  183303.249     181       0  -6.284248400000000e+07   1.257e+09   1.000e+00
    170  184323.505     182       0  -6.284262400000000e+07   2.010e+09   1.000e+00
    171  185342.658     183       0  -6.284278800000000e+07   8.515e+08   1.000e+00
    172  186362.505     184       0  -6.284290000000000e+07   8.142e+08   1.000e+00
    173  187379.310     185       0  -6.284302400000000e+07   1.021e+09   1.000e+00
    174  188395.895     186       0  -6.284325600000000e+07   1.907e+09   1.000e+00
    175  189411.614     187       0  -6.284346400000000e+07   1.050e+09   1.000e+00
    176  190430.696     188       0  -6.284358000000000e+07   7.103e+08   1.000e+00
    177  191446.708     189       0  -6.284372000000000e+07   8.286e+08   1.000e+00
    178  192466.741     190       0  -6.284383600000000e+07   1.430e+09   1.000e+00
    179  193484.277     191       0  -6.284398400000000e+07   8.358e+08   1.000e+00
    180  194504.542     192       0  -6.284412400000000e+07   7.263e+08   1.000e+00
    181  195522.848     193       0  -6.284422400000000e+07   1.111e+09   1.000e+00
    182  196543.382     194       0  -6.284434400000000e+07   8.316e+08   1.000e+00
    183  197563.644     195       0  -6.284448800000000e+07   9.583e+08   1.000e+00
    184  198582.459     196       0  -6.284458000000000e+07   1.306e+09   1.000e+00
    185  199602.698     197       0  -6.284468000000000e+07   7.775e+08   1.000e+00
    186  200623.515     198       0  -6.284478800000000e+07   7.310e+08   1.000e+00
    187  201640.370     199       0  -6.284488000000000e+07   8.781e+08   1.000e+00
    188  202660.212     200       0  -6.284494400000000e+07   1.786e+09   1.000e+00
    189  203679.349     201       0  -6.284507600000000e+07   7.297e+08   1.000e+00
    190  204700.783     202       0  -6.284513200000000e+07   6.406e+08   1.000e+00
    191  205718.179     203       0  -6.284520400000000e+07   7.148e+08   1.000e+00
    192  206736.972     204       0  -6.284522000000000e+07   2.197e+09   1.000e+00
    193  207754.089     205       0  -6.284534800000000e+07   8.066e+08   1.000e+00
    194  208774.745     206       0  -6.284541200000000e+07   5.380e+08   1.000e+00
    195  209793.831     207       0  -6.284545600000000e+07   6.988e+08   1.000e+00
    196  210814.035     208       0  -6.284554800000000e+07   8.637e+08   1.000e+00
    197  212830.790     210       0  -6.284560400000000e+07   1.020e+09   4.236e-01
    198  213842.022     211       0  -6.284567600000000e+07   6.052e+08   1.000e+00
    199  214853.889     212       0  -6.284575200000000e+07   6.054e+08   1.000e+00
    200  215865.217     213       0  -6.284584400000000e+07   1.155e+09   1.000e+00
    201  216877.176     214       0  -6.284596000000000e+07   9.418e+08   1.000e+00
    202  217889.804     215       0  -6.284604000000000e+07   7.753e+08   1.000e+00
    203  218901.121     216       0  -6.284620000000000e+07   9.330e+08   1.000e+00
    204  219912.906     217       0  -6.284629200000000e+07   1.453e+09   1.000e+00
    205  220924.383     218       0  -6.284638400000000e+07   8.113e+08   1.000e+00
    206  221935.415     219       0  -6.284648000000000e+07   6.136e+08   1.000e+00
    207  222946.793     220       0  -6.284654800000000e+07   6.599e+08   1.000e+00
    208  223957.869     221       0  -6.284662000000000e+07   1.689e+09   1.000e+00
    209  224969.270     222       0  -6.284675200000000e+07   5.988e+08   1.000e+00
    210  225981.066     223       0  -6.284681600000000e+07   6.171e+08   1.000e+00
    211  226992.606     224       0  -6.284694000000000e+07   8.084e+08   1.000e+00
    212  228004.377     225       0  -6.284700800000000e+07   2.027e+09   1.000e+00
    213  229015.174     226       0  -6.284714400000000e+07   7.490e+08   1.000e+00
    214  230026.432     227       0  -6.284721200000000e+07   5.703e+08   1.000e+00
    215  231037.606     228       0  -6.284730000000000e+07   6.770e+08   1.000e+00
    216  232055.769     229       0  -6.284741200000000e+07   1.232e+09   1.000e+00
    217  233066.759     230       0  -6.284754400000000e+07   6.284e+08   1.000e+00
    218  234077.250     231       0  -6.284762800000000e+07   5.754e+08   1.000e+00
    219  235088.637     232       0  -6.284775200000000e+07   8.855e+08   1.000e+00
    220  236100.182     233       0  -6.284785600000000e+07   1.192e+09   1.000e+00
    221  237111.506     234       0  -6.284794000000000e+07   7.293e+08   1.000e+00
    222  238122.925     235       0  -6.284805600000000e+07   6.687e+08   1.000e+00
    223  239134.968     236       0  -6.284815200000000e+07   7.158e+08   1.000e+00
    224  240147.060     237       0  -6.284824000000000e+07   1.647e+09   1.000e+00
    225  241158.706     238       0  -6.284836000000000e+07   6.113e+08   1.000e+00
    226  242170.846     239       0  -6.284839600000000e+07   5.389e+08   1.000e+00
    227  243182.999     240       0  -6.284846800000000e+07   6.464e+08   1.000e+00
    228  244194.441     241       0  -6.284854800000000e+07   1.721e+09   1.000e+00
    229  245206.564     242       0  -6.284865200000000e+07   7.360e+08   1.000e+00
    230  246217.582     243       0  -6.284870800000000e+07   5.160e+08   1.000e+00
    231  247229.283     244       0  -6.284877600000000e+07   5.861e+08   1.000e+00
    232  248240.577     245       0  -6.284887600000000e+07   8.047e+08   1.000e+00
    233  249260.728     246       0  -6.284895200000000e+07   1.233e+09   1.000e+00
    234  250271.644     247       0  -6.284903600000000e+07   5.162e+08   1.000e+00
    235  251282.832     248       0  -6.284908000000000e+07   5.869e+08   1.000e+00
    236  252294.435     249       0  -6.284915600000000e+07   7.226e+08   1.000e+00
    237  253306.449     250       0  -6.284924000000000e+07   1.783e+09   1.000e+00
    238  254318.473     251       0  -6.284935200000000e+07   6.757e+08   1.000e+00
    239  255330.123     252       0  -6.284939200000000e+07   4.994e+08   1.000e+00
    240  256342.296     253       0  -6.284944400000000e+07   5.769e+08   1.000e+00
    241  257354.531     254       0  -6.284954400000000e+07   7.373e+08   1.000e+00
    242  258365.956     255       0  -6.284961600000000e+07   1.572e+09   1.000e+00
    243  259378.751     256       0  -6.284970800000000e+07   5.429e+08   1.000e+00
    244  260391.042     257       0  -6.284974800000000e+07   5.154e+08   1.000e+00
    245  261403.855     258       0  -6.284982800000000e+07   6.311e+08   1.000e+00
    246  262420.310     259       0  -6.284990800000000e+07   1.672e+09   1.000e+00
    247  263441.299     260       0  -6.284999600000000e+07   7.255e+08   1.000e+00
    248  264453.977     261       0  -6.285005600000000e+07   5.197e+08   1.000e+00
    249  265466.219     262       0  -6.285011200000000e+07   6.223e+08   1.000e+00
    250  266482.944     263       0  -6.285020800000000e+07   7.353e+08   1.000e+00
    251  268481.455     265       0  -6.285027600000000e+07   1.234e+09   4.353e-01
    252  269499.366     266       0  -6.285036400000000e+07   6.933e+08   1.000e+00
    253  270519.511     267       0  -6.285042800000000e+07   5.288e+08   1.000e+00
    254  271538.818     268       0  -6.285050400000000e+07   6.720e+08   1.000e+00
    255  272556.608     269       0  -6.285058800000000e+07   1.245e+09   1.000e+00
    256  273583.445     270       0  -6.285066400000000e+07   6.715e+08   1.000e+00
    257  274602.443     271       0  -6.285074000000000e+07   5.712e+08   1.000e+00
    258  275621.228     272       0  -6.285080400000000e+07   6.773e+08   1.000e+00
    259  276633.030     273       0  -6.285086400000000e+07   1.549e+09   1.000e+00
    260  277651.103     274       0  -6.285094800000000e+07   5.985e+08   1.000e+00
    261  278670.152     275       0  -6.285100000000000e+07   4.852e+08   1.000e+00
    262  279691.108     276       0  -6.285103600000000e+07   5.655e+08   1.000e+00
    263  280708.371     277       0  -6.285112800000000e+07   9.734e+08   1.000e+00
    264  281728.752     278       0  -6.285120000000000e+07   9.129e+08   1.000e+00
    265  282747.698     279       0  -6.285126400000000e+07   5.233e+08   1.000e+00
    266  283767.253     280       0  -6.285132400000000e+07   5.678e+08   1.000e+00
    267  284786.758     281       0  -6.285136000000000e+07   7.034e+08   1.000e+00
    268  285804.797     282       0  -6.285142400000000e+07   5.708e+08   1.000e+00
    269  286823.387     283       0  -6.285149600000000e+07   5.363e+08   1.000e+00
    270  287838.997     284       0  -6.285155600000000e+07   1.241e+09   1.000e+00
    271  288858.663     285       0  -6.285162800000000e+07   5.544e+08   1.000e+00
    272  289876.365     286       0  -6.285167200000000e+07   5.015e+08   1.000e+00
    273  290895.787     287       0  -6.285174000000000e+07   6.115e+08   1.000e+00
    274  291920.741     288       0  -6.285182000000000e+07   1.362e+09   1.000e+00
    275  292938.812     289       0  -6.285190000000000e+07   6.551e+08   1.000e+00
    276  293959.708     290       0  -6.285194800000000e+07   4.204e+08   1.000e+00
    277  294975.040     291       0  -6.285198400000000e+07   4.873e+08   1.000e+00
    278  295992.263     292       0  -6.285204800000000e+07   8.992e+08   1.000e+00
    279  297011.783     293       0  -6.285211600000000e+07   5.801e+08   1.000e+00
    280  298030.936     294       0  -6.285217200000000e+07   4.858e+08   1.000e+00
    281  299051.083     295       0  -6.285225200000000e+07   7.412e+08   1.000e+00
    282  300068.309     296       0  -6.285230400000000e+07   1.088e+09   1.000e+00
    283  301086.981     297       0  -6.285235600000000e+07   5.435e+08   1.000e+00
    284  302103.582     298       0  -6.285240400000000e+07   4.648e+08   1.000e+00
    285  303124.105     299       0  -6.285245600000000e+07   5.427e+08   1.000e+00
    286  304144.487     300       0  -6.285254000000000e+07   1.333e+09   1.000e+00
    287  305162.796     301       0  -6.285262400000000e+07   5.752e+08   1.000e+00
    288  306182.541     302       0  -6.285267600000000e+07   4.598e+08   1.000e+00
    289  307193.828     303       0  -6.285272800000000e+07   5.265e+08   1.000e+00
    290  308212.930     304       0  -6.285280000000000e+07   9.894e+08   1.000e+00
    291  309230.154     305       0  -6.285289200000000e+07   6.259e+08   1.000e+00
    292  310251.306     306       0  -6.285296000000000e+07   4.987e+08   1.000e+00
    293  311270.737     307       0  -6.285301600000000e+07   6.320e+08   1.000e+00
    294  312287.745     308       0  -6.285305600000000e+07   7.212e+08   1.000e+00
    295  313307.359     309       0  -6.285311200000000e+07   5.280e+08   1.000e+00
    296  314326.322     310       0  -6.285319600000000e+07   5.607e+08   1.000e+00
    297  315343.923     311       0  -6.285322400000000e+07   9.920e+08   1.000e+00
    298  316362.339     312       0  -6.285326800000000e+07   5.515e+08   1.000e+00
    299  317379.972     313       0  -6.285332400000000e+07   4.596e+08   1.000e+00
    300  318396.127     314       0  -6.285336800000000e+07   5.144e+08   1.000e+00
    301  319414.523     315       0  -6.285341200000000e+07   1.504e+09   1.000e+00
    302  320430.765     316       0  -6.285348400000000e+07   5.049e+08   1.000e+00
    303  321447.317     317       0  -6.285352000000000e+07   4.106e+08   1.000e+00
    304  322463.747     318       0  -6.285356400000000e+07   5.022e+08   1.000e+00
    305  323480.237     319       0  -6.285362800000000e+07   9.588e+08   1.000e+00
    306  324491.997     320       0  -6.285368400000000e+07   6.248e+08   1.000e+00
    307  325511.314     321       0  -6.285374000000000e+07   4.477e+08   1.000e+00
    308  326532.124     322       0  -6.285378000000000e+07   6.043e+08   1.000e+00
    309  327552.973     323       0  -6.285382000000000e+07   7.121e+08   1.000e+00
    310  328570.845     324       0  -6.285386400000000e+07   5.154e+08   1.000e+00
    311  329591.597     325       0  -6.285392800000000e+07   5.002e+08   1.000e+00
    312  330603.760     326       0  -6.285397200000000e+07   6.882e+08   1.000e+00
    313  331619.710     327       0  -6.285401200000000e+07   5.183e+08   1.000e+00
    314  332638.839     328       0  -6.285405600000000e+07   7.735e+08   1.000e+00
    315  333659.235     329       0  -6.285409600000000e+07   4.614e+08   1.000e+00
    316  334678.560     330       0  -6.285412800000000e+07   4.516e+08   1.000e+00
    317  335695.595     331       0  -6.285418000000000e+07   7.490e+08   1.000e+00
    318  336712.169     332       0  -6.285421600000000e+07   9.132e+08   1.000e+00
    319  337732.717     333       0  -6.285426000000000e+07   5.118e+08   1.000e+00
    320  338750.994     334       0  -6.285430400000000e+07   4.426e+08   1.000e+00
    321  339771.950     335       0  -6.285433600000000e+07   4.935e+08   1.000e+00
    322  340782.998     336       0  -6.285436000000000e+07   1.204e+09   1.000e+00
    323  341802.976     337       0  -6.285440000000000e+07   4.237e+08   1.000e+00
    324  342819.892     338       0  -6.285443600000000e+07   4.132e+08   1.000e+00
    325  343837.053     339       0  -6.285448400000000e+07   5.192e+08   1.000e+00
    326  344855.072     340       0  -6.285454800000000e+07   1.099e+09   1.000e+00
    327  345872.273     341       0  -6.285460400000000e+07   6.045e+08   1.000e+00
    328  346888.397     342       0  -6.285464400000000e+07   4.185e+08   1.000e+00
    329  347904.166     343       0  -6.285468000000000e+07   4.886e+08   1.000e+00
    330  348924.216     344       0  -6.285472800000000e+07   7.806e+08   1.000e+00
    331  349942.726     345       0  -6.285476400000000e+07   4.555e+08   1.000e+00
    332  350963.372     346       0  -6.285480800000000e+07   4.562e+08   1.000e+00
    333  351990.278     347       0  -6.285485600000000e+07   5.282e+08   1.000e+00
    334  353022.055     348       0  -6.285490000000000e+07   1.554e+09   1.000e+00
    335  354053.728     349       0  -6.285497600000000e+07   5.445e+08   1.000e+00
    336  355087.285     350       0  -6.285501200000000e+07   3.628e+08   1.000e+00
    337  356118.530     351       0  -6.285504800000000e+07   4.444e+08   1.000e+00
    338  357149.557     352       0  -6.285510400000000e+07   5.439e+08   1.000e+00
    339  358184.032     353       0  -6.285516800000000e+07   1.360e+09   1.000e+00
    340  359219.208     354       0  -6.285524000000000e+07   4.568e+08   1.000e+00
    341  360245.249     355       0  -6.285525600000000e+07   3.675e+08   1.000e+00
    342  361272.622     356       0  -6.285530000000000e+07   4.267e+08   1.000e+00
    343  362299.248     357       0  -6.285533600000000e+07   1.232e+09   1.000e+00
    344  363328.265     358       0  -6.285539200000000e+07   5.742e+08   1.000e+00
    345  364354.165     359       0  -6.285543600000000e+07   3.810e+08   1.000e+00
    346  365381.677     360       0  -6.285547200000000e+07   4.325e+08   1.000e+00
    347  366408.925     361       0  -6.285553600000000e+07   5.549e+08   1.000e+00
    348  367436.872     362       0  -6.285554400000000e+07   1.629e+09   1.000e+00
    349  368464.407     363       0  -6.285562400000000e+07   4.522e+08   1.000e+00
    350  369491.740     364       0  -6.285564000000000e+07   3.408e+08   1.000e+00
    351  370521.320     365       0  -6.285567600000000e+07   4.473e+08   1.000e+00
    352  371537.642     366       0  -6.285573600000000e+07   5.995e+08   1.000e+00
    353  372569.072     367       0  -6.285579600000000e+07   1.130e+09   1.000e+00
    354  373602.396     368       0  -6.285584800000000e+07   3.826e+08   1.000e+00
    355  374633.486     369       0  -6.285586800000000e+07   3.609e+08   1.000e+00
    356  375665.944     370       0  -6.285590000000000e+07   4.100e+08   1.000e+00
    357  376698.544     371       0  -6.285594400000000e+07   1.354e+09   1.000e+00
    358  377729.505     372       0  -6.285600000000000e+07   5.010e+08   1.000e+00
    359  378762.330     373       0  -6.285602400000000e+07   3.358e+08   1.000e+00
    360  379794.160     374       0  -6.285606800000000e+07   4.213e+08   1.000e+00
    361  380826.841     375       0  -6.285611600000000e+07   5.499e+08   1.000e+00
    362  381849.788     376       0  -6.285618000000000e+07   1.141e+09   1.000e+00
    363  382866.236     377       0  -6.285622800000000e+07   3.937e+08   1.000e+00
    364  383882.832     378       0  -6.285624000000000e+07   3.838e+08   1.000e+00
    365  384914.216     379       0  -6.285629200000000e+07   4.794e+08   1.000e+00
    366  385946.585     380       0  -6.285635600000000e+07   1.221e+09   1.000e+00
    367  386973.154     381       0  -6.285641600000000e+07   5.604e+08   1.000e+00
    368  388001.139     382       0  -6.285645200000000e+07   3.874e+08   1.000e+00
    369  389028.833     383       0  -6.285648400000000e+07   4.353e+08   1.000e+00
    370  390058.079     384       0  -6.285655200000000e+07   5.195e+08   1.000e+00
    371  391085.336     385       0  -6.285656800000000e+07   1.705e+09   1.000e+00
    372  392112.432     386       0  -6.285664000000000e+07   4.541e+08   1.000e+00
    373  393142.839     387       0  -6.285666000000000e+07   3.421e+08   1.000e+00
    374  394174.915     388       0  -6.285670000000000e+07   4.534e+08   1.000e+00
    375  395201.583     389       0  -6.285675600000000e+07   6.065e+08   1.000e+00
    376  396234.491     390       0  -6.285680800000000e+07   1.114e+09   1.000e+00
    377  397262.603     391       0  -6.285686400000000e+07   3.972e+08   1.000e+00
    378  398273.864     392       0  -6.285687600000000e+07   3.735e+08   1.000e+00
    379  399306.132     393       0  -6.285693200000000e+07   4.307e+08   1.000e+00
    380  400336.632     394       0  -6.285697200000000e+07   1.377e+09   1.000e+00
    381  401366.624     395       0  -6.285703200000000e+07   5.157e+08   1.000e+00
    382  402399.307     396       0  -6.285706400000000e+07   3.432e+08   1.000e+00
    383  403415.684     397       0  -6.285710400000000e+07   4.222e+08   1.000e+00
    384  404443.272     398       0  -6.285715600000000e+07   5.330e+08   1.000e+00
    385  405472.296     399       0  -6.285720400000000e+07   1.209e+09   1.000e+00
    386  406496.725     400       0  -6.285725200000000e+07   3.820e+08   1.000e+00
    387  407518.583     401       0  -6.285726800000000e+07   3.664e+08   1.000e+00
    388  408540.243     402       0  -6.285730400000000e+07   4.640e+08   1.000e+00
    389  409569.480     403       0  -6.285736000000000e+07   1.070e+09   1.000e+00
    390  410598.599     404       0  -6.285741200000000e+07   5.368e+08   1.000e+00
    391  411629.966     405       0  -6.285744000000000e+07   3.780e+08   1.000e+00
    392  412655.813     406       0  -6.285746400000000e+07   4.309e+08   1.000e+00
    393  413685.155     407       0  -6.285750400000000e+07   6.115e+08   1.000e+00
    394  414714.465     408       0  -6.285754000000000e+07   6.949e+08   1.000e+00
    395  415741.253     409       0  -6.285758000000000e+07   3.988e+08   1.000e+00
    396  416769.237     410       0  -6.285761600000000e+07   4.095e+08   1.000e+00
    397  417798.001     411       0  -6.285764400000000e+07   4.388e+08   1.000e+00
    398  418823.478     412       0  -6.285769600000000e+07   6.317e+08   1.000e+00
    399  419852.637     413       0  -6.285773600000000e+07   4.801e+08   1.000e+00
    400  420881.801     414       0  -6.285776000000000e+07   4.330e+08   1.000e+00
    401  421907.709     415       0  -6.285780800000000e+07   5.979e+08   1.000e+00
    402  422952.136     416       0  -6.285784800000000e+07   5.803e+08   1.000e+00
    403  423982.581     417       0  -6.285788000000000e+07   4.353e+08   1.000e+00
    404  425014.229     418       0  -6.285793600000000e+07   4.264e+08   1.000e+00
    405  426045.639     419       0  -6.285796400000000e+07   5.919e+08   1.000e+00
    406  427074.610     420       0  -6.285800000000000e+07   4.073e+08   1.000e+00
    407  428106.084     421       0  -6.285805600000000e+07   4.028e+08   1.000e+00
    408  429137.595     422       0  -6.285809200000000e+07   7.167e+08   1.000e+00
    409  430168.037     423       0  -6.285812400000000e+07   4.446e+08   1.000e+00
    410  431198.232     424       0  -6.285816800000000e+07   3.689e+08   1.000e+00
    411  432223.728     425       0  -6.285819200000000e+07   4.302e+08   1.000e+00
    412  433252.306     426       0  -6.285825600000000e+07   8.880e+08   1.000e+00
    413  434281.400     427       0  -6.285830800000000e+07   4.896e+08   1.000e+00
    414  435312.010     428       0  -6.285832000000000e+07   3.713e+08   1.000e+00
    415  436341.929     429       0  -6.285836400000000e+07   3.758e+08   1.000e+00
    416  437371.513     430       0  -6.285838800000000e+07   9.202e+08   1.000e+00
    417  438401.324     431       0  -6.285842400000000e+07   4.621e+08   1.000e+00
    418  439429.900     432       0  -6.285845200000000e+07   3.409e+08   1.000e+00
    419  440459.314     433       0  -6.285848800000000e+07   3.650e+08   1.000e+00
    420  441490.680     434       0  -6.285852400000000e+07   6.441e+08   1.000e+00
    421  442534.229     435       0  -6.285856400000000e+07   4.455e+08   1.000e+00
    422  443567.681     436       0  -6.285858800000000e+07   3.936e+08   1.000e+00
    423  444597.836     437       0  -6.285863200000000e+07   4.560e+08   1.000e+00
    424  446611.172     439       0  -6.285865600000000e+07   6.175e+08   5.000e-01
    425  447622.908     440       0  -6.285868000000000e+07   4.198e+08   1.000e+00
    426  448633.392     441       0  -6.285871600000000e+07   3.308e+08   1.000e+00
    427  449644.960     442       0  -6.285872800000000e+07   4.513e+08   1.000e+00
    428  450655.992     443       0  -6.285876800000000e+07   3.935e+08   1.000e+00
    429  451667.200     444       0  -6.285879600000000e+07   7.432e+08   1.000e+00
    430  452679.264     445       0  -6.285883600000000e+07   3.875e+08   1.000e+00
    431  453692.888     446       0  -6.285886000000000e+07   3.452e+08   1.000e+00
    432  454704.732     447       0  -6.285888400000000e+07   4.923e+08   1.000e+00
    433  455716.116     448       0  -6.285890400000000e+07   5.873e+08   1.000e+00
    434  456728.213     449       0  -6.285893200000000e+07   3.698e+08   1.000e+00
    435  457747.542     450       0  -6.285896800000000e+07   3.384e+08   1.000e+00
    436  458758.784     451       0  -6.285898800000000e+07   4.696e+08   1.000e+00
    437  459769.580     452       0  -6.285901200000000e+07   3.896e+08   1.000e+00
    438  460780.575     453       0  -6.285904400000000e+07   7.504e+08   1.000e+00
    439  461792.011     454       0  -6.285908000000000e+07   3.909e+08   1.000e+00
    440  462803.332     455       0  -6.285908800000000e+07   3.272e+08   1.000e+00
    441  463814.902     456       0  -6.285912400000000e+07   4.192e+08   1.000e+00
    442  464826.392     457       0  -6.285914400000000e+07   1.097e+09   1.000e+00
    443  465838.340     458       0  -6.285917600000000e+07   3.977e+08   1.000e+00
    444  466849.441     459       0  -6.285919200000000e+07   2.686e+08   1.000e+00
    445  467867.801     460       0  -6.285921600000000e+07   3.449e+08   1.000e+00
    446  468879.279     461       0  -6.285924000000000e+07   4.545e+08   1.000e+00
    447  469890.727     462       0  -6.285928000000000e+07   5.266e+08   1.000e+00
    448  470901.444     463       0  -6.285930000000000e+07   3.167e+08   1.000e+00
    449  471919.550     464       0  -6.285932800000000e+07   3.922e+08   1.000e+00
    450  472930.279     465       0  -6.285935600000000e+07   4.876e+08   1.000e+00
    451  473941.947     466       0  -6.285938800000000e+07   3.537e+08   1.000e+00
    452  474954.112     467       0  -6.285941200000000e+07   2.996e+08   1.000e+00
    453  475964.871     468       0  -6.285945200000000e+07   5.094e+08   1.000e+00
    454  476976.753     469       0  -6.285948400000000e+07   4.902e+08   1.000e+00
    455  477988.738     470       0  -6.285950400000000e+07   3.592e+08   1.000e+00
    456  479000.017     471       0  -6.285955600000000e+07   4.205e+08   1.000e+00
    457  480011.527     472       0  -6.285957600000000e+07   6.987e+08   1.000e+00
    458  481023.595     473       0  -6.285958400000000e+07   3.573e+08   1.000e+00
    459  482034.616     474       0  -6.285961600000000e+07   2.624e+08   1.000e+00
    460  483058.352     475       0  -6.285963200000000e+07   3.312e+08   1.000e+00
    461  484072.931     476       0  -6.285967600000000e+07   4.037e+08   1.000e+00
    462  486073.424     478       0  -6.285970000000000e+07   7.036e+08   4.516e-01
    463  487085.671     479       0  -6.285972800000000e+07   3.188e+08   1.000e+00
    464  488098.093     480       0  -6.285974800000000e+07   2.926e+08   1.000e+00
    465  489110.412     481       0  -6.285976800000000e+07   3.674e+08   1.000e+00
    466  490121.489     482       0  -6.285978800000000e+07   9.935e+08   1.000e+00
    467  491133.685     483       0  -6.285981200000000e+07   4.032e+08   1.000e+00
    468  492144.531     484       0  -6.285983600000000e+07   2.857e+08   1.000e+00
    469  493154.694     485       0  -6.285985200000000e+07   3.400e+08   1.000e+00
    470  494165.619     486       0  -6.285988000000000e+07   4.002e+08   1.000e+00
    471  495177.368     487       0  -6.285989600000000e+07   1.181e+09   1.000e+00
    472  496188.477     488       0  -6.285993200000000e+07   3.392e+08   1.000e+00
    473  497200.823     489       0  -6.285994800000000e+07   2.499e+08   1.000e+00
    474  498212.295     490       0  -6.285996800000000e+07   3.107e+08   1.000e+00
    475  499224.884     491       0  -6.286000000000000e+07   5.037e+08   1.000e+00
    476  500235.756     492       0  -6.286002400000000e+07   4.304e+08   1.000e+00
    477  501256.301     493       0  -6.286004800000000e+07   3.017e+08   1.000e+00
    478  502275.762     494       0  -6.286006800000000e+07   3.467e+08   1.000e+00
    479  503291.838     495       0  -6.286008000000000e+07   3.977e+08   1.000e+00
    480  504310.236     496       0  -6.286010400000000e+07   3.283e+08   1.000e+00
    481  505330.831     497       0  -6.286013600000000e+07   3.911e+08   1.000e+00
    482  506343.365     498       0  -6.286014400000000e+07   6.877e+08   1.000e+00
    483  507360.754     499       0  -6.286016400000000e+07   2.991e+08   1.000e+00
    484  508380.695     500       0  -6.286017600000000e+07   2.637e+08   1.000e+00
    485  509399.512     501       0  -6.286019600000000e+07   3.409e+08   1.000e+00
    486  510418.928     502       0  -6.286022400000000e+07   5.753e+08   1.000e+00
    487  511438.974     503       0  -6.286025600000000e+07   4.580e+08   1.000e+00
    488  512456.393     504       0  -6.286028000000000e+07   2.751e+08   1.000e+00
    489  513491.190     505       0  -6.286030400000000e+07   2.892e+08   1.000e+00
    490  514511.918     506       0  -6.286032000000000e+07   5.983e+08   1.000e+00
    491  515531.557     507       0  -6.286033600000000e+07   3.415e+08   1.000e+00
    492  516548.855     508       0  -6.286036800000000e+07   2.838e+08   1.000e+00
    493  517569.637     509       0  -6.286038800000000e+07   3.028e+08   1.000e+00
    494  518590.717     510       0  -6.286042000000000e+07   9.343e+08   1.000e+00
    495  519611.843     511       0  -6.286045200000000e+07   3.130e+08   1.000e+00
    496  520631.576     512       0  -6.286046800000000e+07   2.499e+08   1.000e+00
    497  521648.728     513       0  -6.286048400000000e+07   2.929e+08   1.000e+00
    498  522669.271     514       0  -6.286052000000000e+07   5.208e+08   1.000e+00
    499  523687.082     515       0  -6.286056000000000e+07   4.410e+08   1.000e+00
    500  524706.982     516       0  -6.286058400000000e+07   3.120e+08   1.000e+00
    501  525723.839     517       0  -6.286060400000000e+07   3.101e+08   1.000e+00
    502  526740.215     518       0  -6.286062400000000e+07   4.160e+08   1.000e+00
    503  527756.468     519       0  -6.286065200000000e+07   2.717e+08   1.000e+00
    504  528776.346     520       0  -6.286067200000000e+07   2.706e+08   1.000e+00
    505  529795.448     521       0  -6.286070000000000e+07   3.697e+08   1.000e+00
    506  530815.484     522       0  -6.286072400000000e+07   3.577e+08   1.000e+00
    507  531842.306     523       0  -6.286073600000000e+07   2.530e+08   1.000e+00
    508  532869.989     524       0  -6.286076400000000e+07   2.954e+08   1.000e+00
    509  533887.281     525       0  -6.286077600000000e+07   5.327e+08   1.000e+00
    510  534904.526     526       0  -6.286078400000000e+07   3.163e+08   1.000e+00
    511  535916.054     527       0  -6.286081200000000e+07   2.613e+08   1.000e+00
    512  536933.031     528       0  -6.286082000000000e+07   2.911e+08   1.000e+00
    513  537947.824     529       0  -6.286084800000000e+07   5.825e+08   1.000e+00
    514  538963.091     530       0  -6.286086400000000e+07   2.750e+08   1.000e+00
    515  539980.349     531       0  -6.286087600000000e+07   2.569e+08   1.000e+00
    516  541004.897     532       0  -6.286089200000000e+07   3.018e+08   1.000e+00
    517  542028.386     533       0  -6.286089600000000e+07   8.110e+08   1.000e+00
    518  543066.886     534       0  -6.286091200000000e+07   3.014e+08   1.000e+00
    519  544088.863     535       0  -6.286092800000000e+07   2.092e+08   1.000e+00
    520  545116.388     536       0  -6.286094800000000e+07   2.591e+08   1.000e+00
    521  546144.222     537       0  -6.286096800000000e+07   3.536e+08   1.000e+00
    522  547173.907     538       0  -6.286098800000000e+07   4.363e+08   1.000e+00
    523  548198.986     539       0  -6.286099600000000e+07   1.973e+08   1.000e+00
    524  549226.090     540       0  -6.286100000000000e+07   2.498e+08   1.000e+00
    525  550253.496     541       0  -6.286102400000000e+07   3.105e+08   1.000e+00
    526  551279.465     542       0  -6.286104400000000e+07   6.397e+08   1.000e+00
    527  552309.863     543       0  -6.286105600000000e+07   2.926e+08   1.000e+00
    528  553339.233     544       0  -6.286108000000000e+07   2.498e+08   1.000e+00
    529  554367.680     545       0  -6.286109200000000e+07   2.584e+08   1.000e+00
    530  555397.389     546       0  -6.286110000000000e+07   8.824e+08   1.000e+00
    531  556426.166     547       0  -6.286112400000000e+07   2.736e+08   1.000e+00
    532  557457.197     548       0  -6.286113600000000e+07   1.848e+08   1.000e+00
    533  558487.400     549       0  -6.286114000000000e+07   2.601e+08   1.000e+00
    534  559516.199     550       0  -6.286115600000000e+07   3.150e+08   1.000e+00
    535  560545.632     551       0  -6.286117600000000e+07   6.890e+08   1.000e+00
    536  561571.305     552       0  -6.286119600000000e+07   2.632e+08   1.000e+00
    537  562609.959     553       0  -6.286120000000000e+07   2.061e+08   1.000e+00
    538  563635.074     554       0  -6.286121200000000e+07   2.620e+08   1.000e+00
    539  564665.762     555       0  -6.286121600000000e+07   6.752e+08   1.000e+00
    540  565692.391     556       0  -6.286123600000000e+07   3.159e+08   1.000e+00
    541  566721.739     557       0  -6.286125200000000e+07   2.258e+08   1.000e+00
    542  567750.682     558       0  -6.286126400000000e+07   2.590e+08   1.000e+00
    543  568781.396     559       0  -6.286127600000000e+07   4.972e+08   1.000e+00
    544  569813.197     560       0  -6.286130000000000e+07   3.166e+08   1.000e+00
    545  570839.635     561       0  -6.286131200000000e+07   2.242e+08   1.000e+00
    546  571864.620     562       0  -6.286132000000000e+07   2.572e+08   1.000e+00
    547  572908.239     563       0  -6.286134400000000e+07   4.954e+08   1.000e+00
    548  573937.844     564       0  -6.286136000000000e+07   2.912e+08   1.000e+00
    549  574968.171     565       0  -6.286137600000000e+07   2.367e+08   1.000e+00
    550  575998.188     566       0  -6.286138800000000e+07   2.708e+08   1.000e+00
    551  577027.388     567       0  -6.286141200000000e+07   4.924e+08   1.000e+00
    552  578058.060     568       0  -6.286142800000000e+07   2.411e+08   1.000e+00
    553  579085.332     569       0  -6.286144000000000e+07   2.432e+08   1.000e+00
    554  580114.897     570       0  -6.286146000000000e+07   3.087e+08   1.000e+00
    555  581147.118     571       0  -6.286146400000000e+07   7.229e+08   1.000e+00
    556  582172.964     572       0  -6.286148000000000e+07   2.849e+08   1.000e+00
    557  583200.702     573       0  -6.286149200000000e+07   2.238e+08   1.000e+00
    558  584229.989     574       0  -6.286150800000000e+07   2.636e+08   1.000e+00
    559  585259.671     575       0  -6.286153200000000e+07   5.103e+08   1.000e+00
    560  586289.122     576       0  -6.286154400000000e+07   2.657e+08   1.000e+00
    561  587317.839     577       0  -6.286155600000000e+07   2.160e+08   1.000e+00
    562  588348.377     578       0  -6.286157600000000e+07   3.175e+08   1.000e+00
    563  589377.039     579       0  -6.286159200000000e+07   4.581e+08   1.000e+00
    564  590405.609     580       0  -6.286159600000000e+07   2.813e+08   1.000e+00
    565  591431.337     581       0  -6.286162000000000e+07   2.681e+08   1.000e+00
    566  592461.863     582       0  -6.286163200000000e+07   2.829e+08   1.000e+00
    567  593492.356     583       0  -6.286164000000000e+07   8.327e+08   1.000e+00
    568  594523.559     584       0  -6.286167200000000e+07   2.323e+08   1.000e+00
    569  595552.910     585       0  -6.286168000000000e+07   1.964e+08   1.000e+00
    570  596580.078     586       0  -6.286169200000000e+07   2.524e+08   1.000e+00
    571  597609.799     587       0  -6.286170400000000e+07   4.733e+08   1.000e+00
    572  598639.357     588       0  -6.286173200000000e+07   3.091e+08   1.000e+00
    573  599664.954     589       0  -6.286173600000000e+07   2.425e+08   1.000e+00
    574  600695.019     590       0  -6.286174800000000e+07   3.563e+08   1.000e+00
    575  601726.270     591       0  -6.286176400000000e+07   2.903e+08   1.000e+00
    576  602762.468     592       0  -6.286178000000000e+07   2.693e+08   1.000e+00
    577  603798.251     593       0  -6.286179600000000e+07   3.496e+08   1.000e+00
    578  604827.826     594       0  -6.286182000000000e+07   6.211e+08   1.000e+00
    579  605857.960     595       0  -6.286183200000000e+07   2.900e+08   1.000e+00
    580  606886.918     596       0  -6.286184400000000e+07   2.268e+08   1.000e+00
    581  607916.539     597       0  -6.286186000000000e+07   2.649e+08   1.000e+00
    582  608944.748     598       0  -6.286187600000000e+07   6.425e+08   1.000e+00
    583  609973.903     599       0  -6.286189600000000e+07   2.701e+08   1.000e+00
    584  611004.177     600       0  -6.286190000000000e+07   2.259e+08   1.000e+00
    585  612033.476     601       0  -6.286190800000000e+07   2.677e+08   1.000e+00
    586  613063.143     602       0  -6.286193600000000e+07   4.858e+08   1.000e+00
    587  614093.219     603       0  -6.286195200000000e+07   3.186e+08   1.000e+00
    588  615120.797     604       0  -6.286196000000000e+07   2.231e+08   1.000e+00
    589  616148.407     605       0  -6.286198400000000e+07   2.630e+08   1.000e+00
    590  617178.119     606       0  -6.286199600000000e+07   5.505e+08   1.000e+00
    591  618207.752     607       0  -6.286200800000000e+07   2.933e+08   1.000e+00
    592  619238.186     608       0  -6.286202000000000e+07   2.321e+08   1.000e+00
    593  620268.333     609       0  -6.286203600000000e+07   2.507e+08   1.000e+00
    594  621296.449     610       0  -6.286204800000000e+07   6.041e+08   1.000e+00
    595  622325.566     611       0  -6.286207200000000e+07   2.527e+08   1.000e+00
    596  623356.203     612       0  -6.286208000000000e+07   1.969e+08   1.000e+00
    597  624385.433     613       0  -6.286208800000000e+07   2.427e+08   1.000e+00
    598  625414.487     614       0  -6.286209600000000e+07   6.393e+08   1.000e+00
    599  626440.102     615       0  -6.286211600000000e+07   2.975e+08   1.000e+00
    600  627469.915     616       0  -6.286212800000000e+07   2.179e+08   1.000e+00
    601  628499.746     617       0  -6.286214400000000e+07   2.488e+08   1.000e+00
    602  629528.530     618       0  -6.286216400000000e+07   4.263e+08   1.000e+00
    603  630555.608     619       0  -6.286218000000000e+07   2.878e+08   1.000e+00
    604  631584.760     620       0  -6.286219200000000e+07   1.986e+08   1.000e+00
    605  632613.639     621       0  -6.286220800000000e+07   2.602e+08   1.000e+00
    606  633645.296     622       0  -6.286222400000000e+07   4.317e+08   1.000e+00
    607  634671.642     623       0  -6.286223600000000e+07   2.802e+08   1.000e+00
    608  635702.024     624       0  -6.286227200000000e+07   2.260e+08   1.000e+00
    609  636743.383     625       0  -6.286228000000000e+07   3.505e+08   1.000e+00
    610  637783.618     626       0  -6.286230400000000e+07   2.486e+08   1.000e+00
    611  638822.748     627       0  -6.286232000000000e+07   2.413e+08   1.000e+00
    612  639860.358     628       0  -6.286234000000000e+07   3.172e+08   1.000e+00
    613  640900.100     629       0  -6.286235600000000e+07   2.392e+08   1.000e+00
    614  641937.313     630       0  -6.286236800000000e+07   2.293e+08   1.000e+00
    615  642973.251     631       0  -6.286238800000000e+07   3.401e+08   1.000e+00
    616  644011.343     632       0  -6.286240000000000e+07   2.497e+08   1.000e+00
    617  645049.468     633       0  -6.286242400000000e+07   2.568e+08   1.000e+00
    618  646085.891     634       0  -6.286243200000000e+07   2.321e+08   1.000e+00
    619  647128.100     635       0  -6.286245200000000e+07   2.185e+08   1.000e+00
    620  648164.056     636       0  -6.286246000000000e+07   3.681e+08   1.000e+00
    621  649200.445     637       0  -6.286247600000000e+07   2.283e+08   1.000e+00
    622  650238.303     638       0  -6.286248000000000e+07   2.186e+08   1.000e+00
    623  651273.663     639       0  -6.286250000000000e+07   2.697e+08   1.000e+00
    624  652309.435     640       0  -6.286251200000000e+07   4.836e+08   1.000e+00
    625  653346.996     641       0  -6.286252400000000e+07   2.162e+08   1.000e+00
    626  654386.101     642       0  -6.286253600000000e+07   1.982e+08   1.000e+00
    627  655426.348     643       0  -6.286254400000000e+07   2.234e+08   1.000e+00
    628  656467.751     644       0  -6.286256000000000e+07   4.145e+08   1.000e+00
    629  657506.943     645       0  -6.286258000000000e+07   2.045e+08   1.000e+00
    630  658545.301     646       0  -6.286258400000000e+07   2.131e+08   1.000e+00
    631  659582.888     647       0  -6.286260000000000e+07   2.384e+08   1.000e+00
    632  660617.124     648       0  -6.286261200000000e+07   7.081e+08   1.000e+00
    633  661653.202     649       0  -6.286262800000000e+07   2.354e+08   1.000e+00
    634  677478.174     665       0  -6.286262800000000e+07   2.354e+08   5.382e-06
# Termination: function reduction test satisfied
# Iter.   Time (ms)    Eval. Reject.       Obj. Func.           Grad.       Step
# ---------------------------------------------------------------------------------
      0     984.934       1       0  -6.231495600000000e+07   1.121e+10   0.000e+00
      1   12819.057      13       0  -6.237196400000000e+07   2.139e+10   6.615e-16
      2   13826.479      14       0  -6.241748800000000e+07   1.407e+10   1.000e+00
      3   14841.282      15       0  -6.247410000000000e+07   1.544e+10   1.000e+00
      4   15856.381      16       0  -6.253226800000000e+07   1.870e+10   1.000e+00
      5   16875.639      17       0  -6.256750400000000e+07   2.331e+10   1.000e+00
      6   17897.005      18       0  -6.260476000000000e+07   1.105e+10   1.000e+00
      7   18917.776      19       0  -6.262222400000000e+07   9.011e+09   1.000e+00
      8   19937.054      20       0  -6.263838000000000e+07   9.401e+09   1.000e+00
      9   20954.636      21       0  -6.265604400000000e+07   1.064e+10   1.000e+00
     10   21972.905      22       0  -6.266502800000000e+07   8.022e+09   1.000e+00
     11   22989.941      23       0  -6.267017200000000e+07   5.974e+09   1.000e+00
     12   24009.235      24       0  -6.267845600000000e+07   5.247e+09   1.000e+00
     13   25026.011      25       0  -6.268368000000000e+07   9.868e+09   1.000e+00
     14   26044.968      26       0  -6.268808000000000e+07   4.568e+09   1.000e+00
     15   27062.315      27       0  -6.269130400000000e+07   3.656e+09   1.000e+00
     16   28081.201      28       0  -6.269424000000000e+07   3.900e+09   1.000e+00
     17   29103.143      29       0  -6.269916400000000e+07   7.044e+09   1.000e+00
     18   30129.356      30       0  -6.270310400000000e+07   4.161e+09   1.000e+00
     19   31154.825      31       0  -6.270466800000000e+07   2.939e+09   1.000e+00
     20   32183.545      32       0  -6.270782400000000e+07   2.961e+09   1.000e+00
     21   33214.150      33       0  -6.271037600000000e+07   6.267e+09   1.000e+00
     22   34244.262      34       0  -6.271251600000000e+07   3.195e+09   1.000e+00
     23   35276.379      35       0  -6.271488400000000e+07   2.639e+09   1.000e+00
     24   36307.945      36       0  -6.271671200000000e+07   2.899e+09   1.000e+00
     25   37339.187      37       0  -6.271973600000000e+07   5.895e+09   1.000e+00
     26   38371.893      38       0  -6.272217200000000e+07   3.000e+09   1.000e+00
     27   39403.552      39       0  -6.272309600000000e+07   2.351e+09   1.000e+00
     28   40435.673      40       0  -6.272507600000000e+07   2.586e+09   1.000e+00
     29   41467.774      41       0  -6.272611200000000e+07   6.951e+09   1.000e+00
     30   42484.605      42       0  -6.272756400000000e+07   2.590e+09   1.000e+00
     31   43500.707      43       0  -6.272845600000000e+07   1.825e+09   1.000e+00
     32   44531.567      44       0  -6.272956400000000e+07   2.295e+09   1.000e+00
     33   45569.790      45       0  -6.273120000000000e+07   2.756e+09   1.000e+00
     34   46600.615      46       0  -6.273193600000000e+07   6.830e+09   1.000e+00
     35   47630.676      47       0  -6.273366400000000e+07   1.849e+09   1.000e+00
     36   48660.067      48       0  -6.273418000000000e+07   1.614e+09   1.000e+00
     37   49690.033      49       0  -6.273523600000000e+07   2.101e+09   1.000e+00
     38   50720.752      50       0  -6.273643200000000e+07   4.694e+09   1.000e+00
     39   51752.076      51       0  -6.273758800000000e+07   2.198e+09   1.000e+00
     40   52768.650      52       0  -6.273835200000000e+07   1.721e+09   1.000e+00
     41   53786.708      53       0  -6.273906800000000e+07   1.991e+09   1.000e+00
     42   54806.568      54       0  -6.274016800000000e+07   3.383e+09   1.000e+00
     43   55835.725      55       0  -6.274118400000000e+07   2.128e+09   1.000e+00
     44   56867.072      56       0  -6.274177200000000e+07   1.560e+09   1.000e+00
     45   57893.702      57       0  -6.274264800000000e+07   1.903e+09   1.000e+00
     46   58925.116      58       0  -6.274326000000000e+07   3.257e+09   1.000e+00
     47   59955.513      59       0  -6.274381200000000e+07   1.855e+09   1.000e+00
     48   60982.601      60       0  -6.274460800000000e+07   1.488e+09   1.000e+00
     49   62012.292      61       0  -6.274516400000000e+07   1.651e+09   1.000e+00
     50   63044.403      62       0  -6.274593600000000e+07   4.882e+09   1.000e+00
     51   64076.443      63       0  -6.274680400000000e+07   1.506e+09   1.000e+00
     52   65114.516      64       0  -6.274708800000000e+07   1.227e+09   1.000e+00
     53   66143.923      65       0  -6.274768000000000e+07   1.459e+09   1.000e+00
     54   67172.006      66       0  -6.274842800000000e+07   3.338e+09   1.000e+00
     55   68199.979      67       0  -6.274913200000000e+07   1.689e+09   1.000e+00
     56   69220.203      68       0  -6.274966000000000e+07   1.259e+09   1.000e+00
     57   70241.490      69       0  -6.275016000000000e+07   1.505e+09   1.000e+00
     58   71270.305      70       0  -6.275088000000000e+07   2.854e+09   1.000e+00
     59   72300.507      71       0  -6.275146800000000e+07   1.552e+09   1.000e+00
     60   73330.187      72       0  -6.275188400000000e+07   1.344e+09   1.000e+00
     61   74361.483      73       0  -6.275244400000000e+07   1.523e+09   1.000e+00
     62   75409.423      74       0  -6.275306800000000e+07   3.612e+09   1.000e+00
     63   76444.458      75       0  -6.275359600000000e+07   1.489e+09   1.000e+00
     64   77485.577      76       0  -6.275395200000000e+07   1.140e+09   1.000e+00
     65   78522.024      77       0  -6.275438400000000e+07   1.360e+09   1.000e+00
     66   79562.102      78       0  -6.275518000000000e+07   1.846e+09   1.000e+00
     67   80587.023      79       0  -6.275591600000000e+07   4.046e+09   1.000e+00
     68   81626.965      80       0  -6.275646800000000e+07   1.274e+09   1.000e+00
     69   82665.408      81       0  -6.275668000000000e+07   1.097e+09   1.000e+00
     70   83705.333      82       0  -6.275711200000000e+07   1.332e+09   1.000e+00
     71   84744.584      83       0  -6.275782000000000e+07   3.053e+09   1.000e+00
     72   85782.098      84       0  -6.275842400000000e+07   1.569e+09   1.000e+00
     73   86819.965      85       0  -6.275886400000000e+07   1.171e+09   1.000e+00
     74   87858.055      86       0  -6.275930000000000e+07   1.399e+09   1.000e+00
     75   88896.947      87       0  -6.275988000000000e+07   2.108e+09   1.000e+00
     76   89935.272      88       0  -6.276038800000000e+07   1.761e+09   1.000e+00
     77   90971.540      89       0  -6.276066400000000e+07   1.098e+09   1.000e+00
     78   92011.533      90       0  -6.276100800000000e+07   1.246e+09   1.000e+00
     79   93047.644      91       0  -6.276133200000000e+07   1.645e+09   1.000e+00
     80   94084.138      92       0  -6.276172800000000e+07   1.169e+09   1.000e+00
     81   95132.940      93       0  -6.276216000000000e+07   1.185e+09   1.000e+00
     82   96168.585      94       0  -6.276241200000000e+07   2.457e+09   1.000e+00
     83   97207.150      95       0  -6.276266000000000e+07   1.040e+09   1.000e+00
     84   98242.026      96       0  -6.276282000000000e+07   8.823e+08   1.000e+00
     85   99278.039      97       0  -6.276304800000000e+07   1.104e+09   1.000e+00
     86  100316.581      98       0  -6.276333600000000e+07   2.583e+09   1.000e+00
     87  101356.483      99       0  -6.276361600000000e+07   1.087e+09   1.000e+00
     88  102391.955     100       0  -6.276378400000000e+07   7.631e+08   1.000e+00
     89  103432.793     101       0  -6.276392800000000e+07   8.495e+08   1.000e+00
     90  104471.665     102       0  -6.276418800000000e+07   1.220e+09   1.000e+00
     91  105518.508     103       0  -6.276442400000000e+07   1.551e+09   1.000e+00
     92  106542.511     104       0  -6.276459200000000e+07   7.464e+08   1.000e+00
     93  107577.799     105       0  -6.276472000000000e+07   8.397e+08   1.000e+00
     94  108616.321     106       0  -6.276488800000000e+07   1.037e+09   1.000e+00
     95  109651.934     107       0  -6.276510000000000e+07   1.631e+09   1.000e+00
     96  110693.256     108       0  -6.276525600000000e+07   8.107e+08   1.000e+00
     97  111731.149     109       0  -6.276538800000000e+07   8.350e+08   1.000e+00
     98  112766.214     110       0  -6.276555200000000e+07   9.331e+08   1.000e+00
     99  113789.303     111       0  -6.276566800000000e+07   2.420e+09   1.000e+00
    100  114826.513     112       0  -6.276584800000000e+07   7.310e+08   1.000e+00
    101  115864.791     113       0  -6.276592400000000e+07   5.895e+08   1.000e+00
    102  116898.886     114       0  -6.276602400000000e+07   7.223e+08   1.000e+00
    103  117935.690     115       0  -6.276615600000000e+07   1.241e+09   1.000e+00
    104  118974.732     116       0  -6.276631200000000e+07   8.267e+08   1.000e+00
    105  120013.724     117       0  -6.276642000000000e+07   6.424e+08   1.000e+00
    106  121053.690     118       0  -6.276656400000000e+07   9.522e+08   1.000e+00
    107  122089.979     119       0  -6.276663200000000e+07   1.381e+09   1.000e+00
    108  123128.347     120       0  -6.276670800000000e+07   7.368e+08   1.000e+00
    109  124161.740     121       0  -6.276680800000000e+07   5.964e+08   1.000e+00
    110  125201.489     122       0  -6.276688800000000e+07   7.228e+08   1.000e+00
    111  126246.914     123       0  -6.276704800000000e+07   1.271e+09   1.000e+00
    112  127287.942     124       0  -6.276716000000000e+07   1.252e+09   1.000e+00
    113  128320.706     125       0  -6.276724400000000e+07   5.785e+08   1.000e+00
    114  129355.030     126       0  -6.276732000000000e+07   6.150e+08   1.000e+00
    115  130373.208     127       0  -6.276740400000000e+07   7.233e+08   1.000e+00
    116  131406.645     128       0  -6.276751200000000e+07   1.741e+09   1.000e+00
    117  132440.266     129       0  -6.276762000000000e+07   6.923e+08   1.000e+00
    118  133475.259     130       0  -6.276768800000000e+07   5.500e+08   1.000e+00
    119  134503.740     131       0  -6.276775200000000e+07   5.897e+08   1.000e+00
    120  135547.180     132       0  -6.276786000000000e+07   1.106e+09   1.000e+00
    121  136581.069     133       0  -6.276798000000000e+07   6.209e+08   1.000e+00
    122  137596.679     134       0  -6.276804400000000e+07   5.065e+08   1.000e+00
    123  138640.367     135       0  -6.276818800000000e+07   6.400e+08   1.000e+00
    124  139684.595     136       0  -6.276825200000000e+07   1.706e+09   1.000e+00
    125  140727.686     137       0  -6.276834000000000e+07   6.586e+08   1.000e+00
    126  141767.711     138       0  -6.276838800000000e+07   4.289e+08   1.000e+00
    127  142812.319     139       0  -6.276846000000000e+07   5.503e+08   1.000e+00
    128  143855.986     140       0  -6.276856400000000e+07   6.600e+08   1.000e+00
    129  144900.440     141       0  -6.276862800000000e+07   2.117e+09   1.000e+00
    130  145944.001     142       0  -6.276875200000000e+07   5.099e+08   1.000e+00
    131  146988.305     143       0  -6.276878000000000e+07   3.980e+08   1.000e+00
    132  148032.477     144       0  -6.276885200000000e+07   4.861e+08   1.000e+00
    133  149076.378     145       0  -6.276896000000000e+07   7.216e+08   1.000e+00
    134  150097.636     146       0  -6.276907200000000e+07   1.043e+09   1.000e+00
    135  151139.714     147       0  -6.276913200000000e+07   4.736e+08   1.000e+00
    136  152185.285     148       0  -6.276917600000000e+07   4.705e+08   1.000e+00
    137  153228.293     149       0  -6.276924000000000e+07   5.570e+08   1.000e+00
    138  154271.975     150       0  -6.276930400000000e+07   1.637e+09   1.000e+00
    139  155320.702     151       0  -6.276938400000000e+07   5.545e+08   1.000e+00
    140  156364.074     152       0  -6.276942800000000e+07   4.016e+08   1.000e+00
    141  157401.258     153       0  -6.276948400000000e+07   4.991e+08   1.000e+00
    142  158439.795     154       0  -6.276956800000000e+07   6.528e+08   1.000e+00
    143  159478.309     155       0  -6.276968000000000e+07   1.027e+09   1.000e+00
    144  160521.132     156       0  -6.276973200000000e+07   4.378e+08   1.000e+00
    145  161565.361     157       0  -6.276977200000000e+07   5.095e+08   1.000e+00
    146  162608.459     158       0  -6.276984000000000e+07   6.033e+08   1.000e+00
    147  163652.334     159       0  -6.276991600000000e+07   1.586e+09   1.000e+00
    148  164697.097     160       0  -6.276999600000000e+07   5.831e+08   1.000e+00
    149  165739.757     161       0  -6.277004400000000e+07   4.160e+08   1.000e+00
    150  166779.088     162       0  -6.277009200000000e+07   4.814e+08   1.000e+00
    151  167824.504     163       0  -6.277017600000000e+07   5.431e+08   1.000e+00
    152  168868.488     164       0  -6.277024800000000e+07   1.458e+09   1.000e+00
    153  169912.903     165       0  -6.277032400000000e+07   4.369e+08   1.000e+00
    154  170956.426     166       0  -6.277034800000000e+07   3.827e+08   1.000e+00
    155  172000.319     167       0  -6.277041200000000e+07   4.737e+08   1.000e+00
    156  173044.288     168       0  -6.277046800000000e+07   1.331e+09   1.000e+00
    157  174064.723     169       0  -6.277052400000000e+07   5.563e+08   1.000e+00
    158  175104.213     170       0  -6.277057200000000e+07   3.997e+08   1.000e+00
    159  176148.060     171       0  -6.277061600000000e+07   4.827e+08   1.000e+00
    160  177186.454     172       0  -6.277070400000000e+07   5.535e+08   1.000e+00
    161  178228.391     173       0  -6.277072000000000e+07   1.985e+09   1.000e+00
    162  179269.043     174       0  -6.277082800000000e+07   5.108e+08   1.000e+00
    163  180293.249     175       0  -6.277084800000000e+07   3.410e+08   1.000e+00
    164  181317.998     176       0  -6.277090800000000e+07   4.168e+08   1.000e+00
    165  182340.365     177       0  -6.277097200000000e+07   5.232e+08   1.000e+00
    166  183363.716     178       0  -6.277106400000000e+07   1.048e+09   1.000e+00
    167  184400.553     179       0  -6.277111600000000e+07   4.045e+08   1.000e+00
    168  185428.436     180       0  -6.277114000000000e+07   3.831e+08   1.000e+00
    169  186461.128     181       0  -6.277118400000000e+07   4.481e+08   1.000e+00
    170  187493.476     182       0  -6.277124400000000e+07   1.314e+09   1.000e+00
    171  188540.971     183       0  -6.277129200000000e+07   4.936e+08   1.000e+00
    172  189591.484     184       0  -6.277132800000000e+07   3.368e+08   1.000e+00
    173  190636.964     185       0  -6.277136800000000e+07   4.180e+08   1.000e+00
    174  191683.312     186       0  -6.277144000000000e+07   5.601e+08   1.000e+00
    175  192729.789     187       0  -6.277150800000000e+07   8.368e+08   1.000e+00
    176  193780.820     188       0  -6.277153200000000e+07   3.317e+08   1.000e+00
    177  194828.044     189       0  -6.277154800000000e+07   3.877e+08   1.000e+00
    178  195870.786     190       0  -6.277158000000000e+07   4.881e+08   1.000e+00
    179  196920.536     191       0  -6.277162400000000e+07   1.114e+09   1.000e+00
    180  197973.402     192       0  -6.277167600000000e+07   4.613e+08   1.000e+00
    181  199032.927     193       0  -6.277171200000000e+07   3.349e+08   1.000e+00
    182  200079.815     194       0  -6.277173200000000e+07   3.652e+08   1.000e+00
    183  201130.337     195       0  -6.277178400000000e+07   4.738e+08   1.000e+00
    184  202191.677     196       0  -6.277182400000000e+07   1.051e+09   1.000e+00
    185  203250.650     197       0  -6.277186400000000e+07   3.496e+08   1.000e+00
    186  204307.298     198       0  -6.277188000000000e+07   3.213e+08   1.000e+00
    187  205368.122     199       0  -6.277191600000000e+07   3.940e+08   1.000e+00
    188  206425.843     200       0  -6.277193600000000e+07   1.148e+09   1.000e+00
    189  207487.920     201       0  -6.277198000000000e+07   4.067e+08   1.000e+00
    190  208518.290     202       0  -6.277199600000000e+07   2.742e+08   1.000e+00
    191  209547.032     203       0  -6.277202000000000e+07   3.390e+08   1.000e+00
    192  210575.335     204       0  -6.277204800000000e+07   3.812e+08   1.000e+00
    193  211602.595     205       0  -6.277207600000000e+07   1.119e+09   1.000e+00
    194  212635.970     206       0  -6.277212800000000e+07   3.333e+08   1.000e+00
    195  213664.301     207       0  -6.277214400000000e+07   2.619e+08   1.000e+00
    196  214697.186     208       0  -6.277216800000000e+07   3.169e+08   1.000e+00
    197  215732.403     209       0  -6.277218800000000e+07   8.137e+08   1.000e+00
    198  216766.100     210       0  -6.277221600000000e+07   4.034e+08   1.000e+00
    199  217800.540     211       0  -6.277224400000000e+07   2.852e+08   1.000e+00
    200  218836.798     212       0  -6.277225600000000e+07   3.282e+08   1.000e+00
    201  219872.769     213       0  -6.277228000000000e+07   5.711e+08   1.000e+00
    202  220909.107     214       0  -6.277230800000000e+07   4.209e+08   1.000e+00
    203  221944.321     215       0  -6.277231600000000e+07   3.037e+08   1.000e+00
    204  222977.102     216       0  -6.277234400000000e+07   3.262e+08   1.000e+00
    205  224011.134     217       0  -6.277236000000000e+07   5.894e+08   1.000e+00
    206  225042.826     218       0  -6.277237200000000e+07   3.450e+08   1.000e+00
    207  226085.500     219       0  -6.277240000000000e+07   2.654e+08   1.000e+00
    208  227116.272     220       0  -6.277241600000000e+07   2.805e+08   1.000e+00
    209  228147.765     221       0  -6.277242000000000e+07   9.912e+08   1.000e+00
    210  229184.557     222       0  -6.277245600000000e+07   2.728e+08   1.000e+00
    211  230212.304     223       0  -6.277246400000000e+07   2.234e+08   1.000e+00
    212  231248.322     224       0  -6.277247600000000e+07   2.829e+08   1.000e+00
    213  232280.705     225       0  -6.277250400000000e+07   5.512e+08   1.000e+00
    214  233315.769     226       0  -6.277252800000000e+07   3.466e+08   1.000e+00
    215  234351.240     227       0  -6.277254400000000e+07   2.577e+08   1.000e+00
    216  235388.318     228       0  -6.277258000000000e+07   3.508e+08   1.000e+00
    217  236423.740     229       0  -6.277258800000000e+07   3.110e+08   1.000e+00
    218  237454.737     230       0  -6.277260800000000e+07   2.749e+08   1.000e+00
    219  238488.235     231       0  -6.277264000000000e+07   3.572e+08   1.000e+00
    220  239521.527     232       0  -6.277265600000000e+07   5.155e+08   1.000e+00
    221  240553.921     233       0  -6.277267600000000e+07   2.783e+08   1.000e+00
    222  241588.882     234       0  -6.277269600000000e+07   2.393e+08   1.000e+00
    223  242623.551     235       0  -6.277271200000000e+07   2.824e+08   1.000e+00
    224  243652.128     236       0  -6.277274400000000e+07   6.784e+08   1.000e+00
    225  244685.390     237       0  -6.277276000000000e+07   2.587e+08   1.000e+00
    226  245718.956     238       0  -6.277277200000000e+07   2.475e+08   1.000e+00
    227  246752.566     239       0  -6.277279600000000e+07   2.759e+08   1.000e+00
    228  247789.629     240       0  -6.277281200000000e+07   7.080e+08   1.000e+00
    229  248821.035     241       0  -6.277284000000000e+07   3.024e+08   1.000e+00
    230  249855.796     242       0  -6.277285600000000e+07   2.254e+08   1.000e+00
    231  250887.005     243       0  -6.277287600000000e+07   2.679e+08   1.000e+00
    232  251919.056     244       0  -6.277290400000000e+07   3.951e+08   1.000e+00
    233  252951.195     245       0  -6.277293600000000e+07   4.998e+08   1.000e+00
    234  253984.127     246       0  -6.277294800000000e+07   2.286e+08   1.000e+00
    235  255018.732     247       0  -6.277295200000000e+07   2.512e+08   1.000e+00
    236  256067.157     248       0  -6.277296800000000e+07   2.856e+08   1.000e+00
    237  257100.241     249       0  -6.277299600000000e+07   7.735e+08   1.000e+00
    238  258133.657     250       0  -6.277302000000000e+07   2.953e+08   1.000e+00
    239  259161.216     251       0  -6.277302800000000e+07   2.321e+08   1.000e+00
    240  260185.755     252       0  -6.277304000000000e+07   2.723e+08   1.000e+00
    241  261217.788     253       0  -6.277306400000000e+07   3.343e+08   1.000e+00
    242  262258.310     254       0  -6.277308800000000e+07   9.160e+08   1.000e+00
    243  263306.967     255       0  -6.277310800000000e+07   2.442e+08   1.000e+00
    244  278973.873     271       0  -6.277310800000000e+07   2.442e+08   7.995e-09
# Termination: function reduction test satisfied
# Iter.   Time (ms)    Eval. Reject.       Obj. Func.           Grad.       Step
# ---------------------------------------------------------------------------------
      0     974.468       1       0  -6.172972800000000e+07   1.121e+10   0.000e+00
      1   11710.897      12       0  -6.176350400000000e+07   3.275e+10   1.086e-15
      2   12705.261      13       0  -6.183616800000000e+07   1.473e+10   1.000e+00
      3   13700.901      14       0  -6.187176000000000e+07   1.150e+10   1.000e+00
      4   14696.683      15       0  -6.192639200000000e+07   1.432e+10   1.000e+00
      5   15693.921      16       0  -6.197260000000000e+07   2.340e+10   1.000e+00
      6   16693.000      17       0  -6.201098400000000e+07   2.135e+10   1.000e+00
      7   17692.246      18       0  -6.203100000000000e+07   9.197e+09   1.000e+00
      8   18690.847      19       0  -6.204543200000000e+07   7.196e+09   1.000e+00
      9   19689.624      20       0  -6.206293600000000e+07   7.963e+09   1.000e+00
     10   20687.921      21       0  -6.207294800000000e+07   1.602e+10   1.000e+00
     11   21686.710      22       0  -6.208467200000000e+07   6.290e+09   1.000e+00
     12   22685.137      23       0  -6.208884800000000e+07   5.091e+09   1.000e+00
     13   23684.910      24       0  -6.209363600000000e+07   5.334e+09   1.000e+00
     14   24683.861      25       0  -6.210075600000000e+07   8.574e+09   1.000e+00
     15   25682.491      26       0  -6.210586400000000e+07   5.165e+09   1.000e+00
     16   26681.945      27       0  -6.210774800000000e+07   3.360e+09   1.000e+00
     17   27680.415      28       0  -6.211105200000000e+07   3.065e+09   1.000e+00
     18   28679.923      29       0  -6.211433200000000e+07   5.371e+09   1.000e+00
     19   29679.205      30       0  -6.211726400000000e+07   3.388e+09   1.000e+00
     20   30679.020      31       0  -6.212005200000000e+07   2.980e+09   1.000e+00
     21   31678.402      32       0  -6.212255600000000e+07   3.816e+09   1.000e+00
     22   32677.830      33       0  -6.212512400000000e+07   3.197e+09   1.000e+00
     23   33675.404      34       0  -6.212762400000000e+07   3.210e+09   1.000e+00
     24   34673.799      35       0  -6.213000400000000e+07   3.465e+09   1.000e+00
     25   35672.423      36       0  -6.213165600000000e+07   2.738e+09   1.000e+00
     26   36671.402      37       0  -6.213348000000000e+07   2.509e+09   1.000e+00
     27   37670.057      38       0  -6.213516000000000e+07   3.435e+09   1.000e+00
     28   38669.063      39       0  -6.213665200000000e+07   2.550e+09   1.000e+00
     29   39669.546      40       0  -6.213802400000000e+07   2.212e+09   1.000e+00
     30   40672.040      41       0  -6.213950000000000e+07   2.765e+09   1.000e+00
     31   41671.517      42       0  -6.214104000000000e+07   2.701e+09   1.000e+00
     32   42670.549      43       0  -6.214211200000000e+07   2.171e+09   1.000e+00
     33   43669.941      44       0  -6.214313200000000e+07   2.091e+09   1.000e+00
     34   44669.468      45       0  -6.214414800000000e+07   2.904e+09   1.000e+00
     35   45668.515      46       0  -6.214503200000000e+07   1.914e+09   1.000e+00
     36   46667.703      47       0  -6.214596000000000e+07   1.872e+09   1.000e+00
     37   47666.866      48       0  -6.214701200000000e+07   2.828e+09   1.000e+00
     38   48671.770      49       0  -6.214787200000000e+07   2.088e+09   1.000e+00
     39   49678.701      50       0  -6.214837600000000e+07   1.531e+09   1.000e+00
     40   50678.496      51       0  -6.214916400000000e+07   1.740e+09   1.000e+00
     41   51677.713      52       0  -6.214990000000000e+07   2.418e+09   1.000e+00
     42   52676.638      53       0  -6.215064800000000e+07   1.768e+09   1.000e+00
     43   53674.859      54       0  -6.215158000000000e+07   1.877e+09   1.000e+00
     44   54674.160      55       0  -6.215216800000000e+07   2.590e+09   1.000e+00
     45   55673.397      56       0  -6.215254800000000e+07   1.464e+09   1.000e+00
     46   56672.459      57       0  -6.215299600000000e+07   1.277e+09   1.000e+00
     47   57671.253      58       0  -6.215348400000000e+07   1.575e+09   1.000e+00
     48   58670.380      59       0  -6.215435600000000e+07   2.814e+09   1.000e+00
     49   59670.317      60       0  -6.215498400000000e+07   1.819e+09   1.000e+00
     50   60669.548      61       0  -6.215523600000000e+07   1.297e+09   1.000e+00
     51   61668.562      62       0  -6.215579600000000e+07   1.254e+09   1.000e+00
     52   62668.338      63       0  -6.215619600000000e+07   2.349e+09   1.000e+00
     53   63667.830      64       0  -6.215650800000000e+07   1.371e+09   1.000e+00
     54   64666.909      65       0  -6.215700000000000e+07   1.061e+09   1.000e+00
     55   65666.241      66       0  -6.215733200000000e+07   1.156e+09   1.000e+00
     56   66664.735      67       0  -6.215804800000000e+07   1.670e+09   1.000e+00
     57   67663.524      68       0  -6.215849600000000e+07   2.159e+09   1.000e+00
     58   68662.867      69       0  -6.215868400000000e+07   1.315e+09   1.000e+00
     59   69661.084      70       0  -6.215906000000000e+07   9.663e+08   1.000e+00
     60   70659.914      71       0  -6.215940000000000e+07   1.074e+09   1.000e+00
     61   71658.981      72       0  -6.215994000000000e+07   2.837e+09   1.000e+00
     62   72658.703      73       0  -6.216025600000000e+07   9.078e+08   1.000e+00
     63   73657.132      74       0  -6.216035600000000e+07   8.026e+08   1.000e+00
     64   74656.177      75       0  -6.216065200000000e+07   9.978e+08   1.000e+00
     65   75655.930      76       0  -6.216115200000000e+07   2.133e+09   1.000e+00
     66   76655.583      77       0  -6.216162800000000e+07   1.220e+09   1.000e+00
     67   77654.446      78       0  -6.216198400000000e+07   8.659e+08   1.000e+00
     68   78654.168      79       0  -6.216232800000000e+07   1.051e+09   1.000e+00
     69   79652.670      80       0  -6.216270400000000e+07   1.450e+09   1.000e+00
     70   80651.912      81       0  -6.216288400000000e+07   9.160e+08   1.000e+00
     71   81651.373      82       0  -6.216322800000000e+07   9.751e+08   1.000e+00
     72   82650.300      83       0  -6.216352000000000e+07   1.100e+09   1.000e+00
     73   83649.627      84       0  -6.216406000000000e+07   1.929e+09   1.000e+00
     74   84648.737      85       0  -6.216432800000000e+07   9.659e+08   1.000e+00
     75   85654.392      86       0  -6.216448000000000e+07   8.347e+08   1.000e+00
     76   86652.896      87       0  -6.216469600000000e+07   8.877e+08   1.000e+00
     77   87650.942      88       0  -6.216501200000000e+07   2.467e+09   1.000e+00
     78   88649.824      89       0  -6.216525200000000e+07   9.494e+08   1.000e+00
     79   89649.235      90       0  -6.216542000000000e+07   7.239e+08   1.000e+00
     80   90649.053      91       0  -6.216562800000000e+07   8.570e+08   1.000e+00
     81   91647.939      92       0  -6.216596800000000e+07   1.329e+09   1.000e+00
     82   92646.865      93       0  -6.216633600000000e+07   1.429e+09   1.000e+00
     83   93646.247      94       0  -6.216644400000000e+07   6.790e+08   1.000e+00
     84   94645.797      95       0  -6.216656800000000e+07   7.670e+08   1.000e+00
     85   95645.312      96       0  -6.216673200000000e+07   8.926e+08   1.000e+00
     86   96644.165      97       0  -6.216704000000000e+07   1.891e+09   1.000e+00
     87   97643.191      98       0  -6.216724000000000e+07   8.143e+08   1.000e+00
     88   98642.707      99       0  -6.216734800000000e+07   6.866e+08   1.000e+00
     89   99642.322     100       0  -6.216749600000000e+07   6.963e+08   1.000e+00
     90  100641.837     101       0  -6.216768000000000e+07   1.627e+09   1.000e+00
     91  101640.748     102       0  -6.216784800000000e+07   6.809e+08   1.000e+00
     92  102639.781     103       0  -6.216792400000000e+07   5.525e+08   1.000e+00
     93  103640.056     104       0  -6.216804000000000e+07   6.939e+08   1.000e+00
     94  104639.664     105       0  -6.216819600000000e+07   1.216e+09   1.000e+00
     95  105638.900     106       0  -6.216833200000000e+07   6.646e+08   1.000e+00
     96  106639.203     107       0  -6.216840800000000e+07   5.055e+08   1.000e+00
     97  107638.994     108       0  -6.216850000000000e+07   6.037e+08   1.000e+00
     98  108638.611     109       0  -6.216858800000000e+07   1.076e+09   1.000e+00
     99  109637.740     110       0  -6.216865600000000e+07   5.819e+08   1.000e+00
    100  110640.216     111       0  -6.216872400000000e+07   4.822e+08   1.000e+00
    101  111642.528     112       0  -6.216878000000000e+07   5.178e+08   1.000e+00
    102  112642.416     113       0  -6.216883600000000e+07   1.720e+09   1.000e+00
    103  113641.716     114       0  -6.216891600000000e+07   5.095e+08   1.000e+00
    104  114641.126     115       0  -6.216894400000000e+07   3.495e+08   1.000e+00
    105  115646.849     116       0  -6.216899200000000e+07   4.545e+08   1.000e+00
    106  116647.663     117       0  -6.216904000000000e+07   5.415e+08   1.000e+00
    107  117647.399     118       0  -6.216907200000000e+07   1.681e+09   1.000e+00
    108  118647.219     119       0  -6.216916000000000e+07   4.750e+08   1.000e+00
    109  119646.431     120       0  -6.216917600000000e+07   3.450e+08   1.000e+00
    110  120646.903     121       0  -6.216921200000000e+07   3.997e+08   1.000e+00
    111  121652.057     122       0  -6.216926000000000e+07   5.247e+08   1.000e+00
    112  122658.948     123       0  -6.216930400000000e+07   1.029e+09   1.000e+00
    113  123664.149     124       0  -6.216935600000000e+07   3.769e+08   1.000e+00
    114  124663.894     125       0  -6.216937200000000e+07   3.387e+08   1.000e+00
    115  125664.090     126       0  -6.216941200000000e+07   3.985e+08   1.000e+00
    116  126662.670     127       0  -6.216945200000000e+07   1.159e+09   1.000e+00
    117  127662.179     128       0  -6.216950400000000e+07   4.503e+08   1.000e+00
    118  128663.810     129       0  -6.216953200000000e+07   2.944e+08   1.000e+00
    119  129667.296     130       0  -6.216956000000000e+07   3.471e+08   1.000e+00
    120  130669.655     131       0  -6.216959600000000e+07   3.796e+08   1.000e+00
    121  131670.340     132       0  -6.216962400000000e+07   1.308e+09   1.000e+00
    122  132669.663     133       0  -6.216967200000000e+07   3.148e+08   1.000e+00
    123  133667.806     134       0  -6.216968400000000e+07   2.482e+08   1.000e+00
    124  134671.392     135       0  -6.216971600000000e+07   3.257e+08   1.000e+00
    125  135672.196     136       0  -6.216976800000000e+07   6.204e+08   1.000e+00
    126  136672.626     137       0  -6.216980000000000e+07   3.898e+08   1.000e+00
    127  137674.641     138       0  -6.216982000000000e+07   2.649e+08   1.000e+00
    128  138675.287     139       0  -6.216984800000000e+07   3.507e+08   1.000e+00
    129  139675.086     140       0  -6.216986400000000e+07   3.059e+08   1.000e+00
    130  140676.442     141       0  -6.216988800000000e+07   2.671e+08   1.000e+00
    131  141677.194     142       0  -6.216991600000000e+07   5.310e+08   1.000e+00
    132  142677.968     143       0  -6.216992800000000e+07   3.303e+08   1.000e+00
    133  143679.101     144       0  -6.216994400000000e+07   2.266e+08   1.000e+00
    134  144680.753     145       0  -6.216996000000000e+07   2.010e+08   1.000e+00
    135  145680.170     146       0  -6.216997600000000e+07   4.360e+08   1.000e+00
    136  146682.900     147       0  -6.216999600000000e+07   2.584e+08   1.000e+00
    137  147687.268     148       0  -6.217000000000000e+07   1.922e+08   1.000e+00
    138  148691.034     149       0  -6.217002000000000e+07   2.374e+08   1.000e+00
    139  149695.596     150       0  -6.217002800000000e+07   2.116e+08   1.000e+00
    140  150700.102     151       0  -6.217005200000000e+07   3.631e+08   1.000e+00
    141  151707.608     152       0  -6.217006800000000e+07   2.423e+08   1.000e+00
    142  152714.349     153       0  -6.217008000000000e+07   2.164e+08   1.000e+00
    143  153718.765     154       0  -6.217009600000000e+07   4.069e+08   1.000e+00
    144  154723.551     155       0  -6.217010400000000e+07   2.322e+08   1.000e+00
    145  155727.056     156       0  -6.217011200000000e+07   1.810e+08   1.000e+00
    146  156730.790     157       0  -6.217012400000000e+07   1.977e+08   1.000e+00
    147  157734.633     158       0  -6.217013600000000e+07   3.480e+08   1.000e+00
    148  158749.436     159       0  -6.217014400000000e+07   2.072e+08   1.000e+00
    149  159753.620     160       0  -6.217016000000000e+07   1.692e+08   1.000e+00
    150  160755.173     161       0  -6.217016400000000e+07   1.913e+08   1.000e+00
    151  161759.632     162       0  -6.217018400000000e+07   2.079e+08   1.000e+00
    152  162763.090     163       0  -6.217019200000000e+07   2.475e+08   1.000e+00
    153  163777.004     164       0  -6.217019600000000e+07   2.195e+08   1.000e+00
    154  164793.304     165       0  -6.217020800000000e+07   2.880e+08   1.000e+00
    155  165810.531     166       0  -6.217021600000000e+07   2.204e+08   1.000e+00
    156  166828.885     167       0  -6.217022400000000e+07   1.932e+08   1.000e+00
    157  167842.476     168       0  -6.217024400000000e+07   2.332e+08   1.000e+00
    158  168859.507     169       0  -6.217024800000000e+07   3.264e+08   1.000e+00
    159  169878.114     170       0  -6.217025200000000e+07   1.451e+08   1.000e+00
    160  170891.874     171       0  -6.217026000000000e+07   1.143e+08   1.000e+00
    161  171910.131     172       0  -6.217026800000000e+07   1.585e+08   1.000e+00
    162  172928.400     173       0  -6.217028400000000e+07   2.676e+08   1.000e+00
    163  173944.637     174       0  -6.217028800000000e+07   1.543e+08   1.000e+00
    164  174959.002     175       0  -6.217030000000000e+07   1.385e+08   1.000e+00
    165  175975.459     176       0  -6.217031600000000e+07   1.767e+08   1.000e+00
    166  193578.326     194       0  -6.217031600000000e+07   1.767e+08   3.759e-06
# Termination: function reduction test satisfied
# Iter.   Time (ms)    Eval. Reject.       Obj. Func.           Grad.       Step
# ---------------------------------------------------------------------------------
      0     974.868       1       0  -5.587748000000000e+07   1.121e+10   0.000e+00
      1    9765.027      10       0  -5.587771200000000e+07   3.795e+10   1.343e-15
      2   10760.979      11       0  -5.598541200000000e+07   1.535e+10   1.000e+00
      3   11757.349      12       0  -5.601570000000000e+07   1.172e+10   1.000e+00
      4   12756.216      13       0  -5.605997200000000e+07   1.113e+10   1.000e+00
      5   13752.885      14       0  -5.611728400000000e+07   1.835e+10   1.000e+00
      6   14752.215      15       0  -5.614059600000000e+07   2.553e+10   1.000e+00
      7   15750.427      16       0  -5.617056800000000e+07   1.282e+10   1.000e+00
      8   16749.497      17       0  -5.618144000000000e+07   1.153e+10   1.000e+00
      9   17747.998      18       0  -5.619412400000000e+07   6.633e+09   1.000e+00
     10   18753.633      19       0  -5.621022000000000e+07   5.705e+09   1.000e+00
     11   19759.520      20       0  -5.621886400000000e+07   9.721e+09   1.000e+00
     12   20768.334      21       0  -5.622680400000000e+07   5.033e+09   1.000e+00
     13   21776.485      22       0  -5.623170400000000e+07   4.082e+09   1.000e+00
     14   22797.013      23       0  -5.623596000000000e+07   5.221e+09   1.000e+00
     15   23805.843      24       0  -5.624055200000000e+07   4.030e+09   1.000e+00
     16   24822.701      25       0  -5.624374400000000e+07   3.381e+09   1.000e+00
     17   25838.537      26       0  -5.624677600000000e+07   3.347e+09   1.000e+00
     18   26853.328      27       0  -5.624926800000000e+07   3.483e+09   1.000e+00
     19   27870.173      28       0  -5.625190800000000e+07   2.668e+09   1.000e+00
     20   28887.422      29       0  -5.625456400000000e+07   3.453e+09   1.000e+00
     21   29905.617      30       0  -5.625662400000000e+07   3.443e+09   1.000e+00
     22   30922.496      31       0  -5.625796000000000e+07   2.331e+09   1.000e+00
     23   31939.202      32       0  -5.625976800000000e+07   2.080e+09   1.000e+00
     24   32956.330      33       0  -5.626153200000000e+07   4.155e+09   1.000e+00
     25   33975.880      34       0  -5.626292000000000e+07   2.385e+09   1.000e+00
     26   34995.030      35       0  -5.626434400000000e+07   1.939e+09   1.000e+00
     27   36019.798      36       0  -5.626554400000000e+07   2.406e+09   1.000e+00
     28   37042.482      37       0  -5.626720800000000e+07   2.640e+09   1.000e+00
     29   38067.832      38       0  -5.626826400000000e+07   2.451e+09   1.000e+00
     30   39092.829      39       0  -5.626907600000000e+07   1.890e+09   1.000e+00
     31   40119.569      40       0  -5.627003200000000e+07   1.848e+09   1.000e+00
     32   41141.707      41       0  -5.627088800000000e+07   3.049e+09   1.000e+00
     33   42167.909      42       0  -5.627156400000000e+07   1.657e+09   1.000e+00
     34   43192.618      43       0  -5.627230000000000e+07   1.409e+09   1.000e+00
     35   44219.669      44       0  -5.627291600000000e+07   1.617e+09   1.000e+00
     36   45247.379      45       0  -5.627391200000000e+07   2.391e+09   1.000e+00
     37   46271.013      46       0  -5.627449600000000e+07   1.597e+09   1.000e+00
     38   47291.366      47       0  -5.627486400000000e+07   1.505e+09   1.000e+00
     39   48312.586      48       0  -5.627560800000000e+07   1.558e+09   1.000e+00
     40   49340.143      49       0  -5.627617600000000e+07   3.827e+09   1.000e+00
     41   50367.348      50       0  -5.627656800000000e+07   1.300e+09   1.000e+00
     42   51388.346      51       0  -5.627681200000000e+07   9.114e+08   1.000e+00
     43   52415.081      52       0  -5.627719200000000e+07   1.131e+09   1.000e+00
     44   53450.491      53       0  -5.627771200000000e+07   1.652e+09   1.000e+00
     45   54476.099      54       0  -5.627836000000000e+07   1.580e+09   1.000e+00
     46   55500.820      55       0  -5.627866800000000e+07   1.022e+09   1.000e+00
     47   56528.141      56       0  -5.627912000000000e+07   1.162e+09   1.000e+00
     48   57556.208      57       0  -5.627946800000000e+07   1.698e+09   1.000e+00
     49   58584.594      58       0  -5.627977600000000e+07   9.917e+08   1.000e+00
     50   59611.303      59       0  -5.628013200000000e+07   8.510e+08   1.000e+00
     51   60634.040      60       0  -5.628041200000000e+07   1.234e+09   1.000e+00
     52   61660.411      61       0  -5.628076400000000e+07   9.645e+08   1.000e+00
     53   62688.699      62       0  -5.628122800000000e+07   1.117e+09   1.000e+00
     54   63715.970      63       0  -5.628161600000000e+07   1.815e+09   1.000e+00
     55   64744.400      64       0  -5.628172000000000e+07   7.792e+08   1.000e+00
     56   65767.573      65       0  -5.628181600000000e+07   7.004e+08   1.000e+00
     57   66791.159      66       0  -5.628202800000000e+07   8.665e+08   1.000e+00
     58   67815.761      67       0  -5.628239200000000e+07   2.289e+09   1.000e+00
     59   68839.349      68       0  -5.628266400000000e+07   8.615e+08   1.000e+00
     60   69864.042      69       0  -5.628283200000000e+07   5.963e+08   1.000e+00
     61   70892.445      70       0  -5.628305600000000e+07   6.668e+08   1.000e+00
     62   71926.109      71       0  -5.628340000000000e+07   7.917e+08   1.000e+00
     63   72953.329      72       0  -5.628394400000000e+07   2.369e+09   1.000e+00
     64   73980.143      73       0  -5.628408400000000e+07   6.342e+08   1.000e+00
     65   75009.102      74       0  -5.628412400000000e+07   5.960e+08   1.000e+00
     66   76022.105      75       0  -5.628439200000000e+07   7.501e+08   1.000e+00
     67   77037.971      76       0  -5.628470000000000e+07   2.467e+09   1.000e+00
     68   78061.910      77       0  -5.628486400000000e+07   7.602e+08   1.000e+00
     69   79093.850      78       0  -5.628498800000000e+07   5.307e+08   1.000e+00
     70   80128.589      79       0  -5.628523200000000e+07   6.831e+08   1.000e+00
     71   81163.867      80       0  -5.628555200000000e+07   7.641e+08   1.000e+00
     72   82195.893      81       0  -5.628602400000000e+07   3.138e+09   1.000e+00
     73   83224.259      82       0  -5.628627600000000e+07   7.471e+08   1.000e+00
     74   84260.406      83       0  -5.628632800000000e+07   4.918e+08   1.000e+00
     75   85295.930      84       0  -5.628653200000000e+07   5.922e+08   1.000e+00
     76   86329.220      85       0  -5.628676400000000e+07   8.155e+08   1.000e+00
     77   87361.638      86       0  -5.628711200000000e+07   1.524e+09   1.000e+00
     78   88396.100      87       0  -5.628721600000000e+07   5.960e+08   1.000e+00
     79   89432.115      88       0  -5.628726800000000e+07   5.701e+08   1.000e+00
     80   90463.768      89       0  -5.628740000000000e+07   7.004e+08   1.000e+00
     81   91498.715      90       0  -5.628760800000000e+07   2.044e+09   1.000e+00
     82   92530.276      91       0  -5.628772000000000e+07   7.053e+08   1.000e+00
     83   93563.797      92       0  -5.628780800000000e+07   4.214e+08   1.000e+00
     84   94593.074      93       0  -5.628791200000000e+07   4.904e+08   1.000e+00
     85   95627.088      94       0  -5.628805200000000e+07   5.157e+08   1.000e+00
     86   96656.008      95       0  -5.628830800000000e+07   1.515e+09   1.000e+00
     87   97688.124      96       0  -5.628846400000000e+07   5.116e+08   1.000e+00
     88   98723.214      97       0  -5.628849600000000e+07   3.909e+08   1.000e+00
     89   99752.321      98       0  -5.628858800000000e+07   4.940e+08   1.000e+00
     90  100783.999      99       0  -5.628867600000000e+07   1.624e+09   1.000e+00
     91  101834.008     100       0  -5.628872400000000e+07   4.777e+08   1.000e+00
     92  102869.097     101       0  -5.628876800000000e+07   2.894e+08   1.000e+00
     93  103909.584     102       0  -5.628884400000000e+07   3.813e+08   1.000e+00
     94  104938.942     103       0  -5.628891600000000e+07   4.672e+08   1.000e+00
     95  105969.853     104       0  -5.628909200000000e+07   1.197e+09   1.000e+00
     96  107002.934     105       0  -5.628914400000000e+07   3.611e+08   1.000e+00
     97  108037.392     106       0  -5.628915200000000e+07   3.037e+08   1.000e+00
     98  109071.731     107       0  -5.628918400000000e+07   3.225e+08   1.000e+00
     99  110106.063     108       0  -5.628924400000000e+07   1.204e+09   1.000e+00
    100  111138.634     109       0  -5.628928000000000e+07   4.057e+08   1.000e+00
    101  112173.743     110       0  -5.628931600000000e+07   2.449e+08   1.000e+00
    102  113223.509     111       0  -5.628936400000000e+07   3.091e+08   1.000e+00
    103  114279.894     112       0  -5.628942400000000e+07   3.313e+08   1.000e+00
    104  115325.840     113       0  -5.628952400000000e+07   1.162e+09   1.000e+00
    105  116375.014     114       0  -5.628955600000000e+07   2.719e+08   1.000e+00
    106  134988.529     133       0  -5.628955600000000e+07   2.719e+08   3.808e-06
# Termination: function reduction test satisfied
# Iter.   Time (ms)    Eval. Reject.       Obj. Func.           Grad.       Step
# ---------------------------------------------------------------------------------
      0     975.299       1       0  -6.237991600000000e+07   1.121e+10   0.000e+00
      1   12703.355      13       0  -6.243682800000000e+07   2.140e+10   6.619e-16
      2   13700.248      14       0  -6.248227200000000e+07   1.405e+10   1.000e+00
      3   14696.333      15       0  -6.253862400000000e+07   1.540e+10   1.000e+00
      4   15693.134      16       0  -6.259682000000000e+07   1.867e+10   1.000e+00
      5   16690.438      17       0  -6.263191200000000e+07   2.338e+10   1.000e+00
      6   17689.915      18       0  -6.266926800000000e+07   1.105e+10   1.000e+00
      7   18689.388      19       0  -6.268672400000000e+07   9.017e+09   1.000e+00
      8   19689.298      20       0  -6.270280400000000e+07   9.364e+09   1.000e+00
      9   20687.995      21       0  -6.272047200000000e+07   1.065e+10   1.000e+00
     10   21688.065      22       0  -6.272946000000000e+07   8.049e+09   1.000e+00
     11   22686.431      23       0  -6.273458800000000e+07   5.977e+09   1.000e+00
     12   23685.593      24       0  -6.274285600000000e+07   5.220e+09   1.000e+00
     13   24683.952      25       0  -6.274809200000000e+07   9.818e+09   1.000e+00
     14   25682.181      26       0  -6.275248400000000e+07   4.573e+09   1.000e+00
     15   26681.499      27       0  -6.275572800000000e+07   3.660e+09   1.000e+00
     16   27683.323      28       0  -6.275865200000000e+07   3.897e+09   1.000e+00
     17   28685.054      29       0  -6.276358400000000e+07   7.014e+09   1.000e+00
     18   29684.649      30       0  -6.276750400000000e+07   4.186e+09   1.000e+00
     19   30691.273      31       0  -6.276904400000000e+07   2.930e+09   1.000e+00
     20   31698.767      32       0  -6.277215200000000e+07   2.918e+09   1.000e+00
     21   32706.289      33       0  -6.277472800000000e+07   6.141e+09   1.000e+00
     22   33714.115      34       0  -6.277688400000000e+07   3.184e+09   1.000e+00
     23   34723.263      35       0  -6.277930000000000e+07   2.641e+09   1.000e+00
     24   35730.853      36       0  -6.278113600000000e+07   2.884e+09   1.000e+00
     25   36738.567      37       0  -6.278405200000000e+07   6.331e+09   1.000e+00
     26   37760.257      38       0  -6.278646000000000e+07   2.759e+09   1.000e+00
     27   38767.353      39       0  -6.278736000000000e+07   2.320e+09   1.000e+00
     28   39776.059      40       0  -6.278923600000000e+07   2.916e+09   1.000e+00
     29   40783.741      41       0  -6.279046400000000e+07   6.184e+09   1.000e+00
     30   41791.803      42       0  -6.279176400000000e+07   2.472e+09   1.000e+00
     31   42800.408      43       0  -6.279273200000000e+07   1.889e+09   1.000e+00
     32   43807.307      44       0  -6.279382000000000e+07   2.304e+09   1.000e+00
     33   44814.249      45       0  -6.279561600000000e+07   3.180e+09   1.000e+00
     34   45819.719      46       0  -6.279693600000000e+07   4.836e+09   1.000e+00
     35   46826.971      47       0  -6.279806800000000e+07   1.803e+09   1.000e+00
     36   47835.088      48       0  -6.279873200000000e+07   1.853e+09   1.000e+00
     37   48839.342      49       0  -6.279967600000000e+07   2.222e+09   1.000e+00
     38   49843.922      50       0  -6.280076400000000e+07   5.265e+09   1.000e+00
     39   50851.357      51       0  -6.280187600000000e+07   2.036e+09   1.000e+00
     40   51855.977      52       0  -6.280252000000000e+07   1.765e+09   1.000e+00
     41   52860.736      53       0  -6.280322000000000e+07   2.043e+09   1.000e+00
     42   53867.138      54       0  -6.280444400000000e+07   3.445e+09   1.000e+00
     43   54873.748      55       0  -6.280547600000000e+07   2.854e+09   1.000e+00
     44   55880.926      56       0  -6.280604400000000e+07   1.586e+09   1.000e+00
     45   56892.219      57       0  -6.280670000000000e+07   1.678e+09   1.000e+00
     46   57899.620      58       0  -6.280738800000000e+07   1.949e+09   1.000e+00
     47   58906.439      59       0  -6.280833600000000e+07   3.027e+09   1.000e+00
     48   59914.875      60       0  -6.280900800000000e+07   1.660e+09   1.000e+00
     49   60922.483      61       0  -6.280963600000000e+07   1.659e+09   1.000e+00
     50   61930.668      62       0  -6.281030000000000e+07   1.920e+09   1.000e+00
     51   62939.289      63       0  -6.281111200000000e+07   3.401e+09   1.000e+00
     52   63946.663      64       0  -6.281170000000000e+07   1.500e+09   1.000e+00
     53   64954.804      65       0  -6.281206400000000e+07   1.446e+09   1.000e+00
     54   65962.981      66       0  -6.281267600000000e+07   1.597e+09   1.000e+00
     55   66970.751      67       0  -6.281347200000000e+07   4.070e+09   1.000e+00
     56   67982.599      68       0  -6.281418800000000e+07   1.710e+09   1.000e+00
     57   68990.735      69       0  -6.281461600000000e+07   1.270e+09   1.000e+00
     58   69998.714      70       0  -6.281508000000000e+07   1.505e+09   1.000e+00
     59   71007.757      71       0  -6.281588400000000e+07   1.975e+09   1.000e+00
     60   72015.910      72       0  -6.281664000000000e+07   3.551e+09   1.000e+00
     61   73039.072      73       0  -6.281715200000000e+07   1.362e+09   1.000e+00
     62   74066.918      74       0  -6.281745600000000e+07   1.308e+09   1.000e+00
     63   75081.986      75       0  -6.281798400000000e+07   1.568e+09   1.000e+00
     64   76099.455      76       0  -6.281882000000000e+07   3.502e+09   1.000e+00
     65   77117.869      77       0  -6.281952000000000e+07   1.616e+09   1.000e+00
     66   78134.585      78       0  -6.281995200000000e+07   1.274e+09   1.000e+00
     67   79148.928      79       0  -6.282044800000000e+07   1.488e+09   1.000e+00
     68   80165.207      80       0  -6.282124400000000e+07   1.936e+09   1.000e+00
     69   81182.496      81       0  -6.282205600000000e+07   3.254e+09   1.000e+00
     70   82196.132      82       0  -6.282257600000000e+07   1.342e+09   1.000e+00
     71   83214.130      83       0  -6.282291600000000e+07   1.372e+09   1.000e+00
     72   84222.952      84       0  -6.282343600000000e+07   1.603e+09   1.000e+00
     73   85236.294      85       0  -6.282404000000000e+07   4.295e+09   1.000e+00
     74   86248.616      86       0  -6.282464400000000e+07   1.578e+09   1.000e+00
     75   87260.300      87       0  -6.282498400000000e+07   1.216e+09   1.000e+00
     76   88272.797      88       0  -6.282536000000000e+07   1.467e+09   1.000e+00
     77   89284.332      89       0  -6.282597600000000e+07   1.900e+09   1.000e+00
     78   90296.723      90       0  -6.282635600000000e+07   3.701e+09   1.000e+00
     79   91308.024      91       0  -6.282685600000000e+07   1.210e+09   1.000e+00
     80   92321.301      92       0  -6.282704400000000e+07   1.109e+09   1.000e+00
     81   93333.232      93       0  -6.282741600000000e+07   1.373e+09   1.000e+00
     82   94345.606      94       0  -6.282781200000000e+07   3.126e+09   1.000e+00
     83   95356.321      95       0  -6.282822000000000e+07   1.486e+09   1.000e+00
     84   96368.947      96       0  -6.282849200000000e+07   1.120e+09   1.000e+00
     85   97379.918      97       0  -6.282874400000000e+07   1.281e+09   1.000e+00
     86   98404.713      98       0  -6.282914000000000e+07   1.491e+09   1.000e+00
     87  100391.766     100       0  -6.282938400000000e+07   2.207e+09   4.615e-01
     88  101390.481     101       0  -6.282966000000000e+07   1.155e+09   1.000e+00
     89  102389.985     102       0  -6.282989200000000e+07   9.861e+08   1.000e+00
     90  103389.308     103       0  -6.283013600000000e+07   1.118e+09   1.000e+00
     91  104389.298     104       0  -6.283034400000000e+07   3.196e+09   1.000e+00
     92  105388.987     105       0  -6.283067200000000e+07   1.185e+09   1.000e+00
     93  106388.911     106       0  -6.283082800000000e+07   8.813e+08   1.000e+00
     94  107388.278     107       0  -6.283100000000000e+07   1.110e+09   1.000e+00
     95  108387.227     108       0  -6.283131200000000e+07   1.313e+09   1.000e+00
     96  109386.513     109       0  -6.283146800000000e+07   3.341e+09   1.000e+00
     97  110386.453     110       0  -6.283183200000000e+07   9.415e+08   1.000e+00
     98  111385.539     111       0  -6.283194000000000e+07   7.363e+08   1.000e+00
     99  112384.218     112       0  -6.283214000000000e+07   8.836e+08   1.000e+00
    100  113383.854     113       0  -6.283238400000000e+07   1.898e+09   1.000e+00
    101  114382.841     114       0  -6.283264000000000e+07   1.140e+09   1.000e+00
    102  115382.174     115       0  -6.283283200000000e+07   8.310e+08   1.000e+00
    103  116381.845     116       0  -6.283299600000000e+07   1.229e+09   1.000e+00
    104  117381.697     117       0  -6.283315200000000e+07   1.033e+09   1.000e+00
    105  118381.222     118       0  -6.283331200000000e+07   9.399e+08   1.000e+00
    106  119381.402     119       0  -6.283352000000000e+07   1.137e+09   1.000e+00
    107  120381.507     120       0  -6.283368000000000e+07   1.046e+09   1.000e+00
    108  121381.156     121       0  -6.283384800000000e+07   9.222e+08   1.000e+00
    109  122380.547     122       0  -6.283404800000000e+07   1.275e+09   1.000e+00
    110  123380.038     123       0  -6.283419600000000e+07   1.193e+09   1.000e+00
    111  124379.698     124       0  -6.283430800000000e+07   8.812e+08   1.000e+00
    112  125380.168     125       0  -6.283450400000000e+07   8.872e+08   1.000e+00
    113  126379.912     126       0  -6.283460800000000e+07   1.954e+09   1.000e+00
    114  127378.937     127       0  -6.283476400000000e+07   9.516e+08   1.000e+00
    115  128395.961     128       0  -6.283490800000000e+07   7.510e+08   1.000e+00
    116  129396.646     129       0  -6.283502000000000e+07   8.819e+08   1.000e+00
    117  130397.211     130       0  -6.283524000000000e+07   1.496e+09   1.000e+00
    118  131397.891     131       0  -6.283542400000000e+07   1.599e+09   1.000e+00
    119  132398.670     132       0  -6.283560000000000e+07   8.329e+08   1.000e+00
    120  133399.834     133       0  -6.283579600000000e+07   9.280e+08   1.000e+00
    121  134404.331     134       0  -6.283595600000000e+07   1.084e+09   1.000e+00
    122  135406.138     135       0  -6.283620800000000e+07   1.493e+09   1.000e+00
    123  136409.649     136       0  -6.283639600000000e+07   8.141e+08   1.000e+00
    124  137411.480     137       0  -6.283656800000000e+07   8.670e+08   1.000e+00
    125  138412.410     138       0  -6.283674400000000e+07   1.007e+09   1.000e+00
    126  139411.789     139       0  -6.283696800000000e+07   2.051e+09   1.000e+00
    127  140410.859     140       0  -6.283718000000000e+07   9.036e+08   1.000e+00
    128  141410.411     141       0  -6.283729200000000e+07   8.704e+08   1.000e+00
    129  142414.664     142       0  -6.283750400000000e+07   9.893e+08   1.000e+00
    130  143418.929     143       0  -6.283760400000000e+07   3.188e+09   1.000e+00
    131  144418.329     144       0  -6.283789200000000e+07   1.039e+09   1.000e+00
    132  145419.835     145       0  -6.283801200000000e+07   7.149e+08   1.000e+00
    133  146420.248     146       0  -6.283816400000000e+07   8.902e+08   1.000e+00
    134  147419.530     147       0  -6.283838000000000e+07   1.052e+09   1.000e+00
    135  148421.748     148       0  -6.283849600000000e+07   2.952e+09   1.000e+00
    136  149422.211     149       0  -6.283881200000000e+07   8.265e+08   1.000e+00
    137  150423.454     150       0  -6.283890400000000e+07   7.560e+08   1.000e+00
    138  151426.726     151       0  -6.283910000000000e+07   9.839e+08   1.000e+00
    139  152427.884     152       0  -6.283928400000000e+07   2.720e+09   1.000e+00
    140  153428.388     153       0  -6.283953600000000e+07   1.187e+09   1.000e+00
    141  154428.180     154       0  -6.283972800000000e+07   8.750e+08   1.000e+00
    142  155426.596     155       0  -6.283988000000000e+07   1.013e+09   1.000e+00
    143  156425.977     156       0  -6.284018000000000e+07   1.288e+09   1.000e+00
    144  157424.421     157       0  -6.284028800000000e+07   3.154e+09   1.000e+00
    145  158437.672     158       0  -6.284064000000000e+07   9.748e+08   1.000e+00
    146  159440.326     159       0  -6.284074400000000e+07   7.944e+08   1.000e+00
    147  160441.992     160       0  -6.284096400000000e+07   1.036e+09   1.000e+00
    148  161441.976     161       0  -6.284122400000000e+07   2.217e+09   1.000e+00
    149  162443.124     162       0  -6.284148800000000e+07   1.206e+09   1.000e+00
    150  163442.682     163       0  -6.284170000000000e+07   8.684e+08   1.000e+00
    151  164444.163     164       0  -6.284186800000000e+07   1.095e+09   1.000e+00
    152  165447.623     165       0  -6.284207200000000e+07   1.427e+09   1.000e+00
    153  166450.356     166       0  -6.284227200000000e+07   1.116e+09   1.000e+00
    154  167451.426     167       0  -6.284250000000000e+07   1.014e+09   1.000e+00
    155  168452.281     168       0  -6.284270400000000e+07   1.427e+09   1.000e+00
    156  169454.017     169       0  -6.284289200000000e+07   1.132e+09   1.000e+00
    157  170457.644     170       0  -6.284304400000000e+07   9.418e+08   1.000e+00
    158  171457.909     171       0  -6.284330400000000e+07   1.176e+09   1.000e+00
    159  172459.680     172       0  -6.284346000000000e+07   1.584e+09   1.000e+00
    160  173460.557     173       0  -6.284360000000000e+07   1.011e+09   1.000e+00
    161  174464.825     174       0  -6.284384000000000e+07   8.394e+08   1.000e+00
    162  175466.202     175       0  -6.284396800000000e+07   1.120e+09   1.000e+00
    163  176465.861     176       0  -6.284418000000000e+07   9.018e+08   1.000e+00
    164  177464.990     177       0  -6.284435600000000e+07   1.593e+09   1.000e+00
    165  178467.784     178       0  -6.284454400000000e+07   8.951e+08   1.000e+00
    166  179469.379     179       0  -6.284470800000000e+07   8.333e+08   1.000e+00
    167  180471.028     180       0  -6.284490000000000e+07   1.131e+09   1.000e+00
    168  181476.844     181       0  -6.284510400000000e+07   1.589e+09   1.000e+00
    169  182481.579     182       0  -6.284527600000000e+07   8.972e+08   1.000e+00
    170  183484.874     183       0  -6.284541600000000e+07   8.392e+08   1.000e+00
    171  184488.347     184       0  -6.284556000000000e+07   9.603e+08   1.000e+00
    172  185492.879     185       0  -6.284573200000000e+07   1.873e+09   1.000e+00
    173  186492.394     186       0  -6.284591600000000e+07   8.408e+08   1.000e+00
    174  187496.229     187       0  -6.284604000000000e+07   7.903e+08   1.000e+00
    175  188508.181     188       0  -6.284616800000000e+07   8.859e+08   1.000e+00
    176  189507.324     189       0  -6.284627600000000e+07   2.274e+09   1.000e+00
    177  190506.429     190       0  -6.284646000000000e+07   8.077e+08   1.000e+00
    178  191504.965     191       0  -6.284655600000000e+07   6.640e+08   1.000e+00
    179  192508.314     192       0  -6.284667200000000e+07   8.225e+08   1.000e+00
    180  193512.547     193       0  -6.284683200000000e+07   1.537e+09   1.000e+00
    181  194516.610     194       0  -6.284699600000000e+07   8.490e+08   1.000e+00
    182  195515.517     195       0  -6.284711600000000e+07   6.782e+08   1.000e+00
    183  196515.487     196       0  -6.284724000000000e+07   9.840e+08   1.000e+00
    184  197514.719     197       0  -6.284733600000000e+07   1.207e+09   1.000e+00
    185  198513.645     198       0  -6.284743600000000e+07   7.657e+08   1.000e+00
    186  199516.124     199       0  -6.284757200000000e+07   7.271e+08   1.000e+00
    187  200520.053     200       0  -6.284766800000000e+07   7.688e+08   1.000e+00
    188  201523.880     201       0  -6.284778400000000e+07   1.455e+09   1.000e+00
    189  202527.142     202       0  -6.284790400000000e+07   7.064e+08   1.000e+00
    190  203543.472     203       0  -6.284797200000000e+07   6.741e+08   1.000e+00
    191  204562.764     204       0  -6.284806000000000e+07   8.492e+08   1.000e+00
    192  205577.925     205       0  -6.284812000000000e+07   1.593e+09   1.000e+00
    193  206595.017     206       0  -6.284821600000000e+07   7.029e+08   1.000e+00
    194  207616.769     207       0  -6.284827600000000e+07   5.954e+08   1.000e+00
    195  208634.456     208       0  -6.284834000000000e+07   6.747e+08   1.000e+00
    196  209651.667     209       0  -6.284838000000000e+07   1.670e+09   1.000e+00
    197  210670.222     210       0  -6.284848800000000e+07   6.519e+08   1.000e+00
    198  211686.839     211       0  -6.284854400000000e+07   5.381e+08   1.000e+00
    199  212704.213     212       0  -6.284859600000000e+07   6.842e+08   1.000e+00
    200  213722.242     213       0  -6.284870000000000e+07   1.082e+09   1.000e+00
    201  214739.105     214       0  -6.284879200000000e+07   9.982e+08   1.000e+00
    202  215758.389     215       0  -6.284887600000000e+07   5.877e+08   1.000e+00
    203  216777.481     216       0  -6.284897200000000e+07   6.663e+08   1.000e+00
    204  217806.161     217       0  -6.284904000000000e+07   8.670e+08   1.000e+00
    205  218822.109     218       0  -6.284913200000000e+07   6.682e+08   1.000e+00
    206  219836.401     219       0  -6.284922800000000e+07   7.136e+08   1.000e+00
    207  220849.553     220       0  -6.284930800000000e+07   1.015e+09   1.000e+00
    208  221866.214     221       0  -6.284939200000000e+07   6.577e+08   1.000e+00
    209  222881.431     222       0  -6.284948800000000e+07   6.493e+08   1.000e+00
    210  223898.429     223       0  -6.284956800000000e+07   9.063e+08   1.000e+00
    211  224912.975     224       0  -6.284966400000000e+07   8.792e+08   1.000e+00
    212  225929.513     225       0  -6.284974400000000e+07   6.413e+08   1.000e+00
    213  226946.042     226       0  -6.284983200000000e+07   6.203e+08   1.000e+00
    214  227962.186     227       0  -6.284990400000000e+07   6.406e+08   1.000e+00
    215  228966.358     228       0  -6.285000800000000e+07   7.145e+08   1.000e+00
    216  229968.152     229       0  -6.285010000000000e+07   8.221e+08   1.000e+00
    217  230970.381     230       0  -6.285020000000000e+07   6.783e+08   1.000e+00
    218  231971.725     231       0  -6.285027200000000e+07   7.113e+08   1.000e+00
    219  232976.349     232       0  -6.285034800000000e+07   7.001e+08   1.000e+00
    220  233979.651     233       0  -6.285043600000000e+07   6.398e+08   1.000e+00
    221  234983.729     234       0  -6.285055200000000e+07   1.025e+09   1.000e+00
    222  235981.470     235       0  -6.285061200000000e+07   7.966e+08   1.000e+00
    223  236988.569     236       0  -6.285066400000000e+07   5.824e+08   1.000e+00
    224  237992.477     237       0  -6.285074800000000e+07   5.276e+08   1.000e+00
    225  238996.457     238       0  -6.285078400000000e+07   1.377e+09   1.000e+00
    226  239999.929     239       0  -6.285085200000000e+07   6.691e+08   1.000e+00
    227  241004.369     240       0  -6.285090400000000e+07   5.269e+08   1.000e+00
    228  242007.821     241       0  -6.285094800000000e+07   6.245e+08   1.000e+00
    229  243012.113     242       0  -6.285102400000000e+07   8.940e+08   1.000e+00
    230  244011.992     243       0  -6.285108000000000e+07   9.063e+08   1.000e+00
    231  245030.519     244       0  -6.285114000000000e+07   6.142e+08   1.000e+00
    232  246047.526     245       0  -6.285125200000000e+07   6.731e+08   1.000e+00
    233  247067.849     246       0  -6.285133600000000e+07   7.949e+08   1.000e+00
    234  248087.136     247       0  -6.285144800000000e+07   8.096e+08   1.000e+00
    235  249107.140     248       0  -6.285153200000000e+07   8.400e+08   1.000e+00
    236  250125.851     249       0  -6.285160800000000e+07   6.039e+08   1.000e+00
    237  251141.270     250       0  -6.285167600000000e+07   5.820e+08   1.000e+00
    238  252159.604     251       0  -6.285176000000000e+07   8.849e+08   1.000e+00
    239  253179.457     252       0  -6.285184800000000e+07   7.083e+08   1.000e+00
    240  254198.435     253       0  -6.285192400000000e+07   5.929e+08   1.000e+00
    241  255218.326     254       0  -6.285200800000000e+07   8.797e+08   1.000e+00
    242  256239.022     255       0  -6.285207600000000e+07   5.434e+08   1.000e+00
    243  257259.356     256       0  -6.285212800000000e+07   5.045e+08   1.000e+00
    244  258283.521     257       0  -6.285224000000000e+07   8.466e+08   1.000e+00
    245  259310.733     258       0  -6.285230000000000e+07   1.072e+09   1.000e+00
    246  260344.234     259       0  -6.285235200000000e+07   5.703e+08   1.000e+00
    247  261388.356     260       0  -6.285242000000000e+07   4.844e+08   1.000e+00
    248  262432.445     261       0  -6.285249200000000e+07   6.036e+08   1.000e+00
    249  263472.389     262       0  -6.285253600000000e+07   1.822e+09   1.000e+00
    250  264518.062     263       0  -6.285263200000000e+07   5.866e+08   1.000e+00
    251  265557.393     264       0  -6.285267200000000e+07   4.297e+08   1.000e+00
    252  266600.816     265       0  -6.285274800000000e+07   5.870e+08   1.000e+00
    253  267643.644     266       0  -6.285282400000000e+07   6.444e+08   1.000e+00
    254  268688.348     267       0  -6.285284000000000e+07   2.252e+09   1.000e+00
    255  269732.835     268       0  -6.285300000000000e+07   5.208e+08   1.000e+00
    256  270777.600     269       0  -6.285303200000000e+07   3.996e+08   1.000e+00
    257  271816.440     270       0  -6.285310000000000e+07   5.355e+08   1.000e+00
    258  272861.487     271       0  -6.285314400000000e+07   1.380e+09   1.000e+00
    259  273904.346     272       0  -6.285322000000000e+07   6.975e+08   1.000e+00
    260  274924.598     273       0  -6.285328400000000e+07   5.222e+08   1.000e+00
    261  275942.367     274       0  -6.285334000000000e+07   6.049e+08   1.000e+00
    262  276960.670     275       0  -6.285344000000000e+07   8.031e+08   1.000e+00
    263  278957.680     277       0  -6.285349200000000e+07   8.329e+08   4.705e-01
    264  279958.158     278       0  -6.285354400000000e+07   5.161e+08   1.000e+00
    265  280957.878     279       0  -6.285360400000000e+07   5.364e+08   1.000e+00
    266  281957.672     280       0  -6.285367200000000e+07   8.109e+08   1.000e+00
    267  282957.440     281       0  -6.285374000000000e+07   7.206e+08   1.000e+00
    268  283956.864     282       0  -6.285380400000000e+07   6.127e+08   1.000e+00
    269  284956.472     283       0  -6.285386000000000e+07   5.308e+08   1.000e+00
    270  285957.172     284       0  -6.285392000000000e+07   5.738e+08   1.000e+00
    271  286955.402     285       0  -6.285399200000000e+07   7.247e+08   1.000e+00
    272  287954.981     286       0  -6.285404800000000e+07   6.465e+08   1.000e+00
    273  288954.453     287       0  -6.285409200000000e+07   5.045e+08   1.000e+00
    274  289953.438     288       0  -6.285415200000000e+07   6.266e+08   1.000e+00
    275  290953.649     289       0  -6.285420000000000e+07   6.531e+08   1.000e+00
    276  291953.071     290       0  -6.285424400000000e+07   5.199e+08   1.000e+00
    277  292951.697     291       0  -6.285432400000000e+07   6.254e+08   1.000e+00
    278  293951.073     292       0  -6.285437600000000e+07   1.034e+09   1.000e+00
    279  294951.026     293       0  -6.285442400000000e+07   5.612e+08   1.000e+00
    280  295950.935     294       0  -6.285448800000000e+07   4.524e+08   1.000e+00
    281  296955.104     295       0  -6.285454000000000e+07   5.474e+08   1.000e+00
    282  297954.952     296       0  -6.285465200000000e+07   1.130e+09   1.000e+00
    283  298954.069     297       0  -6.285474000000000e+07   7.583e+08   1.000e+00
    284  299953.797     298       0  -6.285480000000000e+07   4.799e+08   1.000e+00
    285  300953.204     299       0  -6.285487600000000e+07   5.545e+08   1.000e+00
    286  301952.804     300       0  -6.285492800000000e+07   7.844e+08   1.000e+00
    287  302952.323     301       0  -6.285497600000000e+07   5.345e+08   1.000e+00
    288  303951.747     302       0  -6.285506400000000e+07   4.868e+08   1.000e+00
    289  304951.099     303       0  -6.285511600000000e+07   7.623e+08   1.000e+00
    290  305950.906     304       0  -6.285518400000000e+07   5.505e+08   1.000e+00
    291  306951.764     305       0  -6.285527200000000e+07   6.261e+08   1.000e+00
    292  307959.808     306       0  -6.285534000000000e+07   6.919e+08   1.000e+00
    293  308960.601     307       0  -6.285538400000000e+07   5.405e+08   1.000e+00
    294  309959.828     308       0  -6.285548400000000e+07   6.298e+08   1.000e+00
    295  310960.746     309       0  -6.285554800000000e+07   9.364e+08   1.000e+00
    296  311970.381     310       0  -6.285559600000000e+07   5.904e+08   1.000e+00
    297  312980.517     311       0  -6.285566800000000e+07   4.369e+08   1.000e+00
    298  313987.622     312       0  -6.285571600000000e+07   4.994e+08   1.000e+00
    299  314995.940     313       0  -6.285580800000000e+07   7.172e+08   1.000e+00
    300  316001.189     314       0  -6.285585200000000e+07   7.163e+08   1.000e+00
    301  317007.860     315       0  -6.285589200000000e+07   5.178e+08   1.000e+00
    302  318012.599     316       0  -6.285594800000000e+07   4.578e+08   1.000e+00
    303  319019.623     317       0  -6.285599600000000e+07   7.545e+08   1.000e+00
    304  320024.210     318       0  -6.285603600000000e+07   4.813e+08   1.000e+00
    305  321032.016     319       0  -6.285608800000000e+07   4.176e+08   1.000e+00
    306  322037.309     320       0  -6.285612400000000e+07   6.940e+08   1.000e+00
    307  323043.529     321       0  -6.285616000000000e+07   4.855e+08   1.000e+00
    308  324049.190     322       0  -6.285622400000000e+07   4.639e+08   1.000e+00
    309  325055.118     323       0  -6.285626800000000e+07   7.144e+08   1.000e+00
    310  326063.468     324       0  -6.285632000000000e+07   5.355e+08   1.000e+00
    311  327078.534     325       0  -6.285636800000000e+07   4.954e+08   1.000e+00
    312  328088.622     326       0  -6.285641600000000e+07   6.783e+08   1.000e+00
    313  329095.727     327       0  -6.285645600000000e+07   4.970e+08   1.000e+00
    314  330099.988     328       0  -6.285650800000000e+07   5.038e+08   1.000e+00
    315  331108.384     329       0  -6.285655600000000e+07   7.241e+08   1.000e+00
    316  332114.057     330       0  -6.285660000000000e+07   5.257e+08   1.000e+00
    317  333118.975     331       0  -6.285663600000000e+07   4.765e+08   1.000e+00
    318  334127.846     332       0  -6.285666800000000e+07   4.988e+08   1.000e+00
    319  335136.726     333       0  -6.285669600000000e+07   5.450e+08   1.000e+00
    320  336141.233     334       0  -6.285674000000000e+07   4.650e+08   1.000e+00
    321  337149.362     335       0  -6.285677200000000e+07   4.894e+08   1.000e+00
    322  338156.081     336       0  -6.285679600000000e+07   5.547e+08   1.000e+00
    323  339168.316     337       0  -6.285683200000000e+07   4.868e+08   1.000e+00
    324  340180.829     338       0  -6.285686800000000e+07   4.348e+08   1.000e+00
    325  341185.765     339       0  -6.285689600000000e+07   6.876e+08   1.000e+00
    326  342193.989     340       0  -6.285693200000000e+07   4.689e+08   1.000e+00
    327  343203.834     341       0  -6.285695200000000e+07   4.114e+08   1.000e+00
    328  344209.215     342       0  -6.285699600000000e+07   5.803e+08   1.000e+00
    329  345215.790     343       0  -6.285701200000000e+07   7.811e+08   1.000e+00
    330  346221.352     344       0  -6.285704400000000e+07   4.224e+08   1.000e+00
    331  347228.230     345       0  -6.285708400000000e+07   3.853e+08   1.000e+00
    332  348232.902     346       0  -6.285711600000000e+07   4.629e+08   1.000e+00
    333  349236.494     347       0  -6.285716400000000e+07   1.028e+09   1.000e+00
    334  350240.863     348       0  -6.285721200000000e+07   4.137e+08   1.000e+00
    335  351244.490     349       0  -6.285724000000000e+07   4.067e+08   1.000e+00
    336  352249.109     350       0  -6.285729200000000e+07   4.927e+08   1.000e+00
    337  353258.323     351       0  -6.285737200000000e+07   9.433e+08   1.000e+00
    338  354267.718     352       0  -6.285743600000000e+07   5.246e+08   1.000e+00
    339  355274.736     353       0  -6.285747200000000e+07   3.829e+08   1.000e+00
    340  356282.760     354       0  -6.285753200000000e+07   4.383e+08   1.000e+00
    341  357291.464     355       0  -6.285757600000000e+07   8.476e+08   1.000e+00
    342  358300.104     356       0  -6.285762400000000e+07   4.521e+08   1.000e+00
    343  359308.941     357       0  -6.285766000000000e+07   3.801e+08   1.000e+00
    344  360317.542     358       0  -6.285770400000000e+07   4.354e+08   1.000e+00
    345  361323.910     359       0  -6.285777600000000e+07   1.068e+09   1.000e+00
    346  362331.347     360       0  -6.285783600000000e+07   4.657e+08   1.000e+00
    347  363338.763     361       0  -6.285786000000000e+07   3.297e+08   1.000e+00
    348  364344.530     362       0  -6.285790000000000e+07   3.728e+08   1.000e+00
    349  365348.578     363       0  -6.285793200000000e+07   5.785e+08   1.000e+00
    350  366352.546     364       0  -6.285798400000000e+07   4.344e+08   1.000e+00
    351  367356.351     365       0  -6.285801600000000e+07   3.461e+08   1.000e+00
    352  368369.020     366       0  -6.285808000000000e+07   5.647e+08   1.000e+00
    353  369375.831     367       0  -6.285809600000000e+07   5.979e+08   1.000e+00
    354  370380.738     368       0  -6.285811600000000e+07   3.301e+08   1.000e+00
    355  371386.972     369       0  -6.285813600000000e+07   2.857e+08   1.000e+00
    356  372393.201     370       0  -6.285816000000000e+07   3.561e+08   1.000e+00
    357  373401.507     371       0  -6.285820400000000e+07   8.554e+08   1.000e+00
    358  374412.844     372       0  -6.285824400000000e+07   3.695e+08   1.000e+00
    359  375416.180     373       0  -6.285827600000000e+07   2.873e+08   1.000e+00
    360  376423.022     374       0  -6.285830800000000e+07   3.331e+08   1.000e+00
    361  377426.869     375       0  -6.285833200000000e+07   7.633e+08   1.000e+00
    362  378431.639     376       0  -6.285836000000000e+07   4.178e+08   1.000e+00
    363  379436.726     377       0  -6.285839600000000e+07   3.322e+08   1.000e+00
    364  380443.135     378       0  -6.285842800000000e+07   3.928e+08   1.000e+00
    365  381452.847     379       0  -6.285846000000000e+07   9.264e+08   1.000e+00
    366  382470.163     380       0  -6.285849600000000e+07   3.862e+08   1.000e+00
    367  383484.445     381       0  -6.285851600000000e+07   3.061e+08   1.000e+00
    368  384501.503     382       0  -6.285854800000000e+07   3.574e+08   1.000e+00
    369  385517.413     383       0  -6.285858400000000e+07   5.445e+08   1.000e+00
    370  386531.957     384       0  -6.285863200000000e+07   6.137e+08   1.000e+00
    371  387557.917     385       0  -6.285865600000000e+07   3.170e+08   1.000e+00
    372  388577.040     386       0  -6.285867600000000e+07   3.376e+08   1.000e+00
    373  389594.107     387       0  -6.285869600000000e+07   3.963e+08   1.000e+00
    374  390608.441     388       0  -6.285872800000000e+07   5.942e+08   1.000e+00
    375  391625.916     389       0  -6.285875600000000e+07   3.465e+08   1.000e+00
    376  392639.518     390       0  -6.285877600000000e+07   3.360e+08   1.000e+00
    377  393659.001     391       0  -6.285880000000000e+07   3.775e+08   1.000e+00
    378  394679.459     392       0  -6.285883200000000e+07   8.444e+08   1.000e+00
    379  395698.643     393       0  -6.285886000000000e+07   3.317e+08   1.000e+00
    380  396719.457     394       0  -6.285886800000000e+07   3.060e+08   1.000e+00
    381  397755.154     395       0  -6.285889600000000e+07   3.732e+08   1.000e+00
    382  398769.423     396       0  -6.285892800000000e+07   8.196e+08   1.000e+00
    383  399787.281     397       0  -6.285895600000000e+07   3.992e+08   1.000e+00
    384  400806.791     398       0  -6.285897200000000e+07   3.149e+08   1.000e+00
    385  401825.512     399       0  -6.285900000000000e+07   3.532e+08   1.000e+00
    386  402831.181     400       0  -6.285903200000000e+07   4.927e+08   1.000e+00
    387  403838.878     401       0  -6.285906000000000e+07   7.099e+08   1.000e+00
    388  404853.150     402       0  -6.285908800000000e+07   3.139e+08   1.000e+00
    389  405870.074     403       0  -6.285910400000000e+07   3.168e+08   1.000e+00
    390  406887.842     404       0  -6.285913600000000e+07   4.079e+08   1.000e+00
    391  407909.860     405       0  -6.285916000000000e+07   9.482e+08   1.000e+00
    392  408932.804     406       0  -6.285920400000000e+07   3.743e+08   1.000e+00
    393  409958.786     407       0  -6.285922400000000e+07   3.110e+08   1.000e+00
    394  410982.417     408       0  -6.285924800000000e+07   3.442e+08   1.000e+00
    395  412010.016     409       0  -6.285927600000000e+07   6.936e+08   1.000e+00
    396  413039.649     410       0  -6.285930800000000e+07   3.369e+08   1.000e+00
    397  414064.561     411       0  -6.285933600000000e+07   2.838e+08   1.000e+00
    398  415085.323     412       0  -6.285935600000000e+07   3.691e+08   1.000e+00
    399  416109.826     413       0  -6.285938400000000e+07   8.205e+08   1.000e+00
    400  417133.366     414       0  -6.285941200000000e+07   4.165e+08   1.000e+00
    401  418158.393     415       0  -6.285943200000000e+07   3.242e+08   1.000e+00
    402  419184.317     416       0  -6.285946400000000e+07   3.606e+08   1.000e+00
    403  420200.229     417       0  -6.285950400000000e+07   6.243e+08   1.000e+00
    404  421240.003     418       0  -6.285954400000000e+07   4.985e+08   1.000e+00
    405  422289.131     419       0  -6.285955600000000e+07   2.892e+08   1.000e+00
    406  423341.742     420       0  -6.285958000000000e+07   3.163e+08   1.000e+00
    407  424393.742     421       0  -6.285961200000000e+07   4.028e+08   1.000e+00
    408  425450.244     422       0  -6.285964400000000e+07   4.870e+08   1.000e+00
    409  426500.817     423       0  -6.285967200000000e+07   3.431e+08   1.000e+00
    410  427552.414     424       0  -6.285970000000000e+07   3.260e+08   1.000e+00
    411  428606.132     425       0  -6.285972000000000e+07   4.401e+08   1.000e+00
    412  429656.221     426       0  -6.285974800000000e+07   3.254e+08   1.000e+00
    413  430709.091     427       0  -6.285977600000000e+07   4.499e+08   1.000e+00
    414  431760.717     428       0  -6.285981200000000e+07   3.904e+08   1.000e+00
    415  432808.339     429       0  -6.285982800000000e+07   3.402e+08   1.000e+00
    416  433861.792     430       0  -6.285986000000000e+07   4.834e+08   1.000e+00
    417  434908.873     431       0  -6.285988400000000e+07   4.168e+08   1.000e+00
    418  435960.802     432       0  -6.285991200000000e+07   3.370e+08   1.000e+00
    419  437012.786     433       0  -6.285993200000000e+07   3.514e+08   1.000e+00
    420  438065.854     434       0  -6.285995600000000e+07   5.509e+08   1.000e+00
    421  439115.344     435       0  -6.285996800000000e+07   3.684e+08   1.000e+00
    422  440169.830     436       0  -6.286000400000000e+07   3.094e+08   1.000e+00
    423  441217.011     437       0  -6.286001600000000e+07   4.039e+08   1.000e+00
    424  442269.531     438       0  -6.286004000000000e+07   3.609e+08   1.000e+00
    425  443321.062     439       0  -6.286006000000000e+07   5.683e+08   1.000e+00
    426  444373.602     440       0  -6.286008000000000e+07   3.299e+08   1.000e+00
    427  445425.717     441       0  -6.286010000000000e+07   3.140e+08   1.000e+00
    428  446476.770     442       0  -6.286012400000000e+07   4.290e+08   1.000e+00
    429  447532.316     443       0  -6.286014000000000e+07   4.289e+08   1.000e+00
    430  448583.512     444       0  -6.286016000000000e+07   3.226e+08   1.000e+00
    431  449638.124     445       0  -6.286018800000000e+07   3.553e+08   1.000e+00
    432  450688.502     446       0  -6.286020400000000e+07   4.031e+08   1.000e+00
    433  451741.055     447       0  -6.286021200000000e+07   3.218e+08   1.000e+00
    434  452774.529     448       0  -6.286024000000000e+07   4.981e+08   1.000e+00
    435  453800.192     449       0  -6.286025200000000e+07   5.313e+08   1.000e+00
    436  454825.709     450       0  -6.286026800000000e+07   3.142e+08   1.000e+00
    437  455850.056     451       0  -6.286028000000000e+07   2.475e+08   1.000e+00
    438  456882.243     452       0  -6.286029600000000e+07   3.120e+08   1.000e+00
    439  457914.673     453       0  -6.286032000000000e+07   6.859e+08   1.000e+00
    440  458939.432     454       0  -6.286034800000000e+07   3.527e+08   1.000e+00
    441  459968.416     455       0  -6.286036400000000e+07   2.883e+08   1.000e+00
    442  460991.881     456       0  -6.286038400000000e+07   3.183e+08   1.000e+00
    443  462018.811     457       0  -6.286040400000000e+07   7.993e+08   1.000e+00
    444  463049.864     458       0  -6.286043200000000e+07   3.615e+08   1.000e+00
    445  464080.030     459       0  -6.286045200000000e+07   2.652e+08   1.000e+00
    446  465109.700     460       0  -6.286046000000000e+07   3.177e+08   1.000e+00
    447  466135.035     461       0  -6.286049600000000e+07   5.210e+08   1.000e+00
    448  467157.239     462       0  -6.286052800000000e+07   4.507e+08   1.000e+00
    449  468182.051     463       0  -6.286054400000000e+07   2.766e+08   1.000e+00
    450  469203.855     464       0  -6.286057600000000e+07   3.172e+08   1.000e+00
    451  470229.094     465       0  -6.286058800000000e+07   4.470e+08   1.000e+00
    452  471261.860     466       0  -6.286061600000000e+07   3.155e+08   1.000e+00
    453  472280.368     467       0  -6.286064400000000e+07   3.166e+08   1.000e+00
    454  473315.750     468       0  -6.286067600000000e+07   6.537e+08   1.000e+00
    455  474348.332     469       0  -6.286068800000000e+07   3.198e+08   1.000e+00
    456  475383.032     470       0  -6.286070800000000e+07   2.559e+08   1.000e+00
    457  476414.082     471       0  -6.286072400000000e+07   3.071e+08   1.000e+00
    458  477447.188     472       0  -6.286076000000000e+07   4.918e+08   1.000e+00
    459  478478.065     473       0  -6.286079200000000e+07   6.661e+08   1.000e+00
    460  479515.005     474       0  -6.286081600000000e+07   2.687e+08   1.000e+00
    461  480555.806     475       0  -6.286082400000000e+07   2.357e+08   1.000e+00
    462  481599.443     476       0  -6.286084000000000e+07   2.892e+08   1.000e+00
    463  482638.229     477       0  -6.286086800000000e+07   7.635e+08   1.000e+00
    464  483679.670     478       0  -6.286089200000000e+07   3.324e+08   1.000e+00
    465  484724.117     479       0  -6.286090400000000e+07   2.423e+08   1.000e+00
    466  485763.077     480       0  -6.286093200000000e+07   2.745e+08   1.000e+00
    467  486808.801     481       0  -6.286094800000000e+07   3.576e+08   1.000e+00
    468  487868.508     482       0  -6.286096800000000e+07   7.219e+08   1.000e+00
    469  488912.288     483       0  -6.286098800000000e+07   2.637e+08   1.000e+00
    470  489953.489     484       0  -6.286099200000000e+07   2.469e+08   1.000e+00
    471  490994.917     485       0  -6.286101200000000e+07   3.135e+08   1.000e+00
    472  492050.430     486       0  -6.286103600000000e+07   7.696e+08   1.000e+00
    473  493109.166     487       0  -6.286105600000000e+07   3.303e+08   1.000e+00
    474  494170.441     488       0  -6.286107200000000e+07   2.433e+08   1.000e+00
    475  495220.010     489       0  -6.286108400000000e+07   2.761e+08   1.000e+00
    476  496272.972     490       0  -6.286110800000000e+07   3.821e+08   1.000e+00
    477  497321.629     491       0  -6.286113200000000e+07   5.383e+08   1.000e+00
    478  498370.700     492       0  -6.286113600000000e+07   2.416e+08   1.000e+00
    479  499416.635     493       0  -6.286115200000000e+07   2.521e+08   1.000e+00
    480  500468.560     494       0  -6.286116800000000e+07   3.020e+08   1.000e+00
    481  502508.937     496       0  -6.286118000000000e+07   4.504e+08   5.000e-01
    482  503519.350     497       0  -6.286119600000000e+07   2.886e+08   1.000e+00
    483  504530.108     498       0  -6.286120800000000e+07   2.691e+08   1.000e+00
    484  505541.752     499       0  -6.286122400000000e+07   3.102e+08   1.000e+00
    485  506551.275     500       0  -6.286123200000000e+07   2.682e+08   1.000e+00
    486  507568.407     501       0  -6.286125200000000e+07   2.718e+08   1.000e+00
    487  508579.571     502       0  -6.286127200000000e+07   3.168e+08   1.000e+00
    488  509590.640     503       0  -6.286128000000000e+07   2.947e+08   1.000e+00
    489  510603.483     504       0  -6.286129200000000e+07   3.681e+08   1.000e+00
    490  511615.010     505       0  -6.286130800000000e+07   2.561e+08   1.000e+00
    491  512621.799     506       0  -6.286132000000000e+07   2.392e+08   1.000e+00
    492  513646.509     507       0  -6.286132800000000e+07   3.522e+08   1.000e+00
    493  514658.227     508       0  -6.286134000000000e+07   3.059e+08   1.000e+00
    494  515670.229     509       0  -6.286135600000000e+07   2.391e+08   1.000e+00
    495  516682.594     510       0  -6.286136800000000e+07   2.600e+08   1.000e+00
    496  517703.085     511       0  -6.286138000000000e+07   3.295e+08   1.000e+00
    497  518713.148     512       0  -6.286138400000000e+07   2.556e+08   1.000e+00
    498  519720.231     513       0  -6.286141200000000e+07   2.906e+08   1.000e+00
    499  520731.670     514       0  -6.286143200000000e+07   5.391e+08   1.000e+00
    500  539407.996     533       0  -6.286143200000000e+07   5.388e+08   1.675e-06
# Termination: function reduction test satisfied
# Iter.   Time (ms)    Eval. Reject.       Obj. Func.           Grad.       Step
# ---------------------------------------------------------------------------------
      0     980.178       1       0  -6.237932800000000e+07   1.121e+10   0.000e+00
      1   12763.786      13       0  -6.243624000000000e+07   2.140e+10   6.619e-16
      2   13768.411      14       0  -6.248168400000000e+07   1.405e+10   1.000e+00
      3   14772.692      15       0  -6.253804400000000e+07   1.540e+10   1.000e+00
      4   15776.522      16       0  -6.259623200000000e+07   1.867e+10   1.000e+00
      5   16782.538      17       0  -6.263132800000000e+07   2.338e+10   1.000e+00
      6   17790.827      18       0  -6.266868000000000e+07   1.105e+10   1.000e+00
      7   18797.669      19       0  -6.268613600000000e+07   9.017e+09   1.000e+00
      8   19804.344      20       0  -6.270221600000000e+07   9.364e+09   1.000e+00
      9   20818.287      21       0  -6.271988800000000e+07   1.065e+10   1.000e+00
     10   21825.289      22       0  -6.272887200000000e+07   8.048e+09   1.000e+00
     11   22831.820      23       0  -6.273400000000000e+07   5.977e+09   1.000e+00
     12   23839.129      24       0  -6.274226800000000e+07   5.220e+09   1.000e+00
     13   24846.726      25       0  -6.274750400000000e+07   9.818e+09   1.000e+00
     14   25854.741      26       0  -6.275189600000000e+07   4.573e+09   1.000e+00
     15   26862.028      27       0  -6.275514000000000e+07   3.660e+09   1.000e+00
     16   27868.340      28       0  -6.275806400000000e+07   3.896e+09   1.000e+00
     17   28876.501      29       0  -6.276298800000000e+07   7.014e+09   1.000e+00
     18   29882.798      30       0  -6.276691600000000e+07   4.184e+09   1.000e+00
     19   30889.786      31       0  -6.276845600000000e+07   2.930e+09   1.000e+00
     20   31897.963      32       0  -6.277156400000000e+07   2.918e+09   1.000e+00
     21   32904.695      33       0  -6.277414800000000e+07   6.143e+09   1.000e+00
     22   33912.757      34       0  -6.277629600000000e+07   3.184e+09   1.000e+00
     23   34919.480      35       0  -6.277871200000000e+07   2.641e+09   1.000e+00
     24   35930.000      36       0  -6.278054000000000e+07   2.884e+09   1.000e+00
     25   36939.452      37       0  -6.278346400000000e+07   6.323e+09   1.000e+00
     26   37954.620      38       0  -6.278587200000000e+07   2.763e+09   1.000e+00
     27   38978.157      39       0  -6.278677200000000e+07   2.320e+09   1.000e+00
     28   39995.340      40       0  -6.278864800000000e+07   2.917e+09   1.000e+00
     29   41020.584      41       0  -6.278987600000000e+07   6.175e+09   1.000e+00
     30   42043.920      42       0  -6.279117600000000e+07   2.472e+09   1.000e+00
     31   43054.615      43       0  -6.279214400000000e+07   1.889e+09   1.000e+00
     32   44066.097      44       0  -6.279323200000000e+07   2.305e+09   1.000e+00
     33   45078.545      45       0  -6.279502400000000e+07   3.187e+09   1.000e+00
     34   46090.538      46       0  -6.279635200000000e+07   4.798e+09   1.000e+00
     35   47102.763      47       0  -6.279746800000000e+07   1.802e+09   1.000e+00
     36   48114.122      48       0  -6.279814000000000e+07   1.858e+09   1.000e+00
     37   49125.125      49       0  -6.279908400000000e+07   2.223e+09   1.000e+00
     38   50136.246      50       0  -6.280018800000000e+07   5.247e+09   1.000e+00
     39   51146.562      51       0  -6.280128400000000e+07   2.027e+09   1.000e+00
     40   52158.915      52       0  -6.280193200000000e+07   1.768e+09   1.000e+00
     41   53170.687      53       0  -6.280263600000000e+07   2.045e+09   1.000e+00
     42   54181.966      54       0  -6.280385200000000e+07   3.501e+09   1.000e+00
     43   55194.787      55       0  -6.280489600000000e+07   2.768e+09   1.000e+00
     44   56201.772      56       0  -6.280545200000000e+07   1.586e+09   1.000e+00
     45   57208.387      57       0  -6.280613600000000e+07   1.677e+09   1.000e+00
     46   58225.787      58       0  -6.280682400000000e+07   2.006e+09   1.000e+00
     47   59237.218      59       0  -6.280778800000000e+07   2.624e+09   1.000e+00
     48   60242.817      60       0  -6.280846400000000e+07   1.660e+09   1.000e+00
     49   61253.624      61       0  -6.280919200000000e+07   1.690e+09   1.000e+00
     50   62265.129      62       0  -6.280986800000000e+07   2.234e+09   1.000e+00
     51   63275.819      63       0  -6.281065600000000e+07   1.716e+09   1.000e+00
     52   64286.414      64       0  -6.281125200000000e+07   1.729e+09   1.000e+00
     53   65297.777      65       0  -6.281190000000000e+07   1.566e+09   1.000e+00
     54   66309.107      66       0  -6.281253600000000e+07   1.549e+09   1.000e+00
     55   67315.898      67       0  -6.281332800000000e+07   2.298e+09   1.000e+00
     56   68340.243      68       0  -6.281394000000000e+07   1.623e+09   1.000e+00
     57   69350.469      69       0  -6.281442800000000e+07   1.453e+09   1.000e+00
     58   70361.918      70       0  -6.281500800000000e+07   1.930e+09   1.000e+00
     59   71370.252      71       0  -6.281562400000000e+07   1.697e+09   1.000e+00
     60   72380.957      72       0  -6.281612800000000e+07   1.427e+09   1.000e+00
     61   73396.275      73       0  -6.281692400000000e+07   1.604e+09   1.000e+00
     62   74418.066      74       0  -6.281751200000000e+07   2.289e+09   1.000e+00
     63   75437.963      75       0  -6.281792800000000e+07   1.436e+09   1.000e+00
     64   76456.112      76       0  -6.281861200000000e+07   1.340e+09   1.000e+00
     65   77481.024      77       0  -6.281922400000000e+07   1.794e+09   1.000e+00
     66   78502.862      78       0  -6.282008000000000e+07   1.875e+09   1.000e+00
     67   79528.734      79       0  -6.282073600000000e+07   2.197e+09   1.000e+00
     68   80549.959      80       0  -6.282133200000000e+07   1.555e+09   1.000e+00
     69   81571.112      81       0  -6.282196400000000e+07   1.413e+09   1.000e+00
     70   82596.173      82       0  -6.282252800000000e+07   2.372e+09   1.000e+00
     71   83619.202      83       0  -6.282310800000000e+07   1.621e+09   1.000e+00
     72   84644.504      84       0  -6.282380400000000e+07   1.504e+09   1.000e+00
     73   85668.675      85       0  -6.282427600000000e+07   1.864e+09   1.000e+00
     74   86692.494      86       0  -6.282470400000000e+07   1.470e+09   1.000e+00
     75   87724.382      87       0  -6.282534800000000e+07   2.094e+09   1.000e+00
     76   88747.938      88       0  -6.282584000000000e+07   1.676e+09   1.000e+00
     77   89771.174      89       0  -6.282616000000000e+07   1.424e+09   1.000e+00
     78   90796.579      90       0  -6.282667600000000e+07   1.960e+09   1.000e+00
     79   91817.914      91       0  -6.282705600000000e+07   2.175e+09   1.000e+00
     80   92837.524      92       0  -6.282730000000000e+07   1.371e+09   1.000e+00
     81   93858.093      93       0  -6.282766800000000e+07   1.063e+09   1.000e+00
     82   94875.580      94       0  -6.282792000000000e+07   1.275e+09   1.000e+00
     83   95899.776      95       0  -6.282835600000000e+07   1.645e+09   1.000e+00
     84   96921.940      96       0  -6.282865200000000e+07   1.655e+09   1.000e+00
     85   97942.216      97       0  -6.282891200000000e+07   1.261e+09   1.000e+00
     86   98980.511      98       0  -6.282924000000000e+07   1.157e+09   1.000e+00
     87  100004.056      99       0  -6.282948000000000e+07   1.862e+09   1.000e+00
     88  101027.041     100       0  -6.282971200000000e+07   1.130e+09   1.000e+00
     89  102051.552     101       0  -6.282996400000000e+07   9.236e+08   1.000e+00
     90  103073.766     102       0  -6.283015600000000e+07   1.096e+09   1.000e+00
     91  104094.778     103       0  -6.283043600000000e+07   1.577e+09   1.000e+00
     92  105118.809     104       0  -6.283067200000000e+07   1.094e+09   1.000e+00
     93  106144.157     105       0  -6.283084800000000e+07   9.964e+08   1.000e+00
     94  107168.480     106       0  -6.283106800000000e+07   1.158e+09   1.000e+00
     95  108189.575     107       0  -6.283128000000000e+07   1.852e+09   1.000e+00
     96  109210.907     108       0  -6.283148000000000e+07   1.014e+09   1.000e+00
     97  110234.504     109       0  -6.283168400000000e+07   9.396e+08   1.000e+00
     98  111255.678     110       0  -6.283184800000000e+07   1.057e+09   1.000e+00
     99  112279.875     111       0  -6.283208400000000e+07   2.149e+09   1.000e+00
    100  113303.594     112       0  -6.283232400000000e+07   9.254e+08   1.000e+00
    101  114328.375     113       0  -6.283244400000000e+07   8.842e+08   1.000e+00
    102  115353.089     114       0  -6.283262800000000e+07   1.051e+09   1.000e+00
    103  116376.579     115       0  -6.283275200000000e+07   2.541e+09   1.000e+00
    104  117400.475     116       0  -6.283298400000000e+07   1.001e+09   1.000e+00
    105  118426.124     117       0  -6.283311200000000e+07   8.080e+08   1.000e+00
    106  119452.761     118       0  -6.283325600000000e+07   9.540e+08   1.000e+00
    107  120475.625     119       0  -6.283344800000000e+07   1.645e+09   1.000e+00
    108  121500.734     120       0  -6.283365600000000e+07   9.635e+08   1.000e+00
    109  122523.763     121       0  -6.283381600000000e+07   7.943e+08   1.000e+00
    110  123548.980     122       0  -6.283404000000000e+07   1.032e+09   1.000e+00
    111  124570.145     123       0  -6.283413600000000e+07   2.617e+09   1.000e+00
    112  125588.626     124       0  -6.283436800000000e+07   1.141e+09   1.000e+00
    113  126611.783     125       0  -6.283453200000000e+07   8.056e+08   1.000e+00
    114  127636.675     126       0  -6.283469200000000e+07   1.017e+09   1.000e+00
    115  128659.221     127       0  -6.283496000000000e+07   1.268e+09   1.000e+00
    116  129684.322     128       0  -6.283498800000000e+07   3.240e+09   1.000e+00
    117  130708.751     129       0  -6.283535200000000e+07   8.682e+08   1.000e+00
    118  131734.949     130       0  -6.283544800000000e+07   7.166e+08   1.000e+00
    119  132769.832     131       0  -6.283564400000000e+07   9.169e+08   1.000e+00
    120  133800.565     132       0  -6.283585200000000e+07   1.957e+09   1.000e+00
    121  134832.613     133       0  -6.283608400000000e+07   1.092e+09   1.000e+00
    122  135865.367     134       0  -6.283624800000000e+07   7.944e+08   1.000e+00
    123  136902.266     135       0  -6.283641600000000e+07   1.042e+09   1.000e+00
    124  137923.420     136       0  -6.283657200000000e+07   1.353e+09   1.000e+00
    125  138966.585     137       0  -6.283674000000000e+07   9.186e+08   1.000e+00
    126  140011.524     138       0  -6.283697200000000e+07   9.478e+08   1.000e+00
    127  141063.341     139       0  -6.283714000000000e+07   1.283e+09   1.000e+00
    128  142114.944     140       0  -6.283735600000000e+07   9.843e+08   1.000e+00
    129  143167.577     141       0  -6.283759600000000e+07   1.089e+09   1.000e+00
    130  144219.056     142       0  -6.283779600000000e+07   1.173e+09   1.000e+00
    131  145272.495     143       0  -6.283795200000000e+07   9.163e+08   1.000e+00
    132  146308.490     144       0  -6.283820000000000e+07   1.018e+09   1.000e+00
    133  147335.965     145       0  -6.283838400000000e+07   1.746e+09   1.000e+00
    134  148364.320     146       0  -6.283855600000000e+07   1.041e+09   1.000e+00
    135  149391.166     147       0  -6.283875600000000e+07   8.409e+08   1.000e+00
    136  150418.614     148       0  -6.283889600000000e+07   9.739e+08   1.000e+00
    137  151442.217     149       0  -6.283916000000000e+07   1.444e+09   1.000e+00
    138  152479.980     150       0  -6.283937600000000e+07   1.318e+09   1.000e+00
    139  153522.232     151       0  -6.283951600000000e+07   9.962e+08   1.000e+00
    140  154565.764     152       0  -6.283977600000000e+07   9.946e+08   1.000e+00
    141  155609.832     153       0  -6.283998000000000e+07   1.698e+09   1.000e+00
    142  156647.012     154       0  -6.284020400000000e+07   1.103e+09   1.000e+00
    143  157689.835     155       0  -6.284046800000000e+07   9.275e+08   1.000e+00
    144  158734.599     156       0  -6.284066800000000e+07   1.431e+09   1.000e+00
    145  159774.729     157       0  -6.284086400000000e+07   1.011e+09   1.000e+00
    146  160815.714     158       0  -6.284111200000000e+07   1.081e+09   1.000e+00
    147  161857.663     159       0  -6.284127600000000e+07   1.523e+09   1.000e+00
    148  162902.135     160       0  -6.284143600000000e+07   1.032e+09   1.000e+00
    149  163945.913     161       0  -6.284169600000000e+07   9.394e+08   1.000e+00
    150  164975.287     162       0  -6.284186800000000e+07   1.209e+09   1.000e+00
    151  166018.265     163       0  -6.284212000000000e+07   1.089e+09   1.000e+00
    152  167062.484     164       0  -6.284232400000000e+07   1.152e+09   1.000e+00
    153  168106.004     165       0  -6.284252800000000e+07   9.676e+08   1.000e+00
    154  169130.580     166       0  -6.284268400000000e+07   9.270e+08   1.000e+00
    155  170161.650     167       0  -6.284288400000000e+07   1.119e+09   1.000e+00
    156  171206.336     168       0  -6.284306000000000e+07   1.228e+09   1.000e+00
    157  172250.225     169       0  -6.284320800000000e+07   8.823e+08   1.000e+00
    158  173295.341     170       0  -6.284338400000000e+07   9.292e+08   1.000e+00
    159  174338.273     171       0  -6.284349600000000e+07   1.472e+09   1.000e+00
    160  175382.723     172       0  -6.284362400000000e+07   8.641e+08   1.000e+00
    161  176426.736     173       0  -6.284378000000000e+07   7.034e+08   1.000e+00
    162  177480.158     174       0  -6.284390000000000e+07   7.736e+08   1.000e+00
    163  178522.389     175       0  -6.284406000000000e+07   2.291e+09   1.000e+00
    164  179567.314     176       0  -6.284428000000000e+07   8.054e+08   1.000e+00
    165  180610.113     177       0  -6.284436400000000e+07   7.198e+08   1.000e+00
    166  181655.370     178       0  -6.284455200000000e+07   9.459e+08   1.000e+00
    167  182699.185     179       0  -6.284468800000000e+07   2.527e+09   1.000e+00
    168  183742.507     180       0  -6.284489200000000e+07   1.004e+09   1.000e+00
    169  184782.374     181       0  -6.284501200000000e+07   6.912e+08   1.000e+00
    170  185826.335     182       0  -6.284514000000000e+07   8.181e+08   1.000e+00
    171  186866.586     183       0  -6.284534400000000e+07   1.092e+09   1.000e+00
    172  187911.495     184       0  -6.284551200000000e+07   1.649e+09   1.000e+00
    173  188973.131     185       0  -6.284564400000000e+07   6.551e+08   1.000e+00
    174  190013.785     186       0  -6.284572000000000e+07   7.521e+08   1.000e+00
    175  191058.857     187       0  -6.284585600000000e+07   8.943e+08   1.000e+00
    176  192102.659     188       0  -6.284598000000000e+07   2.248e+09   1.000e+00
    177  193145.999     189       0  -6.284615600000000e+07   8.843e+08   1.000e+00
    178  194190.458     190       0  -6.284624400000000e+07   6.797e+08   1.000e+00
    179  195235.106     191       0  -6.284633200000000e+07   7.695e+08   1.000e+00
    180  196278.006     192       0  -6.284647600000000e+07   1.101e+09   1.000e+00
    181  197322.929     193       0  -6.284658000000000e+07   1.381e+09   1.000e+00
    182  198366.805     194       0  -6.284669200000000e+07   6.600e+08   1.000e+00
    183  199411.151     195       0  -6.284677200000000e+07   7.029e+08   1.000e+00
    184  200454.384     196       0  -6.284685600000000e+07   7.882e+08   1.000e+00
    185  201498.452     197       0  -6.284688000000000e+07   2.196e+09   1.000e+00
    186  202542.443     198       0  -6.284702400000000e+07   7.042e+08   1.000e+00
    187  203585.477     199       0  -6.284706000000000e+07   5.454e+08   1.000e+00
    188  204623.626     200       0  -6.284712800000000e+07   6.787e+08   1.000e+00
    189  205666.841     201       0  -6.284722000000000e+07   8.047e+08   1.000e+00
    190  207697.116     203       0  -6.284726400000000e+07   1.111e+09   4.184e-01
    191  208704.847     204       0  -6.284735600000000e+07   6.346e+08   1.000e+00
    192  209711.049     205       0  -6.284742000000000e+07   5.387e+08   1.000e+00
    193  210717.241     206       0  -6.284749200000000e+07   1.134e+09   1.000e+00
    194  211722.836     207       0  -6.284756800000000e+07   6.545e+08   1.000e+00
    195  212728.892     208       0  -6.284762800000000e+07   6.316e+08   1.000e+00
    196  213735.750     209       0  -6.284774000000000e+07   8.330e+08   1.000e+00
    197  214745.117     210       0  -6.284778800000000e+07   1.599e+09   1.000e+00
    198  215754.097     211       0  -6.284789600000000e+07   6.720e+08   1.000e+00
    199  216760.451     212       0  -6.284794800000000e+07   5.577e+08   1.000e+00
    200  217766.506     213       0  -6.284800000000000e+07   6.334e+08   1.000e+00
    201  218772.070     214       0  -6.284808000000000e+07   1.400e+09   1.000e+00
    202  219778.629     215       0  -6.284817200000000e+07   6.831e+08   1.000e+00
    203  220785.481     216       0  -6.284823600000000e+07   5.301e+08   1.000e+00
    204  221792.980     217       0  -6.284830800000000e+07   6.944e+08   1.000e+00
    205  222798.910     218       0  -6.284836800000000e+07   1.041e+09   1.000e+00
    206  223804.860     219       0  -6.284844800000000e+07   6.658e+08   1.000e+00
    207  224811.482     220       0  -6.284853600000000e+07   6.528e+08   1.000e+00
    208  225817.951     221       0  -6.284861600000000e+07   7.760e+08   1.000e+00
    209  226824.031     222       0  -6.284870000000000e+07   1.306e+09   1.000e+00
    210  227831.256     223       0  -6.284880000000000e+07   6.369e+08   1.000e+00
    211  228838.445     224       0  -6.284886400000000e+07   6.003e+08   1.000e+00
    212  229846.058     225       0  -6.284895200000000e+07   7.123e+08   1.000e+00
    213  230857.640     226       0  -6.284902400000000e+07   1.674e+09   1.000e+00
    214  231867.444     227       0  -6.284912800000000e+07   6.559e+08   1.000e+00
    215  232878.137     228       0  -6.284919200000000e+07   5.642e+08   1.000e+00
    216  233887.058     229       0  -6.284926400000000e+07   6.697e+08   1.000e+00
    217  234897.433     230       0  -6.284938000000000e+07   1.149e+09   1.000e+00
    218  235906.885     231       0  -6.284949200000000e+07   8.534e+08   1.000e+00
    219  236914.515     232       0  -6.284956400000000e+07   5.462e+08   1.000e+00
    220  237925.379     233       0  -6.284965600000000e+07   6.519e+08   1.000e+00
    221  238935.207     234       0  -6.284973600000000e+07   1.012e+09   1.000e+00
    222  239946.365     235       0  -6.284982400000000e+07   6.785e+08   1.000e+00
    223  240957.340     236       0  -6.284994800000000e+07   6.022e+08   1.000e+00
    224  241962.899     237       0  -6.285003200000000e+07   9.788e+08   1.000e+00
    225  242969.421     238       0  -6.285013200000000e+07   6.654e+08   1.000e+00
    226  243979.144     239       0  -6.285020800000000e+07   6.158e+08   1.000e+00
    227  244994.227     240       0  -6.285028800000000e+07   7.139e+08   1.000e+00
    228  246007.796     241       0  -6.285036400000000e+07   6.527e+08   1.000e+00
    229  247017.884     242       0  -6.285048800000000e+07   8.180e+08   1.000e+00
    230  248026.704     243       0  -6.285057600000000e+07   1.091e+09   1.000e+00
    231  249046.897     244       0  -6.285064000000000e+07   6.383e+08   1.000e+00
    232  250055.045     245       0  -6.285070800000000e+07   5.360e+08   1.000e+00
    233  251081.131     246       0  -6.285077600000000e+07   6.790e+08   1.000e+00
    234  252109.648     247       0  -6.285087200000000e+07   9.851e+08   1.000e+00
    235  253150.789     248       0  -6.285094800000000e+07   6.822e+08   1.000e+00
    236  254195.271     249       0  -6.285100400000000e+07   5.891e+08   1.000e+00
    237  255239.281     250       0  -6.285109200000000e+07   6.306e+08   1.000e+00
    238  256282.928     251       0  -6.285114800000000e+07   1.649e+09   1.000e+00
    239  257326.401     252       0  -6.285125200000000e+07   7.354e+08   1.000e+00
    240  258370.999     253       0  -6.285132000000000e+07   5.290e+08   1.000e+00
    241  259415.194     254       0  -6.285138400000000e+07   6.004e+08   1.000e+00
    242  260458.618     255       0  -6.285148400000000e+07   8.246e+08   1.000e+00
    243  261502.807     256       0  -6.285153600000000e+07   1.627e+09   1.000e+00
    244  262546.418     257       0  -6.285163200000000e+07   5.301e+08   1.000e+00
    245  263586.438     258       0  -6.285167200000000e+07   4.747e+08   1.000e+00
    246  264630.827     259       0  -6.285174400000000e+07   6.286e+08   1.000e+00
    247  265674.988     260       0  -6.285183600000000e+07   1.361e+09   1.000e+00
    248  266714.818     261       0  -6.285193600000000e+07   7.435e+08   1.000e+00
    249  267759.225     262       0  -6.285200400000000e+07   5.250e+08   1.000e+00
    250  268802.825     263       0  -6.285207200000000e+07   5.973e+08   1.000e+00
    251  269846.279     264       0  -6.285212800000000e+07   9.748e+08   1.000e+00
    252  270890.611     265       0  -6.285220400000000e+07   5.791e+08   1.000e+00
    253  271935.195     266       0  -6.285227600000000e+07   5.490e+08   1.000e+00
    254  272979.234     267       0  -6.285235200000000e+07   6.307e+08   1.000e+00
    255  274022.221     268       0  -6.285237200000000e+07   1.800e+09   1.000e+00
    256  275066.637     269       0  -6.285246800000000e+07   6.275e+08   1.000e+00
    257  276110.348     270       0  -6.285250800000000e+07   4.281e+08   1.000e+00
    258  277153.439     271       0  -6.285255600000000e+07   5.510e+08   1.000e+00
    259  278201.002     272       0  -6.285262000000000e+07   7.028e+08   1.000e+00
    260  279239.621     273       0  -6.285266000000000e+07   1.438e+09   1.000e+00
    261  280263.419     274       0  -6.285274400000000e+07   4.831e+08   1.000e+00
    262  281283.632     275       0  -6.285277600000000e+07   4.581e+08   1.000e+00
    263  282306.796     276       0  -6.285282000000000e+07   5.362e+08   1.000e+00
    264  283328.651     277       0  -6.285284800000000e+07   1.641e+09   1.000e+00
    265  284352.694     278       0  -6.285292400000000e+07   6.241e+08   1.000e+00
    266  285377.044     279       0  -6.285296000000000e+07   4.146e+08   1.000e+00
    267  286400.772     280       0  -6.285299200000000e+07   5.232e+08   1.000e+00
    268  287424.067     281       0  -6.285304800000000e+07   5.968e+08   1.000e+00
    269  288448.498     282       0  -6.285307600000000e+07   1.576e+09   1.000e+00
    270  289470.377     283       0  -6.285316400000000e+07   4.900e+08   1.000e+00
    271  290496.910     284       0  -6.285319200000000e+07   3.910e+08   1.000e+00
    272  291518.818     285       0  -6.285325600000000e+07   5.034e+08   1.000e+00
    273  292543.720     286       0  -6.285333600000000e+07   9.664e+08   1.000e+00
    274  293568.619     287       0  -6.285342800000000e+07   6.596e+08   1.000e+00
    275  294595.776     288       0  -6.285347600000000e+07   4.710e+08   1.000e+00
    276  295620.029     289       0  -6.285352800000000e+07   6.090e+08   1.000e+00
    277  296645.316     290       0  -6.285358400000000e+07   5.888e+08   1.000e+00
    278  297673.340     291       0  -6.285364800000000e+07   4.921e+08   1.000e+00
    279  298699.705     292       0  -6.285374000000000e+07   8.963e+08   1.000e+00
    280  299724.590     293       0  -6.285379200000000e+07   6.200e+08   1.000e+00
    281  300746.745     294       0  -6.285382400000000e+07   4.685e+08   1.000e+00
    282  301771.887     295       0  -6.285391200000000e+07   4.854e+08   1.000e+00
    283  302796.886     296       0  -6.285395200000000e+07   1.198e+09   1.000e+00
    284  303818.823     297       0  -6.285399600000000e+07   5.291e+08   1.000e+00
    285  304842.594     298       0  -6.285403600000000e+07   3.793e+08   1.000e+00
    286  305868.099     299       0  -6.285408800000000e+07   4.567e+08   1.000e+00
    287  306892.927     300       0  -6.285416800000000e+07   6.027e+08   1.000e+00
    288  307914.846     301       0  -6.285422800000000e+07   1.212e+09   1.000e+00
    289  308952.535     302       0  -6.285428400000000e+07   4.209e+08   1.000e+00
    290  309975.745     303       0  -6.285432000000000e+07   4.392e+08   1.000e+00
    291  311001.308     304       0  -6.285437600000000e+07   5.611e+08   1.000e+00
    292  312023.034     305       0  -6.285442800000000e+07   1.449e+09   1.000e+00
    293  313048.108     306       0  -6.285450800000000e+07   5.070e+08   1.000e+00
    294  314071.922     307       0  -6.285454000000000e+07   3.992e+08   1.000e+00
    295  315096.746     308       0  -6.285458000000000e+07   4.796e+08   1.000e+00
    296  316121.517     309       0  -6.285467200000000e+07   6.406e+08   1.000e+00
    297  317142.564     310       0  -6.285474800000000e+07   1.324e+09   1.000e+00
    298  318167.397     311       0  -6.285482000000000e+07   4.025e+08   1.000e+00
    299  319192.609     312       0  -6.285484400000000e+07   3.872e+08   1.000e+00
    300  320217.122     313       0  -6.285489200000000e+07   4.810e+08   1.000e+00
    301  321238.798     314       0  -6.285493600000000e+07   1.380e+09   1.000e+00
    302  322263.592     315       0  -6.285500000000000e+07   5.396e+08   1.000e+00
    303  323287.915     316       0  -6.285503200000000e+07   4.044e+08   1.000e+00
    304  324311.957     317       0  -6.285507200000000e+07   4.895e+08   1.000e+00
    305  325338.894     318       0  -6.285514000000000e+07   5.566e+08   1.000e+00
    306  326366.013     319       0  -6.285517200000000e+07   1.610e+09   1.000e+00
    307  327384.293     320       0  -6.285524400000000e+07   4.667e+08   1.000e+00
    308  328408.076     321       0  -6.285527200000000e+07   3.336e+08   1.000e+00
    309  329432.224     322       0  -6.285530800000000e+07   4.223e+08   1.000e+00
    310  330456.607     323       0  -6.285536800000000e+07   6.445e+08   1.000e+00
    311  331479.775     324       0  -6.285541200000000e+07   6.971e+08   1.000e+00
    312  332502.059     325       0  -6.285545600000000e+07   4.400e+08   1.000e+00
    313  333523.022     326       0  -6.285548800000000e+07   4.431e+08   1.000e+00
    314  334547.654     327       0  -6.285551200000000e+07   5.025e+08   1.000e+00
    315  335571.918     328       0  -6.285554400000000e+07   8.239e+08   1.000e+00
    316  336597.226     329       0  -6.285558400000000e+07   4.625e+08   1.000e+00
    317  337618.308     330       0  -6.285562400000000e+07   4.162e+08   1.000e+00
    318  338640.136     331       0  -6.285564400000000e+07   4.831e+08   1.000e+00
    319  339664.664     332       0  -6.285568800000000e+07   5.207e+08   1.000e+00
    320  340686.696     333       0  -6.285571200000000e+07   6.383e+08   1.000e+00
    321  341713.533     334       0  -6.285575600000000e+07   4.669e+08   1.000e+00
    322  342734.870     335       0  -6.285578400000000e+07   4.156e+08   1.000e+00
    323  343760.031     336       0  -6.285581600000000e+07   6.685e+08   1.000e+00
    324  344783.961     337       0  -6.285585200000000e+07   4.842e+08   1.000e+00
    325  345808.978     338       0  -6.285590000000000e+07   5.096e+08   1.000e+00
    326  346830.843     339       0  -6.285592800000000e+07   5.743e+08   1.000e+00
    327  347856.323     340       0  -6.285595200000000e+07   4.262e+08   1.000e+00
    328  348881.569     341       0  -6.285601600000000e+07   4.650e+08   1.000e+00
    329  349903.164     342       0  -6.285604800000000e+07   7.236e+08   1.000e+00
    330  350928.367     343       0  -6.285608800000000e+07   5.121e+08   1.000e+00
    331  351952.951     344       0  -6.285613200000000e+07   4.373e+08   1.000e+00
    332  352977.029     345       0  -6.285615600000000e+07   5.852e+08   1.000e+00
    333  354000.672     346       0  -6.285618800000000e+07   4.831e+08   1.000e+00
    334  355024.385     347       0  -6.285624800000000e+07   6.341e+08   1.000e+00
    335  356049.784     348       0  -6.285628800000000e+07   6.342e+08   1.000e+00
    336  357075.051     349       0  -6.285630400000000e+07   4.558e+08   1.000e+00
    337  358100.153     350       0  -6.285637600000000e+07   3.625e+08   1.000e+00
    338  359124.330     351       0  -6.285642800000000e+07   5.222e+08   1.000e+00
    339  360148.939     352       0  -6.285650800000000e+07   5.283e+08   1.000e+00
    340  361171.646     353       0  -6.285654800000000e+07   5.699e+08   1.000e+00
    341  362194.066     354       0  -6.285658400000000e+07   4.139e+08   1.000e+00
    342  363214.679     355       0  -6.285662800000000e+07   3.665e+08   1.000e+00
    343  364238.998     356       0  -6.285668400000000e+07   7.059e+08   1.000e+00
    344  365264.520     357       0  -6.285674000000000e+07   4.392e+08   1.000e+00
    345  366288.657     358       0  -6.285678400000000e+07   3.681e+08   1.000e+00
    346  367311.668     359       0  -6.285682000000000e+07   4.701e+08   1.000e+00
    347  368347.639     360       0  -6.285686800000000e+07   3.672e+08   1.000e+00
    348  369373.066     361       0  -6.285691600000000e+07   5.655e+08   1.000e+00
    349  370394.073     362       0  -6.285696000000000e+07   4.050e+08   1.000e+00
    350  371415.776     363       0  -6.285699600000000e+07   3.780e+08   1.000e+00
    351  372440.186     364       0  -6.285703600000000e+07   6.298e+08   1.000e+00
    352  373464.618     365       0  -6.285708800000000e+07   5.347e+08   1.000e+00
    353  374485.881     366       0  -6.285712000000000e+07   3.767e+08   1.000e+00
    354  375505.303     367       0  -6.285716000000000e+07   3.698e+08   1.000e+00
    355  376525.439     368       0  -6.285719200000000e+07   4.916e+08   1.000e+00
    356  377546.247     369       0  -6.285722800000000e+07   4.223e+08   1.000e+00
    357  378571.964     370       0  -6.285727200000000e+07   6.633e+08   1.000e+00
    358  379595.143     371       0  -6.285730800000000e+07   4.488e+08   1.000e+00
    359  380618.165     372       0  -6.285732000000000e+07   3.918e+08   1.000e+00
    360  381644.148     373       0  -6.285736800000000e+07   4.995e+08   1.000e+00
    361  382666.145     374       0  -6.285737200000000e+07   1.228e+09   1.000e+00
    362  383686.823     375       0  -6.285741200000000e+07   3.782e+08   1.000e+00
    363  384709.168     376       0  -6.285742800000000e+07   2.755e+08   1.000e+00
    364  385729.396     377       0  -6.285744800000000e+07   3.663e+08   1.000e+00
    365  386753.583     378       0  -6.285748000000000e+07   4.780e+08   1.000e+00
    366  387778.721     379       0  -6.285752400000000e+07   3.774e+08   1.000e+00
    367  388803.055     380       0  -6.285754800000000e+07   3.299e+08   1.000e+00
    368  389828.148     381       0  -6.285758400000000e+07   4.453e+08   1.000e+00
    369  390853.105     382       0  -6.285760800000000e+07   8.107e+08   1.000e+00
    370  391875.790     383       0  -6.285762800000000e+07   3.804e+08   1.000e+00
    371  392899.785     384       0  -6.285765200000000e+07   3.126e+08   1.000e+00
    372  393922.993     385       0  -6.285768000000000e+07   3.949e+08   1.000e+00
    373  394948.358     386       0  -6.285770800000000e+07   5.679e+08   1.000e+00
    374  395972.263     387       0  -6.285774400000000e+07   7.928e+08   1.000e+00
    375  396996.579     388       0  -6.285777200000000e+07   3.056e+08   1.000e+00
    376  398018.929     389       0  -6.285778800000000e+07   3.098e+08   1.000e+00
    377  399054.359     390       0  -6.285780800000000e+07   3.690e+08   1.000e+00
    378  400080.385     391       0  -6.285783600000000e+07   9.861e+08   1.000e+00
    379  401103.689     392       0  -6.285787600000000e+07   3.856e+08   1.000e+00
    380  402127.272     393       0  -6.285789200000000e+07   3.121e+08   1.000e+00
    381  403152.180     394       0  -6.285790400000000e+07   3.667e+08   1.000e+00
    382  404176.302     395       0  -6.285793600000000e+07   5.940e+08   1.000e+00
    383  405200.469     396       0  -6.285796000000000e+07   4.942e+08   1.000e+00
    384  406223.873     397       0  -6.285798000000000e+07   3.079e+08   1.000e+00
    385  407247.890     398       0  -6.285801600000000e+07   3.548e+08   1.000e+00
    386  408272.100     399       0  -6.285804000000000e+07   4.774e+08   1.000e+00
    387  409295.858     400       0  -6.285806000000000e+07   4.190e+08   1.000e+00
    388  410320.080     401       0  -6.285809200000000e+07   3.832e+08   1.000e+00
    389  411344.263     402       0  -6.285812000000000e+07   3.370e+08   1.000e+00
    390  412367.336     403       0  -6.285814000000000e+07   3.857e+08   1.000e+00
    391  413392.034     404       0  -6.285816800000000e+07   4.059e+08   1.000e+00
    392  414415.594     405       0  -6.285819600000000e+07   4.126e+08   1.000e+00
    393  415439.475     406       0  -6.285821200000000e+07   3.233e+08   1.000e+00
    394  416461.251     407       0  -6.285824400000000e+07   3.648e+08   1.000e+00
    395  417489.718     408       0  -6.285826800000000e+07   5.840e+08   1.000e+00
    396  418519.900     409       0  -6.285827600000000e+07   3.466e+08   1.000e+00
    397  419549.315     410       0  -6.285830000000000e+07   2.973e+08   1.000e+00
    398  420578.180     411       0  -6.285831600000000e+07   3.200e+08   1.000e+00
    399  421611.916     412       0  -6.285833600000000e+07   9.301e+08   1.000e+00
    400  422644.913     413       0  -6.285837200000000e+07   3.146e+08   1.000e+00
    401  423676.097     414       0  -6.285838400000000e+07   2.863e+08   1.000e+00
    402  424708.546     415       0  -6.285841200000000e+07   3.555e+08   1.000e+00
    403  425739.589     416       0  -6.285842400000000e+07   9.858e+08   1.000e+00
    404  426771.534     417       0  -6.285846000000000e+07   4.031e+08   1.000e+00
    405  427805.533     418       0  -6.285848000000000e+07   2.749e+08   1.000e+00
    406  428831.143     419       0  -6.285849200000000e+07   3.255e+08   1.000e+00
    407  429854.940     420       0  -6.285853200000000e+07   3.647e+08   1.000e+00
    408  430881.274     421       0  -6.285854000000000e+07   1.035e+09   1.000e+00
    409  431906.106     422       0  -6.285857200000000e+07   2.779e+08   1.000e+00
    410  432930.332     423       0  -6.285858000000000e+07   2.377e+08   1.000e+00
    411  433955.107     424       0  -6.285861200000000e+07   3.134e+08   1.000e+00
    412  434988.074     425       0  -6.285863200000000e+07   6.656e+08   1.000e+00
    413  436020.829     426       0  -6.285866000000000e+07   3.911e+08   1.000e+00
    414  437052.324     427       0  -6.285868800000000e+07   2.946e+08   1.000e+00
    415  438084.449     428       0  -6.285871200000000e+07   3.778e+08   1.000e+00
    416  439117.409     429       0  -6.285874000000000e+07   4.379e+08   1.000e+00
    417  440147.807     430       0  -6.285876000000000e+07   3.357e+08   1.000e+00
    418  441180.934     431       0  -6.285878800000000e+07   3.307e+08   1.000e+00
    419  442212.210     432       0  -6.285880400000000e+07   4.299e+08   1.000e+00
    420  443245.908     433       0  -6.285883200000000e+07   3.383e+08   1.000e+00
    421  444270.496     434       0  -6.285885600000000e+07   3.040e+08   1.000e+00
    422  445304.933     435       0  -6.285887600000000e+07   3.323e+08   1.000e+00
    423  446337.939     436       0  -6.285889200000000e+07   3.865e+08   1.000e+00
    424  447372.843     437       0  -6.285890400000000e+07   2.940e+08   1.000e+00
    425  448398.695     438       0  -6.285894000000000e+07   3.839e+08   1.000e+00
    426  449433.232     439       0  -6.285896400000000e+07   6.081e+08   1.000e+00
    427  450469.811     440       0  -6.285897200000000e+07   3.056e+08   1.000e+00
    428  451494.110     441       0  -6.285899200000000e+07   2.385e+08   1.000e+00
    429  452528.252     442       0  -6.285899600000000e+07   2.961e+08   1.000e+00
    430  453570.813     443       0  -6.285902800000000e+07   4.284e+08   1.000e+00
    431  454611.314     444       0  -6.285904000000000e+07   7.327e+08   1.000e+00
    432  455654.441     445       0  -6.285906400000000e+07   2.847e+08   1.000e+00
    433  456698.908     446       0  -6.285908000000000e+07   2.624e+08   1.000e+00
    434  457739.076     447       0  -6.285909200000000e+07   3.290e+08   1.000e+00
    435  458768.320     448       0  -6.285911600000000e+07   8.158e+08   1.000e+00
    436  459810.756     449       0  -6.285914000000000e+07   3.526e+08   1.000e+00
    437  460854.506     450       0  -6.285914400000000e+07   2.597e+08   1.000e+00
    438  461895.060     451       0  -6.285916000000000e+07   2.977e+08   1.000e+00
    439  462937.109     452       0  -6.285918800000000e+07   3.699e+08   1.000e+00
    440  463962.782     453       0  -6.285919600000000e+07   8.732e+08   1.000e+00
    441  465015.264     454       0  -6.285921600000000e+07   2.795e+08   1.000e+00
    442  466068.350     455       0  -6.285922800000000e+07   2.402e+08   1.000e+00
    443  467118.356     456       0  -6.285924400000000e+07   3.068e+08   1.000e+00
    444  468171.843     457       0  -6.285926800000000e+07   7.670e+08   1.000e+00
    445  469223.780     458       0  -6.285928800000000e+07   3.699e+08   1.000e+00
    446  470273.210     459       0  -6.285930800000000e+07   2.621e+08   1.000e+00
    447  471298.019     460       0  -6.285931600000000e+07   2.960e+08   1.000e+00
    448  472335.974     461       0  -6.285934000000000e+07   3.638e+08   1.000e+00
    449  473380.024     462       0  -6.285934400000000e+07   1.093e+09   1.000e+00
    450  474419.160     463       0  -6.285938000000000e+07   2.931e+08   1.000e+00
    451  475447.594     464       0  -6.285938800000000e+07   2.276e+08   1.000e+00
    452  476475.502     465       0  -6.285940800000000e+07   2.967e+08   1.000e+00
    453  477507.664     466       0  -6.285942800000000e+07   4.737e+08   1.000e+00
    454  478535.151     467       0  -6.285946400000000e+07   3.839e+08   1.000e+00
    455  479567.085     468       0  -6.285947200000000e+07   2.340e+08   1.000e+00
    456  480599.241     469       0  -6.285949200000000e+07   2.608e+08   1.000e+00
    457  481637.393     470       0  -6.285950800000000e+07   3.433e+08   1.000e+00
    458  482676.354     471       0  -6.285953200000000e+07   2.997e+08   1.000e+00
    459  483713.085     472       0  -6.285956000000000e+07   2.717e+08   1.000e+00
    460  484751.660     473       0  -6.285958800000000e+07   3.900e+08   1.000e+00
    461  485787.071     474       0  -6.285960400000000e+07   2.992e+08   1.000e+00
    462  486824.130     475       0  -6.285961600000000e+07   2.745e+08   1.000e+00
    463  487860.548     476       0  -6.285964000000000e+07   4.175e+08   1.000e+00
    464  488905.928     477       0  -6.285966400000000e+07   5.535e+08   1.000e+00
    465  489959.395     478       0  -6.285967600000000e+07   2.767e+08   1.000e+00
    466  491000.762     479       0  -6.285968800000000e+07   2.168e+08   1.000e+00
    467  492050.231     480       0  -6.285970000000000e+07   2.555e+08   1.000e+00
    468  493091.683     481       0  -6.285972000000000e+07   5.427e+08   1.000e+00
    469  494131.492     482       0  -6.285974400000000e+07   2.588e+08   1.000e+00
    470  495174.174     483       0  -6.285975600000000e+07   2.330e+08   1.000e+00
    471  496217.898     484       0  -6.285976800000000e+07   3.021e+08   1.000e+00
    472  497271.188     485       0  -6.285979200000000e+07   6.294e+08   1.000e+00
    473  498314.017     486       0  -6.285980400000000e+07   2.851e+08   1.000e+00
    474  499354.757     487       0  -6.285982000000000e+07   2.317e+08   1.000e+00
    475  500397.458     488       0  -6.285982400000000e+07   2.683e+08   1.000e+00
    476  501442.654     489       0  -6.285985600000000e+07   4.398e+08   1.000e+00
    477  502485.917     490       0  -6.285988000000000e+07   3.805e+08   1.000e+00
    478  503529.699     491       0  -6.285988400000000e+07   2.205e+08   1.000e+00
    479  504574.227     492       0  -6.285990000000000e+07   2.535e+08   1.000e+00
    480  505618.058     493       0  -6.285992400000000e+07   3.161e+08   1.000e+00
    481  506661.932     494       0  -6.285994400000000e+07   2.978e+08   1.000e+00
    482  507708.072     495       0  -6.285995600000000e+07   2.614e+08   1.000e+00
    483  508750.246     496       0  -6.285998400000000e+07   3.223e+08   1.000e+00
    484  509794.835     497       0  -6.285999600000000e+07   3.101e+08   1.000e+00
    485  510840.913     498       0  -6.286000800000000e+07   2.546e+08   1.000e+00
    486  511885.424     499       0  -6.286003200000000e+07   3.060e+08   1.000e+00
    487  512930.372     500       0  -6.286005200000000e+07   5.798e+08   1.000e+00
    488  513973.515     501       0  -6.286006400000000e+07   2.710e+08   1.000e+00
    489  515015.482     502       0  -6.286007600000000e+07   2.048e+08   1.000e+00
    490  516065.619     503       0  -6.286008800000000e+07   2.449e+08   1.000e+00
    491  517119.418     504       0  -6.286011200000000e+07   3.516e+08   1.000e+00
    492  518163.051     505       0  -6.286014000000000e+07   7.177e+08   1.000e+00
    493  519207.512     506       0  -6.286014400000000e+07   2.471e+08   1.000e+00
    494  520260.329     507       0  -6.286015200000000e+07   1.997e+08   1.000e+00
    495  521308.394     508       0  -6.286016800000000e+07   2.494e+08   1.000e+00
    496  522345.566     509       0  -6.286019200000000e+07   4.522e+08   1.000e+00
    497  523390.180     510       0  -6.286020800000000e+07   2.888e+08   1.000e+00
    498  524434.611     511       0  -6.286022400000000e+07   2.014e+08   1.000e+00
    499  525479.041     512       0  -6.286024400000000e+07   2.513e+08   1.000e+00
    500  526522.530     513       0  -6.286026000000000e+07   4.408e+08   1.000e+00
    501  527565.633     514       0  -6.286028000000000e+07   2.708e+08   1.000e+00
    502  528604.950     515       0  -6.286030800000000e+07   2.239e+08   1.000e+00
    503  529646.086     516       0  -6.286032000000000e+07   2.531e+08   1.000e+00
    504  530690.314     517       0  -6.286034400000000e+07   4.973e+08   1.000e+00
    505  531733.899     518       0  -6.286035200000000e+07   2.200e+08   1.000e+00
    506  532778.694     519       0  -6.286036000000000e+07   2.178e+08   1.000e+00
    507  533821.482     520       0  -6.286037600000000e+07   2.646e+08   1.000e+00
    508  534866.000     521       0  -6.286038800000000e+07   7.627e+08   1.000e+00
    509  535911.285     522       0  -6.286040400000000e+07   2.690e+08   1.000e+00
    510  536939.626     523       0  -6.286041600000000e+07   1.860e+08   1.000e+00
    511  537982.256     524       0  -6.286043200000000e+07   2.400e+08   1.000e+00
    512  539026.363     525       0  -6.286044800000000e+07   2.873e+08   1.000e+00
    513  540069.875     526       0  -6.286047200000000e+07   6.168e+08   1.000e+00
    514  541114.167     527       0  -6.286048000000000e+07   1.904e+08   1.000e+00
    515  542143.686     528       0  -6.286048400000000e+07   1.947e+08   1.000e+00
    516  543170.988     529       0  -6.286050000000000e+07   2.455e+08   1.000e+00
    517  545180.721     531       0  -6.286050400000000e+07   3.683e+08   5.000e-01
    518  546186.453     532       0  -6.286051200000000e+07   2.644e+08   1.000e+00
    519  547193.080     533       0  -6.286052800000000e+07   2.895e+08   1.000e+00
    520  549192.597     535       0  -6.286054000000000e+07   1.939e+08   5.000e-01
    521  564920.511     551       0  -6.286054000000000e+07   1.939e+08   2.178e-06
# Termination: function reduction test satisfied
# Iter.   Time (ms)    Eval. Reject.       Obj. Func.           Grad.       Step
# ---------------------------------------------------------------------------------
      0     981.465       1       0  -6.237347600000000e+07   1.121e+10   0.000e+00
      1   12768.100      13       0  -6.243038800000000e+07   2.140e+10   6.617e-16
      2   13771.588      14       0  -6.247583200000000e+07   1.405e+10   1.000e+00
      3   14774.219      15       0  -6.253220000000000e+07   1.540e+10   1.000e+00
      4   15778.880      16       0  -6.259038000000000e+07   1.867e+10   1.000e+00
      5   16783.773      17       0  -6.262549200000000e+07   2.337e+10   1.000e+00
      6   17791.119      18       0  -6.266282000000000e+07   1.105e+10   1.000e+00
      7   18797.210      19       0  -6.268027600000000e+07   9.016e+09   1.000e+00
      8   19804.627      20       0  -6.269636400000000e+07   9.366e+09   1.000e+00
      9   20812.626      21       0  -6.271403200000000e+07   1.065e+10   1.000e+00
     10   21818.592      22       0  -6.272300800000000e+07   8.045e+09   1.000e+00
     11   22825.358      23       0  -6.272814400000000e+07   5.976e+09   1.000e+00
     12   23832.853      24       0  -6.273640400000000e+07   5.221e+09   1.000e+00
     13   24840.159      25       0  -6.274164000000000e+07   9.817e+09   1.000e+00
     14   25846.656      26       0  -6.274603200000000e+07   4.571e+09   1.000e+00
     15   26854.235      27       0  -6.274927200000000e+07   3.658e+09   1.000e+00
     16   27861.457      28       0  -6.275219600000000e+07   3.896e+09   1.000e+00
     17   28867.695      29       0  -6.275712000000000e+07   7.016e+09   1.000e+00
     18   29874.235      30       0  -6.276104400000000e+07   4.174e+09   1.000e+00
     19   30881.238      31       0  -6.276258800000000e+07   2.929e+09   1.000e+00
     20   31889.098      32       0  -6.276570400000000e+07   2.924e+09   1.000e+00
     21   32896.316      33       0  -6.276827600000000e+07   6.166e+09   1.000e+00
     22   33903.613      34       0  -6.277041600000000e+07   3.183e+09   1.000e+00
     23   34910.614      35       0  -6.277282000000000e+07   2.637e+09   1.000e+00
     24   35917.397      36       0  -6.277464800000000e+07   2.883e+09   1.000e+00
     25   36925.339      37       0  -6.277760000000000e+07   6.205e+09   1.000e+00
     26   37935.416      38       0  -6.278000800000000e+07   2.819e+09   1.000e+00
     27   38944.687      39       0  -6.278090800000000e+07   2.326e+09   1.000e+00
     28   39950.994      40       0  -6.278278800000000e+07   2.909e+09   1.000e+00
     29   40959.035      41       0  -6.278401200000000e+07   6.077e+09   1.000e+00
     30   41966.177      42       0  -6.278528000000000e+07   2.482e+09   1.000e+00
     31   42974.236      43       0  -6.278627200000000e+07   1.898e+09   1.000e+00
     32   43987.801      44       0  -6.278735200000000e+07   2.304e+09   1.000e+00
     33   44995.736      45       0  -6.278912400000000e+07   3.285e+09   1.000e+00
     34   46002.424      46       0  -6.279054000000000e+07   4.284e+09   1.000e+00
     35   47017.224      47       0  -6.279154800000000e+07   1.811e+09   1.000e+00
     36   48023.564      48       0  -6.279231600000000e+07   1.932e+09   1.000e+00
     37   49033.306      49       0  -6.279326000000000e+07   2.239e+09   1.000e+00
     38   50043.444      50       0  -6.279445200000000e+07   4.658e+09   1.000e+00
     39   51054.665      51       0  -6.279549600000000e+07   1.895e+09   1.000e+00
     40   52066.268      52       0  -6.279614000000000e+07   1.864e+09   1.000e+00
     41   53077.403      53       0  -6.279691600000000e+07   2.069e+09   1.000e+00
     42   54088.758      54       0  -6.279784400000000e+07   5.213e+09   1.000e+00
     43   55101.423      55       0  -6.279889600000000e+07   2.075e+09   1.000e+00
     44   56108.825      56       0  -6.279940400000000e+07   1.540e+09   1.000e+00
     45   57116.973      57       0  -6.279996000000000e+07   1.769e+09   1.000e+00
     46   58123.804      58       0  -6.280096400000000e+07   2.136e+09   1.000e+00
     47   59131.397      59       0  -6.280137600000000e+07   5.628e+09   1.000e+00
     48   60145.325      60       0  -6.280235600000000e+07   1.673e+09   1.000e+00
     49   61162.671      61       0  -6.280266000000000e+07   1.323e+09   1.000e+00
     50   62176.992      62       0  -6.280334800000000e+07   1.665e+09   1.000e+00
     51   63192.977      63       0  -6.280428000000000e+07   2.267e+09   1.000e+00
     52   64207.982      64       0  -6.280497600000000e+07   3.938e+09   1.000e+00
     53   65221.122      65       0  -6.280556800000000e+07   1.325e+09   1.000e+00
     54   66235.867      66       0  -6.280582400000000e+07   1.208e+09   1.000e+00
     55   67248.813      67       0  -6.280642000000000e+07   1.508e+09   1.000e+00
     56   68263.802      68       0  -6.280724400000000e+07   3.671e+09   1.000e+00
     57   69279.786      69       0  -6.280796800000000e+07   1.712e+09   1.000e+00
     58   70293.678      70       0  -6.280846800000000e+07   1.258e+09   1.000e+00
     59   71308.820      71       0  -6.280893600000000e+07   1.440e+09   1.000e+00
     60   72324.093      72       0  -6.280972400000000e+07   1.983e+09   1.000e+00
     61   73345.492      73       0  -6.281063600000000e+07   2.798e+09   1.000e+00
     62   74363.762      74       0  -6.281114800000000e+07   1.299e+09   1.000e+00
     63   75380.520      75       0  -6.281154800000000e+07   1.434e+09   1.000e+00
     64   76395.197      76       0  -6.281214400000000e+07   1.639e+09   1.000e+00
     65   77410.364      77       0  -6.281286800000000e+07   3.641e+09   1.000e+00
     66   78423.513      78       0  -6.281339600000000e+07   1.381e+09   1.000e+00
     67   79436.103      79       0  -6.281376400000000e+07   1.229e+09   1.000e+00
     68   80448.854      80       0  -6.281422000000000e+07   1.499e+09   1.000e+00
     69   81465.152      81       0  -6.281505600000000e+07   2.856e+09   1.000e+00
     70   82477.676      82       0  -6.281588400000000e+07   1.746e+09   1.000e+00
     71   83491.679      83       0  -6.281631200000000e+07   1.252e+09   1.000e+00
     72   84504.509      84       0  -6.281700400000000e+07   1.412e+09   1.000e+00
     73   85517.122      85       0  -6.281755200000000e+07   2.886e+09   1.000e+00
     74   86532.255      86       0  -6.281805200000000e+07   1.687e+09   1.000e+00
     75   87548.033      87       0  -6.281864000000000e+07   1.303e+09   1.000e+00
     76   88564.164      88       0  -6.281903200000000e+07   1.449e+09   1.000e+00
     77   89581.100      89       0  -6.281947200000000e+07   3.617e+09   1.000e+00
     78   90597.699      90       0  -6.281996400000000e+07   1.290e+09   1.000e+00
     79   91612.852      91       0  -6.282017200000000e+07   1.101e+09   1.000e+00
     80   92641.005      92       0  -6.282051200000000e+07   1.328e+09   1.000e+00
     81   93663.351      93       0  -6.282102400000000e+07   2.165e+09   1.000e+00
     82   94691.197      94       0  -6.282147600000000e+07   1.742e+09   1.000e+00
     83   95716.939      95       0  -6.282175200000000e+07   1.074e+09   1.000e+00
     84   96742.276      96       0  -6.282206400000000e+07   1.162e+09   1.000e+00
     85   97763.325      97       0  -6.282229600000000e+07   1.674e+09   1.000e+00
     86   98788.447      98       0  -6.282256400000000e+07   1.128e+09   1.000e+00
     87   99813.372      99       0  -6.282290800000000e+07   1.054e+09   1.000e+00
     88  100834.670     100       0  -6.282315600000000e+07   1.889e+09   1.000e+00
     89  101853.670     101       0  -6.282340000000000e+07   1.064e+09   1.000e+00
     90  102877.624     102       0  -6.282360400000000e+07   9.210e+08   1.000e+00
     91  103902.816     103       0  -6.282382800000000e+07   1.177e+09   1.000e+00
     92  104921.946     104       0  -6.282408000000000e+07   1.988e+09   1.000e+00
     93  105948.264     105       0  -6.282432000000000e+07   1.113e+09   1.000e+00
     94  106970.897     106       0  -6.282454000000000e+07   9.438e+08   1.000e+00
     95  107995.389     107       0  -6.282472800000000e+07   1.082e+09   1.000e+00
     96  109027.427     108       0  -6.282494800000000e+07   2.086e+09   1.000e+00
     97  110073.432     109       0  -6.282516000000000e+07   9.402e+08   1.000e+00
     98  111127.636     110       0  -6.282533200000000e+07   9.149e+08   1.000e+00
     99  112176.789     111       0  -6.282550400000000e+07   1.038e+09   1.000e+00
    100  113226.266     112       0  -6.282569600000000e+07   2.598e+09   1.000e+00
    101  114280.814     113       0  -6.282596000000000e+07   1.041e+09   1.000e+00
    102  115334.778     114       0  -6.282609200000000e+07   8.087e+08   1.000e+00
    103  116382.396     115       0  -6.282624400000000e+07   9.357e+08   1.000e+00
    104  117435.020     116       0  -6.282647200000000e+07   1.521e+09   1.000e+00
    105  118483.429     117       0  -6.282668000000000e+07   1.224e+09   1.000e+00
    106  119535.706     118       0  -6.282683200000000e+07   8.287e+08   1.000e+00
    107  120571.347     119       0  -6.282700800000000e+07   9.718e+08   1.000e+00
    108  121598.678     120       0  -6.282715200000000e+07   1.422e+09   1.000e+00
    109  122632.799     121       0  -6.282734000000000e+07   9.490e+08   1.000e+00
    110  123662.237     122       0  -6.282757600000000e+07   9.247e+08   1.000e+00
    111  124689.913     123       0  -6.282771200000000e+07   1.704e+09   1.000e+00
    112  125719.523     124       0  -6.282786800000000e+07   9.752e+08   1.000e+00
    113  126770.080     125       0  -6.282804400000000e+07   7.996e+08   1.000e+00
    114  127819.393     126       0  -6.282818800000000e+07   9.641e+08   1.000e+00
    115  128860.981     127       0  -6.282835200000000e+07   1.779e+09   1.000e+00
    116  129913.145     128       0  -6.282854000000000e+07   8.917e+08   1.000e+00
    117  130956.856     129       0  -6.282869600000000e+07   8.453e+08   1.000e+00
    118  132021.655     130       0  -6.282885600000000e+07   9.820e+08   1.000e+00
    119  133073.212     131       0  -6.282897200000000e+07   2.557e+09   1.000e+00
    120  134135.484     132       0  -6.282919200000000e+07   9.150e+08   1.000e+00
    121  135193.558     133       0  -6.282930400000000e+07   7.048e+08   1.000e+00
    122  136244.577     134       0  -6.282942800000000e+07   8.743e+08   1.000e+00
    123  137302.511     135       0  -6.282966000000000e+07   1.266e+09   1.000e+00
    124  138360.543     136       0  -6.282987600000000e+07   1.456e+09   1.000e+00
    125  139417.949     137       0  -6.283002000000000e+07   7.358e+08   1.000e+00
    126  140474.971     138       0  -6.283015200000000e+07   8.435e+08   1.000e+00
    127  141546.563     139       0  -6.283029600000000e+07   9.637e+08   1.000e+00
    128  142605.119     140       0  -6.283048800000000e+07   1.827e+09   1.000e+00
    129  143658.617     141       0  -6.283066400000000e+07   8.548e+08   1.000e+00
    130  144714.485     142       0  -6.283081200000000e+07   8.202e+08   1.000e+00
    131  145769.113     143       0  -6.283094800000000e+07   8.939e+08   1.000e+00
    132  146834.622     144       0  -6.283112400000000e+07   2.680e+09   1.000e+00
    133  147901.842     145       0  -6.283135200000000e+07   8.836e+08   1.000e+00
    134  148976.641     146       0  -6.283146000000000e+07   6.831e+08   1.000e+00
    135  150036.325     147       0  -6.283158800000000e+07   8.512e+08   1.000e+00
    136  151095.409     148       0  -6.283180800000000e+07   1.015e+09   1.000e+00
    137  152142.647     149       0  -6.283196000000000e+07   2.730e+09   1.000e+00
    138  153209.726     150       0  -6.283222400000000e+07   8.128e+08   1.000e+00
    139  154278.655     151       0  -6.283230800000000e+07   6.842e+08   1.000e+00
    140  155341.334     152       0  -6.283248800000000e+07   8.383e+08   1.000e+00
    141  156399.608     153       0  -6.283264800000000e+07   2.338e+09   1.000e+00
    142  157457.696     154       0  -6.283282800000000e+07   1.039e+09   1.000e+00
    143  158521.358     155       0  -6.283298800000000e+07   7.311e+08   1.000e+00
    144  159578.481     156       0  -6.283312400000000e+07   8.869e+08   1.000e+00
    145  160647.507     157       0  -6.283337600000000e+07   1.077e+09   1.000e+00
    146  161710.592     158       0  -6.283340400000000e+07   3.545e+09   1.000e+00
    147  162783.812     159       0  -6.283377200000000e+07   9.245e+08   1.000e+00
    148  163849.413     160       0  -6.283385600000000e+07   6.644e+08   1.000e+00
    149  164932.005     161       0  -6.283402800000000e+07   8.409e+08   1.000e+00
    150  166010.506     162       0  -6.283425200000000e+07   1.260e+09   1.000e+00
    151  167082.735     163       0  -6.283451200000000e+07   1.348e+09   1.000e+00
    152  168147.417     164       0  -6.283468000000000e+07   8.283e+08   1.000e+00
    153  169229.686     165       0  -6.283480800000000e+07   8.707e+08   1.000e+00
    154  170315.743     166       0  -6.283496000000000e+07   1.008e+09   1.000e+00
    155  171391.605     167       0  -6.283512400000000e+07   1.082e+09   1.000e+00
    156  172457.617     168       0  -6.283526800000000e+07   7.935e+08   1.000e+00
    157  173536.976     169       0  -6.283545200000000e+07   9.725e+08   1.000e+00
    158  174643.568     170       0  -6.283556800000000e+07   1.265e+09   1.000e+00
    159  175691.016     171       0  -6.283566400000000e+07   8.795e+08   1.000e+00
    160  176742.379     172       0  -6.283589200000000e+07   7.197e+08   1.000e+00
    161  177794.972     173       0  -6.283601200000000e+07   9.598e+08   1.000e+00
    162  178846.474     174       0  -6.283618000000000e+07   8.387e+08   1.000e+00
    163  179894.245     175       0  -6.283632000000000e+07   1.895e+09   1.000e+00
    164  180944.341     176       0  -6.283648400000000e+07   7.207e+08   1.000e+00
    165  181998.697     177       0  -6.283656800000000e+07   6.512e+08   1.000e+00
    166  183050.367     178       0  -6.283671200000000e+07   7.926e+08   1.000e+00
    167  184097.278     179       0  -6.283686000000000e+07   1.981e+09   1.000e+00
    168  185145.008     180       0  -6.283702800000000e+07   8.718e+08   1.000e+00
    169  186194.106     181       0  -6.283714400000000e+07   6.321e+08   1.000e+00
    170  187247.351     182       0  -6.283725600000000e+07   7.309e+08   1.000e+00
    171  188298.504     183       0  -6.283741600000000e+07   1.424e+09   1.000e+00
    172  189350.834     184       0  -6.283756400000000e+07   7.469e+08   1.000e+00
    173  190402.386     185       0  -6.283765200000000e+07   5.962e+08   1.000e+00
    174  191449.505     186       0  -6.283774800000000e+07   8.128e+08   1.000e+00
    175  192497.023     187       0  -6.283785600000000e+07   1.315e+09   1.000e+00
    176  193560.661     188       0  -6.283796000000000e+07   7.914e+08   1.000e+00
    177  194606.462     189       0  -6.283810800000000e+07   6.593e+08   1.000e+00
    178  195654.230     190       0  -6.283820000000000e+07   7.585e+08   1.000e+00
    179  196702.581     191       0  -6.283833200000000e+07   1.178e+09   1.000e+00
    180  197753.057     192       0  -6.283843600000000e+07   7.390e+08   1.000e+00
    181  198798.061     193       0  -6.283850800000000e+07   6.714e+08   1.000e+00
    182  199845.150     194       0  -6.283858400000000e+07   7.440e+08   1.000e+00
    183  200897.815     195       0  -6.283866000000000e+07   1.485e+09   1.000e+00
    184  201950.559     196       0  -6.283874400000000e+07   6.978e+08   1.000e+00
    185  203002.535     197       0  -6.283882400000000e+07   5.719e+08   1.000e+00
    186  204054.859     198       0  -6.283888000000000e+07   6.269e+08   1.000e+00
    187  205105.717     199       0  -6.283894400000000e+07   1.234e+09   1.000e+00
    188  206154.454     200       0  -6.283902000000000e+07   5.772e+08   1.000e+00
    189  207205.308     201       0  -6.283907200000000e+07   5.716e+08   1.000e+00
    190  208258.350     202       0  -6.283913600000000e+07   6.890e+08   1.000e+00
    191  209310.529     203       0  -6.283916000000000e+07   1.751e+09   1.000e+00
    192  210362.027     204       0  -6.283926000000000e+07   6.787e+08   1.000e+00
    193  211409.988     205       0  -6.283930800000000e+07   4.770e+08   1.000e+00
    194  212466.251     206       0  -6.283935200000000e+07   6.016e+08   1.000e+00
    195  213518.690     207       0  -6.283942400000000e+07   8.593e+08   1.000e+00
    196  214570.250     208       0  -6.283948400000000e+07   8.365e+08   1.000e+00
    197  215617.837     209       0  -6.283954000000000e+07   4.670e+08   1.000e+00
    198  216669.440     210       0  -6.283959600000000e+07   5.969e+08   1.000e+00
    199  217717.842     211       0  -6.283965200000000e+07   7.129e+08   1.000e+00
    200  218766.158     212       0  -6.283973200000000e+07   7.730e+08   1.000e+00
    201  219818.735     213       0  -6.283980400000000e+07   6.072e+08   1.000e+00
    202  220870.613     214       0  -6.283988000000000e+07   7.187e+08   1.000e+00
    203  221922.986     215       0  -6.283993600000000e+07   7.530e+08   1.000e+00
    204  222974.587     216       0  -6.283998800000000e+07   5.898e+08   1.000e+00
    205  224033.018     217       0  -6.284009200000000e+07   7.976e+08   1.000e+00
    206  225076.706     218       0  -6.284014400000000e+07   1.005e+09   1.000e+00
    207  226126.566     219       0  -6.284018800000000e+07   6.641e+08   1.000e+00
    208  227177.984     220       0  -6.284026800000000e+07   4.631e+08   1.000e+00
    209  228230.962     221       0  -6.284031200000000e+07   5.650e+08   1.000e+00
    210  229282.781     222       0  -6.284040000000000e+07   6.554e+08   1.000e+00
    211  230333.978     223       0  -6.284044800000000e+07   1.141e+09   1.000e+00
    212  231381.631     224       0  -6.284051200000000e+07   6.146e+08   1.000e+00
    213  232433.329     225       0  -6.284058400000000e+07   5.219e+08   1.000e+00
    214  233481.944     226       0  -6.284065600000000e+07   5.737e+08   1.000e+00
    215  234534.008     227       0  -6.284074400000000e+07   1.265e+09   1.000e+00
    216  235581.432     228       0  -6.284082800000000e+07   5.296e+08   1.000e+00
    217  236634.650     229       0  -6.284088000000000e+07   5.132e+08   1.000e+00
    218  237682.961     230       0  -6.284094000000000e+07   5.707e+08   1.000e+00
    219  238734.800     231       0  -6.284098400000000e+07   1.800e+09   1.000e+00
    220  239781.417     232       0  -6.284108000000000e+07   6.212e+08   1.000e+00
    221  240834.900     233       0  -6.284112400000000e+07   4.128e+08   1.000e+00
    222  241887.358     234       0  -6.284119200000000e+07   5.457e+08   1.000e+00
    223  242933.489     235       0  -6.284128000000000e+07   6.863e+08   1.000e+00
    224  243987.144     236       0  -6.284133200000000e+07   1.640e+09   1.000e+00
    225  245038.872     237       0  -6.284142000000000e+07   4.525e+08   1.000e+00
    226  246091.723     238       0  -6.284144000000000e+07   4.152e+08   1.000e+00
    227  247139.803     239       0  -6.284149200000000e+07   5.137e+08   1.000e+00
    228  248184.433     240       0  -6.284155600000000e+07   1.269e+09   1.000e+00
    229  249233.676     241       0  -6.284163200000000e+07   6.082e+08   1.000e+00
    230  250286.029     242       0  -6.284168000000000e+07   4.482e+08   1.000e+00
    231  251338.988     243       0  -6.284173600000000e+07   5.149e+08   1.000e+00
    232  252390.601     244       0  -6.284181600000000e+07   7.803e+08   1.000e+00
    233  253449.415     245       0  -6.284189200000000e+07   8.256e+08   1.000e+00
    234  254498.604     246       0  -6.284194000000000e+07   4.512e+08   1.000e+00
    235  255551.452     247       0  -6.284199600000000e+07   5.353e+08   1.000e+00
    236  256598.527     248       0  -6.284204400000000e+07   5.908e+08   1.000e+00
    237  257651.286     249       0  -6.284214000000000e+07   8.650e+08   1.000e+00
    238  258703.087     250       0  -6.284219200000000e+07   5.118e+08   1.000e+00
    239  259754.750     251       0  -6.284224400000000e+07   5.014e+08   1.000e+00
    240  260807.323     252       0  -6.284229600000000e+07   6.497e+08   1.000e+00
    241  261853.960     253       0  -6.284236800000000e+07   6.875e+08   1.000e+00
    242  262901.578     254       0  -6.284241600000000e+07   4.995e+08   1.000e+00
    243  263949.928     255       0  -6.284246800000000e+07   5.062e+08   1.000e+00
    244  264998.998     256       0  -6.284252800000000e+07   6.080e+08   1.000e+00
    245  266048.175     257       0  -6.284259200000000e+07   5.131e+08   1.000e+00
    246  267097.800     258       0  -6.284265600000000e+07   5.198e+08   1.000e+00
    247  268149.659     259       0  -6.284272000000000e+07   7.693e+08   1.000e+00
    248  269197.162     260       0  -6.284277200000000e+07   4.541e+08   1.000e+00
    249  270250.363     261       0  -6.284280000000000e+07   4.480e+08   1.000e+00
    250  271298.874     262       0  -6.284286800000000e+07   8.651e+08   1.000e+00
    251  272349.733     263       0  -6.284292400000000e+07   7.302e+08   1.000e+00
    252  273402.886     264       0  -6.284295600000000e+07   4.742e+08   1.000e+00
    253  274425.406     265       0  -6.284300400000000e+07   4.436e+08   1.000e+00
    254  275457.019     266       0  -6.284305600000000e+07   4.943e+08   1.000e+00
    255  276504.740     267       0  -6.284311200000000e+07   7.125e+08   1.000e+00
    256  277554.676     268       0  -6.284316400000000e+07   5.267e+08   1.000e+00
    257  278603.784     269       0  -6.284320000000000e+07   4.934e+08   1.000e+00
    258  279652.824     270       0  -6.284324800000000e+07   5.226e+08   1.000e+00
    259  280706.084     271       0  -6.284328400000000e+07   1.090e+09   1.000e+00
    260  281753.436     272       0  -6.284333600000000e+07   4.869e+08   1.000e+00
    261  282805.635     273       0  -6.284336800000000e+07   4.390e+08   1.000e+00
    262  283853.935     274       0  -6.284340800000000e+07   4.895e+08   1.000e+00
    263  284906.103     275       0  -6.284345200000000e+07   9.921e+08   1.000e+00
    264  285958.885     276       0  -6.284350800000000e+07   4.648e+08   1.000e+00
    265  287020.029     277       0  -6.284354400000000e+07   3.918e+08   1.000e+00
    266  288080.695     278       0  -6.284359600000000e+07   4.376e+08   1.000e+00
    267  289136.398     279       0  -6.284362800000000e+07   1.202e+09   1.000e+00
    268  290194.013     280       0  -6.284367600000000e+07   5.038e+08   1.000e+00
    269  291256.671     281       0  -6.284371600000000e+07   3.725e+08   1.000e+00
    270  292319.097     282       0  -6.284374800000000e+07   4.481e+08   1.000e+00
    271  293379.882     283       0  -6.284380400000000e+07   6.641e+08   1.000e+00
    272  294439.269     284       0  -6.284386000000000e+07   7.956e+08   1.000e+00
    273  295498.921     285       0  -6.284389600000000e+07   3.712e+08   1.000e+00
    274  296558.020     286       0  -6.284392000000000e+07   3.831e+08   1.000e+00
    275  297614.337     287       0  -6.284394800000000e+07   4.537e+08   1.000e+00
    276  298675.075     288       0  -6.284400800000000e+07   1.054e+09   1.000e+00
    277  299730.804     289       0  -6.284404800000000e+07   4.656e+08   1.000e+00
    278  300791.483     290       0  -6.284408800000000e+07   3.721e+08   1.000e+00
    279  301851.538     291       0  -6.284411600000000e+07   4.118e+08   1.000e+00
    280  302906.420     292       0  -6.284417200000000e+07   5.432e+08   1.000e+00
    281  303962.801     293       0  -6.284421200000000e+07   1.009e+09   1.000e+00
    282  305023.398     294       0  -6.284424800000000e+07   3.576e+08   1.000e+00
    283  306083.294     295       0  -6.284427200000000e+07   3.366e+08   1.000e+00
    284  307143.554     296       0  -6.284431200000000e+07   4.290e+08   1.000e+00
    285  308203.090     297       0  -6.284435200000000e+07   1.034e+09   1.000e+00
    286  309263.359     298       0  -6.284439600000000e+07   4.635e+08   1.000e+00
    287  310323.893     299       0  -6.284442800000000e+07   3.379e+08   1.000e+00
    288  311378.672     300       0  -6.284446000000000e+07   3.807e+08   1.000e+00
    289  312440.239     301       0  -6.284451200000000e+07   4.440e+08   1.000e+00
    290  313509.626     302       0  -6.284453600000000e+07   1.338e+09   1.000e+00
    291  314566.559     303       0  -6.284458400000000e+07   3.545e+08   1.000e+00
    292  315622.178     304       0  -6.284460000000000e+07   2.916e+08   1.000e+00
    293  316678.183     305       0  -6.284463200000000e+07   3.841e+08   1.000e+00
    294  317734.197     306       0  -6.284468400000000e+07   7.811e+08   1.000e+00
    295  318790.189     307       0  -6.284473200000000e+07   4.396e+08   1.000e+00
    296  319851.883     308       0  -6.284476800000000e+07   3.283e+08   1.000e+00
    297  320906.383     309       0  -6.284480800000000e+07   4.267e+08   1.000e+00
    298  321967.619     310       0  -6.284485200000000e+07   5.092e+08   1.000e+00
    299  323024.917     311       0  -6.284487600000000e+07   3.706e+08   1.000e+00
    300  324083.535     312       0  -6.284492800000000e+07   4.157e+08   1.000e+00
    301  325139.675     313       0  -6.284495600000000e+07   5.418e+08   1.000e+00
    302  326200.343     314       0  -6.284498800000000e+07   3.757e+08   1.000e+00
    303  327258.625     315       0  -6.284503600000000e+07   3.854e+08   1.000e+00
    304  328315.347     316       0  -6.284506800000000e+07   5.088e+08   1.000e+00
    305  329374.400     317       0  -6.284510400000000e+07   3.890e+08   1.000e+00
    306  330430.107     318       0  -6.284514400000000e+07   5.069e+08   1.000e+00
    307  331490.803     319       0  -6.284517600000000e+07   4.804e+08   1.000e+00
    308  332551.791     320       0  -6.284518800000000e+07   3.596e+08   1.000e+00
    309  333606.517     321       0  -6.284522800000000e+07   3.501e+08   1.000e+00
    310  334667.828     322       0  -6.284524800000000e+07   6.425e+08   1.000e+00
    311  335724.479     323       0  -6.284527200000000e+07   4.133e+08   1.000e+00
    312  336761.065     324       0  -6.284530400000000e+07   3.094e+08   1.000e+00
    313  337822.863     325       0  -6.284531600000000e+07   3.652e+08   1.000e+00
    314  338883.372     326       0  -6.284535200000000e+07   5.415e+08   1.000e+00
    315  339944.390     327       0  -6.284538000000000e+07   5.615e+08   1.000e+00
    316  341002.629     328       0  -6.284539600000000e+07   3.802e+08   1.000e+00
    317  342064.259     329       0  -6.284542400000000e+07   3.564e+08   1.000e+00
    318  343121.650     330       0  -6.284544400000000e+07   4.316e+08   1.000e+00
    319  344183.518     331       0  -6.284545600000000e+07   3.470e+08   1.000e+00
    320  345237.371     332       0  -6.284548800000000e+07   3.473e+08   1.000e+00
    321  347270.280     334       0  -6.284549600000000e+07   4.103e+08   5.000e-01
    322  348268.700     335       0  -6.284552000000000e+07   3.573e+08   1.000e+00
    323  349267.129     336       0  -6.284554000000000e+07   5.981e+08   1.000e+00
    324  350265.507     337       0  -6.284556800000000e+07   4.007e+08   1.000e+00
    325  351264.110     338       0  -6.284558800000000e+07   3.049e+08   1.000e+00
    326  352261.967     339       0  -6.284560800000000e+07   3.391e+08   1.000e+00
    327  353260.073     340       0  -6.284562800000000e+07   5.618e+08   1.000e+00
    328  354258.410     341       0  -6.284566400000000e+07   4.045e+08   1.000e+00
    329  355264.164     342       0  -6.284569200000000e+07   4.028e+08   1.000e+00
    330  356272.629     343       0  -6.284571600000000e+07   4.298e+08   1.000e+00
    331  357271.451     344       0  -6.284573600000000e+07   3.865e+08   1.000e+00
    332  358269.195     345       0  -6.284578000000000e+07   7.228e+08   1.000e+00
    333  359267.189     346       0  -6.284580400000000e+07   4.819e+08   1.000e+00
    334  360265.768     347       0  -6.284581200000000e+07   3.255e+08   1.000e+00
    335  361263.990     348       0  -6.284584800000000e+07   2.384e+08   1.000e+00
    336  362262.033     349       0  -6.284588000000000e+07   4.596e+08   1.000e+00
    337  363260.153     350       0  -6.284593200000000e+07   4.108e+08   1.000e+00
    338  364258.047     351       0  -6.284596000000000e+07   3.445e+08   1.000e+00
    339  365257.566     352       0  -6.284598800000000e+07   3.155e+08   1.000e+00
    340  366255.483     353       0  -6.284601600000000e+07   3.927e+08   1.000e+00
    341  367254.058     354       0  -6.284604400000000e+07   3.049e+08   1.000e+00
    342  368252.446     355       0  -6.284608800000000e+07   3.897e+08   1.000e+00
    343  369251.114     356       0  -6.284611600000000e+07   5.053e+08   1.000e+00
    344  370249.675     357       0  -6.284614000000000e+07   3.075e+08   1.000e+00
    345  371248.691     358       0  -6.284616800000000e+07   2.744e+08   1.000e+00
    346  372245.615     359       0  -6.284619600000000e+07   3.486e+08   1.000e+00
    347  373245.782     360       0  -6.284625200000000e+07   5.586e+08   1.000e+00
    348  374245.615     361       0  -6.284628000000000e+07   3.352e+08   1.000e+00
    349  375243.676     362       0  -6.284629600000000e+07   2.993e+08   1.000e+00
    350  376242.285     363       0  -6.284633600000000e+07   3.333e+08   1.000e+00
    351  377240.616     364       0  -6.284636000000000e+07   7.922e+08   1.000e+00
    352  378239.823     365       0  -6.284638800000000e+07   3.471e+08   1.000e+00
    353  379237.568     366       0  -6.284640800000000e+07   2.536e+08   1.000e+00
    354  380235.481     367       0  -6.284643600000000e+07   3.087e+08   1.000e+00
    355  381234.094     368       0  -6.284646800000000e+07   4.843e+08   1.000e+00
    356  382237.565     369       0  -6.284651200000000e+07   4.061e+08   1.000e+00
    357  383241.959     370       0  -6.284652400000000e+07   2.601e+08   1.000e+00
    358  384245.737     371       0  -6.284654400000000e+07   2.988e+08   1.000e+00
    359  385250.085     372       0  -6.284656800000000e+07   4.496e+08   1.000e+00
    360  386255.850     373       0  -6.284658000000000e+07   3.061e+08   1.000e+00
    361  387260.562     374       0  -6.284662000000000e+07   2.937e+08   1.000e+00
    362  388268.599     375       0  -6.284663600000000e+07   4.860e+08   1.000e+00
    363  389275.421     376       0  -6.284666000000000e+07   2.986e+08   1.000e+00
    364  390280.031     377       0  -6.284668000000000e+07   2.559e+08   1.000e+00
    365  391284.159     378       0  -6.284670000000000e+07   2.934e+08   1.000e+00
    366  392288.217     379       0  -6.284673600000000e+07   7.427e+08   1.000e+00
    367  393303.011     380       0  -6.284676400000000e+07   2.812e+08   1.000e+00
    368  394309.579     381       0  -6.284677600000000e+07   2.425e+08   1.000e+00
    369  395316.584     382       0  -6.284679600000000e+07   2.731e+08   1.000e+00
    370  396324.401     383       0  -6.284682800000000e+07   4.941e+08   1.000e+00
    371  397332.516     384       0  -6.284686000000000e+07   3.477e+08   1.000e+00
    372  398340.985     385       0  -6.284687200000000e+07   2.518e+08   1.000e+00
    373  399348.074     386       0  -6.284690000000000e+07   3.024e+08   1.000e+00
    374  400346.835     387       0  -6.284691600000000e+07   4.000e+08   1.000e+00
    375  401344.312     388       0  -6.284693600000000e+07   2.669e+08   1.000e+00
    376  402342.220     389       0  -6.284696000000000e+07   2.461e+08   1.000e+00
    377  403348.963     390       0  -6.284697600000000e+07   3.591e+08   1.000e+00
    378  404347.770     391       0  -6.284700000000000e+07   2.730e+08   1.000e+00
    379  405346.492     392       0  -6.284702800000000e+07   4.420e+08   1.000e+00
    380  406345.114     393       0  -6.284704800000000e+07   2.485e+08   1.000e+00
    381  407352.342     394       0  -6.284706000000000e+07   2.289e+08   1.000e+00
    382  408360.139     395       0  -6.284708000000000e+07   3.587e+08   1.000e+00
    383  409368.188     396       0  -6.284709200000000e+07   5.367e+08   1.000e+00
    384  410376.081     397       0  -6.284710800000000e+07   2.417e+08   1.000e+00
    385  411382.259     398       0  -6.284712400000000e+07   2.037e+08   1.000e+00
    386  412389.435     399       0  -6.284714000000000e+07   2.393e+08   1.000e+00
    387  413393.183     400       0  -6.284715600000000e+07   5.700e+08   1.000e+00
    388  414397.950     401       0  -6.284717600000000e+07   2.354e+08   1.000e+00
    389  415401.799     402       0  -6.284719200000000e+07   2.065e+08   1.000e+00
    390  416405.498     403       0  -6.284720000000000e+07   2.580e+08   1.000e+00
    391  417409.680     404       0  -6.284721200000000e+07   5.603e+08   1.000e+00
    392  418417.389     405       0  -6.284724800000000e+07   2.940e+08   1.000e+00
    393  419421.375     406       0  -6.284725200000000e+07   2.126e+08   1.000e+00
    394  420425.011     407       0  -6.284726800000000e+07   2.526e+08   1.000e+00
    395  421432.906     408       0  -6.284727200000000e+07   4.634e+08   1.000e+00
    396  422439.968     409       0  -6.284728400000000e+07   2.610e+08   1.000e+00
    397  423444.085     410       0  -6.284729600000000e+07   2.333e+08   1.000e+00
    398  424452.021     411       0  -6.284730800000000e+07   2.604e+08   1.000e+00
    399  425456.235     412       0  -6.284731600000000e+07   6.566e+08   1.000e+00
    400  426463.688     413       0  -6.284733200000000e+07   2.620e+08   1.000e+00
    401  427468.595     414       0  -6.284734000000000e+07   1.979e+08   1.000e+00
    402  428475.881     415       0  -6.284735200000000e+07   2.373e+08   1.000e+00
    403  429483.920     416       0  -6.284737600000000e+07   3.576e+08   1.000e+00
    404  430489.268     417       0  -6.284738800000000e+07   3.535e+08   1.000e+00
    405  431496.825     418       0  -6.284739600000000e+07   1.976e+08   1.000e+00
    406  432504.847     419       0  -6.284740800000000e+07   2.328e+08   1.000e+00
    407  433520.098     420       0  -6.284742400000000e+07   2.706e+08   1.000e+00
    408  434526.174     421       0  -6.284744000000000e+07   3.406e+08   1.000e+00
    409  435531.536     422       0  -6.284745200000000e+07   2.293e+08   1.000e+00
    410  436536.548     423       0  -6.284746400000000e+07   2.323e+08   1.000e+00
    411  437540.272     424       0  -6.284747600000000e+07   3.138e+08   1.000e+00
    412  438547.631     425       0  -6.284750400000000e+07   2.571e+08   1.000e+00
    413  439552.071     426       0  -6.284751600000000e+07   3.084e+08   1.000e+00
    414  440555.566     427       0  -6.284752400000000e+07   2.196e+08   1.000e+00
    415  441561.231     428       0  -6.284754400000000e+07   2.150e+08   1.000e+00
    416  442565.353     429       0  -6.284755600000000e+07   4.093e+08   1.000e+00
    417  443571.515     430       0  -6.284756400000000e+07   2.336e+08   1.000e+00
    418  444575.621     431       0  -6.284758400000000e+07   2.088e+08   1.000e+00
    419  445580.968     432       0  -6.284759200000000e+07   2.593e+08   1.000e+00
    420  446585.846     433       0  -6.284760800000000e+07   2.712e+08   1.000e+00
    421  447591.972     434       0  -6.284762400000000e+07   2.098e+08   1.000e+00
    422  448596.475     435       0  -6.284762800000000e+07   2.397e+08   1.000e+00
    423  449599.517     436       0  -6.284764000000000e+07   3.513e+08   1.000e+00
    424  450605.141     437       0  -6.284765600000000e+07   2.345e+08   1.000e+00
    425  451608.588     438       0  -6.284767600000000e+07   2.418e+08   1.000e+00
    426  452619.503     439       0  -6.284768400000000e+07   3.323e+08   1.000e+00
    427  453635.368     440       0  -6.284769600000000e+07   2.229e+08   1.000e+00
    428  454650.691     441       0  -6.284770800000000e+07   2.053e+08   1.000e+00
    429  455666.673     442       0  -6.284772000000000e+07   3.049e+08   1.000e+00
    430  456682.474     443       0  -6.284773200000000e+07   2.465e+08   1.000e+00
    431  457697.879     444       0  -6.284774800000000e+07   3.222e+08   1.000e+00
    432  458710.650     445       0  -6.284775200000000e+07   2.154e+08   1.000e+00
    433  459730.510     446       0  -6.284777200000000e+07   2.067e+08   1.000e+00
    434  460756.071     447       0  -6.284778000000000e+07   3.096e+08   1.000e+00
    435  461778.013     448       0  -6.284778400000000e+07   4.051e+08   1.000e+00
    436  462803.165     449       0  -6.284779200000000e+07   2.114e+08   1.000e+00
    437  463827.308     450       0  -6.284780400000000e+07   1.754e+08   1.000e+00
    438  464852.463     451       0  -6.284781600000000e+07   2.025e+08   1.000e+00
    439  465876.816     452       0  -6.284783200000000e+07   4.169e+08   1.000e+00
    440  466903.676     453       0  -6.284784000000000e+07   1.872e+08   1.000e+00
    441  467923.926     454       0  -6.284784800000000e+07   1.796e+08   1.000e+00
    442  468947.056     455       0  -6.284785600000000e+07   2.185e+08   1.000e+00
    443  469972.222     456       0  -6.284787200000000e+07   5.175e+08   1.000e+00
    444  470994.241     457       0  -6.284788000000000e+07   2.321e+08   1.000e+00
    445  472019.494     458       0  -6.284788400000000e+07   1.714e+08   1.000e+00
    446  473042.588     459       0  -6.284790000000000e+07   1.927e+08   1.000e+00
    447  474067.741     460       0  -6.284790400000000e+07   2.658e+08   1.000e+00
    448  475088.912     461       0  -6.284792800000000e+07   3.774e+08   1.000e+00
    449  476112.572     462       0  -6.284793200000000e+07   1.548e+08   1.000e+00
    450  477139.412     463       0  -6.284793600000000e+07   1.640e+08   1.000e+00
    451  478164.086     464       0  -6.284794000000000e+07   1.989e+08   1.000e+00
    452  479185.589     465       0  -6.284795600000000e+07   4.944e+08   1.000e+00
    453  480212.206     466       0  -6.284796400000000e+07   2.189e+08   1.000e+00
    454  481235.322     467       0  -6.284798000000000e+07   1.658e+08   1.000e+00
    455  482260.083     468       0  -6.284798400000000e+07   1.832e+08   1.000e+00
    456  483283.729     469       0  -6.284798800000000e+07   2.602e+08   1.000e+00
    457  484305.118     470       0  -6.284801200000000e+07   2.803e+08   1.000e+00
    458  485326.026     471       0  -6.284801600000000e+07   1.639e+08   1.000e+00
    459  486351.911     472       0  -6.284802000000000e+07   1.827e+08   1.000e+00
    460  487380.147     473       0  -6.284802800000000e+07   2.234e+08   1.000e+00
    461  488412.779     474       0  -6.284804800000000e+07   2.773e+08   1.000e+00
    462  489443.865     475       0  -6.284805600000000e+07   1.755e+08   1.000e+00
    463  490480.086     476       0  -6.284807200000000e+07   1.775e+08   1.000e+00
    464  491513.627     477       0  -6.284807600000000e+07   2.302e+08   1.000e+00
    465  492548.405     478       0  -6.284810000000000e+07   2.389e+08   1.000e+00
    466  493588.174     479       0  -6.284810400000000e+07   1.871e+08   1.000e+00
    467  494625.314     480       0  -6.284811600000000e+07   1.839e+08   1.000e+00
    468  495660.006     481       0  -6.284812400000000e+07   2.346e+08   1.000e+00
    469  496696.417     482       0  -6.284813600000000e+07   2.541e+08   1.000e+00
    470  497733.355     483       0  -6.284814400000000e+07   1.699e+08   1.000e+00
    471  498768.498     484       0  -6.284815200000000e+07   1.675e+08   1.000e+00
    472  499800.351     485       0  -6.284816400000000e+07   2.265e+08   1.000e+00
    473  500832.041     486       0  -6.284816800000000e+07   1.675e+08   1.000e+00
    474  501864.706     487       0  -6.284818400000000e+07   1.925e+08   1.000e+00
    475  502901.230     488       0  -6.284819200000000e+07   2.396e+08   1.000e+00
    476  503932.680     489       0  -6.284820000000000e+07   1.670e+08   1.000e+00
    477  504969.733     490       0  -6.284820400000000e+07   1.609e+08   1.000e+00
    478  506005.572     491       0  -6.284821600000000e+07   2.729e+08   1.000e+00
    479  507036.840     492       0  -6.284822400000000e+07   1.958e+08   1.000e+00
    480  508073.198     493       0  -6.284823600000000e+07   1.826e+08   1.000e+00
    481  509105.467     494       0  -6.284824400000000e+07   2.550e+08   1.000e+00
    482  525743.427     511       0  -6.284824400000000e+07   2.549e+08   6.094e-06
# Termination: function reduction test satisfied
# Iter.   Time (ms)    Eval. Reject.       Obj. Func.           Grad.       Step
# ---------------------------------------------------------------------------------
      0     975.355       1       0  -6.231495600000000e+07   1.121e+10   0.000e+00
      1   12679.648      13       0  -6.237187200000000e+07   2.137e+10   6.608e-16
      2   13674.372      14       0  -6.241728800000000e+07   1.405e+10   1.000e+00
      3   14669.091      15       0  -6.247370400000000e+07   1.540e+10   1.000e+00
      4   15664.690      16       0  -6.253186800000000e+07   1.867e+10   1.000e+00
      5   16665.767      17       0  -6.256702800000000e+07   2.332e+10   1.000e+00
      6   17670.327      18       0  -6.260421600000000e+07   1.104e+10   1.000e+00
      7   18677.029      19       0  -6.262166800000000e+07   9.006e+09   1.000e+00
      8   19684.671      20       0  -6.263776000000000e+07   9.376e+09   1.000e+00
      9   20691.557      21       0  -6.265541200000000e+07   1.064e+10   1.000e+00
     10   21697.419      22       0  -6.266437200000000e+07   8.022e+09   1.000e+00
     11   22703.313      23       0  -6.266949200000000e+07   5.967e+09   1.000e+00
     12   23705.982      24       0  -6.267774800000000e+07   5.226e+09   1.000e+00
     13   24712.263      25       0  -6.268296000000000e+07   9.827e+09   1.000e+00
     14   25718.552      26       0  -6.268734400000000e+07   4.561e+09   1.000e+00
     15   26724.189      27       0  -6.269057600000000e+07   3.648e+09   1.000e+00
     16   27740.948      28       0  -6.269349600000000e+07   3.886e+09   1.000e+00
     17   28738.480      29       0  -6.269841200000000e+07   6.980e+09   1.000e+00
     18   29736.376      30       0  -6.270233600000000e+07   4.187e+09   1.000e+00
     19   30733.861      31       0  -6.270387600000000e+07   2.919e+09   1.000e+00
     20   31732.018      32       0  -6.270694000000000e+07   2.903e+09   1.000e+00
     21   32730.234      33       0  -6.270951200000000e+07   6.079e+09   1.000e+00
     22   33728.148      34       0  -6.271166800000000e+07   3.168e+09   1.000e+00
     23   34725.581      35       0  -6.271408000000000e+07   2.630e+09   1.000e+00
     24   35723.634      36       0  -6.271589600000000e+07   2.867e+09   1.000e+00
     25   36721.392      37       0  -6.271878800000000e+07   6.386e+09   1.000e+00
     26   37720.626      38       0  -6.272118000000000e+07   2.717e+09   1.000e+00
     27   38718.683      39       0  -6.272205600000000e+07   2.293e+09   1.000e+00
     28   39717.173      40       0  -6.272390000000000e+07   2.890e+09   1.000e+00
     29   40715.855      41       0  -6.272512400000000e+07   6.179e+09   1.000e+00
     30   41713.768      42       0  -6.272642000000000e+07   2.446e+09   1.000e+00
     31   42712.098      43       0  -6.272736400000000e+07   1.862e+09   1.000e+00
     32   43710.515      44       0  -6.272843600000000e+07   2.275e+09   1.000e+00
     33   44708.929      45       0  -6.273022400000000e+07   3.133e+09   1.000e+00
     34   45707.338      46       0  -6.273154000000000e+07   4.872e+09   1.000e+00
     35   46706.303      47       0  -6.273265200000000e+07   1.783e+09   1.000e+00
     36   47705.783      48       0  -6.273326800000000e+07   1.821e+09   1.000e+00
     37   48704.145      49       0  -6.273417600000000e+07   2.213e+09   1.000e+00
     38   49702.555      50       0  -6.273523600000000e+07   5.193e+09   1.000e+00
     39   50700.664      51       0  -6.273628000000000e+07   2.024e+09   1.000e+00
     40   51699.638      52       0  -6.273692400000000e+07   1.722e+09   1.000e+00
     41   52697.648      53       0  -6.273759200000000e+07   1.992e+09   1.000e+00
     42   53695.635      54       0  -6.273879200000000e+07   3.225e+09   1.000e+00
     43   54693.880      55       0  -6.273975600000000e+07   3.162e+09   1.000e+00
     44   55692.883      56       0  -6.274033600000000e+07   1.554e+09   1.000e+00
     45   56691.345      57       0  -6.274087200000000e+07   1.621e+09   1.000e+00
     46   57702.525      58       0  -6.274150400000000e+07   1.806e+09   1.000e+00
     47   58700.712      59       0  -6.274236000000000e+07   4.034e+09   1.000e+00
     48   59699.255      60       0  -6.274306800000000e+07   1.687e+09   1.000e+00
     49   60698.334      61       0  -6.274352000000000e+07   1.504e+09   1.000e+00
     50   61697.587      62       0  -6.274404000000000e+07   1.725e+09   1.000e+00
     51   62696.668      63       0  -6.274502400000000e+07   2.068e+09   1.000e+00
     52   63695.881      64       0  -6.274553600000000e+07   4.671e+09   1.000e+00
     53   64700.258      65       0  -6.274626000000000e+07   1.413e+09   1.000e+00
     54   65714.544      66       0  -6.274651600000000e+07   1.119e+09   1.000e+00
     55   66731.609      67       0  -6.274711600000000e+07   1.418e+09   1.000e+00
     56   67747.782      68       0  -6.274783200000000e+07   2.995e+09   1.000e+00
     57   68762.912      69       0  -6.274847200000000e+07   1.568e+09   1.000e+00
     58   69777.016      70       0  -6.274899200000000e+07   1.205e+09   1.000e+00
     59   70795.446      71       0  -6.274946800000000e+07   1.431e+09   1.000e+00
     60   71812.141      72       0  -6.275013600000000e+07   2.524e+09   1.000e+00
     61   72825.198      73       0  -6.275071600000000e+07   1.424e+09   1.000e+00
     62   73839.242      74       0  -6.275114000000000e+07   1.245e+09   1.000e+00
     63   74844.518      75       0  -6.275172400000000e+07   1.523e+09   1.000e+00
     64   75851.681      76       0  -6.275223600000000e+07   3.398e+09   1.000e+00
     65   76875.655      77       0  -6.275263600000000e+07   1.400e+09   1.000e+00
     66   77898.459      78       0  -6.275297600000000e+07   1.086e+09   1.000e+00
     67   78910.481      79       0  -6.275339200000000e+07   1.353e+09   1.000e+00
     68   79920.934      80       0  -6.275414800000000e+07   1.962e+09   1.000e+00
     69   80933.874      81       0  -6.275494000000000e+07   2.725e+09   1.000e+00
     70   81949.719      82       0  -6.275531200000000e+07   1.101e+09   1.000e+00
     71   82972.649      83       0  -6.275554800000000e+07   1.131e+09   1.000e+00
     72   84003.978      84       0  -6.275591200000000e+07   1.321e+09   1.000e+00
     73   85036.988      85       0  -6.275652400000000e+07   3.669e+09   1.000e+00
     74   86069.177      86       0  -6.275701600000000e+07   1.470e+09   1.000e+00
     75   87104.819      87       0  -6.275734400000000e+07   1.089e+09   1.000e+00
     76   88135.092      88       0  -6.275767600000000e+07   1.269e+09   1.000e+00
     77   89170.181      89       0  -6.275822800000000e+07   1.524e+09   1.000e+00
     78   90205.441      90       0  -6.275858000000000e+07   3.634e+09   1.000e+00
     79   91225.642      91       0  -6.275899600000000e+07   1.075e+09   1.000e+00
     80   92241.602      92       0  -6.275912800000000e+07   8.976e+08   1.000e+00
     81   93264.937      93       0  -6.275944800000000e+07   1.130e+09   1.000e+00
     82   94281.097      94       0  -6.275982800000000e+07   2.393e+09   1.000e+00
     83   95302.095      95       0  -6.276015600000000e+07   1.210e+09   1.000e+00
     84   96323.099      96       0  -6.276037600000000e+07   8.885e+08   1.000e+00
     85   97347.565      97       0  -6.276058800000000e+07   1.073e+09   1.000e+00
     86   98371.569      98       0  -6.276086400000000e+07   1.569e+09   1.000e+00
     87   99397.080      99       0  -6.276112800000000e+07   1.277e+09   1.000e+00
     88  100424.020     100       0  -6.276130000000000e+07   9.121e+08   1.000e+00
     89  101445.200     101       0  -6.276156400000000e+07   9.589e+08   1.000e+00
     90  102470.285     102       0  -6.276172400000000e+07   1.700e+09   1.000e+00
     91  103490.329     103       0  -6.276187200000000e+07   9.605e+08   1.000e+00
     92  104515.702     104       0  -6.276206000000000e+07   7.562e+08   1.000e+00
     93  105540.158     105       0  -6.276220000000000e+07   8.532e+08   1.000e+00
     94  106564.576     106       0  -6.276240800000000e+07   2.473e+09   1.000e+00
     95  107603.991     107       0  -6.276263600000000e+07   8.612e+08   1.000e+00
     96  108632.163     108       0  -6.276272400000000e+07   6.247e+08   1.000e+00
     97  109660.475     109       0  -6.276284400000000e+07   7.121e+08   1.000e+00
     98  110685.355     110       0  -6.276302000000000e+07   8.669e+08   1.000e+00
     99  111725.809     111       0  -6.276313200000000e+07   2.271e+09   1.000e+00
    100  112766.876     112       0  -6.276330400000000e+07   7.034e+08   1.000e+00
    101  113810.847     113       0  -6.276336800000000e+07   5.817e+08   1.000e+00
    102  114854.621     114       0  -6.276348000000000e+07   7.206e+08   1.000e+00
    103  115894.009     115       0  -6.276360400000000e+07   1.562e+09   1.000e+00
    104  116938.481     116       0  -6.276372400000000e+07   7.368e+08   1.000e+00
    105  117981.435     117       0  -6.276380000000000e+07   5.496e+08   1.000e+00
    106  119023.937     118       0  -6.276388400000000e+07   6.236e+08   1.000e+00
    107  120063.104     119       0  -6.276398800000000e+07   1.254e+09   1.000e+00
    108  121103.088     120       0  -6.276409600000000e+07   6.367e+08   1.000e+00
    109  122147.101     121       0  -6.276416400000000e+07   5.484e+08   1.000e+00
    110  123191.438     122       0  -6.276425200000000e+07   6.989e+08   1.000e+00
    111  124234.696     123       0  -6.276433200000000e+07   1.625e+09   1.000e+00
    112  125279.327     124       0  -6.276443200000000e+07   7.170e+08   1.000e+00
    113  126323.194     125       0  -6.276450400000000e+07   5.208e+08   1.000e+00
    114  127368.140     126       0  -6.276456800000000e+07   5.882e+08   1.000e+00
    115  128407.690     127       0  -6.276468400000000e+07   8.483e+08   1.000e+00
    116  129447.801     128       0  -6.276476800000000e+07   1.324e+09   1.000e+00
    117  130491.196     129       0  -6.276485200000000e+07   4.979e+08   1.000e+00
    118  131529.367     130       0  -6.276488400000000e+07   4.744e+08   1.000e+00
    119  132569.420     131       0  -6.276494400000000e+07   5.593e+08   1.000e+00
    120  133614.887     132       0  -6.276502400000000e+07   1.560e+09   1.000e+00
    121  134657.636     133       0  -6.276510400000000e+07   6.093e+08   1.000e+00
    122  135702.025     134       0  -6.276516400000000e+07   4.384e+08   1.000e+00
    123  136741.302     135       0  -6.276521600000000e+07   5.295e+08   1.000e+00
    124  137786.224     136       0  -6.276530400000000e+07   6.154e+08   1.000e+00
    125  138824.752     137       0  -6.276536800000000e+07   1.791e+09   1.000e+00
    126  139870.327     138       0  -6.276547200000000e+07   5.052e+08   1.000e+00
    127  140910.122     139       0  -6.276549200000000e+07   3.780e+08   1.000e+00
    128  141952.411     140       0  -6.276555600000000e+07   4.743e+08   1.000e+00
    129  142998.160     141       0  -6.276564800000000e+07   7.360e+08   1.000e+00
    130  144042.633     142       0  -6.276575200000000e+07   6.438e+08   1.000e+00
    131  145086.483     143       0  -6.276580800000000e+07   4.161e+08   1.000e+00
    132  146130.678     144       0  -6.276588000000000e+07   5.007e+08   1.000e+00
    133  147174.742     145       0  -6.276594400000000e+07   6.504e+08   1.000e+00
    134  148221.985     146       0  -6.276601200000000e+07   4.521e+08   1.000e+00
    135  149261.704     147       0  -6.276608400000000e+07   4.264e+08   1.000e+00
    136  150306.265     148       0  -6.276615600000000e+07   7.210e+08   1.000e+00
    137  151336.848     149       0  -6.276622000000000e+07   4.857e+08   1.000e+00
    138  152353.014     150       0  -6.276625200000000e+07   4.205e+08   1.000e+00
    139  153375.983     151       0  -6.276632400000000e+07   6.687e+08   1.000e+00
    140  154396.757     152       0  -6.276638400000000e+07   8.630e+08   1.000e+00
    141  155410.019     153       0  -6.276642000000000e+07   4.857e+08   1.000e+00
    142  156429.810     154       0  -6.276649600000000e+07   3.904e+08   1.000e+00
    143  157441.742     155       0  -6.276654800000000e+07   4.384e+08   1.000e+00
    144  158458.505     156       0  -6.276664000000000e+07   1.108e+09   1.000e+00
    145  159478.273     157       0  -6.276670000000000e+07   4.078e+08   1.000e+00
    146  160497.790     158       0  -6.276674000000000e+07   3.925e+08   1.000e+00
    147  161512.693     159       0  -6.276679200000000e+07   4.638e+08   1.000e+00
    148  162542.610     160       0  -6.276686400000000e+07   1.179e+09   1.000e+00
    149  163572.289     161       0  -6.276692400000000e+07   5.091e+08   1.000e+00
    150  164604.406     162       0  -6.276697600000000e+07   3.739e+08   1.000e+00
    151  165633.416     163       0  -6.276702800000000e+07   4.382e+08   1.000e+00
    152  166669.080     164       0  -6.276711200000000e+07   5.931e+08   1.000e+00
    153  167702.097     165       0  -6.276718800000000e+07   1.165e+09   1.000e+00
    154  168720.880     166       0  -6.276723600000000e+07   3.600e+08   1.000e+00
    155  169752.888     167       0  -6.276724000000000e+07   3.367e+08   1.000e+00
    156  170789.422     168       0  -6.276727600000000e+07   4.274e+08   1.000e+00
    157  171824.601     169       0  -6.276734800000000e+07   9.257e+08   1.000e+00
    158  172860.644     170       0  -6.276741200000000e+07   4.672e+08   1.000e+00
    159  173897.238     171       0  -6.276745200000000e+07   3.513e+08   1.000e+00
    160  174927.518     172       0  -6.276749200000000e+07   4.076e+08   1.000e+00
    161  175960.616     173       0  -6.276756000000000e+07   7.002e+08   1.000e+00
    162  176993.465     174       0  -6.276760800000000e+07   4.087e+08   1.000e+00
    163  178012.676     175       0  -6.276764800000000e+07   3.495e+08   1.000e+00
    164  179033.951     176       0  -6.276769600000000e+07   4.340e+08   1.000e+00
    165  180059.675     177       0  -6.276776000000000e+07   8.482e+08   1.000e+00
    166  181085.089     178       0  -6.276777600000000e+07   3.837e+08   1.000e+00
    167  182105.698     179       0  -6.276781600000000e+07   3.140e+08   1.000e+00
    168  183129.520     180       0  -6.276786400000000e+07   3.641e+08   1.000e+00
    169  184155.582     181       0  -6.276792000000000e+07   7.326e+08   1.000e+00
    170  185179.963     182       0  -6.276799200000000e+07   4.109e+08   1.000e+00
    171  186201.133     183       0  -6.276803200000000e+07   2.987e+08   1.000e+00
    172  187226.417     184       0  -6.276806800000000e+07   3.689e+08   1.000e+00
    173  188249.301     185       0  -6.276810400000000e+07   6.853e+08   1.000e+00
    174  189275.553     186       0  -6.276812800000000e+07   3.588e+08   1.000e+00
    175  190299.372     187       0  -6.276816000000000e+07   3.047e+08   1.000e+00
    176  191321.826     188       0  -6.276819200000000e+07   3.368e+08   1.000e+00
    177  192342.154     189       0  -6.276826000000000e+07   7.972e+08   1.000e+00
    178  193366.019     190       0  -6.276830400000000e+07   3.408e+08   1.000e+00
    179  194392.068     191       0  -6.276832000000000e+07   2.574e+08   1.000e+00
    180  195415.139     192       0  -6.276834400000000e+07   2.917e+08   1.000e+00
    181  196437.500     193       0  -6.276838400000000e+07   5.257e+08   1.000e+00
    182  197461.113     194       0  -6.276841600000000e+07   3.539e+08   1.000e+00
    183  198487.787     195       0  -6.276845200000000e+07   2.761e+08   1.000e+00
    184  199511.251     196       0  -6.276848000000000e+07   3.464e+08   1.000e+00
    185  200533.113     197       0  -6.276850000000000e+07   3.726e+08   1.000e+00
    186  201555.026     198       0  -6.276852400000000e+07   2.812e+08   1.000e+00
    187  202580.757     199       0  -6.276853600000000e+07   2.941e+08   1.000e+00
    188  203604.527     200       0  -6.276856800000000e+07   4.071e+08   1.000e+00
    189  204629.034     201       0  -6.276858400000000e+07   2.855e+08   1.000e+00
    190  205656.801     202       0  -6.276860800000000e+07   2.417e+08   1.000e+00
    191  206676.853     203       0  -6.276862400000000e+07   3.997e+08   1.000e+00
    192  207714.290     204       0  -6.276864000000000e+07   2.615e+08   1.000e+00
    193  208739.539     205       0  -6.276865200000000e+07   2.369e+08   1.000e+00
    194  209764.797     206       0  -6.276866400000000e+07   2.809e+08   1.000e+00
    195  210784.648     207       0  -6.276868400000000e+07   2.811e+08   1.000e+00
    196  211807.944     208       0  -6.276870400000000e+07   5.661e+08   1.000e+00
    197  212832.908     209       0  -6.276872400000000e+07   2.248e+08   1.000e+00
    198  213854.183     210       0  -6.276873600000000e+07   2.163e+08   1.000e+00
    199  214877.941     211       0  -6.276874400000000e+07   2.472e+08   1.000e+00
    200  215899.925     212       0  -6.276875600000000e+07   6.346e+08   1.000e+00
    201  216924.488     213       0  -6.276877200000000e+07   2.486e+08   1.000e+00
    202  217949.306     214       0  -6.276877600000000e+07   2.059e+08   1.000e+00
    203  218969.941     215       0  -6.276879200000000e+07   2.333e+08   1.000e+00
    204  219996.784     216       0  -6.276881200000000e+07   4.388e+08   1.000e+00
    205  221030.837     217       0  -6.276882000000000e+07   2.214e+08   1.000e+00
    206  222064.853     218       0  -6.276883200000000e+07   1.840e+08   1.000e+00
    207  223101.657     219       0  -6.276884400000000e+07   2.479e+08   1.000e+00
    208  224137.857     220       0  -6.276886000000000e+07   4.392e+08   1.000e+00
    209  225170.977     221       0  -6.276887600000000e+07   2.410e+08   1.000e+00
    210  244750.364     241       0  -6.276887600000000e+07   2.409e+08   4.995e-10
# Termination: function reduction test satisfied
# Iter.   Time (ms)    Eval. Reject.       Obj. Func.           Grad.       Step
# ---------------------------------------------------------------------------------
      0     974.583       1       0  -6.172972800000000e+07   1.121e+10   0.000e+00
      1   11703.287      12       0  -6.176462800000000e+07   3.246e+10   1.073e-15
      2   12697.734      13       0  -6.183586000000000e+07   1.468e+10   1.000e+00
      3   13692.124      14       0  -6.187158400000000e+07   1.152e+10   1.000e+00
      4   14695.733      15       0  -6.192645200000000e+07   1.445e+10   1.000e+00
      5   15691.725      16       0  -6.197258800000000e+07   2.347e+10   1.000e+00
      6   16689.983      17       0  -6.201103200000000e+07   2.099e+10   1.000e+00
      7   17687.733      18       0  -6.203048800000000e+07   9.046e+09   1.000e+00
      8   18685.356      19       0  -6.204505200000000e+07   7.106e+09   1.000e+00
      9   19682.716      20       0  -6.206264000000000e+07   7.991e+09   1.000e+00
     10   20681.354      21       0  -6.207189600000000e+07   1.615e+10   1.000e+00
     11   21678.609      22       0  -6.208344400000000e+07   6.326e+09   1.000e+00
     12   22676.683      23       0  -6.208789600000000e+07   5.106e+09   1.000e+00
     13   23676.255      24       0  -6.209246800000000e+07   5.360e+09   1.000e+00
     14   24682.048      25       0  -6.209982400000000e+07   9.218e+09   1.000e+00
     15   25690.095      26       0  -6.210500800000000e+07   5.352e+09   1.000e+00
     16   26697.723      27       0  -6.210675600000000e+07   3.360e+09   1.000e+00
     17   27705.865      28       0  -6.210980400000000e+07   2.957e+09   1.000e+00
     18   28713.961      29       0  -6.211320000000000e+07   5.100e+09   1.000e+00
     19   29722.708      30       0  -6.211632400000000e+07   3.459e+09   1.000e+00
     20   30738.185      31       0  -6.211877200000000e+07   2.912e+09   1.000e+00
     21   31752.503      32       0  -6.212175200000000e+07   3.739e+09   1.000e+00
     22   32768.425      33       0  -6.212409600000000e+07   3.663e+09   1.000e+00
     23   33784.794      34       0  -6.212601600000000e+07   2.993e+09   1.000e+00
     24   34800.976      35       0  -6.212900800000000e+07   3.662e+09   1.000e+00
     25   35817.038      36       0  -6.213084400000000e+07   4.127e+09   1.000e+00
     26   36832.849      37       0  -6.213197200000000e+07   2.627e+09   1.000e+00
     27   37848.995      38       0  -6.213382400000000e+07   2.147e+09   1.000e+00
     28   38862.918      39       0  -6.213524000000000e+07   2.693e+09   1.000e+00
     29   39865.375      40       0  -6.213735600000000e+07   2.635e+09   1.000e+00
     30   40864.027      41       0  -6.213881600000000e+07   3.679e+09   1.000e+00
     31   41866.435      42       0  -6.213990000000000e+07   2.284e+09   1.000e+00
     32   42875.956      43       0  -6.214106000000000e+07   1.853e+09   1.000e+00
     33   43879.656      44       0  -6.214206400000000e+07   2.491e+09   1.000e+00
     34   44882.618      45       0  -6.214346800000000e+07   2.388e+09   1.000e+00
     35   45899.372      46       0  -6.214439600000000e+07   2.467e+09   1.000e+00
     36   46912.549      47       0  -6.214512000000000e+07   1.842e+09   1.000e+00
     37   47928.823      48       0  -6.214600000000000e+07   1.732e+09   1.000e+00
     38   48945.403      49       0  -6.214685200000000e+07   3.268e+09   1.000e+00
     39   49958.509      50       0  -6.214763200000000e+07   1.813e+09   1.000e+00
     40   50972.612      51       0  -6.214839600000000e+07   1.507e+09   1.000e+00
     41   51989.401      52       0  -6.214896400000000e+07   1.630e+09   1.000e+00
     42   53011.556      53       0  -6.214986800000000e+07   2.812e+09   1.000e+00
     43   54029.564      54       0  -6.215046400000000e+07   1.493e+09   1.000e+00
     44   55045.711      55       0  -6.215082800000000e+07   1.487e+09   1.000e+00
     45   56050.209      56       0  -6.215150400000000e+07   1.772e+09   1.000e+00
     46   57055.248      57       0  -6.215202400000000e+07   3.935e+09   1.000e+00
     47   58056.918      58       0  -6.215253600000000e+07   1.392e+09   1.000e+00
     48   59054.564      59       0  -6.215282400000000e+07   1.066e+09   1.000e+00
     49   60059.608      60       0  -6.215324800000000e+07   1.264e+09   1.000e+00
     50   61063.203      61       0  -6.215382000000000e+07   2.193e+09   1.000e+00
     51   62067.733      62       0  -6.215439200000000e+07   1.193e+09   1.000e+00
     52   63071.386      63       0  -6.215474800000000e+07   1.034e+09   1.000e+00
     53   64075.159      64       0  -6.215528800000000e+07   1.622e+09   1.000e+00
     54   65078.889      65       0  -6.215570000000000e+07   1.961e+09   1.000e+00
     55   66097.769      66       0  -6.215593200000000e+07   1.212e+09   1.000e+00
     56   67099.221      67       0  -6.215640000000000e+07   1.092e+09   1.000e+00
     57   68102.781      68       0  -6.215678800000000e+07   1.259e+09   1.000e+00
     58   69105.069      69       0  -6.215750800000000e+07   2.255e+09   1.000e+00
     59   70107.382      70       0  -6.215785200000000e+07   1.042e+09   1.000e+00
     60   71109.767      71       0  -6.215800000000000e+07   9.493e+08   1.000e+00
     61   72117.994      72       0  -6.215835600000000e+07   1.093e+09   1.000e+00
     62   73123.293      73       0  -6.215884800000000e+07   2.882e+09   1.000e+00
     63   74137.067      74       0  -6.215915200000000e+07   1.139e+09   1.000e+00
     64   75152.831      75       0  -6.215941600000000e+07   8.779e+08   1.000e+00
     65   76157.822      76       0  -6.215975600000000e+07   1.006e+09   1.000e+00
     66   77165.068      77       0  -6.216026400000000e+07   1.652e+09   1.000e+00
     67   78170.833      78       0  -6.216076800000000e+07   1.121e+09   1.000e+00
     68   79177.882      79       0  -6.216094000000000e+07   8.333e+08   1.000e+00
     69   80186.464      80       0  -6.216128400000000e+07   1.125e+09   1.000e+00
     70   81192.382      81       0  -6.216165600000000e+07   1.992e+09   1.000e+00
     71   82194.785      82       0  -6.216190800000000e+07   1.146e+09   1.000e+00
     72   83199.836      83       0  -6.216231200000000e+07   8.630e+08   1.000e+00
     73   84203.820      84       0  -6.216255600000000e+07   8.722e+08   1.000e+00
     74   85206.370      85       0  -6.216304000000000e+07   2.324e+09   1.000e+00
     75   86209.333      86       0  -6.216337600000000e+07   9.130e+08   1.000e+00
     76   87215.324      87       0  -6.216345200000000e+07   7.055e+08   1.000e+00
     77   88222.668      88       0  -6.216367200000000e+07   8.904e+08   1.000e+00
     78   89230.276      89       0  -6.216386800000000e+07   2.355e+09   1.000e+00
     79   90234.136      90       0  -6.216406400000000e+07   9.526e+08   1.000e+00
     80   91242.244      91       0  -6.216422800000000e+07   6.483e+08   1.000e+00
     81   92246.224      92       0  -6.216440000000000e+07   7.495e+08   1.000e+00
     82   93250.734      93       0  -6.216466400000000e+07   1.056e+09   1.000e+00
     83   94256.471      94       0  -6.216495200000000e+07   1.385e+09   1.000e+00
     84   95263.178      95       0  -6.216505600000000e+07   5.976e+08   1.000e+00
     85   96268.085      96       0  -6.216513600000000e+07   7.127e+08   1.000e+00
     86   97274.184      97       0  -6.216527200000000e+07   8.049e+08   1.000e+00
     87   98278.391      98       0  -6.216550000000000e+07   1.887e+09   1.000e+00
     88   99282.706      99       0  -6.216566400000000e+07   7.111e+08   1.000e+00
     89  100289.188     100       0  -6.216574800000000e+07   5.872e+08   1.000e+00
     90  101294.650     101       0  -6.216586000000000e+07   6.691e+08   1.000e+00
     91  102307.669     102       0  -6.216603200000000e+07   1.277e+09   1.000e+00
     92  103313.808     103       0  -6.216619600000000e+07   6.830e+08   1.000e+00
     93  104325.627     104       0  -6.216626400000000e+07   5.100e+08   1.000e+00
     94  105344.242     105       0  -6.216637600000000e+07   6.248e+08   1.000e+00
     95  106350.722     106       0  -6.216647600000000e+07   1.087e+09   1.000e+00
     96  107366.781     107       0  -6.216654800000000e+07   5.969e+08   1.000e+00
     97  108379.321     108       0  -6.216663200000000e+07   5.207e+08   1.000e+00
     98  109395.374     109       0  -6.216670800000000e+07   5.739e+08   1.000e+00
     99  110408.367     110       0  -6.216682800000000e+07   1.614e+09   1.000e+00
    100  111422.933     111       0  -6.216692800000000e+07   5.616e+08   1.000e+00
    101  112435.777     112       0  -6.216695200000000e+07   3.820e+08   1.000e+00
    102  113468.718     113       0  -6.216699600000000e+07   4.339e+08   1.000e+00
    103  114478.418     114       0  -6.216705600000000e+07   5.355e+08   1.000e+00
    104  115491.395     115       0  -6.216712000000000e+07   1.367e+09   1.000e+00
    105  116504.783     116       0  -6.216718400000000e+07   5.001e+08   1.000e+00
    106  117529.336     117       0  -6.216721600000000e+07   4.031e+08   1.000e+00
    107  118553.396     118       0  -6.216726400000000e+07   4.720e+08   1.000e+00
    108  119575.222     119       0  -6.216732400000000e+07   6.919e+08   1.000e+00
    109  120599.009     120       0  -6.216737600000000e+07   6.622e+08   1.000e+00
    110  121625.972     121       0  -6.216740400000000e+07   3.346e+08   1.000e+00
    111  122653.690     122       0  -6.216742800000000e+07   3.482e+08   1.000e+00
    112  123664.156     123       0  -6.216747600000000e+07   4.050e+08   1.000e+00
    113  124675.538     124       0  -6.216751600000000e+07   1.017e+09   1.000e+00
    114  125683.268     125       0  -6.216756400000000e+07   3.828e+08   1.000e+00
    115  126697.720     126       0  -6.216758000000000e+07   3.031e+08   1.000e+00
    116  127710.365     127       0  -6.216761200000000e+07   3.553e+08   1.000e+00
    117  128722.664     128       0  -6.216765600000000e+07   4.306e+08   1.000e+00
    118  129731.165     129       0  -6.216770400000000e+07   9.087e+08   1.000e+00
    119  130743.452     130       0  -6.216773200000000e+07   2.830e+08   1.000e+00
    120  131755.821     131       0  -6.216774000000000e+07   2.572e+08   1.000e+00
    121  132772.541     132       0  -6.216777600000000e+07   3.277e+08   1.000e+00
    122  133788.737     133       0  -6.216782000000000e+07   6.983e+08   1.000e+00
    123  134804.287     134       0  -6.216785200000000e+07   3.567e+08   1.000e+00
    124  135820.531     135       0  -6.216787600000000e+07   2.698e+08   1.000e+00
    125  136836.587     136       0  -6.216790400000000e+07   3.023e+08   1.000e+00
    126  137852.162     137       0  -6.216793200000000e+07   4.140e+08   1.000e+00
    127  138868.003     138       0  -6.216796400000000e+07   3.847e+08   1.000e+00
    128  139884.981     139       0  -6.216798000000000e+07   2.354e+08   1.000e+00
    129  140899.861     140       0  -6.216798400000000e+07   2.415e+08   1.000e+00
    130  141918.599     141       0  -6.216801200000000e+07   2.546e+08   1.000e+00
    131  142953.171     142       0  -6.216804400000000e+07   6.440e+08   1.000e+00
    132  143967.638     143       0  -6.216806800000000e+07   2.120e+08   1.000e+00
    133  144984.446     144       0  -6.216807200000000e+07   1.812e+08   1.000e+00
    134  146000.578     145       0  -6.216808000000000e+07   2.047e+08   1.000e+00
    135  147016.199     146       0  -6.216809600000000e+07   6.040e+08   1.000e+00
    136  148029.805     147       0  -6.216810800000000e+07   2.276e+08   1.000e+00
    137  149047.329     148       0  -6.216811200000000e+07   1.714e+08   1.000e+00
    138  150062.312     149       0  -6.216813600000000e+07   1.966e+08   1.000e+00
    139  151078.050     150       0  -6.216815600000000e+07   2.870e+08   1.000e+00
    140  152090.472     151       0  -6.216818000000000e+07   2.753e+08   1.000e+00
    141  153107.449     152       0  -6.216818400000000e+07   1.576e+08   1.000e+00
    142  154119.180     153       0  -6.216819200000000e+07   1.994e+08   1.000e+00
    143  155135.075     154       0  -6.216820000000000e+07   2.325e+08   1.000e+00
    144  156149.149     155       0  -6.216822800000000e+07   4.463e+08   1.000e+00
    145  157164.194     156       0  -6.216824400000000e+07   2.156e+08   1.000e+00
    146  158180.766     157       0  -6.216825200000000e+07   1.578e+08   1.000e+00
    147  159197.015     158       0  -6.216826000000000e+07   1.469e+08   1.000e+00
    148  160212.639     159       0  -6.216826800000000e+07   3.056e+08   1.000e+00
    149  178806.172     178       0  -6.216826800000000e+07   3.055e+08   3.808e-06
# Termination: function reduction test satisfied
# Iter.   Time (ms)    Eval. Reject.       Obj. Func.           Grad.       Step
# ---------------------------------------------------------------------------------
      0     973.948       1       0  -5.587748000000000e+07   1.121e+10   0.000e+00
      1    9760.973      10       0  -5.587842000000000e+07   3.785e+10   1.337e-15
      2   10755.964      11       0  -5.598518400000000e+07   1.532e+10   1.000e+00
      3   11751.338      12       0  -5.601540800000000e+07   1.167e+10   1.000e+00
      4   12746.918      13       0  -5.605967600000000e+07   1.115e+10   1.000e+00
      5   13749.386      14       0  -5.611675600000000e+07   1.843e+10   1.000e+00
      6   14747.933      15       0  -5.614023600000000e+07   2.551e+10   1.000e+00
      7   15745.748      16       0  -5.617000400000000e+07   1.277e+10   1.000e+00
      8   16743.470      17       0  -5.618089200000000e+07   1.145e+10   1.000e+00
      9   17741.054      18       0  -5.619352400000000e+07   6.638e+09   1.000e+00
     10   18739.621      19       0  -5.620973200000000e+07   5.702e+09   1.000e+00
     11   19737.537      20       0  -5.621824800000000e+07   9.888e+09   1.000e+00
     12   20735.135      21       0  -5.622602800000000e+07   5.072e+09   1.000e+00
     13   21734.054      22       0  -5.623095200000000e+07   4.059e+09   1.000e+00
     14   22736.903      23       0  -5.623514400000000e+07   5.045e+09   1.000e+00
     15   23735.079      24       0  -5.623997600000000e+07   4.203e+09   1.000e+00
     16   24752.433      25       0  -5.624312400000000e+07   3.515e+09   1.000e+00
     17   25751.169      26       0  -5.624592000000000e+07   3.118e+09   1.000e+00
     18   26750.011      27       0  -5.624842800000000e+07   3.450e+09   1.000e+00
     19   27748.019      28       0  -5.625131600000000e+07   2.773e+09   1.000e+00
     20   28746.384      29       0  -5.625366000000000e+07   2.935e+09   1.000e+00
     21   29745.005      30       0  -5.625576400000000e+07   2.931e+09   1.000e+00
     22   30751.503      31       0  -5.625746400000000e+07   2.516e+09   1.000e+00
     23   31755.906      32       0  -5.625901600000000e+07   2.096e+09   1.000e+00
     24   32763.692      33       0  -5.626089200000000e+07   3.272e+09   1.000e+00
     25   33771.862      34       0  -5.626241200000000e+07   2.463e+09   1.000e+00
     26   34779.350      35       0  -5.626334800000000e+07   2.019e+09   1.000e+00
     27   35784.047      36       0  -5.626490800000000e+07   2.479e+09   1.000e+00
     28   36791.849      37       0  -5.626614800000000e+07   3.574e+09   1.000e+00
     29   37798.970      38       0  -5.626675200000000e+07   1.855e+09   1.000e+00
     30   38803.771      39       0  -5.626754800000000e+07   1.552e+09   1.000e+00
     31   39808.248      40       0  -5.626839600000000e+07   1.789e+09   1.000e+00
     32   40814.729      41       0  -5.626966400000000e+07   4.172e+09   1.000e+00
     33   41820.487      42       0  -5.627068800000000e+07   1.766e+09   1.000e+00
     34   42819.115      43       0  -5.627108000000000e+07   1.470e+09   1.000e+00
     35   43818.172      44       0  -5.627193200000000e+07   1.661e+09   1.000e+00
     36   44816.311      45       0  -5.627250000000000e+07   4.728e+09   1.000e+00
     37   45814.452      46       0  -5.627314000000000e+07   1.635e+09   1.000e+00
     38   46812.890      47       0  -5.627346400000000e+07   1.067e+09   1.000e+00
     39   47811.218      48       0  -5.627391600000000e+07   1.288e+09   1.000e+00
     40   48809.152      49       0  -5.627453600000000e+07   1.599e+09   1.000e+00
     41   49807.384      50       0  -5.627519200000000e+07   3.994e+09   1.000e+00
     42   50806.172      51       0  -5.627564000000000e+07   1.190e+09   1.000e+00
     43   51804.006      52       0  -5.627580000000000e+07   1.011e+09   1.000e+00
     44   52802.607      53       0  -5.627619600000000e+07   1.243e+09   1.000e+00
     45   53800.707      54       0  -5.627678400000000e+07   1.884e+09   1.000e+00
     46   54804.949      55       0  -5.627730000000000e+07   1.963e+09   1.000e+00
     47   55803.569      56       0  -5.627748400000000e+07   8.979e+08   1.000e+00
     48   56801.311      57       0  -5.627766000000000e+07   8.694e+08   1.000e+00
     49   57799.941      58       0  -5.627796800000000e+07   1.072e+09   1.000e+00
     50   58806.073      59       0  -5.627844800000000e+07   2.652e+09   1.000e+00
     51   59804.368      60       0  -5.627874400000000e+07   1.060e+09   1.000e+00
     52   60802.406      61       0  -5.627894400000000e+07   7.526e+08   1.000e+00
     53   61801.092      62       0  -5.627916400000000e+07   8.253e+08   1.000e+00
     54   62799.223      63       0  -5.627952800000000e+07   1.020e+09   1.000e+00
     55   63797.304      64       0  -5.627999600000000e+07   2.374e+09   1.000e+00
     56   64795.793      65       0  -5.628016800000000e+07   7.788e+08   1.000e+00
     57   65802.875      66       0  -5.628025200000000e+07   7.352e+08   1.000e+00
     58   66811.678      67       0  -5.628054400000000e+07   9.035e+08   1.000e+00
     59   67816.009      68       0  -5.628090800000000e+07   2.313e+09   1.000e+00
     60   68819.495      69       0  -5.628111600000000e+07   8.064e+08   1.000e+00
     61   69825.329      70       0  -5.628122400000000e+07   5.651e+08   1.000e+00
     62   70832.170      71       0  -5.628139600000000e+07   6.891e+08   1.000e+00
     63   71837.060      72       0  -5.628169600000000e+07   8.142e+08   1.000e+00
     64   72843.319      73       0  -5.628212000000000e+07   2.800e+09   1.000e+00
     65   73847.995      74       0  -5.628233600000000e+07   8.433e+08   1.000e+00
     66   74856.003      75       0  -5.628242000000000e+07   5.660e+08   1.000e+00
     67   75864.532      76       0  -5.628263200000000e+07   6.856e+08   1.000e+00
     68   76871.775      77       0  -5.628293600000000e+07   7.556e+08   1.000e+00
     69   77877.764      78       0  -5.628332800000000e+07   2.888e+09   1.000e+00
     70   78884.349      79       0  -5.628353600000000e+07   7.041e+08   1.000e+00
     71   79889.200      80       0  -5.628358400000000e+07   5.066e+08   1.000e+00
     72   80896.171      81       0  -5.628382000000000e+07   6.205e+08   1.000e+00
     73   81902.550      82       0  -5.628412000000000e+07   8.099e+08   1.000e+00
     74   82909.616      83       0  -5.628455200000000e+07   2.087e+09   1.000e+00
     75   83924.082      84       0  -5.628467200000000e+07   5.883e+08   1.000e+00
     76   84940.588      85       0  -5.628471200000000e+07   5.094e+08   1.000e+00
     77   85957.773      86       0  -5.628488000000000e+07   6.236e+08   1.000e+00
     78   86980.783      87       0  -5.628518800000000e+07   1.583e+09   1.000e+00
     79   88007.883      88       0  -5.628539200000000e+07   7.116e+08   1.000e+00
     80   89031.472      89       0  -5.628553200000000e+07   4.797e+08   1.000e+00
     81   90054.261      90       0  -5.628567600000000e+07   5.404e+08   1.000e+00
     82   91080.470      91       0  -5.628589600000000e+07   7.229e+08   1.000e+00
     83   92105.127      92       0  -5.628622400000000e+07   1.442e+09   1.000e+00
     84   93131.361      93       0  -5.628630000000000e+07   5.510e+08   1.000e+00
     85   94156.501      94       0  -5.628634800000000e+07   5.279e+08   1.000e+00
     86   95184.327      95       0  -5.628646800000000e+07   5.914e+08   1.000e+00
     87   96207.108      96       0  -5.628665600000000e+07   2.047e+09   1.000e+00
     88   97234.713      97       0  -5.628674000000000e+07   5.538e+08   1.000e+00
     89   98252.610      98       0  -5.628678800000000e+07   3.557e+08   1.000e+00
     90   99269.431      99       0  -5.628689200000000e+07   4.484e+08   1.000e+00
     91  100295.659     100       0  -5.628701600000000e+07   5.080e+08   1.000e+00
     92  101317.229     101       0  -5.628728400000000e+07   1.284e+09   1.000e+00
     93  102343.150     102       0  -5.628743200000000e+07   4.922e+08   1.000e+00
     94  103376.795     103       0  -5.628744400000000e+07   3.310e+08   1.000e+00
     95  104404.329     104       0  -5.628750000000000e+07   3.833e+08   1.000e+00
     96  105426.730     105       0  -5.628759600000000e+07   1.053e+09   1.000e+00
     97  106459.080     106       0  -5.628765200000000e+07   5.124e+08   1.000e+00
     98  107489.894     107       0  -5.628773200000000e+07   3.252e+08   1.000e+00
     99  108524.530     108       0  -5.628778000000000e+07   3.380e+08   1.000e+00
    100  109557.831     109       0  -5.628788800000000e+07   4.754e+08   1.000e+00
    101  110592.260     110       0  -5.628796400000000e+07   9.742e+08   1.000e+00
    102  111628.116     111       0  -5.628797200000000e+07   3.151e+08   1.000e+00
    103  112664.850     112       0  -5.628797600000000e+07   2.450e+08   1.000e+00
    104  113700.595     113       0  -5.628800000000000e+07   3.196e+08   1.000e+00
    105  114748.280     114       0  -5.628805600000000e+07   3.801e+08   1.000e+00
    106  115785.016     115       0  -5.628809200000000e+07   1.075e+09   1.000e+00
    107  116820.055     116       0  -5.628811600000000e+07   2.160e+08   1.000e+00
    108  117852.105     117       0  -5.628812800000000e+07   1.858e+08   1.000e+00
    109  118888.630     118       0  -5.628816800000000e+07   2.354e+08   1.000e+00
    110  119924.692     119       0  -5.628821600000000e+07   5.625e+08   1.000e+00
    111  120961.168     120       0  -5.628826400000000e+07   2.819e+08   1.000e+00
    112  121996.421     121       0  -5.628828800000000e+07   1.875e+08   1.000e+00
    113  123032.330     122       0  -5.628831600000000e+07   2.070e+08   1.000e+00
    114  124066.654     123       0  -5.628835600000000e+07   5.452e+08   1.000e+00
    115  125100.385     124       0  -5.628836800000000e+07   2.187e+08   1.000e+00
    116  126136.678     125       0  -5.628838000000000e+07   1.917e+08   1.000e+00
    117  127172.084     126       0  -5.628840800000000e+07   2.422e+08   1.000e+00
    118  128203.133     127       0  -5.628844800000000e+07   4.627e+08   1.000e+00
    119  129234.963     128       0  -5.628850000000000e+07   2.847e+08   1.000e+00
    120  130268.145     129       0  -5.628851600000000e+07   1.881e+08   1.000e+00
    121  131288.925     130       0  -5.628854000000000e+07   2.226e+08   1.000e+00
    122  132313.094     131       0  -5.628856800000000e+07   3.309e+08   1.000e+00
    123  133344.577     132       0  -5.628858400000000e+07   1.890e+08   1.000e+00
    124  134369.992     133       0  -5.628860800000000e+07   1.768e+08   1.000e+00
    125  135394.169     134       0  -5.628862800000000e+07   2.145e+08   1.000e+00
    126  136418.005     135       0  -5.628868000000000e+07   3.999e+08   1.000e+00
    127  137437.204     136       0  -5.628870000000000e+07   2.166e+08   1.000e+00
    128  139447.276     138       0  -5.628870400000000e+07   1.902e+08   5.000e-01
    129  140453.739     139       0  -5.628873200000000e+07   1.922e+08   1.000e+00
    130  141459.530     140       0  -5.628875200000000e+07   6.234e+08   1.000e+00
    131  142466.231     141       0  -5.628876000000000e+07   2.181e+08   1.000e+00
    132  143472.226     142       0  -5.628876800000000e+07   1.323e+08   1.000e+00
    133  144478.918     143       0  -5.628879600000000e+07   1.785e+08   1.000e+00
    134  145484.539     144       0  -5.628882000000000e+07   1.886e+08   1.000e+00
    135  146491.415     145       0  -5.628886000000000e+07   9.092e+08   1.000e+00
    136  147497.540     146       0  -5.628886400000000e+07   1.446e+08   1.000e+00
    137  148504.215     147       0  -5.628886800000000e+07   1.183e+08   1.000e+00
    138  149510.641     148       0  -5.628888400000000e+07   1.535e+08   1.000e+00
    139  150516.594     149       0  -5.628889600000000e+07   3.044e+08   1.000e+00
    140  151516.609     150       0  -5.628892000000000e+07   2.054e+08   1.000e+00
    141  152522.727     151       0  -5.628893200000000e+07   1.571e+08   1.000e+00
    142  153529.503     152       0  -5.628895200000000e+07   1.902e+08   1.000e+00
    143  154537.804     153       0  -5.628896000000000e+07   1.562e+08   1.000e+00
    144  155545.545     154       0  -5.628896400000000e+07   1.406e+08   1.000e+00
    145  156552.759     155       0  -5.628898800000000e+07   2.717e+08   1.000e+00
    146  157559.786     156       0  -5.628899200000000e+07   1.715e+08   1.000e+00
    147  175263.360     174       0  -5.628899200000000e+07   1.714e+08   7.616e-06
# Termination: function reduction test satisfied
# Iter.   Time (ms)    Eval. Reject.       Obj. Func.           Grad.       Step
# ---------------------------------------------------------------------------------
      0     982.451       1       0  -6.237991600000000e+07   1.121e+10   0.000e+00
      1   12763.529      13       0  -6.243582800000000e+07   2.122e+10   6.556e-16
      2   13766.662      14       0  -6.248039200000000e+07   1.381e+10   1.000e+00
      3   14769.872      15       0  -6.253468000000000e+07   1.504e+10   1.000e+00
      4   15774.663      16       0  -6.259284800000000e+07   1.843e+10   1.000e+00
      5   16788.245      17       0  -6.262717600000000e+07   2.347e+10   1.000e+00
      6   17796.450      18       0  -6.266394000000000e+07   1.100e+10   1.000e+00
      7   18820.257      19       0  -6.268122400000000e+07   8.991e+09   1.000e+00
      8   19833.132      20       0  -6.269669600000000e+07   9.139e+09   1.000e+00
      9   20839.805      21       0  -6.271433600000000e+07   1.044e+10   1.000e+00
     10   21847.985      22       0  -6.272311600000000e+07   8.130e+09   1.000e+00
     11   22855.265      23       0  -6.272810400000000e+07   5.940e+09   1.000e+00
     12   23861.941      24       0  -6.273605600000000e+07   5.034e+09   1.000e+00
     13   24868.843      25       0  -6.274136800000000e+07   9.321e+09   1.000e+00
     14   25875.401      26       0  -6.274556400000000e+07   4.532e+09   1.000e+00
     15   26882.918      27       0  -6.274894800000000e+07   3.632e+09   1.000e+00
     16   27888.730      28       0  -6.275176800000000e+07   3.802e+09   1.000e+00
     17   28906.011      29       0  -6.275646000000000e+07   7.149e+09   1.000e+00
     18   29913.251      30       0  -6.276014000000000e+07   3.740e+09   1.000e+00
     19   30919.953      31       0  -6.276148000000000e+07   2.789e+09   1.000e+00
     20   31927.758      32       0  -6.276446000000000e+07   2.954e+09   1.000e+00
     21   32941.536      33       0  -6.276686800000000e+07   6.661e+09   1.000e+00
     22   33956.632      34       0  -6.276874400000000e+07   2.965e+09   1.000e+00
     23   34963.892      35       0  -6.277053200000000e+07   2.372e+09   1.000e+00
     24   35976.807      36       0  -6.277226800000000e+07   2.734e+09   1.000e+00
     25   36984.832      37       0  -6.277512400000000e+07   4.727e+09   1.000e+00
     26   38000.267      38       0  -6.277744000000000e+07   3.216e+09   1.000e+00
     27   39008.388      39       0  -6.277836400000000e+07   2.168e+09   1.000e+00
     28   40016.349      40       0  -6.277994800000000e+07   2.240e+09   1.000e+00
     29   41029.267      41       0  -6.278128800000000e+07   4.382e+09   1.000e+00
     30   42036.326      42       0  -6.278245600000000e+07   2.426e+09   1.000e+00
     31   43044.093      43       0  -6.278392400000000e+07   1.958e+09   1.000e+00
     32   44057.512      44       0  -6.278493200000000e+07   2.107e+09   1.000e+00
     33   45071.815      45       0  -6.278659200000000e+07   4.751e+09   1.000e+00
     34   46078.917      46       0  -6.278789200000000e+07   2.026e+09   1.000e+00
     35   47086.115      47       0  -6.278838800000000e+07   1.699e+09   1.000e+00
     36   48099.610      48       0  -6.278942000000000e+07   1.896e+09   1.000e+00
     37   49114.529      49       0  -6.279025600000000e+07   5.175e+09   1.000e+00
     38   50128.776      50       0  -6.279111600000000e+07   1.966e+09   1.000e+00
     39   51144.239      51       0  -6.279165600000000e+07   1.391e+09   1.000e+00
     40   52159.123      52       0  -6.279228000000000e+07   1.717e+09   1.000e+00
     41   53172.243      53       0  -6.279333200000000e+07   2.017e+09   1.000e+00
     42   54184.480      54       0  -6.279412800000000e+07   4.534e+09   1.000e+00
     43   55196.489      55       0  -6.279495600000000e+07   1.314e+09   1.000e+00
     44   56208.771      56       0  -6.279522000000000e+07   1.240e+09   1.000e+00
     45   57221.018      57       0  -6.279580400000000e+07   1.564e+09   1.000e+00
     46   58228.789      58       0  -6.279643600000000e+07   3.996e+09   1.000e+00
     47   59236.336      59       0  -6.279701600000000e+07   1.656e+09   1.000e+00
     48   60244.066      60       0  -6.279746400000000e+07   1.205e+09   1.000e+00
     49   61252.463      61       0  -6.279787600000000e+07   1.402e+09   1.000e+00
     50   62269.073      62       0  -6.279860000000000e+07   1.753e+09   1.000e+00
     51   63281.555      63       0  -6.279920000000000e+07   3.650e+09   1.000e+00
     52   64304.998      64       0  -6.279970000000000e+07   1.215e+09   1.000e+00
     53   65329.603      65       0  -6.279990400000000e+07   1.034e+09   1.000e+00
     54   66355.460      66       0  -6.280037200000000e+07   1.311e+09   1.000e+00
     55   67376.631      67       0  -6.280095200000000e+07   2.878e+09   1.000e+00
     56   68401.935      68       0  -6.280140000000000e+07   1.328e+09   1.000e+00
     57   69425.226      69       0  -6.280173200000000e+07   1.034e+09   1.000e+00
     58   70449.368      70       0  -6.280208000000000e+07   1.196e+09   1.000e+00
     59   71474.451      71       0  -6.280274400000000e+07   1.568e+09   1.000e+00
     60   72499.165      72       0  -6.280335600000000e+07   3.033e+09   1.000e+00
     61   73521.102      73       0  -6.280368000000000e+07   1.045e+09   1.000e+00
     62   74546.412      74       0  -6.280386000000000e+07   9.111e+08   1.000e+00
     63   75572.076      75       0  -6.280422800000000e+07   1.127e+09   1.000e+00
     64   76598.293      76       0  -6.280485200000000e+07   2.033e+09   1.000e+00
     65   77622.629      77       0  -6.280542800000000e+07   1.294e+09   1.000e+00
     66   78646.247      78       0  -6.280574800000000e+07   9.505e+08   1.000e+00
     67   79672.620      79       0  -6.280624000000000e+07   1.185e+09   1.000e+00
     68   80699.331      80       0  -6.280673200000000e+07   1.826e+09   1.000e+00
     69   81712.346      81       0  -6.280704400000000e+07   1.121e+09   1.000e+00
     70   82738.681      82       0  -6.280754000000000e+07   9.901e+08   1.000e+00
     71   83760.734      83       0  -6.280796000000000e+07   1.167e+09   1.000e+00
     72   84787.075      84       0  -6.280863200000000e+07   2.020e+09   1.000e+00
     73   85810.040      85       0  -6.280897200000000e+07   1.047e+09   1.000e+00
     74   86836.377      86       0  -6.280920800000000e+07   1.007e+09   1.000e+00
     75   87859.122      87       0  -6.280954400000000e+07   1.168e+09   1.000e+00
     76   88894.263      88       0  -6.281001600000000e+07   2.777e+09   1.000e+00
     77   89919.830      89       0  -6.281028800000000e+07   1.048e+09   1.000e+00
     78   90945.175      90       0  -6.281048400000000e+07   8.027e+08   1.000e+00
     79   91971.928      91       0  -6.281071200000000e+07   9.696e+08   1.000e+00
     80   92998.771      92       0  -6.281113200000000e+07   1.300e+09   1.000e+00
     81   94015.957      93       0  -6.281152000000000e+07   2.418e+09   1.000e+00
     82   95032.259      94       0  -6.281173600000000e+07   8.039e+08   1.000e+00
     83   96057.638      95       0  -6.281183600000000e+07   7.258e+08   1.000e+00
     84   97082.704      96       0  -6.281201600000000e+07   8.906e+08   1.000e+00
     85   98104.690      97       0  -6.281231200000000e+07   1.950e+09   1.000e+00
     86   99130.072      98       0  -6.281252800000000e+07   9.619e+08   1.000e+00
     87  100154.725      99       0  -6.281271200000000e+07   6.955e+08   1.000e+00
     88  101177.675     100       0  -6.281284800000000e+07   7.750e+08   1.000e+00
     89  102203.063     101       0  -6.281308800000000e+07   1.059e+09   1.000e+00
     90  103225.502     102       0  -6.281326800000000e+07   1.672e+09   1.000e+00
     91  104251.175     103       0  -6.281337200000000e+07   6.747e+08   1.000e+00
     92  105272.778     104       0  -6.281344800000000e+07   6.269e+08   1.000e+00
     93  106293.470     105       0  -6.281355200000000e+07   7.573e+08   1.000e+00
     94  107319.575     106       0  -6.281372000000000e+07   1.485e+09   1.000e+00
     95  108346.713     107       0  -6.281386400000000e+07   6.973e+08   1.000e+00
     96  109373.226     108       0  -6.281396000000000e+07   5.642e+08   1.000e+00
     97  110396.196     109       0  -6.281406000000000e+07   6.357e+08   1.000e+00
     98  111421.504     110       0  -6.281421200000000e+07   1.053e+09   1.000e+00
     99  112444.396     111       0  -6.281434400000000e+07   7.682e+08   1.000e+00
    100  113465.323     112       0  -6.281440800000000e+07   5.047e+08   1.000e+00
    101  114490.706     113       0  -6.281447600000000e+07   5.341e+08   1.000e+00
    102  115513.451     114       0  -6.281455600000000e+07   8.635e+08   1.000e+00
    103  116536.753     115       0  -6.281465200000000e+07   6.070e+08   1.000e+00
    104  117563.709     116       0  -6.281474800000000e+07   5.099e+08   1.000e+00
    105  118592.779     117       0  -6.281484000000000e+07   6.196e+08   1.000e+00
    106  119619.222     118       0  -6.281493600000000e+07   7.050e+08   1.000e+00
    107  120639.588     119       0  -6.281501200000000e+07   5.296e+08   1.000e+00
    108  121661.250     120       0  -6.281510000000000e+07   6.200e+08   1.000e+00
    109  122683.800     121       0  -6.281516000000000e+07   5.463e+08   1.000e+00
    110  123711.392     122       0  -6.281522800000000e+07   5.123e+08   1.000e+00
    111  124724.055     123       0  -6.281534400000000e+07   8.400e+08   1.000e+00
    112  125734.444     124       0  -6.281540800000000e+07   6.924e+08   1.000e+00
    113  126746.246     125       0  -6.281544000000000e+07   4.899e+08   1.000e+00
    114  127755.649     126       0  -6.281552000000000e+07   4.377e+08   1.000e+00
    115  128768.293     127       0  -6.281559600000000e+07   7.433e+08   1.000e+00
    116  129794.466     128       0  -6.281566000000000e+07   5.079e+08   1.000e+00
    117  130816.136     129       0  -6.281572000000000e+07   4.337e+08   1.000e+00
    118  131842.539     130       0  -6.281578800000000e+07   5.427e+08   1.000e+00
    119  132866.376     131       0  -6.281586000000000e+07   5.232e+08   1.000e+00
    120  133890.949     132       0  -6.281591200000000e+07   4.433e+08   1.000e+00
    121  134911.569     133       0  -6.281598000000000e+07   4.708e+08   1.000e+00
    122  135934.070     134       0  -6.281602800000000e+07   6.869e+08   1.000e+00
    123  136956.170     135       0  -6.281607600000000e+07   4.277e+08   1.000e+00
    124  137984.086     136       0  -6.281612400000000e+07   4.154e+08   1.000e+00
    125  139025.935     137       0  -6.281617600000000e+07   5.684e+08   1.000e+00
    126  140050.266     138       0  -6.281622800000000e+07   4.622e+08   1.000e+00
    127  141073.863     139       0  -6.281627200000000e+07   4.190e+08   1.000e+00
    128  142100.287     140       0  -6.281632800000000e+07   4.624e+08   1.000e+00
    129  143127.810     141       0  -6.281636800000000e+07   4.276e+08   1.000e+00
    130  144153.968     142       0  -6.281642400000000e+07   4.193e+08   1.000e+00
    131  145188.320     143       0  -6.281648400000000e+07   5.893e+08   1.000e+00
    132  146217.116     144       0  -6.281652400000000e+07   4.082e+08   1.000e+00
    133  147257.326     145       0  -6.281656800000000e+07   3.847e+08   1.000e+00
    134  148296.188     146       0  -6.281662400000000e+07   5.780e+08   1.000e+00
    135  149344.780     147       0  -6.281668400000000e+07   4.610e+08   1.000e+00
    136  150385.376     148       0  -6.281672400000000e+07   3.873e+08   1.000e+00
    137  151422.465     149       0  -6.281679600000000e+07   4.956e+08   1.000e+00
    138  152456.618     150       0  -6.281686000000000e+07   4.278e+08   1.000e+00
    139  153495.702     151       0  -6.281690800000000e+07   4.259e+08   1.000e+00
    140  154534.372     152       0  -6.281696800000000e+07   5.029e+08   1.000e+00
    141  155572.643     153       0  -6.281702800000000e+07   4.707e+08   1.000e+00
    142  156612.713     154       0  -6.281706400000000e+07   4.084e+08   1.000e+00
    143  157647.598     155       0  -6.281713200000000e+07   4.809e+08   1.000e+00
    144  158683.263     156       0  -6.281720000000000e+07   4.942e+08   1.000e+00
    145  159721.449     157       0  -6.281724000000000e+07   3.787e+08   1.000e+00
    146  160755.505     158       0  -6.281730000000000e+07   3.793e+08   1.000e+00
    147  161792.538     159       0  -6.281736000000000e+07   6.569e+08   1.000e+00
    148  162828.130     160       0  -6.281740000000000e+07   3.962e+08   1.000e+00
    149  163868.095     161       0  -6.281744000000000e+07   3.605e+08   1.000e+00
    150  164908.662     162       0  -6.281750000000000e+07   4.525e+08   1.000e+00
    151  165946.541     163       0  -6.281756400000000e+07   6.525e+08   1.000e+00
    152  166985.166     164       0  -6.281760000000000e+07   3.645e+08   1.000e+00
    153  168023.438     165       0  -6.281764800000000e+07   3.422e+08   1.000e+00
    154  169063.964     166       0  -6.281769600000000e+07   4.043e+08   1.000e+00
    155  170099.477     167       0  -6.281774400000000e+07   6.827e+08   1.000e+00
    156  171136.185     168       0  -6.281777600000000e+07   3.491e+08   1.000e+00
    157  172177.466     169       0  -6.281780800000000e+07   3.413e+08   1.000e+00
    158  173216.995     170       0  -6.281783600000000e+07   3.749e+08   1.000e+00
    159  174254.174     171       0  -6.281789600000000e+07   6.591e+08   1.000e+00
    160  175293.300     172       0  -6.281794400000000e+07   4.216e+08   1.000e+00
    161  176331.340     173       0  -6.281796400000000e+07   3.325e+08   1.000e+00
    162  177370.222     174       0  -6.281800000000000e+07   3.243e+08   1.000e+00
    163  178408.553     175       0  -6.281803600000000e+07   6.275e+08   1.000e+00
    164  179466.626     176       0  -6.281805600000000e+07   3.544e+08   1.000e+00
    165  180502.236     177       0  -6.281809200000000e+07   3.156e+08   1.000e+00
    166  181541.256     178       0  -6.281812000000000e+07   3.601e+08   1.000e+00
    167  182587.932     179       0  -6.281816000000000e+07   5.462e+08   1.000e+00
    168  183637.285     180       0  -6.281818800000000e+07   3.745e+08   1.000e+00
    169  184686.910     181       0  -6.281821200000000e+07   3.188e+08   1.000e+00
    170  185734.196     182       0  -6.281824400000000e+07   3.463e+08   1.000e+00
    171  186766.094     183       0  -6.281827200000000e+07   5.508e+08   1.000e+00
    172  187812.974     184       0  -6.281829600000000e+07   3.244e+08   1.000e+00
    173  188857.765     185       0  -6.281832400000000e+07   2.909e+08   1.000e+00
    174  189904.584     186       0  -6.281835200000000e+07   3.347e+08   1.000e+00
    175  190952.386     187       0  -6.281838000000000e+07   4.780e+08   1.000e+00
    176  192002.583     188       0  -6.281840800000000e+07   3.087e+08   1.000e+00
    177  193046.455     189       0  -6.281842800000000e+07   2.805e+08   1.000e+00
    178  194099.747     190       0  -6.281844800000000e+07   3.261e+08   1.000e+00
    179  195159.440     191       0  -6.281848000000000e+07   3.972e+08   1.000e+00
    180  196223.117     192       0  -6.281849200000000e+07   3.169e+08   1.000e+00
    181  197290.339     193       0  -6.281850800000000e+07   2.879e+08   1.000e+00
    182  198355.599     194       0  -6.281852800000000e+07   2.911e+08   1.000e+00
    183  199418.525     195       0  -6.281854800000000e+07   3.427e+08   1.000e+00
    184  200483.983     196       0  -6.281856800000000e+07   3.774e+08   1.000e+00
    185  201547.058     197       0  -6.281859600000000e+07   2.707e+08   1.000e+00
    186  202596.037     198       0  -6.281861600000000e+07   2.523e+08   1.000e+00
    187  203645.070     199       0  -6.281863600000000e+07   3.443e+08   1.000e+00
    188  204692.503     200       0  -6.281864800000000e+07   3.670e+08   1.000e+00
    189  205736.340     201       0  -6.281867200000000e+07   2.675e+08   1.000e+00
    190  206761.173     202       0  -6.281868400000000e+07   2.940e+08   1.000e+00
    191  207786.112     203       0  -6.281869600000000e+07   2.900e+08   1.000e+00
    192  208817.337     204       0  -6.281871600000000e+07   2.604e+08   1.000e+00
    193  209837.163     205       0  -6.281874000000000e+07   3.406e+08   1.000e+00
    194  210856.595     206       0  -6.281874800000000e+07   4.331e+08   1.000e+00
    195  211874.672     207       0  -6.281875600000000e+07   2.649e+08   1.000e+00
    196  212892.148     208       0  -6.281877600000000e+07   2.183e+08   1.000e+00
    197  213911.428     209       0  -6.281879200000000e+07   2.587e+08   1.000e+00
    198  214940.392     210       0  -6.281880000000000e+07   3.009e+08   1.000e+00
    199  215974.131     211       0  -6.281882400000000e+07   4.436e+08   1.000e+00
    200  217006.220     212       0  -6.281883600000000e+07   2.317e+08   1.000e+00
    201  218039.564     213       0  -6.281884000000000e+07   2.277e+08   1.000e+00
    202  219071.932     214       0  -6.281884800000000e+07   2.816e+08   1.000e+00
    203  220101.374     215       0  -6.281886800000000e+07   2.791e+08   1.000e+00
    204  221135.031     216       0  -6.281889200000000e+07   3.196e+08   1.000e+00
    205  222164.361     217       0  -6.281890400000000e+07   3.173e+08   1.000e+00
    206  223200.069     218       0  -6.281891200000000e+07   2.355e+08   1.000e+00
    207  224234.535     219       0  -6.281892800000000e+07   2.294e+08   1.000e+00
    208  225263.729     220       0  -6.281893600000000e+07   2.584e+08   1.000e+00
    209  226292.794     221       0  -6.281894800000000e+07   2.629e+08   1.000e+00
    210  227324.270     222       0  -6.281896400000000e+07   2.285e+08   1.000e+00
    211  228359.200     223       0  -6.281897200000000e+07   2.429e+08   1.000e+00
    212  229388.480     224       0  -6.281898400000000e+07   2.847e+08   1.000e+00
    213  230420.212     225       0  -6.281900000000000e+07   2.228e+08   1.000e+00
    214  231453.134     226       0  -6.281900400000000e+07   2.120e+08   1.000e+00
    215  232486.113     227       0  -6.281901200000000e+07   2.817e+08   1.000e+00
    216  233518.301     228       0  -6.281902400000000e+07   2.473e+08   1.000e+00
    217  234551.534     229       0  -6.281902800000000e+07   2.125e+08   1.000e+00
    218  235587.463     230       0  -6.281903600000000e+07   2.609e+08   1.000e+00
    219  236615.912     231       0  -6.281905200000000e+07   2.576e+08   1.000e+00
    220  237645.211     232       0  -6.281906400000000e+07   2.116e+08   1.000e+00
    221  238696.033     233       0  -6.281906800000000e+07   2.369e+08   1.000e+00
    222  239737.990     234       0  -6.281908000000000e+07   2.638e+08   1.000e+00
    223  240779.266     235       0  -6.281908800000000e+07   1.979e+08   1.000e+00
    224  241811.271     236       0  -6.281910400000000e+07   2.029e+08   1.000e+00
    225  258564.692     253       0  -6.281910400000000e+07   2.057e+08   1.536e-06
# Termination: function reduction test satisfied
# Iter.   Time (ms)    Eval. Reject.       Obj. Func.           Grad.       Step
# ---------------------------------------------------------------------------------
      0     980.955       1       0  -6.237932800000000e+07   1.121e+10   0.000e+00
      1   12786.444      13       0  -6.243524000000000e+07   2.122e+10   6.556e-16
      2   13790.388      14       0  -6.247980400000000e+07   1.381e+10   1.000e+00
      3   14801.047      15       0  -6.253409200000000e+07   1.504e+10   1.000e+00
      4   15810.101      16       0  -6.259226000000000e+07   1.843e+10   1.000e+00
      5   16821.149      17       0  -6.262659200000000e+07   2.347e+10   1.000e+00
      6   17837.651      18       0  -6.266334800000000e+07   1.100e+10   1.000e+00
      7   18843.153      19       0  -6.268063600000000e+07   8.991e+09   1.000e+00
      8   19849.458      20       0  -6.269610800000000e+07   9.139e+09   1.000e+00
      9   20855.385      21       0  -6.271375200000000e+07   1.044e+10   1.000e+00
     10   21861.969      22       0  -6.272252800000000e+07   8.130e+09   1.000e+00
     11   22868.710      23       0  -6.272751600000000e+07   5.940e+09   1.000e+00
     12   23874.297      24       0  -6.273546800000000e+07   5.034e+09   1.000e+00
     13   24879.810      25       0  -6.274078000000000e+07   9.321e+09   1.000e+00
     14   25885.916      26       0  -6.274497600000000e+07   4.532e+09   1.000e+00
     15   26892.228      27       0  -6.274836000000000e+07   3.632e+09   1.000e+00
     16   27899.162      28       0  -6.275118000000000e+07   3.802e+09   1.000e+00
     17   28904.654      29       0  -6.275587200000000e+07   7.149e+09   1.000e+00
     18   29911.338      30       0  -6.275955200000000e+07   3.740e+09   1.000e+00
     19   30916.942      31       0  -6.276089200000000e+07   2.789e+09   1.000e+00
     20   31922.935      32       0  -6.276387200000000e+07   2.954e+09   1.000e+00
     21   32928.936      33       0  -6.276628000000000e+07   6.660e+09   1.000e+00
     22   33935.280      34       0  -6.276815600000000e+07   2.965e+09   1.000e+00
     23   34940.866      35       0  -6.276994400000000e+07   2.372e+09   1.000e+00
     24   35946.808      36       0  -6.277168000000000e+07   2.735e+09   1.000e+00
     25   36951.500      37       0  -6.277453600000000e+07   4.727e+09   1.000e+00
     26   37958.687      38       0  -6.277684800000000e+07   3.215e+09   1.000e+00
     27   38964.883      39       0  -6.277777600000000e+07   2.167e+09   1.000e+00
     28   39970.837      40       0  -6.277936000000000e+07   2.240e+09   1.000e+00
     29   40979.158      41       0  -6.278070000000000e+07   4.385e+09   1.000e+00
     30   41985.192      42       0  -6.278186400000000e+07   2.426e+09   1.000e+00
     31   42991.446      43       0  -6.278333600000000e+07   1.959e+09   1.000e+00
     32   43998.864      44       0  -6.278434400000000e+07   2.106e+09   1.000e+00
     33   45005.040      45       0  -6.278600800000000e+07   4.749e+09   1.000e+00
     34   46011.992      46       0  -6.278731200000000e+07   2.029e+09   1.000e+00
     35   47019.222      47       0  -6.278780000000000e+07   1.698e+09   1.000e+00
     36   48025.809      48       0  -6.278883200000000e+07   1.894e+09   1.000e+00
     37   49032.506      49       0  -6.278966800000000e+07   5.160e+09   1.000e+00
     38   50039.585      50       0  -6.279052400000000e+07   1.964e+09   1.000e+00
     39   51046.278      51       0  -6.279106400000000e+07   1.392e+09   1.000e+00
     40   52052.604      52       0  -6.279168800000000e+07   1.717e+09   1.000e+00
     41   53059.260      53       0  -6.279274400000000e+07   2.017e+09   1.000e+00
     42   54066.519      54       0  -6.279353200000000e+07   4.547e+09   1.000e+00
     43   55073.326      55       0  -6.279436800000000e+07   1.313e+09   1.000e+00
     44   56079.868      56       0  -6.279462800000000e+07   1.236e+09   1.000e+00
     45   57085.872      57       0  -6.279521600000000e+07   1.560e+09   1.000e+00
     46   58092.727      58       0  -6.279584800000000e+07   3.969e+09   1.000e+00
     47   59100.713      59       0  -6.279643200000000e+07   1.650e+09   1.000e+00
     48   60107.380      60       0  -6.279688400000000e+07   1.208e+09   1.000e+00
     49   61114.908      61       0  -6.279729200000000e+07   1.401e+09   1.000e+00
     50   62121.690      62       0  -6.279802800000000e+07   1.752e+09   1.000e+00
     51   63128.556      63       0  -6.279862800000000e+07   3.592e+09   1.000e+00
     52   64142.775      64       0  -6.279911600000000e+07   1.215e+09   1.000e+00
     53   65149.413      65       0  -6.279932800000000e+07   1.035e+09   1.000e+00
     54   66156.242      66       0  -6.279980000000000e+07   1.323e+09   1.000e+00
     55   67162.801      67       0  -6.280036400000000e+07   2.918e+09   1.000e+00
     56   68169.608      68       0  -6.280079600000000e+07   1.321e+09   1.000e+00
     57   69176.420      69       0  -6.280113600000000e+07   1.028e+09   1.000e+00
     58   70197.346      70       0  -6.280147600000000e+07   1.195e+09   1.000e+00
     59   71204.453      71       0  -6.280213600000000e+07   1.562e+09   1.000e+00
     60   72211.335      72       0  -6.280276400000000e+07   3.075e+09   1.000e+00
     61   73218.746      73       0  -6.280309600000000e+07   1.035e+09   1.000e+00
     62   74225.348      74       0  -6.280328000000000e+07   9.032e+08   1.000e+00
     63   75232.638      75       0  -6.280365600000000e+07   1.121e+09   1.000e+00
     64   76239.730      76       0  -6.280425600000000e+07   2.225e+09   1.000e+00
     65   77248.232      77       0  -6.280478400000000e+07   1.257e+09   1.000e+00
     66   78255.019      78       0  -6.280512400000000e+07   9.652e+08   1.000e+00
     67   79261.878      79       0  -6.280557600000000e+07   1.192e+09   1.000e+00
     68   80268.863      80       0  -6.280611600000000e+07   1.883e+09   1.000e+00
     69   81274.615      81       0  -6.280645600000000e+07   1.122e+09   1.000e+00
     70   82281.295      82       0  -6.280686800000000e+07   1.024e+09   1.000e+00
     71   83287.749      83       0  -6.280728400000000e+07   1.188e+09   1.000e+00
     72   84295.355      84       0  -6.280792400000000e+07   2.426e+09   1.000e+00
     73   85302.613      85       0  -6.280824000000000e+07   1.050e+09   1.000e+00
     74   86308.034      86       0  -6.280846800000000e+07   9.427e+08   1.000e+00
     75   87313.985      87       0  -6.280878800000000e+07   1.110e+09   1.000e+00
     76   88329.461      88       0  -6.280927200000000e+07   2.440e+09   1.000e+00
     77   89343.217      89       0  -6.280966800000000e+07   1.082e+09   1.000e+00
     78   90364.541      90       0  -6.280990000000000e+07   8.403e+08   1.000e+00
     79   91379.079      91       0  -6.281016000000000e+07   9.509e+08   1.000e+00
     80   92393.290      92       0  -6.281057600000000e+07   1.863e+09   1.000e+00
     81   93410.002      93       0  -6.281088800000000e+07   1.000e+09   1.000e+00
     82   94426.021      94       0  -6.281108800000000e+07   7.880e+08   1.000e+00
     83   95432.916      95       0  -6.281131200000000e+07   9.297e+08   1.000e+00
     84   96439.167      96       0  -6.281158400000000e+07   1.789e+09   1.000e+00
     85   97445.050      97       0  -6.281175200000000e+07   8.887e+08   1.000e+00
     86   98458.900      98       0  -6.281191200000000e+07   7.433e+08   1.000e+00
     87   99473.823      99       0  -6.281207600000000e+07   8.199e+08   1.000e+00
     88  100489.010     100       0  -6.281233200000000e+07   1.719e+09   1.000e+00
     89  101507.714     101       0  -6.281251200000000e+07   8.100e+08   1.000e+00
     90  102525.622     102       0  -6.281261600000000e+07   6.394e+08   1.000e+00
     91  103541.913     103       0  -6.281274400000000e+07   7.429e+08   1.000e+00
     92  104555.063     104       0  -6.281292000000000e+07   1.381e+09   1.000e+00
     93  105569.819     105       0  -6.281305200000000e+07   7.654e+08   1.000e+00
     94  106577.122     106       0  -6.281315600000000e+07   6.100e+08   1.000e+00
     95  107584.572     107       0  -6.281326000000000e+07   7.235e+08   1.000e+00
     96  108600.215     108       0  -6.281340400000000e+07   1.273e+09   1.000e+00
     97  109614.195     109       0  -6.281349600000000e+07   6.501e+08   1.000e+00
     98  110630.622     110       0  -6.281358400000000e+07   5.521e+08   1.000e+00
     99  111638.740     111       0  -6.281367200000000e+07   6.124e+08   1.000e+00
    100  112645.672     112       0  -6.281380800000000e+07   1.282e+09   1.000e+00
    101  113652.574     113       0  -6.281390000000000e+07   6.249e+08   1.000e+00
    102  114660.055     114       0  -6.281394800000000e+07   4.994e+08   1.000e+00
    103  115666.305     115       0  -6.281402400000000e+07   5.590e+08   1.000e+00
    104  116673.723     116       0  -6.281413600000000e+07   1.104e+09   1.000e+00
    105  117681.586     117       0  -6.281421600000000e+07   5.993e+08   1.000e+00
    106  118695.364     118       0  -6.281428400000000e+07   4.885e+08   1.000e+00
    107  119714.544     119       0  -6.281435200000000e+07   5.708e+08   1.000e+00
    108  120729.440     120       0  -6.281446000000000e+07   1.081e+09   1.000e+00
    109  121735.706     121       0  -6.281454000000000e+07   5.337e+08   1.000e+00
    110  122744.176     122       0  -6.281458400000000e+07   4.615e+08   1.000e+00
    111  123751.721     123       0  -6.281465200000000e+07   5.254e+08   1.000e+00
    112  124758.254     124       0  -6.281474800000000e+07   9.127e+08   1.000e+00
    113  125765.099     125       0  -6.281482400000000e+07   5.868e+08   1.000e+00
    114  126771.790     126       0  -6.281486000000000e+07   4.490e+08   1.000e+00
    115  127778.598     127       0  -6.281492800000000e+07   4.677e+08   1.000e+00
    116  128796.643     128       0  -6.281499600000000e+07   1.025e+09   1.000e+00
    117  129813.412     129       0  -6.281505200000000e+07   5.037e+08   1.000e+00
    118  130844.410     130       0  -6.281510000000000e+07   4.087e+08   1.000e+00
    119  131850.990     131       0  -6.281515200000000e+07   4.640e+08   1.000e+00
    120  132858.697     132       0  -6.281523200000000e+07   7.097e+08   1.000e+00
    121  133871.466     133       0  -6.281529200000000e+07   8.746e+08   1.000e+00
    122  134884.984     134       0  -6.281532000000000e+07   4.096e+08   1.000e+00
    123  135892.680     135       0  -6.281534400000000e+07   3.659e+08   1.000e+00
    124  136907.460     136       0  -6.281538000000000e+07   4.491e+08   1.000e+00
    125  137913.933     137       0  -6.281543600000000e+07   6.920e+08   1.000e+00
    126  138920.670     138       0  -6.281549200000000e+07   5.718e+08   1.000e+00
    127  139928.837     139       0  -6.281552000000000e+07   3.673e+08   1.000e+00
    128  140936.220     140       0  -6.281556400000000e+07   3.804e+08   1.000e+00
    129  141942.925     141       0  -6.281561600000000e+07   5.477e+08   1.000e+00
    130  142949.905     142       0  -6.281566800000000e+07   4.715e+08   1.000e+00
    131  143956.696     143       0  -6.281571600000000e+07   3.799e+08   1.000e+00
    132  144964.056     144       0  -6.281576000000000e+07   4.086e+08   1.000e+00
    133  145971.607     145       0  -6.281580400000000e+07   5.496e+08   1.000e+00
    134  146978.964     146       0  -6.281584800000000e+07   3.843e+08   1.000e+00
    135  147994.589     147       0  -6.281591600000000e+07   4.473e+08   1.000e+00
    136  149008.165     148       0  -6.281596000000000e+07   5.599e+08   1.000e+00
    137  150015.363     149       0  -6.281600800000000e+07   4.203e+08   1.000e+00
    138  151022.568     150       0  -6.281609200000000e+07   4.364e+08   1.000e+00
    139  152035.119     151       0  -6.281615200000000e+07   7.703e+08   1.000e+00
    140  153047.151     152       0  -6.281618000000000e+07   4.542e+08   1.000e+00
    141  154054.850     153       0  -6.281624400000000e+07   3.702e+08   1.000e+00
    142  155062.148     154       0  -6.281629200000000e+07   4.209e+08   1.000e+00
    143  156069.990     155       0  -6.281637200000000e+07   6.680e+08   1.000e+00
    144  157077.612     156       0  -6.281644400000000e+07   5.322e+08   1.000e+00
    145  158084.972     157       0  -6.281648000000000e+07   3.701e+08   1.000e+00
    146  159091.346     158       0  -6.281653600000000e+07   3.720e+08   1.000e+00
    147  160110.482     159       0  -6.281660000000000e+07   6.826e+08   1.000e+00
    148  161124.189     160       0  -6.281664400000000e+07   4.324e+08   1.000e+00
    149  162137.583     161       0  -6.281670800000000e+07   3.722e+08   1.000e+00
    150  163151.416     162       0  -6.281675600000000e+07   4.417e+08   1.000e+00
    151  164164.834     163       0  -6.281681200000000e+07   5.410e+08   1.000e+00
    152  165177.462     164       0  -6.281686000000000e+07   3.731e+08   1.000e+00
    153  166192.475     165       0  -6.281690800000000e+07   3.958e+08   1.000e+00
    154  167204.412     166       0  -6.281695200000000e+07   4.282e+08   1.000e+00
    155  168218.719     167       0  -6.281700000000000e+07   3.782e+08   1.000e+00
    156  169233.742     168       0  -6.281705600000000e+07   5.254e+08   1.000e+00
    157  170249.659     169       0  -6.281710400000000e+07   4.517e+08   1.000e+00
    158  171262.687     170       0  -6.281712400000000e+07   3.505e+08   1.000e+00
    159  172277.456     171       0  -6.281718000000000e+07   4.095e+08   1.000e+00
    160  173291.383     172       0  -6.281722000000000e+07   6.003e+08   1.000e+00
    161  174305.129     173       0  -6.281724400000000e+07   3.708e+08   1.000e+00
    162  175317.014     174       0  -6.281730000000000e+07   3.062e+08   1.000e+00
    163  176330.666     175       0  -6.281732800000000e+07   3.574e+08   1.000e+00
    164  177345.452     176       0  -6.281738000000000e+07   4.779e+08   1.000e+00
    165  178360.458     177       0  -6.281741600000000e+07   3.472e+08   1.000e+00
    166  179373.965     178       0  -6.281744400000000e+07   3.223e+08   1.000e+00
    167  180390.771     179       0  -6.281748400000000e+07   4.134e+08   1.000e+00
    168  181403.403     180       0  -6.281753200000000e+07   5.068e+08   1.000e+00
    169  182414.613     181       0  -6.281754400000000e+07   3.320e+08   1.000e+00
    170  183427.540     182       0  -6.281757200000000e+07   3.094e+08   1.000e+00
    171  184452.467     183       0  -6.281761600000000e+07   3.639e+08   1.000e+00
    172  185476.424     184       0  -6.281764800000000e+07   4.033e+08   1.000e+00
    173  186499.729     185       0  -6.281767600000000e+07   3.381e+08   1.000e+00
    174  187522.799     186       0  -6.281770400000000e+07   2.962e+08   1.000e+00
    175  188548.758     187       0  -6.281773600000000e+07   3.224e+08   1.000e+00
    176  189572.080     188       0  -6.281776400000000e+07   3.484e+08   1.000e+00
    177  190585.590     189       0  -6.281778800000000e+07   2.970e+08   1.000e+00
    178  191601.707     190       0  -6.281781200000000e+07   3.543e+08   1.000e+00
    179  192622.426     191       0  -6.281784000000000e+07   3.406e+08   1.000e+00
    180  193637.720     192       0  -6.281786000000000e+07   2.728e+08   1.000e+00
    181  194654.658     193       0  -6.281788800000000e+07   3.259e+08   1.000e+00
    182  195679.358     194       0  -6.281790000000000e+07   4.283e+08   1.000e+00
    183  196703.905     195       0  -6.281792000000000e+07   2.976e+08   1.000e+00
    184  197726.284     196       0  -6.281793600000000e+07   2.521e+08   1.000e+00
    185  198751.910     197       0  -6.281796000000000e+07   2.957e+08   1.000e+00
    186  199776.157     198       0  -6.281798800000000e+07   2.674e+08   1.000e+00
    187  200800.017     199       0  -6.281801200000000e+07   3.132e+08   1.000e+00
    188  201824.331     200       0  -6.281804000000000e+07   3.328e+08   1.000e+00
    189  202849.118     201       0  -6.281804800000000e+07   2.563e+08   1.000e+00
    190  203870.045     202       0  -6.281806800000000e+07   2.471e+08   1.000e+00
    191  204889.857     203       0  -6.281808800000000e+07   3.275e+08   1.000e+00
    192  205909.858     204       0  -6.281810400000000e+07   3.097e+08   1.000e+00
    193  206930.729     205       0  -6.281811600000000e+07   2.445e+08   1.000e+00
    194  207956.221     206       0  -6.281814000000000e+07   2.822e+08   1.000e+00
    195  208980.069     207       0  -6.281815200000000e+07   2.546e+08   1.000e+00
    196  210004.727     208       0  -6.281817200000000e+07   2.365e+08   1.000e+00
    197  211025.666     209       0  -6.281818800000000e+07   2.798e+08   1.000e+00
    198  212050.989     210       0  -6.281820800000000e+07   2.995e+08   1.000e+00
    199  213075.016     211       0  -6.281822400000000e+07   2.278e+08   1.000e+00
    200  215081.008     213       0  -6.281822800000000e+07   2.136e+08   5.000e-01
    201  216087.870     214       0  -6.281824400000000e+07   2.598e+08   1.000e+00
    202  217103.334     215       0  -6.281825600000000e+07   3.148e+08   1.000e+00
    203  218115.061     216       0  -6.281826400000000e+07   2.147e+08   1.000e+00
    204  219126.990     217       0  -6.281828400000000e+07   2.303e+08   1.000e+00
    205  220155.019     218       0  -6.281830000000000e+07   2.940e+08   1.000e+00
    206  221170.494     219       0  -6.281830800000000e+07   2.236e+08   1.000e+00
    207  222185.427     220       0  -6.281831600000000e+07   2.208e+08   1.000e+00
    208  223199.189     221       0  -6.281833200000000e+07   2.982e+08   1.000e+00
    209  224213.303     222       0  -6.281834000000000e+07   2.225e+08   1.000e+00
    210  225230.201     223       0  -6.281835200000000e+07   2.209e+08   1.000e+00
    211  226243.091     224       0  -6.281836800000000e+07   3.008e+08   1.000e+00
    212  227258.018     225       0  -6.281837600000000e+07   2.210e+08   1.000e+00
    213  228271.265     226       0  -6.281838000000000e+07   2.093e+08   1.000e+00
    214  229286.295     227       0  -6.281839600000000e+07   2.777e+08   1.000e+00
    215  230298.385     228       0  -6.281840800000000e+07   2.679e+08   1.000e+00
    216  231310.654     229       0  -6.281841200000000e+07   2.096e+08   1.000e+00
    217  232323.447     230       0  -6.281842400000000e+07   2.273e+08   1.000e+00
    218  233334.902     231       0  -6.281842800000000e+07   2.607e+08   1.000e+00
    219  234347.189     232       0  -6.281844400000000e+07   2.095e+08   1.000e+00
    220  235359.947     233       0  -6.281845600000000e+07   2.156e+08   1.000e+00
    221  255040.479     253       0  -6.281845600000000e+07   2.178e+08   1.904e-06
# Termination: function reduction test satisfied
# Iter.   Time (ms)    Eval. Reject.       Obj. Func.           Grad.       Step
# ---------------------------------------------------------------------------------
      0     981.146       1       0  -6.237347600000000e+07   1.121e+10   0.000e+00
      1   12772.973      13       0  -6.242938400000000e+07   2.123e+10   6.557e-16
      2   13775.954      14       0  -6.247395200000000e+07   1.381e+10   1.000e+00
      3   14780.264      15       0  -6.252823600000000e+07   1.504e+10   1.000e+00
      4   15784.589      16       0  -6.258638800000000e+07   1.843e+10   1.000e+00
      5   16789.847      17       0  -6.262072400000000e+07   2.348e+10   1.000e+00
      6   17797.516      18       0  -6.265748800000000e+07   1.100e+10   1.000e+00
      7   18803.883      19       0  -6.267476400000000e+07   8.991e+09   1.000e+00
      8   19810.186      20       0  -6.269024400000000e+07   9.137e+09   1.000e+00
      9   20816.197      21       0  -6.270788000000000e+07   1.044e+10   1.000e+00
     10   21823.216      22       0  -6.271665200000000e+07   8.130e+09   1.000e+00
     11   22829.198      23       0  -6.272164400000000e+07   5.940e+09   1.000e+00
     12   23835.756      24       0  -6.272960400000000e+07   5.034e+09   1.000e+00
     13   24842.037      25       0  -6.273490800000000e+07   9.323e+09   1.000e+00
     14   25861.395      26       0  -6.273911600000000e+07   4.531e+09   1.000e+00
     15   26869.203      27       0  -6.274249200000000e+07   3.632e+09   1.000e+00
     16   27875.588      28       0  -6.274530800000000e+07   3.801e+09   1.000e+00
     17   28882.292      29       0  -6.275000000000000e+07   7.143e+09   1.000e+00
     18   29889.208      30       0  -6.275368400000000e+07   3.746e+09   1.000e+00
     19   30896.748      31       0  -6.275502000000000e+07   2.789e+09   1.000e+00
     20   31904.060      32       0  -6.275799600000000e+07   2.948e+09   1.000e+00
     21   32910.576      33       0  -6.276040800000000e+07   6.648e+09   1.000e+00
     22   33919.853      34       0  -6.276228000000000e+07   2.964e+09   1.000e+00
     23   34929.108      35       0  -6.276407600000000e+07   2.374e+09   1.000e+00
     24   35936.639      36       0  -6.276580800000000e+07   2.734e+09   1.000e+00
     25   36944.887      37       0  -6.276865600000000e+07   4.733e+09   1.000e+00
     26   37950.869      38       0  -6.277097600000000e+07   3.204e+09   1.000e+00
     27   38958.361      39       0  -6.277189200000000e+07   2.167e+09   1.000e+00
     28   39972.384      40       0  -6.277348800000000e+07   2.238e+09   1.000e+00
     29   40980.290      41       0  -6.277482400000000e+07   4.427e+09   1.000e+00
     30   41994.431      42       0  -6.277598000000000e+07   2.428e+09   1.000e+00
     31   43008.694      43       0  -6.277743600000000e+07   1.959e+09   1.000e+00
     32   44028.594      44       0  -6.277842400000000e+07   2.106e+09   1.000e+00
     33   45053.206      45       0  -6.278014000000000e+07   4.613e+09   1.000e+00
     34   46079.890      46       0  -6.278144000000000e+07   2.097e+09   1.000e+00
     35   47103.222      47       0  -6.278194000000000e+07   1.699e+09   1.000e+00
     36   48127.987      48       0  -6.278297600000000e+07   1.864e+09   1.000e+00
     37   49151.377      49       0  -6.278382800000000e+07   4.870e+09   1.000e+00
     38   50161.531      50       0  -6.278464400000000e+07   1.960e+09   1.000e+00
     39   51171.213      51       0  -6.278522000000000e+07   1.420e+09   1.000e+00
     40   52182.455      52       0  -6.278584800000000e+07   1.709e+09   1.000e+00
     41   53192.507      53       0  -6.278693200000000e+07   2.112e+09   1.000e+00
     42   54201.718      54       0  -6.278767600000000e+07   4.417e+09   1.000e+00
     43   55226.483      55       0  -6.278844000000000e+07   1.310e+09   1.000e+00
     44   56238.606      56       0  -6.278871200000000e+07   1.233e+09   1.000e+00
     45   57250.130      57       0  -6.278927600000000e+07   1.532e+09   1.000e+00
     46   58260.591      58       0  -6.279000400000000e+07   3.489e+09   1.000e+00
     47   59268.578      59       0  -6.279064000000000e+07   1.628e+09   1.000e+00
     48   60276.475      60       0  -6.279111200000000e+07   1.232e+09   1.000e+00
     49   61284.626      61       0  -6.279152000000000e+07   1.408e+09   1.000e+00
     50   62292.929      62       0  -6.279222000000000e+07   2.324e+09   1.000e+00
     51   63301.925      63       0  -6.279284000000000e+07   1.550e+09   1.000e+00
     52   64313.637      64       0  -6.279317200000000e+07   1.143e+09   1.000e+00
     53   65320.657      65       0  -6.279370000000000e+07   1.390e+09   1.000e+00
     54   66328.147      66       0  -6.279416000000000e+07   2.009e+09   1.000e+00
     55   67353.991      67       0  -6.279450000000000e+07   1.286e+09   1.000e+00
     56   68382.380      68       0  -6.279506400000000e+07   1.092e+09   1.000e+00
     57   69407.379      69       0  -6.279544400000000e+07   1.280e+09   1.000e+00
     58   70430.713      70       0  -6.279616800000000e+07   1.337e+09   1.000e+00
     59   71455.743      71       0  -6.279670400000000e+07   1.930e+09   1.000e+00
     60   72479.138      72       0  -6.279707200000000e+07   1.155e+09   1.000e+00
     61   73489.916      73       0  -6.279740800000000e+07   1.010e+09   1.000e+00
     62   74509.004      74       0  -6.279781600000000e+07   1.238e+09   1.000e+00
     63   75521.179      75       0  -6.279841200000000e+07   1.509e+09   1.000e+00
     64   76538.078      76       0  -6.279884000000000e+07   1.165e+09   1.000e+00
     65   77562.830      77       0  -6.279925600000000e+07   1.090e+09   1.000e+00
     66   78587.136      78       0  -6.279972400000000e+07   1.387e+09   1.000e+00
     67   79608.730      79       0  -6.280023200000000e+07   1.281e+09   1.000e+00
     68   80629.759      80       0  -6.280063200000000e+07   1.050e+09   1.000e+00
     69   81652.890      81       0  -6.280125200000000e+07   1.300e+09   1.000e+00
     70   82673.956      82       0  -6.280168000000000e+07   1.579e+09   1.000e+00
     71   83699.497      83       0  -6.280191600000000e+07   1.090e+09   1.000e+00
     72   84721.400      84       0  -6.280244400000000e+07   1.006e+09   1.000e+00
     73   85762.764      85       0  -6.280287200000000e+07   1.730e+09   1.000e+00
     74   86787.092      86       0  -6.280316000000000e+07   1.202e+09   1.000e+00
     75   87812.374      87       0  -6.280364400000000e+07   9.650e+08   1.000e+00
     76   88836.436      88       0  -6.280394000000000e+07   1.292e+09   1.000e+00
     77   89861.832      89       0  -6.280421200000000e+07   1.100e+09   1.000e+00
     78   90885.551      90       0  -6.280465200000000e+07   1.658e+09   1.000e+00
     79   91919.711      91       0  -6.280494400000000e+07   1.244e+09   1.000e+00
     80   92951.828      92       0  -6.280504400000000e+07   9.110e+08   1.000e+00
     81   93983.451      93       0  -6.280528400000000e+07   8.671e+08   1.000e+00
     82   95015.634      94       0  -6.280552800000000e+07   1.668e+09   1.000e+00
     83   96044.631      95       0  -6.280568400000000e+07   9.436e+08   1.000e+00
     84   97072.522      96       0  -6.280592800000000e+07   7.397e+08   1.000e+00
     85   98102.056      97       0  -6.280608800000000e+07   8.044e+08   1.000e+00
     86   99132.995      98       0  -6.280635600000000e+07   1.208e+09   1.000e+00
     87  100167.126      99       0  -6.280652800000000e+07   1.208e+09   1.000e+00
     88  101197.605     100       0  -6.280658800000000e+07   7.550e+08   1.000e+00
     89  102217.730     101       0  -6.280670400000000e+07   6.065e+08   1.000e+00
     90  103248.899     102       0  -6.280682800000000e+07   8.338e+08   1.000e+00
     91  104276.096     103       0  -6.280700800000000e+07   8.782e+08   1.000e+00
     92  105305.194     104       0  -6.280714000000000e+07   6.968e+08   1.000e+00
     93  106341.085     105       0  -6.280724800000000e+07   6.156e+08   1.000e+00
     94  107376.349     106       0  -6.280735600000000e+07   7.676e+08   1.000e+00
     95  108406.667     107       0  -6.280748000000000e+07   7.241e+08   1.000e+00
     96  109439.038     108       0  -6.280756000000000e+07   5.993e+08   1.000e+00
     97  110462.615     109       0  -6.280764000000000e+07   5.577e+08   1.000e+00
     98  111485.312     110       0  -6.280773600000000e+07   7.863e+08   1.000e+00
     99  112511.238     111       0  -6.280781600000000e+07   5.497e+08   1.000e+00
    100  113543.983     112       0  -6.280788800000000e+07   4.932e+08   1.000e+00
    101  114574.801     113       0  -6.280797600000000e+07   6.749e+08   1.000e+00
    102  115607.486     114       0  -6.280806400000000e+07   6.264e+08   1.000e+00
    103  116640.496     115       0  -6.280812400000000e+07   4.901e+08   1.000e+00
    104  117670.643     116       0  -6.280822400000000e+07   5.681e+08   1.000e+00
    105  118702.565     117       0  -6.280828800000000e+07   6.947e+08   1.000e+00
    106  119734.168     118       0  -6.280833200000000e+07   4.911e+08   1.000e+00
    107  120766.458     119       0  -6.280843600000000e+07   4.610e+08   1.000e+00
    108  121797.369     120       0  -6.280850000000000e+07   8.175e+08   1.000e+00
    109  122830.793     121       0  -6.280855200000000e+07   4.934e+08   1.000e+00
    110  123864.578     122       0  -6.280862400000000e+07   4.385e+08   1.000e+00
    111  124894.924     123       0  -6.280870000000000e+07   5.329e+08   1.000e+00
    112  125927.754     124       0  -6.280877200000000e+07   6.690e+08   1.000e+00
    113  126959.942     125       0  -6.280884400000000e+07   5.077e+08   1.000e+00
    114  127990.003     126       0  -6.280890800000000e+07   5.016e+08   1.000e+00
    115  129024.688     127       0  -6.280897600000000e+07   5.543e+08   1.000e+00
    116  130057.489     128       0  -6.280903200000000e+07   6.585e+08   1.000e+00
    117  131090.505     129       0  -6.280907200000000e+07   4.380e+08   1.000e+00
    118  132115.262     130       0  -6.280913600000000e+07   4.500e+08   1.000e+00
    119  133145.996     131       0  -6.280917200000000e+07   6.109e+08   1.000e+00
    120  134180.679     132       0  -6.280921200000000e+07   4.604e+08   1.000e+00
    121  135223.782     133       0  -6.280928000000000e+07   4.785e+08   1.000e+00
    122  136255.502     134       0  -6.280931200000000e+07   6.681e+08   1.000e+00
    123  137286.065     135       0  -6.280933600000000e+07   4.119e+08   1.000e+00
    124  138317.390     136       0  -6.280936800000000e+07   3.357e+08   1.000e+00
    125  139346.175     137       0  -6.280940800000000e+07   3.813e+08   1.000e+00
    126  140380.130     138       0  -6.280946400000000e+07   7.321e+08   1.000e+00
    127  141409.323     139       0  -6.280950400000000e+07   4.538e+08   1.000e+00
    128  142441.442     140       0  -6.280952400000000e+07   3.496e+08   1.000e+00
    129  143475.754     141       0  -6.280955600000000e+07   3.419e+08   1.000e+00
    130  144507.815     142       0  -6.280960000000000e+07   5.410e+08   1.000e+00
    131  145539.777     143       0  -6.280965200000000e+07   3.891e+08   1.000e+00
    132  146573.826     144       0  -6.280968400000000e+07   3.536e+08   1.000e+00
    133  147605.027     145       0  -6.280973600000000e+07   5.371e+08   1.000e+00
    134  148639.723     146       0  -6.280978000000000e+07   4.185e+08   1.000e+00
    135  149670.792     147       0  -6.280980800000000e+07   3.682e+08   1.000e+00
    136  150704.842     148       0  -6.280986400000000e+07   4.993e+08   1.000e+00
    137  151728.935     149       0  -6.280990000000000e+07   6.419e+08   1.000e+00
    138  152754.375     150       0  -6.280992400000000e+07   3.755e+08   1.000e+00
    139  153788.169     151       0  -6.280996400000000e+07   3.287e+08   1.000e+00
    140  154817.064     152       0  -6.281000400000000e+07   3.836e+08   1.000e+00
    141  155845.622     153       0  -6.281005600000000e+07   6.690e+08   1.000e+00
    142  156879.997     154       0  -6.281011200000000e+07   3.624e+08   1.000e+00
    143  157910.177     155       0  -6.281014800000000e+07   3.584e+08   1.000e+00
    144  158943.824     156       0  -6.281018800000000e+07   3.995e+08   1.000e+00
    145  159974.007     157       0  -6.281024000000000e+07   7.394e+08   1.000e+00
    146  161005.656     158       0  -6.281026800000000e+07   3.509e+08   1.000e+00
    147  162037.763     159       0  -6.281029600000000e+07   3.508e+08   1.000e+00
    148  163074.425     160       0  -6.281033200000000e+07   4.094e+08   1.000e+00
    149  164114.894     161       0  -6.281038400000000e+07   6.611e+08   1.000e+00
    150  165133.874     162       0  -6.281043600000000e+07   4.107e+08   1.000e+00
    151  166154.881     163       0  -6.281046000000000e+07   3.363e+08   1.000e+00
    152  167180.646     164       0  -6.281050800000000e+07   3.382e+08   1.000e+00
    153  168205.329     165       0  -6.281054800000000e+07   6.751e+08   1.000e+00
    154  169230.121     166       0  -6.281058000000000e+07   3.349e+08   1.000e+00
    155  170255.111     167       0  -6.281061200000000e+07   3.085e+08   1.000e+00
    156  171280.082     168       0  -6.281063600000000e+07   3.553e+08   1.000e+00
    157  172304.979     169       0  -6.281069200000000e+07   5.483e+08   1.000e+00
    158  173330.858     170       0  -6.281073200000000e+07   4.248e+08   1.000e+00
    159  174365.140     171       0  -6.281075600000000e+07   3.088e+08   1.000e+00
    160  175397.380     172       0  -6.281078800000000e+07   3.145e+08   1.000e+00
    161  176431.704     173       0  -6.281082400000000e+07   4.549e+08   1.000e+00
    162  177464.008     174       0  -6.281086000000000e+07   3.404e+08   1.000e+00
    163  178495.615     175       0  -6.281090000000000e+07   2.977e+08   1.000e+00
    164  179526.664     176       0  -6.281093600000000e+07   3.655e+08   1.000e+00
    165  180550.863     177       0  -6.281097200000000e+07   3.674e+08   1.000e+00
    166  181575.956     178       0  -6.281100000000000e+07   2.953e+08   1.000e+00
    167  182598.461     179       0  -6.281102800000000e+07   4.333e+08   1.000e+00
    168  183622.895     180       0  -6.281105600000000e+07   3.398e+08   1.000e+00
    169  184646.850     181       0  -6.281107200000000e+07   3.027e+08   1.000e+00
    170  185671.311     182       0  -6.281110400000000e+07   3.701e+08   1.000e+00
    171  186695.181     183       0  -6.281113200000000e+07   5.741e+08   1.000e+00
    172  187719.171     184       0  -6.281114800000000e+07   3.153e+08   1.000e+00
    173  188742.400     185       0  -6.281117200000000e+07   2.457e+08   1.000e+00
    174  189767.418     186       0  -6.281119600000000e+07   2.970e+08   1.000e+00
    175  190796.724     187       0  -6.281120800000000e+07   3.424e+08   1.000e+00
    176  191823.570     188       0  -6.281124000000000e+07   5.287e+08   1.000e+00
    177  192847.991     189       0  -6.281126000000000e+07   2.648e+08   1.000e+00
    178  193872.942     190       0  -6.281126400000000e+07   2.513e+08   1.000e+00
    179  194906.068     191       0  -6.281128000000000e+07   3.017e+08   1.000e+00
    180  195930.660     192       0  -6.281130800000000e+07   3.457e+08   1.000e+00
    181  196955.590     193       0  -6.281132800000000e+07   2.636e+08   1.000e+00
    182  197979.166     194       0  -6.281134400000000e+07   2.429e+08   1.000e+00
    183  199004.660     195       0  -6.281136000000000e+07   2.555e+08   1.000e+00
    184  200030.499     196       0  -6.281137600000000e+07   3.377e+08   1.000e+00
    185  201056.481     197       0  -6.281139600000000e+07   2.558e+08   1.000e+00
    186  202092.736     198       0  -6.281140800000000e+07   2.337e+08   1.000e+00
    187  203124.444     199       0  -6.281142400000000e+07   2.773e+08   1.000e+00
    188  204155.810     200       0  -6.281144400000000e+07   2.695e+08   1.000e+00
    189  205204.021     201       0  -6.281145600000000e+07   2.248e+08   1.000e+00
    190  206236.425     202       0  -6.281148400000000e+07   2.541e+08   1.000e+00
    191  207267.108     203       0  -6.281150000000000e+07   2.788e+08   1.000e+00
    192  208292.690     204       0  -6.281150800000000e+07   2.197e+08   1.000e+00
    193  209322.809     205       0  -6.281152400000000e+07   2.357e+08   1.000e+00
    194  210358.086     206       0  -6.281154400000000e+07   2.758e+08   1.000e+00
    195  211391.602     207       0  -6.281155600000000e+07   2.263e+08   1.000e+00
    196  212423.221     208       0  -6.281157600000000e+07   2.120e+08   1.000e+00
    197  231146.804     227       0  -6.281157600000000e+07   2.154e+08   1.902e-06
# Termination: function reduction test satisfied
# Iter.   Time (ms)    Eval. Reject.       Obj. Func.           Grad.       Step
# ---------------------------------------------------------------------------------
      0     981.180       1       0  -6.231495600000000e+07   1.121e+10   0.000e+00
      1   12782.654      13       0  -6.237084800000000e+07   2.129e+10   6.577e-16
      2   13786.104      14       0  -6.241542800000000e+07   1.381e+10   1.000e+00
      3   14793.594      15       0  -6.246954400000000e+07   1.502e+10   1.000e+00
      4   15805.350      16       0  -6.252768000000000e+07   1.840e+10   1.000e+00
      5   16817.142      17       0  -6.256192000000000e+07   2.356e+10   1.000e+00
      6   17833.137      18       0  -6.259888000000000e+07   1.101e+10   1.000e+00
      7   18846.524      19       0  -6.261612000000000e+07   8.996e+09   1.000e+00
      8   19860.894      20       0  -6.263156000000000e+07   9.108e+09   1.000e+00
      9   20874.317      21       0  -6.264918800000000e+07   1.047e+10   1.000e+00
     10   21890.223      22       0  -6.265798400000000e+07   8.131e+09   1.000e+00
     11   22896.075      23       0  -6.266296800000000e+07   5.938e+09   1.000e+00
     12   23903.200      24       0  -6.267092400000000e+07   5.029e+09   1.000e+00
     13   24911.018      25       0  -6.267621600000000e+07   9.347e+09   1.000e+00
     14   25921.094      26       0  -6.268041200000000e+07   4.535e+09   1.000e+00
     15   26934.094      27       0  -6.268378800000000e+07   3.631e+09   1.000e+00
     16   27941.463      28       0  -6.268658800000000e+07   3.798e+09   1.000e+00
     17   28948.430      29       0  -6.269130800000000e+07   7.027e+09   1.000e+00
     18   29955.810      30       0  -6.269498800000000e+07   3.862e+09   1.000e+00
     19   30962.929      31       0  -6.269631200000000e+07   2.787e+09   1.000e+00
     20   31977.315      32       0  -6.269917600000000e+07   2.830e+09   1.000e+00
     21   32990.175      33       0  -6.270162400000000e+07   6.388e+09   1.000e+00
     22   34019.575      34       0  -6.270352000000000e+07   2.972e+09   1.000e+00
     23   35034.925      35       0  -6.270544000000000e+07   2.423e+09   1.000e+00
     24   36048.134      36       0  -6.270714400000000e+07   2.728e+09   1.000e+00
     25   37064.633      37       0  -6.270996400000000e+07   5.064e+09   1.000e+00
     26   38080.847      38       0  -6.271218400000000e+07   2.908e+09   1.000e+00
     27   39096.585      39       0  -6.271301600000000e+07   2.185e+09   1.000e+00
     28   40112.151      40       0  -6.271470800000000e+07   2.347e+09   1.000e+00
     29   41126.868      41       0  -6.271597600000000e+07   5.292e+09   1.000e+00
     30   42134.265      42       0  -6.271707200000000e+07   2.385e+09   1.000e+00
     31   43141.038      43       0  -6.271814800000000e+07   1.848e+09   1.000e+00
     32   44148.383      44       0  -6.271913200000000e+07   2.136e+09   1.000e+00
     33   45162.266      45       0  -6.272088800000000e+07   3.077e+09   1.000e+00
     34   46177.576      46       0  -6.272218800000000e+07   4.023e+09   1.000e+00
     35   47190.062      47       0  -6.272290400000000e+07   1.679e+09   1.000e+00
     36   48201.726      48       0  -6.272346400000000e+07   1.583e+09   1.000e+00
     37   49212.668      49       0  -6.272426800000000e+07   1.871e+09   1.000e+00
     38   50229.084      50       0  -6.272540800000000e+07   4.268e+09   1.000e+00
     39   51245.985      51       0  -6.272633200000000e+07   1.787e+09   1.000e+00
     40   52253.473      52       0  -6.272685200000000e+07   1.535e+09   1.000e+00
     41   53261.868      53       0  -6.272749600000000e+07   1.704e+09   1.000e+00
     42   54269.530      54       0  -6.272845600000000e+07   3.045e+09   1.000e+00
     43   55277.272      55       0  -6.272930800000000e+07   1.818e+09   1.000e+00
     44   56290.611      56       0  -6.272974800000000e+07   1.327e+09   1.000e+00
     45   57305.308      57       0  -6.273037200000000e+07   1.572e+09   1.000e+00
     46   58320.780      58       0  -6.273092400000000e+07   2.606e+09   1.000e+00
     47   59333.378      59       0  -6.273136800000000e+07   1.506e+09   1.000e+00
     48   60349.210      60       0  -6.273194400000000e+07   1.263e+09   1.000e+00
     49   61362.943      61       0  -6.273241200000000e+07   1.373e+09   1.000e+00
     50   62377.334      62       0  -6.273314000000000e+07   3.179e+09   1.000e+00
     51   63389.902      63       0  -6.273366000000000e+07   1.203e+09   1.000e+00
     52   64404.950      64       0  -6.273389600000000e+07   1.048e+09   1.000e+00
     53   65417.801      65       0  -6.273433600000000e+07   1.243e+09   1.000e+00
     54   66433.254      66       0  -6.273494400000000e+07   2.632e+09   1.000e+00
     55   67446.217      67       0  -6.273544400000000e+07   1.303e+09   1.000e+00
     56   68460.214      68       0  -6.273579600000000e+07   9.875e+08   1.000e+00
     57   69474.508      69       0  -6.273614800000000e+07   1.171e+09   1.000e+00
     58   70488.774      70       0  -6.273671600000000e+07   1.898e+09   1.000e+00
     59   71509.480      71       0  -6.273717200000000e+07   1.315e+09   1.000e+00
     60   72536.123      72       0  -6.273747200000000e+07   1.012e+09   1.000e+00
     61   73559.981      73       0  -6.273790400000000e+07   1.164e+09   1.000e+00
     62   74584.028      74       0  -6.273838000000000e+07   1.872e+09   1.000e+00
     63   75607.824      75       0  -6.273866400000000e+07   1.108e+09   1.000e+00
     64   76631.369      76       0  -6.273906000000000e+07   9.378e+08   1.000e+00
     65   77653.874      77       0  -6.273940800000000e+07   1.148e+09   1.000e+00
     66   78677.419      78       0  -6.274001200000000e+07   1.526e+09   1.000e+00
     67   79690.180      79       0  -6.274038000000000e+07   1.065e+09   1.000e+00
     68   80716.831      80       0  -6.274070400000000e+07   1.012e+09   1.000e+00
     69   81740.397      81       0  -6.274105600000000e+07   1.184e+09   1.000e+00
     70   82764.370      82       0  -6.274156000000000e+07   1.270e+09   1.000e+00
     71   83788.147      83       0  -6.274191600000000e+07   1.008e+09   1.000e+00
     72   84811.864      84       0  -6.274235600000000e+07   1.102e+09   1.000e+00
     73   85835.909      85       0  -6.274269600000000e+07   1.262e+09   1.000e+00
     74   86859.204      86       0  -6.274300000000000e+07   9.621e+08   1.000e+00
     75   87881.579      87       0  -6.274342000000000e+07   1.033e+09   1.000e+00
     76   88907.730      88       0  -6.274376000000000e+07   1.644e+09   1.000e+00
     77   89932.365      89       0  -6.274393600000000e+07   9.758e+08   1.000e+00
     78   90952.232      90       0  -6.274419200000000e+07   7.506e+08   1.000e+00
     79   91974.736      91       0  -6.274444800000000e+07   9.049e+08   1.000e+00
     80   92997.938      92       0  -6.274483600000000e+07   1.471e+09   1.000e+00
     81   94036.625      93       0  -6.274507600000000e+07   9.422e+08   1.000e+00
     82   95057.861      94       0  -6.274519600000000e+07   7.689e+08   1.000e+00
     83   96079.174      95       0  -6.274540000000000e+07   7.952e+08   1.000e+00
     84   97102.031      96       0  -6.274562800000000e+07   1.741e+09   1.000e+00
     85   98131.440      97       0  -6.274578000000000e+07   8.142e+08   1.000e+00
     86   99157.622      98       0  -6.274592800000000e+07   6.149e+08   1.000e+00
     87  100183.746      99       0  -6.274605600000000e+07   6.881e+08   1.000e+00
     88  101207.019     100       0  -6.274628000000000e+07   1.103e+09   1.000e+00
     89  102229.831     101       0  -6.274644000000000e+07   1.015e+09   1.000e+00
     90  103255.439     102       0  -6.274650000000000e+07   5.554e+08   1.000e+00
     91  104278.062     103       0  -6.274657600000000e+07   5.613e+08   1.000e+00
     92  105304.282     104       0  -6.274666800000000e+07   7.028e+08   1.000e+00
     93  106315.854     105       0  -6.274681200000000e+07   9.137e+08   1.000e+00
     94  107325.855     106       0  -6.274691200000000e+07   5.300e+08   1.000e+00
     95  108337.178     107       0  -6.274701200000000e+07   5.259e+08   1.000e+00
     96  109348.105     108       0  -6.274710400000000e+07   6.397e+08   1.000e+00
     97  110358.734     109       0  -6.274721200000000e+07   5.605e+08   1.000e+00
     98  111382.950     110       0  -6.274727200000000e+07   4.699e+08   1.000e+00
     99  112408.447     111       0  -6.274733600000000e+07   5.062e+08   1.000e+00
    100  113438.601     112       0  -6.274739600000000e+07   5.673e+08   1.000e+00
    101  114463.036     113       0  -6.274746400000000e+07   4.617e+08   1.000e+00
    102  115487.876     114       0  -6.274753200000000e+07   5.168e+08   1.000e+00
    103  116511.302     115       0  -6.274759600000000e+07   4.908e+08   1.000e+00
    104  117536.775     116       0  -6.274764800000000e+07   4.055e+08   1.000e+00
    105  118548.488     117       0  -6.274772000000000e+07   5.150e+08   1.000e+00
    106  119555.738     118       0  -6.274777200000000e+07   5.246e+08   1.000e+00
    107  120566.276     119       0  -6.274780800000000e+07   3.930e+08   1.000e+00
    108  121578.658     120       0  -6.274785200000000e+07   3.945e+08   1.000e+00
    109  122602.251     121       0  -6.274790400000000e+07   5.941e+08   1.000e+00
    110  123613.789     122       0  -6.274793200000000e+07   3.985e+08   1.000e+00
    111  124644.287     123       0  -6.274798800000000e+07   3.299e+08   1.000e+00
    112  125656.329     124       0  -6.274803600000000e+07   3.823e+08   1.000e+00
    113  126664.498     125       0  -6.274810000000000e+07   4.751e+08   1.000e+00
    114  127676.671     126       0  -6.274814400000000e+07   5.192e+08   1.000e+00
    115  128688.857     127       0  -6.274816800000000e+07   3.659e+08   1.000e+00
    116  129709.393     128       0  -6.274820800000000e+07   3.297e+08   1.000e+00
    117  130735.586     129       0  -6.274823600000000e+07   4.315e+08   1.000e+00
    118  131762.901     130       0  -6.274827600000000e+07   3.283e+08   1.000e+00
    119  132789.979     131       0  -6.274830400000000e+07   3.858e+08   1.000e+00
    120  133817.164     132       0  -6.274832800000000e+07   3.283e+08   1.000e+00
    121  134829.966     133       0  -6.274835200000000e+07   2.800e+08   1.000e+00
    122  135856.863     134       0  -6.274836800000000e+07   3.206e+08   1.000e+00
    123  136880.043     135       0  -6.274838400000000e+07   4.542e+08   1.000e+00
    124  137904.082     136       0  -6.274839600000000e+07   2.824e+08   1.000e+00
    125  138928.719     137       0  -6.274841600000000e+07   2.317e+08   1.000e+00
    126  139955.012     138       0  -6.274842400000000e+07   2.698e+08   1.000e+00
    127  140979.720     139       0  -6.274844400000000e+07   3.042e+08   1.000e+00
    128  142003.288     140       0  -6.274846800000000e+07   2.874e+08   1.000e+00
    129  143029.762     141       0  -6.274847600000000e+07   2.294e+08   1.000e+00
    130  144071.633     142       0  -6.274849600000000e+07   2.412e+08   1.000e+00
    131  145086.257     143       0  -6.274851200000000e+07   2.975e+08   1.000e+00
    132  146114.782     144       0  -6.274852800000000e+07   2.475e+08   1.000e+00
    133  147152.188     145       0  -6.274854800000000e+07   2.480e+08   1.000e+00
    134  148193.494     146       0  -6.274856000000000e+07   2.691e+08   1.000e+00
    135  149230.640     147       0  -6.274858800000000e+07   2.293e+08   1.000e+00
    136  150269.318     148       0  -6.274859600000000e+07   2.399e+08   1.000e+00
    137  151303.264     149       0  -6.274861600000000e+07   3.176e+08   1.000e+00
    138  152343.497     150       0  -6.274862800000000e+07   2.129e+08   1.000e+00
    139  153384.990     151       0  -6.274864000000000e+07   2.014e+08   1.000e+00
    140  154425.006     152       0  -6.274866000000000e+07   2.485e+08   1.000e+00
    141  155468.905     153       0  -6.274867600000000e+07   2.494e+08   1.000e+00
    142  156505.068     154       0  -6.274869200000000e+07   2.145e+08   1.000e+00
    143  157549.042     155       0  -6.274870800000000e+07   2.485e+08   1.000e+00
    144  158594.080     156       0  -6.274872400000000e+07   2.141e+08   1.000e+00
    145  159633.877     157       0  -6.274873200000000e+07   2.023e+08   1.000e+00
    146  160678.092     158       0  -6.274874800000000e+07   2.546e+08   1.000e+00
    147  161721.806     159       0  -6.274876800000000e+07   2.542e+08   1.000e+00
    148  179448.149     177       0  -6.274876800000000e+07   2.531e+08   1.219e-06
# Termination: function reduction test satisfied
# Iter.   Time (ms)    Eval. Reject.       Obj. Func.           Grad.       Step
# ---------------------------------------------------------------------------------
      0     981.059       1       0  -6.172972800000000e+07   1.121e+10   0.000e+00
      1   11781.638      12       0  -6.177350800000000e+07   2.961e+10   9.525e-16
      2   12784.277      13       0  -6.183280400000000e+07   1.420e+10   1.000e+00
      3   13787.427      14       0  -6.187026800000000e+07   1.191e+10   1.000e+00
      4   14792.030      15       0  -6.192700000000000e+07   1.560e+10   1.000e+00
      5   15798.199      16       0  -6.197164400000000e+07   2.396e+10   1.000e+00
      6   16804.601      17       0  -6.201056400000000e+07   1.703e+10   1.000e+00
      7   17810.481      18       0  -6.202629200000000e+07   8.160e+09   1.000e+00
      8   18816.424      19       0  -6.204240000000000e+07   7.128e+09   1.000e+00
      9   19822.653      20       0  -6.205946800000000e+07   9.146e+09   1.000e+00
     10   20835.364      21       0  -6.206956800000000e+07   1.089e+10   1.000e+00
     11   21848.741      22       0  -6.207648400000000e+07   5.579e+09   1.000e+00
     12   22863.650      23       0  -6.208278000000000e+07   4.947e+09   1.000e+00
     13   23881.706      24       0  -6.208816400000000e+07   5.237e+09   1.000e+00
     14   24892.759      25       0  -6.209368800000000e+07   9.901e+09   1.000e+00
     15   25904.452      26       0  -6.209818000000000e+07   3.505e+09   1.000e+00
     16   26910.587      27       0  -6.209984000000000e+07   3.197e+09   1.000e+00
     17   27916.066      28       0  -6.210318800000000e+07   3.685e+09   1.000e+00
     18   28921.628      29       0  -6.210576400000000e+07   9.449e+09   1.000e+00
     19   29928.006      30       0  -6.210872800000000e+07   3.293e+09   1.000e+00
     20   30934.601      31       0  -6.211018400000000e+07   2.375e+09   1.000e+00
     21   31940.474      32       0  -6.211218800000000e+07   2.894e+09   1.000e+00
     22   32947.367      33       0  -6.211534000000000e+07   3.278e+09   1.000e+00
     23   33954.213      34       0  -6.211734400000000e+07   8.865e+09   1.000e+00
     24   34959.670      35       0  -6.211996800000000e+07   2.280e+09   1.000e+00
     25   35965.991      36       0  -6.212072000000000e+07   1.944e+09   1.000e+00
     26   36972.990      37       0  -6.212261200000000e+07   2.482e+09   1.000e+00
     27   37988.704      38       0  -6.212463600000000e+07   4.980e+09   1.000e+00
     28   38999.994      39       0  -6.212635600000000e+07   2.377e+09   1.000e+00
     29   40013.325      40       0  -6.212735200000000e+07   1.845e+09   1.000e+00
     30   41023.574      41       0  -6.212840000000000e+07   2.225e+09   1.000e+00
     31   42037.365      42       0  -6.212990000000000e+07   3.479e+09   1.000e+00
     32   43051.453      43       0  -6.213104800000000e+07   2.088e+09   1.000e+00
     33   44064.738      44       0  -6.213209600000000e+07   1.822e+09   1.000e+00
     34   45080.196      45       0  -6.213306800000000e+07   2.192e+09   1.000e+00
     35   46092.637      46       0  -6.213421200000000e+07   3.137e+09   1.000e+00
     36   47104.110      47       0  -6.213486400000000e+07   1.651e+09   1.000e+00
     37   48116.343      48       0  -6.213551600000000e+07   1.573e+09   1.000e+00
     38   49130.773      49       0  -6.213623600000000e+07   1.744e+09   1.000e+00
     39   50145.382      50       0  -6.213716000000000e+07   4.585e+09   1.000e+00
     40   51159.165      51       0  -6.213795600000000e+07   1.511e+09   1.000e+00
     41   52174.882      52       0  -6.213824800000000e+07   1.209e+09   1.000e+00
     42   53189.996      53       0  -6.213880000000000e+07   1.430e+09   1.000e+00
     43   54203.625      54       0  -6.213954400000000e+07   2.925e+09   1.000e+00
     44   55220.124      55       0  -6.214022400000000e+07   1.556e+09   1.000e+00
     45   56235.494      56       0  -6.214067600000000e+07   1.161e+09   1.000e+00
     46   57248.399      57       0  -6.214113600000000e+07   1.402e+09   1.000e+00
     47   58263.875      58       0  -6.214168400000000e+07   2.110e+09   1.000e+00
     48   59276.355      59       0  -6.214204800000000e+07   1.223e+09   1.000e+00
     49   60290.849      60       0  -6.214237600000000e+07   1.128e+09   1.000e+00
     50   61304.129      61       0  -6.214276800000000e+07   1.261e+09   1.000e+00
     51   62319.087      62       0  -6.214330400000000e+07   2.935e+09   1.000e+00
     52   63333.393      63       0  -6.214366800000000e+07   1.118e+09   1.000e+00
     53   64347.692      64       0  -6.214386800000000e+07   8.697e+08   1.000e+00
     54   65361.323      65       0  -6.214416800000000e+07   1.012e+09   1.000e+00
     55   66375.983      66       0  -6.214464000000000e+07   1.639e+09   1.000e+00
     56   67389.325      67       0  -6.214515200000000e+07   1.320e+09   1.000e+00
     57   68402.734      68       0  -6.214540000000000e+07   8.654e+08   1.000e+00
     58   69415.614      69       0  -6.214572400000000e+07   9.711e+08   1.000e+00
     59   70430.841      70       0  -6.214604400000000e+07   1.357e+09   1.000e+00
     60   71445.764      71       0  -6.214629600000000e+07   8.716e+08   1.000e+00
     61   72460.723      72       0  -6.214668000000000e+07   8.118e+08   1.000e+00
     62   73476.109      73       0  -6.214704400000000e+07   1.209e+09   1.000e+00
     63   74491.631      74       0  -6.214747600000000e+07   9.720e+08   1.000e+00
     64   75504.977      75       0  -6.214775600000000e+07   8.119e+08   1.000e+00
     65   76519.914      76       0  -6.214808000000000e+07   9.248e+08   1.000e+00
     66   77535.067      77       0  -6.214834800000000e+07   1.004e+09   1.000e+00
     67   78551.589      78       0  -6.214862000000000e+07   8.448e+08   1.000e+00
     68   79563.984      79       0  -6.214918000000000e+07   1.375e+09   1.000e+00
     69   80579.749      80       0  -6.214947200000000e+07   1.142e+09   1.000e+00
     70   81592.445      81       0  -6.214957200000000e+07   7.590e+08   1.000e+00
     71   82606.905      82       0  -6.214981200000000e+07   6.163e+08   1.000e+00
     72   83622.895      83       0  -6.215016400000000e+07   1.073e+09   1.000e+00
     73   84647.949      84       0  -6.215056000000000e+07   8.016e+08   1.000e+00
     74   85666.151      85       0  -6.215089200000000e+07   8.187e+08   1.000e+00
     75   86678.526      86       0  -6.215124800000000e+07   8.859e+08   1.000e+00
     76   87692.640      87       0  -6.215143600000000e+07   7.822e+08   1.000e+00
     77   88707.409      88       0  -6.215157600000000e+07   7.544e+08   1.000e+00
     78   89723.341      89       0  -6.215190400000000e+07   1.490e+09   1.000e+00
     79   90735.690      90       0  -6.215210000000000e+07   8.138e+08   1.000e+00
     80   91747.729      91       0  -6.215224400000000e+07   6.884e+08   1.000e+00
     81   92758.814      92       0  -6.215249600000000e+07   8.158e+08   1.000e+00
     82   93780.571      93       0  -6.215273200000000e+07   1.584e+09   1.000e+00
     83   94793.576      94       0  -6.215283200000000e+07   6.285e+08   1.000e+00
     84   95807.632      95       0  -6.215290400000000e+07   5.122e+08   1.000e+00
     85   96823.949      96       0  -6.215306000000000e+07   6.280e+08   1.000e+00
     86   97849.570      97       0  -6.215326800000000e+07   9.426e+08   1.000e+00
     87   98864.350      98       0  -6.215349200000000e+07   1.094e+09   1.000e+00
     88   99889.007      99       0  -6.215354800000000e+07   4.787e+08   1.000e+00
     89  100914.738     100       0  -6.215360400000000e+07   5.090e+08   1.000e+00
     90  101939.265     101       0  -6.215369600000000e+07   5.667e+08   1.000e+00
     91  102954.952     102       0  -6.215383600000000e+07   1.303e+09   1.000e+00
     92  103968.901     103       0  -6.215392000000000e+07   5.116e+08   1.000e+00
     93  104994.944     104       0  -6.215396400000000e+07   4.428e+08   1.000e+00
     94  106011.225     105       0  -6.215404000000000e+07   5.011e+08   1.000e+00
     95  107034.863     106       0  -6.215414400000000e+07   7.267e+08   1.000e+00
     96  108054.190     107       0  -6.215425200000000e+07   7.128e+08   1.000e+00
     97  109068.595     108       0  -6.215428400000000e+07   3.853e+08   1.000e+00
     98  110083.124     109       0  -6.215432000000000e+07   3.867e+08   1.000e+00
     99  111096.924     110       0  -6.215438400000000e+07   4.428e+08   1.000e+00
    100  112111.793     111       0  -6.215445600000000e+07   8.389e+08   1.000e+00
    101  113126.196     112       0  -6.215451600000000e+07   3.923e+08   1.000e+00
    102  114156.143     113       0  -6.215454000000000e+07   3.480e+08   1.000e+00
    103  115169.255     114       0  -6.215459200000000e+07   3.670e+08   1.000e+00
    104  116181.193     115       0  -6.215465200000000e+07   8.513e+08   1.000e+00
    105  117194.989     116       0  -6.215468800000000e+07   3.408e+08   1.000e+00
    106  118220.052     117       0  -6.215470800000000e+07   3.060e+08   1.000e+00
    107  119240.599     118       0  -6.215474800000000e+07   3.588e+08   1.000e+00
    108  120261.957     119       0  -6.215479200000000e+07   5.437e+08   1.000e+00
    109  121277.038     120       0  -6.215483600000000e+07   4.240e+08   1.000e+00
    110  122291.928     121       0  -6.215486000000000e+07   2.806e+08   1.000e+00
    111  123307.422     122       0  -6.215488800000000e+07   2.721e+08   1.000e+00
    112  124331.719     123       0  -6.215491200000000e+07   4.196e+08   1.000e+00
    113  125350.067     124       0  -6.215494400000000e+07   3.026e+08   1.000e+00
    114  126372.208     125       0  -6.215497600000000e+07   2.687e+08   1.000e+00
    115  127388.005     126       0  -6.215500000000000e+07   3.886e+08   1.000e+00
    116  128400.056     127       0  -6.215501600000000e+07   2.651e+08   1.000e+00
    117  129421.333     128       0  -6.215502400000000e+07   2.320e+08   1.000e+00
    118  130446.989     129       0  -6.215505600000000e+07   3.011e+08   1.000e+00
    119  131468.202     130       0  -6.215507600000000e+07   3.851e+08   1.000e+00
    120  132482.962     131       0  -6.215508800000000e+07   2.295e+08   1.000e+00
    121  133499.618     132       0  -6.215510000000000e+07   1.983e+08   1.000e+00
    122  134515.192     133       0  -6.215511200000000e+07   2.153e+08   1.000e+00
    123  135527.259     134       0  -6.215513200000000e+07   2.618e+08   1.000e+00
    124  136542.719     135       0  -6.215515200000000e+07   2.099e+08   1.000e+00
    125  148340.325     147       0  -6.215515200000000e+07   2.103e+08   7.997e-07
# Termination: function reduction test satisfied
# Iter.   Time (ms)    Eval. Reject.       Obj. Func.           Grad.       Step
# ---------------------------------------------------------------------------------
      0     981.078       1       0  -5.587748000000000e+07   1.121e+10   0.000e+00
      1    9817.419      10       0  -5.588498800000000e+07   3.679e+10   1.277e-15
      2   10820.159      11       0  -5.598280800000000e+07   1.496e+10   1.000e+00
      3   11831.633      12       0  -5.601248400000000e+07   1.119e+10   1.000e+00
      4   12853.006      13       0  -5.605678000000000e+07   1.131e+10   1.000e+00
      5   13863.642      14       0  -5.611203200000000e+07   1.922e+10   1.000e+00
      6   14890.036      15       0  -5.613754000000000e+07   2.499e+10   1.000e+00
      7   15901.669      16       0  -5.616461200000000e+07   1.212e+10   1.000e+00
      8   16911.221      17       0  -5.617585600000000e+07   1.050e+10   1.000e+00
      9   17935.566      18       0  -5.618815200000000e+07   6.769e+09   1.000e+00
     10   18961.288      19       0  -5.620592400000000e+07   5.917e+09   1.000e+00
     11   19972.520      20       0  -5.621147200000000e+07   1.319e+10   1.000e+00
     12   20994.945      21       0  -5.621792800000000e+07   5.754e+09   1.000e+00
     13   22007.172      22       0  -5.622220800000000e+07   3.913e+09   1.000e+00
     14   23018.374      23       0  -5.622566000000000e+07   3.991e+09   1.000e+00
     15   24040.816      24       0  -5.623053600000000e+07   1.048e+10   1.000e+00
     16   25064.948      25       0  -5.623552400000000e+07   3.291e+09   1.000e+00
     17   26089.847      26       0  -5.623667600000000e+07   2.702e+09   1.000e+00
     18   27114.231      27       0  -5.623950000000000e+07   2.744e+09   1.000e+00
     19   28125.902      28       0  -5.624149600000000e+07   9.739e+09   1.000e+00
     20   29135.557      29       0  -5.624394400000000e+07   2.809e+09   1.000e+00
     21   30146.779      30       0  -5.624494000000000e+07   1.874e+09   1.000e+00
     22   31168.015      31       0  -5.624658800000000e+07   2.355e+09   1.000e+00
     23   32200.519      32       0  -5.624881200000000e+07   2.665e+09   1.000e+00
     24   33233.499      33       0  -5.625037600000000e+07   8.261e+09   1.000e+00
     25   34266.491      34       0  -5.625233600000000e+07   1.948e+09   1.000e+00
     26   35294.450      35       0  -5.625282000000000e+07   1.678e+09   1.000e+00
     27   36328.603      36       0  -5.625434000000000e+07   2.093e+09   1.000e+00
     28   37360.215      37       0  -5.625586000000000e+07   5.580e+09   1.000e+00
     29   38393.324      38       0  -5.625698800000000e+07   1.882e+09   1.000e+00
     30   39425.431      39       0  -5.625758400000000e+07   1.337e+09   1.000e+00
     31   40458.892      40       0  -5.625828800000000e+07   1.677e+09   1.000e+00
     32   41491.883      41       0  -5.625961600000000e+07   2.019e+09   1.000e+00
     33   42523.963      42       0  -5.626122000000000e+07   4.769e+09   1.000e+00
     34   43558.153      43       0  -5.626224400000000e+07   1.442e+09   1.000e+00
     35   44594.294      44       0  -5.626246400000000e+07   1.106e+09   1.000e+00
     36   45624.775      45       0  -5.626297600000000e+07   1.356e+09   1.000e+00
     37   46660.585      46       0  -5.626366800000000e+07   3.948e+09   1.000e+00
     38   47695.266      47       0  -5.626418400000000e+07   1.684e+09   1.000e+00
     39   48715.382      48       0  -5.626470400000000e+07   1.066e+09   1.000e+00
     40   49750.766      49       0  -5.626512800000000e+07   1.210e+09   1.000e+00
     41   50781.917      50       0  -5.626586400000000e+07   1.586e+09   1.000e+00
     42   51803.635      51       0  -5.626644400000000e+07   3.394e+09   1.000e+00
     43   52835.447      52       0  -5.626672800000000e+07   1.007e+09   1.000e+00
     44   53870.416      53       0  -5.626682400000000e+07   8.327e+08   1.000e+00
     45   54899.759      54       0  -5.626718000000000e+07   1.082e+09   1.000e+00
     46   55931.294      55       0  -5.626765600000000e+07   1.646e+09   1.000e+00
     47   56966.500      56       0  -5.626812800000000e+07   1.086e+09   1.000e+00
     48   58001.768      57       0  -5.626828800000000e+07   7.128e+08   1.000e+00
     49   59034.233      58       0  -5.626856400000000e+07   7.979e+08   1.000e+00
     50   60064.524      59       0  -5.626884800000000e+07   1.244e+09   1.000e+00
     51   61094.729      60       0  -5.626908400000000e+07   7.543e+08   1.000e+00
     52   62123.212      61       0  -5.626935200000000e+07   6.945e+08   1.000e+00
     53   63157.980      62       0  -5.626958800000000e+07   1.243e+09   1.000e+00
     54   64193.392      63       0  -5.626976000000000e+07   6.889e+08   1.000e+00
     55   65227.278      64       0  -5.626993600000000e+07   6.066e+08   1.000e+00
     56   66273.099      65       0  -5.627012800000000e+07   6.988e+08   1.000e+00
     57   67306.292      66       0  -5.627044800000000e+07   1.468e+09   1.000e+00
     58   68336.654      67       0  -5.627060800000000e+07   5.790e+08   1.000e+00
     59   69369.716      68       0  -5.627070400000000e+07   5.153e+08   1.000e+00
     60   70399.010      69       0  -5.627087600000000e+07   5.893e+08   1.000e+00
     61   71430.210      70       0  -5.627118000000000e+07   1.399e+09   1.000e+00
     62   72462.310      71       0  -5.627137600000000e+07   5.939e+08   1.000e+00
     63   73492.599      72       0  -5.627150400000000e+07   4.453e+08   1.000e+00
     64   74524.820      73       0  -5.627164800000000e+07   5.134e+08   1.000e+00
     65   75558.407      74       0  -5.627193200000000e+07   8.133e+08   1.000e+00
     66   76589.761      75       0  -5.627226400000000e+07   7.592e+08   1.000e+00
     67   77623.650      76       0  -5.627236400000000e+07   4.649e+08   1.000e+00
     68   78643.791      77       0  -5.627252400000000e+07   5.053e+08   1.000e+00
     69   79676.922      78       0  -5.627271600000000e+07   7.827e+08   1.000e+00
     70   80709.599      79       0  -5.627290800000000e+07   5.126e+08   1.000e+00
     71   81742.123      80       0  -5.627314800000000e+07   4.757e+08   1.000e+00
     72   82773.025      81       0  -5.627337600000000e+07   8.228e+08   1.000e+00
     73   83785.605      82       0  -5.627348800000000e+07   4.799e+08   1.000e+00
     74   84801.552      83       0  -5.627362400000000e+07   4.218e+08   1.000e+00
     75   85827.834      84       0  -5.627376800000000e+07   4.914e+08   1.000e+00
     76   86855.600      85       0  -5.627406400000000e+07   9.878e+08   1.000e+00
     77   87884.266      86       0  -5.627416400000000e+07   4.300e+08   1.000e+00
     78   88919.461      87       0  -5.627422400000000e+07   3.761e+08   1.000e+00
     79   89954.041      88       0  -5.627435200000000e+07   4.221e+08   1.000e+00
     80   90999.905      89       0  -5.627458000000000e+07   1.158e+09   1.000e+00
     81   92051.677      90       0  -5.627465200000000e+07   4.525e+08   1.000e+00
     82   93103.669      91       0  -5.627472800000000e+07   3.219e+08   1.000e+00
     83   94155.516      92       0  -5.627485600000000e+07   3.899e+08   1.000e+00
     84   95210.152      93       0  -5.627504000000000e+07   5.133e+08   1.000e+00
     85   96278.393      94       0  -5.627531600000000e+07   9.597e+08   1.000e+00
     86   98305.427      96       0  -5.627532000000000e+07   6.084e+08   4.646e-01
     87  100293.450      98       0  -5.627533200000000e+07   3.456e+08   5.000e-01
     88  101299.894      99       0  -5.627535200000000e+07   3.558e+08   1.000e+00
     89  102308.500     100       0  -5.627540000000000e+07   4.319e+08   1.000e+00
     90  103314.692     101       0  -5.627558000000000e+07   5.161e+08   1.000e+00
     91  104321.192     102       0  -5.627571600000000e+07   1.588e+09   1.000e+00
     92  105327.090     103       0  -5.627576400000000e+07   3.683e+08   1.000e+00
     93  106333.955     104       0  -5.627578400000000e+07   2.420e+08   1.000e+00
     94  107340.567     105       0  -5.627585600000000e+07   2.676e+08   1.000e+00
     95  108347.503     106       0  -5.627593600000000e+07   3.075e+08   1.000e+00
     96  109354.294     107       0  -5.627608000000000e+07   7.026e+08   1.000e+00
     97  110361.512     108       0  -5.627610400000000e+07   2.360e+08   1.000e+00
     98  111368.287     109       0  -5.627610800000000e+07   2.171e+08   1.000e+00
     99  112376.834     110       0  -5.627615200000000e+07   2.885e+08   1.000e+00
    100  113390.384     111       0  -5.627622800000000e+07   6.550e+08   1.000e+00
    101  114406.567     112       0  -5.627624000000000e+07   2.324e+08   1.000e+00
    102  115419.916     113       0  -5.627626800000000e+07   1.727e+08   1.000e+00
    103  116434.458     114       0  -5.627631200000000e+07   1.988e+08   1.000e+00
    104  117448.518     115       0  -5.627636800000000e+07   2.706e+08   1.000e+00
    105  118462.794     116       0  -5.627643600000000e+07   3.258e+08   1.000e+00
    106  119479.396     117       0  -5.627644000000000e+07   1.608e+08   1.000e+00
    107  135215.401     133       0  -5.627644000000000e+07   1.623e+08   4.876e-06
# Termination: function reduction test satisfied
# Iter.   Time (ms)    Eval. Reject.       Obj. Func.           Grad.       Step
# ---------------------------------------------------------------------------------
      0     981.131       1       0  -6.237991600000000e+07   1.121e+10   0.000e+00
      1   11782.937      12       0  -6.242588400000000e+07   2.087e+10   6.358e-16
      2   12785.495      13       0  -6.246305200000000e+07   1.202e+10   1.000e+00
      3   13789.826      14       0  -6.249815600000000e+07   1.199e+10   1.000e+00
      4   14795.058      15       0  -6.255598400000000e+07   1.622e+10   1.000e+00
      5   15800.813      16       0  -6.259291200000000e+07   2.324e+10   1.000e+00
      6   16807.368      17       0  -6.262561200000000e+07   1.086e+10   1.000e+00
      7   17814.982      18       0  -6.264096000000000e+07   8.424e+09   1.000e+00
      8   18823.180      19       0  -6.265616400000000e+07   8.605e+09   1.000e+00
      9   19834.416      20       0  -6.267275200000000e+07   1.133e+10   1.000e+00
     10   20859.168      21       0  -6.268120400000000e+07   7.386e+09   1.000e+00
     11   21876.024      22       0  -6.268512000000000e+07   5.614e+09   1.000e+00
     12   22891.209      23       0  -6.269253200000000e+07   4.696e+09   1.000e+00
     13   23906.632      24       0  -6.269913600000000e+07   6.917e+09   1.000e+00
     14   24922.402      25       0  -6.270330400000000e+07   4.102e+09   1.000e+00
     15   25934.592      26       0  -6.270521200000000e+07   3.139e+09   1.000e+00
     16   26949.320      27       0  -6.270817600000000e+07   3.032e+09   1.000e+00
     17   27963.543      28       0  -6.271103600000000e+07   3.855e+09   1.000e+00
     18   28980.697      29       0  -6.271309600000000e+07   3.087e+09   1.000e+00
     19   29997.433      30       0  -6.271433200000000e+07   2.380e+09   1.000e+00
     20   31010.098      31       0  -6.271600800000000e+07   2.403e+09   1.000e+00
     21   32025.714      32       0  -6.271784000000000e+07   2.640e+09   1.000e+00
     22   33039.308      33       0  -6.271971200000000e+07   2.412e+09   1.000e+00
     23   34052.863      34       0  -6.272129600000000e+07   2.211e+09   1.000e+00
     24   35066.954      35       0  -6.272262400000000e+07   2.195e+09   1.000e+00
     25   36082.104      36       0  -6.272400400000000e+07   2.102e+09   1.000e+00
     26   37093.410      37       0  -6.272530800000000e+07   2.096e+09   1.000e+00
     27   38107.218      38       0  -6.272636000000000e+07   2.037e+09   1.000e+00
     28   39122.001      39       0  -6.272727600000000e+07   1.946e+09   1.000e+00
     29   40135.148      40       0  -6.272819600000000e+07   1.926e+09   1.000e+00
     30   41149.468      41       0  -6.272910000000000e+07   1.967e+09   1.000e+00
     31   42163.206      42       0  -6.272999200000000e+07   1.890e+09   1.000e+00
     32   43178.429      43       0  -6.273076800000000e+07   1.809e+09   1.000e+00
     33   44193.759      44       0  -6.273138800000000e+07   1.761e+09   1.000e+00
     34   45206.166      45       0  -6.273193200000000e+07   1.728e+09   1.000e+00
     35   46212.641      46       0  -6.273243600000000e+07   1.742e+09   1.000e+00
     36   47220.224      47       0  -6.273291200000000e+07   1.711e+09   1.000e+00
     37   48227.494      48       0  -6.273340800000000e+07   1.667e+09   1.000e+00
     38   49235.456      49       0  -6.273385600000000e+07   1.656e+09   1.000e+00
     39   50243.624      50       0  -6.273422400000000e+07   1.601e+09   1.000e+00
     40   51250.653      51       0  -6.273454000000000e+07   1.574e+09   1.000e+00
     41   52258.250      52       0  -6.273482800000000e+07   1.564e+09   1.000e+00
     42   53265.157      53       0  -6.273506800000000e+07   1.563e+09   1.000e+00
     43   54272.918      54       0  -6.273533200000000e+07   1.548e+09   1.000e+00
     44   55281.007      55       0  -6.273559600000000e+07   1.561e+09   1.000e+00
     45   56288.571      56       0  -6.273584800000000e+07   1.564e+09   1.000e+00
     46   57297.027      57       0  -6.273608000000000e+07   1.491e+09   1.000e+00
     47   58303.997      58       0  -6.273628400000000e+07   1.464e+09   1.000e+00
     48   59312.659      59       0  -6.273646000000000e+07   1.494e+09   1.000e+00
     49   60326.148      60       0  -6.273662000000000e+07   1.485e+09   1.000e+00
     50   61334.418      61       0  -6.273679600000000e+07   1.505e+09   1.000e+00
     51   62341.727      62       0  -6.273697600000000e+07   1.518e+09   1.000e+00
     52   63349.693      63       0  -6.273714400000000e+07   1.487e+09   1.000e+00
     53   64360.214      64       0  -6.273732400000000e+07   1.461e+09   1.000e+00
     54   65369.740      65       0  -6.273750000000000e+07   1.479e+09   1.000e+00
     55   66382.501      66       0  -6.273766000000000e+07   1.461e+09   1.000e+00
     56   67397.912      67       0  -6.273778000000000e+07   1.432e+09   1.000e+00
     57   68405.754      68       0  -6.273789600000000e+07   1.443e+09   1.000e+00
     58   69414.852      69       0  -6.273802000000000e+07   1.503e+09   1.000e+00
     59   70427.740      70       0  -6.273814800000000e+07   1.516e+09   1.000e+00
     60   71434.085      71       0  -6.273830000000000e+07   1.489e+09   1.000e+00
     61   72441.404      72       0  -6.273844400000000e+07   1.461e+09   1.000e+00
     62   73447.274      73       0  -6.273857600000000e+07   1.417e+09   1.000e+00
     63   74454.336      74       0  -6.273866800000000e+07   1.373e+09   1.000e+00
     64   75462.686      75       0  -6.273875600000000e+07   1.398e+09   1.000e+00
     65   76469.313      76       0  -6.273884400000000e+07   1.446e+09   1.000e+00
     66   77476.451      77       0  -6.273891600000000e+07   1.437e+09   1.000e+00
     67   78484.452      78       0  -6.273900800000000e+07   1.412e+09   1.000e+00
     68   79491.648      79       0  -6.273909600000000e+07   1.405e+09   1.000e+00
     69   80500.248      80       0  -6.273918400000000e+07   1.383e+09   1.000e+00
     70   81519.578      81       0  -6.273929200000000e+07   1.381e+09   1.000e+00
     71   82526.945      82       0  -6.273936800000000e+07   1.354e+09   1.000e+00
     72   83533.853      83       0  -6.273942000000000e+07   1.326e+09   1.000e+00
     73   84540.853      84       0  -6.273948000000000e+07   1.336e+09   1.000e+00
     74   85547.845      85       0  -6.273954800000000e+07   1.382e+09   1.000e+00
     75   86555.123      86       0  -6.273962800000000e+07   1.411e+09   1.000e+00
     76   87562.261      87       0  -6.273968800000000e+07   1.355e+09   1.000e+00
     77   88569.476      88       0  -6.273976400000000e+07   1.338e+09   1.000e+00
     78   89575.828      89       0  -6.273986800000000e+07   1.365e+09   1.000e+00
     79   90582.885      90       0  -6.273997200000000e+07   1.391e+09   1.000e+00
     80   91596.984      91       0  -6.274002000000000e+07   1.305e+09   1.000e+00
     81   92603.557      92       0  -6.274006800000000e+07   1.306e+09   1.000e+00
     82   93610.158      93       0  -6.274013600000000e+07   1.382e+09   1.000e+00
     83   94617.356      94       0  -6.274022400000000e+07   1.486e+09   1.000e+00
     84   95623.955      95       0  -6.274029200000000e+07   1.427e+09   1.000e+00
     85   96631.733      96       0  -6.274037200000000e+07   1.330e+09   1.000e+00
     86   97638.586      97       0  -6.274045200000000e+07   1.387e+09   1.000e+00
     87   98645.105      98       0  -6.274054400000000e+07   1.480e+09   1.000e+00
     88   99651.557      99       0  -6.274063200000000e+07   1.469e+09   1.000e+00
     89  100658.244     100       0  -6.274073200000000e+07   1.383e+09   1.000e+00
     90  101674.551     101       0  -6.274082000000000e+07   1.383e+09   1.000e+00
     91  102687.154     102       0  -6.274088400000000e+07   1.381e+09   1.000e+00
     92  103701.642     103       0  -6.274097200000000e+07   1.349e+09   1.000e+00
     93  104708.443     104       0  -6.274106800000000e+07   1.391e+09   1.000e+00
     94  105715.165     105       0  -6.274112400000000e+07   1.349e+09   1.000e+00
     95  106723.139     106       0  -6.274116400000000e+07   1.264e+09   1.000e+00
     96  107729.390     107       0  -6.274122400000000e+07   1.311e+09   1.000e+00
     97  108735.992     108       0  -6.274130800000000e+07   1.434e+09   1.000e+00
     98  109742.861     109       0  -6.274139200000000e+07   1.448e+09   1.000e+00
     99  110754.770     110       0  -6.274145200000000e+07   1.271e+09   1.000e+00
    100  111762.757     111       0  -6.274151600000000e+07   1.305e+09   1.000e+00
    101  112770.846     112       0  -6.274161200000000e+07   1.424e+09   1.000e+00
    102  113777.657     113       0  -6.274168800000000e+07   1.469e+09   1.000e+00
    103  114784.250     114       0  -6.274174400000000e+07   1.327e+09   1.000e+00
    104  115791.993     115       0  -6.274178800000000e+07   1.293e+09   1.000e+00
    105  116798.655     116       0  -6.274187600000000e+07   1.384e+09   1.000e+00
    106  117805.827     117       0  -6.274195600000000e+07   1.466e+09   1.000e+00
    107  118813.463     118       0  -6.274200000000000e+07   1.376e+09   1.000e+00
    108  119820.455     119       0  -6.274205200000000e+07   1.282e+09   1.000e+00
    109  120828.440     120       0  -6.274211200000000e+07   1.394e+09   1.000e+00
    110  121841.801     121       0  -6.274218400000000e+07   1.441e+09   1.000e+00
    111  122858.317     122       0  -6.274224400000000e+07   1.361e+09   1.000e+00
    112  123870.323     123       0  -6.274230000000000e+07   1.303e+09   1.000e+00
    113  124876.633     124       0  -6.274236800000000e+07   1.341e+09   1.000e+00
    114  125883.073     125       0  -6.274244000000000e+07   1.352e+09   1.000e+00
    115  126890.081     126       0  -6.274248800000000e+07   1.325e+09   1.000e+00
    116  127897.852     127       0  -6.274254000000000e+07   1.302e+09   1.000e+00
    117  128905.179     128       0  -6.274259600000000e+07   1.332e+09   1.000e+00
    118  129912.143     129       0  -6.274265600000000e+07   1.336e+09   1.000e+00
    119  130920.564     130       0  -6.274270800000000e+07   1.293e+09   1.000e+00
    120  131927.162     131       0  -6.274275200000000e+07   1.292e+09   1.000e+00
    121  132934.378     132       0  -6.274281600000000e+07   1.304e+09   1.000e+00
    122  133942.814     133       0  -6.274289200000000e+07   1.375e+09   1.000e+00
    123  134960.009     134       0  -6.274292400000000e+07   1.289e+09   1.000e+00
    124  135974.656     135       0  -6.274294000000000e+07   1.256e+09   1.000e+00
    125  136989.991     136       0  -6.274299200000000e+07   1.311e+09   1.000e+00
    126  138006.702     137       0  -6.274307200000000e+07   1.435e+09   1.000e+00
    127  139020.297     138       0  -6.274310800000000e+07   1.373e+09   1.000e+00
    128  140034.380     139       0  -6.274312000000000e+07   1.181e+09   1.000e+00
    129  141057.386     140       0  -6.274315600000000e+07   1.279e+09   1.000e+00
    130  142073.903     141       0  -6.274323200000000e+07   1.411e+09   1.000e+00
    131  143088.131     142       0  -6.274332000000000e+07   1.512e+09   1.000e+00
    132  144103.536     143       0  -6.274338400000000e+07   1.300e+09   1.000e+00
    133  145128.120     144       0  -6.274340800000000e+07   1.248e+09   1.000e+00
    134  146153.293     145       0  -6.274346000000000e+07   1.309e+09   1.000e+00
    135  147176.643     146       0  -6.274354000000000e+07   1.432e+09   1.000e+00
    136  148201.250     147       0  -6.274358400000000e+07   1.413e+09   1.000e+00
    137  149224.290     148       0  -6.274360800000000e+07   1.214e+09   1.000e+00
    138  150249.747     149       0  -6.274364000000000e+07   1.314e+09   1.000e+00
    139  151272.284     150       0  -6.274368800000000e+07   1.343e+09   1.000e+00
    140  152283.373     151       0  -6.274372800000000e+07   1.391e+09   1.000e+00
    141  153294.676     152       0  -6.274377600000000e+07   1.255e+09   1.000e+00
    142  154322.408     153       0  -6.274380400000000e+07   1.247e+09   1.000e+00
    143  155352.098     154       0  -6.274384800000000e+07   1.287e+09   1.000e+00
    144  156381.911     155       0  -6.274388400000000e+07   1.333e+09   1.000e+00
    145  157405.584     156       0  -6.274390400000000e+07   1.250e+09   1.000e+00
    146  158417.920     157       0  -6.274391600000000e+07   1.222e+09   1.000e+00
    147  159427.332     158       0  -6.274394800000000e+07   1.292e+09   1.000e+00
    148  160462.355     159       0  -6.274398400000000e+07   1.358e+09   1.000e+00
    149  161474.725     160       0  -6.274399600000000e+07   1.241e+09   1.000e+00
    150  162510.464     161       0  -6.274400800000000e+07   1.149e+09   1.000e+00
    151  163545.810     162       0  -6.274401600000000e+07   1.213e+09   1.000e+00
    152  164576.952     163       0  -6.274405600000000e+07   1.307e+09   1.000e+00
    153  165609.805     164       0  -6.274410800000000e+07   1.501e+09   1.000e+00
    154  166640.660     165       0  -6.274414800000000e+07   1.240e+09   1.000e+00
    155  170615.377     169       0  -6.274415200000000e+07   1.322e+09   1.250e-01
    156  171628.077     170       0  -6.274417200000000e+07   1.171e+09   1.000e+00
    157  172635.136     171       0  -6.274421200000000e+07   1.455e+09   1.000e+00
    158  194253.760     193       0  -6.274421200000000e+07   1.457e+09   2.310e-07
# Termination: function reduction test satisfied
# Iter.   Time (ms)    Eval. Reject.       Obj. Func.           Grad.       Step
# ---------------------------------------------------------------------------------
      0     981.147       1       0  -6.237932800000000e+07   1.121e+10   0.000e+00
      1   11781.226      12       0  -6.242529200000000e+07   2.087e+10   6.358e-16
      2   12791.604      13       0  -6.246246400000000e+07   1.202e+10   1.000e+00
      3   13802.351      14       0  -6.249757200000000e+07   1.200e+10   1.000e+00
      4   14814.524      15       0  -6.255540000000000e+07   1.622e+10   1.000e+00
      5   15826.622      16       0  -6.259232400000000e+07   2.324e+10   1.000e+00
      6   16833.716      17       0  -6.262502000000000e+07   1.086e+10   1.000e+00
      7   17840.395      18       0  -6.264037200000000e+07   8.424e+09   1.000e+00
      8   18847.353      19       0  -6.265557600000000e+07   8.605e+09   1.000e+00
      9   19862.540      20       0  -6.267216400000000e+07   1.133e+10   1.000e+00
     10   20874.777      21       0  -6.268062000000000e+07   7.389e+09   1.000e+00
     11   21890.747      22       0  -6.268453200000000e+07   5.615e+09   1.000e+00
     12   22910.497      23       0  -6.269194000000000e+07   4.695e+09   1.000e+00
     13   23933.187      24       0  -6.269854800000000e+07   6.912e+09   1.000e+00
     14   24957.296      25       0  -6.270271600000000e+07   4.102e+09   1.000e+00
     15   25967.654      26       0  -6.270462400000000e+07   3.140e+09   1.000e+00
     16   26979.260      27       0  -6.270758800000000e+07   3.031e+09   1.000e+00
     17   28014.682      28       0  -6.271044800000000e+07   3.855e+09   1.000e+00
     18   29031.760      29       0  -6.271250800000000e+07   3.084e+09   1.000e+00
     19   30052.134      30       0  -6.271374400000000e+07   2.381e+09   1.000e+00
     20   31083.262      31       0  -6.271542000000000e+07   2.404e+09   1.000e+00
     21   32111.345      32       0  -6.271725200000000e+07   2.639e+09   1.000e+00
     22   33127.280      33       0  -6.271912000000000e+07   2.412e+09   1.000e+00
     23   34148.408      34       0  -6.272070800000000e+07   2.212e+09   1.000e+00
     24   35167.432      35       0  -6.272203200000000e+07   2.197e+09   1.000e+00
     25   36187.400      36       0  -6.272341600000000e+07   2.103e+09   1.000e+00
     26   37224.746      37       0  -6.272471200000000e+07   2.099e+09   1.000e+00
     27   38242.514      38       0  -6.272576800000000e+07   2.038e+09   1.000e+00
     28   39258.906      39       0  -6.272668400000000e+07   1.950e+09   1.000e+00
     29   40281.122      40       0  -6.272760000000000e+07   1.931e+09   1.000e+00
     30   41313.743      41       0  -6.272849600000000e+07   1.966e+09   1.000e+00
     31   42343.111      42       0  -6.272938000000000e+07   1.891e+09   1.000e+00
     32   43378.328      43       0  -6.273016400000000e+07   1.803e+09   1.000e+00
     33   44406.514      44       0  -6.273078400000000e+07   1.758e+09   1.000e+00
     34   45437.047      45       0  -6.273132800000000e+07   1.731e+09   1.000e+00
     35   46470.051      46       0  -6.273184400000000e+07   1.745e+09   1.000e+00
     36   47497.914      47       0  -6.273231200000000e+07   1.714e+09   1.000e+00
     37   48529.946      48       0  -6.273280400000000e+07   1.666e+09   1.000e+00
     38   49560.705      49       0  -6.273326000000000e+07   1.660e+09   1.000e+00
     39   50591.406      50       0  -6.273362800000000e+07   1.611e+09   1.000e+00
     40   51615.489      51       0  -6.273393600000000e+07   1.569e+09   1.000e+00
     41   52640.966      52       0  -6.273423600000000e+07   1.564e+09   1.000e+00
     42   53664.725      53       0  -6.273448000000000e+07   1.572e+09   1.000e+00
     43   54688.409      54       0  -6.273473600000000e+07   1.544e+09   1.000e+00
     44   55721.923      55       0  -6.273501600000000e+07   1.549e+09   1.000e+00
     45   56754.246      56       0  -6.273525600000000e+07   1.560e+09   1.000e+00
     46   57782.509      57       0  -6.273547200000000e+07   1.472e+09   1.000e+00
     47   58806.509      58       0  -6.273568800000000e+07   1.470e+09   1.000e+00
     48   59830.993      59       0  -6.273586800000000e+07   1.519e+09   1.000e+00
     49   60866.297      60       0  -6.273603200000000e+07   1.479e+09   1.000e+00
     50   61902.256      61       0  -6.273620000000000e+07   1.496e+09   1.000e+00
     51   62933.141      62       0  -6.273638400000000e+07   1.518e+09   1.000e+00
     52   63966.330      63       0  -6.273656400000000e+07   1.504e+09   1.000e+00
     53   64995.961      64       0  -6.273673600000000e+07   1.459e+09   1.000e+00
     54   66028.188      65       0  -6.273690000000000e+07   1.483e+09   1.000e+00
     55   67053.466      66       0  -6.273704000000000e+07   1.455e+09   1.000e+00
     56   68078.151      67       0  -6.273716000000000e+07   1.448e+09   1.000e+00
     57   69099.688      68       0  -6.273728800000000e+07   1.487e+09   1.000e+00
     58   70124.228      69       0  -6.273742800000000e+07   1.524e+09   1.000e+00
     59   71159.374      70       0  -6.273756400000000e+07   1.513e+09   1.000e+00
     60   72194.898      71       0  -6.273772000000000e+07   1.466e+09   1.000e+00
     61   73223.221      72       0  -6.273785200000000e+07   1.457e+09   1.000e+00
     62   74246.720      73       0  -6.273796800000000e+07   1.428e+09   1.000e+00
     63   75269.699      74       0  -6.273806000000000e+07   1.389e+09   1.000e+00
     64   76291.879      75       0  -6.273814400000000e+07   1.404e+09   1.000e+00
     65   77325.925      76       0  -6.273821600000000e+07   1.447e+09   1.000e+00
     66   78350.488      77       0  -6.273830400000000e+07   1.453e+09   1.000e+00
     67   79375.864      78       0  -6.273839600000000e+07   1.441e+09   1.000e+00
     68   80404.794      79       0  -6.273849600000000e+07   1.407e+09   1.000e+00
     69   81432.642      80       0  -6.273857600000000e+07   1.356e+09   1.000e+00
     70   82460.658      81       0  -6.273866000000000e+07   1.345e+09   1.000e+00
     71   83488.294      82       0  -6.273872800000000e+07   1.384e+09   1.000e+00
     72   84516.339      83       0  -6.273878400000000e+07   1.391e+09   1.000e+00
     73   85544.564      84       0  -6.273884400000000e+07   1.361e+09   1.000e+00
     74   86573.724      85       0  -6.273890800000000e+07   1.360e+09   1.000e+00
     75   87611.653      86       0  -6.273898800000000e+07   1.388e+09   1.000e+00
     76   88654.653      87       0  -6.273906400000000e+07   1.383e+09   1.000e+00
     77   89699.306      88       0  -6.273914000000000e+07   1.327e+09   1.000e+00
     78   90743.137      89       0  -6.273920800000000e+07   1.324e+09   1.000e+00
     79   91772.705      90       0  -6.273927200000000e+07   1.351e+09   1.000e+00
     80   92800.497      91       0  -6.273932800000000e+07   1.368e+09   1.000e+00
     81   93828.059      92       0  -6.273938000000000e+07   1.357e+09   1.000e+00
     82   94857.858      93       0  -6.273944000000000e+07   1.361e+09   1.000e+00
     83   95889.078      94       0  -6.273951200000000e+07   1.384e+09   1.000e+00
     84   96911.484      95       0  -6.273959200000000e+07   1.387e+09   1.000e+00
     85   97939.698      96       0  -6.273966400000000e+07   1.321e+09   1.000e+00
     86   98968.550      97       0  -6.273971600000000e+07   1.296e+09   1.000e+00
     87   99996.807      98       0  -6.273978000000000e+07   1.337e+09   1.000e+00
     88  101024.480      99       0  -6.273983600000000e+07   1.370e+09   1.000e+00
     89  102052.668     100       0  -6.273989600000000e+07   1.360e+09   1.000e+00
     90  103081.714     101       0  -6.273994800000000e+07   1.338e+09   1.000e+00
     91  104113.032     102       0  -6.274000400000000e+07   1.348e+09   1.000e+00
     92  105156.853     103       0  -6.274006400000000e+07   1.378e+09   1.000e+00
     93  106183.727     104       0  -6.274013600000000e+07   1.355e+09   1.000e+00
     94  107212.609     105       0  -6.274021600000000e+07   1.326e+09   1.000e+00
     95  108240.444     106       0  -6.274029600000000e+07   1.328e+09   1.000e+00
     96  109268.313     107       0  -6.274035600000000e+07   1.348e+09   1.000e+00
     97  110296.814     108       0  -6.274042400000000e+07   1.338e+09   1.000e+00
     98  111325.778     109       0  -6.274049200000000e+07   1.331e+09   1.000e+00
     99  112355.038     110       0  -6.274055600000000e+07   1.377e+09   1.000e+00
    100  113385.378     111       0  -6.274062400000000e+07   1.378e+09   1.000e+00
    101  114413.151     112       0  -6.274069200000000e+07   1.311e+09   1.000e+00
    102  115437.401     113       0  -6.274076800000000e+07   1.325e+09   1.000e+00
    103  116460.767     114       0  -6.274088000000000e+07   1.356e+09   1.000e+00
    104  117489.382     115       0  -6.274098400000000e+07   1.384e+09   1.000e+00
    105  118520.365     116       0  -6.274102800000000e+07   1.288e+09   1.000e+00
    106  119550.125     117       0  -6.274106000000000e+07   1.280e+09   1.000e+00
    107  120581.168     118       0  -6.274113600000000e+07   1.354e+09   1.000e+00
    108  121608.431     119       0  -6.274123600000000e+07   1.488e+09   1.000e+00
    109  122651.144     120       0  -6.274129200000000e+07   1.340e+09   1.000e+00
    110  123680.488     121       0  -6.274132400000000e+07   1.242e+09   1.000e+00
    111  124708.720     122       0  -6.274138000000000e+07   1.338e+09   1.000e+00
    112  125737.004     123       0  -6.274149200000000e+07   1.491e+09   1.000e+00
    113  126772.755     124       0  -6.274158400000000e+07   1.532e+09   1.000e+00
    114  127812.932     125       0  -6.274164400000000e+07   1.285e+09   1.000e+00
    115  128855.227     126       0  -6.274172000000000e+07   1.324e+09   1.000e+00
    116  129899.157     127       0  -6.274181200000000e+07   1.425e+09   1.000e+00
    117  130936.431     128       0  -6.274190400000000e+07   1.477e+09   1.000e+00
    118  131975.291     129       0  -6.274198000000000e+07   1.357e+09   1.000e+00
    119  132998.940     130       0  -6.274204000000000e+07   1.329e+09   1.000e+00
    120  134027.493     131       0  -6.274210800000000e+07   1.382e+09   1.000e+00
    121  135056.478     132       0  -6.274218400000000e+07   1.389e+09   1.000e+00
    122  136098.860     133       0  -6.274224800000000e+07   1.383e+09   1.000e+00
    123  137134.417     134       0  -6.274232000000000e+07   1.323e+09   1.000e+00
    124  138178.168     135       0  -6.274238000000000e+07   1.351e+09   1.000e+00
    125  139217.689     136       0  -6.274244000000000e+07   1.339e+09   1.000e+00
    126  140255.762     137       0  -6.274250400000000e+07   1.333e+09   1.000e+00
    127  141299.565     138       0  -6.274256000000000e+07   1.313e+09   1.000e+00
    128  142326.665     139       0  -6.274260800000000e+07   1.299e+09   1.000e+00
    129  143354.329     140       0  -6.274264400000000e+07   1.322e+09   1.000e+00
    130  144393.566     141       0  -6.274270000000000e+07   1.314e+09   1.000e+00
    131  145434.540     142       0  -6.274275200000000e+07   1.322e+09   1.000e+00
    132  146479.438     143       0  -6.274279200000000e+07   1.301e+09   1.000e+00
    133  147508.874     144       0  -6.274283200000000e+07   1.298e+09   1.000e+00
    134  148566.343     145       0  -6.274286800000000e+07   1.281e+09   1.000e+00
    135  149629.859     146       0  -6.274291600000000e+07   1.308e+09   1.000e+00
    136  150698.399     147       0  -6.274296400000000e+07   1.320e+09   1.000e+00
    137  151762.512     148       0  -6.274301200000000e+07   1.294e+09   1.000e+00
    138  152829.280     149       0  -6.274304000000000e+07   1.244e+09   1.000e+00
    139  153898.861     150       0  -6.274307200000000e+07   1.258e+09   1.000e+00
    140  154939.999     151       0  -6.274311200000000e+07   1.312e+09   1.000e+00
    141  155986.282     152       0  -6.274315200000000e+07   1.316e+09   1.000e+00
    142  157029.020     153       0  -6.274317200000000e+07   1.232e+09   1.000e+00
    143  158073.927     154       0  -6.274318800000000e+07   1.241e+09   1.000e+00
    144  159122.521     155       0  -6.274323200000000e+07   1.290e+09   1.000e+00
    145  160169.861     156       0  -6.274326800000000e+07   1.408e+09   1.000e+00
    146  161212.813     157       0  -6.274328000000000e+07   1.246e+09   1.000e+00
    147  172992.245     169       0  -6.274328000000000e+07   1.396e+09   6.364e-07
# Termination: function reduction test satisfied
# Iter.   Time (ms)    Eval. Reject.       Obj. Func.           Grad.       Step
# ---------------------------------------------------------------------------------
      0     974.513       1       0  -6.237347600000000e+07   1.121e+10   0.000e+00
      1   11718.495      12       0  -6.241944800000000e+07   2.084e+10   6.350e-16
      2   12715.281      13       0  -6.245659600000000e+07   1.202e+10   1.000e+00
      3   13722.580      14       0  -6.249175600000000e+07   1.200e+10   1.000e+00
      4   14720.974      15       0  -6.254960000000000e+07   1.623e+10   1.000e+00
      5   15719.661      16       0  -6.258645600000000e+07   2.325e+10   1.000e+00
      6   16721.088      17       0  -6.261914000000000e+07   1.086e+10   1.000e+00
      7   17721.518      18       0  -6.263451600000000e+07   8.430e+09   1.000e+00
      8   18723.031      19       0  -6.264968800000000e+07   8.602e+09   1.000e+00
      9   19724.080      20       0  -6.266629600000000e+07   1.131e+10   1.000e+00
     10   20725.255      21       0  -6.267474800000000e+07   7.404e+09   1.000e+00
     11   21727.346      22       0  -6.267867200000000e+07   5.620e+09   1.000e+00
     12   22729.406      23       0  -6.268608000000000e+07   4.687e+09   1.000e+00
     13   23737.018      24       0  -6.269266800000000e+07   6.892e+09   1.000e+00
     14   24744.033      25       0  -6.269684800000000e+07   4.104e+09   1.000e+00
     15   25751.728      26       0  -6.269876000000000e+07   3.141e+09   1.000e+00
     16   26759.675      27       0  -6.270172800000000e+07   3.032e+09   1.000e+00
     17   27766.816      28       0  -6.270457600000000e+07   3.855e+09   1.000e+00
     18   28772.317      29       0  -6.270662400000000e+07   3.077e+09   1.000e+00
     19   29778.263      30       0  -6.270786800000000e+07   2.382e+09   1.000e+00
     20   30784.686      31       0  -6.270955200000000e+07   2.414e+09   1.000e+00
     21   31790.689      32       0  -6.271137200000000e+07   2.644e+09   1.000e+00
     22   32795.877      33       0  -6.271324000000000e+07   2.392e+09   1.000e+00
     23   33810.901      34       0  -6.271482000000000e+07   2.209e+09   1.000e+00
     24   34816.903      35       0  -6.271616800000000e+07   2.200e+09   1.000e+00
     25   35823.443      36       0  -6.271755600000000e+07   2.114e+09   1.000e+00
     26   36829.421      37       0  -6.271882800000000e+07   2.086e+09   1.000e+00
     27   37835.382      38       0  -6.271986800000000e+07   2.030e+09   1.000e+00
     28   38840.849      39       0  -6.272079200000000e+07   1.957e+09   1.000e+00
     29   39851.310      40       0  -6.272172400000000e+07   1.936e+09   1.000e+00
     30   40859.809      41       0  -6.272262800000000e+07   1.965e+09   1.000e+00
     31   41867.411      42       0  -6.272350400000000e+07   1.891e+09   1.000e+00
     32   42875.344      43       0  -6.272426400000000e+07   1.802e+09   1.000e+00
     33   43879.431      44       0  -6.272489200000000e+07   1.754e+09   1.000e+00
     34   44887.299      45       0  -6.272544400000000e+07   1.742e+09   1.000e+00
     35   45893.253      46       0  -6.272594800000000e+07   1.746e+09   1.000e+00
     36   46900.127      47       0  -6.272642800000000e+07   1.706e+09   1.000e+00
     37   47908.899      48       0  -6.272691200000000e+07   1.674e+09   1.000e+00
     38   48910.138      49       0  -6.272735200000000e+07   1.658e+09   1.000e+00
     39   49910.531      50       0  -6.272773200000000e+07   1.610e+09   1.000e+00
     40   50911.619      51       0  -6.272804800000000e+07   1.587e+09   1.000e+00
     41   51912.786      52       0  -6.272833200000000e+07   1.561e+09   1.000e+00
     42   52913.060      53       0  -6.272859200000000e+07   1.561e+09   1.000e+00
     43   53913.003      54       0  -6.272884400000000e+07   1.559e+09   1.000e+00
     44   54913.197      55       0  -6.272910800000000e+07   1.551e+09   1.000e+00
     45   55913.030      56       0  -6.272936000000000e+07   1.557e+09   1.000e+00
     46   56920.784      57       0  -6.272958400000000e+07   1.488e+09   1.000e+00
     47   57920.441      58       0  -6.272978400000000e+07   1.462e+09   1.000e+00
     48   58920.848      59       0  -6.272996400000000e+07   1.484e+09   1.000e+00
     49   59920.910      60       0  -6.273012000000000e+07   1.487e+09   1.000e+00
     50   60920.980      61       0  -6.273029600000000e+07   1.486e+09   1.000e+00
     51   61920.626      62       0  -6.273048800000000e+07   1.532e+09   1.000e+00
     52   62921.204      63       0  -6.273065600000000e+07   1.499e+09   1.000e+00
     53   63920.983      64       0  -6.273083600000000e+07   1.453e+09   1.000e+00
     54   64920.485      65       0  -6.273102000000000e+07   1.474e+09   1.000e+00
     55   65920.879      66       0  -6.273117200000000e+07   1.450e+09   1.000e+00
     56   66921.512      67       0  -6.273129200000000e+07   1.418e+09   1.000e+00
     57   67925.347      68       0  -6.273141200000000e+07   1.454e+09   1.000e+00
     58   68930.023      69       0  -6.273154000000000e+07   1.519e+09   1.000e+00
     59   69935.517      70       0  -6.273167600000000e+07   1.522e+09   1.000e+00
     60   70940.472      71       0  -6.273183600000000e+07   1.483e+09   1.000e+00
     61   71941.157      72       0  -6.273197600000000e+07   1.442e+09   1.000e+00
     62   72942.793      73       0  -6.273209600000000e+07   1.397e+09   1.000e+00
     63   73947.497      74       0  -6.273218800000000e+07   1.361e+09   1.000e+00
     64   74953.744      75       0  -6.273227600000000e+07   1.419e+09   1.000e+00
     65   75956.430      76       0  -6.273236000000000e+07   1.459e+09   1.000e+00
     66   76960.605      77       0  -6.273244000000000e+07   1.445e+09   1.000e+00
     67   77961.738      78       0  -6.273253200000000e+07   1.411e+09   1.000e+00
     68   78966.549      79       0  -6.273263600000000e+07   1.416e+09   1.000e+00
     69   79967.854      80       0  -6.273274400000000e+07   1.401e+09   1.000e+00
     70   80969.359      81       0  -6.273283200000000e+07   1.348e+09   1.000e+00
     71   81974.297      82       0  -6.273291200000000e+07   1.335e+09   1.000e+00
     72   82980.624      83       0  -6.273297600000000e+07   1.361e+09   1.000e+00
     73   83981.273      84       0  -6.273304400000000e+07   1.377e+09   1.000e+00
     74   84986.547      85       0  -6.273310800000000e+07   1.387e+09   1.000e+00
     75   85991.225      86       0  -6.273318000000000e+07   1.354e+09   1.000e+00
     76   86991.434      87       0  -6.273325600000000e+07   1.347e+09   1.000e+00
     77   87996.810      88       0  -6.273334000000000e+07   1.364e+09   1.000e+00
     78   88998.083      89       0  -6.273344800000000e+07   1.371e+09   1.000e+00
     79   90002.076      90       0  -6.273352000000000e+07   1.323e+09   1.000e+00
     80   91005.789      91       0  -6.273356400000000e+07   1.294e+09   1.000e+00
     81   92006.633      92       0  -6.273362400000000e+07   1.357e+09   1.000e+00
     82   93008.013      93       0  -6.273370400000000e+07   1.414e+09   1.000e+00
     83   94009.580      94       0  -6.273378400000000e+07   1.403e+09   1.000e+00
     84   95011.579      95       0  -6.273383600000000e+07   1.309e+09   1.000e+00
     85   96012.626      96       0  -6.273389600000000e+07   1.308e+09   1.000e+00
     86   97016.631      97       0  -6.273399600000000e+07   1.410e+09   1.000e+00
     87   98017.029      98       0  -6.273411200000000e+07   1.514e+09   1.000e+00
     88   99018.141      99       0  -6.273419200000000e+07   1.366e+09   1.000e+00
     89  100023.504     100       0  -6.273425200000000e+07   1.294e+09   1.000e+00
     90  101029.600     101       0  -6.273434000000000e+07   1.370e+09   1.000e+00
     91  102031.877     102       0  -6.273444000000000e+07   1.444e+09   1.000e+00
     92  103038.031     103       0  -6.273452400000000e+07   1.399e+09   1.000e+00
     93  104044.629     104       0  -6.273459600000000e+07   1.298e+09   1.000e+00
     94  105052.859     105       0  -6.273465200000000e+07   1.331e+09   1.000e+00
     95  106060.168     106       0  -6.273472400000000e+07   1.365e+09   1.000e+00
     96  107068.173     107       0  -6.273479600000000e+07   1.387e+09   1.000e+00
     97  108077.198     108       0  -6.273486400000000e+07   1.361e+09   1.000e+00
     98  109087.627     109       0  -6.273492400000000e+07   1.324e+09   1.000e+00
     99  110096.470     110       0  -6.273499600000000e+07   1.350e+09   1.000e+00
    100  111103.874     111       0  -6.273508000000000e+07   1.373e+09   1.000e+00
    101  112111.361     112       0  -6.273517600000000e+07   1.353e+09   1.000e+00
    102  113112.711     113       0  -6.273522800000000e+07   1.286e+09   1.000e+00
    103  114121.102     114       0  -6.273526400000000e+07   1.285e+09   1.000e+00
    104  115131.969     115       0  -6.273533200000000e+07   1.314e+09   1.000e+00
    105  116140.719     116       0  -6.273540400000000e+07   1.389e+09   1.000e+00
    106  117148.006     117       0  -6.273547200000000e+07   1.376e+09   1.000e+00
    107  118157.426     118       0  -6.273550800000000e+07   1.273e+09   1.000e+00
    108  119167.701     119       0  -6.273556000000000e+07   1.275e+09   1.000e+00
    109  120175.578     120       0  -6.273563600000000e+07   1.370e+09   1.000e+00
    110  121184.481     121       0  -6.273572400000000e+07   1.440e+09   1.000e+00
    111  122190.678     122       0  -6.273577200000000e+07   1.271e+09   1.000e+00
    112  123206.041     123       0  -6.273582800000000e+07   1.259e+09   1.000e+00
    113  124215.223     124       0  -6.273590400000000e+07   1.362e+09   1.000e+00
    114  125220.494     125       0  -6.273600800000000e+07   1.441e+09   1.000e+00
    115  126226.574     126       0  -6.273605200000000e+07   1.310e+09   1.000e+00
    116  127233.293     127       0  -6.273608800000000e+07   1.237e+09   1.000e+00
    117  128244.112     128       0  -6.273615200000000e+07   1.332e+09   1.000e+00
    118  129251.180     129       0  -6.273625600000000e+07   1.458e+09   1.000e+00
    119  130260.029     130       0  -6.273630000000000e+07   1.335e+09   1.000e+00
    120  131269.291     131       0  -6.273631600000000e+07   1.204e+09   1.000e+00
    121  132278.672     132       0  -6.273636400000000e+07   1.301e+09   1.000e+00
    122  133288.560     133       0  -6.273647200000000e+07   1.424e+09   1.000e+00
    123  134308.191     134       0  -6.273654000000000e+07   1.429e+09   1.000e+00
    124  135317.258     135       0  -6.273656800000000e+07   1.197e+09   1.000e+00
    125  136327.615     136       0  -6.273660400000000e+07   1.262e+09   1.000e+00
    126  137336.210     137       0  -6.273667600000000e+07   1.332e+09   1.000e+00
    127  138343.683     138       0  -6.273676400000000e+07   1.477e+09   1.000e+00
    128  139353.785     139       0  -6.273680400000000e+07   1.307e+09   1.000e+00
    129  140363.652     140       0  -6.273682000000000e+07   1.221e+09   1.000e+00
    130  141371.362     141       0  -6.273686400000000e+07   1.294e+09   1.000e+00
    131  142379.889     142       0  -6.273694000000000e+07   1.368e+09   1.000e+00
    132  143387.368     143       0  -6.273698400000000e+07   1.348e+09   1.000e+00
    133  144392.607     144       0  -6.273700800000000e+07   1.210e+09   1.000e+00
    134  145399.436     145       0  -6.273704400000000e+07   1.264e+09   1.000e+00
    135  146409.814     146       0  -6.273710000000000e+07   1.309e+09   1.000e+00
    136  147419.266     147       0  -6.273714400000000e+07   1.367e+09   1.000e+00
    137  148428.029     148       0  -6.273715600000000e+07   1.193e+09   1.000e+00
    138  149435.497     149       0  -6.273716800000000e+07   1.222e+09   1.000e+00
    139  150442.647     150       0  -6.273721200000000e+07   1.310e+09   1.000e+00
    140  151451.212     151       0  -6.273725200000000e+07   1.418e+09   1.000e+00
    141  152460.266     152       0  -6.273728000000000e+07   1.233e+09   1.000e+00
    142  153468.962     153       0  -6.273728400000000e+07   1.177e+09   1.000e+00
    143  154479.217     154       0  -6.273730400000000e+07   1.258e+09   1.000e+00
    144  155487.415     155       0  -6.273735200000000e+07   1.357e+09   1.000e+00
    145  156493.264     156       0  -6.273739200000000e+07   1.463e+09   1.000e+00
    146  157500.138     157       0  -6.273741600000000e+07   1.151e+09   1.000e+00
    147  158503.993     158       0  -6.273742800000000e+07   1.205e+09   1.000e+00
    148  159511.796     159       0  -6.273745600000000e+07   1.286e+09   1.000e+00
    149  160518.922     160       0  -6.273751600000000e+07   1.435e+09   1.000e+00
    150  161525.179     161       0  -6.273754400000000e+07   1.389e+09   1.000e+00
    151  162531.357     162       0  -6.273756400000000e+07   1.131e+09   1.000e+00
    152  163547.196     163       0  -6.273757600000000e+07   1.193e+09   1.000e+00
    153  164553.524     164       0  -6.273760400000000e+07   1.307e+09   1.000e+00
    154  165564.514     165       0  -6.273766000000000e+07   1.399e+09   1.000e+00
    155  166573.393     166       0  -6.273768800000000e+07   1.283e+09   1.000e+00
    156  169539.087     169       0  -6.273769200000000e+07   1.280e+09   1.849e-01
    157  170540.725     170       0  -6.273770400000000e+07   1.176e+09   1.000e+00
    158  171541.249     171       0  -6.273774000000000e+07   1.383e+09   1.000e+00
    159  172542.449     172       0  -6.273776400000000e+07   1.385e+09   1.000e+00
    160  175496.287     175       0  -6.273777200000000e+07   1.257e+09   2.147e-01
    161  194069.487     194       0  -6.273777200000000e+07   1.383e+09   7.104e-07
# Termination: function reduction test satisfied
# Iter.   Time (ms)    Eval. Reject.       Obj. Func.           Grad.       Step
# ---------------------------------------------------------------------------------
      0     974.960       1       0  -6.231495600000000e+07   1.121e+10   0.000e+00
      1   11719.260      12       0  -6.236102400000000e+07   2.062e+10   6.281e-16
      2   12716.450      13       0  -6.239799600000000e+07   1.200e+10   1.000e+00
      3   13715.025      14       0  -6.243355200000000e+07   1.206e+10   1.000e+00
      4   14712.714      15       0  -6.249154800000000e+07   1.630e+10   1.000e+00
      5   15711.879      16       0  -6.252777600000000e+07   2.329e+10   1.000e+00
      6   16712.533      17       0  -6.256036800000000e+07   1.084e+10   1.000e+00
      7   17712.920      18       0  -6.257597200000000e+07   8.505e+09   1.000e+00
      8   18714.241      19       0  -6.259080400000000e+07   8.581e+09   1.000e+00
      9   19722.919      20       0  -6.260766400000000e+07   1.099e+10   1.000e+00
     10   20724.060      21       0  -6.261605200000000e+07   7.588e+09   1.000e+00
     11   21723.922      22       0  -6.262004800000000e+07   5.678e+09   1.000e+00
     12   22726.552      23       0  -6.262744000000000e+07   4.631e+09   1.000e+00
     13   23736.690      24       0  -6.263387200000000e+07   6.708e+09   1.000e+00
     14   24746.143      25       0  -6.263806800000000e+07   4.087e+09   1.000e+00
     15   25753.826      26       0  -6.264011200000000e+07   3.141e+09   1.000e+00
     16   26763.049      27       0  -6.264304400000000e+07   3.041e+09   1.000e+00
     17   27774.545      28       0  -6.264584000000000e+07   3.800e+09   1.000e+00
     18   28782.731      29       0  -6.264786400000000e+07   3.009e+09   1.000e+00
     19   29789.010      30       0  -6.264916000000000e+07   2.378e+09   1.000e+00
     20   30795.018      31       0  -6.265085600000000e+07   2.426e+09   1.000e+00
     21   31802.754      32       0  -6.265266800000000e+07   2.665e+09   1.000e+00
     22   32809.524      33       0  -6.265448000000000e+07   2.350e+09   1.000e+00
     23   33818.054      34       0  -6.265602400000000e+07   2.171e+09   1.000e+00
     24   34825.423      35       0  -6.265742400000000e+07   2.249e+09   1.000e+00
     25   35830.621      36       0  -6.265882000000000e+07   2.142e+09   1.000e+00
     26   36836.788      37       0  -6.266004800000000e+07   2.056e+09   1.000e+00
     27   37849.467      38       0  -6.266104800000000e+07   1.989e+09   1.000e+00
     28   38867.248      39       0  -6.266197600000000e+07   1.924e+09   1.000e+00
     29   39887.936      40       0  -6.266294400000000e+07   1.941e+09   1.000e+00
     30   40908.658      41       0  -6.266385600000000e+07   1.941e+09   1.000e+00
     31   41916.755      42       0  -6.266471200000000e+07   1.882e+09   1.000e+00
     32   42926.077      43       0  -6.266546800000000e+07   1.816e+09   1.000e+00
     33   43934.254      44       0  -6.266607200000000e+07   1.763e+09   1.000e+00
     34   44940.395      45       0  -6.266659600000000e+07   1.714e+09   1.000e+00
     35   45945.792      46       0  -6.266710400000000e+07   1.707e+09   1.000e+00
     36   46954.549      47       0  -6.266756400000000e+07   1.708e+09   1.000e+00
     37   47961.851      48       0  -6.266804400000000e+07   1.660e+09   1.000e+00
     38   48968.666      49       0  -6.266847200000000e+07   1.637e+09   1.000e+00
     39   49980.616      50       0  -6.266883200000000e+07   1.594e+09   1.000e+00
     40   50990.036      51       0  -6.266914000000000e+07   1.553e+09   1.000e+00
     41   52008.458      52       0  -6.266942800000000e+07   1.579e+09   1.000e+00
     42   53026.445      53       0  -6.266968800000000e+07   1.580e+09   1.000e+00
     43   54045.463      54       0  -6.266994400000000e+07   1.534e+09   1.000e+00
     44   55062.225      55       0  -6.267020000000000e+07   1.534e+09   1.000e+00
     45   56078.277      56       0  -6.267044400000000e+07   1.533e+09   1.000e+00
     46   57094.686      57       0  -6.267067200000000e+07   1.501e+09   1.000e+00
     47   58110.822      58       0  -6.267087600000000e+07   1.480e+09   1.000e+00
     48   59126.612      59       0  -6.267104800000000e+07   1.491e+09   1.000e+00
     49   60158.403      60       0  -6.267121200000000e+07   1.474e+09   1.000e+00
     50   61174.307      61       0  -6.267138400000000e+07   1.481e+09   1.000e+00
     51   62190.417      62       0  -6.267156000000000e+07   1.522e+09   1.000e+00
     52   63206.645      63       0  -6.267173600000000e+07   1.501e+09   1.000e+00
     53   64222.428      64       0  -6.267191200000000e+07   1.451e+09   1.000e+00
     54   65238.245      65       0  -6.267207600000000e+07   1.472e+09   1.000e+00
     55   66254.966      66       0  -6.267221600000000e+07   1.451e+09   1.000e+00
     56   67275.900      67       0  -6.267233200000000e+07   1.412e+09   1.000e+00
     57   68296.841      68       0  -6.267244400000000e+07   1.452e+09   1.000e+00
     58   69316.423      69       0  -6.267254800000000e+07   1.497e+09   1.000e+00
     59   70341.049      70       0  -6.267267200000000e+07   1.505e+09   1.000e+00
     60   71370.946      71       0  -6.267281600000000e+07   1.480e+09   1.000e+00
     61   72395.862      72       0  -6.267294800000000e+07   1.460e+09   1.000e+00
     62   73420.686      73       0  -6.267306000000000e+07   1.405e+09   1.000e+00
     63   74450.236      74       0  -6.267315600000000e+07   1.382e+09   1.000e+00
     64   75477.862      75       0  -6.267324800000000e+07   1.415e+09   1.000e+00
     65   76502.501      76       0  -6.267330400000000e+07   1.425e+09   1.000e+00
     66   77527.163      77       0  -6.267336400000000e+07   1.389e+09   1.000e+00
     67   78554.177      78       0  -6.267344800000000e+07   1.426e+09   1.000e+00
     68   79582.044      79       0  -6.267354800000000e+07   1.466e+09   1.000e+00
     69   80606.859      80       0  -6.267363600000000e+07   1.426e+09   1.000e+00
     70   81631.497      81       0  -6.267372400000000e+07   1.346e+09   1.000e+00
     71   82656.539      82       0  -6.267380800000000e+07   1.344e+09   1.000e+00
     72   83685.695      83       0  -6.267386400000000e+07   1.370e+09   1.000e+00
     73   84713.948      84       0  -6.267392000000000e+07   1.364e+09   1.000e+00
     74   85741.644      85       0  -6.267398000000000e+07   1.388e+09   1.000e+00
     75   86770.330      86       0  -6.267405200000000e+07   1.370e+09   1.000e+00
     76   87795.223      87       0  -6.267411600000000e+07   1.376e+09   1.000e+00
     77   88822.317      88       0  -6.267420400000000e+07   1.371e+09   1.000e+00
     78   89849.989      89       0  -6.267429600000000e+07   1.345e+09   1.000e+00
     79   90880.822      90       0  -6.267435600000000e+07   1.325e+09   1.000e+00
     80   91910.105      91       0  -6.267440400000000e+07   1.304e+09   1.000e+00
     81   92944.327      92       0  -6.267446800000000e+07   1.349e+09   1.000e+00
     82   93974.127      93       0  -6.267454800000000e+07   1.423e+09   1.000e+00
     83   95019.872      94       0  -6.267461600000000e+07   1.420e+09   1.000e+00
     84   96062.526      95       0  -6.267468000000000e+07   1.323e+09   1.000e+00
     85   97107.699      96       0  -6.267476400000000e+07   1.318e+09   1.000e+00
     86   98150.277      97       0  -6.267484400000000e+07   1.393e+09   1.000e+00
     87   99195.241      98       0  -6.267489600000000e+07   1.387e+09   1.000e+00
     88  100238.131      99       0  -6.267495200000000e+07   1.329e+09   1.000e+00
     89  101282.935     100       0  -6.267502000000000e+07   1.338e+09   1.000e+00
     90  102326.042     101       0  -6.267509200000000e+07   1.370e+09   1.000e+00
     91  103370.488     102       0  -6.267514800000000e+07   1.324e+09   1.000e+00
     92  104410.542     103       0  -6.267519200000000e+07   1.301e+09   1.000e+00
     93  105450.155     104       0  -6.267525600000000e+07   1.314e+09   1.000e+00
     94  106494.638     105       0  -6.267531600000000e+07   1.348e+09   1.000e+00
     95  107534.608     106       0  -6.267534800000000e+07   1.270e+09   1.000e+00
     96  108574.169     107       0  -6.267537600000000e+07   1.264e+09   1.000e+00
     97  109613.798     108       0  -6.267543200000000e+07   1.323e+09   1.000e+00
     98  110659.011     109       0  -6.267550800000000e+07   1.369e+09   1.000e+00
     99  111697.387     110       0  -6.267554800000000e+07   1.294e+09   1.000e+00
    100  112742.769     111       0  -6.267556000000000e+07   1.199e+09   1.000e+00
    101  113785.914     112       0  -6.267560800000000e+07   1.275e+09   1.000e+00
    102  114830.809     113       0  -6.267570800000000e+07   1.430e+09   1.000e+00
    103  115861.748     114       0  -6.267579200000000e+07   1.497e+09   1.000e+00
    104  116882.997     115       0  -6.267584000000000e+07   1.213e+09   1.000e+00
    105  117906.775     116       0  -6.267587600000000e+07   1.262e+09   1.000e+00
    106  118926.364     117       0  -6.267595200000000e+07   1.385e+09   1.000e+00
    107  119947.167     118       0  -6.267603600000000e+07   1.529e+09   1.000e+00
    108  120971.656     119       0  -6.267608400000000e+07   1.420e+09   1.000e+00
    109  121998.567     120       0  -6.267613200000000e+07   1.273e+09   1.000e+00
    110  123023.073     121       0  -6.267620400000000e+07   1.360e+09   1.000e+00
    111  124056.096     122       0  -6.267628800000000e+07   1.350e+09   1.000e+00
    112  125088.660     123       0  -6.267634400000000e+07   1.306e+09   1.000e+00
    113  126124.746     124       0  -6.267639600000000e+07   1.275e+09   1.000e+00
    114  127158.837     125       0  -6.267644000000000e+07   1.302e+09   1.000e+00
    115  128194.265     126       0  -6.267650000000000e+07   1.303e+09   1.000e+00
    116  129229.851     127       0  -6.267653600000000e+07   1.294e+09   1.000e+00
    117  130265.653     128       0  -6.267656800000000e+07   1.273e+09   1.000e+00
    118  131299.449     129       0  -6.267662000000000e+07   1.284e+09   1.000e+00
    119  132330.119     130       0  -6.267668800000000e+07   1.362e+09   1.000e+00
    120  133368.937     131       0  -6.267672400000000e+07   1.297e+09   1.000e+00
    121  134414.514     132       0  -6.267673600000000e+07   1.205e+09   1.000e+00
    122  135444.522     133       0  -6.267678000000000e+07   1.264e+09   1.000e+00
    123  136474.626     134       0  -6.267687600000000e+07   1.406e+09   1.000e+00
    124  137514.398     135       0  -6.267697200000000e+07   1.499e+09   1.000e+00
    125  138552.634     136       0  -6.267698800000000e+07   1.202e+09   1.000e+00
    126  139594.165     137       0  -6.267701600000000e+07   1.225e+09   1.000e+00
    127  140623.820     138       0  -6.267707200000000e+07   1.374e+09   1.000e+00
    128  141654.733     139       0  -6.267717200000000e+07   1.480e+09   1.000e+00
    129  142677.564     140       0  -6.267725600000000e+07   1.487e+09   1.000e+00
    130  143715.020     141       0  -6.267730800000000e+07   1.249e+09   1.000e+00
    131  144758.262     142       0  -6.267736400000000e+07   1.269e+09   1.000e+00
    132  145788.553     143       0  -6.267743200000000e+07   1.365e+09   1.000e+00
    133  146819.565     144       0  -6.267752000000000e+07   1.431e+09   1.000e+00
    134  147856.007     145       0  -6.267756000000000e+07   1.345e+09   1.000e+00
    135  148894.693     146       0  -6.267760000000000e+07   1.299e+09   1.000e+00
    136  149932.735     147       0  -6.267765200000000e+07   1.348e+09   1.000e+00
    137  150969.178     148       0  -6.267770800000000e+07   1.369e+09   1.000e+00
    138  152005.161     149       0  -6.267776000000000e+07   1.330e+09   1.000e+00
    139  153050.378     150       0  -6.267780800000000e+07   1.285e+09   1.000e+00
    140  154087.990     151       0  -6.267785200000000e+07   1.280e+09   1.000e+00
    141  155127.127     152       0  -6.267789600000000e+07   1.284e+09   1.000e+00
    142  156171.673     153       0  -6.267793600000000e+07   1.305e+09   1.000e+00
    143  157208.452     154       0  -6.267798000000000e+07   1.279e+09   1.000e+00
    144  158253.885     155       0  -6.267799600000000e+07   1.266e+09   1.000e+00
    145  159292.797     156       0  -6.267802800000000e+07   1.285e+09   1.000e+00
    146  160334.383     157       0  -6.267806000000000e+07   1.268e+09   1.000e+00
    147  161372.976     158       0  -6.267808800000000e+07   1.273e+09   1.000e+00
    148  162411.779     159       0  -6.267810800000000e+07   1.248e+09   1.000e+00
    149  163455.069     160       0  -6.267813200000000e+07   1.270e+09   1.000e+00
    150  164497.498     161       0  -6.267816000000000e+07   1.272e+09   1.000e+00
    151  165541.409     162       0  -6.267817600000000e+07   1.212e+09   1.000e+00
    152  166586.097     163       0  -6.267818800000000e+07   1.229e+09   1.000e+00
    153  167626.508     164       0  -6.267821600000000e+07   1.280e+09   1.000e+00
    154  168667.084     165       0  -6.267824000000000e+07   1.312e+09   1.000e+00
    155  169730.747     166       0  -6.267825200000000e+07   1.176e+09   1.000e+00
    156  170787.322     167       0  -6.267825600000000e+07   1.187e+09   1.000e+00
    157  171830.618     168       0  -6.267828000000000e+07   1.241e+09   1.000e+00
    158  172875.328     169       0  -6.267830000000000e+07   1.358e+09   1.000e+00
    159  173928.658     170       0  -6.267830800000000e+07   1.350e+09   1.000e+00
    160  174968.050     171       0  -6.267831600000000e+07   1.070e+09   1.000e+00
    161  176019.029     172       0  -6.267832000000000e+07   1.188e+09   1.000e+00
    162  177073.958     173       0  -6.267833200000000e+07   1.259e+09   1.000e+00
    163  178128.071     174       0  -6.267836400000000e+07   1.437e+09   1.000e+00
    164  179170.111     175       0  -6.267838400000000e+07   1.358e+09   1.000e+00
    165  180220.879     176       0  -6.267840400000000e+07   1.099e+09   1.000e+00
    166  181263.142     177       0  -6.267840800000000e+07   1.159e+09   1.000e+00
    167  182306.614     178       0  -6.267841600000000e+07   1.257e+09   1.000e+00
    168  183358.060     179       0  -6.267843600000000e+07   1.429e+09   1.000e+00
    169  184396.599     180       0  -6.267846000000000e+07   1.361e+09   1.000e+00
    170  185439.686     181       0  -6.267848800000000e+07   1.057e+09   1.000e+00
    171  187459.571     183       0  -6.267849600000000e+07   1.164e+09   5.000e-01
    172  192367.619     188       0  -6.267850000000000e+07   1.300e+09   1.328e-02
    173  211929.247     208       0  -6.267850000000000e+07   1.391e+09   1.079e-07
# Termination: function reduction test satisfied
# Iter.   Time (ms)    Eval. Reject.       Obj. Func.           Grad.       Step
# ---------------------------------------------------------------------------------
      0     975.729       1       0  -6.172972800000000e+07   1.121e+10   0.000e+00
      1   11724.561      12       0  -6.177606000000000e+07   1.957e+10   5.954e-16
      2   12720.999      13       0  -6.181236000000000e+07   1.192e+10   1.000e+00
      3   13718.120      14       0  -6.184983200000000e+07   1.231e+10   1.000e+00
      4   14716.182      15       0  -6.190840000000000e+07   1.658e+10   1.000e+00
      5   15715.304      16       0  -6.194180800000000e+07   2.330e+10   1.000e+00
      6   16716.837      17       0  -6.197345600000000e+07   1.088e+10   1.000e+00
      7   17718.288      18       0  -6.198998000000000e+07   8.806e+09   1.000e+00
      8   18717.988      19       0  -6.200364000000000e+07   8.425e+09   1.000e+00
      9   19718.562      20       0  -6.202110400000000e+07   9.689e+09   1.000e+00
     10   20718.837      21       0  -6.202952800000000e+07   8.365e+09   1.000e+00
     11   21719.721      22       0  -6.203412800000000e+07   5.872e+09   1.000e+00
     12   22719.621      23       0  -6.204111600000000e+07   4.501e+09   1.000e+00
     13   23719.400      24       0  -6.204672400000000e+07   5.891e+09   1.000e+00
     14   24720.509      25       0  -6.205102800000000e+07   3.888e+09   1.000e+00
     15   25722.426      26       0  -6.205377200000000e+07   3.181e+09   1.000e+00
     16   26721.391      27       0  -6.205652400000000e+07   3.174e+09   1.000e+00
     17   27731.383      28       0  -6.205898800000000e+07   3.163e+09   1.000e+00
     18   28731.815      29       0  -6.206100800000000e+07   2.651e+09   1.000e+00
     19   29732.027      30       0  -6.206268800000000e+07   2.509e+09   1.000e+00
     20   30732.114      31       0  -6.206428400000000e+07   2.351e+09   1.000e+00
     21   31732.824      32       0  -6.206605200000000e+07   2.411e+09   1.000e+00
     22   32732.157      33       0  -6.206772400000000e+07   2.386e+09   1.000e+00
     23   33732.817      34       0  -6.206909600000000e+07   2.167e+09   1.000e+00
     24   34733.332      35       0  -6.207036000000000e+07   2.103e+09   1.000e+00
     25   35733.872      36       0  -6.207156000000000e+07   2.077e+09   1.000e+00
     26   36734.468      37       0  -6.207270400000000e+07   1.950e+09   1.000e+00
     27   37735.187      38       0  -6.207376000000000e+07   1.932e+09   1.000e+00
     28   38735.182      39       0  -6.207461200000000e+07   1.895e+09   1.000e+00
     29   39734.937      40       0  -6.207544400000000e+07   1.798e+09   1.000e+00
     30   40735.709      41       0  -6.207622800000000e+07   1.866e+09   1.000e+00
     31   41736.172      42       0  -6.207691600000000e+07   1.848e+09   1.000e+00
     32   42736.711      43       0  -6.207763600000000e+07   1.750e+09   1.000e+00
     33   43737.656      44       0  -6.207826800000000e+07   1.748e+09   1.000e+00
     34   44737.209      45       0  -6.207873600000000e+07   1.658e+09   1.000e+00
     35   45737.290      46       0  -6.207918400000000e+07   1.589e+09   1.000e+00
     36   46737.514      47       0  -6.207956000000000e+07   1.666e+09   1.000e+00
     37   47745.873      48       0  -6.207990000000000e+07   1.591e+09   1.000e+00
     38   48746.877      49       0  -6.208030800000000e+07   1.568e+09   1.000e+00
     39   49748.547      50       0  -6.208062800000000e+07   1.577e+09   1.000e+00
     40   50748.400      51       0  -6.208088800000000e+07   1.478e+09   1.000e+00
     41   51748.856      52       0  -6.208115600000000e+07   1.458e+09   1.000e+00
     42   52749.832      53       0  -6.208138000000000e+07   1.554e+09   1.000e+00
     43   53763.726      54       0  -6.208156800000000e+07   1.483e+09   1.000e+00
     44   54768.969      55       0  -6.208178000000000e+07   1.423e+09   1.000e+00
     45   55771.848      56       0  -6.208202000000000e+07   1.534e+09   1.000e+00
     46   56776.529      57       0  -6.208221200000000e+07   1.476e+09   1.000e+00
     47   57783.786      58       0  -6.208239200000000e+07   1.381e+09   1.000e+00
     48   58788.252      59       0  -6.208257600000000e+07   1.439e+09   1.000e+00
     49   59792.844      60       0  -6.208270000000000e+07   1.418e+09   1.000e+00
     50   60797.417      61       0  -6.208282400000000e+07   1.340e+09   1.000e+00
     51   61806.898      62       0  -6.208298000000000e+07   1.440e+09   1.000e+00
     52   62821.762      63       0  -6.208310400000000e+07   1.502e+09   1.000e+00
     53   63838.423      64       0  -6.208323600000000e+07   1.408e+09   1.000e+00
     54   64853.111      65       0  -6.208339600000000e+07   1.400e+09   1.000e+00
     55   65868.969      66       0  -6.208353200000000e+07   1.426e+09   1.000e+00
     56   66884.740      67       0  -6.208362400000000e+07   1.345e+09   1.000e+00
     57   67900.749      68       0  -6.208370400000000e+07   1.298e+09   1.000e+00
     58   68919.275      69       0  -6.208380400000000e+07   1.473e+09   1.000e+00
     59   69937.916      70       0  -6.208388400000000e+07   1.444e+09   1.000e+00
     60   70958.220      71       0  -6.208398000000000e+07   1.363e+09   1.000e+00
     61   71972.893      72       0  -6.208408400000000e+07   1.428e+09   1.000e+00
     62   72989.563      73       0  -6.208417600000000e+07   1.427e+09   1.000e+00
     63   74007.400      74       0  -6.208426800000000e+07   1.371e+09   1.000e+00
     64   75025.755      75       0  -6.208438400000000e+07   1.370e+09   1.000e+00
     65   76040.591      76       0  -6.208446400000000e+07   1.366e+09   1.000e+00
     66   77056.315      77       0  -6.208450000000000e+07   1.248e+09   1.000e+00
     67   78075.067      78       0  -6.208456000000000e+07   1.276e+09   1.000e+00
     68   79094.640      79       0  -6.208462000000000e+07   1.423e+09   1.000e+00
     69   80107.263      80       0  -6.208466000000000e+07   1.352e+09   1.000e+00
     70   81126.953      81       0  -6.208472400000000e+07   1.270e+09   1.000e+00
     71   82147.271      82       0  -6.208480000000000e+07   1.330e+09   1.000e+00
     72   83165.738      83       0  -6.208486800000000e+07   1.312e+09   1.000e+00
     73   84184.451      84       0  -6.208491600000000e+07   1.231e+09   1.000e+00
     74   85201.444      85       0  -6.208496000000000e+07   1.236e+09   1.000e+00
     75   86217.184      86       0  -6.208501200000000e+07   1.297e+09   1.000e+00
     76   87232.068      87       0  -6.208505200000000e+07   1.345e+09   1.000e+00
     77   88260.766      88       0  -6.208509600000000e+07   1.296e+09   1.000e+00
     78   89276.116      89       0  -6.208513200000000e+07   1.259e+09   1.000e+00
     79   90295.043      90       0  -6.208518800000000e+07   1.279e+09   1.000e+00
     80   91314.147      91       0  -6.208525200000000e+07   1.307e+09   1.000e+00
     81   92330.090      92       0  -6.208528800000000e+07   1.235e+09   1.000e+00
     82   93350.131      93       0  -6.208531200000000e+07   1.203e+09   1.000e+00
     83   94370.819      94       0  -6.208537200000000e+07   1.298e+09   1.000e+00
     84   95389.873      95       0  -6.208544400000000e+07   1.429e+09   1.000e+00
     85   96404.604      96       0  -6.208548800000000e+07   1.273e+09   1.000e+00
     86   97430.343      97       0  -6.208552400000000e+07   1.214e+09   1.000e+00
     87   98458.005      98       0  -6.208559200000000e+07   1.281e+09   1.000e+00
     88   99485.576      99       0  -6.208568400000000e+07   1.391e+09   1.000e+00
     89  100513.519     100       0  -6.208572400000000e+07   1.268e+09   1.000e+00
     90  101542.869     101       0  -6.208574000000000e+07   1.177e+09   1.000e+00
     91  102571.358     102       0  -6.208579600000000e+07   1.283e+09   1.000e+00
     92  103599.593     103       0  -6.208586800000000e+07   1.411e+09   1.000e+00
     93  104627.326     104       0  -6.208591600000000e+07   1.336e+09   1.000e+00
     94  105655.081     105       0  -6.208594400000000e+07   1.214e+09   1.000e+00
     95  106681.310     106       0  -6.208598800000000e+07   1.276e+09   1.000e+00
     96  107707.041     107       0  -6.208604000000000e+07   1.376e+09   1.000e+00
     97  108733.737     108       0  -6.208608000000000e+07   1.302e+09   1.000e+00
     98  109752.125     109       0  -6.208612400000000e+07   1.243e+09   1.000e+00
     99  110777.069     110       0  -6.208618400000000e+07   1.273e+09   1.000e+00
    100  111800.894     111       0  -6.208624000000000e+07   1.309e+09   1.000e+00
    101  112828.214     112       0  -6.208627600000000e+07   1.205e+09   1.000e+00
    102  113853.703     113       0  -6.208630000000000e+07   1.195e+09   1.000e+00
    103  114877.693     114       0  -6.208634000000000e+07   1.263e+09   1.000e+00
    104  115902.338     115       0  -6.208639200000000e+07   1.354e+09   1.000e+00
    105  116925.977     116       0  -6.208641600000000e+07   1.220e+09   1.000e+00
    106  117954.276     117       0  -6.208643200000000e+07   1.186e+09   1.000e+00
    107  118977.919     118       0  -6.208646800000000e+07   1.241e+09   1.000e+00
    108  120006.822     119       0  -6.208652000000000e+07   1.346e+09   1.000e+00
    109  121035.740     120       0  -6.208653600000000e+07   1.216e+09   1.000e+00
    110  122063.014     121       0  -6.208654800000000e+07   1.141e+09   1.000e+00
    111  123091.108     122       0  -6.208656800000000e+07   1.225e+09   1.000e+00
    112  124119.321     123       0  -6.208662400000000e+07   1.309e+09   1.000e+00
    113  125143.890     124       0  -6.208666000000000e+07   1.317e+09   1.000e+00
    114  126170.637     125       0  -6.208666800000000e+07   1.083e+09   1.000e+00
    115  127191.946     126       0  -6.208669200000000e+07   1.195e+09   1.000e+00
    116  128218.992     127       0  -6.208672800000000e+07   1.239e+09   1.000e+00
    117  129244.296     128       0  -6.208676800000000e+07   1.365e+09   1.000e+00
    118  130270.690     129       0  -6.208680000000000e+07   1.311e+09   1.000e+00
    119  131299.844     130       0  -6.208681600000000e+07   1.113e+09   1.000e+00
    120  132324.638     131       0  -6.208684400000000e+07   1.195e+09   1.000e+00
    121  133349.305     132       0  -6.208689200000000e+07   1.266e+09   1.000e+00
    122  134376.630     133       0  -6.208693200000000e+07   1.266e+09   1.000e+00
    123  135402.689     134       0  -6.208694400000000e+07   1.127e+09   1.000e+00
    124  136428.740     135       0  -6.208697200000000e+07   1.162e+09   1.000e+00
    125  137455.428     136       0  -6.208700000000000e+07   1.167e+09   1.000e+00
    126  138483.956     137       0  -6.208704800000000e+07   1.319e+09   1.000e+00
    127  139508.762     138       0  -6.208706000000000e+07   1.163e+09   1.000e+00
    128  141513.351     140       0  -6.208706800000000e+07   1.177e+09   5.000e-01
    129  142513.687     141       0  -6.208707200000000e+07   1.171e+09   1.000e+00
    130  143514.068     142       0  -6.208710000000000e+07   1.300e+09   1.000e+00
    131  144515.277     143       0  -6.208710800000000e+07   1.206e+09   1.000e+00
    132  146493.144     145       0  -6.208711200000000e+07   1.029e+09   5.000e-01
    133  147511.743     146       0  -6.208712000000000e+07   1.150e+09   1.000e+00
    134  148512.586     147       0  -6.208713600000000e+07   1.175e+09   1.000e+00
    135  149513.533     148       0  -6.208717600000000e+07   1.409e+09   1.000e+00
    136  150514.737     149       0  -6.208722800000000e+07   1.469e+09   1.000e+00
    137  151515.512     150       0  -6.208725200000000e+07   1.065e+09   1.000e+00
    138  153498.832     152       0  -6.208725600000000e+07   1.130e+09   5.000e-01
    139  154500.631     153       0  -6.208727200000000e+07   1.113e+09   1.000e+00
    140  155501.761     154       0  -6.208729600000000e+07   1.507e+09   1.000e+00
    141  156502.721     155       0  -6.208732000000000e+07   1.017e+09   1.000e+00
    142  159457.580     158       0  -6.208732400000000e+07   1.052e+09   1.819e-01
    143  177065.148     176       0  -6.208732400000000e+07   1.276e+09   1.241e-06
# Termination: function reduction test satisfied
# Iter.   Time (ms)    Eval. Reject.       Obj. Func.           Grad.       Step
# ---------------------------------------------------------------------------------
      0     976.720       1       0  -5.587748000000000e+07   1.121e+10   0.000e+00
      1    9769.294      10       0  -5.591558000000000e+07   2.656e+10   8.230e-16
      2   10765.770      11       0  -5.596162400000000e+07   1.231e+10   1.000e+00
      3   11763.348      12       0  -5.598726400000000e+07   9.993e+09   1.000e+00
      4   12760.614      13       0  -5.603542000000000e+07   1.327e+10   1.000e+00
      5   13758.978      14       0  -5.608656000000000e+07   2.108e+10   1.000e+00
      6   14759.067      15       0  -5.611355200000000e+07   1.679e+10   1.000e+00
      7   15758.655      16       0  -5.612600400000000e+07   8.602e+09   1.000e+00
      8   16758.713      17       0  -5.614222000000000e+07   6.880e+09   1.000e+00
      9   17758.513      18       0  -5.615621600000000e+07   7.454e+09   1.000e+00
     10   18758.414      19       0  -5.616719600000000e+07   9.330e+09   1.000e+00
     11   19758.058      20       0  -5.617438400000000e+07   4.980e+09   1.000e+00
     12   20765.990      21       0  -5.617868000000000e+07   4.589e+09   1.000e+00
     13   21766.594      22       0  -5.618338800000000e+07   4.796e+09   1.000e+00
     14   22766.511      23       0  -5.618739200000000e+07   6.054e+09   1.000e+00
     15   23765.978      24       0  -5.618978000000000e+07   2.988e+09   1.000e+00
     16   24766.232      25       0  -5.619126400000000e+07   2.569e+09   1.000e+00
     17   25766.271      26       0  -5.619379200000000e+07   2.902e+09   1.000e+00
     18   26766.322      27       0  -5.619599200000000e+07   2.951e+09   1.000e+00
     19   27767.305      28       0  -5.619762400000000e+07   2.357e+09   1.000e+00
     20   28768.031      29       0  -5.619851200000000e+07   1.995e+09   1.000e+00
     21   29768.948      30       0  -5.619987200000000e+07   2.032e+09   1.000e+00
     22   30768.254      31       0  -5.620128000000000e+07   2.073e+09   1.000e+00
     23   31768.093      32       0  -5.620263600000000e+07   1.871e+09   1.000e+00
     24   32767.402      33       0  -5.620364800000000e+07   1.864e+09   1.000e+00
     25   33767.584      34       0  -5.620442400000000e+07   1.673e+09   1.000e+00
     26   34768.212      35       0  -5.620533200000000e+07   1.695e+09   1.000e+00
     27   35769.194      36       0  -5.620619200000000e+07   1.688e+09   1.000e+00
     28   36769.921      37       0  -5.620670400000000e+07   1.533e+09   1.000e+00
     29   37769.770      38       0  -5.620728800000000e+07   1.435e+09   1.000e+00
     30   38769.962      39       0  -5.620778400000000e+07   1.575e+09   1.000e+00
     31   39770.211      40       0  -5.620825600000000e+07   1.462e+09   1.000e+00
     32   40771.062      41       0  -5.620885200000000e+07   1.431e+09   1.000e+00
     33   41770.393      42       0  -5.620925200000000e+07   1.441e+09   1.000e+00
     34   42770.577      43       0  -5.620952400000000e+07   1.277e+09   1.000e+00
     35   43770.675      44       0  -5.620984000000000e+07   1.357e+09   1.000e+00
     36   44770.438      45       0  -5.621008800000000e+07   1.410e+09   1.000e+00
     37   45771.226      46       0  -5.621030000000000e+07   1.296e+09   1.000e+00
     38   46771.174      47       0  -5.621058400000000e+07   1.280e+09   1.000e+00
     39   47771.377      48       0  -5.621082000000000e+07   1.361e+09   1.000e+00
     40   48770.920      49       0  -5.621097200000000e+07   1.195e+09   1.000e+00
     41   49771.558      50       0  -5.621111600000000e+07   1.174e+09   1.000e+00
     42   50779.412      51       0  -5.621124000000000e+07   1.316e+09   1.000e+00
     43   51780.955      52       0  -5.621134000000000e+07   1.210e+09   1.000e+00
     44   52780.939      53       0  -5.621147600000000e+07   1.161e+09   1.000e+00
     45   53780.305      54       0  -5.621162000000000e+07   1.335e+09   1.000e+00
     46   54780.525      55       0  -5.621172000000000e+07   1.200e+09   1.000e+00
     47   55781.384      56       0  -5.621183600000000e+07   1.107e+09   1.000e+00
     48   56781.319      57       0  -5.621195200000000e+07   1.298e+09   1.000e+00
     49   57782.224      58       0  -5.621202800000000e+07   1.203e+09   1.000e+00
     50   58783.058      59       0  -5.621211200000000e+07   1.107e+09   1.000e+00
     51   59783.612      60       0  -5.621221200000000e+07   1.262e+09   1.000e+00
     52   60783.892      61       0  -5.621228800000000e+07   1.207e+09   1.000e+00
     53   61784.805      62       0  -5.621235600000000e+07   1.112e+09   1.000e+00
     54   62785.000      63       0  -5.621245600000000e+07   1.203e+09   1.000e+00
     55   63784.736      64       0  -5.621254000000000e+07   1.206e+09   1.000e+00
     56   64784.985      65       0  -5.621259200000000e+07   1.090e+09   1.000e+00
     57   65784.652      66       0  -5.621264400000000e+07   1.085e+09   1.000e+00
     58   66785.142      67       0  -5.621272000000000e+07   1.235e+09   1.000e+00
     59   67785.750      68       0  -5.621277200000000e+07   1.148e+09   1.000e+00
     60   68785.952      69       0  -5.621280800000000e+07   1.045e+09   1.000e+00
     61   69785.595      70       0  -5.621286400000000e+07   1.151e+09   1.000e+00
     62   70784.482      71       0  -5.621292800000000e+07   1.144e+09   1.000e+00
     63   71785.418      72       0  -5.621296400000000e+07   1.102e+09   1.000e+00
     64   72786.254      73       0  -5.621299200000000e+07   1.107e+09   1.000e+00
     65   73787.625      74       0  -5.621303200000000e+07   1.092e+09   1.000e+00
     66   74787.845      75       0  -5.621307600000000e+07   1.142e+09   1.000e+00
     67   75788.718      76       0  -5.621311200000000e+07   1.074e+09   1.000e+00
     68   76789.855      77       0  -5.621312800000000e+07   1.039e+09   1.000e+00
     69   77790.046      78       0  -5.621316000000000e+07   1.089e+09   1.000e+00
     70   78789.763      79       0  -5.621321600000000e+07   1.121e+09   1.000e+00
     71   79790.917      80       0  -5.621325200000000e+07   1.081e+09   1.000e+00
     72   80799.933      81       0  -5.621325600000000e+07   9.822e+08   1.000e+00
     73   81804.041      82       0  -5.621326800000000e+07   1.037e+09   1.000e+00
     74   82806.518      83       0  -5.621330400000000e+07   1.102e+09   1.000e+00
     75   83807.609      84       0  -5.621334800000000e+07   1.261e+09   1.000e+00
     76   84808.235      85       0  -5.621339200000000e+07   1.024e+09   1.000e+00
     77   88737.408      89       0  -5.621339600000000e+07   1.124e+09   7.374e-02
     78   89737.979      90       0  -5.621341600000000e+07   9.146e+08   1.000e+00
     79   90739.135      91       0  -5.621350400000000e+07   1.272e+09   1.000e+00
     80   96625.882      97       0  -5.621350800000000e+07   1.231e+09   4.731e-04
     81  110321.176     111       0  -5.621350800000000e+07   1.280e+09   1.249e-06
# Termination: function reduction test satisfied
# Iter.   Time (ms)    Eval. Reject.       Obj. Func.           Grad.       Step
# ---------------------------------------------------------------------------------
      0     975.654       1       0  -6.237991600000000e+07   1.121e+10   0.000e+00
      1   12707.274      13       0  -6.237993200000000e+07   2.042e+10   2.394e-17
      2   13704.710      14       0  -6.238113200000000e+07   1.347e+10   1.000e+00
      3   14702.230      15       0  -6.238268000000000e+07   1.209e+10   1.000e+00
      4   15701.079      16       0  -6.238544400000000e+07   1.797e+10   1.000e+00
      5   16705.328      17       0  -6.238978800000000e+07   1.947e+10   1.000e+00
      6   17714.559      18       0  -6.239779600000000e+07   1.828e+10   1.000e+00
      7   18724.013      19       0  -6.240582800000000e+07   1.796e+10   1.000e+00
      8   19732.936      20       0  -6.240772400000000e+07   1.575e+10   1.000e+00
      9   22696.515      23       0  -6.240778000000000e+07   1.752e+10   1.814e-01
     10   24673.952      25       0  -6.240811600000000e+07   1.395e+10   4.177e-01
     11   25674.078      26       0  -6.240959200000000e+07   1.534e+10   1.000e+00
     12   26673.387      27       0  -6.242221600000000e+07   1.564e+10   1.000e+00
     13   27673.650      28       0  -6.244265600000000e+07   1.670e+10   1.000e+00
     14   28689.912      29       0  -6.244613600000000e+07   1.337e+10   1.000e+00
     15   31667.051      32       0  -6.244622400000000e+07   1.783e+10   1.926e-01
     16   32668.755      33       0  -6.244633200000000e+07   1.272e+10   1.000e+00
     17   33673.914      34       0  -6.244835200000000e+07   1.737e+10   1.000e+00
     18   34674.769      35       0  -6.245656800000000e+07   1.541e+10   1.000e+00
     19   35675.110      36       0  -6.246118800000000e+07   1.665e+10   1.000e+00
     20   36676.271      37       0  -6.246369600000000e+07   1.722e+10   1.000e+00
     21   37676.829      38       0  -6.246722400000000e+07   1.532e+10   1.000e+00
     22   38678.101      39       0  -6.246963200000000e+07   1.665e+10   1.000e+00
     23   39678.969      40       0  -6.247473200000000e+07   1.456e+10   1.000e+00
     24   40689.329      41       0  -6.247692400000000e+07   1.500e+10   1.000e+00
     25   41690.203      42       0  -6.247814400000000e+07   1.625e+10   1.000e+00
     26   42691.002      43       0  -6.247967600000000e+07   1.501e+10   1.000e+00
     27   43691.839      44       0  -6.248027200000000e+07   1.586e+10   1.000e+00
     28   44691.381      45       0  -6.248099600000000e+07   1.531e+10   1.000e+00
     29   45691.133      46       0  -6.248144800000000e+07   1.586e+10   1.000e+00
     30   46691.870      47       0  -6.248259200000000e+07   1.527e+10   1.000e+00
     31   47691.826      48       0  -6.248429200000000e+07   1.564e+10   1.000e+00
     32   48692.404      49       0  -6.248548800000000e+07   1.557e+10   1.000e+00
     33   49692.268      50       0  -6.248569600000000e+07   1.414e+10   1.000e+00
     34   50692.814      51       0  -6.248582400000000e+07   1.425e+10   1.000e+00
     35   51693.136      52       0  -6.248612400000000e+07   1.705e+10   1.000e+00
     36   52694.185      53       0  -6.248682800000000e+07   1.528e+10   1.000e+00
     37   53695.127      54       0  -6.248748800000000e+07   1.376e+10   1.000e+00
     38   54695.614      55       0  -6.248784000000000e+07   1.452e+10   1.000e+00
     39   55694.214      56       0  -6.248793200000000e+07   1.585e+10   1.000e+00
     40   56694.597      57       0  -6.248815600000000e+07   1.538e+10   1.000e+00
     41   57701.457      58       0  -6.248863600000000e+07   1.585e+10   1.000e+00
     42   58702.016      59       0  -6.248938400000000e+07   1.671e+10   1.000e+00
     43   59709.621      60       0  -6.248972400000000e+07   1.409e+10   1.000e+00
     44   60711.504      61       0  -6.248976400000000e+07   1.275e+10   1.000e+00
     45   61712.000      62       0  -6.248980400000000e+07   1.613e+10   1.000e+00
     46   62712.078      63       0  -6.249008000000000e+07   1.481e+10   1.000e+00
     47   63713.134      64       0  -6.249069200000000e+07   1.332e+10   1.000e+00
     48   68630.546      69       0  -6.249069600000000e+07   1.477e+10   2.635e-03
     49   85260.810      86       0  -6.249069600000000e+07   1.597e+10   4.952e-09
# Termination: function reduction test satisfied
# Iter.   Time (ms)    Eval. Reject.       Obj. Func.           Grad.       Step
# ---------------------------------------------------------------------------------
      0     975.518       1       0  -6.237932800000000e+07   1.121e+10   0.000e+00
      1   12699.742      13       0  -6.237934400000000e+07   2.042e+10   2.395e-17
      2   13696.866      14       0  -6.238054400000000e+07   1.347e+10   1.000e+00
      3   14698.452      15       0  -6.238209200000000e+07   1.209e+10   1.000e+00
      4   15697.351      16       0  -6.238485600000000e+07   1.797e+10   1.000e+00
      5   16696.382      17       0  -6.238920400000000e+07   1.947e+10   1.000e+00
      6   17697.278      18       0  -6.239720800000000e+07   1.828e+10   1.000e+00
      7   18697.911      19       0  -6.240524400000000e+07   1.796e+10   1.000e+00
      8   19699.205      20       0  -6.240714000000000e+07   1.575e+10   1.000e+00
      9   22659.764      23       0  -6.240718800000000e+07   1.752e+10   1.807e-01
     10   24637.093      25       0  -6.240752800000000e+07   1.395e+10   4.177e-01
     11   25638.203      26       0  -6.240900000000000e+07   1.534e+10   1.000e+00
     12   26644.347      27       0  -6.242161600000000e+07   1.564e+10   1.000e+00
     13   27650.585      28       0  -6.244205600000000e+07   1.670e+10   1.000e+00
     14   28660.738      29       0  -6.244555600000000e+07   1.337e+10   1.000e+00
     15   31633.419      32       0  -6.244564800000000e+07   1.782e+10   1.932e-01
     16   32633.026      33       0  -6.244574000000000e+07   1.271e+10   1.000e+00
     17   33636.198      34       0  -6.244776400000000e+07   1.738e+10   1.000e+00
     18   34644.705      35       0  -6.245597200000000e+07   1.540e+10   1.000e+00
     19   35645.373      36       0  -6.246060400000000e+07   1.665e+10   1.000e+00
     20   36644.958      37       0  -6.246314000000000e+07   1.721e+10   1.000e+00
     21   37645.607      38       0  -6.246668400000000e+07   1.530e+10   1.000e+00
     22   38651.373      39       0  -6.246906000000000e+07   1.666e+10   1.000e+00
     23   39660.732      40       0  -6.247410400000000e+07   1.459e+10   1.000e+00
     24   40661.207      41       0  -6.247632000000000e+07   1.499e+10   1.000e+00
     25   41661.124      42       0  -6.247755600000000e+07   1.627e+10   1.000e+00
     26   42661.210      43       0  -6.247911600000000e+07   1.498e+10   1.000e+00
     27   43668.345      44       0  -6.247967600000000e+07   1.584e+10   1.000e+00
     28   44680.352      45       0  -6.248034400000000e+07   1.531e+10   1.000e+00
     29   45689.270      46       0  -6.248075600000000e+07   1.581e+10   1.000e+00
     30   46699.018      47       0  -6.248191600000000e+07   1.518e+10   1.000e+00
     31   47707.614      48       0  -6.248356800000000e+07   1.594e+10   1.000e+00
     32   48724.199      49       0  -6.248464400000000e+07   1.534e+10   1.000e+00
     33   49739.343      50       0  -6.248488400000000e+07   1.423e+10   1.000e+00
     34   50751.115      51       0  -6.248510400000000e+07   1.463e+10   1.000e+00
     35   51758.988      52       0  -6.248545600000000e+07   1.683e+10   1.000e+00
     36   52768.098      53       0  -6.248606000000000e+07   1.525e+10   1.000e+00
     37   53774.435      54       0  -6.248661200000000e+07   1.436e+10   1.000e+00
     38   54780.144      55       0  -6.248699600000000e+07   1.486e+10   1.000e+00
     39   55785.772      56       0  -6.248710000000000e+07   1.570e+10   1.000e+00
     40   56794.808      57       0  -6.248726800000000e+07   1.558e+10   1.000e+00
     41   57800.149      58       0  -6.248766000000000e+07   1.550e+10   1.000e+00
     42   58807.780      59       0  -6.248841200000000e+07   1.678e+10   1.000e+00
     43   59814.005      60       0  -6.248883200000000e+07   1.473e+10   1.000e+00
     44   60819.640      61       0  -6.248891600000000e+07   1.255e+10   1.000e+00
     45   61828.295      62       0  -6.248906400000000e+07   1.565e+10   1.000e+00
     46   62834.275      63       0  -6.248928800000000e+07   1.607e+10   1.000e+00
     47   63842.615      64       0  -6.248958000000000e+07   1.355e+10   1.000e+00
     48   71684.513      72       0  -6.248958800000000e+07   1.645e+10   2.175e-03
     49   86358.038      87       0  -6.248958800000000e+07   1.805e+10   9.582e-10
# Termination: function reduction test satisfied
# Iter.   Time (ms)    Eval. Reject.       Obj. Func.           Grad.       Step
# ---------------------------------------------------------------------------------
      0     976.410       1       0  -6.237347600000000e+07   1.121e+10   0.000e+00
      1   12718.710      13       0  -6.237349200000000e+07   2.042e+10   2.394e-17
      2   13715.194      14       0  -6.237469200000000e+07   1.347e+10   1.000e+00
      3   14713.566      15       0  -6.237624000000000e+07   1.209e+10   1.000e+00
      4   15721.315      16       0  -6.237900400000000e+07   1.797e+10   1.000e+00
      5   16725.244      17       0  -6.238335200000000e+07   1.947e+10   1.000e+00
      6   17735.010      18       0  -6.239135600000000e+07   1.828e+10   1.000e+00
      7   18735.759      19       0  -6.239938800000000e+07   1.796e+10   1.000e+00
      8   19736.350      20       0  -6.240128800000000e+07   1.575e+10   1.000e+00
      9   22688.845      23       0  -6.240133600000000e+07   1.752e+10   1.810e-01
     10   24666.320      25       0  -6.240167200000000e+07   1.395e+10   4.179e-01
     11   25667.145      26       0  -6.240315600000000e+07   1.533e+10   1.000e+00
     12   26668.431      27       0  -6.241577600000000e+07   1.564e+10   1.000e+00
     13   27673.365      28       0  -6.243620800000000e+07   1.670e+10   1.000e+00
     14   28680.413      29       0  -6.243970000000000e+07   1.337e+10   1.000e+00
     15   31639.619      32       0  -6.243978400000000e+07   1.783e+10   1.926e-01
     16   32639.748      33       0  -6.243989200000000e+07   1.271e+10   1.000e+00
     17   33641.133      34       0  -6.244190800000000e+07   1.737e+10   1.000e+00
     18   34641.345      35       0  -6.245010400000000e+07   1.540e+10   1.000e+00
     19   35642.597      36       0  -6.245473600000000e+07   1.665e+10   1.000e+00
     20   36653.252      37       0  -6.245727200000000e+07   1.721e+10   1.000e+00
     21   37660.465      38       0  -6.246080800000000e+07   1.533e+10   1.000e+00
     22   38667.720      39       0  -6.246318800000000e+07   1.664e+10   1.000e+00
     23   39675.925      40       0  -6.246821200000000e+07   1.460e+10   1.000e+00
     24   40680.191      41       0  -6.247044400000000e+07   1.500e+10   1.000e+00
     25   41685.207      42       0  -6.247167600000000e+07   1.628e+10   1.000e+00
     26   42693.573      43       0  -6.247322000000000e+07   1.497e+10   1.000e+00
     27   43695.466      44       0  -6.247379600000000e+07   1.582e+10   1.000e+00
     28   44695.715      45       0  -6.247448000000000e+07   1.519e+10   1.000e+00
     29   45696.605      46       0  -6.247492400000000e+07   1.584e+10   1.000e+00
     30   46699.910      47       0  -6.247612000000000e+07   1.519e+10   1.000e+00
     31   47708.204      48       0  -6.247774000000000e+07   1.553e+10   1.000e+00
     32   48710.082      49       0  -6.247872000000000e+07   1.526e+10   1.000e+00
     33   49710.402      50       0  -6.247895200000000e+07   1.440e+10   1.000e+00
     34   50710.092      51       0  -6.247914000000000e+07   1.463e+10   1.000e+00
     35   51710.230      52       0  -6.247950000000000e+07   1.685e+10   1.000e+00
     36   52711.242      53       0  -6.248014000000000e+07   1.522e+10   1.000e+00
     37   53711.934      54       0  -6.248071200000000e+07   1.472e+10   1.000e+00
     38   54714.875      55       0  -6.248109600000000e+07   1.470e+10   1.000e+00
     39   55721.010      56       0  -6.248119200000000e+07   1.545e+10   1.000e+00
     40   56725.272      57       0  -6.248136800000000e+07   1.601e+10   1.000e+00
     41   57729.262      58       0  -6.248172400000000e+07   1.551e+10   1.000e+00
     42   58731.720      59       0  -6.248242400000000e+07   1.670e+10   1.000e+00
     43   59732.795      60       0  -6.248298000000000e+07   1.522e+10   1.000e+00
     44   60736.846      61       0  -6.248314800000000e+07   1.249e+10   1.000e+00
     45   61738.069      62       0  -6.248327600000000e+07   1.554e+10   1.000e+00
     46   62740.858      63       0  -6.248343600000000e+07   1.668e+10   1.000e+00
     47   63745.266      64       0  -6.248370400000000e+07   1.427e+10   1.000e+00
     48   64749.538      65       0  -6.248371600000000e+07   1.346e+10   1.000e+00
     49   68682.396      69       0  -6.248372000000000e+07   1.731e+10   1.019e-02
     50   69688.579      70       0  -6.248383200000000e+07   1.324e+10   1.000e+00
     51   85352.765      86       0  -6.248383200000000e+07   1.780e+10   7.804e-07
# Termination: function reduction test satisfied
# Iter.   Time (ms)    Eval. Reject.       Obj. Func.           Grad.       Step
# ---------------------------------------------------------------------------------
      0     976.667       1       0  -6.231495600000000e+07   1.121e+10   0.000e+00
      1   12703.981      13       0  -6.231497600000000e+07   2.042e+10   2.390e-17
      2   13702.216      14       0  -6.231616000000000e+07   1.347e+10   1.000e+00
      3   14707.831      15       0  -6.231771600000000e+07   1.209e+10   1.000e+00
      4   15714.988      16       0  -6.232046800000000e+07   1.797e+10   1.000e+00
      5   16722.442      17       0  -6.232482000000000e+07   1.947e+10   1.000e+00
      6   17732.437      18       0  -6.233281600000000e+07   1.828e+10   1.000e+00
      7   18741.467      19       0  -6.234084000000000e+07   1.796e+10   1.000e+00
      8   19747.268      20       0  -6.234274000000000e+07   1.575e+10   1.000e+00
      9   22705.881      23       0  -6.234279200000000e+07   1.751e+10   1.824e-01
     10   24697.814      25       0  -6.234313600000000e+07   1.395e+10   4.185e-01
     11   25698.904      26       0  -6.234463200000000e+07   1.533e+10   1.000e+00
     12   26698.815      27       0  -6.235730000000000e+07   1.565e+10   1.000e+00
     13   27697.989      28       0  -6.237768800000000e+07   1.670e+10   1.000e+00
     14   28697.673      29       0  -6.238114000000000e+07   1.336e+10   1.000e+00
     15   31649.141      32       0  -6.238122400000000e+07   1.784e+10   1.907e-01
     16   32655.216      33       0  -6.238130400000000e+07   1.272e+10   1.000e+00
     17   33663.469      34       0  -6.238324800000000e+07   1.737e+10   1.000e+00
     18   34669.841      35       0  -6.239143600000000e+07   1.536e+10   1.000e+00
     19   35677.450      36       0  -6.239612400000000e+07   1.665e+10   1.000e+00
     20   36682.654      37       0  -6.239867600000000e+07   1.728e+10   1.000e+00
     21   37689.964      38       0  -6.240226800000000e+07   1.527e+10   1.000e+00
     22   38696.488      39       0  -6.240458800000000e+07   1.666e+10   1.000e+00
     23   39705.997      40       0  -6.240955600000000e+07   1.453e+10   1.000e+00
     24   40705.220      41       0  -6.241172000000000e+07   1.496e+10   1.000e+00
     25   41705.645      42       0  -6.241299200000000e+07   1.632e+10   1.000e+00
     26   42713.378      43       0  -6.241472800000000e+07   1.491e+10   1.000e+00
     27   43713.980      44       0  -6.241527600000000e+07   1.560e+10   1.000e+00
     28   44713.361      45       0  -6.241580400000000e+07   1.455e+10   1.000e+00
     29   45713.399      46       0  -6.241614800000000e+07   1.621e+10   1.000e+00
     30   46713.884      47       0  -6.241749600000000e+07   1.513e+10   1.000e+00
     31   47713.739      48       0  -6.241905600000000e+07   1.529e+10   1.000e+00
     32   48714.625      49       0  -6.241967200000000e+07   1.483e+10   1.000e+00
     33   49714.836      50       0  -6.241984000000000e+07   1.430e+10   1.000e+00
     34   50714.887      51       0  -6.242002800000000e+07   1.533e+10   1.000e+00
     35   51715.752      52       0  -6.242046000000000e+07   1.644e+10   1.000e+00
     36   52716.169      53       0  -6.242109600000000e+07   1.520e+10   1.000e+00
     37   53735.908      54       0  -6.242172800000000e+07   1.514e+10   1.000e+00
     38   54735.979      55       0  -6.242214400000000e+07   1.472e+10   1.000e+00
     39   55736.146      56       0  -6.242215600000000e+07   1.510e+10   1.000e+00
     40   56736.636      57       0  -6.242228000000000e+07   1.572e+10   1.000e+00
     41   57766.730      58       0  -6.242257600000000e+07   1.574e+10   1.000e+00
     42   58780.403      59       0  -6.242324800000000e+07   1.653e+10   1.000e+00
     43   59794.894      60       0  -6.242401600000000e+07   1.570e+10   1.000e+00
     44   60807.182      61       0  -6.242437600000000e+07   1.337e+10   1.000e+00
     45   61828.087      62       0  -6.242445200000000e+07   1.469e+10   1.000e+00
     46   62849.228      63       0  -6.242453200000000e+07   1.695e+10   1.000e+00
     47   63867.699      64       0  -6.242480000000000e+07   1.548e+10   1.000e+00
     48   64889.438      65       0  -6.242513600000000e+07   1.508e+10   1.000e+00
     49   65907.796      66       0  -6.242516400000000e+07   1.581e+10   1.000e+00
     50   77684.148      78       0  -6.242516800000000e+07   1.759e+10   1.313e-04
# Termination: variables change test satisfied
# Iter.   Time (ms)    Eval. Reject.       Obj. Func.           Grad.       Step
# ---------------------------------------------------------------------------------
      0     991.760       1       0  -6.172972800000000e+07   1.121e+10   0.000e+00
      1   12715.254      13       0  -6.172974400000000e+07   2.042e+10   2.357e-17
      2   13716.262      14       0  -6.173091600000000e+07   1.347e+10   1.000e+00
      3   14717.104      15       0  -6.173245200000000e+07   1.209e+10   1.000e+00
      4   15716.866      16       0  -6.173518800000000e+07   1.797e+10   1.000e+00
      5   16716.801      17       0  -6.173953200000000e+07   1.947e+10   1.000e+00
      6   17718.016      18       0  -6.174750800000000e+07   1.830e+10   1.000e+00
      7   18719.874      19       0  -6.175545200000000e+07   1.798e+10   1.000e+00
      8   19720.218      20       0  -6.175732800000000e+07   1.575e+10   1.000e+00
      9   22673.818      23       0  -6.175737600000000e+07   1.748e+10   1.815e-01
     10   24657.177      25       0  -6.175771200000000e+07   1.396e+10   4.184e-01
     11   25658.654      26       0  -6.175930000000000e+07   1.521e+10   1.000e+00
     12   26664.715      27       0  -6.177186800000000e+07   1.564e+10   1.000e+00
     13   27671.710      28       0  -6.179215200000000e+07   1.678e+10   1.000e+00
     14   28678.406      29       0  -6.179550000000000e+07   1.335e+10   1.000e+00
     15   31637.214      32       0  -6.179558000000000e+07   1.786e+10   1.880e-01
     16   32638.037      33       0  -6.179560800000000e+07   1.268e+10   1.000e+00
     17   33637.583      34       0  -6.179734000000000e+07   1.739e+10   1.000e+00
     18   34638.543      35       0  -6.180537600000000e+07   1.539e+10   1.000e+00
     19   35641.619      36       0  -6.181022000000000e+07   1.675e+10   1.000e+00
     20   36641.964      37       0  -6.181274000000000e+07   1.732e+10   1.000e+00
     21   37641.326      38       0  -6.181630800000000e+07   1.516e+10   1.000e+00
     22   38641.487      39       0  -6.181845600000000e+07   1.661e+10   1.000e+00
     23   39645.939      40       0  -6.182337200000000e+07   1.469e+10   1.000e+00
     24   40657.398      41       0  -6.182562000000000e+07   1.495e+10   1.000e+00
     25   41658.309      42       0  -6.182690400000000e+07   1.634e+10   1.000e+00
     26   42664.302      43       0  -6.182861600000000e+07   1.477e+10   1.000e+00
     27   43672.602      44       0  -6.182900400000000e+07   1.531e+10   1.000e+00
     28   44679.617      45       0  -6.182918400000000e+07   1.430e+10   1.000e+00
     29   45687.114      46       0  -6.182944000000000e+07   1.617e+10   1.000e+00
     30   46695.219      47       0  -6.183102000000000e+07   1.429e+10   1.000e+00
     31   47696.519      48       0  -6.183255200000000e+07   1.563e+10   1.000e+00
     32   48695.978      49       0  -6.183300000000000e+07   1.452e+10   1.000e+00
     33   49696.459      50       0  -6.183314400000000e+07   1.360e+10   1.000e+00
     34   50696.164      51       0  -6.183334400000000e+07   1.580e+10   1.000e+00
     35   51696.651      52       0  -6.183404000000000e+07   1.566e+10   1.000e+00
     36   52697.049      53       0  -6.183454000000000e+07   1.485e+10   1.000e+00
     37   53697.698      54       0  -6.183509200000000e+07   1.488e+10   1.000e+00
     38   54697.945      55       0  -6.183548400000000e+07   1.583e+10   1.000e+00
     39   55707.740      56       0  -6.183564000000000e+07   1.461e+10   1.000e+00
     40   56707.767      57       0  -6.183571200000000e+07   1.534e+10   1.000e+00
     41   58686.167      59       0  -6.183572000000000e+07   1.736e+10   4.814e-01
     42   59686.769      60       0  -6.183581200000000e+07   1.505e+10   1.000e+00
     43   63618.440      64       0  -6.183581600000000e+07   1.722e+10   8.050e-02
     44   82195.578      83       0  -6.183581600000000e+07   1.895e+10   1.151e-07
# Termination: function reduction test satisfied
# Iter.   Time (ms)    Eval. Reject.       Obj. Func.           Grad.       Step
# ---------------------------------------------------------------------------------
      0     976.421       1       0  -5.587748000000000e+07   1.121e+10   0.000e+00
      1   12708.329      13       0  -5.587749200000000e+07   2.042e+10   2.334e-17
      2   13710.176      14       0  -5.587866000000000e+07   1.347e+10   1.000e+00
      3   14707.174      15       0  -5.588018000000000e+07   1.208e+10   1.000e+00
      4   15705.320      16       0  -5.588288000000000e+07   1.799e+10   1.000e+00
      5   16703.207      17       0  -5.588714000000000e+07   1.947e+10   1.000e+00
      6   17703.624      18       0  -5.589494000000000e+07   1.828e+10   1.000e+00
      7   18704.333      19       0  -5.590272400000000e+07   1.789e+10   1.000e+00
      8   19704.548      20       0  -5.590446400000000e+07   1.565e+10   1.000e+00
      9   23634.579      24       0  -5.590447600000000e+07   1.794e+10   8.101e-02
     10   25612.381      26       0  -5.590448000000000e+07   1.391e+10   3.439e-01
     11   27590.583      28       0  -5.590486800000000e+07   1.597e+10   4.657e-01
     12   28591.792      29       0  -5.591217600000000e+07   1.524e+10   1.000e+00
     13   29592.598      30       0  -5.593398400000000e+07   1.690e+10   1.000e+00
     14   30593.787      31       0  -5.593948400000000e+07   1.546e+10   1.000e+00
     15   33554.812      34       0  -5.593955600000000e+07   1.689e+10   2.038e-01
     16   37484.823      38       0  -5.593958000000000e+07   1.765e+10   6.760e-02
     17   40439.087      41       0  -5.593964800000000e+07   1.504e+10   1.215e-01
     18   60975.815      62       0  -5.593964800000000e+07   2.030e+10   2.956e-09
# Termination: function reduction test satisfied
