obs_id,object_id,object_name,object_name_2MASS,object_name_HIP,object_name_HR,object_name_TYC,object_name_SAO,folder,date_obs,obs_start,obs_end,infrared_filter,irdis_dual_filter,tel_ambi_fwhm_mean,tel_tau0_mean,tel_ambi_windsp,windSpeed_200_asm,seeing_sparta_min,seeing_sparta_max,seeing_sparta_avg,seeing_tel_ia_fwhmlinobs,seeing_tel_ia_fwhmlin,seeing_tel_ia_fwhm,seeing_ambi_fwhm,mass_turbfwhm_asm,mass_fwhm_asm,dimm_fwhm_asm,historical_ambient_fwhm_asm,mass_tau0_asm,mass_tau_asm,historical_ambient_tau_asm,mass_tau0_ms_asm,mass_tau_ms_asm,historical_ambient_tau_ms_asm,tel_ambi_tau0,strehl_sparta_avg,strehl_sparta_max,strehl_sparta_min,flux_K,flux_H,flux_R,flux_G,NAXIS1,n_frames,rot_max,mtime,missing_psf,split,status_obs,comment,found,waffle_amplitude,is_lwe,category,seeing_final,tau_final,analytical_strehl,obs_category,analytical_strehl2,obs_category2,obs_category3
2MASS_J00172353-6645124__2015-10-01__05-06-04,2MASS_J00172353-6645124,2MASS_J00172353-6645124,SCR_J0017-6645,,,,,2MASS J00172353-6645124_DB_H23_2015-09-30_ird_convert_recenter_dc2022_COBREX_335376,2015-10-01T05:06:04.89,2015-10-01T04:39:29.03,2015-10-01T05:32:34.86,DB_H23,B_H,0.7900,1.8000,3.4000,54.4693,0.3051,0.4984,0.3853,1.1800,0.9800,0.8700,1.0000,,,,0.7887,,,0.0018,,,1.8473,1.7000,0.3779,0.4847,0.2563,7.7030,7.9280,11.9430,11.3355,48,48,-17.3792,2022-06-25_19-46-43,0,train,0.0000,interactive,,0.0600,0,1,0.7887,1.8473,0.2089,0,0.3659,0,1
2MASS_J00172353-6645124__2016-09-17__05-06-54,2MASS_J00172353-6645124,2MASS_J00172353-6645124,SCR_J0017-6645,,,,,2MASS J00172353-6645124_DB_H23_2016-09-16_ird_convert_recenter_dc2022_COBREX_329489,2016-09-17T05:06:54.33,2016-09-17T04:23:13.78,2016-09-17T05:51:07.28,DB_H23,B_H,0.6300,18.0000,1.9500,12.7064,-1.0000,-1.0000,-1.0000,1.1500,0.9600,0.8800,0.8000,0.7374,0.2027,0.6394,,0.0173,0.0234,,17.3267,23.4265,,14.9000,-1.0000,-1.0000,-1.0000,7.7030,7.9280,11.9430,11.3355,76,76,-29.3731,2022-06-16_00-59-13,0,val,0.0000,interactive,,0.0300,1,0,0.6394,17.3267,0.6000,0,0.4757,-1,-1
2MASS_J00172353-6645124__2017-11-06__02-01-55,2MASS_J00172353-6645124,2MASS_J00172353-6645124,SCR_J0017-6645,,,,,2MASS J00172353-6645124_DB_H23_2017-11-05_ird_convert_recenter_dc2022_COBREX_332938,2017-11-06T02:01:55.11,2017-11-06T01:35:27.89,2017-11-06T02:28:22.96,DB_H23,B_H,0.7400,9.8000,1.6500,15.6464,0.3723,1.0361,0.5619,1.3500,1.1300,1.0500,1.0000,0.7597,0.3276,0.7137,,0.0099,0.0108,,9.8538,10.8082,,11.6000,0.7187,0.7910,0.6354,7.7030,7.9280,11.9430,11.3355,32,32,-17.4301,2022-06-25_05-06-36,0,train,0.0000,interactive,,0.0400,0,2,0.7137,9.8538,0.5687,1,0.4682,0,2
2MASS_J06255610-6003273__2015-02-07__01-33-14,2MASS_J06255610-6003273,GSC_8894_0426,EUVE_J0625-60.0,,,,,2MASS J06255610-6003273_DB_H23_2015-02-06_ird_convert_recenter_dc2022_COBREX_332501,2015-02-07T01:33:14.57,2015-02-07T00:50:45.65,2015-02-07T02:18:00.59,DB_H23,B_H,0.7100,7.8000,4.0800,16.0588,-1.0000,-1.0000,-1.0000,1.0200,0.9000,0.8300,1.2000,,,,0.6839,,,0.0075,,,7.5227,7.8000,-1.0000,-1.0000,-1.0000,7.2060,7.4700,11.9900,11.0329,76,76,-33.1256,2022-06-25_03-04-16,0,train,0.0000,interactive,,0.0300,0,2,0.6839,7.5227,0.5414,0,0.4510,0,2
2MASS_J07065772-5353463__2017-02-11__02-46-03,2MASS_J07065772-5353463,2MASS_J07065772-5353463,1RXS_J070659.0-535347,,,,,2MASS J07065772-5353463_DB_H23_2017-02-10_ird_convert_recenter_dc2022_COBREX_333618,2017-02-11T02:46:03.16,2017-02-11T02:02:15.46,2017-02-11T03:29:50.63,DB_H23,B_H,0.5200,7.4000,10.2000,36.7228,0.2888,0.5674,0.3881,0.8700,0.7900,0.7500,0.8000,,,0.4806,,,,,,,,12.6000,0.6960,0.7755,0.6137,7.6660,7.8970,11.0900,10.7102,80,80,-38.9737,2022-06-25_08-19-28,0,calib,0.0000,interactive,,0.0500,0,2,0.4806,7.4000,0.7139,1,0.6932,0,2
2MASS_J14081015-4123525__2018-05-18__03-24-26,2MASS_J14081015-4123525,V1032_Cen,CD-40_8434,,,,,2MASS J14081015-4123525_DB_K12_2018-05-17_ird_convert_recenter_dc2022_COBREX_waffles_only_333519,2018-05-18T03:24:26.84,2018-05-18T02:54:22.49,2018-05-18T03:54:32.12,DB_K12,B_Ks,0.6800,3.4000,0.6500,35.9734,0.2976,0.4729,0.3868,0.8400,0.8100,0.7600,1.0000,0.8333,0.3665,0.6696,,0.0033,0.0034,,3.3329,3.3510,,3.2000,0.5569,0.6674,0.3752,8.5420,8.8230,11.7100,11.6060,36,36,-43.1311,2022-06-25_08-01-24,0,train,3.0000,interactive,,0.0800,1,0,0.6696,3.3329,0.4475,0,0.4972,-1,-1
2MASS_J20013718-3313139__2015-09-30__00-10-10,2MASS_J20013718-3313139,2MASS_J20013718-3313139,ASAS_J200136-3313.0,,,,,2MASS J20013718-3313139_DB_H23_2015-09-29_ird_convert_recenter_dc2022_COBREX_329042,2015-09-30T00:10:10.38,2015-09-29T23:35:02.31,2015-09-30T00:45:18.87,DB_H23,B_H,1.0000,4.0000,6.7500,30.6179,0.3131,1.3873,0.5143,0.9200,0.9100,0.8400,1.0000,,,,0.9992,,,0.0030,,,2.9790,2.9000,0.7175,0.7892,0.6047,8.2440,8.4610,11.9200,11.4552,64,64,-87.6604,2022-06-13_12-20-17,0,train,0.0000,interactive,,0.0600,0,2,0.9992,2.9790,0.3573,0,0.4179,0,1
2MASS_J22021626-4210329__2016-06-11__09-29-34,2MASS_J22021626-4210329,2MASS_J22021626-4210329,BPS_CS_22881-0003,,,,,2MASS J22021626-4210329_DB_H23_2016-06-10_ird_convert_recenter_dc2022_COBREX_332619,2016-06-11T09:29:34.28,2016-06-11T08:48:30.66,2016-06-11T09:58:00.99,DB_H23,B_H,0.5500,4.2000,2.5300,53.3757,-1.0000,-1.0000,-1.0000,1.0400,1.0100,0.9500,1.4000,0.6300,0.3750,0.5492,,0.0040,0.0041,,4.0151,4.0949,,5.5000,-1.0000,-1.0000,-1.0000,7.9930,8.2200,,11.2287,49,49,-49.5200,2022-06-25_03-37-05,0,train,0.0000,interactive,,0.0500,1,0,0.5492,4.0151,0.5724,0,0.6314,-1,-1
HD_100453__2016-01-16__07-17-51,HD_100453,HIP56354,,HIP_56354,,TYC_8617-1438-1,SAO_239162,HIP 56354_DB_K12_2016-01-15_ird_convert_recenter_dc2022_COBREX_331428,2016-01-16T07:17:51.19,2016-01-16T07:04:19.68,2016-01-16T07:31:24.52,DB_K12,B_Ks,1.2400,2.5000,0.1300,,0.3810,0.7393,0.5102,1.1000,0.9900,0.8900,1.2000,,,,1.2716,,,0.0027,,,2.7285,1.5000,0.7627,0.7931,0.7064,5.6000,6.3900,,7.7354,176,176,-10.5217,2022-06-22_15-30-29,0,train,0.0000,interactive,,0.0500,1,0,1.2716,2.7285,0.7362,0,0.8363,-1,-1
HD_100453__2016-01-21__05-34-59,HD_100453,HIP56354,,HIP_56354,,TYC_8617-1438-1,SAO_239162,HD 100453B_DB_H23_2016-01-20_ird_convert_recenter_dc2022_COBREX_332108,2016-01-21T05:34:59.85,2016-01-21T05:21:25.84,2016-01-21T05:48:33.64,DB_H23,B_H,0.9100,4.2000,4.2800,,0.4035,0.8564,0.5630,1.2700,1.0600,0.9500,1.2000,,,,0.9071,,,0.0041,,,4.1159,4.3000,0.7992,0.8370,0.7561,5.6000,6.3900,,7.7354,176,176,-7.6309,2022-06-24_22-47-37,0,train,0.0000,interactive,,0.0500,0,2,0.9071,4.1159,0.8281,2,0.8780,1,2
HD_100546__2015-05-04__01-08-29,HD_100546,HIP_56379,,HIP_56379,,TYC_9229-2446-1,SAO_251457,HD 100546b_DB_K12_2015-05-03_ird_convert_recenter_dc2022_COBREX_332593,2015-05-04T01:08:29.21,2015-05-04T00:31:45.65,2015-05-04T01:45:16.03,DB_K12,B_Ks,0.6800,2.1000,6.1000,57.2571,-1.0000,-1.0000,-1.0000,1.2900,1.0400,0.9600,1.0000,,,,0.6912,,,0.0021,,,2.0823,2.4000,-1.0000,-1.0000,-1.0000,5.4180,5.9600,,6.6858,256,256,-23.3145,2022-06-25_03-35-11,0,train,3.0000,interactive,,0.0500,0,1,0.6912,2.0823,0.8491,2,0.9244,2,1
HD_100546__2015-05-29__23-49-24,HD_100546,HIP56379,,HIP_56379,,TYC_9229-2446-1,SAO_251457,HD 100546b_DB_H23_2015-05-29_ird_convert_recenter_dc2022_COBREX_332868,2015-05-29T23:49:24.18,2015-05-29T22:54:40.33,2015-05-30T00:44:08.43,DB_H23,B_H,0.8400,1.7000,8.3200,56.8342,0.2947,0.9080,0.4531,1.2100,0.9700,0.8800,1.0000,,,,0.8235,,,0.0017,,,1.7233,1.6000,0.7397,0.8420,0.5736,5.4180,5.9600,,6.6858,384,384,-34.7346,2022-06-25_04-55-14,0,train,3.0000,interactive,,0.0300,0,1,0.8235,1.7233,0.8056,2,0.9075,2,1
HD_100546__2016-03-27__04-00-49,HD_100546,HIP_56379,,HIP_56379,,TYC_9229-2446-1,SAO_251457,HIP 56379_DB_K12_2016-03-26_ird_convert_recenter_dc2022_COBREX_332196,2016-03-27T04:00:49.48,2016-03-27T03:22:13.71,2016-03-27T04:39:25.35,DB_K12,B_Ks,2.4200,1.0000,13.1300,25.0076,0.8569,2.3159,1.3215,2.0000,1.6100,1.3600,1.0000,,,,2.3757,,,0.0010,,,0.9601,1.1000,0.5800,0.7165,0.3652,5.4180,5.9600,,6.6858,512,512,-24.5370,2022-06-24_23-37-17,0,train,3.0000,interactive,,0.0500,0,0,2.3757,0.9601,0.4088,0,0.6895,0,0
HD_100546__2016-05-31__23-41-26,HD_100546,HIP_56379,,HIP_56379,,TYC_9229-2446-1,SAO_251457,HD 100546b_DB_K12_2016-05-31_ird_convert_recenter_dc2022_COBREX_332556,2016-05-31T23:41:26.75,2016-05-31T22:55:44.59,2016-06-01T00:27:09.27,DB_K12,B_Ks,0.6800,2.4000,11.2000,56.8977,0.2609,1.1491,0.6397,1.4700,1.1800,1.0100,1.0000,0.7222,0.4328,0.6836,,0.0024,0.0028,,2.3736,2.8397,,2.2000,0.5740,0.9876,0.2963,5.4180,5.9600,,6.6858,320,320,-28.8905,2022-06-25_03-23-30,0,train,3.0000,interactive,,0.0400,0,1,0.6836,2.3736,0.8617,2,0.9280,2,1
HD_100546__2018-03-29__04-14-54,HD_100546,HIP_56379,,HIP_56379,,TYC_9229-2446-1,SAO_251457,HD 100546b_DB_K12_2018-03-28_ird_convert_recenter_dc2022_COBREX_333206,2018-03-29T04:14:54.27,2018-03-29T03:47:16.87,2018-03-29T04:42:29.03,DB_K12,B_Ks,0.6800,6.5000,3.1000,20.7720,0.4089,0.6441,0.4828,1.4800,1.2000,1.0500,1.0000,0.7441,0.5186,0.6874,,0.0066,0.0072,,6.5546,7.1979,,8.9000,0.9608,0.9700,0.9431,5.4180,5.9600,,6.6858,192,192,-17.4099,2022-06-25_07-08-38,0,train,3.0000,interactive,,0.0400,0,2,0.6874,6.5546,0.9001,2,0.9377,2,2
HD_101615__2016-06-02__00-32-53,HD_101615,HIP_57013,,HIP_57013,HR_4502,TYC_7749-1616-1,SAO_222960,HIP 57013_DB_H23_2016-06-01_ird_convert_recenter_dc2022_COBREX_332583,2016-06-02T00:32:53.36,2016-06-02T00:06:24.62,2016-06-02T00:59:21.65,DB_H23,B_H,0.5300,3.7000,6.0300,,-1.0000,-1.0000,-1.0000,0.7700,0.7400,0.6800,1.0000,0.5437,0.2938,0.4986,,0.0037,0.0040,,3.6917,4.0083,,4.2000,-1.0000,-1.0000,-1.0000,5.4420,5.5110,,5.5346,48,48,-28.8783,2022-06-25_03-29-48,0,train,0.0000,interactive,,0.0400,0,2,0.4986,3.6917,0.9248,2,0.9642,2,2
HD_102647__2015-05-31__02-07-12,HD_102647,Beta Leo,,HIP_57632,HR_4534,TYC_870-988-1,SAO_99809,HIP 57632_DB_H23_2015-05-30_ird_convert_recenter_dc2022_COBREX_330137,2015-05-31T02:07:12.24,2015-05-31T01:33:48.89,2015-05-31T02:40:34.64,DB_H23,B_H,1.1100,1.1000,6.1500,62.7067,0.6270,1.1578,0.8073,1.8100,1.3700,30.0500,1.0000,,,,1.1177,,,0.0011,,,1.1136,1.1000,0.7972,0.8649,0.5686,1.9000,1.9250,2.0800,,800,800,14.3709,2022-06-16_16-21-39,0,train,0.0000,interactive,,0.0400,0,1,1.1177,1.1136,0.6890,1,0.8794,1,0
HD_102647__2015-05-31__23-39-09,HD_102647,HD_102647 BET_LEO,,HIP_57632,HR_4534,TYC_870-988-1,SAO_99809,HIP 57632_DB_H23_2015-05-31_ird_convert_recenter_dc2022_COBREX_337154,2015-05-31T23:39:09.93,2015-05-31T22:56:34.03,2015-06-01T00:21:47.70,DB_H23,B_H,0.9900,1.3000,5.5000,57.3061,-1.0000,-1.0000,-1.0000,1.3200,1.1300,1.0500,1.0000,,,,1.0190,,,0.0013,,,1.2875,1.1000,-1.0000,-1.0000,-1.0000,1.9000,1.9250,2.0800,,1024,1024,29.7157,2022-07-08_10-03-21,0,test,0.0000,interactive,,0.0400,0,1,1.0190,1.2875,0.7368,1,0.8986,2,0
HD_103599__2015-06-02__23-29-37,HD_103599,HIP_58167,,HIP_58167,,TYC_8631-1431-1,,HIP 58167_DB_H23_2015-06-02_ird_convert_recenter_dc2022_COBREX_332930,2015-06-02T23:29:37.04,2015-06-02T22:54:28.36,2015-06-03T00:04:44.25,DB_H23,B_H,1.1700,3.3000,3.5300,16.1494,0.5118,0.9937,0.6596,1.2200,1.1200,1.0400,1.0000,,,,1.4205,,,0.0032,,,3.2249,2.4000,0.7920,0.8425,0.5856,7.2840,7.3600,,8.1889,64,64,-30.9616,2022-06-25_05-06-36,0,train,0.0000,interactive,,0.0300,0,1,1.4205,3.2249,0.6533,1,0.8206,1,0
HD_104125__2015-06-03__23-27-24,HD_104125,HIP_58465,,HIP_58465,,TYC_8639-313-1,SAO_239550,HIP 58465_DB_H23_2015-06-03_ird_convert_recenter_dc2022_COBREX_330591,2015-06-03T23:27:24.06,2015-06-03T22:52:16.03,2015-06-04T00:02:31.98,DB_H23,B_H,1.1700,2.5000,5.8000,29.2581,0.4621,0.9380,0.6206,1.2800,1.1500,3.0500,1.0000,,,,1.3093,,,0.0025,,,2.4658,2.6000,0.7583,0.8880,0.4752,6.2930,6.3440,,6.7477,64,64,-28.5488,2022-06-17_17-49-16,0,train,0.0000,interactive,,0.0300,0,1,1.3093,2.4658,0.7395,1,0.8645,1,0
HD_104125__2016-03-30__04-41-34,HD_104125,HIP_58465,,HIP_58465,,TYC_8639-313-1,SAO_239550,HIP 58465_DB_H23_2016-03-29_ird_convert_recenter_dc2022_COBREX_328269,2016-03-30T04:41:34.88,2016-03-30T04:06:16.14,2016-03-30T05:16:32.88,DB_H23,B_H,1.3400,2.1000,6.9500,29.3827,0.4397,1.9088,0.7180,1.2800,1.1500,1.1400,1.0000,,,,1.3572,,,0.0020,,,1.9949,2.5000,0.7839,0.8414,0.5137,6.2930,6.3440,,6.7477,52,52,-28.3986,2022-06-08_16-01-40,0,train,0.0000,interactive,,0.0300,0,1,1.3572,1.9949,0.7133,1,0.8543,1,0
HD_105__2015-09-26__03-36-17,HD_105,HIP_490,,HIP_490,,TYC_7526-1226-1,SAO_214961,HIP 490_DB_H23_2015-09-25_ird_convert_recenter_dc2022_COBREX_328348,2015-09-26T03:36:17.23,2015-09-26T02:56:37.64,2015-09-26T04:16:42.20,DB_H23,B_H,1.0600,17.4000,2.3800,58.4576,0.2710,0.6977,0.3974,0.8800,0.8400,0.7900,1.0000,,,,1.0655,,,0.0174,,,17.4002,15.9000,0.7488,0.8043,0.5559,6.1170,6.1890,,7.3956,72,72,-44.9821,2022-06-09_18-42-47,0,train,0.0000,interactive,,0.0600,1,0,1.0655,17.4002,0.8208,0,0.8825,-1,-1
HD_106048__2016-06-13__23-30-15,HD_106048,HIP_59505,,HIP_59505,,TYC_8632-835-1,SAO_239747,HIP 59505_DB_H23_2016-06-13_ird_convert_recenter_dc2022_COBREX_332731,2016-06-13T23:30:15.97,2016-06-13T23:03:43.84,2016-06-13T23:56:45.24,DB_H23,B_H,0.8600,2.5000,10.4300,,-1.0000,-1.0000,-1.0000,1.1600,1.0700,1.0000,1.0000,0.8585,0.5345,0.8632,,0.0025,0.0031,,2.4802,3.0926,,2.1000,-1.0000,-1.0000,-1.0000,7.7010,7.7380,,8.5284,48,48,-23.6663,2022-06-25_03-55-53,0,train,0.0000,interactive,,0.0300,0,1,0.8632,2.4802,0.7009,1,0.8497,1,1
HD_106048__2017-05-07__01-28-26,HD_106048,HIP_59505,,HIP_59505,,TYC_8632-835-1,SAO_239747,HIP 59505_DB_H23_2017-05-06_ird_convert_recenter_dc2022_COBREX_waffles_only_331958,2017-05-07T01:28:26.32,2017-05-07T00:36:54.13,2017-05-07T02:19:58.92,DB_H23,B_H,1.4100,1.7000,14.4800,46.8683,0.4739,1.6267,0.7190,1.1200,1.0300,0.9700,1.0000,,,1.3247,,,,,,,,2.5000,0.4774,0.5724,0.2923,7.7010,7.7380,,8.5284,91,91,-44.9046,2022-06-24_21-58-01,0,train,0.0000,interactive,,0.0800,0,0,1.3247,1.7000,0.5194,0,0.7701,0,0
HD_106048__2018-03-30__03-48-28,HD_106048,HIP_59505,,HIP_59505,,TYC_8632-835-1,SAO_239747,HIP 59505_DB_H23_2018-03-29_ird_convert_recenter_dc2022_COBREX_waffles_only_333267,2018-03-30T03:48:28.48,2018-03-30T02:56:33.72,2018-03-30T04:47:04.04,DB_H23,B_H,0.4500,13.5000,2.8300,11.1715,0.3299,0.7590,0.4517,1.0100,0.9200,0.8500,1.0000,0.4891,0.2243,0.4309,,0.0138,0.0220,,13.7722,21.9537,,16.6000,0.7929,0.8228,0.7474,7.7010,7.7380,,8.5284,60,60,-47.2734,2022-06-25_07-17-02,0,train,0.0000,interactive,,0.0400,0,2,0.4309,13.7722,0.9193,2,0.9230,2,2
HD_107301__2015-06-05__23-37-34,HD_107301,HIP_60183,,HIP_60183,HR_4692,TYC_8987-40-1,SAO_251854,HIP 60183_DB_H23_2015-06-05_ird_convert_recenter_dc2022_COBREX_333016,2015-06-05T23:37:34.37,2015-06-05T23:04:38.33,2015-06-06T00:10:31.14,DB_H23,B_H,1.4100,2.0000,11.1800,26.4433,0.4094,0.9739,0.5905,1.2300,1.0400,0.9700,1.0000,,,,1.4055,,,0.0020,,,1.9767,2.0000,0.8513,0.8840,0.7603,6.2700,6.2770,,6.1956,60,60,-22.1160,2022-06-25_05-27-48,0,train,0.0000,interactive,,0.0300,0,0,1.4055,1.9767,0.7064,1,0.8576,1,0
HD_107301__2016-01-19__06-40-27,HD_107301,HIP_60183,,HIP_60183,HR_4692,TYC_8987-40-1,SAO_251854,HIP 60183_DB_H23_2016-01-18_ird_convert_recenter_dc2022_COBREX_332036,2016-01-19T06:40:27.88,2016-01-19T06:04:52.70,2016-01-19T07:16:03.08,DB_H23,B_H,1.8500,1.7000,9.0500,29.8509,0.6486,1.4013,0.9782,1.6800,1.3300,1.2300,1.0000,,,,1.8812,,,0.0018,,,1.7787,1.5000,0.7517,0.8300,0.6335,6.2700,6.2770,,6.1956,128,128,-20.5240,2022-06-24_22-19-30,0,train,0.0000,interactive,,0.0400,0,0,1.8812,1.7787,0.5904,1,0.7931,0,0
HD_107821__2015-02-04__08-27-21,HD_107821,HIP_60459,,HIP_60459,,TYC_8983-1126-1,SAO_251879,HIP 60459_DB_H23_2015-02-03_ird_convert_recenter_dc2022_COBREX_332271,2015-02-04T08:27:21.49,2015-02-04T07:33:36.87,2015-02-04T09:19:24.93,DB_H23,B_H,0.7400,12.8000,3.3500,7.8920,-1.0000,-1.0000,-1.0000,0.9200,0.7800,0.7300,1.2000,,,,0.7115,,,0.0135,,,13.4809,12.0000,-1.0000,-1.0000,-1.0000,7.0150,7.0510,,7.3909,92,92,-37.1763,2022-06-24_23-54-52,0,train,0.0000,interactive,,0.0300,0,2,0.7115,13.4809,0.8898,2,0.9157,2,2
HD_108767B__2016-06-11__23-43-59,HD_108767B,HD_108767B,,,,TYC_6103-2398-1,SAO_157322,HD 108767B_DB_H23_2016-06-11_ird_convert_recenter_dc2022_COBREX_332664,2016-06-11T23:43:59.05,2016-06-11T23:00:10.53,2016-06-12T00:27:46.61,DB_H23,B_H,0.8400,3.3000,14.0700,50.1780,-1.0000,-1.0000,-1.0000,1.1000,1.0900,1.0200,1.0000,0.8639,0.6770,0.8638,,0.0032,0.0039,,3.1588,3.9299,,3.1000,-1.0000,-1.0000,-1.0000,6.2350,6.3700,,8.1786,80,80,99.2574,2022-06-25_03-45-51,0,train,0.0000,interactive,,0.0400,0,2,0.8638,3.1588,0.7569,1,0.8782,1,2
HD_108767__2018-01-25__08-46-24,HD_108767,del_CrvB,,HIP_60965,HR_4757,TYC_6103-2395-1,SAO_157323,HD 108767B_DB_H23_2018-01-24_ird_convert_recenter_dc2022_COBREX_333060,2018-01-25T08:46:24.06,2018-01-25T08:06:39.02,2018-01-25T09:27:29.94,DB_H23,B_H,0.5900,8.3000,1.1300,22.0071,0.2352,0.4976,0.3172,0.7600,0.7600,0.6900,1.0000,0.6611,0.3520,0.5973,,0.0077,0.0082,,7.6997,8.2265,,10.5000,0.8019,0.8319,0.6117,3.0500,3.0500,2.9900,2.9649,72,72,94.4343,2022-06-25_06-20-51,0,train,0.0000,interactive,,0.0400,0,2,0.5973,7.6997,0.9309,2,0.9691,2,2
HD_109536__2016-04-21__03-19-59,HD_109536,HIP_61468,,HIP_61468,HR_4794,TYC_7762-1974-1,SAO_223542,HIP 61468_DB_H23_2016-04-20_ird_convert_recenter_dc2022_COBREX_328508,2016-04-21T03:19:59.08,2016-04-21T02:47:49.40,2016-04-21T04:01:03.58,DB_H23,B_H,1.6300,2.1000,10.6000,15.6896,0.5614,1.6122,0.8787,1.2600,1.2300,1.1500,0.8000,1.5884,0.6040,1.6448,,0.0021,0.0061,,2.0757,6.0776,,1.7000,0.7554,0.8286,0.5501,4.5710,4.7080,,5.0668,216,216,-55.0011,2022-06-10_16-08-05,0,train,0.0000,interactive,,0.0300,0,0,1.6448,2.0757,0.6605,1,0.8373,1,0
HD_109536__2018-06-18__23-28-19,HD_109536,HIP_61468,,HIP_61468,HR_4794,TYC_7762-1974-1,SAO_223542,HIP 61468_DB_H23_2018-06-18_ird_convert_recenter_dc2022_COBREX_333591,2018-06-18T23:28:19.74,2018-06-18T23:01:40.63,2018-06-18T23:54:59.72,DB_H23,B_H,1.9200,1.5000,11.3800,,0.7999,1.6918,1.1077,1.6400,1.6000,1.4400,1.0000,1.8683,1.1451,1.9168,,0.0016,0.0030,,1.5524,3.0305,,1.5000,0.7360,0.8221,0.5102,4.5710,4.7080,,5.0668,48,48,-40.6089,2022-06-25_08-14-33,0,calib,0.0000,interactive,,0.0200,0,0,1.9168,1.5524,0.5730,1,0.7922,0,0
HD_109573__2015-02-03__08-45-39,HD_109573,TWA_11,,HIP_61498,HR_4796,TYC_7762-1973-1,SAO_203621,HIP 61498_DB_H23_2015-02-02_ird_convert_recenter_dc2022_COBREX_328689,2015-02-03T08:45:39.43,2015-02-03T08:14:15.07,2015-02-03T09:17:02.24,DB_H23,B_H,0.6700,11.9000,3.6000,11.5889,-1.0000,-1.0000,-1.0000,0.7400,0.7300,0.6600,1.2000,,,,0.6541,,,0.0120,,,11.9853,12.8000,-1.0000,-1.0000,-1.0000,5.7690,5.7940,7.2500,5.7832,112,112,-48.5053,2022-06-10_20-18-53,0,train,3.0000,interactive,,0.0300,0,2,0.6541,11.9853,0.9023,2,0.9256,2,2
HD_110411__2016-06-11__00-13-20,HD_110411,HIP_61960,,HIP_61960,HR_4828,TYC_878-1102-1,SAO_100211,HIP 61960_DB_H23_2016-06-10_ird_convert_recenter_dc2022_COBREX_332615,2016-06-11T00:13:20.25,2016-06-10T23:34:00.09,2016-06-11T00:52:40.98,DB_H23,B_H,0.7100,2.7000,5.2500,50.6506,-1.0000,-1.0000,-1.0000,1.1700,1.0400,0.9700,1.4000,0.7274,0.4962,0.6885,,0.0026,0.0027,,2.6101,2.7090,,2.3000,-1.0000,-1.0000,-1.0000,4.6780,4.7610,4.8000,4.8502,72,72,30.2266,2022-06-25_03-37-27,0,train,0.0000,interactive,,0.0400,0,1,0.6885,2.6101,0.8785,2,0.9492,2,1
HD_113457__2016-04-17__04-19-01,HD_113457,HIP_63839,,HIP_63839,,TYC_8997-1463-1,SAO_252144,HIP 63839_DB_H23_2016-04-16_ird_convert_recenter_dc2022_COBREX_330189,2016-04-17T04:19:01.62,2016-04-17T03:35:13.77,2016-04-17T05:02:48.53,DB_H23,B_H,0.8300,3.3000,9.4300,46.3885,0.4377,1.5005,0.6908,1.3300,1.1300,1.0000,0.8000,0.8155,0.3976,0.8210,,0.0032,0.0045,,3.2028,4.4807,,3.4000,0.7233,0.7940,0.5343,6.6400,6.6470,,6.6337,80,80,-30.4166,2022-06-16_16-58-47,0,calib,0.0000,interactive,,0.0300,0,2,0.8210,3.2028,0.8563,2,0.9221,2,2
HD_115383__2015-05-06__03-19-20,HD_115383,HIP_64792,,HIP_64792,HR_5011,TYC_891-624-1,SAO_119847,HIP_64792_DB_H23_2015-05-05_ird_convert_recenter_dc2022_COBREX_330124,2015-05-06T03:19:20.27,2015-05-06T02:41:30.28,2015-05-06T03:57:09.24,DB_H23,B_H,0.8900,1.9000,1.7500,48.4663,-1.0000,-1.0000,-1.0000,0.9100,0.8100,0.7500,1.4000,,,,0.8779,,,0.0019,,,1.8796,1.9000,-1.0000,-1.0000,-1.0000,4.0330,4.1070,4.8000,5.0398,896,896,29.6223,2022-06-16_16-28-01,0,train,0.0000,interactive,,0.0300,1,0,0.8779,1.8796,0.8159,0,0.9245,-1,-1
HD_115383__2015-06-03__01-11-22,HD_115383,HIP_64792,,HIP_64792,HR_5011,TYC_891-624-1,SAO_119847,HIP_64792_DB_H23_2015-06-02_ird_convert_recenter_dc2022_COBREX_332931,2015-06-03T01:11:22.00,2015-06-03T00:34:44.18,2015-06-03T01:47:59.06,DB_H23,B_H,1.3000,2.8000,2.0500,16.2174,0.4579,1.0272,0.6540,1.2700,1.1300,1.0500,1.0000,,,,1.6710,,,0.0027,,,2.7239,4.6000,0.8703,0.9115,0.7918,4.0330,4.1070,4.8000,5.0398,256,256,28.8594,2022-06-25_05-09-58,0,calib,0.0000,interactive,,0.0400,1,0,1.6710,2.7239,0.6714,0,0.8400,-1,-1
HD_115383__2015-06-05__01-31-11,HD_115383,HIP_64792,,HIP_64792,HR_5011,TYC_891-624-1,SAO_119847,HIP_64792_DB_K12_2015-06-04_ird_convert_recenter_dc2022_COBREX_332991,2015-06-05T01:31:11.83,2015-06-05T00:54:33.89,2015-06-05T02:07:50.27,DB_K12,B_Ks,1.7900,1.4000,13.7500,27.4562,0.5194,1.3298,0.7429,1.3900,1.2300,1.1600,1.4000,,,,1.7619,,,0.0014,,,1.4275,1.3000,0.8403,0.9077,0.6315,4.0330,4.1070,4.8000,5.0398,256,256,27.9601,2022-06-25_05-20-43,0,calib,0.0000,interactive,,0.0400,0,0,1.7619,1.4275,0.5977,1,0.8110,1,0
HD_115383__2015-06-06__01-30-46,HD_115383,HIP_64792,,HIP_64792,HR_5011,TYC_891-624-1,SAO_119847,HIP_64792_DB_Y23_2015-06-05_ird_convert_recenter_dc2022_COBREX_333017,2015-06-06T01:30:46.56,2015-06-06T00:45:03.83,2015-06-06T02:18:01.12,DB_Y23,B_Y,1.3500,2.2000,10.4300,26.5149,0.3389,0.7836,0.5216,1.1000,0.9600,0.8800,1.4000,,,,1.3335,,,0.0022,,,2.2440,2.6000,0.9072,0.9345,0.8566,4.0330,4.1070,4.8000,5.0398,1792,1792,35.2501,2022-06-25_06-16-45,1,,,,,0.0400,0,1,1.3335,2.2440,0.7376,1,0.8795,1,0
2MASS_J00172353-6645124__2015-10-01__05-06-04,HD_115383,HIP_64792,,HIP_64792,HR_5011,TYC_891-624-1,SAO_119847,HIP_64792_DB_J23_2015-06-06_ird_convert_recenter_dc2022_COBREX_333092,2015-06-07T01:38:47.66,2015-06-07T01:00:20.01,2015-06-07T02:17:17.89,DB_J23,B_J,1.9500,1.4000,11.6500,21.1502,-1.0000,-1.0000,-1.0000,1.5400,1.3600,1.2000,1.4000,,,,1.9770,,,0.0014,,,1.3777,1.3000,-1.0000,-1.0000,-1.0000,4.0330,4.1070,4.8000,5.0398,512,512,28.4241,2022-06-25_06-35-54,0,train,0.0000,interactive,,0.0400,0,0,1.9770,1.3777,0.5467,0,0.7802,0,0
HD_115383__2016-03-29__05-49-19,HD_115383,HIP_64792,,HIP_64792,HR_5011,TYC_891-624-1,SAO_119847,HIP_64792_DB_H23_2016-03-28_ird_convert_recenter_dc2022_COBREX_waffles_only_332318,2016-03-29T05:49:19.26,2016-03-29T05:11:23.55,2016-03-29T06:32:02.79,DB_H23,B_H,1.1000,2.1000,10.2000,19.0031,0.2977,0.9851,0.4982,1.1500,1.0300,0.8300,1.0000,,,,1.1097,,,0.0021,,,2.0844,1.4000,0.8925,0.9357,0.7282,4.0330,4.1070,4.8000,5.0398,104,104,31.2393,2022-06-25_00-26-17,0,train,0.0000,interactive,,0.0300,0,1,1.1097,2.0844,0.7801,1,0.9035,2,1
HD_115383__2017-02-10__08-50-22,HD_115383,HIP_64792,,HIP_64792,HR_5011,TYC_891-624-1,SAO_119847,HIP_64792_DB_H23_2017-02-09_ird_convert_recenter_dc2022_COBREX_waffles_only_333577,2017-02-10T08:50:22.29,2017-02-10T08:09:36.83,2017-02-10T09:29:12.83,DB_H23,B_H,0.7800,3.4000,7.8300,35.9474,0.3797,1.2179,0.6368,1.1700,1.0400,1.0100,1.4000,,,0.7757,,,,,,,,2.6000,0.8221,0.9121,0.5566,4.0330,4.1070,4.8000,5.0398,112,112,31.1881,2022-06-25_08-12-48,0,train,0.0000,interactive,,0.0200,0,2,0.7757,3.4000,0.8775,2,0.9454,2,2
HD_115383__2018-04-13__04-58-18,HD_115383,HIP_64792,,HIP_64792,HR_5011,TYC_891-624-1,SAO_119847,HIP_64792_DB_H23_2018-04-12_ird_convert_recenter_dc2022_COBREX_waffles_only_333317,2018-04-13T04:58:18.18,2018-04-13T04:18:49.55,2018-04-13T05:37:44.18,DB_H23,B_H,0.3400,14.2000,1.7000,18.2432,0.1903,0.3608,0.2340,0.8300,0.7400,0.6900,1.0000,0.4320,0.2435,0.3333,,0.0135,0.0163,,13.4983,16.2893,,10.5000,0.9407,0.9514,0.9255,4.0330,4.1070,4.8000,5.0398,90,90,30.2492,2022-06-25_07-31-02,0,train,0.0000,interactive,,0.0200,0,2,0.3333,13.4983,0.9708,2,0.9840,2,2
HD_115470__2016-04-01__05-36-30,HD_115470,HIP_64892,,HIP_64892,,TYC_7786-2677-1,SAO_224047,HIP 64892_DB_H23_2016-03-31_ird_convert_recenter_dc2022_COBREX_332351,2016-04-01T05:36:30.34,2016-04-01T05:01:21.77,2016-04-01T06:11:38.92,DB_H23,B_H,0.8400,2.2000,3.4500,30.6047,0.1906,0.3994,0.2710,0.7600,0.7300,0.6700,1.4000,,,,0.8402,,,0.0022,,,2.2412,2.3000,0.8336,0.8596,0.7806,6.8320,6.8790,,6.7989,64,64,-44.7010,2022-06-25_00-33-22,0,test,0.0000,interactive,,0.0300,0,1,0.8402,2.2412,0.8281,2,0.9107,2,1
HD_115470__2017-02-08__08-45-15,HD_115470,HIP_64892,,HIP_64892,,TYC_7786-2677-1,SAO_224047,HIP 64892_DB_K12_2017-02-07_ird_convert_recenter_dc2022_COBREX_waffles_only_333508,2017-02-08T08:45:15.77,2017-02-08T08:00:53.05,2017-02-08T09:37:22.18,DB_K12,B_Ks,0.7800,8.3000,6.0000,32.6432,0.2807,0.8114,0.3963,0.8100,0.7800,0.7300,1.0000,,,0.7848,,,,,,,,7.3000,0.8470,0.8707,0.7799,6.8320,6.8790,,6.7989,72,72,-60.8967,2022-06-25_07-59-52,0,train,0.0000,interactive,,0.0400,0,2,0.7848,8.3000,0.8838,2,0.9275,2,2
HD_115600__2015-06-04__01-05-14,HD_115600,HIP64995,,HIP_64995,,TYC_8661-1329-1,SAO_240737,HIP 64995_DB_H23_2015-06-03_ird_convert_recenter_dc2022_COBREX_330592,2015-06-04T01:05:14.65,2015-06-04T00:30:05.27,2015-06-04T01:40:23.31,DB_H23,B_H,1.1500,2.9000,3.9000,28.2594,0.4506,1.2142,0.6503,1.2800,1.1300,1.0600,1.0000,,,,1.1724,,,0.0029,,,2.8557,2.4000,0.7241,0.7707,0.6216,7.3370,7.3850,,8.1483,64,64,-27.3238,2022-06-17_17-49-29,0,train,3.0000,interactive,,0.0300,0,1,1.1724,2.8557,0.6835,1,0.8437,1,1
HD_115600__2017-05-08__02-57-36,HD_115600,HIP64995,,HIP_64995,,TYC_8661-1329-1,SAO_240737,HIP 64995_DB_J23_2017-05-07_ird_convert_recenter_dc2022_COBREX_331982,2017-05-08T02:57:36.05,2017-05-08T02:24:48.39,2017-05-08T03:30:24.60,DB_J23,B_J,1.4600,2.1000,16.1800,50.6603,-1.0000,-1.0000,-1.0000,1.3000,1.1500,1.0600,1.0000,,,1.4752,,,,,,,,2.1000,-1.0000,-1.0000,-1.0000,7.3370,7.3850,,8.1483,60,60,-25.5184,2022-06-24_22-01-57,0,train,3.0000,interactive,,0.0600,0,0,1.4752,2.1000,0.5606,1,0.7888,0,0
HD_116434__2016-05-31__01-33-30,HD_116434,HIP_65426,,HIP_65426,,TYC_8260-1526-1,SAO_240811,HIP 65426_DB_H23_2016-05-30_ird_convert_recenter_dc2022_COBREX_330202,2016-05-31T01:33:30.37,2016-05-31T00:58:21.13,2016-05-31T02:08:38.83,DB_H23,B_H,0.8400,2.6000,7.3500,57.2493,0.3984,1.4557,0.6713,1.1700,1.0900,1.0400,1.0000,0.8984,0.4383,0.8555,,0.0025,0.0029,,2.5346,2.9150,,2.1000,0.6009,0.7294,0.3475,6.7710,6.8530,,6.9986,64,64,-34.2228,2022-06-16_17-05-19,0,train,0.0000,interactive,,0.0400,0,1,0.8555,2.5346,0.8317,2,0.9065,2,1
HD_116434__2016-06-26__23-59-43,HD_116434,HIP_65426,,HIP_65426,,TYC_8260-1526-1,SAO_240811,HIP 65426_DB_H23_2016-06-26_ird_convert_recenter_dc2022_COBREX_332785,2016-06-26T23:59:43.84,2016-06-26T23:15:56.46,2016-06-27T00:43:30.95,DB_H23,B_H,0.6900,2.9000,2.2300,45.7964,-1.0000,-1.0000,-1.0000,1.1200,1.0400,0.9800,1.0000,0.7507,0.4163,0.6868,,0.0029,0.0030,,2.9174,2.9902,,3.1000,-1.0000,-1.0000,-1.0000,6.7710,6.8530,,6.9986,80,80,-42.1808,2022-06-25_04-11-12,0,train,0.0000,interactive,,0.0500,1,0,0.6868,2.9174,0.8705,0,0.9234,-1,-1
HD_116434__2017-02-07__08-36-46,HD_116434,HIP_65426,,HIP_65426,,TYC_8260-1526-1,SAO_240811,HIP 65426_DB_H23_2017-02-06_ird_convert_recenter_dc2022_COBREX_waffles_only_333440,2017-02-07T08:36:46.04,2017-02-07T07:50:18.33,2017-02-07T09:23:13.35,DB_H23,B_H,0.5800,7.2000,8.8000,30.0416,0.2776,0.6751,0.3935,1.0500,0.9700,243.4400,1.0000,,,0.5777,,,,,,,,5.8000,0.8416,0.8700,0.7943,6.7710,6.8530,,6.9986,80,80,-44.2689,2022-06-25_07-49-27,0,train,0.0000,interactive,,0.0400,0,2,0.5777,7.2000,0.9152,2,0.9386,2,2
HD_116434__2017-02-09__08-53-33,HD_116434,HIP_65426,,HIP_65426,,TYC_8260-1526-1,SAO_240811,HIP 65426_DB_K12_2017-02-08_ird_convert_recenter_dc2022_COBREX_waffles_only_331189,2017-02-09T08:53:33.48,2017-02-09T08:05:35.54,2017-02-09T09:47:50.48,DB_K12,B_Ks,0.8100,6.3000,7.0500,29.9080,0.0162,0.9906,0.4739,0.9400,0.8800,0.8000,1.0000,,,0.7981,,,,,,,,4.4000,0.7627,0.9999,0.6253,6.7710,6.8530,,6.9986,72,72,-49.0979,2022-06-22_13-58-22,0,test,0.0000,interactive,,0.0400,0,2,0.7981,6.3000,0.8749,2,0.9201,2,2
HD_116434__2018-05-13__03-08-58,HD_116434,HIP_65426,,HIP_65426,,TYC_8260-1526-1,SAO_240811,NAME HIP 65426 b_DB_K12_2018-05-12_ird_convert_recenter_dc2022_COBREX_waffles_only_328670,2018-05-13T03:08:58.07,2018-05-13T02:35:32.41,2018-05-13T03:42:22.06,DB_K12,B_Ks,0.7500,4.4000,8.3200,34.4290,0.2892,0.9910,0.5316,1.0300,0.9600,0.8900,1.0000,0.8274,0.3697,0.7871,,0.0042,0.0067,,4.1680,6.6557,,4.3000,0.8082,0.8597,0.7234,6.7710,6.8530,,6.9986,40,40,-31.6184,2022-06-10_20-14-08,0,test,0.0000,interactive,,0.0400,0,2,0.7871,4.1680,0.8677,2,0.9188,2,2
HD_118100__2016-06-27__23-49-18,HD_118100,HIP_66252,,HIP_66252,,TYC_5545-686-1,SAO_139419,HIP 66252_DB_H23_2016-06-27_ird_convert_recenter_dc2022_COBREX_328656,2016-06-27T23:49:18.50,2016-06-27T23:14:08.62,2016-06-28T00:24:27.22,DB_H23,B_H,0.8000,3.8000,11.0500,32.0589,-1.0000,-1.0000,-1.0000,1.1100,1.0800,1.0200,1.0000,0.8622,0.4322,0.8296,,0.0036,0.0063,,3.6083,6.3250,,2.8000,-1.0000,-1.0000,-1.0000,6.1160,6.3120,8.6020,8.7372,64,64,52.0442,2022-06-10_20-11-56,0,test,0.0000,interactive,,0.0500,0,2,0.8296,3.6083,0.7739,1,0.8686,1,2
HD_118588__2015-05-15__02-41-39,HD_118588,HIP_66566,,HIP_66566,,TYC_7800-1497-1,SAO_224303,HIP 66566_DB_H23_2015-05-14_ird_convert_recenter_dc2022_COBREX_329512,2015-05-15T02:41:39.95,2015-05-15T02:15:10.67,2015-05-15T03:08:07.57,DB_H23,B_H,0.5600,8.2000,6.1300,17.9369,-1.0000,-1.0000,-1.0000,0.7300,0.7000,0.6500,1.0000,,,,0.5630,,,0.0081,,,8.1151,8.6000,-1.0000,-1.0000,-1.0000,7.3360,7.3920,,7.5344,48,48,-33.6535,2022-06-16_06-19-32,0,train,0.0000,interactive,,0.0400,0,2,0.5630,8.1151,0.9072,2,0.9198,2,2
HD_118697__2016-06-02__02-08-17,HD_118697,HIP_66651,,HIP_66651,,TYC_8663-2082-1,SAO_241045,HIP 66651_DB_H23_2016-06-01_ird_convert_recenter_dc2022_COBREX_332584,2016-06-02T02:08:17.03,2016-06-02T01:24:26.92,2016-06-02T02:52:04.54,DB_H23,B_H,0.4400,5.3000,3.3300,54.6310,-1.0000,-1.0000,-1.0000,0.8300,0.7600,0.7100,1.0000,0.5274,0.2356,0.4599,,0.0052,0.0055,,5.1811,5.5185,,3.4000,-1.0000,-1.0000,-1.0000,7.3340,7.3720,,7.3349,80,80,-38.2930,2022-06-25_03-30-37,0,train,0.0000,interactive,,0.0400,0,2,0.4599,5.1811,0.9202,2,0.9336,2,2
HD_122705__2015-03-31__05-47-53,HD_122705,HIP_68781,,HIP_68781,,TYC_8272-294-1,SAO_224654,HIP 68781_DB_H23_2015-03-30_ird_convert_recenter_dc2022_COBREX_332532,2015-03-31T05:47:53.85,2015-03-31T05:12:31.11,2015-03-31T06:23:12.26,DB_H23,B_H,0.8500,2.8000,13.1000,,-1.0000,-1.0000,-1.0000,0.9200,0.8600,0.8000,1.2000,,,,0.8498,,,0.0028,,,2.7947,3.3000,-1.0000,-1.0000,-1.0000,7.3410,7.4250,,7.6324,64,64,-35.0545,2022-06-25_03-10-37,0,train,0.0000,interactive,,0.0300,0,1,0.8498,2.7947,0.8256,2,0.8844,1,1
HD_122705__2016-03-30__06-08-16,HD_122705,HIP_68781,,HIP_68781,,TYC_8272-294-1,SAO_224654,HIP 68781_DB_H23_2016-03-29_ird_convert_recenter_dc2022_COBREX_waffles_only_328274,2016-03-30T06:08:16.51,2016-03-30T05:41:09.40,2016-03-30T06:35:25.16,DB_H23,B_H,0.8600,3.1000,5.1800,29.8178,0.2885,0.6154,0.3860,1.7700,1.6600,56.3000,1.0000,,,,0.8508,,,0.0030,,,3.0333,3.4000,0.7670,0.7950,0.7269,7.3410,7.4250,,7.6324,40,40,-27.7344,2022-06-08_16-04-29,0,test,0.0000,interactive,,0.0300,0,2,0.8508,3.0333,0.8298,2,0.8854,1,1
HD_125451__2016-06-12__01-39-47,HD_125451,HIP_69989,,HIP_69989,HR_5365,TYC_915-1442-1,SAO_100975,HIP 69989_DB_H23_2016-06-11_ird_convert_recenter_dc2022_COBREX_332665,2016-06-12T01:39:47.57,2016-06-12T01:04:09.11,2016-06-12T02:15:25.05,DB_H23,B_H,1.0300,2.5000,15.7800,47.8481,-1.0000,-1.0000,-1.0000,1.4600,1.2700,1.1600,1.0000,1.0425,0.8341,1.0560,,0.0024,0.0033,,2.4487,3.3305,,1.9000,-1.0000,-1.0000,-1.0000,4.3940,4.5380,,5.2890,128,128,25.9683,2022-06-25_03-46-58,0,train,0.0000,interactive,,0.0400,0,1,1.0560,2.4487,0.8026,2,0.9105,2,1
HD_128819__2016-04-17__06-04-03,HD_128819,HIP_71724,,HIP_71724,,TYC_7823-2493-1,SAO_225106,HIP 71724_DB_H23_2016-04-16_ird_convert_recenter_dc2022_COBREX_330190,2016-04-17T06:04:03.92,2016-04-17T05:28:56.43,2016-04-17T06:39:12.26,DB_H23,B_H,0.9100,2.8000,12.4500,47.3690,0.3994,1.1317,0.5869,1.0200,0.9900,3.4500,0.8000,0.8217,0.3838,0.8853,,0.0029,0.0050,,2.9016,5.0168,,3.2000,0.7429,0.8031,0.5779,6.7750,6.8320,,6.6393,64,64,-49.9924,2022-06-16_16-58-47,0,test,0.0000,interactive,,0.0300,0,1,0.8853,2.9016,0.8389,2,0.9146,2,1
HD_128819__2017-03-19__07-35-26,HD_128819,HIP_71724,,HIP_71724,,TYC_7823-2493-1,SAO_225106,HD 128819B_DB_H23_2017-03-18_ird_convert_recenter_dc2022_COBREX_waffles_only_335317,2017-03-19T07:35:26.61,2017-03-19T06:49:10.62,2017-03-19T08:21:17.57,DB_H23,B_H,0.6300,8.6000,1.6300,23.4495,0.2334,0.7744,0.3894,1.0000,0.9700,0.7100,1.4000,,,0.6274,,,,,,,,7.5000,0.8490,0.8887,0.7703,6.7750,6.8320,,6.6393,77,77,-67.6098,2022-06-25_19-06-14,0,train,0.0000,interactive,,0.0400,1,0,0.6274,8.6000,0.9142,0,0.9444,-1,-1
HD_128987__2016-06-01__02-51-53,HD_128987,HIP_71743,,HIP_71743,,TYC_6154-999-1,SAO_158720,HIP 71743_DB_H23_2016-05-31_ird_convert_recenter_dc2022_COBREX_332557,2016-06-01T02:51:53.67,2016-06-01T02:25:03.90,2016-06-01T03:18:42.84,DB_H23,B_H,0.8400,2.2000,8.4800,56.7658,0.4566,0.9255,0.6234,1.0400,1.0300,0.9600,1.0000,0.8444,0.4233,0.8255,,0.0021,0.0024,,2.0972,2.3839,,2.3000,0.6284,0.7598,0.3255,5.5310,5.6290,6.8370,7.0578,96,96,69.3824,2022-06-25_03-18-48,0,train,0.0000,interactive,,0.0400,0,1,0.8255,2.0972,0.8245,2,0.9095,2,1
HD_131399__2016-05-07__04-28-37,HD_131399,HD131399,,HIP_72940,,,SAO_206071,HIP 72940_DB_K12_2016-05-06_ird_convert_recenter_dc2022_COBREX_332437,2016-05-07T04:28:37.67,2016-05-07T04:13:02.80,2016-05-07T04:44:12.19,DB_K12,B_Ks,0.7800,3.2000,10.5700,,0.3819,0.7986,0.5631,1.0400,1.0300,0.9800,1.2000,0.8173,0.4135,0.7980,,0.0032,0.0046,,3.1695,4.5803,,3.6000,0.7324,0.7852,0.6681,6.6430,6.7080,8.3300,,56,56,-39.6362,2022-06-25_02-25-54,0,test,0.0000,interactive,,0.0500,0,2,0.7980,3.1695,0.7656,1,0.8783,1,2
HD_131835__2015-05-14__04-10-05,HD_131835,HIP_73145,,HIP_73145,,TYC_7310-1747-1,SAO_206117,HIP 73145_DB_H23_2015-05-13_ird_convert_recenter_dc2022_COBREX_330126,2015-05-14T04:10:05.40,2015-05-14T03:34:46.42,2015-05-14T04:45:24.06,DB_H23,B_H,0.5900,8.6000,5.4700,15.0980,-1.0000,-1.0000,-1.0000,0.8500,0.8300,0.5600,1.0000,,,,0.5886,,,0.0085,,,8.4676,9.0000,-1.0000,-1.0000,-1.0000,7.5240,7.5640,,7.8813,64,64,-72.6562,2022-06-16_16-01-50,0,train,3.0000,faint disk --> draw rectangular box full diagonal x 120 pix,,0.0400,0,2,0.5886,8.4676,0.8925,2,0.8990,2,2
HD_133803__2016-04-21__05-24-48,HD_133803,HIP_73990,,HIP_73990,,TYC_6773-783-1,SAO_183191,HIP 73990_DB_H23_2016-04-20_ird_convert_recenter_dc2022_COBREX_328607,2016-04-21T05:24:48.41,2016-04-21T04:49:41.10,2016-04-21T05:59:57.90,DB_H23,B_H,2.2700,1.5000,10.9000,15.3263,0.8287,1.8831,1.2728,1.6100,1.6000,1.4600,0.8000,2.2950,1.2776,2.3236,,0.0015,0.0033,,1.4665,3.3076,,1.4000,0.4455,0.5564,0.3616,7.3210,7.3620,,8.0785,64,64,-93.8481,2022-06-10_20-00-32,0,train,0.0000,interactive,,0.0300,0,0,2.3236,1.4665,0.3261,0,0.6477,0,0
HD_133803__2016-06-28__01-37-21,HD_133803,HIP_73990,,HIP_73990,,TYC_6773-783-1,SAO_183191,HIP 73990_DB_K12_2016-06-27_ird_convert_recenter_dc2022_COBREX_328657,2016-06-28T01:37:21.81,2016-06-28T00:53:32.09,2016-06-28T02:21:09.61,DB_K12,B_Ks,1.4800,2.0000,15.8500,31.5234,-1.0000,-1.0000,-1.0000,1.3500,1.3400,2.4500,1.0000,1.2790,0.4216,1.3951,,0.0020,0.0058,,1.9924,5.8082,,1.1000,-1.0000,-1.0000,-1.0000,7.3210,7.3620,,8.0785,80,80,-127.4690,2022-06-10_20-13-19,0,train,0.0000,interactive,,0.0500,0,0,1.3951,1.9924,0.5620,1,0.7954,0,0
HD_138204__2016-03-29__07-23-28,HD_138204,HIP_76063,,HIP_76063,HR_5751,TYC_7836-1128-1,SAO_206736,HIP 76063_DB_H23_2016-03-28_ird_convert_recenter_dc2022_COBREX_332313,2016-03-29T07:23:28.01,2016-03-29T06:48:18.09,2016-03-29T07:58:36.18,DB_H23,B_H,1.3300,1.5000,13.7300,18.2849,0.3449,1.6244,0.6985,1.1700,1.1400,2.7400,1.0000,,,,1.5248,,,0.0015,,,1.4980,1.9000,0.7996,0.8802,0.5450,5.7150,5.7690,,6.1937,64,64,-55.9299,2022-06-25_00-23-29,0,test,0.0000,interactive,,0.0300,0,1,1.5248,1.4980,0.6510,1,0.8340,1,0
HD_140840__2016-04-21__07-08-29,HD_140840,HIP_77317,,HIP_77317,,TYC_7336-1113-1,SAO_206969,HIP 77317_DB_H23_2016-04-20_ird_convert_recenter_dc2022_COBREX_328608,2016-04-21T07:08:29.45,2016-04-21T06:33:19.98,2016-04-21T07:43:37.65,DB_H23,B_H,2.1300,1.5000,12.1000,17.3487,0.6861,2.0193,1.1943,1.5600,1.5300,1.3500,0.8000,1.9794,0.9218,2.0616,,0.0016,0.0040,,1.5529,4.0293,,2.0000,0.4990,0.6209,0.3671,7.3610,7.4060,,7.3478,64,64,-56.5720,2022-06-11_12-00-05,0,train,0.0000,interactive,,0.0300,0,0,2.0616,1.5529,0.5282,0,0.7408,0,0
HD_141190__2015-03-31__08-08-20,HD_141190,HIP_77457,,HIP_77457,,TYC_6790-1216-1,SAO_183818,HIP 77457_DB_H23_2015-03-30_ird_convert_recenter_dc2022_COBREX_332533,2015-03-31T08:08:20.98,2015-03-31T07:34:39.04,2015-03-31T08:45:15.10,DB_H23,B_H,0.9400,2.1000,16.7300,,-1.0000,-1.0000,-1.0000,0.8100,0.8000,0.7400,1.2000,,,,0.9400,,,0.0021,,,2.1198,1.7000,-1.0000,-1.0000,-1.0000,7.2760,7.3670,,7.9114,60,60,-115.4226,2022-06-25_03-10-33,0,train,0.0000,interactive,,0.0300,0,1,0.9400,2.1198,0.7809,1,0.8554,1,1
HD_141190__2015-06-09__03-06-49,HD_141190,HIP77457,,HIP_77457,,TYC_6790-1216-1,SAO_183818,HIP 77457_DB_K12_2015-06-08_ird_convert_recenter_dc2022_COBREX_333133,2015-06-09T03:06:49.54,2015-06-09T02:52:48.16,2015-06-09T03:20:50.76,DB_K12,B_Ks,0.9100,4.0000,4.7000,22.3071,0.3620,0.6340,0.4414,0.9300,0.9200,0.8800,1.2000,,,,0.9200,,,0.0040,,,4.0231,3.2000,0.7901,0.8214,0.7345,7.2760,7.3670,,7.9114,96,96,-49.8098,2022-06-25_06-43-16,1,,,,,0.0500,0,2,0.9200,4.0231,0.8192,2,0.8663,1,2
HD_141378__2015-06-05__03-13-45,HD_141378,HIP_77464,,HIP_77464,HR_5875,TYC_5026-903-1,SAO_140775,HIP 77464_DB_H23_2015-06-04_ird_convert_recenter_dc2022_COBREX_332992,2015-06-05T03:13:45.59,2015-06-05T02:38:37.60,2015-06-05T03:48:53.09,DB_H23,B_H,1.5400,1.6000,11.5300,26.6700,0.5113,1.0596,0.6879,1.1800,1.1300,1.0600,1.0000,,,,1.6489,,,0.0016,,,1.5869,1.4000,0.8350,0.8772,0.7444,5.2560,5.2670,,5.5114,64,64,39.4190,2022-06-25_05-16-48,0,train,0.0000,interactive,,0.0300,0,0,1.6489,1.5869,0.6336,1,0.8266,1,0
HD_141943__2016-05-25__03-43-09,HD_141943,HD 141943,,,,TYC_7846-1538-1,SAO_226339,HD 141943_BB_H_2016-05-24_ird_convert_recenter_dc2022_COBREX_332487,2016-05-25T03:43:09.46,2016-05-25T03:05:31.66,2016-05-25T04:20:48.50,BB_H,B_H,0.6200,3.6000,1.5000,48.4244,0.2882,0.6199,0.4289,0.9300,0.8900,0.8300,1.0000,0.7443,0.3281,0.6162,,0.0036,0.0037,,3.6319,3.6620,,4.0000,0.6678,0.7950,0.4992,6.3420,6.4130,,7.7945,264,264,-46.2575,2022-06-25_03-01-00,0,train,3.0000,interactive,,0.0400,1,0,0.6162,3.6319,0.8734,0,0.8979,-1,-1
HD_141943__2016-05-31__03-34-49,HD_141943,TYC_7846_1538_1,,,,TYC_7846-1538-1,SAO_226339,HD 141943_DB_H23_2016-05-30_ird_convert_recenter_dc2022_COBREX_330203,2016-05-31T03:34:49.59,2016-05-31T02:59:40.74,2016-05-31T04:09:57.99,DB_H23,B_H,0.9200,2.4000,9.0700,55.5820,0.4602,0.8784,0.6181,1.1600,1.1200,5.4400,1.0000,0.9119,0.4346,0.8796,,0.0024,0.0031,,2.4331,3.0556,,2.7000,0.6185,0.7003,0.4376,6.3420,6.4130,,7.7945,64,64,-46.6361,2022-06-16_17-04-50,0,train,3.0000,faint edge-on disk --> draw rectangular box 400x60 pix,,0.0400,0,1,0.8796,2.4331,0.8066,2,0.8708,1,1
HD_141943__2017-04-30__05-57-20,HD_141943,TYC_7846_1538_1,,,,TYC_7846-1538-1,SAO_226339,HD 141943_DB_H23_2017-04-29_ird_convert_recenter_dc2022_COBREX_331899,2017-04-30T05:57:20.55,2017-04-30T05:13:32.93,2017-04-30T06:41:06.93,DB_H23,B_H,0.5200,5.3000,8.5300,27.1402,0.2572,0.6204,0.3980,0.8300,0.8100,0.7500,1.0000,,,0.5111,,,,,,,,3.7000,0.8303,0.8647,0.7840,6.3420,6.4130,,7.7945,80,80,-60.3713,2022-06-24_21-42-49,0,train,3.0000,faint edge-on disk --> draw rectangular box 400x60 pix,,0.0400,0,2,0.5111,5.3000,0.9003,2,0.9079,2,2
HD_14228__2015-09-26__07-10-54,HD_14228,HIP_10602,,HIP_10602,HR_674,TYC_8055-1270-1,SAO_232696,HIP 10602_DB_H23_2015-09-25_ird_convert_recenter_dc2022_COBREX_328350,2015-09-26T07:10:54.33,2015-09-26T06:32:20.92,2015-09-26T07:49:27.80,DB_H23,B_H,0.9000,13.4000,3.6000,59.9552,0.2745,0.6507,0.3814,0.8800,0.8200,0.7700,1.0000,,,,0.8856,,,0.0116,,,11.6483,11.5000,0.8731,0.9155,0.7432,3.8600,3.8200,3.6400,3.5560,512,512,-36.7125,2022-06-09_18-53-39,0,test,0.0000,interactive,,0.0400,0,2,0.8856,11.6483,0.8806,2,0.9438,2,2
HD_14228__2016-09-17__07-03-47,HD_14228,HIP_10602,,HIP_10602,HR_674,TYC_8055-1270-1,SAO_232696,HIP 10602_DB_H23_2016-09-16_ird_convert_recenter_dc2022_COBREX_330218,2016-09-17T07:03:47.94,2016-09-17T06:21:20.15,2016-09-17T07:43:13.80,DB_H23,B_H,0.5600,19.9000,1.6800,11.0901,-1.0000,-1.0000,-1.0000,0.8900,0.8300,103.3900,0.8000,0.6750,0.1999,0.5619,,0.0205,0.0357,,20.5269,35.7356,,16.7000,-1.0000,-1.0000,-1.0000,3.8600,3.8200,3.6400,3.5560,512,512,-40.2497,2022-06-16_17-39-51,0,train,0.0000,interactive,,0.0300,1,0,0.5619,20.5269,0.9420,0,0.9726,-1,-1
HD_14228__2017-09-01__08-08-21,HD_14228,HIP 10602,,HIP_10602,HR_674,TYC_8055-1270-1,SAO_232696,HIP 10602_DB_K12_2017-08-31_ird_convert_recenter_dc2022_COBREX_332135,2017-09-01T08:08:21.17,2017-09-01T08:06:30.58,2017-09-01T08:10:11.48,DB_K12,B_Ks,0.6100,3.9000,4.0500,,-1.0000,-1.0000,-1.0000,0.8900,0.8300,0.7900,1.0000,0.7900,0.3853,0.5990,,0.0038,0.0043,,3.8497,4.2947,,3.8000,-1.0000,-1.0000,-1.0000,3.8600,3.8200,3.6400,3.5560,12,12,-1.7215,2022-06-24_22-51-40,0,train,0.0000,interactive,,0.0500,0,2,0.5990,3.8497,0.9149,2,0.9644,2,2
HD_14228__2017-09-01__08-36-51,HD_14228,HIP 10602,,HIP_10602,HR_674,TYC_8055-1270-1,SAO_232696,HIP 10602_DB_K12_2017-08-31_ird_convert_recenter_dc2022_COBREX_332136,2017-09-01T08:36:51.72,2017-09-01T08:12:14.49,2017-09-01T09:01:28.81,DB_K12,B_Ks,0.6100,3.8000,4.3000,32.8428,0.3104,0.6013,0.4215,0.9300,0.8700,0.8100,1.0000,0.6970,0.3937,0.6119,,0.0038,0.0042,,3.7921,4.1846,,3.9000,0.8930,0.9184,0.8599,3.8600,3.8200,3.6400,3.5560,296,296,-24.1958,2022-06-24_23-03-04,0,train,0.0000,interactive,,0.0500,0,2,0.6119,3.7921,0.9122,2,0.9632,2,2
HD_142705__2015-05-09__04-57-46,HD_142705,HIP_78099,,HIP_78099,,TYC_6779-760-1,SAO_183958,HIP 78099_DB_H23_2015-05-08_ird_convert_recenter_dc2022_COBREX_332685,2015-05-09T04:57:46.68,2015-05-09T04:36:05.77,2015-05-09T05:12:57.15,DB_H23,B_H,0.7500,2.3000,7.9500,43.8448,-1.0000,-1.0000,-1.0000,0.9600,0.9600,0.8900,1.0000,,,,0.7470,,,0.0023,,,2.3251,2.2000,-1.0000,-1.0000,-1.0000,7.1830,7.2780,,7.7088,26,26,8.5918,2022-06-25_03-49-01,0,train,0.0000,interactive,,0.0300,0,1,0.7470,2.3251,0.8294,2,0.8861,1,1
HD_142851__2015-06-03__04-11-46,HD_142851,HIP_78196,,HIP_78196,,TYC_7329-908-1,SAO_207168,HIP 78196_DB_H23_2015-06-02_ird_convert_recenter_dc2022_COBREX_332932,2015-06-03T04:11:46.36,2015-06-03T03:36:38.78,2015-06-03T04:46:53.87,DB_H23,B_H,1.0300,4.4000,7.6800,15.2738,0.3167,0.6762,0.4468,0.8400,0.8400,0.7900,1.0000,,,,1.0305,,,0.0044,,,4.4280,3.2000,0.8998,0.9266,0.8626,7.0320,7.1200,,7.0241,64,64,-91.8449,2022-06-25_05-07-12,0,train,0.0000,interactive,,0.0300,0,1,1.0305,4.4280,0.8209,2,0.8951,2,1
HD_143488__2015-05-09__06-23-56,HD_143488,HIP_78541,,HIP_78541,,TYC_7341-1092-1,SAO_207246,HIP 78541_DB_H23_2015-05-08_ird_convert_recenter_dc2022_COBREX_332686,2015-05-09T06:23:56.15,2015-05-09T05:57:18.01,2015-05-09T06:50:34.19,DB_H23,B_H,0.9000,1.9000,8.1300,44.9719,-1.0000,-1.0000,-1.0000,1.0000,0.9700,0.9100,1.0000,,,,0.8956,,,0.0019,,,1.8967,1.9000,-1.0000,-1.0000,-1.0000,6.9670,7.0090,,6.9856,48,48,-36.4340,2022-06-25_03-49-33,0,train,0.0000,interactive,,0.0400,0,1,0.8956,1.8967,0.7997,2,0.8965,2,1
HD_143488__2015-05-19__06-12-06,HD_143488,HIP78541,,HIP_78541,,TYC_7341-1092-1,SAO_207246,HIP 78541_DB_K12_2015-05-18_ird_convert_recenter_dc2022_COBREX_waffles_only_332854,2015-05-19T06:12:06.05,2015-05-19T05:55:29.43,2015-05-19T06:28:42.68,DB_K12,B_Ks,1.0200,4.1000,5.7500,18.9035,-1.0000,-1.0000,-1.0000,1.0300,0.9900,0.9300,1.2000,,,,0.9539,,,0.0042,,,4.1808,4.9000,-1.0000,-1.0000,-1.0000,6.9670,7.0090,,6.9856,4,4,-14.9909,2022-06-25_04-40-51,1,,,,,0.0500,0,1,0.9539,4.1808,0.8357,2,0.9035,2,2
HD_143488__2016-06-11__03-31-24,HD_143488,HIP_78541,,HIP_78541,,TYC_7341-1092-1,SAO_207246,HIP 78541_DB_H23_2016-06-10_ird_convert_recenter_dc2022_COBREX_332616,2016-06-11T03:31:24.47,2016-06-11T02:55:48.11,2016-06-11T04:06:58.49,DB_H23,B_H,0.7600,3.1000,3.3800,52.7455,-1.0000,-1.0000,-1.0000,1.0200,1.0000,0.9300,1.0000,0.8075,0.5613,0.7511,,0.0030,0.0031,,3.0242,3.1082,,5.6000,-1.0000,-1.0000,-1.0000,6.9670,7.0090,,6.9856,65,65,-67.9741,2022-06-25_03-37-37,0,train,0.0000,interactive,,0.0400,0,2,0.7511,3.0242,0.8615,2,0.9189,2,1
HD_143567__2015-05-04__06-05-18,HD_143567,HIP_78530,,HIP_78530,,TYC_6212-1713-1,SAO_184043,HIP 78530_DB_H23_2015-05-03_ird_convert_recenter_dc2022_COBREX_332594,2015-05-04T06:05:18.54,2015-05-04T05:16:32.26,2015-05-04T06:52:03.68,DB_H23,B_H,0.6500,2.3000,4.2200,53.3408,-1.0000,-1.0000,-1.0000,0.8300,0.8300,0.7700,1.4000,,,,0.6433,,,0.0023,,,2.3022,2.7000,-1.0000,-1.0000,-1.0000,6.9030,6.9460,7.8700,7.1624,60,60,147.9516,2022-06-25_03-31-32,0,train,0.0000,interactive,,0.0300,0,1,0.6433,2.3022,0.8405,2,0.8847,1,1
HD_143637__2015-06-01__04-01-40,HD_143637,HD_143637,,HIP_78581,,TYC_7329-1646-1,SAO_207263,HIP 78581_DB_H23_2015-05-31_ird_convert_recenter_dc2022_COBREX_330153,2015-06-01T04:01:40.05,2015-06-01T03:26:33.37,2015-06-01T04:36:47.91,DB_H23,B_H,1.1800,1.2000,3.2800,56.7442,0.4076,1.1736,0.6151,1.1500,1.1400,1.1300,1.0000,,,,1.1496,,,0.0012,,,1.1902,1.0000,0.5346,0.6804,0.2538,7.5620,7.6360,,8.9290,64,64,-106.1448,2022-06-16_16-27-03,0,calib,0.0000,interactive,not found,0.0400,0,1,1.1496,1.1902,0.3949,0,0.7114,0,0
HD_143637__2015-06-04__03-02-47,HD_143637,HIP_78581,,HIP_78581,,TYC_7329-1646-1,SAO_207263,HIP 78581_DB_H23_2015-06-03_ird_convert_recenter_dc2022_COBREX_330593,2015-06-04T03:02:47.15,2015-06-04T02:22:47.11,2015-06-04T04:22:30.39,DB_H23,B_H,1.0400,2.8000,8.3000,26.3549,0.3062,0.9982,0.5103,1.0000,0.9800,0.9000,1.0000,,,,1.1343,,,0.0028,,,2.7906,3.1000,0.8122,0.8549,0.7058,7.5620,7.6360,,8.9290,68,68,-123.5640,2022-06-17_17-49-55,0,train,0.0000,interactive,,0.0300,0,1,1.1343,2.7906,0.6684,1,0.8092,1,1
HD_143637__2015-06-04__05-01-24,HD_143637,HIP_78581,,HIP_78581,,TYC_7329-1646-1,SAO_207263,HIP 78581_DB_K12_2015-06-03_ird_convert_recenter_dc2022_COBREX_330594,2015-06-04T05:01:24.26,2015-06-04T04:26:14.61,2015-06-04T05:36:31.92,DB_K12,B_Ks,1.2000,2.6000,8.4800,25.6347,0.3221,0.7232,0.4547,0.8400,0.8200,0.7600,1.0000,,,,1.1879,,,0.0027,,,2.6714,2.5000,0.8145,0.8504,0.7429,7.5620,7.6360,,8.9290,64,64,-31.3424,2022-06-17_17-49-30,0,train,0.0000,interactive,,0.0500,0,1,1.1879,2.6714,0.6504,1,0.8013,0,1
HD_143637__2017-03-20__08-45-00,HD_143637,HIP_78581,,HIP_78581,,TYC_7329-1646-1,SAO_207263,HIP 78581_DB_H23_2017-03-19_ird_convert_recenter_dc2022_COBREX_waffles_only_335348,2017-03-20T08:45:00.91,2017-03-20T08:02:04.72,2017-03-20T09:25:54.49,DB_H23,B_H,0.7700,4.5000,4.6500,31.7377,0.2917,0.9985,0.4411,0.9400,0.9300,0.8700,1.4000,,,0.8006,,,,,,,,3.1000,0.7815,0.8165,0.6603,7.5620,7.6360,,8.9290,67,67,-115.9709,2022-06-25_19-14-28,0,train,0.0000,interactive,,0.0400,0,2,0.8006,4.5000,0.7945,1,0.8583,1,2
HD_1466__2015-10-26__03-01-44,HD_1466,HIP1481,,HIP_1481,,TYC_8843-1330-1,SAO_248159,HIP 1481_DB_H23_2015-10-25_ird_convert_recenter_dc2022_COBREX_330596,2015-10-26T03:01:44.41,2015-10-26T02:26:35.35,2015-10-26T03:36:52.06,DB_H23,B_H,1.0700,1.4000,1.7700,49.8784,0.4586,1.3992,0.6814,1.3200,1.1300,1.0500,1.4000,,,,1.1671,,,0.0015,,,1.5273,1.1000,0.6198,0.7273,0.3646,6.1490,6.2480,,7.3392,64,64,-24.9978,2022-06-17_17-50-27,0,train,0.0000,interactive,,0.0500,1,0,1.1671,1.5273,0.7156,0,0.8506,-1,-1
HD_1466__2016-09-18__05-32-12,HD_1466,HIP_1481,,HIP_1481,,TYC_8843-1330-1,SAO_248159,HIP 1481_DB_H23_2016-09-17_ird_convert_recenter_dc2022_COBREX_330641,2016-09-18T05:32:12.81,2016-09-18T04:48:27.35,2016-09-18T06:15:59.34,DB_H23,B_H,0.8000,4.9000,10.2300,8.2899,-1.0000,-1.0000,-1.0000,1.3600,1.1600,1.0700,1.0000,0.8079,0.5865,0.7942,,0.0049,0.0098,,4.9410,9.7616,,6.0000,-1.0000,-1.0000,-1.0000,6.1490,6.2480,,7.3392,80,80,-31.0696,2022-06-17_18-17-52,0,train,0.0000,interactive,,0.0300,0,2,0.7942,4.9410,0.8646,2,0.9078,2,2
HD_147553__2015-05-30__05-02-09,HD_147553,HIP80324,,HIP_80324,HR_6097,,,HIP 80324_DB_H23_2015-05-29_ird_convert_recenter_dc2022_COBREX_332869,2015-05-30T05:02:09.17,2015-05-30T04:18:28.02,2015-05-30T05:40:23.73,DB_H23,B_H,0.7200,1.8000,7.6800,58.4200,0.2588,0.6388,0.3428,0.7800,0.7700,0.7100,1.0000,,,,0.7327,,,0.0018,,,1.8215,1.6000,0.7765,0.8325,0.5560,,,,,136,136,-88.8515,2022-06-25_04-48-19,0,train,0.0000,interactive,,0.0300,0,1,0.7327,1.8215,0.8405,2,0.9409,2,1
HD_147553__2016-03-28__08-37-36,HD_147553,HIP_80324,,HIP_80324,HR_6097,,,HIP 80324_DB_H23_2016-03-27_ird_convert_recenter_dc2022_COBREX_waffles_only_332292,2016-03-28T08:37:36.27,2016-03-28T08:10:47.61,2016-03-28T09:04:23.53,DB_H23,B_H,3.2600,0.8000,11.6300,13.4854,1.2185,2.2548,1.6574,2.0200,2.0000,1.7200,1.4000,,,,3.2508,,,0.0008,,,0.7826,0.8000,0.4928,0.6087,0.3812,,,,,45,45,-70.3199,2022-06-25_00-07-28,0,train,0.0000,interactive,,0.0300,0,0,3.2508,0.7826,0.2431,0,0.5671,0,0
HD_147553__2016-04-17__07-54-03,HD_147553,HIP_80324,,HIP_80324,HR_6097,,,HIP 80324_DB_H23_2016-04-16_ird_convert_recenter_dc2022_COBREX_waffles_only_330195,2016-04-17T07:54:03.84,2016-04-17T07:11:34.85,2016-04-17T08:36:32.83,DB_H23,B_H,1.8200,1.4000,13.5700,48.6769,0.5793,1.5987,0.9933,1.2900,1.2700,1.2000,1.0000,1.5158,0.8199,1.8061,,0.0015,0.0031,,1.5212,3.1155,,1.3000,0.5945,0.7193,0.4581,,,,,78,78,-83.1440,2022-06-16_17-01-16,1,,,,not found,0.0300,0,0,1.8061,1.5212,0.5972,1,0.8112,1,0
HD_147553__2018-06-18__03-58-47,HD_147553,HIP_80324,,HIP_80324,HR_6097,,,HD 147553A_DB_H23_2018-06-17_ird_convert_recenter_dc2022_COBREX_waffles_only_333549,2018-06-18T03:58:47.43,2018-06-18T03:25:12.13,2018-06-18T04:32:21.87,DB_H23,B_H,3.3800,1.0000,16.9000,9.2176,1.0358,2.2031,1.7897,3.1100,3.0500,1.6600,1.0000,3.0533,2.4820,3.1707,,,0.0015,,,1.4660,,1.0000,0.4066,0.7081,0.3365,,,,,40,40,-59.2457,2022-06-25_08-07-17,0,train,0.0000,interactive,,0.1000,0,0,3.1707,1.0000,0.2851,0,0.5949,0,0
HD_148055__2015-04-05__07-36-58,HD_148055,HIP80591,,HIP_80591,,TYC_7857-394-1,SAO_207673,HIP 80591_DB_K12_2015-04-04_ird_convert_recenter_dc2022_COBREX_332553,2015-04-05T07:36:58.86,2015-04-05T07:12:19.01,2015-04-05T08:01:32.83,DB_K12,B_Ks,1.0800,2.0000,1.6800,33.2696,-1.0000,-1.0000,-1.0000,0.8900,0.8700,0.8200,1.2000,,,,1.1547,,,0.0020,,,2.0082,2.2000,-1.0000,-1.0000,-1.0000,7.8310,7.8560,,8.2943,320,320,-33.4133,2022-06-25_03-22-40,0,,1.0000,interactive,,0.0500,1,0,1.1547,2.0082,0.6023,0,0.8147,-1,-1
HD_148055__2016-03-29__08-59-17,HD_148055,HIP_80591,,HIP_80591,,TYC_7857-394-1,SAO_207673,HIP 80591_DB_H23_2016-03-28_ird_convert_recenter_dc2022_COBREX_332314,2016-03-29T08:59:17.14,2016-03-29T08:24:08.40,2016-03-29T09:34:25.32,DB_H23,B_H,1.6700,1.4000,11.8800,18.7007,0.4724,1.2701,0.8294,1.2200,1.1900,1.1200,1.0000,,,,1.6732,,,0.0014,,,1.3762,1.2000,0.6082,0.7980,0.5124,7.8310,7.8560,,8.2943,64,64,-54.2841,2022-06-25_00-23-28,0,train,0.0000,interactive,,0.0300,0,0,1.6732,1.3762,0.3975,0,0.7118,0,0
HD_15115__2015-10-26__04-40-45,HD_15115,HIP11360,,HIP_11360,,TYC_45-990-1,SAO_110532,HIP 11360_DB_H23_2015-10-25_ird_convert_recenter_dc2022_COBREX_330597,2015-10-26T04:40:45.65,2015-10-26T04:05:37.82,2015-10-26T05:15:53.16,DB_H23,B_H,0.8200,1.2000,3.2000,49.9029,0.3382,0.9617,0.5146,1.0500,0.9500,0.8900,1.4000,,,,1.0938,,,0.0015,,,1.5378,1.9000,0.7461,0.8093,0.4509,5.8220,5.8600,,6.6945,64,64,29.6376,2022-06-17_17-50-28,0,calib,3.0000,"edge-on disk, draw rectangular box 600 x 40 pix",,0.0500,0,1,1.0938,1.5378,0.7399,1,0.8766,1,1
HD_151726__2016-04-01__09-11-13,HD_151726,HIP_82430,,HIP_82430,,TYC_7868-1175-1,SAO_208083,HIP 82430_DB_H23_2016-03-31_ird_convert_recenter_dc2022_COBREX_332352,2016-04-01T09:11:13.85,2016-04-01T08:24:52.01,2016-04-01T10:04:53.12,DB_H23,B_H,1.0600,1.8000,6.0000,31.5162,0.2889,0.7584,0.4029,0.8400,0.8200,0.7600,1.0000,,,,1.0226,,,0.0019,,,1.8765,2.4000,0.7841,0.8280,0.7251,7.2610,7.2610,,7.2240,80,80,-78.5460,2022-06-25_00-33-49,0,train,0.0000,interactive,,0.0300,0,1,1.0226,1.8765,0.7706,1,0.8765,1,1
HD_151726__2017-05-18__06-18-50,HD_151726,HIP_82430,,HIP_82430,,TYC_7868-1175-1,SAO_208083,HIP 82430_DB_H23_2017-05-17_ird_convert_recenter_dc2022_COBREX_waffles_only_330651,2017-05-18T06:18:50.91,2017-05-18T05:35:49.89,2017-05-18T06:59:20.17,DB_H23,B_H,0.9200,2.5000,11.6000,65.1993,0.5439,1.2319,0.8052,1.1900,1.1700,1.1000,1.0000,,,0.9595,,,,,,,,2.3000,0.6356,0.7207,0.5262,7.2610,7.2610,,7.2240,68,68,-64.8128,2022-06-17_18-20-54,0,train,0.0000,interactive,,0.0500,0,1,0.9595,2.5000,0.8070,2,0.8893,1,1
HD_151798__2016-06-12__03-47-07,HD_151798,HIP_82388,,HIP_82388,,TYC_5637-61-1,SAO_160122,1RXS J165005.1-122315_DB_H23_2016-06-11_ird_convert_recenter_dc2022_COBREX_332666,2016-06-12T03:47:07.38,2016-06-12T03:11:57.76,2016-06-12T04:22:15.75,DB_H23,B_H,1.1100,2.5000,10.3500,44.1007,-1.0000,-1.0000,-1.0000,1.1700,1.1500,1.0900,1.0000,1.0864,0.8346,1.0902,,0.0024,0.0031,,2.4491,3.1237,,2.8000,-1.0000,-1.0000,-1.0000,6.4800,6.5990,,7.7858,64,64,58.9373,2022-06-25_03-45-53,0,val,0.0000,interactive,,0.0400,0,1,1.0902,2.4491,0.7664,1,0.8511,1,1
HD_152391__2015-06-05__05-03-34,HD_152391,V2292_OPH,,HIP_82588,,TYC_5051-1354-1,SAO_121921,HIP 82588_DB_H23_2015-06-04_ird_convert_recenter_dc2022_COBREX_332993,2015-06-05T05:03:34.47,2015-06-05T04:28:24.88,2015-06-05T05:38:42.52,DB_H23,B_H,1.6600,1.4000,14.0500,26.5128,0.4932,0.9621,0.6642,1.2300,1.1500,1.0700,1.0000,,,,1.6597,,,0.0014,,,1.3983,1.5000,0.8270,0.8631,0.7397,4.8350,4.9420,,6.4405,64,64,35.0348,2022-06-25_05-16-55,0,train,0.0000,interactive,,0.0300,0,0,1.6597,1.3983,0.6115,1,0.8107,1,0
HD_156097__2016-06-28__03-39-05,HD_156097,TYC_7362_0724_1,,,,TYC_7362-724-1,SAO_208623,HD 156097_DB_H23_2016-06-27_ird_convert_recenter_dc2022_COBREX_328658,2016-06-28T03:39:05.43,2016-06-28T03:08:18.57,2016-06-28T04:09:50.34,DB_H23,B_H,1.5200,1.8000,15.6800,28.3354,-1.0000,-1.0000,-1.0000,1.3700,1.3700,1.2800,1.0000,1.2119,0.7010,1.4479,,0.0019,0.0035,,1.9090,3.4915,,2.1000,-1.0000,-1.0000,-1.0000,7.7990,7.8430,,9.3652,56,56,-94.1072,2022-06-10_20-12-32,0,,1.0000,"missing reductions, but PACO, cADI finished + too many sources --> out",,0.0500,0,0,1.4479,1.9090,0.5127,0,0.7169,0,0
HD_159492__2016-06-11__05-40-25,HD_159492,HIP_86305,,HIP_86305,HR_6549,TYC_8733-2365-1,SAO_244896,HIP 86305_DB_H23_2016-06-10_ird_convert_recenter_dc2022_COBREX_332617,2016-06-11T05:40:25.79,2016-06-11T05:12:55.28,2016-06-11T06:13:31.58,DB_H23,B_H,0.6200,3.2000,3.2000,53.4849,-1.0000,-1.0000,-1.0000,1.2200,1.1100,1.0600,1.0000,0.6753,0.6140,0.6330,,0.0032,0.0032,,3.1773,3.2195,,3.3000,-1.0000,-1.0000,-1.0000,4.7800,4.8660,,5.2087,95,95,-25.9217,2022-06-25_03-38-11,0,train,0.0000,interactive,,0.0400,0,2,0.6330,3.1773,0.8983,2,0.9548,2,2
HD_159911__2015-05-12__07-17-59,HD_159911,BD-13_4687,,,,TYC_5672-216-1,,HD 159911_DB_H23_2015-05-11_ird_convert_recenter_dc2022_COBREX_332783,2015-05-12T07:17:59.43,2015-05-12T06:42:37.22,2015-05-12T07:53:17.89,DB_H23,B_H,0.8300,3.4000,2.6000,26.1925,-1.0000,-1.0000,-1.0000,0.7800,0.7600,0.7000,1.0000,,,,0.8319,,,0.0036,,,3.5720,2.7000,-1.0000,-1.0000,-1.0000,6.8350,7.0200,,9.5607,64,64,65.2939,2022-06-25_04-08-49,0,train,0.0000,interactive,,0.0400,1,0,0.8319,3.5720,0.7313,0,0.7916,-1,-1
HD_159911__2016-04-16__09-34-10,HD_159911,BD-13_4687,,,,TYC_5672-216-1,,HD 159911_DB_H23_2016-04-15_ird_convert_recenter_dc2022_COBREX_waffles_only_332399,2016-04-16T09:34:10.46,2016-04-16T08:46:38.96,2016-04-16T10:26:06.10,DB_H23,B_H,0.5400,4.8000,7.4500,41.2077,0.2214,0.6901,0.3629,0.8800,0.8400,0.7600,0.8000,0.6193,0.3123,0.5768,,0.0044,0.0061,,4.3726,6.1337,,6.8000,0.7738,0.8151,0.7036,6.8350,7.0200,,9.5607,80,80,54.5905,2022-06-25_02-12-06,0,test,0.0000,interactive,,0.0300,0,2,0.5768,4.3726,0.7938,1,0.8161,1,2
HD_159911__2016-05-22__06-07-40,HD_159911,BD-13_4687,,,,TYC_5672-216-1,,HD 159911_DB_H23_2016-05-21_ird_convert_recenter_dc2022_COBREX_332467,2016-05-22T06:07:40.95,2016-05-22T05:29:21.99,2016-05-22T06:45:59.95,DB_H23,B_H,0.4800,5.9000,7.2500,34.4977,0.2630,0.4795,0.3500,0.8200,0.8100,0.7500,0.8000,0.5202,0.3178,0.4826,,0.0058,0.0079,,5.8481,7.8858,,5.9000,0.7509,0.7981,0.6640,6.8350,7.0200,,9.5607,70,70,71.4837,2022-06-25_02-44-41,0,train,0.0000,interactive,,0.0300,0,2,0.4826,5.8481,0.8308,2,0.8278,1,2
HD_159911__2018-04-12__09-18-25,HD_159911,BD-13_4687,,,,TYC_5672-216-1,,HD 159911_DB_H23_2018-04-11_ird_convert_recenter_dc2022_COBREX_waffles_only_333282,2018-04-12T09:18:25.38,2018-04-12T08:36:38.20,2018-04-12T10:00:09.71,DB_H23,B_H,0.3500,6.8000,2.2500,21.5875,0.2027,0.4078,0.2877,0.7900,0.7700,0.7100,1.0000,0.4398,0.2789,0.3501,,0.0069,0.0071,,6.9308,7.0584,,6.9000,0.7794,0.8145,0.7449,6.8350,7.0200,,9.5607,50,50,72.7179,2022-06-25_07-22-42,0,train,0.0000,interactive,,0.0400,0,2,0.3501,6.9308,0.8564,2,0.8372,1,2
HD_160305__2015-05-13__07-26-52,HD_160305,HIP_86598,,HIP_86598,,TYC_8355-1885-1,SAO_244950,HIP 86598_DB_H23_2015-05-12_ird_convert_recenter_dc2022_COBREX_332819,2015-05-13T07:26:52.73,2015-05-13T06:51:31.59,2015-05-13T08:02:10.74,DB_H23,B_H,0.9400,3.7000,2.1000,24.1759,-1.0000,-1.0000,-1.0000,0.7400,0.6900,0.6400,1.0000,,,,0.9341,,,0.0037,,,3.6696,4.5000,-1.0000,-1.0000,-1.0000,6.9920,7.0920,,8.1954,64,64,-34.6040,2022-06-25_04-22-00,0,val,0.0000,interactive,,0.0400,1,0,0.9341,3.6696,0.7669,0,0.8775,-1,-1
HD_160305__2016-05-23__06-09-39,HD_160305,HIP_86598,,HIP_86598,,TYC_8355-1885-1,SAO_244950,HIP 86598_BB_H_2016-05-22_ird_convert_recenter_dc2022_COBREX_waffles_only_328494,2016-05-23T06:09:39.11,2016-05-23T05:21:49.70,2016-05-23T06:57:28.52,BB_H,B_H,0.5300,5.8000,8.4000,32.5144,0.2753,0.8826,0.4649,1.0200,0.9500,0.9000,1.0000,0.6050,0.2509,0.5859,,0.0057,0.0109,,5.7404,10.8992,,6.3000,0.6775,0.8722,0.5948,6.9920,7.0920,,8.1954,4,4,-47.4524,2022-06-10_15-54-36,1,,,,,0.0300,0,2,0.5859,5.7404,0.8713,2,0.9189,2,2
HD_164249__2015-06-01__05-54-21,HD_164249,HD_164249A,,HIP_88399,,TYC_8369-1619-1,SAO_245201,HIP 88399_DB_H23_2015-05-31_ird_convert_recenter_dc2022_COBREX_330154,2015-06-01T05:54:21.36,2015-06-01T05:19:12.13,2015-06-01T06:29:29.42,DB_H23,B_H,1.2400,1.1000,2.4800,56.6642,0.4084,1.1034,0.5990,1.1500,1.0700,1.0100,1.0000,,,,1.2479,,,0.0011,,,1.1090,1.0000,0.6965,0.8289,0.3340,5.9130,6.0200,7.9000,6.9120,64,64,-33.9258,2022-06-16_16-27-07,0,train,0.0000,interactive,,0.0400,1,0,1.2479,1.1090,0.6338,0,0.8000,-1,-1
HD_164249__2016-04-17__09-37-17,HD_164249,HIP_88399,,HIP_88399,,TYC_8369-1619-1,SAO_245201,HIP 88399_DB_H23_2016-04-16_ird_convert_recenter_dc2022_COBREX_330191,2016-04-17T09:37:17.70,2016-04-17T09:00:45.60,2016-04-17T10:21:53.47,DB_H23,B_H,1.7200,1.5000,13.7300,49.2264,0.6221,2.2144,0.9589,1.4300,1.3200,1.2400,1.0000,1.5388,0.8213,1.7612,,0.0014,0.0023,,1.4418,2.3445,,2.0000,0.6194,0.7339,0.3544,5.9130,6.0200,7.9000,6.9120,61,61,-37.2858,2022-06-16_16-58-16,0,test,0.0000,interactive,,0.0300,0,0,1.7612,1.4418,0.5737,1,0.7539,0,0
HD_164249__2018-04-11__09-42-29,HD_164249,HIP_88399,,HIP_88399,,TYC_8369-1619-1,SAO_245201,HD 164249A_DB_H23_2018-04-10_ird_convert_recenter_dc2022_COBREX_waffles_only_330664,2018-04-11T09:42:29.44,2018-04-11T09:09:08.49,2018-04-11T10:15:47.30,DB_H23,B_H,0.5200,5.6000,7.7500,31.0317,0.2284,0.4454,0.2920,0.8500,0.7900,0.7300,1.0000,0.5153,0.2731,0.4830,,0.0056,0.0075,,5.5892,7.5130,,5.5000,0.9749,0.9802,0.9607,5.9130,6.0200,7.9000,6.9120,40,40,-31.9463,2022-06-17_18-23-52,0,test,0.0000,interactive,,0.0400,0,2,0.4830,5.5892,0.9016,2,0.9034,2,2
HD_168210__2016-06-14__05-47-41,HD_168210,HIP_89829,,HIP_89829,,TYC_6856-1956-1,SAO_186657,HIP 89829_DB_H23_2016-06-13_ird_convert_recenter_dc2022_COBREX_332732,2016-06-14T05:47:41.28,2016-06-14T04:55:13.39,2016-06-14T06:40:09.16,DB_H23,B_H,2.1000,1.3000,14.8500,40.7439,-1.0000,-1.0000,-1.0000,1.4600,1.4400,8.6800,1.4000,1.8111,0.7701,1.9933,,0.0013,0.0034,,1.3148,3.3552,,1.3000,-1.0000,-1.0000,-1.0000,7.0530,7.1980,8.5050,8.6711,96,96,-138.8351,2022-06-25_03-57-32,0,,2.0000,too many sources --> out,,0.0400,0,0,1.9933,1.3148,0.3359,0,0.6604,0,0
HD_168210__2017-06-03__05-47-51,HD_168210,HIP_89829,,HIP_89829,,TYC_6856-1956-1,SAO_186657,HIP 89829_DB_H23_2017-06-02_ird_convert_recenter_dc2022_COBREX_waffles_only_332069,2017-06-03T05:47:51.90,2017-06-03T05:03:49.99,2017-06-03T06:31:29.26,DB_H23,B_H,0.4400,5.8000,6.2200,40.1198,0.1953,0.8136,0.3048,0.7000,0.7000,0.6300,1.0000,0.4977,0.2715,0.4404,,0.0061,0.0071,,6.1404,7.0702,,5.0000,0.7721,0.8190,0.6234,7.0530,7.1980,8.5050,8.6711,74,74,-115.4318,2022-06-24_22-32-35,0,calib,2.0000,too many sources --> out,,0.0500,0,2,0.4404,6.1404,0.8889,2,0.9162,2,2
HD_16978__2015-10-01__06-39-32,HD_16978,HIP_12394,,HIP_12394,HR_806,TYC_9144-1686-1,SAO_248621,HIP 12394_DB_H23_2015-09-30_ird_convert_recenter_dc2022_COBREX_335378,2015-10-01T06:39:32.83,2015-10-01T05:52:03.91,2015-10-01T07:37:37.59,DB_H23,B_H,1.0600,1.3000,2.2800,55.3313,0.3625,1.3174,0.5950,1.3400,1.1000,0.9900,1.0000,,,,1.1223,,,0.0013,,,1.2584,1.4000,0.7652,0.8753,0.3220,4.2540,4.4330,,4.1123,608,608,-34.6156,2022-06-25_20-06-30,0,train,0.0000,interactive,,0.0400,1,0,1.1223,1.2584,0.7121,0,0.8847,-1,-1
HD_16978__2016-09-16__07-30-31,HD_16978,HIP_12394,,HIP_12394,HR_806,TYC_9144-1686-1,SAO_248621,HIP 12394_DB_H23_2016-09-15_ird_convert_recenter_dc2022_COBREX_332851,2016-09-16T07:30:31.94,2016-09-16T06:46:06.60,2016-09-16T08:15:00.69,DB_H23,B_H,0.4200,9.2000,7.6500,16.4862,-1.0000,-1.0000,-1.0000,1.1900,0.9700,0.8800,1.0000,0.4767,0.2581,0.4237,,0.0089,0.0193,,8.9182,19.3150,,8.4000,-1.0000,-1.0000,-1.0000,4.2540,4.4330,,4.1123,160,160,-29.0598,2022-06-25_04-44-46,0,val,0.0000,interactive,,0.0300,0,2,0.4237,8.9182,0.9577,2,0.9802,2,2
HD_16978__2017-10-01__05-03-22,HD_16978,HIP 12394,,HIP_12394,HR_806,TYC_9144-1686-1,SAO_248621,HIP 12394_DB_K12_2017-09-30_ird_convert_recenter_dc2022_COBREX_332249,2017-10-01T05:03:22.31,2017-10-01T04:35:04.43,2017-10-01T05:31:32.08,DB_K12,B_Ks,0.9000,2.2000,7.4000,56.7339,0.5884,1.3991,0.8245,1.6100,1.3000,1.1900,1.0000,0.8590,0.5128,0.8666,,0.0022,0.0024,,2.1669,2.3782,,2.0000,0.6374,0.7384,0.4078,4.2540,4.4330,,4.1123,128,128,-17.3254,2022-06-24_23-52-47,0,train,0.0000,interactive,,0.0500,0,1,0.8666,2.1669,0.8330,2,0.9313,2,1
HD_172555__2015-05-11__07-17-56,HD_172555,HIP92024,,HIP_92024,HR_7012,TYC_9077-2487-1,SAO_254358,HIP 92024_DB_H23_2015-05-10_ird_convert_recenter_dc2022_COBREX_waffles_only_332749,2015-05-11T07:17:56.77,2015-05-11T07:11:32.46,2015-05-11T07:23:16.08,DB_H23,B_H,0.6800,4.6000,6.6000,,-1.0000,-1.0000,-1.0000,1.0000,0.8400,0.8000,1.0000,,,,0.6782,,,0.0046,,,4.6250,4.5000,-1.0000,-1.0000,-1.0000,4.2980,4.2510,,4.7246,16,16,-3.9128,2022-06-25_04-00-27,0,,1.0000,interactive,,0.0400,0,2,0.6782,4.6250,0.9059,2,0.9569,2,2
HD_172555__2015-05-11__07-51-19,HD_172555,HIP92024,,HIP_92024,HR_7012,TYC_9077-2487-1,SAO_254358,HIP 92024_DB_H23_2015-05-10_ird_convert_recenter_dc2022_COBREX_332740,2015-05-11T07:51:19.34,2015-05-11T07:23:37.60,2015-05-11T08:19:00.92,DB_H23,B_H,0.7900,3.9000,8.1300,28.4633,-1.0000,-1.0000,-1.0000,2.0500,1.7400,1.0400,1.0000,,,,0.7625,,,0.0041,,,4.1436,3.9000,-1.0000,-1.0000,-1.0000,4.2980,4.2510,,4.7246,192,192,-19.2948,2022-06-25_03-59-28,0,train,0.0000,interactive,,0.0400,0,2,0.7625,4.1436,0.8875,2,0.9488,2,2
HD_174429__2015-05-06__09-49-25,HD_174429,PZTel,,HIP_92680,,TYC_8381-2435-1,SAO_245781,HIP 92680_DB_H23_2015-05-05_ird_convert_recenter_dc2022_COBREX_waffles_only_328698,2015-05-06T09:49:25.87,2015-05-06T09:35:30.26,2015-05-06T10:01:56.28,DB_H23,B_H,1.4300,1.3000,1.7700,49.1497,-1.0000,-1.0000,-1.0000,0.8400,0.7700,0.7400,1.4000,,,,1.2894,,,0.0014,,,1.3520,2.1000,-1.0000,-1.0000,-1.0000,6.3660,6.4860,,8.1017,82,82,-11.4059,2022-06-10_20-21-35,0,train,0.0000,interactive,,0.0500,1,0,1.2894,1.3520,0.4451,0,0.7560,-1,-1
HD_174429__2015-05-31__06-34-52,HD_174429,HIP92680,,HIP_92680,,TYC_8381-2435-1,SAO_245781,HIP 92680_DB_H23_2015-05-30_ird_convert_recenter_dc2022_COBREX_330139,2015-05-31T06:34:52.54,2015-05-31T06:25:29.76,2015-05-31T06:44:15.29,DB_H23,B_H,1.2800,1.0000,7.5500,,0.5271,0.9115,0.6887,1.2500,1.1700,1.1000,1.0000,,,,1.2822,,,0.0010,,,1.0302,1.0000,0.6450,0.7208,0.5441,6.3660,6.4860,,8.1017,32,32,-9.2883,2022-06-16_16-07-29,0,train,0.0000,interactive,,0.0400,0,1,1.2822,1.0302,0.3242,0,0.7003,0,0
HD_174429__2016-09-16__23-53-41,HD_174429,HIP_92680,,HIP_92680,,TYC_8381-2435-1,SAO_245781,HIP 92680_DB_H23_2016-09-16_ird_convert_recenter_dc2022_COBREX_waffles_only_329724,2016-09-16T23:53:41.56,2016-09-16T23:28:35.81,2016-09-17T00:24:49.52,DB_H23,B_H,0.5600,14.3000,1.9800,14.6214,-1.0000,-1.0000,-1.0000,0.8800,0.8300,0.7700,0.8000,0.6882,0.2712,0.5634,,0.0141,0.0194,,14.0542,19.3912,,15.0000,-1.0000,-1.0000,-1.0000,6.3660,6.4860,,8.1017,80,80,-29.0445,2022-06-16_12-09-01,0,train,0.0000,interactive,,0.0300,1,0,0.5634,14.0542,0.9113,0,0.9326,-1,-1
HD_174429__2017-05-18__08-01-51,HD_174429,HIP_92680,,HIP_92680,,TYC_8381-2435-1,SAO_245781,NAME PZ TEL A_DB_H23_2017-05-17_ird_convert_recenter_dc2022_COBREX_waffles_only_330653,2017-05-18T08:01:51.43,2017-05-18T07:27:48.63,2017-05-18T08:32:14.35,DB_H23,B_H,0.8100,2.8000,4.7200,66.8581,0.4788,1.0488,0.6417,1.0800,1.0100,0.9400,1.0000,,,0.7905,,,,,,,,2.9000,0.6663,0.7321,0.5704,6.3660,6.4860,,8.1017,60,60,-33.1492,2022-06-17_18-20-45,0,train,0.0000,interactive,,0.0400,0,1,0.7905,2.8000,0.7477,1,0.8808,1,1
HD_175726__2016-06-12__06-29-45,HD_175726,HIP_92984,,HIP_92984,,TYC_457-453-1,SAO_124077,HIP 92984_DB_H23_2016-06-11_ird_convert_recenter_dc2022_COBREX_332667,2016-06-12T06:29:45.74,2016-06-12T05:54:36.28,2016-06-12T07:04:53.22,DB_H23,B_H,0.8800,3.3000,7.3300,44.0671,-1.0000,-1.0000,-1.0000,1.4000,1.2900,45.8000,1.0000,0.9033,0.5812,0.8818,,0.0033,0.0042,,3.3179,4.1844,,3.2000,-1.0000,-1.0000,-1.0000,5.3460,5.4180,,6.5780,64,64,31.3660,2022-06-25_03-45-37,0,,2.0000,"lots of source, but could be added",,0.0400,0,2,0.8818,3.3179,0.8469,2,0.9179,2,2
HD_175726__2016-09-16__00-00-07,HD_175726,HIP_92984,,HIP_92984,,TYC_457-453-1,SAO_124077,HIP 92984_DB_H23_2016-09-15_ird_convert_recenter_dc2022_COBREX_waffles_only_332872,2016-09-16T00:00:07.34,2016-09-15T23:19:57.67,2016-09-16T00:46:07.92,DB_H23,B_H,0.5300,7.5000,6.5000,19.2679,-1.0000,-1.0000,-1.0000,1.0400,0.9600,0.9100,0.8000,0.5682,0.2890,0.4808,,0.0066,0.0077,,6.5644,7.6898,,4.2000,-1.0000,-1.0000,-1.0000,5.3460,5.4180,,6.5780,65,65,38.4023,2022-06-25_04-47-31,0,,2.0000,"lots of source, but could be added",,0.0300,0,2,0.4808,6.5644,0.9344,2,0.9555,2,2
HD_175726__2017-09-30__00-20-27,HD_175726,HIP92984,,HIP_92984,,TYC_457-453-1,SAO_124077,HIP 92984_DB_J23_2017-09-29_ird_convert_recenter_dc2022_COBREX_waffles_only_332239,2017-09-30T00:20:27.34,2017-09-29T23:38:39.15,2017-09-30T01:02:11.80,DB_J23,B_J,0.7200,3.2000,15.5700,41.8697,0.2979,1.8715,0.5411,1.1100,0.9700,0.9000,0.8000,0.7527,0.2813,0.7333,,0.0032,0.0081,,3.1551,8.1267,,3.5000,0.8302,0.8820,0.5272,5.3460,5.4180,,6.5780,75,75,27.2193,2022-06-24_23-44-14,0,,2.0000,"lots of source, but could be added",,0.0200,0,2,0.7333,3.1551,0.8721,2,0.9307,2,2
HD_176367__2015-06-07__07-25-32,HD_176367,HIP_93375,,HIP_93375,,TYC_6885-916-1,SAO_187573,HIP 93375_DB_H23_2015-06-06_ird_convert_recenter_dc2022_COBREX_333093,2015-06-07T07:25:32.50,2015-06-07T06:41:42.96,2015-06-07T08:09:19.82,DB_H23,B_H,1.1600,2.7000,8.6500,18.8419,0.3958,1.4403,0.6587,1.1300,1.1200,1.1600,1.0000,,,,1.2976,,,0.0028,,,2.8424,3.1000,0.7268,0.8160,0.4895,7.1510,7.2780,8.1100,8.3735,80,80,-85.1473,2022-06-25_06-27-09,0,test,0.0000,interactive,,0.0300,0,1,1.2976,2.8424,0.6591,1,0.8311,1,0
HD_177724__2015-06-28__05-32-37,HD_177724,HIP_93747,,HIP_93747,HR_7235,TYC_1052-3027-1,SAO_104461,HIP 93747_DB_H23_2015-06-27_ird_convert_recenter_dc2022_COBREX_333268,2015-06-28T05:32:37.15,2015-06-28T04:50:26.87,2015-06-28T06:14:45.36,DB_H23,B_H,1.0134,1.2000,6.8300,44.6520,0.3932,1.2034,0.6315,1.3300,1.1400,1.0600,1.4000,,,,,,,,,,,1.2000,0.7184,0.8654,0.5086,2.8800,3.0500,2.9800,3.0011,560,560,29.8796,2022-06-25_07-27-48,0,train,0.0000,interactive,,0.0400,0,1,1.0134,1.2000,0.7239,1,0.8947,1,0
HD_177724__2016-05-31__07-06-55,HD_177724,HIP_93747,,HIP_93747,HR_7235,TYC_1052-3027-1,SAO_104461,HIP 93747_DB_H23_2016-05-30_ird_convert_recenter_dc2022_COBREX_330204,2016-05-31T07:06:55.60,2016-05-31T06:20:19.48,2016-05-31T07:53:30.60,DB_H23,B_H,1.1900,2.4000,7.9300,59.6278,0.4678,1.6055,0.7960,1.5100,1.3000,1.2000,1.0000,1.2048,0.3657,1.1948,,0.0023,0.0038,,2.3264,3.8375,,2.3000,0.7760,0.8814,0.5741,2.8800,3.0500,2.9800,3.0011,1120,1120,33.1213,2022-06-16_17-25-07,0,calib,0.0000,interactive,,0.0400,0,1,1.1948,2.3264,0.7724,1,0.8998,2,1
HD_178253__2015-06-06__07-40-23,HD_178253,HIP_94114,,HIP_94114,HR_7254,TYC_7917-2653-1,SAO_210990,HIP 94114_DB_H23_2015-06-05_ird_convert_recenter_dc2022_COBREX_333018,2015-06-06T07:40:23.65,2015-06-06T07:03:48.55,2015-06-06T08:16:58.17,DB_H23,B_H,1.2900,1.8000,12.8200,23.4771,0.4031,1.3719,0.6557,1.1700,1.1400,1.0600,1.0000,,,,1.4561,,,0.0018,,,1.8448,2.1000,0.8858,0.9311,0.7335,4.0490,3.9150,,4.0973,256,256,-49.7435,2022-06-25_05-32-13,0,train,0.0000,interactive,,0.0400,0,1,1.4561,1.8448,0.6946,1,0.8614,1,0
HD_181296__2015-05-05__09-22-43,HD_181296,HIP_95261,,HIP_95261,HR_7329,TYC_8765-2571-1,SAO_246055,HIP 95261_DB_H23_2015-05-04_ird_convert_recenter_dc2022_COBREX_332641,2015-05-05T09:22:43.87,2015-05-05T08:27:08.56,2015-05-05T10:12:32.42,DB_H23,B_H,1.1100,1.2000,3.5800,49.2303,-1.0000,-1.0000,-1.0000,1.0800,0.9900,0.9300,1.4000,,,,1.2668,,,0.0012,,,1.1855,1.1000,-1.0000,-1.0000,-1.0000,5.0100,5.1500,,5.0123,168,168,-46.8276,2022-06-25_03-43-41,0,train,0.0000,interactive,,0.0300,0,1,1.2668,1.1855,0.6714,1,0.8625,1,0
HD_181296__2018-05-08__09-58-19,HD_181296,ETA TEL,,HIP_95261,HR_7329,TYC_8765-2571-1,SAO_246055,HIP 95261_DB_H23_2018-05-07_ird_convert_recenter_dc2022_COBREX_waffles_only_333486,2018-05-08T09:58:19.43,2018-05-08T09:53:09.99,2018-05-08T10:03:28.86,DB_H23,B_H,0.7500,2.2000,11.4300,57.4401,0.3566,0.6277,0.4882,1.1100,1.0100,0.9700,1.0000,0.7200,0.4719,0.7332,,0.0021,0.0024,,2.1017,2.3900,,2.1000,0.7505,0.9210,0.6557,5.0100,5.1500,,5.0123,16,16,-4.0942,2022-06-25_07-54-37,0,train,0.0000,interactive,,0.0400,0,1,0.7332,2.1017,0.8529,2,0.9398,2,1
HD_181327__2015-05-10__09-12-24,HD_181327,HIP_95270,,HIP_95270,,TYC_8765-638-1,SAO_246056,HIP 95270_DB_H23_2015-05-09_ird_convert_recenter_dc2022_COBREX_329189,2015-05-10T09:12:24.74,2015-05-10T08:38:59.68,2015-05-10T09:49:35.80,DB_H23,B_H,1.2000,1.7000,6.1800,34.9147,-1.0000,-1.0000,-1.0000,1.3400,1.2200,4.0600,1.0000,,,,1.3240,,,0.0018,,,1.7870,2.2000,-1.0000,-1.0000,-1.0000,5.9100,5.9800,,6.9362,56,56,-31.1248,2022-06-13_21-00-20,0,train,0.0000,interactive,,0.0400,0,1,1.3240,1.7870,0.7079,1,0.8508,1,0
HD_181869__2015-05-13__09-10-43,HD_181869,HIP_95347,,HIP_95347,HR_7348,TYC_7935-2139-1,SAO_229659,AKARI-IRC-V1 J1923531-403658_DB_H23_2015-05-12_ird_convert_recenter_dc2022_COBREX_332820,2015-05-13T09:10:43.04,2015-05-13T08:33:45.81,2015-05-13T09:47:37.97,DB_H23,B_H,0.9900,3.6000,0.9000,22.4829,-1.0000,-1.0000,-1.0000,0.7900,0.7700,0.7100,1.0000,,,,1.0100,,,0.0035,,,3.4840,3.2000,-1.0000,-1.0000,-1.0000,4.2000,4.2000,,3.9505,256,256,-52.8385,2022-06-25_04-26-28,0,train,0.0000,interactive,,0.0300,1,0,1.0100,3.4840,0.8334,0,0.9251,-1,-1
HD_181869__2016-05-21__07-53-18,HD_181869,HIP_95347,,HIP_95347,HR_7348,TYC_7935-2139-1,SAO_229659,AKARI-IRC-V1 J1923531-403658_DB_H23_2016-05-20_ird_convert_recenter_dc2022_COBREX_332455,2016-05-21T07:53:18.31,2016-05-21T07:04:31.08,2016-05-21T08:42:05.29,DB_H23,B_H,1.2600,2.7000,7.7200,34.7244,0.4250,1.7619,0.7326,1.1900,1.1600,1.0800,1.0000,1.2489,0.5016,1.2820,,0.0027,0.0042,,2.7348,4.2357,,2.1000,0.8279,0.8954,0.6102,4.2000,4.2000,,3.9505,176,176,-71.4899,2022-06-25_02-37-08,0,train,0.0000,interactive,,0.0300,0,1,1.2820,2.7348,0.7628,1,0.8914,1,0
HD_181869__2018-05-08__09-04-47,HD_181869,HIP_95347,,HIP_95347,HR_7348,TYC_7935-2139-1,SAO_229659,HIP 95347_DB_H23_2018-05-07_ird_convert_recenter_dc2022_COBREX_waffles_only_333485,2018-05-08T09:04:47.37,2018-05-08T08:48:22.53,2018-05-08T09:21:15.76,DB_H23,B_H,1.0400,1.8000,12.1300,58.2720,0.4169,0.9213,0.5956,1.0400,1.0200,0.9600,1.0000,0.8665,0.5858,1.0129,,0.0018,0.0020,,1.8016,2.0470,,1.6000,0.6616,0.7983,0.3963,4.2000,4.2000,,3.9505,70,70,-26.6603,2022-06-25_07-55-58,0,calib,0.0000,interactive,,0.0400,0,1,1.0129,1.8016,0.7864,1,0.9119,2,1
HD_188228__2015-05-12__09-04-54,HD_188228,HIP_98495,,HIP_98495,HR_7590,TYC_9315-1893-1,SAO_257757,HIP 98495_DB_H23_2015-05-11_ird_convert_recenter_dc2022_COBREX_332784,2015-05-12T09:04:54.43,2015-05-12T08:28:05.92,2015-05-12T09:41:41.82,DB_H23,B_H,0.9900,2.9000,4.4300,25.0342,-1.0000,-1.0000,-1.0000,1.5600,1.2200,1.0300,1.0000,,,,1.0279,,,0.0029,,,2.8778,3.2000,-1.0000,-1.0000,-1.0000,3.8000,3.7620,,3.9635,256,256,-22.3432,2022-06-25_04-14-27,0,train,0.0000,interactive,,0.0300,0,1,1.0279,2.8778,0.8208,2,0.9207,2,1
HD_188228__2015-06-01__07-40-44,HD_188228,HD_188228,,HIP_98495,HR_7590,TYC_9315-1893-1,SAO_257757,HIP 98495_DB_H23_2015-05-31_ird_convert_recenter_dc2022_COBREX_330155,2015-06-01T07:40:44.66,2015-06-01T06:55:08.72,2015-06-01T08:26:20.77,DB_H23,B_H,1.1300,1.2000,1.7000,56.2571,0.5835,1.7439,0.7481,1.6600,1.3000,1.1300,1.0000,,,,1.1882,,,0.0012,,,1.2143,1.3000,0.6753,0.7969,0.1553,3.8000,3.7620,,3.9635,320,320,-27.6181,2022-06-16_16-31-53,0,test,0.0000,interactive,,0.0400,1,0,1.1882,1.2143,0.6928,0,0.8757,-1,-1
HD_188228__2015-07-01__05-14-12,HD_188228,HIP_98495,,HIP_98495,HR_7590,TYC_9315-1893-1,SAO_257757,HIP 98495_DB_H23_2015-06-30_ird_convert_recenter_dc2022_COBREX_333436,2015-07-01T05:14:12.62,2015-07-01T04:38:33.41,2015-07-01T05:49:50.55,DB_H23,B_H,1.0134,1.2000,0.8800,61.2048,0.2416,0.7679,0.4373,1.8400,1.4300,1.1700,1.4000,,,,,,,,,,,1.2000,0.7273,0.9388,0.5582,3.8000,3.7620,,3.9635,128,128,-21.2979,2022-06-25_07-48-11,0,train,0.0000,interactive,,0.0400,1,0,1.0134,1.2000,0.7234,0,0.8936,-1,-1
HD_188228__2016-05-25__09-18-36,HD_188228,HIP_98495,,HIP_98495,HR_7590,TYC_9315-1893-1,SAO_257757,HIP 98495_DB_H23_2016-05-24_ird_convert_recenter_dc2022_COBREX_332488,2016-05-25T09:18:36.13,2016-05-25T08:19:25.11,2016-05-25T10:17:48.68,DB_H23,B_H,0.5600,5.8000,0.2300,53.4568,0.0785,0.8453,0.3511,1.3600,1.0600,0.8700,1.2000,0.6783,0.2634,0.5462,,0.0060,0.0061,,5.9948,6.0804,,9.4000,0.8560,0.9979,0.5712,3.8000,3.7620,,3.9635,416,416,-35.4357,2022-06-25_03-04-07,0,train,0.0000,interactive,,0.0400,1,0,0.5462,5.9948,0.9347,0,0.9708,-1,-1
HD_189245__2015-05-14__08-55-56,HD_189245,HIP_98470,,HIP_98470,HR_7631,TYC_7444-1240-1,SAO_211724,HIP 98470_DB_K12_2015-05-13_ird_convert_recenter_dc2022_COBREX_330128,2015-05-14T08:55:56.52,2015-05-14T08:20:08.52,2015-05-14T09:31:43.66,DB_K12,B_Ks,0.6100,8.5000,5.8500,17.0772,-1.0000,-1.0000,-1.0000,0.6600,0.6500,0.5900,1.0000,,,,0.6121,,,0.0085,,,8.5321,12.1000,-1.0000,-1.0000,-1.0000,4.4760,4.6410,,5.5259,128,128,-78.6077,2022-06-16_16-03-14,0,test,0.0000,interactive,,0.0400,0,2,0.6121,8.5321,0.9252,2,0.9606,2,2
HD_189285__2015-06-03__07-33-54,HD_189285,HD_189285,,,,TYC_5155-1500-1,SAO_143971,HD 189285_DB_H23_2015-06-02_ird_convert_recenter_dc2022_COBREX_332934,2015-06-03T07:33:54.11,2015-06-03T06:58:44.82,2015-06-03T08:09:00.52,DB_H23,B_H,0.9800,4.3000,4.5300,16.1882,0.2989,0.5839,0.4014,0.8700,0.8300,0.7800,1.0000,,,,0.9755,,,0.0043,,,4.3490,4.4000,0.8230,0.8647,0.6853,7.8410,7.9630,,9.3113,64,64,40.8715,2022-06-25_05-06-58,0,train,0.0000,interactive,,0.0300,0,2,0.9755,4.3490,0.7433,1,0.8113,1,2
HD_189285__2016-05-29__08-29-20,HD_189285,HD_189285,,,,TYC_5155-1500-1,SAO_143971,HD 189285_DB_H23_2016-05-28_ird_convert_recenter_dc2022_COBREX_waffles_only_332535,2016-05-29T08:29:20.46,2016-05-29T07:31:53.11,2016-05-29T09:12:52.83,DB_H23,B_H,0.6400,2.9000,5.0800,61.2283,0.3467,0.7492,0.5042,0.9300,0.8800,0.8200,1.0000,0.7258,0.3735,0.6419,,0.0029,0.0032,,2.9332,3.1952,,2.5000,0.6036,0.7148,0.4069,7.8410,7.9630,,9.3113,72,72,58.9779,2022-06-25_03-12-54,0,train,0.0000,interactive,,0.0400,0,1,0.6419,2.9332,0.7422,1,0.8233,1,1
HD_189285__2018-05-07__09-40-24,HD_189285,HD_189285,,,,TYC_5155-1500-1,SAO_143971,HD 189285_DB_H23_2018-05-06_ird_convert_recenter_dc2022_COBREX_waffles_only_333441,2018-05-07T09:40:24.90,2018-05-07T08:58:36.66,2018-05-07T10:22:10.93,DB_H23,B_H,0.7700,2.9000,7.5500,48.8544,0.3423,1.1743,0.5043,1.0100,0.9700,0.9000,1.0000,0.7713,0.4259,0.7286,,0.0031,0.0036,,3.0858,3.5582,,2.6000,0.6775,0.7348,0.5227,7.8410,7.9630,,9.3113,50,50,50.2683,2022-06-25_07-48-49,0,train,0.0000,interactive,,0.0400,0,1,0.7286,3.0858,0.7390,1,0.8196,1,0
HD_192425__2015-06-22__06-08-20,HD_192425,HIP 99742,,HIP_99742,HR_7724,TYC_1618-2331-1,SAO_105878,HIP 99742_DB_K12_2015-06-21_ird_convert_recenter_dc2022_COBREX_333160,2015-06-22T06:08:20.62,2015-06-22T06:06:58.60,2015-06-22T06:09:42.65,DB_K12,B_Ks,0.8500,2.2000,2.3500,,0.2443,0.2996,0.2668,1.0000,0.8400,0.7400,1.0000,,,,0.8767,,,0.0022,,,2.1767,2.2000,0.9279,0.9363,0.9213,4.7670,4.8010,,4.9237,90,90,0.0000,2022-06-25_06-49-58,0,,2.0000,many negative values,,0.0500,1,0,0.8767,2.1767,0.8302,0,0.9280,-1,-1
HD_192425__2015-09-28__00-51-15,HD_192425,HIP_99742,,HIP_99742,HR_7724,TYC_1618-2331-1,SAO_105878,HIP 99742_DB_H23_2015-09-27_ird_convert_recenter_dc2022_COBREX_335245,2015-09-28T00:51:15.78,2015-09-28T00:14:41.00,2015-09-28T01:27:50.66,DB_H23,B_H,1.5100,9.4000,2.1300,19.2893,0.4245,0.9100,0.5798,1.2700,1.0800,0.9800,1.0000,,,,1.4806,,,0.0093,,,9.3103,8.8000,0.8604,0.9035,0.7727,4.7670,4.8010,,4.9237,256,256,25.2150,2022-06-25_18-49-00,0,train,0.0000,interactive,,0.0400,1,0,1.4806,9.3103,0.7432,0,0.8722,-1,-1
HD_192425__2016-06-11__07-27-45,HD_192425,HIP_99742,,HIP_99742,HR_7724,TYC_1618-2331-1,SAO_105878,HIP 99742_DB_H23_2016-06-10_ird_convert_recenter_dc2022_COBREX_332618,2016-06-11T07:27:45.84,2016-06-11T06:35:17.43,2016-06-11T08:20:13.56,DB_H23,B_H,0.6400,4.7000,2.9200,54.2877,-1.0000,-1.0000,-1.0000,1.3200,1.1200,1.0000,1.4000,0.7012,0.4595,0.6372,,0.0046,0.0048,,4.5615,4.7955,,3.5000,-1.0000,-1.0000,-1.0000,4.7670,4.8010,,4.9237,96,96,35.6974,2022-06-25_03-38-14,0,train,0.0000,interactive,,0.0400,1,0,0.6372,4.5615,0.9121,0,0.9594,-1,-1
HD_19545__2016-10-13__05-55-29,HD_19545,HIP_14551,,HIP_14551,HR_943,TYC_6444-614-1,SAO_168321,HIP 14551_DB_H23_2016-10-12_ird_convert_recenter_dc2022_COBREX_332921,2016-10-13T05:55:29.35,2016-10-13T05:05:04.54,2016-10-13T06:46:18.20,DB_H23,B_H,1.4000,1.9000,9.2300,45.5544,-1.0000,-1.0000,-1.0000,1.1900,1.1800,1.1300,1.0000,1.3199,0.6816,1.3537,,0.0019,0.0028,,1.9094,2.7921,,1.6000,-1.0000,-1.0000,-1.0000,5.7720,5.8510,,6.1551,90,90,-145.1609,2022-06-25_05-07-05,0,calib,0.0000,interactive,,0.0400,0,1,1.3537,1.9094,0.7149,1,0.8634,1,0
HD_197481__2015-05-16__09-14-50,HD_197481,AU_MIC,,HIP_102409,,TYC_7457-641-1,SAO_212402,HIP 102409_DB_H23_2015-05-15_ird_convert_recenter_dc2022_COBREX_332836,2015-05-16T09:14:50.65,2015-05-16T08:59:12.63,2015-05-16T09:30:28.08,DB_H23,B_H,1.6400,1.8000,10.3800,10.6313,-1.0000,-1.0000,-1.0000,1.3100,1.2900,1.2500,1.0000,,,,1.5793,,,0.0020,,,1.9789,1.6000,-1.0000,-1.0000,-1.0000,4.5290,4.8310,9.0780,7.8434,56,56,-25.4368,2022-06-25_04-32-28,0,train,3.0000,"edge-on disk, draw rectangular box full diagonal x 40 pix",,0.0400,0,0,1.5793,1.9789,0.5091,0,0.7280,0,0
HD_197481__2015-05-30__09-11-51,HD_197481,AU MIC,,HIP_102409,,TYC_7457-641-1,SAO_212402,HIP 102409_DB_H23_2015-05-29_ird_convert_recenter_dc2022_COBREX_332871,2015-05-30T09:11:51.99,2015-05-30T08:25:22.06,2015-05-30T10:04:44.47,DB_H23,B_H,0.7400,1.8000,5.1500,60.3431,0.2804,0.7006,0.4343,0.8500,0.8400,0.7900,1.0000,,,,0.7764,,,0.0017,,,1.7159,1.7000,0.7685,0.8257,0.6368,4.5290,4.8310,9.0780,7.8434,160,160,-118.7164,2022-06-25_04-48-51,0,train,3.0000,"edge-on disk, draw rectangular box full diagonal x 40 pix",,0.0300,0,1,0.7764,1.7159,0.5877,1,0.7898,0,1
HD_197481__2015-06-27__06-38-09,HD_197481,HIP_102409,,HIP_102409,,TYC_7457-641-1,SAO_212402,HIP 102409_DB_K12_2015-06-26_ird_convert_recenter_dc2022_COBREX_333188,2015-06-27T06:38:09.26,2015-06-27T06:33:37.06,2015-06-27T06:42:41.45,DB_K12,B_Ks,0.5000,4.8000,5.8000,,0.2170,0.4191,0.2656,0.8100,0.8100,0.4300,1.0000,,,,0.4878,,,0.0048,,,4.8301,4.7000,0.8270,0.8569,0.7599,4.5290,4.8310,9.0780,7.8434,32,32,-9.2888,2022-06-25_06-55-34,0,train,3.0000,"edge-on disk, draw rectangular box full diagonal x 40 pix",,0.0400,0,2,0.4878,4.8301,0.8427,2,0.8717,1,2
HD_197481__2015-06-27__07-46-40,HD_197481,HIP_102409,,HIP_102409,,TYC_7457-641-1,SAO_212402,HIP 102409_DB_K12_2015-06-26_ird_convert_recenter_dc2022_COBREX_333189,2015-06-27T07:46:40.53,2015-06-27T07:17:50.78,2015-06-27T08:15:30.10,DB_K12,B_Ks,0.6400,3.4000,4.0000,32.4716,0.2321,0.5294,0.3166,0.7700,0.7600,0.7100,1.0000,,,,0.6535,,,0.0036,,,3.5733,3.3000,0.7450,0.8373,0.6005,4.5290,4.8310,9.0780,7.8434,689,689,-50.6179,2022-06-25_07-10-30,0,train,3.0000,"edge-on disk, draw rectangular box full diagonal x 40 pix",,0.0500,0,2,0.6535,3.5733,0.7842,1,0.8515,1,2
HD_197481__2015-09-25__01-28-20,HD_197481,HIP_102409,,HIP_102409,,TYC_7457-641-1,SAO_212402,HIP 102409_DB_K12_2015-09-24_ird_convert_recenter_dc2022_COBREX_335232,2015-09-25T01:28:20.70,2015-09-25T00:42:43.45,2015-09-25T02:13:57.04,DB_K12,B_Ks,1.0800,3.9000,7.7800,42.6753,0.3301,1.0234,0.5365,1.0000,0.9900,0.9200,1.0000,,,,1.0423,,,0.0042,,,4.1809,2.9000,0.8135,0.8503,0.7327,4.5290,4.8310,9.0780,7.8434,320,320,0.0000,2022-06-25_18-41-03,0,,2.0000,not an ADI sequence --> out,,0.0400,0,1,1.0423,4.1809,0.7374,1,0.8238,1,1
HD_197481__2015-10-01__00-20-11,HD_197481,HIP_102409,,HIP_102409,,TYC_7457-641-1,SAO_212402,HIP 102409_DB_K12_2015-09-30_ird_convert_recenter_dc2022_COBREX_335370,2015-10-01T00:20:11.96,2015-09-30T23:32:06.59,2015-10-01T01:08:16.93,DB_K12,B_Ks,0.5400,2.7000,4.7500,52.6097,0.2253,0.4342,0.2858,0.7500,0.7400,0.6700,1.0000,,,,0.5525,,,0.0027,,,2.7420,2.3000,0.8368,0.8564,0.8163,4.5290,4.8310,9.0780,7.8434,640,640,-105.9510,2022-06-25_20-07-57,0,train,3.0000,"edge-on disk, draw rectangular box full diagonal x 40 pix",,0.0600,0,1,0.5525,2.7420,0.7511,1,0.8458,1,1
HD_197481__2016-05-21__09-43-27,HD_197481,HIP_102409,,HIP_102409,,TYC_7457-641-1,SAO_212402,HIP 102409_DB_K12_2016-05-20_ird_convert_recenter_dc2022_COBREX_332456,2016-05-21T09:43:27.32,2016-05-21T09:13:32.58,2016-05-21T10:13:22.73,DB_K12,B_Ks,1.4400,2.5000,6.1000,34.6991,0.4894,1.7304,0.7651,1.1900,1.1800,1.0900,1.0000,1.3805,0.4574,1.4248,,0.0025,0.0036,,2.4736,3.6101,,2.4000,0.7463,0.8076,0.5264,4.5290,4.8310,9.0780,7.8434,210,210,-88.0694,2022-06-25_02-38-29,0,train,3.0000,"edge-on disk, draw rectangular box full diagonal x 40 pix",,0.0300,0,0,1.4248,2.4736,0.5869,1,0.7616,0,0
HD_197890__2015-06-04__08-15-32,HD_197890,BO_MIC,,HIP_102626,,TYC_7469-997-1,SAO_212437,HIP 102626_DB_H23_2015-06-03_ird_convert_recenter_dc2022_COBREX_330595,2015-06-04T08:15:32.44,2015-06-04T07:40:25.95,2015-06-04T08:50:40.20,DB_H23,B_H,1.2500,2.9000,7.2000,22.6398,0.4347,0.9017,0.5912,1.0900,1.0700,111.3100,1.0000,,,,1.2182,,,0.0030,,,3.0011,2.6000,0.7604,0.8113,0.6049,6.7940,6.9300,,8.9449,64,64,-61.5179,2022-06-17_17-49-29,0,train,0.0000,interactive,,0.0300,0,1,1.2182,3.0011,0.6650,1,0.8033,1,1
HD_201184__2015-09-29__00-46-20,HD_201184,HIP_104365,,HIP_104365,HR_8087,TYC_6358-1841-1,SAO_190050,HIP 104365_DB_H23_2015-09-28_ird_convert_recenter_dc2022_COBREX_335302,2015-09-29T00:46:20.57,2015-09-29T00:09:45.81,2015-09-29T01:22:54.68,DB_H23,B_H,1.9100,1.6000,9.9000,21.5880,0.6058,1.3030,0.8401,1.3300,1.3200,1.2200,1.0000,,,,1.8943,,,0.0016,,,1.5701,2.1000,0.7958,0.8609,0.5687,5.3050,5.3340,,5.3076,256,256,80.5715,2022-06-25_19-04-04,0,train,0.0000,interactive,,0.0600,0,0,1.8943,1.5701,0.5787,1,0.7946,0,0
HD_201919__2015-06-03__09-04-45,HD_201919,TYC_6351_0286_1,,,,TYC_6351-286-1,,HD 201919_DB_H23_2015-06-02_ird_convert_recenter_dc2022_COBREX_332935,2015-06-03T09:04:45.46,2015-06-03T08:29:36.57,2015-06-03T09:39:52.16,DB_H23,B_H,0.9800,4.0000,5.7500,17.7617,0.2717,0.5284,0.3679,0.9300,0.9200,0.8600,1.0000,,,,0.9654,,,0.0041,,,4.0573,4.1000,0.8382,0.8777,0.7402,7.5830,7.7450,,10.1816,64,64,92.8512,2022-06-25_05-06-56,0,train,0.0000,interactive,,0.0300,0,2,0.9654,4.0573,0.6028,1,0.7620,0,2
HD_202917__2015-05-31__09-36-58,HD_202917,HIP 105388,,HIP_105388,,TYC_8806-401-1,SAO_246975,HIP 105388_DB_H23_2015-05-30_ird_convert_recenter_dc2022_COBREX_330141,2015-05-31T09:36:58.00,2015-05-31T08:46:34.19,2015-05-31T10:34:37.29,DB_H23,B_H,1.2500,1.1000,3.6000,60.6244,0.4228,1.2104,0.6932,1.2000,1.1100,1.0400,1.0000,,,,1.3216,,,0.0010,,,1.0094,1.1000,0.6588,0.7628,0.3822,6.9080,7.0260,,8.4923,86,86,-49.5564,2022-06-16_16-08-51,0,train,0.0000,interactive,,0.0400,0,1,1.3216,1.0094,0.3076,0,0.6793,0,0
HD_202917__2016-05-31__09-18-22,HD_202917,HIP_105388,,HIP_105388,,TYC_8806-401-1,SAO_246975,HIP 105388_DB_H23_2016-05-30_ird_convert_recenter_dc2022_COBREX_330205,2016-05-31T09:18:22.49,2016-05-31T08:43:12.80,2016-05-31T09:53:29.53,DB_H23,B_H,0.8300,2.6000,9.9300,61.5804,0.4572,1.0558,0.6157,1.0800,1.0000,0.9400,1.0000,0.8163,0.3383,0.7959,,0.0026,0.0032,,2.5744,3.2303,,2.7000,0.5742,0.8539,0.2601,6.9080,7.0260,,8.4923,64,64,-32.6789,2022-06-16_17-05-33,0,val,0.0000,interactive,,0.0400,0,1,0.7959,2.5744,0.7209,1,0.8596,1,1
HD_20630__2015-12-27__01-22-43,HD_20630,KAP_CET,,HIP_15457,HR_996,TYC_59-1947-1,SAO_111120,HIP 15457_DB_H23_2015-12-26_ird_convert_recenter_dc2022_COBREX_331870,2015-12-27T01:22:43.13,2015-12-27T00:46:31.50,2015-12-27T01:58:54.49,DB_H23,B_H,1.0400,2.9000,3.6000,20.0151,0.4013,0.9798,0.5792,1.0800,1.0000,0.9200,1.0000,,,,1.1872,,,0.0032,,,3.1881,4.7000,0.9065,0.9345,0.8240,2.9570,3.0390,4.2700,4.6565,480,480,33.2458,2022-06-24_21-10-21,0,train,0.0000,interactive,,0.0400,0,1,1.1872,3.1881,0.7911,1,0.9039,2,1
HD_206860__2015-09-30__01-47-41,HD_206860,HIP_107350,,HIP_107350,HR_8314,TYC_1133-1258-1,SAO_107364,HIP 107350_DB_H23_2015-09-29_ird_convert_recenter_dc2022_COBREX_329043,2015-09-30T01:47:41.00,2015-09-30T01:11:06.35,2015-09-30T02:24:15.70,DB_H23,B_H,0.8100,3.4000,6.7800,32.4623,0.3279,0.6858,0.4367,1.0800,0.9300,0.8300,1.0000,,,,0.8193,,,0.0033,,,3.3344,3.2000,0.8810,0.9018,0.8460,4.5590,4.6000,6.1600,5.8196,256,256,25.6903,2022-06-13_12-26-34,0,test,0.0000,interactive,,0.0400,0,2,0.8193,3.3344,0.8628,2,0.9307,2,2
HD_210049__2015-07-01__08-29-23,HD_210049,HIP_109285,,HIP_109285,HR_8431,TYC_7492-1466-1,SAO_213576,HIP 109285_DB_H23_2015-06-30_ird_convert_recenter_dc2022_COBREX_333437,2015-07-01T08:29:23.76,2015-07-01T07:54:16.59,2015-07-01T09:04:31.51,DB_H23,B_H,1.0134,1.2000,2.0300,62.6054,0.2077,0.8302,0.2696,0.7200,0.7100,0.6500,1.4000,,,,,,,,,,,1.2000,0.8375,0.8682,0.7144,4.3090,4.5500,4.4300,4.4659,64,64,-85.2939,2022-06-25_07-48-58,0,train,0.0000,interactive,,0.0400,1,0,1.0134,1.2000,0.7229,0,0.8926,-1,-1
HD_210049__2016-09-17__03-22-07,HD_210049,HIP_109285,,HIP_109285,HR_8431,TYC_7492-1466-1,SAO_213576,HIP 109285_DB_H23_2016-09-16_ird_convert_recenter_dc2022_COBREX_waffles_only_329726,2016-09-17T03:22:07.89,2016-09-17T02:46:18.86,2016-09-17T04:01:56.26,DB_H23,B_H,0.6000,19.7000,1.4300,13.8067,-1.0000,-1.0000,-1.0000,0.8000,0.7900,0.7300,0.8000,0.7126,0.2304,0.5918,,0.0201,0.0249,,20.1406,24.8730,,20.4000,-1.0000,-1.0000,-1.0000,4.3090,4.5500,4.4300,4.4659,420,420,-87.6297,2022-06-16_12-16-33,0,train,0.0000,interactive,,0.0300,1,0,0.5918,20.1406,0.9362,0,0.9687,-1,-1
HD_210049__2016-10-14__01-15-39,HD_210049,HIP_109285,,HIP_109285,HR_8431,TYC_7492-1466-1,SAO_213576,HIP 109285_DB_H23_2016-10-13_ird_convert_recenter_dc2022_COBREX_waffles_only_330681,2016-10-14T01:15:39.62,2016-10-14T00:44:36.38,2016-10-14T01:48:40.50,DB_H23,B_H,0.7400,2.4000,5.3000,53.8747,-1.0000,-1.0000,-1.0000,0.9000,0.8900,0.8300,1.4000,0.8498,0.4761,0.7371,,0.0024,0.0026,,2.4006,2.5847,,3.3000,-1.0000,-1.0000,-1.0000,4.3090,4.5500,4.4300,4.4659,80,80,-84.1233,2022-06-17_18-39-16,0,train,0.0000,interactive,,0.0300,0,1,0.7371,2.4006,0.8647,2,0.9447,2,1
HD_216803__2015-06-27__09-36-00,HD_216803,HIP_113283,,HIP_113283,HR_8721,TYC_7505-100-1,SAO_214197,HIP 113283_DB_H23_2015-06-26_ird_convert_recenter_dc2022_COBREX_333192,2015-06-27T09:36:00.49,2015-06-27T08:57:22.89,2015-06-27T10:14:37.27,DB_H23,B_H,0.9100,2.5000,2.8000,36.0230,0.2600,0.6912,0.3801,0.8800,0.8800,13.6600,1.0000,,,,0.9174,,,0.0024,,,2.4294,2.1000,0.7547,0.8533,0.4669,3.8050,3.8040,,6.0919,512,512,-100.7280,2022-06-25_07-07-12,0,test,0.0000,interactive,,0.0400,1,0,0.9174,2.4294,0.8263,0,0.9174,-1,-1
HD_216956__2015-06-30__08-01-31,HD_216956,No name,,HIP_113368,HR_8728,TYC_6977-1267-1,SAO_191524,HIP 113368_DB_H23_2015-06-29_ird_convert_recenter_dc2022_COBREX_waffles_only_333409,2015-06-30T08:01:31.92,2015-06-30T08:01:27.91,2015-06-30T08:01:35.93,DB_H23,B_H,0.8500,1.5000,5.0000,,-1.0000,-1.0000,-1.0000,0.9000,0.8800,0.8300,1.4000,,,,0.8500,,,0.0015,,,1.4780,1.5000,-1.0000,-1.0000,-1.0000,1.0500,1.0500,1.1100,,3,3,-0.0321,2022-06-25_07-41-41,0,,2.0000,not an ADI sequence --> out,,0.0400,0,1,0.8500,1.4780,0.7913,1,0.9223,2,0
HD_216956__2015-06-30__08-04-16,HD_216956,No name,,HIP_113368,HR_8728,TYC_6977-1267-1,SAO_191524,HIP 113368_DB_H23_2015-06-29_ird_convert_recenter_dc2022_COBREX_waffles_only_333410,2015-06-30T08:04:16.95,2015-06-30T08:04:12.93,2015-06-30T08:04:20.96,DB_H23,B_H,1.0300,1.2000,5.2800,,-1.0000,-1.0000,-1.0000,0.9400,0.9300,0.8500,1.4000,,,,,,,,,,,1.2000,-1.0000,-1.0000,-1.0000,1.0500,1.0500,1.1100,,3,3,-0.0342,2022-06-25_07-41-41,0,,2.0000,not an ADI sequence --> out,,0.0400,0,1,1.0300,1.2000,0.7211,1,0.8936,1,0
HD_216956__2015-06-30__08-15-59,HD_216956,No name,,HIP_113368,HR_8728,TYC_6977-1267-1,SAO_191524,HIP 113368_DB_H23_2015-06-29_ird_convert_recenter_dc2022_COBREX_333350,2015-06-30T08:15:59.76,2015-06-30T08:06:35.78,2015-06-30T08:25:23.81,DB_H23,B_H,0.9400,1.3000,4.7000,,0.3361,0.4474,0.3835,0.8900,0.8800,0.8100,1.4000,,,,0.9350,,,0.0013,,,1.3453,1.3000,0.7815,0.8383,0.6986,1.0500,1.0500,1.1100,,380,380,-8.7004,2022-06-25_07-40-55,0,,2.0000,"Fomalhaut disk, very large extend --> out",,0.0400,0,1,0.9350,1.3453,0.7603,1,0.9096,2,0
HD_216956__2015-09-24__02-37-03,HD_216956,HIP_113368,,HIP_113368,HR_8728,TYC_6977-1267-1,SAO_191524,HIP 113368_DB_NDH23_2015-09-23_ird_convert_recenter_dc2022_COBREX_330449,2015-09-24T02:37:03.44,2015-09-24T01:58:27.24,2015-09-24T03:15:40.71,DB_NDH23,B_ND-H,1.5500,1.4000,15.1300,62.2460,0.5134,1.0527,0.7465,1.2400,1.2200,1.1600,1.0000,,,,1.5463,,,0.0014,,,1.4127,1.2000,0.7164,0.8327,0.4654,1.0500,1.0500,1.1100,,512,512,-48.2294,2022-06-17_10-55-13,0,,2.0000,"Fomalhaut disk, very large extend --> out",,0.0400,0,0,1.5463,1.4127,0.6447,1,0.8423,1,0
HD_218396__2014-12-06__00-15-16,HD_218396,HR 8799,,HIP_114189,HR_8799,TYC_1718-2350-1,SAO_91022,HIP 114189_BB_H_2014-12-05_ird_convert_recenter_dc2022_COBREX_waffles_only_331970,2014-12-06T00:15:16.49,2014-12-05T23:59:03.09,2014-12-06T00:31:29.90,BB_H,B_H,1.0134,3.7000,5.7200,17.5257,-1.0000,-1.0000,-1.0000,1.9500,1.4600,1.3100,1.3000,,,,1.1700,,,0.0026,,,2.5573,3.7000,-1.0000,-1.0000,-1.0000,5.2400,5.2800,,5.9107,218,218,8.6196,2022-06-24_22-02-25,1,,,,not found,0.0200,0,1,1.1700,2.5573,0.7788,1,0.8939,1,1
HD_218396__2014-12-07__00-16-41,HD_218396,HR 8799,,HIP_114189,HR_8799,TYC_1718-2350-1,SAO_91022,HIP 114189_BB_H_2014-12-06_ird_convert_recenter_dc2022_COBREX_waffles_only_332045,2014-12-07T00:16:41.70,2014-12-07T00:00:28.23,2014-12-07T00:32:55.16,BB_H,B_H,1.3900,2.7000,9.5300,,-1.0000,-1.0000,-1.0000,1.6400,1.2200,1.0800,1.3000,,,,1.2520,,,0.0027,,,2.6897,2.7000,-1.0000,-1.0000,-1.0000,5.2400,5.2800,,5.9107,218,218,8.4458,2022-06-24_22-27-36,1,,,,not found,0.0200,0,1,1.2520,2.6897,0.7638,1,0.8854,1,1
HD_218396__2014-12-09__00-26-57,HD_218396,HR 8799,,HIP_114189,HR_8799,TYC_1718-2350-1,SAO_91022,HIP 114189_BB_H_2014-12-08_ird_convert_recenter_dc2022_COBREX_waffles_only_332237,2014-12-09T00:26:57.36,2014-12-09T00:10:43.96,2014-12-09T00:43:10.77,BB_H,B_H,1.0134,3.2000,1.8000,,-1.0000,-1.0000,-1.0000,1.4800,1.0700,0.8200,1.3000,,,,0.8628,,,0.0027,,,2.6798,3.2000,-1.0000,-1.0000,-1.0000,5.2400,5.2800,,5.9107,218,218,7.8380,2022-06-24_23-47-53,1,,,,not found,0.0200,1,0,0.8628,2.6798,0.8446,0,0.9266,-1,-1
HD_218396__2015-07-04__09-55-52,HD_218396,HIP_114189,,HIP_114189,HR_8799,TYC_1718-2350-1,SAO_91022,HD 218396f_DB_K12_2015-07-03_ird_convert_recenter_dc2022_COBREX_333483,2015-07-04T09:55:52.32,2015-07-04T09:06:56.46,2015-07-04T10:30:20.50,DB_K12,B_Ks,1.0700,2.0000,8.7300,30.6428,0.4859,0.9969,0.6652,1.4900,1.1700,3.1200,1.4000,,,,1.0521,,,0.0024,,,2.3571,2.3000,0.7632,0.8411,0.5762,5.2400,5.2800,,5.9107,120,120,24.5687,2022-06-25_07-56-30,0,train,0.0000,interactive,,0.0500,0,1,1.0521,2.3571,0.7982,1,0.9052,2,1
HD_218396__2016-11-18__01-21-08,HD_218396,HIP_114189,,HIP_114189,HR_8799,TYC_1718-2350-1,SAO_91022,HD 218396f_DB_H23_2016-11-17_ird_convert_recenter_dc2022_COBREX_waffles_only_333100,2016-11-18T01:21:08.85,2016-11-18T00:49:38.45,2016-11-18T01:52:41.75,DB_H23,B_H,0.9800,1.8000,5.5800,35.7204,-1.0000,-1.0000,-1.0000,1.5300,1.1700,0.9700,1.0000,0.9931,0.7809,0.9286,,0.0043,0.0049,,4.2770,4.8910,,4.9000,-1.0000,-1.0000,-1.0000,5.2400,5.2800,,5.9107,64,64,16.8358,2022-06-25_06-31-31,0,train,0.0000,interactive,,0.0400,0,1,0.9286,4.2770,0.8520,2,0.9256,2,2
HD_218396__2017-06-15__10-12-26,HD_218396,HIP_114189,,HIP_114189,HR_8799,TYC_1718-2350-1,SAO_91022,HD 218396f_DB_H23_2017-06-14_ird_convert_recenter_dc2022_COBREX_waffles_only_332112,2017-06-15T10:12:26.14,2017-06-15T09:41:37.01,2017-06-15T10:43:15.27,DB_H23,B_H,0.9200,2.8000,11.4500,35.7434,0.4565,1.0313,0.6578,1.4000,1.1300,1.0000,1.0000,0.8882,0.3317,0.8930,,0.0030,0.0074,,3.0402,7.3985,,2.7000,0.9253,0.9506,0.8687,5.2400,5.2800,,5.9107,144,144,19.2834,2022-06-24_22-47-51,0,train,0.0000,interactive,,0.0400,0,1,0.8930,3.0402,0.8458,2,0.9256,2,1
HD_218396__2017-10-08__02-12-08,HD_218396,HR8799,,HIP_114189,HR_8799,TYC_1718-2350-1,SAO_91022,HD 218396f_BB_H_2017-10-07_ird_convert_recenter_dc2022_COBREX_waffles_only_332316,2017-10-08T02:12:08.03,2017-10-07T23:49:37.05,2017-10-08T04:31:49.83,BB_H,B_H,0.6400,5.6000,9.0000,34.8778,0.3155,1.3404,0.5288,1.5000,1.1300,0.9300,0.6000,0.7597,0.3444,0.6588,,0.0055,0.0069,,5.4734,6.9331,,3.0000,0.8324,0.8792,0.6870,5.2400,5.2800,,5.9107,476,476,76.3497,2022-06-25_00-31-45,0,train,0.0000,interactive,,0.0200,0,2,0.6588,5.4734,0.9088,2,0.9516,2,2
HD_218396__2017-10-12__00-22-17,HD_218396,HR8799,,HIP_114189,HR_8799,TYC_1718-2350-1,SAO_91022,IRAS 23050+2051_BB_H_2017-10-11_ird_convert_recenter_dc2022_COBREX_waffles_only_332400,2017-10-12T00:22:17.43,2017-10-12T00:18:27.16,2017-10-12T00:26:07.70,BB_H,B_H,0.7100,3.9000,2.6700,,0.5100,0.7497,0.6139,1.6600,1.2000,0.9900,0.6000,0.8700,0.5067,0.7343,,0.0039,0.0041,,3.9147,4.1177,,3.9000,0.8252,0.8413,0.8008,5.2400,5.2800,,5.9107,14,14,1.6049,2022-06-25_02-10-51,0,train,0.0000,interactive,,0.0500,1,0,0.7343,3.9147,0.8865,0,0.9429,-1,-1
HD_218396__2017-10-12__02-58-12,HD_218396,HR8799,,HIP_114189,HR_8799,TYC_1718-2350-1,SAO_91022,IRAS 23050+2051_BB_H_2017-10-11_ird_convert_recenter_dc2022_COBREX_waffles_only_332401,2017-10-12T02:58:12.11,2017-10-12T00:34:53.49,2017-10-12T05:13:35.55,BB_H,B_H,0.6000,5.2000,5.7200,42.8700,0.2967,0.8450,0.4563,1.4800,1.1200,0.9200,0.6000,0.7359,0.3076,0.5942,,0.0053,0.0066,,5.3259,6.6244,,5.1000,0.8715,0.9033,0.7940,5.2400,5.2800,,5.9107,896,896,75.8523,2022-06-25_02-27-52,0,,0.0000,interactive,not found,0.0200,0,2,0.5942,5.3259,0.9190,2,0.9566,2,2
HD_218396__2017-10-13__02-18-21,HD_218396,HR8799,,HIP_114189,HR_8799,TYC_1718-2350-1,SAO_91022,HD 218396f_BB_H_2017-10-12_ird_convert_recenter_dc2022_COBREX_waffles_only_332787,2017-10-13T02:18:21.40,2017-10-12T23:50:53.68,2017-10-13T04:45:53.40,BB_H,B_H,0.6700,5.0000,3.1700,40.7745,0.2847,0.9536,0.4867,1.4800,1.1300,0.9300,0.6000,0.7914,0.3893,0.6652,,0.0050,0.0053,,4.9937,5.3219,,5.2000,0.8437,0.8929,0.7103,5.2400,5.2800,,5.9107,1856,1856,79.9700,2022-06-25_04-59-43,0,,0.0000,interactive,not found,0.0500,0,2,0.6652,4.9937,0.9057,2,0.9506,2,2
HD_218396__2018-06-19__09-15-26,HD_218396,HIP_114189,,HIP_114189,HR_8799,TYC_1718-2350-1,SAO_91022,IRAS 23050+2051_DB_H23_2018-06-18_ird_convert_recenter_dc2022_COBREX_waffles_only_333610,2018-06-19T09:15:26.15,2018-06-19T08:18:55.28,2018-06-19T10:16:48.05,DB_H23,B_H,0.6300,7.1000,5.0300,22.1673,0.4040,1.0703,0.6583,1.4900,1.1800,1.0000,1.0000,0.7114,0.4196,0.6449,,0.0071,0.0116,,7.1332,11.5547,,7.4000,0.8662,0.9040,0.7483,5.2400,5.2800,,5.9107,64,64,34.3997,2022-06-25_08-17-28,0,calib,0.0000,interactive,not found,0.0200,0,2,0.6449,7.1332,0.9156,2,0.9539,2,2
HD_219482__2015-10-01__03-40-26,HD_219482,HIP_114948,,HIP_114948,HR_8843,TYC_9126-1745-1,SAO_255446,HIP 114948_DB_H23_2015-09-30_ird_convert_recenter_dc2022_COBREX_335374,2015-10-01T03:40:26.77,2015-10-01T03:06:03.85,2015-10-01T04:14:47.56,DB_H23,B_H,0.7600,1.9000,4.0300,54.4045,0.3321,0.7514,0.4710,1.1200,0.9700,0.8900,1.0000,,,,0.7617,,,0.0019,,,1.9147,2.0000,0.7952,0.8606,0.5991,4.4370,4.6060,,5.5190,240,240,-25.6397,2022-06-25_19-56-34,0,calib,0.0000,interactive,,0.0400,0,1,0.7617,1.9147,0.8369,2,0.9318,2,1
HD_220825__2015-09-25__03-36-55,HD_220825,HIP_115738,,HIP_115738,HR_8911,TYC_578-1415-1,SAO_128186,HIP 115738_DB_H23_2015-09-24_ird_convert_recenter_dc2022_COBREX_335233,2015-09-25T03:36:55.85,2015-09-25T02:54:10.14,2015-09-25T04:19:41.35,DB_H23,B_H,1.3200,3.1000,6.4300,45.8980,0.3959,1.0423,0.6315,1.1500,1.0800,1.0300,1.0000,,,,1.2458,,,0.0032,,,3.2076,4.2000,0.8457,0.8865,0.7252,4.9600,4.9700,4.8700,4.9155,300,300,41.3384,2022-06-25_18-40-44,0,train,0.0000,interactive,,0.0400,0,1,1.2458,3.2076,0.7774,1,0.8954,2,1
HD_224228__2015-10-25__02-26-04,HD_224228,HIP118008,,HIP_118008,,TYC_8015-290-1,SAO_214868,HIP 118008_DB_H23_2015-10-24_ird_convert_recenter_dc2022_COBREX_329743,2015-10-25T02:26:04.39,2015-10-25T01:50:54.90,2015-10-25T03:01:12.89,DB_H23,B_H,1.4800,1.1000,12.0300,49.1126,0.4825,1.5525,0.7514,1.1800,1.1600,1.0900,1.4000,,,,1.5336,,,0.0011,,,1.0655,1.3000,0.6386,0.7250,0.4755,5.9070,6.0070,7.6690,7.9412,64,64,-59.2862,2022-06-16_12-15-44,0,train,0.0000,interactive,,0.0300,0,0,1.5336,1.0655,0.5773,1,0.7776,0,0
HD_224392__2015-10-27__02-35-57,HD_224392,HIP118121,,HIP_118121,HR_9062,TYC_9130-1766-1,SAO_255609,HIP 118121_DB_H23_2015-10-26_ird_convert_recenter_dc2022_COBREX_335448,2015-10-27T02:35:57.29,2015-10-27T02:00:18.36,2015-10-27T03:11:35.18,DB_H23,B_H,1.1600,1.4000,2.9500,43.1656,0.5175,1.1536,0.7777,1.4800,1.2600,1.1400,1.4000,,,,1.2487,,,0.0014,,,1.4130,1.3000,0.7418,0.8451,0.5830,4.8240,4.9490,,4.9783,128,128,-25.1562,2022-06-25_20-33-22,0,,1.0000,interactive,,0.0400,1,0,1.2487,1.4130,0.7053,0,0.8739,-1,-1
HD_224392__2016-06-28__10-06-24,HD_224392,HIP_118121,,HIP_118121,HR_9062,TYC_9130-1766-1,SAO_255609,HIP 118121_DB_H23_2016-06-27_ird_convert_recenter_dc2022_COBREX_328661,2016-06-28T10:06:24.08,2016-06-28T09:30:16.81,2016-06-28T10:47:22.97,DB_H23,B_H,1.0800,2.4000,14.5300,23.3336,-1.0000,-1.0000,-1.0000,1.4100,1.2000,1.0800,1.0000,0.9385,0.3931,1.0033,,0.0025,0.0048,,2.5436,4.8034,,1.9000,-1.0000,-1.0000,-1.0000,4.8240,4.9490,,4.9783,240,240,-27.3319,2022-06-10_20-19-34,0,,1.0000,interactive,,0.0300,0,1,1.0033,2.5436,0.8169,2,0.9183,2,1
HD_24636__2016-01-03__01-01-11,HD_24636,HIP_17764,,HIP_17764,,TYC_9159-1624-1,SAO_256034,HIP 17764_DB_H23_2016-01-02_ird_convert_recenter_dc2022_COBREX_330170,2016-01-03T01:01:11.99,2016-01-03T00:17:23.02,2016-01-03T01:44:59.23,DB_H23,B_H,0.6900,3.4000,4.0300,28.4183,0.3393,1.0100,0.5043,1.5500,1.1900,0.9700,1.0000,,,,0.6929,,,0.0034,,,3.3543,3.5000,0.8214,0.8611,0.7463,6.1360,6.2240,,7.0379,80,80,-25.5061,2022-06-16_16-43-23,0,train,0.0000,interactive,,0.0400,0,2,0.6929,3.3543,0.8758,2,0.9235,2,2
HD_25284__2015-09-30__07-14-00,HD_25284,HD_25284,,,,TYC_6461-1120-1,SAO_169022,2MASS J04000395-2902280_DB_H23_2015-09-29_ird_convert_recenter_dc2022_COBREX_329046,2015-09-30T07:14:00.63,2015-09-30T06:38:25.29,2015-09-30T07:49:36.00,DB_H23,B_H,1.3400,1.9000,6.8500,33.3300,0.3131,1.3734,0.6079,1.0500,1.0300,0.9800,1.0000,,,,1.3452,,,0.0020,,,1.9853,1.3000,0.7189,0.7744,0.6195,7.2010,7.3860,,9.7487,128,128,-38.7530,2022-06-13_12-26-29,0,train,0.0000,interactive,,0.0600,0,1,1.3452,1.9853,0.5226,0,0.6914,0,0
HD_29391__2015-09-25__08-56-28,HD_29391,51 Eri,,HIP_21547,HR_1474,TYC_4739-1551-1,SAO_131358,HIP 21547_DB_K12_2015-09-24_ird_convert_recenter_dc2022_COBREX_335234,2015-09-25T08:56:28.03,2015-09-25T08:19:51.25,2015-09-25T09:33:05.67,DB_K12,B_Ks,0.7600,5.6000,6.8500,49.3666,0.3260,0.7490,0.4505,0.9500,0.9100,0.8600,1.0000,,,,0.7533,,,0.0056,,,5.5503,7.6000,0.8377,0.8855,0.6823,4.5370,4.7700,,5.1412,256,256,41.4570,2022-06-25_18-39-53,0,train,0.0000,interactive,,0.0600,0,2,0.7533,5.5503,0.8956,2,0.9497,2,2
HD_29391__2015-09-26__08-50-04,HD_29391,HIP_21547,,HIP_21547,HR_1474,TYC_4739-1551-1,SAO_131358,HIP 21547_BB_H_2015-09-25_ird_convert_recenter_dc2022_COBREX_328351,2015-09-26T08:50:04.43,2015-09-26T08:11:49.87,2015-09-26T09:29:00.00,BB_H,B_H,1.0000,9.0000,2.9200,63.6884,0.3285,0.7096,0.4678,0.9400,0.8900,0.8200,1.0000,,,,1.0170,,,0.0088,,,8.8329,7.8000,0.8473,0.8965,0.6726,4.5370,4.7700,,5.1412,918,918,42.6472,2022-06-09_18-54-56,1,,,,,0.0600,1,0,1.0170,8.8329,0.8489,0,0.9256,-1,-1
HD_29391__2015-12-26__02-28-43,HD_29391,51_ERI,,HIP_21547,HR_1474,TYC_4739-1551-1,SAO_131358,HIP 21547_DB_H23_2015-12-25_ird_convert_recenter_dc2022_COBREX_335548,2015-12-26T02:28:43.69,2015-12-26T01:52:08.27,2015-12-26T03:05:18.65,DB_H23,B_H,1.1800,1.8000,3.1300,26.8332,0.5248,1.3223,0.8176,1.4000,1.3300,1.2400,1.0000,,,,1.6333,,,0.0014,,,1.3760,1.8000,0.8193,0.8756,0.6694,4.5370,4.7700,,5.1412,256,256,37.5614,2022-06-25_22-39-14,0,train,0.0000,interactive,,0.0400,0,1,1.6333,1.3760,0.6201,1,0.8250,1,0
HD_29391__2016-01-16__01-44-58,HD_29391,HIP_21547,,HIP_21547,HR_1474,TYC_4739-1551-1,SAO_131358,HIP 21547_DB_H23_2016-01-15_ird_convert_recenter_dc2022_COBREX_331426,2016-01-16T01:44:58.75,2016-01-16T01:08:23.42,2016-01-16T02:21:37.00,DB_H23,B_H,1.9100,1.3000,12.9000,27.7073,0.6650,1.4320,0.9329,1.5500,1.4700,18.3100,1.0000,,,,1.8961,,,0.0013,,,1.3083,1.1000,0.8062,0.8696,0.6437,4.5370,4.7700,,5.1412,256,256,41.8108,2022-06-22_15-32-38,0,train,0.0000,interactive,,0.0400,0,0,1.8961,1.3083,0.5568,1,0.7878,0,0
HD_29391__2016-12-12__04-52-59,HD_29391,HIP_21547,,HIP_21547,HR_1474,TYC_4739-1551-1,SAO_131358,HIP 21547_DB_H23_2016-12-11_ird_convert_recenter_dc2022_COBREX_waffles_only_333279,2016-12-12T04:52:59.36,2016-12-12T04:22:53.75,2016-12-12T05:23:02.64,DB_H23,B_H,1.9700,1.5000,13.7500,35.3474,-1.0000,-1.0000,-1.0000,2.1900,2.0300,1.5000,1.0000,1.7386,1.1776,1.9024,,0.0015,0.0026,,1.4970,2.5649,,1.4000,-1.0000,-1.0000,-1.0000,4.5370,4.7700,,5.1412,54,54,25.2580,2022-06-25_07-21-11,0,test,0.0000,interactive,,0.0400,0,0,1.9024,1.4970,0.5721,1,0.7926,0,0
HD_29391__2016-12-13__03-48-07,HD_29391,HIP_21547,,HIP_21547,HR_1474,TYC_4739-1551-1,SAO_131358,HIP 21547_DB_H23_2016-12-12_ird_convert_recenter_dc2022_COBREX_waffles_only_333319,2016-12-13T03:48:07.18,2016-12-13T03:07:53.25,2016-12-13T04:28:16.01,DB_H23,B_H,0.8400,5.7000,2.9200,20.3416,-1.0000,-1.0000,-1.0000,1.1600,1.1000,1.0400,1.0000,0.8720,0.7387,0.8252,,0.0056,0.0059,,5.6301,5.9273,,6.7000,-1.0000,-1.0000,-1.0000,4.5370,4.7700,,5.1412,72,72,45.0270,2022-06-25_07-32-59,0,train,0.0000,interactive,,0.0400,1,0,0.8252,5.6301,0.8822,0,0.9432,-1,-1
HD_29391__2017-09-28__08-46-50,HD_29391,HIP_21547,,HIP_21547,HR_1474,TYC_4739-1551-1,SAO_131358,+ 51 Eri b_DB_K12_2017-09-27_ird_convert_recenter_dc2022_COBREX_waffles_only_332198,2017-09-28T08:46:50.48,2017-09-28T08:05:36.85,2017-09-28T09:28:03.35,DB_K12,B_Ks,0.4900,7.2000,5.2500,23.9935,0.2619,0.6040,0.3576,0.8500,0.8100,0.7600,1.0000,0.5357,0.2994,0.4922,,0.0076,0.0090,,7.5939,8.9502,,6.1000,0.8876,0.9143,0.8553,4.5370,4.7700,,5.1412,192,192,46.3659,2022-06-24_23-25-53,0,val,0.0000,interactive,,0.0400,0,2,0.4922,7.5939,0.9442,2,0.9716,2,2
HD_3003__2015-09-28__04-39-33,HD_3003,HIP_2578,,HIP_2578,HR_136,TYC_8844-1521-1,SAO_248208,HIP 2578_DB_H23_2015-09-27_ird_convert_recenter_dc2022_COBREX_335246,2015-09-28T04:39:33.02,2015-09-28T04:00:58.87,2015-09-28T05:18:06.38,DB_H23,B_H,0.9000,11.1000,3.8800,21.0933,0.3929,1.0790,0.6314,1.3500,1.1700,1.0900,1.0000,,,,0.9155,,,0.0112,,,11.2049,8.0000,0.8400,0.8985,0.7056,4.9850,5.1560,,5.0550,512,512,-28.0419,2022-06-25_18-53-51,0,,1.0000,interactive,,0.0400,0,2,0.9155,11.2049,0.8722,2,0.9369,2,2
HD_3003__2016-09-16__05-31-23,HD_3003,HIP_2578,,HIP_2578,HR_136,TYC_8844-1521-1,SAO_248208,HIP 2578_DB_H23_2016-09-15_ird_convert_recenter_dc2022_COBREX_332850,2016-09-16T05:31:23.01,2016-09-16T04:47:37.66,2016-09-16T06:15:10.40,DB_H23,B_H,0.5400,6.2000,7.4300,17.2825,-1.0000,-1.0000,-1.0000,1.1100,0.9600,0.8900,1.0000,0.6100,0.2617,0.5510,,0.0062,0.0130,,6.1790,13.0144,,7.4000,-1.0000,-1.0000,-1.0000,4.9850,5.1560,,5.0550,80,80,-31.5309,2022-06-25_04-42-29,0,train,0.0000,interactive,,0.0300,0,2,0.5510,6.1790,0.9325,2,0.9671,2,2
HD_30447__2015-12-01__03-58-58,HD_30447,HIP_22226,,HIP_22226,,TYC_6468-1650-1,SAO_169759,HIP 22226_DB_H23_2015-11-30_ird_convert_recenter_dc2022_COBREX_335517,2015-12-01T03:58:58.95,2015-12-01T03:16:21.64,2015-12-01T04:41:36.50,DB_H23,B_H,1.3700,3.3000,6.9700,46.2820,0.6341,1.4334,0.9602,1.3600,1.3400,1.2800,1.0000,,,,1.3490,,,0.0033,,,3.3153,4.1000,0.3594,0.5471,0.2239,6.8940,6.9510,,7.7687,78,78,-37.1473,2022-06-25_22-00-02,0,test,0.0000,interactive,,0.0400,0,1,1.3490,3.3153,0.7271,1,0.8282,1,0
HD_30447__2015-12-29__01-40-09,HD_30447,HIP_22226,,HIP_22226,,TYC_6468-1650-1,SAO_169759,HIP 22226_DB_H23_2015-12-28_ird_convert_recenter_dc2022_COBREX_331908,2015-12-29T01:40:09.22,2015-12-29T00:47:40.31,2015-12-29T02:32:37.36,DB_H23,B_H,1.4300,2.0000,10.6800,16.8468,0.5546,1.4662,0.8242,1.2000,1.1600,1.1000,1.0000,,,,1.4690,,,0.0021,,,2.1083,1.3000,0.6938,0.7677,0.4953,6.8940,6.9510,,7.7687,96,96,-16.7973,2022-06-24_21-45-42,0,calib,0.0000,interactive,,0.0400,0,0,1.4690,2.1083,0.6761,1,0.8073,1,0
HD_30447__2016-12-06__05-15-26,HD_30447,HIP_22226,,HIP_22226,,TYC_6468-1650-1,SAO_169759,HIP 22226_DB_K12_2016-12-05_ird_convert_recenter_dc2022_COBREX_333229,2016-12-06T05:15:26.31,2016-12-06T04:48:58.41,2016-12-06T05:41:52.77,DB_K12,B_Ks,0.4900,4.8000,4.9300,26.0024,-1.0000,-1.0000,-1.0000,0.8000,0.7900,0.7300,0.8000,0.5439,0.4058,0.4853,,0.0049,0.0052,,4.8602,5.1534,,4.1000,-1.0000,-1.0000,-1.0000,6.8940,6.9510,,7.7687,48,48,-15.9744,2022-06-25_07-11-14,0,train,0.0000,interactive,,0.0400,0,2,0.4853,4.8602,0.9029,2,0.9106,2,2
HD_317617__2015-05-31__05-25-05,HD_317617,TYC737902791,,,,TYC_7379-279-1,,HD 317617_DB_H23_2015-05-30_ird_convert_recenter_dc2022_COBREX_330138,2015-05-31T05:25:05.04,2015-05-31T04:49:57.21,2015-05-31T06:00:12.28,DB_H23,B_H,1.0700,1.2000,8.7500,59.7337,0.3470,0.6696,0.4728,1.1200,1.1100,14.0000,1.0000,,,,1.0809,,,0.0012,,,1.2277,1.2000,0.6719,0.7600,0.4896,7.6690,7.8240,10.1930,,64,64,-86.6870,2022-06-16_16-08-22,0,,2.0000,too many sources --> out,,0.0400,0,1,1.0809,1.2277,0.0974,0,0.4858,0,0
HD_32195__2015-09-30__09-05-02,HD_32195,HIP_22295,,HIP_22295,,TYC_9377-548-1,SAO_258391,HIP 22295_DB_H23_2015-09-29_ird_convert_recenter_dc2022_COBREX_329047,2015-09-30T09:05:02.29,2015-09-30T08:34:18.78,2015-09-30T09:35:46.86,DB_H23,B_H,2.0500,1.2000,8.4800,34.5622,0.8129,1.6351,1.1188,1.8200,1.2800,1.0500,1.0000,,,,1.9857,,,0.0012,,,1.1894,1.4000,0.6774,0.7631,0.5310,6.8680,6.9910,,8.0162,56,56,-16.5749,2022-06-13_12-29-54,0,train,0.0000,interactive,,0.0600,0,0,1.9857,1.1894,0.3068,0,0.6585,0,0
HD_326277__2016-03-30__09-20-08,HD_326277,TYC_7879_0980_1,,,,TYC_7879-980-1,,HD 326277_DB_H23_2016-03-29_ird_convert_recenter_dc2022_COBREX_328270,2016-03-30T09:20:08.03,2016-03-30T08:54:48.97,2016-03-30T09:47:48.65,DB_H23,B_H,1.1800,2.2000,6.1000,29.0193,0.3848,0.7702,0.5874,1.0500,1.0100,0.9500,1.0000,,,,1.2070,,,0.0022,,,2.1633,2.2000,0.6918,0.7364,0.6495,8.2420,8.2980,,9.9615,45,45,-33.6204,2022-06-08_16-01-30,0,,2.0000,too many sources --> out,,0.0300,0,1,1.2070,2.1633,0.5527,0,0.6827,0,1
HD_35114__2017-02-12__01-09-44,HD_35114,HIP_24947,,HIP_24947,,TYC_7599-832-1,SAO_195766,HIP 24947_DB_H23_2017-02-11_ird_convert_recenter_dc2022_COBREX_335283,2017-02-12T01:09:44.92,2017-02-12T00:16:42.84,2017-02-12T02:05:03.76,DB_H23,B_H,1.0300,4.5000,5.8500,33.5393,0.5271,1.2905,0.7298,1.2000,1.1600,1.0800,0.8000,,,1.0411,,,,,,,,5.4000,0.7706,0.8311,0.6204,6.1440,6.2180,,7.2616,96,96,-72.9412,2022-06-25_18-57-02,0,train,0.0000,interactive,,0.0400,0,1,1.0411,4.5000,0.8150,2,0.8865,1,1
HD_35650__2015-12-28__03-24-06,HD_35650,HIP_25283,,HIP_25283,,TYC_7595-352-1,SAO_195825,HIP 25283_DB_H23_2015-12-27_ird_convert_recenter_dc2022_COBREX_331595,2015-12-28T03:24:06.66,2015-12-28T02:48:56.37,2015-12-28T03:59:15.21,DB_H23,B_H,0.8200,3.1000,3.4500,23.0648,0.3500,0.5910,0.4405,0.8700,0.8500,0.7900,1.0000,,,,0.8315,,,0.0030,,,2.9850,2.9000,0.8082,0.8278,0.7730,5.9210,6.1050,8.2930,8.5394,64,64,-56.6699,2022-06-23_11-53-02,0,val,0.0000,interactive,,0.0400,0,2,0.8315,2.9850,0.7501,1,0.8739,1,1
HD_377__2016-10-14__02-57-13,HD_377,HIP_682,,HIP_682,,TYC_7-632-1,SAO_109027,HIP 682_DB_H23_2016-10-13_ird_convert_recenter_dc2022_COBREX_330679,2016-10-14T02:57:13.01,2016-10-14T02:13:19.40,2016-10-14T03:41:10.77,DB_H23,B_H,0.6300,2.8000,6.0300,54.9043,-1.0000,-1.0000,-1.0000,0.9800,0.8900,0.8100,1.4000,0.7518,0.3502,0.6562,,0.0028,0.0032,,2.8467,3.1604,,2.0000,-1.0000,-1.0000,-1.0000,6.1160,6.1490,,7.4505,80,80,35.7508,2022-06-17_18-36-49,0,train,0.0000,interactive,,0.0300,0,1,0.6562,2.8467,0.8652,2,0.9093,2,1
HD_38678__2017-02-11__00-52-32,HD_38678,HIP_27288,,HIP_27288,HR_1998,TYC_5359-1778-1,SAO_150801,HIP 27288_DB_H23_2017-02-10_ird_convert_recenter_dc2022_COBREX_335248,2017-02-11T00:52:32.24,2017-02-11T00:11:29.44,2017-02-11T01:33:35.23,DB_H23,B_H,0.6300,5.2000,6.6800,38.5757,0.3353,0.7658,0.4666,0.9600,0.9500,0.9000,0.8000,,,0.6201,,,,,,,,6.9000,0.9142,0.9407,0.8564,3.2860,3.3140,,3.5410,288,288,83.5267,2022-06-25_18-50-50,0,test,0.0000,interactive,,0.0200,0,2,0.6201,5.2000,0.9203,2,0.9651,2,2
HD_39060__2014-12-08__05-27-37,HD_39060,HR2020,,HIP_27321,HR_2020,TYC_8099-1392-1,SAO_234134,HIP 27321_DB_K12_2014-12-07_ird_convert_recenter_dc2022_COBREX_waffles_only_332153,2014-12-08T05:27:37.21,2014-12-08T05:01:41.45,2014-12-08T05:53:26.26,DB_K12,B_Ks,0.7500,4.4000,2.7500,,-1.0000,-1.0000,-1.0000,0.8200,0.7700,0.7300,1.2000,,,,0.7547,,,0.0043,,,4.3070,3.8000,-1.0000,-1.0000,-1.0000,3.4800,3.5100,3.7400,3.8232,560,560,-26.1682,2022-06-24_23-22-12,0,train,3.0000,":= Beta Pic, bright edge-on disk, draw rectangular box full diagonal x 60 pix ",,0.0500,1,0,0.7547,4.3070,0.8915,0,0.9522,-1,-1
HD_39060__2015-02-05__02-12-39,HD_39060,HR2020,,HIP_27321,HR_2020,TYC_8099-1392-1,SAO_234134,HIP 27321_DB_H23_2015-02-04_ird_convert_recenter_dc2022_COBREX_waffles_only_332421,2015-02-05T02:12:39.81,2015-02-05T00:24:51.25,2015-02-05T03:55:24.57,DB_H23,B_H,0.7800,7.8000,2.7800,10.8196,-1.0000,-1.0000,-1.0000,0.9400,0.8600,0.8200,1.2000,,,,0.8070,,,0.0076,,,7.6097,11.4000,-1.0000,-1.0000,-1.0000,3.4800,3.5100,3.7400,3.8232,1762,1762,-91.8375,2022-06-25_02-57-44,0,train,3.0000,":= Beta Pic, bright edge-on disk, draw rectangular box full diagonal x 60 pix ",,0.0400,1,0,0.8070,7.6097,0.8926,0,0.9503,-1,-1
HD_39060__2015-10-01__08-44-47,HD_39060,BET_PIC,,HIP_27321,HR_2020,TYC_8099-1392-1,SAO_234134,HIP 27321_DB_H23_2015-09-30_ird_convert_recenter_dc2022_COBREX_waffles_only_335402,2015-10-01T08:44:47.25,2015-10-01T07:58:16.11,2015-10-01T09:30:58.68,DB_H23,B_H,1.4200,1.0000,5.8300,56.2095,0.4819,1.3422,0.7401,1.3000,1.2000,1.1300,1.0000,,,,1.4728,,,0.0010,,,0.9756,1.0000,0.7840,0.8776,0.5334,3.4800,3.5100,3.7400,3.8232,704,704,-39.9456,2022-06-25_20-21-43,0,train,3.0000,":= Beta Pic, bright edge-on disk, draw rectangular box full diagonal x 60 pix ",,0.0400,0,0,1.4728,0.9756,0.5910,1,0.8278,1,0
HD_39060__2015-11-28__05-50-57,HD_39060,BET_PIC,,HIP_27321,HR_2020,TYC_8099-1392-1,SAO_234134,HIP 27321_DB_H23_2015-11-27_ird_convert_recenter_dc2022_COBREX_waffles_only_335469,2015-11-28T05:50:57.74,2015-11-28T05:47:00.89,2015-11-28T05:54:54.59,DB_H23,B_H,1.3800,19.2000,0.6300,,0.2772,0.3465,0.3138,0.8400,0.7900,0.7400,1.0000,,,,1.2643,,,0.0227,,,22.7411,19.2000,0.9254,0.9402,0.7943,3.4800,3.5100,3.7400,3.8232,28,28,-3.8829,2022-06-25_20-44-13,1,,,,,0.0400,1,0,1.2643,22.7411,0.7995,0,0.9029,-1,-1
HD_39060__2015-11-28__06-16-03,HD_39060,BET_PIC,,HIP_27321,HR_2020,TYC_8099-1392-1,SAO_234134,HIP 27321_DB_H23_2015-11-27_ird_convert_recenter_dc2022_COBREX_waffles_only_335470,2015-11-28T06:16:03.86,2015-11-28T06:10:06.87,2015-11-28T06:22:00.84,DB_H23,B_H,0.9400,17.0000,1.2700,,0.2742,0.3461,0.3138,0.8800,0.8200,0.7700,1.0000,,,,1.0673,,,0.0192,,,19.1882,17.0000,0.9306,0.9381,0.9114,3.4800,3.5100,3.7400,3.8232,80,80,-5.9691,2022-06-25_20-45-09,1,,,,,0.0500,1,0,1.0673,19.1882,0.8439,0,0.9253,-1,-1
HD_39060__2015-11-30__06-08-56,HD_39060,HIP_27321,,HIP_27321,HR_2020,TYC_8099-1392-1,SAO_234134,HIP 27321_DB_H23_2015-11-29_ird_convert_recenter_dc2022_COBREX_waffles_only_335497,2015-11-30T06:08:56.13,2015-11-30T05:28:03.15,2015-11-30T06:49:48.98,DB_H23,B_H,1.0600,10.9000,2.7300,34.8874,0.2805,1.1464,0.4456,0.9500,0.8900,0.8200,1.0000,,,,1.0744,,,0.0107,,,10.6776,6.8000,0.8820,0.9246,0.7480,3.4800,3.5100,3.7400,3.8232,800,800,-40.4817,2022-06-25_21-53-56,0,train,3.0000,":= Beta Pic, bright edge-on disk, draw rectangular box full diagonal x 60 pix ",,0.0400,1,0,1.0744,10.6776,0.8400,0,0.9239,-1,-1
HD_39060__2015-12-26__04-20-09,HD_39060,BET_PIC,,HIP_27321,HR_2020,TYC_8099-1392-1,SAO_234134,HIP 27321_DB_H23_2015-12-25_ird_convert_recenter_dc2022_COBREX_waffles_only_335552,2015-12-26T04:20:09.69,2015-12-26T03:42:42.92,2015-12-26T04:57:37.13,DB_H23,B_H,1.4400,2.2000,4.9300,25.8845,0.4458,1.9947,0.6927,1.2700,1.1900,1.0900,1.0000,,,,1.1860,,,0.0023,,,2.2638,2.6000,0.8527,0.9020,0.5465,3.4800,3.5100,3.7400,3.8232,490,490,-37.3310,2022-06-25_22-49-35,0,train,3.0000,":= Beta Pic, bright edge-on disk, draw rectangular box full diagonal x 60 pix ",,0.0400,0,0,1.1860,2.2638,0.7719,1,0.8994,2,1
HD_39060__2016-03-27__00-36-28,HD_39060,HIP_27321,,HIP_27321,HR_2020,TYC_8099-1392-1,SAO_234134,HIP 27321_DB_H23_2016-03-26_ird_convert_recenter_dc2022_COBREX_waffles_only_332232,2016-03-27T00:36:28.78,2016-03-27T00:02:25.84,2016-03-27T01:10:30.01,DB_H23,B_H,1.6300,1.7000,10.9800,25.9646,0.3946,1.4973,0.7443,1.3600,1.1700,1.0900,1.0000,,,,1.6757,,,0.0017,,,1.6543,1.4000,0.8205,0.9029,0.6276,3.4800,3.5100,3.7400,3.8232,220,220,-19.9911,2022-06-24_23-47-07,0,train,3.0000,":= Beta Pic, bright edge-on disk, draw rectangular box full diagonal x 60 pix ",,0.0400,0,0,1.6757,1.6543,0.6348,1,0.8303,1,0
HD_39060__2016-04-16__00-04-10,HD_39060,HIP_27321,,HIP_27321,HR_2020,TYC_8099-1392-1,SAO_234134,HIP 27321_DB_H23_2016-04-15_ird_convert_recenter_dc2022_COBREX_waffles_only_332397,2016-04-16T00:04:10.44,2016-04-15T23:26:58.80,2016-04-16T00:41:24.61,DB_H23,B_H,0.7900,6.0000,5.9700,36.5987,0.4244,1.2704,0.6551,1.3300,1.0700,0.9800,1.0000,0.7437,0.6234,0.7604,,0.0059,0.0072,,5.8516,7.1566,,6.2000,0.8243,0.8648,0.7138,3.4800,3.5100,3.7400,3.8232,462,462,-18.0587,2022-06-25_02-17-00,0,train,3.0000,":= Beta Pic, bright edge-on disk, draw rectangular box full diagonal x 60 pix ",,0.0400,0,2,0.7604,5.8516,0.8976,2,0.9536,2,2
HD_39060__2016-09-16__09-22-07,HD_39060,HIP_27321,,HIP_27321,HR_2020,TYC_8099-1392-1,SAO_234134,HIP 27321_DB_H23_2016-09-15_ird_convert_recenter_dc2022_COBREX_waffles_only_332875,2016-09-16T09:22:07.46,2016-09-16T08:35:31.60,2016-09-16T10:12:04.88,DB_H23,B_H,0.4200,12.5000,3.5300,15.3395,-1.0000,-1.0000,-1.0000,0.9500,0.8600,7.8900,0.8000,0.4876,0.2863,0.4340,,0.0120,0.0204,,12.0336,20.3974,,17.2000,-1.0000,-1.0000,-1.0000,3.4800,3.5100,3.7400,3.8232,464,464,-38.7101,2022-06-25_04-59-26,0,train,3.0000,":= Beta Pic, bright edge-on disk, draw rectangular box full diagonal x 60 pix ",,0.0300,0,2,0.4340,12.0336,0.9590,2,0.9808,2,2
HD_39060__2016-10-14__08-40-21,HD_39060,HIP_27321,,HIP_27321,HR_2020,TYC_8099-1392-1,SAO_234134,HIP 27321_DB_H23_2016-10-13_ird_convert_recenter_dc2022_COBREX_waffles_only_330684,2016-10-14T08:40:21.89,2016-10-14T07:47:46.85,2016-10-14T09:38:13.60,DB_H23,B_H,0.7500,3.0000,9.3800,58.0632,-1.0000,-1.0000,-1.0000,1.0500,0.9800,0.9200,1.4000,0.7378,0.3746,0.7031,,0.0030,0.0036,,3.0208,3.6450,,3.2000,-1.0000,-1.0000,-1.0000,3.4800,3.5100,3.7400,3.8232,280,280,-53.8189,2022-06-17_18-42-40,0,train,3.0000,":= Beta Pic, bright edge-on disk, draw rectangular box full diagonal x 60 pix",,0.0300,0,2,0.7031,3.0208,0.8863,2,0.9530,2,1
HD_39060__2016-11-18__06-43-17,HD_39060,HIP_27321,,HIP_27321,HR_2020,TYC_8099-1392-1,SAO_234134,HIP 27321_DB_H23_2016-11-17_ird_convert_recenter_dc2022_COBREX_waffles_only_333102,2016-11-18T06:43:17.20,2016-11-18T06:02:56.30,2016-11-18T07:23:32.25,DB_H23,B_H,1.6100,2.0000,12.0700,36.4201,-1.0000,-1.0000,-1.0000,1.3600,1.2700,1.1900,1.4000,1.5290,0.4700,1.6514,,0.0019,0.0056,,1.9388,5.6339,,1.1000,-1.0000,-1.0000,-1.0000,3.4800,3.5100,3.7400,3.8232,1408,1408,-40.2774,2022-06-25_07-02-58,0,train,3.0000,":= Beta Pic, bright edge-on disk, draw rectangular box full diagonal x 60 pix ",,0.0300,0,0,1.6514,1.9388,0.6552,1,0.8382,1,0
HD_39060__2018-09-12__07-23-09,HD_39060,BET_PIC,,HIP_27321,HR_2020,TYC_8099-1392-1,SAO_234134,HIP 27321_DB_H23_2018-09-11_ird_convert_recenter_dc2022_COBREX_waffles_only_335360,2018-09-12T07:23:09.78,2018-09-12T06:36:21.56,2018-09-12T08:36:17.46,DB_H23,B_H,0.5600,4.2000,1.5200,49.5882,0.3255,0.9627,0.4898,1.3400,1.0100,0.8500,0.8000,0.7317,0.3346,0.6319,,0.0034,0.0035,,3.4359,3.4563,,3.8000,0.8278,0.8998,0.5504,3.4800,3.5100,3.7400,3.8232,128,128,-28.0260,2022-06-25_19-30-44,0,train,3.0000,":= Beta Pic, bright edge-on disk, draw rectangular box full diagonal x 60 pix ",,0.0400,0,2,0.6319,3.4359,0.9048,2,0.9605,2,2
HD_39060__2018-09-12__07-39-45,HD_39060,BET_PIC,,HIP_27321,HR_2020,TYC_8099-1392-1,SAO_234134,HIP 27321_DB_H23_2018-09-11_ird_convert_recenter_dc2022_COBREX_waffles_only_335361,2018-09-12T07:39:45.96,2018-09-12T06:54:56.58,2018-09-12T08:42:25.95,DB_H23,B_H,0.6500,3.3000,1.5200,49.5882,0.2973,0.9627,0.4900,1.3000,1.0300,0.9200,0.8000,0.7237,0.3187,0.6141,,0.0035,0.0036,,3.5349,3.5664,,5.5000,0.8236,0.8986,0.5504,3.4800,3.5100,3.7400,3.8232,768,768,-26.1210,2022-06-25_19-45-54,0,train,3.0000,interactive,,0.0400,0,2,0.6141,3.5349,0.9090,2,0.9622,2,2
HD_39060__2018-09-14__07-08-53,HD_39060,BET_PIC,,HIP_27321,HR_2020,TYC_8099-1392-1,SAO_234134,HIP 27321_DB_H23_2018-09-13_ird_convert_recenter_dc2022_COBREX_waffles_only_335495,2018-09-14T07:08:53.74,2018-09-14T07:08:09.67,2018-09-14T07:09:37.80,DB_H23,B_H,1.3200,1.8000,7.9700,,1.1474,1.3307,1.2121,1.9000,1.4500,1.4600,0.8000,1.5700,0.5245,1.5455,,0.0017,0.0025,,1.6840,2.5035,,1.8000,0.5938,0.6242,0.5762,3.4800,3.5100,3.7400,3.8232,18,18,-0.3027,2022-06-25_21-35-24,0,calib,2.0000,":= Beta Pic, but the 2018-09-14 obs is a fail (known pb) --> out",,0.0400,0,1,1.5455,1.6840,0.6657,1,0.8479,1,0
HD_39060__2018-09-14__08-18-07,HD_39060,BET_PIC,,HIP_27321,HR_2020,TYC_8099-1392-1,SAO_234134,HIP 27321_DB_H23_2018-09-13_ird_convert_recenter_dc2022_COBREX_waffles_only_335496,2018-09-14T08:18:07.34,2018-09-14T07:13:01.55,2018-09-14T09:29:15.20,DB_H23,B_H,1.4200,1.7000,10.1000,61.4021,0.7423,1.7929,1.0988,1.8000,1.5200,1.3500,0.8000,1.4285,0.6560,1.4199,,0.0017,0.0024,,1.6906,2.4032,,1.8000,0.6567,0.8000,0.4561,3.4800,3.5100,3.7400,3.8232,1878,1878,-39.4158,2022-06-25_22-08-59,0,calib,2.0000,interactive,,0.0400,0,0,1.4199,1.6906,0.6939,1,0.8638,1,0
HD_39060__2018-09-17__09-17-08,HD_39060,BET_PIC,,HIP_27321,HR_2020,TYC_8099-1392-1,SAO_234134,HIP 27321_DB_H23_2018-09-16_ird_convert_recenter_dc2022_COBREX_waffles_only_335564,2018-09-17T09:17:08.86,2018-09-17T08:30:44.53,2018-09-17T10:04:13.01,DB_H23,B_H,0.6900,3.8000,6.4300,25.3971,0.3419,0.9785,0.5353,1.1600,1.0500,0.9800,0.8000,0.7418,0.5255,0.6923,,0.0037,0.0042,,3.7200,4.1674,,4.5000,0.8741,0.9238,0.6869,3.4800,3.5100,3.7400,3.8232,1380,1380,-36.7926,2022-06-25_23-40-37,0,train,3.0000,":= Beta Pic, bright edge-on disk, draw rectangular box full diagonal x 60 pix ",,0.0400,0,2,0.6923,3.7200,0.8977,2,0.9563,2,2
HD_39060__2018-10-18__08-15-58,HD_39060,BET_PIC,,HIP_27321,HR_2020,TYC_8099-1392-1,SAO_234134,HIP 27321_DB_H23_2018-10-17_ird_convert_recenter_dc2022_COBREX_waffles_only_335588,2018-10-18T08:15:58.65,2018-10-18T07:19:58.93,2018-10-18T09:13:39.03,DB_H23,B_H,1.0300,3.2000,10.2000,40.6319,0.4842,1.3525,0.7436,1.2600,1.1700,1.0800,0.8000,1.0401,0.3786,1.0416,,0.0031,0.0068,,3.0921,6.8265,,3.1000,0.8519,0.8980,0.6907,3.4800,3.5100,3.7400,3.8232,1620,1620,-54.5317,2022-06-26_02-55-57,0,train,3.0000,":= Beta Pic, bright edge-on disk, draw rectangular box full diagonal x 60 pix ",,0.0400,0,1,1.0416,3.0921,0.8217,2,0.9206,2,1
HD_44627__2015-02-06__02-21-02,HD_44627,HIP_30034,,HIP_30034,,TYC_8542-384-1,SAO_234448,HIP 30034_DB_H23_2015-02-05_ird_convert_recenter_dc2022_COBREX_337970,2015-02-06T02:21:02.13,2015-02-06T01:45:40.19,2015-02-06T02:56:22.50,DB_H23,B_H,1.0800,5.3000,3.2500,13.9227,-1.0000,-1.0000,-1.0000,1.2100,1.0800,1.0100,1.2000,,,,1.0763,,,0.0054,,,5.3891,5.7000,-1.0000,-1.0000,-1.0000,6.9810,7.0880,,8.8383,64,64,-28.2812,2022-07-19_11-28-15,0,train,0.0000,interactive,,0.0300,0,1,1.0763,5.3891,0.7615,1,0.8430,1,1
HD_45270__2016-01-16__03-24-43,HD_45270,HIP_30314,,HIP_30314,,TYC_8894-491-1,SAO_249526,HIP 30314_DB_H23_2016-01-15_ird_convert_recenter_dc2022_COBREX_331427,2016-01-16T03:24:43.22,2016-01-16T02:48:09.13,2016-01-16T04:01:19.82,DB_H23,B_H,1.6900,1.6000,10.6000,26.6440,0.6092,1.5366,0.9249,1.4600,1.2900,1.2000,1.0000,,,,1.6921,,,0.0016,,,1.5530,1.9000,0.7833,0.8431,0.6485,5.0450,5.1600,,6.3652,256,256,-28.3446,2022-06-22_15-32-38,0,train,0.0000,interactive,,0.0400,0,0,1.6921,1.5530,0.6179,1,0.8117,1,0
HD_51797__2016-01-03__04-28-49,HD_51797,TYC_8118_0871_1,,,,TYC_8118-871-1,,HD 51797_DB_H23_2016-01-02_ird_convert_recenter_dc2022_COBREX_330172,2016-01-03T04:28:49.08,2016-01-03T03:53:39.32,2016-01-03T05:03:57.53,DB_H23,B_H,0.5500,4.3000,1.2000,27.9360,0.2398,0.4511,0.3217,1.0700,1.0200,42.6500,1.0000,,,,0.5385,,,0.0044,,,4.4054,4.9000,0.7651,0.8057,0.6986,7.8030,7.8930,9.8000,9.4328,64,64,-39.5316,2022-06-16_16-43-14,0,train,0.0000,interactive,,0.0400,1,0,0.5385,4.4054,0.7817,0,0.7876,-1,-1
HD_55279__2015-12-27__05-19-54,HD_55279,HIP 33737,,HIP_33737,,TYC_9388-1112-1,,HIP 33737_DB_H23_2015-12-26_ird_convert_recenter_dc2022_COBREX_331871,2015-12-27T05:19:54.98,2015-12-27T04:44:45.11,2015-12-27T05:55:03.82,DB_H23,B_H,1.5800,2.2000,1.3800,20.8227,0.4203,1.0157,0.5546,1.4400,1.0300,0.8400,1.0000,,,,1.4704,,,0.0025,,,2.4763,1.9000,0.7346,0.7657,0.6652,7.6520,7.8310,,9.7772,64,64,-19.2161,2022-06-24_21-02-16,0,train,0.0000,interactive,,0.0400,1,0,1.4704,2.4763,0.5484,0,0.6908,-1,-1
HD_55279__2017-02-08__02-59-38,HD_55279,HIP_33737,,HIP_33737,,TYC_9388-1112-1,,HIP 33737_DB_H23_2017-02-07_ird_convert_recenter_dc2022_COBREX_waffles_only_333506,2017-02-08T02:59:38.96,2017-02-08T02:03:09.51,2017-02-08T04:00:42.80,DB_H23,B_H,0.6000,6.7000,4.5300,29.7862,0.4954,1.2123,0.7077,1.6300,1.1700,0.9500,1.0000,,,0.5946,,,,,,,,6.9000,0.7149,0.7798,0.6346,7.6520,7.8310,,9.7772,78,78,-32.2407,2022-06-25_07-59-43,0,train,0.0000,interactive,,0.0400,0,2,0.5946,6.7000,0.8070,2,0.7949,0,2
HD_56022__2015-12-29__06-30-09,HD_56022,HIP_34899,,HIP_34899,HR_2746,TYC_8119-1757-1,SAO_218546,HIP 34899_DB_H23_2015-12-28_ird_convert_recenter_dc2022_COBREX_331909,2015-12-29T06:30:09.08,2015-12-29T05:54:30.94,2015-12-29T07:05:46.43,DB_H23,B_H,1.9600,1.2000,14.8000,14.5517,0.5516,2.0230,0.9135,1.4600,1.3700,1.3100,1.0000,,,,2.0259,,,0.0012,,,1.2189,0.7000,0.7788,0.8574,0.4506,4.8740,4.9490,,4.8553,128,128,-34.7126,2022-06-24_21-46-22,0,val,0.0000,interactive,,0.0400,0,0,2.0259,1.2189,0.5200,0,0.7675,0,0
HD_56022__2016-03-30__00-11-02,HD_56022,HIP_34899,,HIP_34899,HR_2746,TYC_8119-1757-1,SAO_218546,HIP 34899_DB_H23_2016-03-29_ird_convert_recenter_dc2022_COBREX_waffles_only_328271,2016-03-30T00:11:02.49,2016-03-29T23:26:27.21,2016-03-30T00:55:37.51,DB_H23,B_H,0.9300,3.3000,4.7500,26.7939,0.2529,1.0621,0.4228,1.0200,0.9600,0.8900,1.4000,,,,1.0038,,,0.0033,,,3.2925,2.3000,0.9130,0.9358,0.8101,4.8740,4.9490,,4.8553,80,80,-47.7005,2022-06-08_16-05-51,0,train,0.0000,interactive,,0.0300,0,2,1.0038,3.2925,0.8310,2,0.9226,2,1
HD_61005__2015-02-03__03-17-59,HD_61005,HIP_36948,,HIP_36948,,TYC_7109-2638-1,SAO_198166,HIP 36948_DB_NDH23_2015-02-02_ird_convert_recenter_dc2022_COBREX_330394,2015-02-03T03:17:59.99,2015-02-03T02:42:37.19,2015-02-03T03:53:18.09,DB_NDH23,B_ND-H,0.6600,23.1000,1.5500,8.4542,-1.0000,-1.0000,-1.0000,0.9100,0.9100,0.8400,1.2000,,,,0.6900,,,0.0196,,,19.5957,35.5000,-1.0000,-1.0000,-1.0000,6.4580,6.5780,,8.0168,64,64,-93.0400,2022-06-17_09-56-48,0,train,3.0000,interactive,,0.0300,1,0,0.6900,19.5957,0.8963,0,0.9269,-1,-1
HD_61005__2015-03-30__00-49-51,HD_61005,HIP_36948,,HIP_36948,,TYC_7109-2638-1,SAO_198166,HIP 36948_DB_K12_2015-03-29_ird_convert_recenter_dc2022_COBREX_329431,2015-03-30T00:49:51.24,2015-03-30T00:43:16.40,2015-03-30T00:56:26.09,DB_K12,B_Ks,1.2400,1.6000,12.7800,,-1.0000,-1.0000,-1.0000,1.1800,1.1500,1.0900,1.2000,,,,1.2783,,,0.0016,,,1.6315,1.4000,-1.0000,-1.0000,-1.0000,6.4580,6.5780,,8.0168,8,8,-5.8528,2022-06-15_11-05-49,0,train,3.0000,interactive,,0.0300,0,1,1.2783,1.6315,0.5195,0,0.7876,0,1
HD_71155__2016-01-19__05-00-11,HD_71155,HIP_41307,,HIP_41307,HR_3314,TYC_4857-2151-1,SAO_135896,HIP 41307_DB_H23_2016-01-18_ird_convert_recenter_dc2022_COBREX_332035,2016-01-19T05:00:11.88,2016-01-19T04:26:27.46,2016-01-19T05:33:56.41,DB_H23,B_H,1.8000,1.6000,7.7500,30.5316,0.4519,1.3227,0.7085,1.3300,1.2700,1.1600,1.0000,,,,1.7595,,,0.0016,,,1.6235,1.3000,0.8791,0.9176,0.7485,3.9300,3.9200,3.8700,3.9023,448,448,40.4293,2022-06-24_22-31-22,0,train,0.0000,interactive,,0.0400,0,0,1.7595,1.6235,0.6140,1,0.8183,1,0
HD_74576__2016-01-03__05-37-08,HD_74576,HIP 42808,,HIP_42808,,TYC_7675-3469-1,SAO_199544,HIP 42808_DB_H23_2016-01-02_ird_convert_recenter_dc2022_COBREX_waffles_only_330179,2016-01-03T05:37:08.27,2016-01-03T05:36:00.87,2016-01-03T05:38:15.67,DB_H23,B_H,0.6100,6.6000,1.3500,,0.2062,0.2441,0.2270,0.7600,0.7300,0.6900,1.0000,,,,0.5650,,,0.0064,,,6.4260,6.6000,0.9028,0.9103,0.8968,4.3580,4.4410,,6.2846,8,8,-1.0955,2022-06-16_16-53-30,0,train,0.0000,interactive,,0.0400,1,0,0.5650,6.4260,0.9244,0,0.9547,-1,-1
HD_74576__2016-01-03__06-20-39,HD_74576,HIP 42808,,HIP_42808,,TYC_7675-3469-1,SAO_199544,HIP 42808_DB_H23_2016-01-02_ird_convert_recenter_dc2022_COBREX_330173,2016-01-03T06:20:39.97,2016-01-03T05:42:05.93,2016-01-03T06:59:14.00,DB_H23,B_H,0.5200,7.5000,1.8300,28.0862,0.2050,0.3242,0.2481,0.7700,0.7600,0.7000,1.0000,,,,0.5239,,,0.0074,,,7.3637,9.4000,0.9058,0.9234,0.8741,4.3580,4.4410,,6.2846,512,512,-62.8840,2022-06-16_16-52-33,0,val,0.0000,interactive,,0.0400,1,0,0.5239,7.3637,0.9327,0,0.9582,-1,-1
HD_74576__2016-03-28__00-10-22,HD_74576,HIP_42808,,HIP_42808,,TYC_7675-3469-1,SAO_199544,HIP 42808_DB_H23_2016-03-27_ird_convert_recenter_dc2022_COBREX_332289,2016-03-28T00:10:22.76,2016-03-27T23:35:13.78,2016-03-28T00:45:30.99,DB_H23,B_H,1.0800,3.3000,8.3500,17.2379,0.3290,0.7893,0.4772,0.9300,0.9000,0.8400,1.0000,,,,1.0963,,,0.0032,,,3.2049,3.6000,0.8891,0.9081,0.8371,4.3580,4.4410,,6.2846,64,64,-42.5758,2022-06-25_00-04-24,0,train,0.0000,interactive,,0.0300,0,1,1.0963,3.2049,0.8041,2,0.9007,2,1
HD_74576__2016-12-12__07-55-28,HD_74576,HIP_42808,,HIP_42808,,TYC_7675-3469-1,SAO_199544,HIP 42808_DB_H23_2016-12-11_ird_convert_recenter_dc2022_COBREX_waffles_only_333280,2016-12-12T07:55:28.41,2016-12-12T07:21:23.51,2016-12-12T08:27:29.57,DB_H23,B_H,2.4800,1.5000,11.2800,35.8380,-1.0000,-1.0000,-1.0000,3.4100,3.3500,1.7000,1.0000,2.3542,1.8052,2.4881,,0.0015,0.0023,,1.5093,2.3380,,1.8000,-1.0000,-1.0000,-1.0000,4.3580,4.4410,,6.2846,54,54,-55.9169,2022-06-25_07-21-21,0,train,0.0000,interactive,,0.0400,0,0,2.4881,1.5093,0.4446,0,0.7010,0,0
HD_75416__2016-01-02__07-07-51,HD_75416,HIP 42637,,HIP_42637,HR_3502,TYC_9403-1986-1,SAO_256543,HIP 42637_DB_H23_2016-01-01_ird_convert_recenter_dc2022_COBREX_331442,2016-01-02T07:07:51.52,2016-01-02T06:24:03.61,2016-01-02T07:51:37.95,DB_H23,B_H,0.7400,3.1000,3.2800,27.7441,0.2636,0.6682,0.3894,1.6700,1.2100,7.4100,1.0000,,,,0.7302,,,0.0032,,,3.1510,4.3000,0.8731,0.9021,0.7964,5.7180,5.7210,,5.4426,80,80,-24.1688,2022-06-22_15-38-42,0,train,0.0000,interactive,,0.0400,0,2,0.7302,3.1510,0.8804,2,0.9451,2,2
HD_75416__2016-12-13__07-47-26,HD_75416,HIP_42637,,HIP_42637,HR_3502,TYC_9403-1986-1,SAO_256543,HIP 42637_DB_H23_2016-12-12_ird_convert_recenter_dc2022_COBREX_waffles_only_333321,2016-12-13T07:47:26.63,2016-12-13T06:55:56.14,2016-12-13T08:38:46.21,DB_H23,B_H,0.6900,5.6000,7.8800,18.9281,-1.0000,-1.0000,-1.0000,1.2800,0.9200,0.8200,1.0000,0.7111,0.3720,0.6797,,0.0059,0.0103,,5.9479,10.3326,,4.1000,-1.0000,-1.0000,-1.0000,5.7180,5.7210,,5.4426,90,90,-28.4732,2022-06-25_07-33-08,0,train,0.0000,interactive,,0.0400,0,2,0.6797,5.9479,0.9091,2,0.9545,2,2
HD_75505__2015-02-06__04-17-12,HD_75505,HD_75505,,,,TYC_9403-119-1,SAO_256544,HD 75505_DB_H23_2015-02-05_ird_convert_recenter_dc2022_COBREX_328817,2015-02-06T04:17:12.65,2015-02-06T03:26:41.89,2015-02-06T05:16:36.44,DB_H23,B_H,1.2000,3.9000,7.3300,16.6309,-1.0000,-1.0000,-1.0000,2.0100,1.4500,1.1000,1.2000,,,,1.3377,,,0.0038,,,3.7874,2.3000,-1.0000,-1.0000,-1.0000,6.9280,6.9870,,7.3711,84,84,-30.4175,2022-06-12_17-33-19,0,train,0.0000,interactive,,0.0300,0,1,1.3377,3.7874,0.7434,1,0.8486,1,0
HD_75505__2018-01-06__05-11-44,HD_75505,HD_75505,,,,TYC_9403-119-1,SAO_256544,HD 75505_DB_H23_2018-01-05_ird_convert_recenter_dc2022_COBREX_waffles_only_333040,2018-01-06T05:11:44.11,2018-01-06T04:21:25.05,2018-01-06T06:01:59.56,DB_H23,B_H,0.5900,7.7000,3.6500,26.5919,0.3847,1.0611,0.5521,1.8600,1.3400,1.0100,1.0000,0.6999,0.3047,0.6193,,0.0068,0.0094,,6.8033,9.3705,,9.2000,0.8196,0.8526,0.7295,6.9280,6.9870,,7.3711,60,60,-27.4253,2022-06-25_06-12-48,0,train,0.0000,interactive,,0.0400,0,2,0.6193,6.8033,0.9002,2,0.9223,2,2
HD_77825__2016-04-17__00-37-21,HD_77825,HIP_44526,,HIP_44526,,TYC_6027-1246-1,SAO_154881,HIP 44526_DB_H23_2016-04-16_ird_convert_recenter_dc2022_COBREX_337949,2016-04-17T00:37:21.99,2016-04-16T23:50:44.88,2016-04-17T01:11:39.55,DB_H23,B_H,0.6400,4.6000,6.8500,43.8756,0.0205,0.7705,0.4412,0.8600,0.8500,0.8100,0.8000,0.6809,0.4194,0.6463,,0.0047,0.0062,,4.6837,6.1672,,3.6000,0.7373,0.9998,0.6452,6.3880,6.5420,,8.4640,57,57,78.3281,2022-07-19_10-31-47,0,train,0.0000,interactive,,0.0300,0,2,0.6463,4.6837,0.8384,2,0.8985,2,2
HD_77825__2017-02-13__04-41-12,HD_77825,HIP_44526,,HIP_44526,,TYC_6027-1246-1,SAO_154881,HIP 44526_DB_H23_2017-02-12_ird_convert_recenter_dc2022_COBREX_329565,2017-02-13T04:41:12.26,2017-02-13T04:30:14.66,2017-02-13T04:52:09.46,DB_H23,B_H,0.5900,8.1000,6.2800,,0.3148,0.9401,0.4418,0.8500,0.8400,0.7900,0.8000,,,0.6191,,,,,,,,8.8000,0.7848,0.8153,0.6905,6.3880,6.5420,,8.4640,20,20,20.1459,2022-06-16_10-17-16,0,train,0.0000,interactive,,0.0400,0,2,0.6191,8.1000,0.8788,2,0.9098,2,2
HD_84075__2015-02-05__04-36-52,HD_84075,HIP_47135,,HIP_47135,,TYC_9400-1713-1,SAO_256643,HIP 47135_DB_H23_2015-02-04_ird_convert_recenter_dc2022_COBREX_332420,2015-02-05T04:36:52.48,2015-02-05T04:23:35.91,2015-02-05T04:50:10.08,DB_H23,B_H,1.7100,3.0000,3.8800,,-1.0000,-1.0000,-1.0000,1.8200,1.3300,1.0500,1.2000,,,,1.8112,,,0.0031,,,3.1129,2.7000,-1.0000,-1.0000,-1.0000,7.1600,7.2410,,8.4458,24,24,-7.1735,2022-06-25_02-19-29,0,train,0.0000,interactive,,0.0300,0,0,1.8112,3.1129,0.5627,1,0.7617,0,0
HD_84075__2016-01-18__06-13-16,HD_84075,HIP_47135,,HIP_47135,,TYC_9400-1713-1,SAO_256643,HIP 47135_DB_H23_2016-01-17_ird_convert_recenter_dc2022_COBREX_332003,2016-01-18T06:13:16.00,2016-01-18T05:29:25.89,2016-01-18T06:57:04.24,DB_H23,B_H,1.4500,1.8000,1.5500,31.2225,0.3952,0.9719,0.5412,1.8100,1.3200,11.8700,1.0000,,,,1.5249,,,0.0019,,,1.8815,2.3000,0.7291,0.7822,0.6610,7.1600,7.2410,,8.4458,80,80,-24.3869,2022-06-24_22-07-21,0,train,0.0000,interactive,,0.0400,1,0,1.5249,1.8815,0.5186,0,0.7626,-1,-1
HD_84075__2017-02-11__04-54-44,HD_84075,HIP_47135,,HIP_47135,,TYC_9400-1713-1,SAO_256643,HIP 47135_DB_H23_2017-02-10_ird_convert_recenter_dc2022_COBREX_333619,2017-02-11T04:54:44.15,2017-02-11T04:10:55.39,2017-02-11T05:38:32.17,DB_H23,B_H,0.5100,6.1000,11.0000,35.2689,0.4055,0.7626,0.5413,1.8200,1.3200,21.3000,0.8000,,,0.5249,,,,,,,,4.0000,0.6911,0.7316,0.6112,7.1600,7.2410,,8.4458,80,80,-24.4086,2022-06-25_08-19-38,0,train,0.0000,interactive,,0.0400,0,2,0.5249,6.1000,0.8786,2,0.9136,2,2
HD_8558__2015-09-24__06-06-43,HD_8558,HIP_6485,,HIP_6485,,TYC_8477-5-1,SAO_232406,HIP 6485_DB_H23_2015-09-23_ird_convert_recenter_dc2022_COBREX_328650,2015-09-24T06:06:43.19,2015-09-24T05:31:33.15,2015-09-24T06:41:50.87,DB_H23,B_H,2.0500,0.9000,16.4500,60.2066,0.7518,1.9174,1.1475,22.5300,20.2800,2.4500,1.0000,,,,1.9973,,,0.0010,,,0.9810,0.9000,0.3946,0.5338,0.2404,6.8470,6.9460,,8.3900,64,64,-28.7776,2022-06-10_20-07-31,0,train,0.0000,interactive,,0.1000,0,0,1.9973,0.9810,0.2332,0,0.6072,0,0
HD_8558__2015-10-28__03-08-29,HD_8558,HIP6485,,HIP_6485,,TYC_8477-5-1,SAO_232406,HIP 6485_DB_H23_2015-10-27_ird_convert_recenter_dc2022_COBREX_328652,2015-10-28T03:08:29.93,2015-10-28T02:33:20.83,2015-10-28T03:43:38.28,DB_H23,B_H,1.0200,2.0000,1.7000,40.3280,0.3921,1.1088,0.5263,1.1200,1.0000,0.9100,1.4000,,,,1.0338,,,0.0020,,,1.9698,1.9000,0.6655,0.7226,0.5611,6.8470,6.9460,,8.3900,64,64,-28.2168,2022-06-10_20-09-37,0,test,0.0000,interactive,,0.0500,1,0,1.0338,1.9698,0.6144,0,0.8210,-1,-1
HD_8558__2016-10-14__05-09-10,HD_8558,HIP_6485,,HIP_6485,,TYC_8477-5-1,SAO_232406,HIP 6485_DB_H23_2016-10-13_ird_convert_recenter_dc2022_COBREX_330680,2016-10-14T05:09:10.35,2016-10-14T04:33:59.83,2016-10-14T05:44:22.72,DB_H23,B_H,0.5600,2.8000,6.0300,56.2291,-1.0000,-1.0000,-1.0000,1.0600,0.9500,0.8800,1.0000,0.6483,0.3770,0.5688,,0.0028,0.0030,,2.8322,3.0140,,3.1000,-1.0000,-1.0000,-1.0000,6.8470,6.9460,,8.3900,64,64,-28.1611,2022-06-17_18-36-48,0,train,0.0000,interactive,,0.0300,0,1,0.5688,2.8322,0.7771,1,0.8875,1,1
HD_88955__2015-03-30__01-49-28,HD_88955,HIP_50191,,HIP_50191,HR_4023,TYC_7716-3704-1,SAO_221895,HIP 50191_DB_H23_2015-03-29_ird_convert_recenter_dc2022_COBREX_329348,2015-03-30T01:49:28.96,2015-03-30T01:47:30.66,2015-03-30T01:51:27.26,DB_H23,B_H,1.7700,1.3000,12.7800,,-1.0000,-1.0000,-1.0000,1.3900,1.3500,1.2400,1.2000,,,,1.6633,,,0.0013,,,1.2993,1.3000,-1.0000,-1.0000,-1.0000,3.7400,3.7500,3.8300,3.8467,14,14,-2.3397,2022-06-14_15-26-47,0,,1.0000,"missing reductions, but PACO, cADI finished",,0.0300,0,0,1.6633,1.2993,0.6069,1,0.8220,1,0
HD_88955__2015-05-10__23-55-22,HD_88955,HIP_50191,,HIP_50191,HR_4023,TYC_7716-3704-1,SAO_221895,HIP 50191_DB_H23_2015-05-10_ird_convert_recenter_dc2022_COBREX_332738,2015-05-10T23:55:22.95,2015-05-10T23:36:40.01,2015-05-11T00:14:06.51,DB_H23,B_H,0.8300,3.6000,8.2800,25.1579,-1.0000,-1.0000,-1.0000,0.9500,0.9200,0.8500,1.0000,,,,0.8486,,,0.0036,,,3.6045,3.5000,-1.0000,-1.0000,-1.0000,3.7400,3.7500,3.8300,3.8467,128,128,-27.3100,2022-06-25_03-58-36,1,,,,,0.0400,0,2,0.8486,3.6045,0.8675,2,0.9418,2,2
HD_88955__2016-03-27__02-19-10,HD_88955,HIP_50191,,HIP_50191,HR_4023,TYC_7716-3704-1,SAO_221895,HIP 50191_DB_H23_2016-03-26_ird_convert_recenter_dc2022_COBREX_waffles_only_332234,2016-03-27T02:19:10.89,2016-03-27T01:50:03.97,2016-03-27T02:48:16.93,DB_H23,B_H,2.7800,0.9000,11.7800,26.0300,0.8120,1.9533,1.3212,1.7300,1.6800,1.4800,1.4000,,,,2.7648,,,0.0009,,,0.9221,0.9000,0.6535,0.8178,0.4407,3.7400,3.7500,3.8300,3.8467,100,100,-40.6608,2022-06-24_23-42-23,0,train,0.0000,interactive,,0.0300,0,0,2.7648,0.9221,0.3396,0,0.6475,0,0
HD_88955__2018-01-05__08-09-37,HD_88955,HIP_50191,,HIP_50191,HR_4023,TYC_7716-3704-1,SAO_221895,HIP 50191_DB_H23_2018-01-04_ird_convert_recenter_dc2022_COBREX_waffles_only_333026,2018-01-05T08:09:37.77,2018-01-05T07:41:10.26,2018-01-05T08:43:40.83,DB_H23,B_H,0.5500,7.8000,1.3300,33.4588,0.1930,0.3481,0.2680,0.8100,0.7900,0.7300,1.0000,0.6467,0.2277,0.5468,,0.0079,0.0081,,7.9002,8.1112,,10.0000,0.9048,0.9222,0.8730,3.7400,3.7500,3.8300,3.8467,675,675,-44.3999,2022-06-25_06-03-15,0,train,0.0000,interactive,,0.0400,0,2,0.5468,7.9002,0.9388,2,0.9720,2,2
HD_88955__2018-02-27__04-08-45,HD_88955,HIP_50191,,HIP_50191,HR_4023,TYC_7716-3704-1,SAO_221895,HIP 50191_DB_H23_2018-02-26_ird_convert_recenter_dc2022_COBREX_waffles_only_333157,2018-02-27T04:08:45.40,2018-02-27T03:27:48.77,2018-02-27T04:49:44.48,DB_H23,B_H,0.6900,7.9000,4.7500,24.0296,0.2573,0.6719,0.4197,0.8900,0.8600,0.8100,1.0000,0.7309,0.4707,0.7113,,0.0068,0.0095,,6.7538,9.4616,,7.9000,0.9296,0.9476,0.8967,3.7400,3.7500,3.8300,3.8467,140,140,-55.5528,2022-06-25_06-49-28,0,test,0.0000,interactive,,0.0200,0,2,0.7113,6.7538,0.9089,2,0.9583,2,2
HD_9054__2015-09-30__05-10-46,HD_9054,HIP_6856,,HIP_6856,,TYC_8474-825-1,,NAME HIP 6856 cc-2_DB_H23_2015-09-29_ird_convert_recenter_dc2022_COBREX_329045,2015-09-30T05:10:46.30,2015-09-30T04:24:07.83,2015-09-30T06:04:12.98,DB_H23,B_H,0.9800,2.6000,3.1000,32.2242,0.2523,0.6224,0.3256,0.8400,0.7800,0.7400,1.0000,,,,1.0029,,,0.0025,,,2.5000,3.0000,0.7394,0.7870,0.6680,6.8340,6.9440,,8.9754,160,160,-46.3504,2022-06-13_12-27-37,0,train,0.0000,interactive,,0.0600,0,1,1.0029,2.5000,0.6675,1,0.8120,1,1
HD_9054__2017-09-29__05-43-40,HD_9054,HIP_6856,,HIP_6856,,TYC_8474-825-1,,NAME HIP 6856 cc-2_DB_H23_2017-09-28_ird_convert_recenter_dc2022_COBREX_332215,2017-09-29T05:43:40.94,2017-09-29T05:07:58.13,2017-09-29T06:27:12.00,DB_H23,B_H,0.4300,4.6000,2.8000,43.6834,0.3425,0.5955,0.4304,0.9100,0.8400,0.7900,1.0000,0.5066,0.3321,0.4290,,0.0048,0.0050,,4.8479,5.0069,,5.2000,0.6574,0.7176,0.5663,6.8340,6.9440,,8.9754,40,40,-37.0002,2022-06-24_23-32-27,0,test,0.0000,interactive,,0.0400,1,0,0.4290,4.8479,0.8550,0,0.8832,-1,-1
HD_90712__2016-01-03__08-04-45,HD_90712,HIP 51228,,HIP_51228,,TYC_7192-1463-1,SAO_201414,HIP 51228_DB_H23_2016-01-02_ird_convert_recenter_dc2022_COBREX_330174,2016-01-03T08:04:45.28,2016-01-03T07:29:35.41,2016-01-03T08:39:53.19,DB_H23,B_H,0.6700,6.1000,0.3800,28.7851,0.2461,0.7627,0.3371,0.8700,0.8600,0.8100,1.0000,,,,0.6528,,,0.0064,,,6.4163,6.5000,0.8058,0.8468,0.6085,6.0420,6.1470,,7.3751,64,64,-74.7722,2022-06-16_16-43-03,0,train,0.0000,interactive,,0.0400,1,0,0.6528,6.4163,0.8937,0,0.9194,-1,-1
HD_95086__2015-05-05__00-00-28,HD_95086,HIP_53524,,HIP_53524,,TYC_9212-4675-1,SAO_251193,HIP 53524_DB_H23_2015-05-04_ird_convert_recenter_dc2022_COBREX_332639,2015-05-05T00:00:28.09,2015-05-04T23:25:06.68,2015-05-05T00:36:03.31,DB_H23,B_H,0.7400,2.3000,5.5000,56.2531,-1.0000,-1.0000,-1.0000,1.3900,1.1300,0.9700,1.4000,,,,0.7408,,,0.0023,,,2.2891,2.7000,-1.0000,-1.0000,-1.0000,6.7890,6.8670,,7.3244,64,64,-22.4351,2022-06-25_03-41-39,0,test,0.0000,interactive,,0.0300,0,1,0.7408,2.2891,0.8389,2,0.9038,2,1
HD_95086__2015-05-05__01-27-44,HD_95086,HIP_53524,,HIP_53524,,TYC_9212-4675-1,SAO_251193,HIP 53524_DB_K12_2015-05-04_ird_convert_recenter_dc2022_COBREX_332640,2015-05-05T01:27:44.01,2015-05-05T00:59:02.61,2015-05-05T01:56:23.96,DB_K12,B_Ks,0.7900,2.1000,5.6000,55.7961,-1.0000,-1.0000,-1.0000,1.3100,1.0700,0.9200,1.4000,,,,0.7733,,,0.0021,,,2.1368,2.3000,-1.0000,-1.0000,-1.0000,6.7890,6.8670,,7.3244,52,52,-18.2130,2022-06-25_03-41-21,0,test,0.0000,interactive,,0.0500,0,1,0.7733,2.1368,0.8274,2,0.8995,2,1
HD_95086__2015-05-11__23-44-00,HD_95086,HIP_53524,,HIP_53524,,TYC_9212-4675-1,SAO_251193,HIP 53524_DB_H23_2015-05-11_ird_convert_recenter_dc2022_COBREX_332782,2015-05-11T23:44:00.18,2015-05-11T23:08:38.70,2015-05-12T00:19:18.70,DB_H23,B_H,1.0800,2.9000,2.4000,23.8848,-1.0000,-1.0000,-1.0000,1.5800,1.2800,99.3300,1.0000,,,,1.2593,,,0.0028,,,2.7908,4.2000,-1.0000,-1.0000,-1.0000,6.7890,6.8670,,7.3244,64,64,-22.4828,2022-06-25_04-08-41,0,train,0.0000,interactive,,0.0400,1,0,1.2593,2.7908,0.7493,0,0.8559,-1,-1
HD_95086__2016-01-18__08-08-49,HD_95086,HIP_53524,,HIP_53524,,TYC_9212-4675-1,SAO_251193,HIP 53524_DB_K12_2016-01-17_ird_convert_recenter_dc2022_COBREX_332004,2016-01-18T08:08:49.19,2016-01-18T07:25:01.08,2016-01-18T08:52:36.36,DB_K12,B_Ks,1.5600,1.8000,1.1500,32.5560,0.2866,0.8864,0.4431,1.6200,1.3300,324.7700,1.0000,,,,1.5492,,,0.0019,,,1.8781,1.6000,0.8080,0.8438,0.7185,6.7890,6.8670,,7.3244,80,80,-28.0903,2022-06-24_22-07-43,0,train,0.0000,interactive,,0.0400,1,0,1.5492,1.8781,0.6582,0,0.8138,-1,-1
HD_95086__2016-04-16__01-47-40,HD_95086,HIP_53524,,HIP_53524,,TYC_9212-4675-1,SAO_251193,HIP 53524_DB_H23_2016-04-15_ird_convert_recenter_dc2022_COBREX_332390,2016-04-16T01:47:40.77,2016-04-16T01:03:51.37,2016-04-16T02:31:28.59,DB_H23,B_H,0.6000,5.2000,7.5300,38.2514,0.3588,1.0610,0.5645,1.2200,1.0000,0.9000,0.8000,0.6384,0.3030,0.6048,,0.0053,0.0078,,5.2787,7.7584,,5.9000,0.7211,0.7640,0.6496,6.7890,6.8670,,7.3244,80,80,-28.1427,2022-06-25_02-06-18,0,train,0.0000,interactive,,0.0300,0,2,0.6048,5.2787,0.8992,2,0.9242,2,2
HD_95086__2016-05-30__23-51-02,HD_95086,HIP_53524,,HIP_53524,,TYC_9212-4675-1,SAO_251193,HIP 53524_DB_K12_2016-05-30_ird_convert_recenter_dc2022_COBREX_waffles_only_330206,2016-05-30T23:51:02.59,2016-05-30T23:11:13.61,2016-05-31T00:30:56.62,DB_K12,B_Ks,0.6400,3.4000,5.5800,57.1034,0.4357,0.8756,0.5984,1.3200,1.0700,0.9300,1.0000,0.5353,0.2939,0.4785,,0.0031,0.0032,,3.0667,3.2152,,3.4000,0.6057,0.6875,0.3914,6.7890,6.8670,,7.3244,70,70,-25.2391,2022-06-16_17-27-45,0,,0.0000,interactive,not found,0.0400,0,2,0.4785,3.0667,0.8990,2,0.9282,2,1
HD_95086__2017-05-09__23-56-34,HD_95086,HIP_53524,,HIP_53524,,TYC_9212-4675-1,SAO_251193,HIP 53524_DB_K12_2017-05-09_ird_convert_recenter_dc2022_COBREX_waffles_only_332024,2017-05-09T23:56:34.31,2017-05-09T22:59:18.52,2017-05-10T00:53:48.84,DB_K12,B_Ks,0.8900,3.3000,12.5700,54.9295,0.3980,0.9502,0.5962,1.2700,1.0400,0.9300,1.0000,,,0.8815,,,,,,,,3.2000,0.7253,0.7829,0.6278,6.7890,6.8670,,7.3244,100,100,-36.6013,2022-06-24_22-16-19,0,train,0.0000,interactive,,0.0600,0,2,0.8815,3.3000,0.8353,2,0.8971,2,2
HD_95086__2018-01-06__08-12-47,HD_95086,HIP_53524,,HIP_53524,,TYC_9212-4675-1,SAO_251193,HIP 53524_DB_K12_2018-01-05_ird_convert_recenter_dc2022_COBREX_waffles_only_333041,2018-01-06T08:12:47.27,2018-01-06T07:12:26.71,2018-01-06T09:20:53.07,DB_K12,B_Ks,0.3000,10.1000,3.9800,26.4070,0.2432,0.4575,0.3232,1.0900,0.8900,0.7900,1.0000,0.3675,0.1957,0.2977,,0.0103,0.0116,,10.3262,11.5903,,7.8000,0.8326,0.8594,0.7926,6.7890,6.8670,,7.3244,70,70,-41.0123,2022-06-25_06-12-50,0,test,0.0000,interactive,,0.0400,0,2,0.2977,10.3262,0.9496,2,0.9454,2,2
HD_95086__2018-02-24__05-29-47,HD_95086,HIP_53524,,HIP_53524,,TYC_9212-4675-1,SAO_251193,HIP 53524_DB_K12_2018-02-23_ird_convert_recenter_dc2022_COBREX_333109,2018-02-24T05:29:47.22,2018-02-24T04:37:32.34,2018-02-24T06:22:01.10,DB_K12,B_Ks,0.3800,9.0000,3.2500,26.3216,0.2325,0.5614,0.3577,1.0600,0.8700,0.7900,1.0000,0.4539,0.2585,0.3727,,0.0093,0.0100,,9.2653,9.9505,,6.5000,0.8367,0.8720,0.7927,6.7890,6.8670,,7.3244,64,64,-33.4484,2022-06-25_06-35-59,0,train,0.0000,interactive,,0.0400,0,2,0.3727,9.2653,0.9402,2,0.9413,2,2
HD_95086__2018-03-28__03-45-05,HD_95086,HIP_53524,,HIP_53524,,TYC_9212-4675-1,SAO_251193,HIP 53524_DB_K12_2018-03-27_ird_convert_recenter_dc2022_COBREX_333173,2018-03-28T03:45:05.88,2018-03-28T02:52:51.80,2018-03-28T04:37:19.68,DB_K12,B_Ks,0.5900,9.3000,6.7500,7.8204,0.3978,0.7139,0.5135,1.2000,0.9800,0.8700,1.0000,0.6515,0.4818,0.5962,,0.0090,0.0112,,8.9974,11.2401,,6.4000,0.8228,0.8506,0.7919,6.7890,6.8670,,7.3244,64,64,-33.2863,2022-06-25_06-56-06,0,train,0.0000,interactive,,0.0400,0,2,0.5962,8.9974,0.9082,2,0.9267,2,2
HD_96064__2016-04-21__01-42-09,HD_96064,HIP_54155,,HIP_54155,,TYC_4924-1114-1,SAO_137978,HIP 54155_DB_H23_2016-04-20_ird_convert_recenter_dc2022_COBREX_328507,2016-04-21T01:42:09.18,2016-04-21T01:06:59.82,2016-04-21T02:17:17.75,DB_H23,B_H,1.5700,2.1000,10.4000,17.2489,0.5956,1.4783,0.8962,1.4000,1.3400,1.2600,0.8000,1.5273,0.5980,1.6176,,0.0021,0.0049,,2.0935,4.9322,,1.4000,0.6346,0.7248,0.4187,5.8010,5.9030,,7.4145,64,64,42.8656,2022-06-10_16-03-00,0,train,0.0000,interactive,,0.0300,0,0,1.6176,2.0935,0.6502,1,0.8047,1,0
HD_96064__2017-02-09__07-00-09,HD_96064,HIP_54155,,HIP_54155,,TYC_4924-1114-1,SAO_137978,HIP 54155_DB_H23_2017-02-08_ird_convert_recenter_dc2022_COBREX_waffles_only_329173,2017-02-09T07:00:09.36,2017-02-09T06:12:21.15,2017-02-09T07:42:51.65,DB_H23,B_H,0.4500,5.2000,5.8800,28.8312,0.2227,0.6028,0.3546,0.8200,0.7800,0.7200,1.0000,,,0.4470,,,,,,,,4.0000,0.8262,0.8761,0.6974,5.8010,5.9030,,7.4145,58,58,49.8644,2022-06-13_20-30-38,0,test,0.0000,interactive,,0.0400,0,2,0.4470,5.2000,0.9201,2,0.9312,2,2
HD_96338__2015-02-06__06-28-32,HD_96338,HIP_54231,,HIP_54231,,TYC_8204-2725-1,SAO_222560,HIP 54231_DB_H23_2015-02-05_ird_convert_recenter_dc2022_COBREX_328819,2015-02-06T06:28:32.85,2015-02-06T05:53:11.20,2015-02-06T07:03:53.52,DB_H23,B_H,1.7000,2.0000,9.4300,16.6940,-1.0000,-1.0000,-1.0000,1.3200,1.2500,1.1600,1.2000,,,,1.9016,,,0.0020,,,2.0370,2.1000,-1.0000,-1.0000,-1.0000,6.7690,6.7620,,6.8182,64,64,-39.2406,2022-06-12_17-36-22,0,train,0.0000,interactive,,0.0300,0,0,1.9016,2.0370,0.5919,1,0.7838,0,0
HD_987__2016-10-15__03-30-20,HD_987,HIP_1113,,HIP_1113,,TYC_9140-1231-1,SAO_255646,HIP 1113_DB_H23_2016-10-14_ird_convert_recenter_dc2022_COBREX_329110,2016-10-15T03:30:20.56,2016-10-15T02:39:59.60,2016-10-15T04:21:07.17,DB_H23,B_H,0.7100,2.2000,7.6500,62.1151,-1.0000,-1.0000,-1.0000,1.6600,1.2800,1.0400,1.0000,0.7643,0.5487,0.6978,,0.0022,0.0024,,2.2455,2.3861,,2.3000,-1.0000,-1.0000,-1.0000,6.9620,7.0870,,8.6543,90,90,-29.6775,2022-06-13_14-13-43,0,train,0.0000,interactive,,0.0500,0,1,0.6978,2.2455,0.6968,1,0.8492,1,1
HIP_107345__2015-07-05__07-01-35,HIP_107345,HIP_107345,,HIP_107345,,TYC_9116-1363-1,,HIP 107345_DB_H23_2015-07-04_ird_convert_recenter_dc2022_COBREX_333531,2015-07-05T07:01:35.21,2015-07-05T06:26:25.78,2015-07-05T07:36:42.64,DB_H23,B_H,1.0700,2.0000,11.1500,35.5064,0.3844,0.8782,0.5194,1.1800,1.0300,0.9400,1.4000,,,,1.0803,,,0.0020,,,2.0073,2.1000,0.4890,0.6101,0.2934,7.8740,8.0870,10.7150,10.9401,64,64,-26.0206,2022-06-25_08-03-17,0,train,0.0000,interactive,,0.0400,0,1,1.0803,2.0073,0.2956,0,0.5906,0,1
HIP_112312__2015-10-01__02-04-36,HIP_112312,HIP_112312,,HIP_112312,,TYC_7501-987-1,,HIP 112312_DB_H23_2015-09-30_ird_convert_recenter_dc2022_COBREX_335373,2015-10-01T02:04:36.56,2015-10-01T01:29:00.82,2015-10-01T02:40:11.94,DB_H23,B_H,0.6500,2.3000,4.4000,53.8584,0.2473,0.6546,0.3570,0.8300,0.8200,0.7500,1.0000,,,,0.6528,,,0.0023,,,2.3202,2.2000,0.4929,0.6632,0.1531,6.9320,7.1500,10.9160,10.7450,128,128,-54.7331,2022-06-25_19-48-56,0,test,0.0000,interactive,,0.0600,0,1,0.6528,2.3202,0.3856,0,0.6179,0,1
HIP_113201__2016-09-18__03-41-55,HIP_113201,HIP_113201,,HIP_113201,,TYC_8453-729-1,,HIP 113201_DB_H23_2016-09-17_ird_convert_recenter_dc2022_COBREX_330640,2016-09-18T03:41:55.74,2016-09-18T03:00:45.26,2016-09-18T04:31:40.71,DB_H23,B_H,0.9400,4.2000,10.0700,8.7503,-1.0000,-1.0000,-1.0000,1.2600,1.1700,1.0800,1.0000,0.9472,0.6892,0.9369,,0.0042,0.0089,,4.2488,8.8511,,5.0000,-1.0000,-1.0000,-1.0000,7.4180,7.6600,10.5200,10.6617,144,144,-43.3656,2022-06-17_18-19-44,0,train,0.0000,interactive,,0.0500,0,2,0.9369,4.2488,0.6015,1,0.7302,0,2
HIP_113201__2016-10-15__01-29-53,HIP_113201,HIP_113201,,HIP_113201,,TYC_8453-729-1,,HIP 113201_DB_K12_2016-10-14_ird_convert_recenter_dc2022_COBREX_waffles_only_329113,2016-10-15T01:29:53.38,2016-10-15T00:47:40.33,2016-10-15T02:11:59.22,DB_K12,B_Ks,0.8200,2.8000,6.9300,61.9990,-1.0000,-1.0000,-1.0000,1.2300,1.1400,1.0700,1.0000,0.9006,0.6038,0.8485,,0.0029,0.0031,,2.8747,3.1325,,2.2000,-1.0000,-1.0000,-1.0000,7.4180,7.6600,10.5200,10.6617,64,64,-38.7118,2022-06-13_14-19-49,0,train,0.0000,interactive,,0.0500,0,1,0.8485,2.8747,0.4827,0,0.6951,0,1
HIP_1993__2015-11-29__01-10-02,HIP_1993,HIP_1993,,HIP_1993,,TYC_8841-145-1,,HIP 1993_DB_H23_2015-11-28_ird_convert_recenter_dc2022_COBREX_328524,2015-11-29T01:10:02.42,2015-11-29T00:34:54.25,2015-11-29T01:45:10.39,DB_H23,B_H,1.5700,7.2000,4.3300,29.2278,0.4777,1.4431,0.7683,1.3200,1.1500,1.0800,1.0000,,,,1.5619,,,0.0076,,,7.6140,5.5000,0.6436,0.7465,0.4872,7.7490,7.9430,,10.6898,64,64,-25.7806,2022-06-10_16-18-56,0,train,0.0000,interactive,,0.0400,0,0,1.5619,7.6140,0.5799,1,0.6780,0,0
HIP_23200__2015-09-28__08-50-29,HIP_23200,GJ_182,,HIP_23200,,TYC_85-1075-1,,HIP 23200_DB_H23_2015-09-27_ird_convert_recenter_dc2022_COBREX_335247,2015-09-28T08:50:29.20,2015-09-28T08:15:19.98,2015-09-28T09:25:36.42,DB_H23,B_H,0.9100,25.7000,1.2700,21.5741,0.1965,0.3589,0.2539,0.8200,0.7600,0.7100,1.0000,,,,0.9065,,,0.0226,,,22.5923,42.3000,0.8203,0.8434,0.7964,6.2610,6.4500,9.6030,9.3221,64,64,32.8749,2022-06-25_18-45-04,0,train,0.0000,interactive,,0.0600,1,0,0.9065,22.5923,0.7958,0,0.8009,-1,-1
HIP_23309__2016-01-03__02-49-24,HIP_23309,HIP_23309,,HIP_23309,,TYC_8513-572-1,,HIP 23309_DB_H23_2016-01-02_ird_convert_recenter_dc2022_COBREX_330171,2016-01-03T02:49:24.97,2016-01-03T02:14:14.88,2016-01-03T03:24:33.02,DB_H23,B_H,0.7500,3.1000,1.8500,28.8148,0.2848,0.5678,0.3716,1.0500,0.9500,58.5600,1.0000,,,,0.7467,,,0.0031,,,3.1451,3.1000,0.7637,0.8082,0.6565,6.2440,6.4290,9.8890,9.3773,64,64,-28.9295,2022-06-16_16-42-54,0,train,0.0000,interactive,,0.0400,1,0,0.7467,3.1451,0.7023,0,0.7503,-1,-1
HIP_31878__2016-01-02__04-48-37,HIP_31878,HIP_31878,,HIP_31878,,TYC_8895-225-1,,HIP 31878_DB_H23_2016-01-01_ird_convert_recenter_dc2022_COBREX_331441,2016-01-02T04:48:37.31,2016-01-02T04:13:28.96,2016-01-02T05:23:45.93,DB_H23,B_H,0.9000,2.4000,1.5800,25.7814,0.4262,0.8093,0.5501,1.2500,1.0900,1.0000,1.0000,,,,0.9490,,,0.0024,,,2.4452,1.5000,0.7313,0.7955,0.5752,6.5000,6.6430,9.1100,9.2486,64,64,-26.0551,2022-06-22_15-38-27,0,val,0.0000,interactive,,0.0400,1,0,0.9490,2.4452,0.6666,0,0.8056,-1,-1
HIP_37288__2015-12-01__08-03-25,HIP_37288,HIP_37288,,HIP_37288,,TYC_183-626-1,,HIP 37288_DB_H23_2015-11-30_ird_convert_recenter_dc2022_COBREX_335518,2015-12-01T08:03:25.27,2015-12-01T07:28:15.43,2015-12-01T08:38:31.96,DB_H23,B_H,1.0000,4.9000,6.1000,41.2154,0.4049,1.0898,0.6475,1.2600,1.1700,8.0100,1.0000,,,,0.9961,,,0.0050,,,5.0404,4.9000,0.6751,0.7796,0.5162,5.8720,6.0920,8.6830,8.8982,64,64,32.8472,2022-06-25_21-59-12,0,train,0.0000,interactive,,0.0400,0,2,0.9961,5.0404,0.7772,1,0.8587,1,1
HIP_37288__2017-02-13__03-24-12,HIP_37288,HIP_37288,,HIP_37288,,TYC_183-626-1,,HIP 37288_DB_H23_2017-02-12_ird_convert_recenter_dc2022_COBREX_329564,2017-02-13T03:24:12.17,2017-02-13T02:40:24.56,2017-02-13T04:08:01.12,DB_H23,B_H,0.7500,10.5000,4.7500,36.0664,0.3253,1.4658,0.5771,1.0700,0.9800,0.9100,0.8000,,,0.7582,,,,,,,,10.6000,0.8214,0.8639,0.6723,5.8720,6.0920,8.6830,8.8982,80,80,38.4030,2022-06-16_10-18-41,0,test,0.0000,interactive,,0.0400,0,2,0.7582,10.5000,0.8574,2,0.8895,1,2
HIP_37766__2015-12-26__06-00-18,HIP_37766,GJ_285,,HIP_37766,,TYC_183-2190-1,,HIP 37766_DB_H23_2015-12-25_ird_convert_recenter_dc2022_COBREX_335549,2015-12-26T06:00:18.66,2015-12-26T05:25:09.58,2015-12-26T06:35:26.54,DB_H23,B_H,0.7800,3.3000,8.3500,25.6236,0.2813,0.6004,0.4205,0.9100,0.8400,0.7800,1.0000,,,,0.8077,,,0.0031,,,3.1258,2.9000,0.7585,0.8056,0.6783,5.6980,6.0050,9.9580,9.6922,64,64,32.3445,2022-06-25_22-35-09,0,train,0.0000,interactive,,0.0400,0,2,0.8077,3.1258,0.6867,1,0.7354,0,2
HIP_39826__2017-02-12__03-12-32,HIP_39826,HIP_39826,,HIP_39826,,TYC_1389-170-1,,HIP 39826_DB_H23_2017-02-11_ird_convert_recenter_dc2022_COBREX_335284,2017-02-12T03:12:32.81,2017-02-12T02:34:11.99,2017-02-12T03:50:51.95,DB_H23,B_H,1.1000,5.0000,9.7300,32.9246,0.6850,1.8919,0.9910,1.6700,1.3400,1.1600,1.4000,,,1.1157,,,,,,,,3.5000,0.6943,0.7819,0.4673,6.0820,6.2260,8.7000,8.8436,70,70,23.7213,2022-06-25_18-56-27,0,train,0.0000,interactive,,0.0300,0,1,1.1157,5.0000,0.7523,1,0.8456,1,1
HIP_51317__2016-01-01__08-10-38,HIP_51317,HIP_51317,,HIP_51317,,TYC_246-1068-1,,HIP 51317_DB_H23_2015-12-31_ird_convert_recenter_dc2022_COBREX_331955,2016-01-01T08:10:38.56,2016-01-01T07:35:29.39,2016-01-01T08:45:45.88,DB_H23,B_H,0.7200,3.1000,4.9700,26.1141,0.2323,0.6344,0.3534,0.8000,0.7500,0.6900,1.0000,,,,0.7089,,,0.0031,,,3.1084,3.5000,0.8606,0.8892,0.8030,5.3110,5.6050,8.6170,8.6760,64,64,34.5565,2022-06-24_21-53-31,0,train,0.0000,interactive,,0.0400,0,2,0.7089,3.1084,0.7694,1,0.8713,1,2
HIP_6276__2015-12-02__00-49-59,HIP_6276,HIP_6276,,HIP_6276,,TYC_5276-413-1,SAO_147747,HIP 6276_DB_H23_2015-12-01_ird_convert_recenter_dc2022_COBREX_331423,2015-12-02T00:49:59.30,2015-12-02T00:14:49.35,2015-12-02T01:25:06.36,DB_H23,B_H,1.1000,7.0000,2.3800,24.0370,0.4338,1.1055,0.5980,1.0600,1.0300,0.9600,1.0000,,,,1.1400,,,0.0107,,,10.7334,9.4000,0.7135,0.7768,0.4969,6.5490,6.6540,,8.2344,64,64,50.9651,2022-06-22_15-23-26,0,train,0.0000,interactive,,0.0400,1,0,1.1400,10.7334,0.7935,0,0.8739,-1,-1
HIP_6276__2016-11-17__04-41-07,HIP_6276,HIP_6276,,HIP_6276,,TYC_5276-413-1,SAO_147747,HIP 6276_DB_H23_2016-11-16_ird_convert_recenter_dc2022_COBREX_331040,2016-11-17T04:41:07.27,2016-11-17T03:57:13.02,2016-11-17T05:25:05.76,DB_H23,B_H,2.8600,1.0000,18.6000,37.7142,-1.0000,-1.0000,-1.0000,9.3800,8.1100,2.0300,1.0000,2.6675,1.8690,2.9279,,0.0010,0.0019,,1.0108,1.8642,,0.9000,-1.0000,-1.0000,-1.0000,6.5490,6.6540,,8.2344,80,80,9.1646,2022-06-21_16-05-22,0,,1.0000,interactive,,0.0400,0,0,2.9279,1.0108,0.1606,0,0.5108,0,0
HIP_70890__2016-03-28__06-28-47,HIP_70890,Proxima Centauri,,HIP_70890,,,,HIP 70890_DB_H23_2016-03-27_ird_convert_recenter_dc2022_COBREX_waffles_only_332291,2016-03-28T06:28:47.51,2016-03-28T05:53:29.54,2016-03-28T07:03:47.99,DB_H23,B_H,1.9500,1.6000,9.9500,14.5948,0.6043,2.1736,1.0918,1.6400,1.4200,1.3800,0.8000,,,,1.9855,,,0.0017,,,1.6546,1.5000,0.7009,0.8100,0.4181,4.3840,4.8350,9.4500,8.9847,200,200,-25.5821,2022-06-25_00-12-02,1,,,,,0.0500,0,0,1.9855,1.6546,0.3864,0,0.6371,0,0
HIP_81084__2015-05-11__05-47-39,HIP_81084,HIP_81084,,HIP_81084,,TYC_5631-1007-1,,HIP 81084_DB_H23_2015-05-10_ird_convert_recenter_dc2022_COBREX_332739,2015-05-11T05:47:39.17,2015-05-11T05:12:19.90,2015-05-11T06:22:57.90,DB_H23,B_H,0.5700,5.4000,7.0000,27.2783,-1.0000,-1.0000,-1.0000,0.7400,0.7300,0.6700,1.0000,,,,0.5681,,,0.0054,,,5.4155,5.2000,-1.0000,-1.0000,-1.0000,7.5470,7.7790,10.8400,10.5235,64,64,53.7476,2022-06-25_03-57-03,0,val,0.0000,interactive,,0.0300,0,2,0.5681,5.4155,0.6816,1,0.7232,0,2
HIP_81084__2015-08-04__00-48-47,HIP_81084,HIP81084,,HIP_81084,,TYC_5631-1007-1,,HIP 81084_DB_H23_2015-08-03_ird_convert_recenter_dc2022_COBREX_333562,2015-08-04T00:48:47.15,2015-08-04T00:26:38.55,2015-08-04T01:09:53.31,DB_H23,B_H,0.8900,2.4000,7.4000,37.7633,0.2840,0.5657,0.4259,0.8200,0.8000,0.7000,0.8000,,,,0.8818,,,0.0024,,,2.4320,2.5000,0.7275,0.9731,0.5801,7.5470,7.7790,10.8400,10.5235,31,31,32.5158,2022-06-25_08-08-20,0,,1.0000,"missing reductions, but PACO, cADI finished",,0.0500,0,1,0.8818,2.4320,0.3923,0,0.6241,0,1
HIP_85647__2016-05-31__05-12-56,HIP_85647,HIP_85647,,HIP_85647,,TYC_8354-785-1,,HIP 85647_DB_H23_2016-05-30_ird_convert_recenter_dc2022_COBREX_waffles_only_330209,2016-05-31T05:12:56.66,2016-05-31T04:33:03.00,2016-05-31T05:52:51.12,DB_H23,B_H,1.0500,2.1000,11.7800,57.0931,0.5214,1.5146,0.7644,1.2700,1.1900,1.1200,1.0000,1.0405,0.5042,1.0510,,0.0022,0.0031,,2.2061,3.1381,,1.9000,0.6321,0.7640,0.4041,5.8250,6.0820,8.6750,8.8669,70,70,-37.8670,2022-06-16_17-27-21,1,,,,,0.0400,0,1,1.0510,2.2061,0.6378,1,0.8164,1,1
TYC_1090-543-1__2015-06-06__09-18-00,TYC_1090-543-1,TYC_1090_0543_1,,,,TYC_1090-543-1,,2MASS J20542799+0906066_DB_H23_2015-06-05_ird_convert_recenter_dc2022_COBREX_333019,2015-06-06T09:18:00.55,2015-06-06T08:42:51.51,2015-06-06T09:53:07.72,DB_H23,B_H,1.5200,1.7000,12.5500,23.0968,0.4802,1.4353,0.7742,1.3900,1.2300,2.2200,1.0000,,,,1.5392,,,0.0017,,,1.6612,1.5000,0.6397,0.7760,0.4291,8.8230,8.9050,10.5800,11.2543,64,64,25.8813,2022-06-25_05-27-58,0,train,0.0000,interactive,,0.0300,0,0,1.5392,1.6612,0.1865,0,0.5250,0,0
TYC_1090-543-1__2016-09-17__01-28-31,TYC_1090-543-1,TYC_1090_0543_1,,,,TYC_1090-543-1,,2MASS J20542799+0906066_DB_H23_2016-09-16_ird_convert_recenter_dc2022_COBREX_waffles_only_329725,2016-09-17T01:28:31.80,2016-09-17T00:39:32.57,2016-09-17T02:18:00.43,DB_H23,B_H,0.6200,17.0000,0.7500,14.5220,-1.0000,-1.0000,-1.0000,1.1200,0.9900,0.9400,0.8000,0.7379,0.3610,0.6275,,0.0163,0.0185,,16.3158,18.5416,,29.6000,-1.0000,-1.0000,-1.0000,8.8230,8.9050,10.5800,11.2543,75,75,37.4706,2022-06-16_12-08-49,0,train,0.0000,interactive,,0.1000,1,0,0.6275,16.3158,0.8067,0,0.7876,-1,-1
TYC_1090-543-1__2018-05-13__09-10-02,TYC_1090-543-1,TYC_1090_0543_1,,,,TYC_1090-543-1,,2MASS J20542799+0906066_DB_H23_2018-05-12_ird_convert_recenter_dc2022_COBREX_waffles_only_328672,2018-05-13T09:10:02.00,2018-05-13T08:35:50.41,2018-05-13T09:44:52.32,DB_H23,B_H,0.8800,3.8000,7.3500,35.2358,0.4469,1.0725,0.6470,1.1600,1.0200,0.9700,1.0000,0.8891,0.5348,0.8664,,0.0035,0.0047,,3.5252,4.7276,,4.0000,0.6077,0.7130,0.3920,8.8230,8.9050,10.5800,11.2543,41,41,22.6746,2022-06-10_20-14-06,0,test,0.0000,interactive,,0.0400,0,2,0.8664,3.5252,0.5522,0,0.7110,0,2
TYC_1355-214-1__2015-02-07__03-32-34,TYC_1355-214-1,TYC_1355_214_1,,,,TYC_1355-214-1,,2MASS J07234358+2024588_DB_H23_2015-02-06_ird_convert_recenter_dc2022_COBREX_332502,2015-02-07T03:32:34.94,2015-02-07T02:49:09.67,2015-02-07T04:18:54.68,DB_H23,B_H,1.0400,3.6000,9.0000,16.9448,-1.0000,-1.0000,-1.0000,1.4800,1.1900,1.0600,1.2000,,,,1.1410,,,0.0037,,,3.7191,3.5000,-1.0000,-1.0000,-1.0000,6.8790,7.0320,9.4300,9.5183,76,76,27.2162,2022-06-25_03-04-08,0,train,0.0000,interactive,,0.0300,0,1,1.1410,3.7191,0.6896,1,0.7798,0,1
TYC_1355-214-1__2017-02-10__02-57-36,TYC_1355-214-1,TYC_1355_214_1,,,,TYC_1355-214-1,,BD+20 1790b_DB_H23_2017-02-09_ird_convert_recenter_dc2022_COBREX_333563,2017-02-10T02:57:36.13,2017-02-10T02:13:47.62,2017-02-10T03:41:23.28,DB_H23,B_H,0.5500,9.6000,4.3000,34.4725,0.3990,0.9582,0.5734,1.3700,1.1000,0.9500,1.4000,,,0.5580,,,,,,,,7.0000,0.7019,0.7807,0.4856,6.8790,7.0320,9.4300,9.5183,80,80,27.3001,2022-06-25_08-10-09,0,train,0.0000,interactive,,0.0300,0,2,0.5580,9.6000,0.8523,2,0.8436,1,2
TYC_486-4943-1__2015-05-31__07-41-39,TYC_486-4943-1,TYC 0486 4943 1,,,,TYC_486-4943-1,,2MASS J19330374+0345397_DB_H23_2015-05-30_ird_convert_recenter_dc2022_COBREX_330140,2015-05-31T07:41:39.81,2015-05-31T07:06:33.44,2015-05-31T08:16:47.02,DB_H23,B_H,0.9400,1.3000,5.2800,59.7372,0.3761,0.9235,0.5480,1.1700,1.0800,1.0300,1.0000,,,,1.0142,,,0.0013,,,1.2999,1.2000,0.4536,0.6012,0.1905,8.6560,8.7800,10.7800,10.8049,64,64,32.1260,2022-06-16_16-08-22,0,test,0.0000,interactive,,0.0400,0,1,1.0142,1.2999,0.1128,0,0.4634,0,0
TYC_486-4943-1__2016-05-23__07-56-22,TYC_486-4943-1,TYC_0486_4943_1,,,,TYC_486-4943-1,,2MASS J19330374+0345397_DB_H23_2016-05-22_ird_convert_recenter_dc2022_COBREX_waffles_only_328604,2016-05-23T07:56:22.06,2016-05-23T07:16:25.69,2016-05-23T08:36:18.56,DB_H23,B_H,0.5800,6.0000,8.3000,31.8741,0.2662,0.8617,0.3869,0.9000,0.8300,0.7800,1.2000,0.5931,0.2200,0.5579,,0.0060,0.0110,,5.9705,10.9705,,7.1000,0.4799,0.5495,0.3685,8.6560,8.7800,10.7800,10.8049,70,70,35.9336,2022-06-10_19-55-31,1,,,,not found,0.0300,0,2,0.5579,5.9705,0.7066,1,0.7385,0,2
TYC_5164-567-1__2015-05-15__09-17-27,TYC_5164-567-1,TYC_5164_567_1,,,,TYC_5164-567-1,,2MASS J20044935-0239203_DB_H23_2015-05-14_ird_convert_recenter_dc2022_COBREX_329514,2015-05-15T09:17:27.10,2015-05-15T08:42:05.18,2015-05-15T09:52:46.59,DB_H23,B_H,1.6900,1.6000,11.3000,18.7062,-1.0000,-1.0000,-1.0000,1.1800,1.1200,2.2700,1.0000,,,,1.8073,,,0.0016,,,1.6021,1.8000,-1.0000,-1.0000,-1.0000,7.9210,8.0280,,9.8084,64,64,40.3472,2022-06-16_06-20-07,0,train,0.0000,interactive,,0.0400,0,0,1.8073,1.6021,0.3917,0,0.6182,0,0
TYC_5882-1169-1__2016-09-18__09-13-52,TYC_5882-1169-1,PPM213757,,,,TYC_5882-1169-1,,2MASS J04021648-1521297_DB_H23_2016-09-17_ird_convert_recenter_dc2022_COBREX_330642,2016-09-18T09:13:52.38,2016-09-18T08:30:19.36,2016-09-18T10:05:21.71,DB_H23,B_H,0.8400,4.7000,10.8200,6.5891,-1.0000,-1.0000,-1.0000,1.0400,1.0200,0.9500,1.0000,0.8753,0.7438,0.8003,,0.0049,0.0067,,4.8819,6.6942,,4.7000,-1.0000,-1.0000,-1.0000,7.5730,7.7030,,9.7664,76,76,87.6469,2022-06-17_18-18-03,0,train,0.0000,interactive,,0.0300,0,2,0.8003,4.8819,0.7554,1,0.7769,0,2
TYC_5882-1169-1__2017-11-06__05-14-45,TYC_5882-1169-1,PPM213757,,,,TYC_5882-1169-1,,2MASS J04021648-1521297_DB_H23_2017-11-05_ird_convert_recenter_dc2022_COBREX_332939,2017-11-06T05:14:45.04,2017-11-06T04:35:17.53,2017-11-06T05:54:12.79,DB_H23,B_H,0.5600,9.6000,1.0800,15.1689,0.3111,0.4912,0.3712,0.8300,0.8200,0.7700,1.0000,0.6495,0.2990,0.5623,,0.0098,0.0099,,9.7948,9.9420,,8.0000,0.7831,0.8051,0.7580,7.5730,7.7030,,9.7664,48,48,71.0835,2022-06-25_05-07-05,0,train,3.0000,"edge-on disk, draw rectangular box full diagonal x 30 pix",,0.0400,0,2,0.5623,9.7948,0.8273,2,0.8019,0,2
TYC_5882-1169-1__2018-12-17__03-08-59,TYC_5882-1169-1,PPM213757,,,,TYC_5882-1169-1,,2MASS J04021648-1521297_BB_H_2018-12-16_ird_convert_recenter_dc2022_COBREX_335601,2018-12-17T03:08:59.31,2018-12-17T02:33:47.16,2018-12-17T03:44:11.93,BB_H,B_H,0.5600,6.7000,6.9700,36.1920,0.3819,0.8409,0.5259,1.0100,1.0000,0.9300,1.0000,0.5998,0.3615,0.5604,,0.0066,0.0099,,6.6144,9.8669,,7.0000,0.7319,0.7707,0.6530,7.5730,7.7030,,9.7664,64,64,78.8124,2022-06-26_03-02-02,0,train,3.0000,interactive,,0.0400,0,2,0.5604,6.6144,0.8120,2,0.7983,0,2
TYC_5899-26-1__2016-01-18__01-13-47,TYC_5899-26-1,TYC_5899_0026_1,,,,TYC_5899-26-1,,2MASS J04522441-1649219_DB_H23_2016-01-17_ird_convert_recenter_dc2022_COBREX_332002,2016-01-18T01:13:47.57,2016-01-18T00:32:38.19,2016-01-18T02:06:11.37,DB_H23,B_H,0.8900,3.0000,5.9500,30.0898,0.3239,0.7472,0.4589,0.9200,0.9100,0.8400,1.0000,,,,0.8990,,,0.0030,,,3.0356,2.9000,0.7822,0.8193,0.7084,6.8910,7.1460,11.2370,10.4468,72,72,90.7406,2022-06-24_22-07-12,0,calib,0.0000,interactive,not found,0.0400,0,2,0.8990,3.0356,0.4490,0,0.5851,0,1
TYC_7026-325-1__2016-01-02__00-53-50,TYC_7026-325-1,TYC_7026_0325_1,,,,TYC_7026-325-1,,2MASS J03190864-3507002_DB_H23_2016-01-01_ird_convert_recenter_dc2022_COBREX_331440,2016-01-02T00:53:50.24,2016-01-02T00:18:42.18,2016-01-02T01:28:59.11,DB_H23,B_H,0.7200,4.3000,4.7000,21.8225,0.3068,0.5696,0.4273,0.9800,0.9700,0.9000,1.0000,,,,0.7173,,,0.0043,,,4.2690,4.1000,0.7999,0.8303,0.7601,7.7230,7.9200,,10.4307,64,64,-67.8072,2022-06-22_15-38-25,0,val,0.0000,interactive,,0.0400,0,2,0.7173,4.2690,0.6382,1,0.7580,0,2
TYC_7084-794-1__2015-11-29__06-14-34,TYC_7084-794-1,TYC_7084_0794_1,,,,TYC_7084-794-1,,[CCD97] EUVE J0609-358 1_DB_H23_2015-11-28_ird_convert_recenter_dc2022_COBREX_328525,2015-11-29T06:14:34.12,2015-11-29T05:56:39.26,2015-11-29T06:32:28.48,DB_H23,B_H,0.9800,17.4000,1.5200,30.5682,0.2223,0.4064,0.2795,0.7300,0.7200,0.6600,1.0000,,,,0.9671,,,0.0173,,,17.2638,21.3000,0.7777,0.8229,0.6906,7.0460,7.2800,10.6820,10.2172,32,32,-38.9461,2022-06-10_16-18-16,0,train,0.0000,interactive,,0.0400,1,0,0.9671,17.2638,0.7432,0,0.7477,-1,-1
TYC_7084-794-1__2016-01-19__02-50-22,TYC_7084-794-1,TYC_7084_0794_1,,,,TYC_7084-794-1,,RE J060918-354929_DB_K12_2016-01-18_ird_convert_recenter_dc2022_COBREX_332033,2016-01-19T02:50:22.80,2016-01-19T02:15:15.10,2016-01-19T03:25:31.94,DB_K12,B_Ks,1.1600,2.5000,4.0300,28.7621,0.3777,0.9197,0.5511,1.0300,1.0200,0.9400,1.0000,,,,1.1458,,,0.0025,,,2.5195,2.4000,0.7636,0.8138,0.6775,7.0460,7.2800,10.6820,10.2172,64,64,-70.5898,2022-06-24_22-16-40,0,,0.0000,interactive,not found,0.0400,0,1,1.1458,2.5195,0.3891,0,0.6327,0,1
TYC_7084-794-1__2016-02-19__00-50-46,TYC_7084-794-1,TYC_7084_0794_1,,,,TYC_7084-794-1,,[CCD97] EUVE J0609-358 1_DB_K12_2016-02-18_ird_convert_recenter_dc2022_COBREX_332151,2016-02-19T00:50:46.32,2016-02-19T00:06:34.77,2016-02-19T01:35:37.97,DB_K12,B_Ks,1.0600,3.1000,7.5000,23.3048,0.3900,0.8872,0.5519,1.0200,1.0000,0.9400,1.0000,,,,1.0668,,,0.0031,,,3.0837,3.9000,0.7476,0.7907,0.6751,7.0460,7.2800,10.6820,10.2172,80,80,-85.8966,2022-06-24_23-00-21,0,train,0.0000,interactive,,0.0400,0,1,1.0668,3.0837,0.4753,0,0.6672,0,1
TYC_7084-794-1__2019-03-06__01-35-45,TYC_7084-794-1,CD-35  2722,,,,TYC_7084-794-1,,2MASS J06091922-3549311_DB_H23_2019-03-05_ird_convert_recenter_dc2022_COBREX_waffles_only_335611,2019-03-06T01:35:45.34,2019-03-06T01:19:14.73,2019-03-06T01:52:15.96,DB_H23,B_H,0.7100,10.0000,2.8800,,0.2954,0.6715,0.4335,1.0300,0.9700,0.8800,0.8000,0.6950,0.2790,0.5660,,0.0102,0.0111,,10.2279,11.1119,,13.0000,0.6692,0.7464,0.5983,7.0460,7.2800,10.6820,10.2172,20,20,-10.0294,2022-06-26_03-07-14,0,train,0.0000,interactive,,0.0400,0,2,0.5660,10.2279,0.7801,1,0.7699,0,2
TYC_7183-1477-1__2016-03-30__02-14-07,TYC_7183-1477-1,TWA_6,,,,TYC_7183-1477-1,,2MASS J10182870-3150029_DB_H23_2016-03-29_ird_convert_recenter_dc2022_COBREX_328268,2016-03-30T02:14:07.13,2016-03-30T01:40:17.65,2016-03-30T02:50:35.06,DB_H23,B_H,1.0400,2.5000,4.5800,27.2014,0.3281,1.0443,0.4745,0.9200,0.9100,0.8500,1.4000,,,,1.0512,,,0.0025,,,2.5093,2.9000,0.6266,0.7215,0.4819,8.0420,8.1800,11.3820,10.8450,60,60,-91.8208,2022-06-08_16-01-58,0,train,0.0000,interactive,,0.0400,0,1,1.0512,2.5093,0.3533,0,0.5236,0,1
TYC_7190-2111-1__2015-05-09__23-57-36,TYC_7190-2111-1,TWA_7,,,,TYC_7190-2111-1,,2MASS J10423011-3340162_DB_H23_2015-05-09_ird_convert_recenter_dc2022_COBREX_329187,2015-05-09T23:57:36.52,2015-05-09T23:24:30.89,2015-05-10T00:30:41.14,DB_H23,B_H,1.3100,2.0000,6.3800,31.4723,-1.0000,-1.0000,-1.0000,1.1800,1.1700,1.0900,1.0000,,,,1.2269,,,0.0020,,,1.9829,2.1000,-1.0000,-1.0000,-1.0000,6.8990,7.1250,,10.6424,60,60,-73.9969,2022-06-13_21-01-02,0,train,0.0000,interactive,,0.0500,0,1,1.2269,1.9829,0.2811,0,0.5858,0,1
TYC_7190-2111-1__2017-02-07__06-41-05,TYC_7190-2111-1,CE_ANT,,,,TYC_7190-2111-1,,TWA 7B_DB_H23_2017-02-06_ird_convert_recenter_dc2022_COBREX_333414,2017-02-07T06:41:05.10,2017-02-07T05:55:37.69,2017-02-07T07:28:45.19,DB_H23,B_H,0.6500,4.7000,8.0000,31.3029,0.2195,0.8831,0.3405,0.8500,0.8300,0.7700,1.0000,,,0.5525,,,,,,,,4.2000,0.7372,0.8282,0.5458,6.8990,7.1250,,10.6424,163,163,-90.9373,2022-06-25_07-46-29,0,calib,0.0000,interactive,,0.0400,0,2,0.5525,4.7000,0.6687,1,0.7470,0,2
TYC_7286-248-1__2015-05-13__03-59-04,TYC_7286-248-1,TYC_7286_0248_1,,,,TYC_7286-248-1,,2MASS J14172009-3230469_DB_H23_2015-05-12_ird_convert_recenter_dc2022_COBREX_332818,2015-05-13T03:59:04.36,2015-05-13T03:23:42.38,2015-05-13T04:34:23.92,DB_H23,B_H,1.0500,3.0000,2.3500,28.0271,-1.0000,-1.0000,-1.0000,0.7700,0.7600,0.6900,1.0000,,,,1.0190,,,0.0030,,,2.9633,3.4000,-1.0000,-1.0000,-1.0000,7.7110,7.8550,,10.3703,64,64,-82.4168,2022-06-25_04-21-59,0,train,0.0000,interactive,,0.0400,1,0,1.0190,2.9633,0.4820,0,0.7036,-1,-1
TYC_7443-1102-1__2015-05-04__09-26-47,TYC_7443-1102-1,TYC_7443_1102_1,,,,TYC_7443-1102-1,,2MASS J19560438-3207376_DB_H23_2015-05-03_ird_convert_recenter_dc2022_COBREX_332595,2015-05-04T09:26:47.34,2015-05-04T08:51:25.98,2015-05-04T10:02:05.73,DB_H23,B_H,0.7600,2.0000,3.4800,50.5308,-1.0000,-1.0000,-1.0000,0.9400,0.9300,7.6800,1.2000,,,,0.7500,,,0.0020,,,2.0155,1.7000,-1.0000,-1.0000,-1.0000,7.8460,8.0300,11.1960,10.8316,64,64,-81.5298,2022-06-25_03-31-43,0,calib,0.0000,interactive,not found,0.0500,0,1,0.7500,2.0155,0.2984,0,0.5397,0,1
TYC_7443-1102-1__2015-05-18__08-27-53,TYC_7443-1102-1,J1956,,,,TYC_7443-1102-1,,2MASS J19560438-3207376_DB_H23_2015-05-17_ird_convert_recenter_dc2022_COBREX_332843,2015-05-18T08:27:53.79,2015-05-18T08:18:34.36,2015-05-18T08:37:13.03,DB_H23,B_H,1.0100,4.1000,5.0800,,-1.0000,-1.0000,-1.0000,1.1200,1.1100,0.7600,0.8000,,,,1.0747,,,0.0042,,,4.1623,4.2000,-1.0000,-1.0000,-1.0000,7.8460,8.0300,11.1960,10.8316,16,16,-18.7002,2022-06-25_04-36-45,0,train,0.0000,interactive,,0.0500,0,1,1.0747,4.1623,0.5228,0,0.6087,0,1
TYC_7443-1102-1__2015-06-09__07-33-40,TYC_7443-1102-1,J1956,,,,TYC_7443-1102-1,,++ UC 4054_DB_H23_2015-06-08_ird_convert_recenter_dc2022_COBREX_333134,2015-06-09T07:33:40.64,2015-06-09T07:11:50.46,2015-06-09T07:55:30.31,DB_H23,B_H,0.9000,3.7000,7.1800,,0.2897,0.6804,0.4004,0.8100,0.8100,0.7500,0.8000,,,,0.9012,,,0.0037,,,3.6802,3.8000,0.7315,0.8277,0.6188,7.8460,8.0300,11.1960,10.8316,32,32,-66.5530,2022-06-25_06-41-49,0,train,0.0000,interactive,,0.0500,0,2,0.9012,3.6802,0.5131,0,0.6114,0,2
TYC_7617-549-1__2016-12-13__05-46-04,TYC_7617-549-1,TYC_7617_0549_1,,,,TYC_7617-549-1,,2MASS J06260690-4102538_DB_H23_2016-12-12_ird_convert_recenter_dc2022_COBREX_333312,2016-12-13T05:46:04.64,2016-12-13T05:02:17.40,2016-12-13T06:29:50.16,DB_H23,B_H,0.5900,6.7000,5.9000,19.6020,-1.0000,-1.0000,-1.0000,0.8600,0.8400,0.7800,0.8000,0.6395,0.5354,0.6045,,0.0066,0.0072,,6.5805,7.2263,,6.1000,-1.0000,-1.0000,-1.0000,8.0200,8.1570,,9.8672,80,80,-63.9913,2022-06-25_07-29-53,0,train,0.0000,interactive,,0.0400,0,2,0.6045,6.5805,0.7968,1,0.7810,0,2
TYC_8047-232-1__2015-09-25__06-19-09,TYC_8047-232-1,TYC_8047_0232_1,,,,TYC_8047-232-1,,2MASS J01521461-5219332_DB_H23_2015-09-24_ird_convert_recenter_dc2022_COBREX_333599,2015-09-25T06:19:09.61,2015-09-25T04:48:42.76,2015-09-25T07:51:45.61,DB_H23,B_H,0.9000,4.5000,8.1800,47.3624,0.3732,0.7715,0.5402,1.1400,1.0500,2.5200,1.0000,,,,0.9193,,,0.0045,,,4.4508,4.4000,0.5702,0.6681,0.3856,8.4050,8.5300,10.4200,10.6142,160,160,-81.5414,2022-06-25_08-18-49,0,calib,0.0000,interactive,,0.0600,0,2,0.9193,4.4508,0.6221,1,0.7474,0,2
TYC_8047-232-1__2016-01-17__00-50-17,TYC_8047-232-1,TYC_8047_0232_1,,,,TYC_8047-232-1,,2MASS J01521461-5219332_DB_H23_2016-01-16_ird_convert_recenter_dc2022_COBREX_331969,2016-01-17T00:50:17.06,2016-01-17T00:28:18.86,2016-01-17T01:12:13.89,DB_H23,B_H,1.7700,2.0000,0.8200,24.9591,0.3534,1.1121,0.5122,1.2000,1.0600,0.9700,1.0000,,,,1.7129,,,0.0020,,,1.9876,2.6000,0.7278,0.8212,0.6729,8.4050,8.5300,10.4200,10.6142,40,40,-14.3210,2022-06-24_21-59-10,0,train,0.0000,interactive,,0.0400,1,0,1.7129,1.9876,0.2468,0,0.5682,-1,-1
TYC_8060-1673-1__2015-09-24__08-00-43,TYC_8060-1673-1,TYC_8060_1673_1,,,,TYC_8060-1673-1,SAO_216358,2MASS J03304909-4555573_DB_H23_2015-09-23_ird_convert_recenter_dc2022_COBREX_328651,2015-09-24T08:00:43.04,2015-09-24T07:20:15.01,2015-09-24T08:40:52.34,DB_H23,B_H,1.8800,1.1000,15.2300,59.6949,0.7320,1.8273,1.1308,1.7000,1.6300,1.4400,1.0000,,,,1.9427,,,0.0012,,,1.1613,1.0000,0.2980,0.4592,0.1967,7.1030,7.2510,,9.3807,72,72,-47.9920,2022-06-10_20-08-48,0,train,0.0000,interactive,,0.1000,0,0,1.9427,1.1613,0.2869,0,0.5992,0,0
TYC_8060-1673-1__2015-12-28__01-45-20,TYC_8060-1673-1,TYC_8060_1673_1,,,,TYC_8060-1673-1,SAO_216358,2MASS J03304909-4555573_DB_H23_2015-12-27_ird_convert_recenter_dc2022_COBREX_331594,2015-12-28T01:45:20.48,2015-12-28T01:10:11.42,2015-12-28T02:20:29.04,DB_H23,B_H,0.8900,3.2000,5.6500,23.6337,0.3259,0.8761,0.5344,0.9900,0.9500,0.8800,1.0000,,,,0.8784,,,0.0033,,,3.2591,3.8000,0.7948,0.8299,0.7335,7.1030,7.2510,,9.3807,64,64,-42.1130,2022-06-23_11-53-02,0,train,0.0000,interactive,,0.0400,0,2,0.8784,3.2591,0.7208,1,0.8034,1,2
TYC_8128-1946-1__2015-11-30__07-50-30,TYC_8128-1946-1,TYC_8128_1946_1,,,,TYC_8128-1946-1,,2MASS J07282203-4908377_DB_H23_2015-11-29_ird_convert_recenter_dc2022_COBREX_335494,2015-11-30T07:50:30.80,2015-11-30T07:15:22.41,2015-11-30T08:25:38.83,DB_H23,B_H,1.2800,5.8000,5.4000,34.3887,0.3893,0.7166,0.5246,1.0500,0.9900,0.9300,1.0000,,,,1.2910,,,0.0058,,,5.7904,5.2000,0.6546,0.7091,0.5615,8.0580,8.1320,,9.6395,64,64,-36.7927,2022-06-25_21-32-47,0,train,0.0000,interactive,,0.0400,0,1,1.2910,5.7904,0.6853,1,0.7524,0,0
TYC_8137-2609-1__2015-11-29__07-52-38,TYC_8137-2609-1,TYC_8137_2609_1,,,,TYC_8137-2609-1,,2MASS J07314412-4700012_DB_H23_2015-11-28_ird_convert_recenter_dc2022_COBREX_328526,2015-11-29T07:52:38.11,2015-11-29T07:05:02.92,2015-11-29T08:51:06.72,DB_H23,B_H,0.9500,14.5000,4.2000,31.6185,0.2190,0.4169,0.2858,0.8100,0.7600,0.6900,1.0000,,,,0.8976,,,0.0127,,,12.7365,8.9000,0.6917,0.7717,0.5782,8.5030,8.6740,10.8700,10.7908,80,80,-58.5739,2022-06-10_16-19-27,0,train,0.0000,interactive,,0.0400,0,2,0.8976,12.7365,0.7251,1,0.7196,0,2
TYC_8137-2609-1__2018-01-26__03-25-50,TYC_8137-2609-1,TYC_8137_2609_1,,,,TYC_8137-2609-1,,2MASS J07314412-4700012_DB_H23_2018-01-25_ird_convert_recenter_dc2022_COBREX_waffles_only_333099,2018-01-26T03:25:50.90,2018-01-26T02:46:15.82,2018-01-26T04:05:24.13,DB_H23,B_H,0.9300,3.5000,8.7800,22.7973,0.0498,1.3439,0.6533,2.6600,2.5400,1.4300,1.0000,0.9574,0.4848,0.9305,,0.0035,0.0063,,3.5233,6.3060,,3.8000,0.7426,0.9993,0.5868,8.5030,8.6740,10.8700,10.7908,47,47,-43.0628,2022-06-25_06-30-26,0,train,0.0000,interactive,,0.0400,0,2,0.9305,3.5233,0.5245,0,0.6641,0,2
TYC_8404-354-1__2015-05-09__09-45-09,TYC_8404-354-1,TYC_8404_0354_1,,,,TYC_8404-354-1,,2MASS J20072376-5147272_DB_H23_2015-05-08_ird_convert_recenter_dc2022_COBREX_332687,2015-05-09T09:45:09.45,2015-05-09T09:09:48.26,2015-05-09T10:20:27.20,DB_H23,B_H,0.7200,2.3000,5.0300,46.4405,-1.0000,-1.0000,-1.0000,0.9900,0.9200,0.8900,1.0000,,,,0.7390,,,0.0024,,,2.3663,2.2000,-1.0000,-1.0000,-1.0000,7.3880,7.5650,,10.0533,64,64,-34.2531,2022-06-25_03-49-57,0,train,0.0000,interactive,,0.0400,0,1,0.7390,2.3663,0.4238,0,0.7164,0,1
TYC_8404-354-1__2015-05-30__07-28-42,TYC_8404-354-1,Cd-52 9381,,,,TYC_8404-354-1,,2MASS J20072376-5147272_DB_H23_2015-05-29_ird_convert_recenter_dc2022_COBREX_332870,2015-05-30T07:28:42.36,2015-05-30T06:53:33.61,2015-05-30T08:03:50.75,DB_H23,B_H,0.8800,1.4000,6.9000,59.2433,0.3929,0.7940,0.5208,1.0700,0.9900,0.9300,1.0000,,,,0.9240,,,0.0014,,,1.4122,1.5000,0.5485,0.6629,0.3780,7.3880,7.5650,,10.0533,64,64,-31.0247,2022-06-25_04-46-00,0,train,0.0000,interactive,,0.0300,0,1,0.9240,1.4122,0.1576,0,0.5586,0,0
TYC_8728-2262-1__2015-06-03__05-56-44,TYC_8728-2262-1,TYC_8728_2262_1,,,,TYC_8728-2262-1,SAO_244790,2MASS J17295506-5415487_DB_H23_2015-06-02_ird_convert_recenter_dc2022_COBREX_332933,2015-06-03T05:56:44.13,2015-06-03T05:21:35.18,2015-06-03T06:31:51.29,DB_H23,B_H,0.9900,4.8000,5.6800,15.2486,0.3267,0.8602,0.4766,1.0400,0.9500,0.8800,1.0000,,,,0.9981,,,0.0046,,,4.6494,5.6000,0.8158,0.8486,0.7321,7.3640,7.4620,,9.3241,64,64,-30.7881,2022-06-25_05-06-56,0,val,0.0000,interactive,,0.0300,0,2,0.9981,4.6494,0.7448,1,0.8097,1,1
TYC_8760-1468-1__2015-06-27__05-23-59,TYC_8760-1468-1,TYC_8760_1468_1,,,,TYC_8760-1468-1,,2MASS J19092150-5417073_DB_H23_2015-06-26_ird_convert_recenter_dc2022_COBREX_333187,2015-06-27T05:23:59.57,2015-06-27T04:40:12.75,2015-06-27T06:07:45.87,DB_H23,B_H,0.5800,4.0000,6.0000,29.4995,0.2244,0.4478,0.3030,0.8500,0.7800,0.7400,1.4000,,,,0.5813,,,0.0042,,,4.1844,3.5000,0.7121,0.7881,0.5134,7.6990,7.8500,,9.7085,80,80,-39.3022,2022-06-25_06-56-44,0,train,0.0000,interactive,,0.0400,0,2,0.5813,4.1844,0.7779,1,0.7961,0,2
TYC_8760-1468-1__2018-04-19__09-32-42,TYC_8760-1468-1,TYC_8760_1468_1,,,,TYC_8760-1468-1,,2MASS J19092150-5417073_DB_H23_2018-04-18_ird_convert_recenter_dc2022_COBREX_waffles_only_333408,2018-04-19T09:32:42.70,2018-04-19T08:50:53.09,2018-04-19T10:14:25.89,DB_H23,B_H,0.6400,13.4000,1.5500,19.9639,0.2600,0.8176,0.4001,0.9700,0.8800,0.8500,1.0000,0.7260,0.1703,0.6644,,0.0122,0.0161,,12.1730,16.1021,,15.2000,0.8131,0.8422,0.7603,7.6990,7.8500,,9.7085,50,50,-36.1891,2022-06-25_07-42-07,0,test,0.0000,interactive,,0.0400,0,2,0.6644,12.1730,0.8221,2,0.8044,1,2
TYC_9073-762-1__2015-05-16__07-55-40,TYC_9073-762-1,TYC_9073_0762_1,,,,TYC_9073-762-1,,2MASS J18465255-6210366_DB_H23_2015-05-15_ird_convert_recenter_dc2022_COBREX_332835,2015-05-16T07:55:40.10,2015-05-16T07:20:19.41,2015-05-16T08:30:57.87,DB_H23,B_H,1.3200,1.9000,13.1000,9.5990,-1.0000,-1.0000,-1.0000,1.3300,1.1600,3.5700,1.0000,,,,1.3260,,,0.0019,,,1.9070,1.6000,-1.0000,-1.0000,-1.0000,7.8540,8.0470,11.6120,11.1254,64,64,-25.8808,2022-06-25_04-32-48,0,train,0.0000,interactive,,0.0500,0,1,1.3260,1.9070,0.2141,0,0.4190,0,0
TYC_9340-437-1__2015-10-25__00-30-26,TYC_9340-437-1,TYC_9340_0437_1,,,,TYC_9340-437-1,,2MASS J22424896-7142211_DB_H23_2015-10-24_ird_convert_recenter_dc2022_COBREX_331721,2015-10-25T00:30:26.28,2015-10-24T23:40:53.62,2015-10-25T01:36:43.47,DB_H23,B_H,1.0200,1.4000,9.9500,48.9280,0.4658,1.3406,0.7030,1.5600,1.2300,1.0900,1.4000,,,,1.0074,,,0.0016,,,1.6044,1.6000,0.3508,0.4881,0.1620,6.8940,7.1230,10.4010,9.8217,80,80,-35.3562,2022-06-23_16-37-36,0,train,0.0000,interactive,,0.0300,0,1,1.0074,1.6044,0.2059,0,0.5702,0,1
TYC_9340-437-1__2016-06-27__09-30-54,TYC_9340-437-1,TYC_9340_0437_1,,,,TYC_9340-437-1,,2MASS J22424896-7142211_DB_H23_2016-06-26_ird_convert_recenter_dc2022_COBREX_332786,2016-06-27T09:30:54.66,2016-06-27T08:23:41.56,2016-06-27T10:43:34.91,DB_H23,B_H,0.9200,3.0000,5.9500,30.8759,-1.0000,-1.0000,-1.0000,1.6500,1.3000,1.1600,1.0000,0.9360,0.6220,0.9158,,0.0030,0.0032,,2.9577,3.2112,,4.1000,-1.0000,-1.0000,-1.0000,6.8940,7.1230,10.4010,9.8217,115,115,-42.7163,2022-06-25_04-11-41,0,test,0.0000,interactive,,0.0500,0,2,0.9158,2.9577,0.4922,0,0.7080,0,1
TYC_9482-121-1__2016-06-28__08-13-14,TYC_9482-121-1,TYC_9482_121_1,,,,TYC_9482-121-1,,2MASS J21441434-8031327_DB_H23_2016-06-27_ird_convert_recenter_dc2022_COBREX_328659,2016-06-28T08:13:14.64,2016-06-28T07:42:29.36,2016-06-28T08:43:58.73,DB_H23,B_H,1.8300,1.5000,13.6000,25.5019,-1.0000,-1.0000,-1.0000,2.2600,1.6000,29.1300,1.0000,1.6721,0.5362,1.9083,,0.0015,0.0045,,1.4886,4.5360,,1.4000,-1.0000,-1.0000,-1.0000,6.6520,6.8240,9.9270,9.4869,56,56,-16.6353,2022-06-10_20-12-15,0,train,0.0000,interactive,,0.0500,0,0,1.9083,1.4886,0.3522,0,0.5862,0,0
